award_id,award_name,award_body,category
1, #100mostdiscussedmovieof2001 ,-,-
2, #100mostdiscussedmovieof2002 ,-,-
3, #100mostsharedmovieof2001,-,-
4, #100mostsharedmovieof2002,-,-
5, #100mostsharedmovieof2005,-,-
6, #100mostsharedmovieof2007,-,-
7, #100mostsharedmovieof2008,-,-
8, #100mostsharedmovieof2009,-,-
9, #100mostsharedmovieof2012,-,-
10, #100mostsharedmovieof2014,-,-
11, #100mostsharedmovieof2018,-,-
12, #100mostsharedmovieof2019,-,-
13, #10mostdiscussedmovieof2002 ,-,-
14, #10mostdiscussedmovieof2005,-,-
15, #10mostdiscussedmovieof2008 ,-,-
16, #10mostdiscussedmovieof2014 ,-,-
17, #10mostsharedmovieof2000,-,-
18, #10mostsharedmovieof2001,-,-
19, #10mostsharedmovieof2002,-,-
20, #10mostsharedmovieof2003,-,-
21, #10mostsharedmovieof2004,-,-
22, #10mostsharedmovieof2005,-,-
23, #10mostsharedmovieof2006,-,-
24, #10mostsharedmovieof2007,-,-
25, #10mostsharedmovieof2008,-,-
26, #10mostsharedmovieof2009,-,-
27, #10mostsharedmovieof2010,-,-
28, #10mostsharedmovieof2012,-,-
29, #10mostsharedmovieof2014,-,-
30, #10mostsharedmovieof2018,-,-
31, #10mostsharedmovieof2019,-,-
32, #11mostdiscussedmovieof2001 ,-,-
33, #11mostdiscussedmovieof2002 ,-,-
34, #11mostdiscussedmovieof2005 ,-,-
35, #11mostdiscussedmovieof2009 ,-,-
36, #11mostdiscussedmovieof2011 ,-,-
37, #11mostdiscussedmovieof2012 ,-,-
38, #11mostdiscussedmovieof2014 ,-,-
39, #11mostdiscussedmovieof2016 ,-,-
40, #11mostdiscussedmovieof2019 ,-,-
41, #11mostsharedmovieof2000,-,-
42, #11mostsharedmovieof2001,-,-
43, #11mostsharedmovieof2002,-,-
44, #11mostsharedmovieof2003,-,-
45, #11mostsharedmovieof2004,-,-
46, #11mostsharedmovieof2005,-,-
47, #11mostsharedmovieof2006,-,-
48, #11mostsharedmovieof2007,-,-
49, #11mostsharedmovieof2008,-,-
50, #11mostsharedmovieof2009,-,-
51, #11mostsharedmovieof2010,-,-
52, #11mostsharedmovieof2011,-,-
53, #11mostsharedmovieof2012,-,-
54, #11mostsharedmovieof2013,-,-
55, #11mostsharedmovieof2014,-,-
56, #11mostsharedmovieof2015,-,-
57, #11mostsharedmovieof2017,-,-
58, #11mostsharedmovieof2018,-,-
59, #11mostsharedmovieof2019,-,-
60, #12mostdiscussedmovieof2004 ,-,-
61, #12mostdiscussedmovieof2005 ,-,-
62, #12mostdiscussedmovieof2006 ,-,-
63, #12mostdiscussedmovieof2007 ,-,-
64, #12mostdiscussedmovieof2008 ,-,-
65, #12mostdiscussedmovieof2010 ,-,-
66, #12mostdiscussedmovieof2011 ,-,-
67, #12mostdiscussedmovieof2013 ,-,-
68, #12mostdiscussedmovieof2014 ,-,-
69, #12mostdiscussedmovieof2018 ,-,-
70, #12mostsharedmovieof2000,-,-
71, #12mostsharedmovieof2001,-,-
72, #12mostsharedmovieof2002,-,-
73, #12mostsharedmovieof2003,-,-
74, #12mostsharedmovieof2004,-,-
75, #12mostsharedmovieof2005,-,-
76, #12mostsharedmovieof2007,-,-
77, #12mostsharedmovieof2008,-,-
78, #12mostsharedmovieof2009,-,-
79, #12mostsharedmovieof2010,-,-
80, #12mostsharedmovieof2011,-,-
81, #12mostsharedmovieof2012,-,-
82, #12mostsharedmovieof2013,-,-
83, #12mostsharedmovieof2014,-,-
84, #12mostsharedmovieof2015,-,-
85, #12mostsharedmovieof2016,-,-
86, #12mostsharedmovieof2017,-,-
87, #12mostsharedmovieof2018,-,-
88, #12mostsharedmovieof2019,-,-
89, #13mostdiscussedmovieof2005 ,-,-
90, #13mostdiscussedmovieof2007 ,-,-
91, #13mostdiscussedmovieof2008 ,-,-
92, #13mostdiscussedmovieof2013 ,-,-
93, #13mostdiscussedmovieof2014 ,-,-
94, #13mostsharedmovieof2000,-,-
95, #13mostsharedmovieof2001,-,-
96, #13mostsharedmovieof2002,-,-
97, #13mostsharedmovieof2003,-,-
98, #13mostsharedmovieof2004,-,-
99, #13mostsharedmovieof2005,-,-
100, #13mostsharedmovieof2006,-,-
101, #13mostsharedmovieof2007,-,-
102, #13mostsharedmovieof2008,-,-
103, #13mostsharedmovieof2009,-,-
104, #13mostsharedmovieof2010,-,-
105, #13mostsharedmovieof2011,-,-
106, #13mostsharedmovieof2012,-,-
107, #13mostsharedmovieof2013,-,-
108, #13mostsharedmovieof2014,-,-
109, #13mostsharedmovieof2015,-,-
110, #13mostsharedmovieof2016,-,-
111, #13mostsharedmovieof2017,-,-
112, #13mostsharedmovieof2018,-,-
113, #13mostsharedmovieof2019,-,-
114, #13mostsharedmovieof2020,-,-
115, #14mostdiscussedmovieof2000 ,-,-
116, #14mostdiscussedmovieof2001 ,-,-
117, #14mostdiscussedmovieof2004 ,-,-
118, #14mostdiscussedmovieof2005 ,-,-
119, #14mostdiscussedmovieof2007 ,-,-
120, #14mostdiscussedmovieof2009 ,-,-
121, #14mostdiscussedmovieof2013 ,-,-
122, #14mostdiscussedmovieof2016 ,-,-
123, #14mostdiscussedmovieof2018 ,-,-
124, #14mostdiscussedmovieof2019,-,-
125, #14mostsharedmovieof2000,-,-
126, #14mostsharedmovieof2001,-,-
127, #14mostsharedmovieof2002,-,-
128, #14mostsharedmovieof2004,-,-
129, #14mostsharedmovieof2006,-,-
130, #14mostsharedmovieof2007,-,-
131, #14mostsharedmovieof2008,-,-
132, #14mostsharedmovieof2009,-,-
133, #14mostsharedmovieof2011,-,-
134, #14mostsharedmovieof2012,-,-
135, #14mostsharedmovieof2013,-,-
136, #14mostsharedmovieof2014,-,-
137, #14mostsharedmovieof2015,-,-
138, #14mostsharedmovieof2016,-,-
139, #14mostsharedmovieof2017,-,-
140, #14mostsharedmovieof2018,-,-
141, #14mostsharedmovieof2019,-,-
142, #14mostsharedmovieof2020,-,-
143, #15mostdiscussedmovieof2000 ,-,-
144, #15mostdiscussedmovieof2001 ,-,-
145, #15mostdiscussedmovieof2002 ,-,-
146, #15mostdiscussedmovieof2003 ,-,-
147, #15mostdiscussedmovieof2005 ,-,-
148, #15mostdiscussedmovieof2007 ,-,-
149, #15mostdiscussedmovieof2009 ,-,-
150, #15mostdiscussedmovieof2011 ,-,-
151, #15mostdiscussedmovieof2017 ,-,-
152, #15mostdiscussedmovieof2018 ,-,-
153, #15mostdiscussedmovieof2019 ,-,-
154, #15mostsharedmovieof2000,-,-
155, #15mostsharedmovieof2002,-,-
156, #15mostsharedmovieof2003,-,-
157, #15mostsharedmovieof2005,-,-
158, #15mostsharedmovieof2006,-,-
159, #15mostsharedmovieof2007,-,-
160, #15mostsharedmovieof2008,-,-
161, #15mostsharedmovieof2009,-,-
162, #15mostsharedmovieof2010,-,-
163, #15mostsharedmovieof2011,-,-
164, #15mostsharedmovieof2012,-,-
165, #15mostsharedmovieof2014,-,-
166, #15mostsharedmovieof2015,-,-
167, #15mostsharedmovieof2016,-,-
168, #15mostsharedmovieof2017,-,-
169, #15mostsharedmovieof2018,-,-
170, #16mostdiscussedmovieof2002 ,-,-
171, #16mostdiscussedmovieof2005 ,-,-
172, #16mostdiscussedmovieof2007 ,-,-
173, #16mostdiscussedmovieof2008 ,-,-
174, #16mostdiscussedmovieof2009 ,-,-
175, #16mostdiscussedmovieof2010 ,-,-
176, #16mostdiscussedmovieof2015 ,-,-
177, #16mostdiscussedmovieof2017 ,-,-
178, #16mostsharedmovieof2000,-,-
179, #16mostsharedmovieof2001,-,-
180, #16mostsharedmovieof2002,-,-
181, #16mostsharedmovieof2003,-,-
182, #16mostsharedmovieof2004,-,-
183, #16mostsharedmovieof2006,-,-
184, #16mostsharedmovieof2007,-,-
185, #16mostsharedmovieof2008,-,-
186, #16mostsharedmovieof2009,-,-
187, #16mostsharedmovieof2010,-,-
188, #16mostsharedmovieof2011,-,-
189, #16mostsharedmovieof2012,-,-
190, #16mostsharedmovieof2014,-,-
191, #16mostsharedmovieof2015,-,-
192, #16mostsharedmovieof2016,-,-
193, #16mostsharedmovieof2017,-,-
194, #16mostsharedmovieof2018,-,-
195, #16mostsharedmovieof2019,-,-
196, #16mostsharedmovieof2020,-,-
197, #17mostdiscussedmovieof2000 ,-,-
198, #17mostdiscussedmovieof2002 ,-,-
199, #17mostdiscussedmovieof2005 ,-,-
200, #17mostdiscussedmovieof2007 ,-,-
201, #17mostdiscussedmovieof2013 ,-,-
202, #17mostdiscussedmovieof2015 ,-,-
203, #17mostdiscussedmovieof2016 ,-,-
204, #17mostdiscussedmovieof2018 ,-,-
205, #17mostdiscussedmovieof2019,-,-
206, #17mostsharedmovieof2000,-,-
207, #17mostsharedmovieof2001,-,-
208, #17mostsharedmovieof2002,-,-
209, #17mostsharedmovieof2003,-,-
210, #17mostsharedmovieof2004,-,-
211, #17mostsharedmovieof2005,-,-
212, #17mostsharedmovieof2006,-,-
213, #17mostsharedmovieof2007,-,-
214, #17mostsharedmovieof2008,-,-
215, #17mostsharedmovieof2009,-,-
216, #17mostsharedmovieof2011,-,-
217, #17mostsharedmovieof2012,-,-
218, #17mostsharedmovieof2013,-,-
219, #17mostsharedmovieof2014,-,-
220, #17mostsharedmovieof2016,-,-
221, #17mostsharedmovieof2017,-,-
222, #17mostsharedmovieof2018,-,-
223, #18mostdiscussedmovieof2002 ,-,-
224, #18mostdiscussedmovieof2006 ,-,-
225, #18mostdiscussedmovieof2007 ,-,-
226, #18mostdiscussedmovieof2010 ,-,-
227, #18mostdiscussedmovieof2012 ,-,-
228, #18mostdiscussedmovieof2015 ,-,-
229, #18mostdiscussedmovieof2017 ,-,-
230, #18mostsharedmovieof2002,-,-
231, #18mostsharedmovieof2003,-,-
232, #18mostsharedmovieof2005,-,-
233, #18mostsharedmovieof2006,-,-
234, #18mostsharedmovieof2007,-,-
235, #18mostsharedmovieof2009,-,-
236, #18mostsharedmovieof2010,-,-
237, #18mostsharedmovieof2011,-,-
238, #18mostsharedmovieof2012,-,-
239, #18mostsharedmovieof2014,-,-
240, #18mostsharedmovieof2015,-,-
241, #18mostsharedmovieof2016,-,-
242, #18mostsharedmovieof2017,-,-
243, #18mostsharedmovieof2018,-,-
244, #18mostsharedmovieof2019,-,-
245, #19mostdiscussedmovieof2000 ,-,-
246, #19mostdiscussedmovieof2002 ,-,-
247, #19mostdiscussedmovieof2003 ,-,-
248, #19mostdiscussedmovieof2005 ,-,-
249, #19mostdiscussedmovieof2006 ,-,-
250, #19mostdiscussedmovieof2009 ,-,-
251, #19mostdiscussedmovieof2012 ,-,-
252, #19mostdiscussedmovieof2014 ,-,-
253, #19mostsharedmovieof2000,-,-
254, #19mostsharedmovieof2001,-,-
255, #19mostsharedmovieof2002,-,-
256, #19mostsharedmovieof2005,-,-
257, #19mostsharedmovieof2006,-,-
258, #19mostsharedmovieof2007,-,-
259, #19mostsharedmovieof2008,-,-
260, #19mostsharedmovieof2009,-,-
261, #19mostsharedmovieof2010,-,-
262, #19mostsharedmovieof2012,-,-
263, #19mostsharedmovieof2013,-,-
264, #19mostsharedmovieof2014,-,-
265, #19mostsharedmovieof2015,-,-
266, #19mostsharedmovieof2016,-,-
267, #19mostsharedmovieof2017,-,-
268, #19mostsharedmovieof2018,-,-
269, #19mostsharedmovieof2019,-,-
270, #1mostdiscussedmovieof2001 ,-,-
271, #1mostdiscussedmovieof2002 ,-,-
272, #1mostdiscussedmovieof2003 ,-,-
273, #1mostdiscussedmovieof2004 ,-,-
274, #1mostdiscussedmovieof2005 ,-,-
275, #1mostdiscussedmovieof2006 ,-,-
276, #1mostdiscussedmovieof2007 ,-,-
277, #1mostdiscussedmovieof2008 ,-,-
278, #1mostdiscussedmovieof2009 ,-,-
279, #1mostdiscussedmovieof2010 ,-,-
280, #1mostdiscussedmovieof2011 ,-,-
281, #1mostdiscussedmovieof2012 ,-,-
282, #1mostdiscussedmovieof2015 ,-,-
283, #1mostdiscussedmovieof2017 ,-,-
284, #1mostsharedmovieof2001,-,-
285, #1mostsharedmovieof2002,-,-
286, #1mostsharedmovieof2004,-,-
287, #1mostsharedmovieof2006,-,-
288, #1mostsharedmovieof2007,-,-
289, #1mostsharedmovieof2008,-,-
290, #1mostsharedmovieof2009,-,-
291, #1mostsharedmovieof2010,-,-
292, #1mostsharedmovieof2012,-,-
293, #1mostsharedmovieof2013,-,-
294, #1mostsharedmovieof2014,-,-
295, #1mostsharedmovieof2015,-,-
296, #1mostsharedmovieof2016,-,-
297, #1mostsharedmovieof2017,-,-
298, #1mostsharedmovieof2018,-,-
299, #1mostsharedmovieof2019,-,-
300, #1mostsharedmovieof2020,-,-
301, #1mostsharedmovieof2021,-,-
302, #20mostdiscussedmovieof2001 ,-,-
303, #20mostdiscussedmovieof2002 ,-,-
304, #20mostdiscussedmovieof2003 ,-,-
305, #20mostdiscussedmovieof2005 ,-,-
306, #20mostdiscussedmovieof2007 ,-,-
307, #20mostdiscussedmovieof2010 ,-,-
308, #20mostdiscussedmovieof2011 ,-,-
309, #20mostdiscussedmovieof2012 ,-,-
310, #20mostdiscussedmovieof2014 ,-,-
311, #20mostdiscussedmovieof2017 ,-,-
312, #20mostsharedmovieof2000,-,-
313, #20mostsharedmovieof2001,-,-
314, #20mostsharedmovieof2002,-,-
315, #20mostsharedmovieof2003,-,-
316, #20mostsharedmovieof2004,-,-
317, #20mostsharedmovieof2005,-,-
318, #20mostsharedmovieof2007,-,-
319, #20mostsharedmovieof2008,-,-
320, #20mostsharedmovieof2009,-,-
321, #20mostsharedmovieof2010,-,-
322, #20mostsharedmovieof2011,-,-
323, #20mostsharedmovieof2012,-,-
324, #20mostsharedmovieof2013,-,-
325, #20mostsharedmovieof2014,-,-
326, #20mostsharedmovieof2015,-,-
327, #20mostsharedmovieof2016,-,-
328, #20mostsharedmovieof2017,-,-
329, #20mostsharedmovieof2018,-,-
330, #20mostsharedmovieof2019,-,-
331, #21mostdiscussedmovieof2001 ,-,-
332, #21mostdiscussedmovieof2009 ,-,-
333, #21mostdiscussedmovieof2010 ,-,-
334, #21mostdiscussedmovieof2016 ,-,-
335, #21mostdiscussedmovieof2017 ,-,-
336, #21mostdiscussedmovieof2019,-,-
337, #21mostdiscussedmovieof2020,-,-
338, #21mostsharedmovieof2000,-,-
339, #21mostsharedmovieof2001,-,-
340, #21mostsharedmovieof2002,-,-
341, #21mostsharedmovieof2003,-,-
342, #21mostsharedmovieof2004,-,-
343, #21mostsharedmovieof2005,-,-
344, #21mostsharedmovieof2006,-,-
345, #21mostsharedmovieof2007,-,-
346, #21mostsharedmovieof2008,-,-
347, #21mostsharedmovieof2009,-,-
348, #21mostsharedmovieof2010,-,-
349, #21mostsharedmovieof2011,-,-
350, #21mostsharedmovieof2012,-,-
351, #21mostsharedmovieof2013,-,-
352, #21mostsharedmovieof2014,-,-
353, #21mostsharedmovieof2015,-,-
354, #21mostsharedmovieof2016,-,-
355, #21mostsharedmovieof2017,-,-
356, #21mostsharedmovieof2018,-,-
357, #21mostsharedmovieof2019,-,-
358, #22mostdiscussedmovieof2001 ,-,-
359, #22mostdiscussedmovieof2002 ,-,-
360, #22mostdiscussedmovieof2005 ,-,-
361, #22mostdiscussedmovieof2011 ,-,-
362, #22mostdiscussedmovieof2014 ,-,-
363, #22mostsharedmovieof2000,-,-
364, #22mostsharedmovieof2002,-,-
365, #22mostsharedmovieof2003,-,-
366, #22mostsharedmovieof2004,-,-
367, #22mostsharedmovieof2005,-,-
368, #22mostsharedmovieof2006,-,-
369, #22mostsharedmovieof2007,-,-
370, #22mostsharedmovieof2008,-,-
371, #22mostsharedmovieof2009,-,-
372, #22mostsharedmovieof2010,-,-
373, #22mostsharedmovieof2012,-,-
374, #22mostsharedmovieof2013,-,-
375, #22mostsharedmovieof2014,-,-
376, #22mostsharedmovieof2015,-,-
377, #22mostsharedmovieof2016,-,-
378, #22mostsharedmovieof2017,-,-
379, #22mostsharedmovieof2018,-,-
380, #22mostsharedmovieof2019,-,-
381, #23mostdiscussedmovieof2005 ,-,-
382, #23mostdiscussedmovieof2007 ,-,-
383, #23mostdiscussedmovieof2012 ,-,-
384, #23mostdiscussedmovieof2016 ,-,-
385, #23mostdiscussedmovieof2018 ,-,-
386, #23mostdiscussedmovieof2019 ,-,-
387, #23mostdiscussedmovieof2020,-,-
388, #23mostsharedmovieof2001,-,-
389, #23mostsharedmovieof2002,-,-
390, #23mostsharedmovieof2003,-,-
391, #23mostsharedmovieof2005,-,-
392, #23mostsharedmovieof2006,-,-
393, #23mostsharedmovieof2009,-,-
394, #23mostsharedmovieof2010,-,-
395, #23mostsharedmovieof2011,-,-
396, #23mostsharedmovieof2012,-,-
397, #23mostsharedmovieof2013,-,-
398, #23mostsharedmovieof2014,-,-
399, #23mostsharedmovieof2015,-,-
400, #23mostsharedmovieof2016,-,-
401, #23mostsharedmovieof2017,-,-
402, #23mostsharedmovieof2018,-,-
403, #23mostsharedmovieof2019,-,-
404, #24mostdiscussedmovieof2000 ,-,-
405, #24mostdiscussedmovieof2015 ,-,-
406, #24mostdiscussedmovieof2016 ,-,-
407, #24mostdiscussedmovieof2017 ,-,-
408, #24mostdiscussedmovieof2018 ,-,-
409, #24mostdiscussedmovieof2021,-,-
410, #24mostsharedmovieof2000,-,-
411, #24mostsharedmovieof2001,-,-
412, #24mostsharedmovieof2002,-,-
413, #24mostsharedmovieof2003,-,-
414, #24mostsharedmovieof2004,-,-
415, #24mostsharedmovieof2005,-,-
416, #24mostsharedmovieof2006,-,-
417, #24mostsharedmovieof2007,-,-
418, #24mostsharedmovieof2008,-,-
419, #24mostsharedmovieof2009,-,-
420, #24mostsharedmovieof2010,-,-
421, #24mostsharedmovieof2011,-,-
422, #24mostsharedmovieof2012,-,-
423, #24mostsharedmovieof2013,-,-
424, #24mostsharedmovieof2014,-,-
425, #24mostsharedmovieof2015,-,-
426, #24mostsharedmovieof2016,-,-
427, #24mostsharedmovieof2017,-,-
428, #24mostsharedmovieof2018,-,-
429, #25mostdiscussedmovieof2006 ,-,-
430, #25mostdiscussedmovieof2007 ,-,-
431, #25mostdiscussedmovieof2008 ,-,-
432, #25mostdiscussedmovieof2011 ,-,-
433, #25mostdiscussedmovieof2012 ,-,-
434, #25mostdiscussedmovieof2014 ,-,-
435, #25mostdiscussedmovieof2020,-,-
436, #25mostsharedmovieof2000,-,-
437, #25mostsharedmovieof2001,-,-
438, #25mostsharedmovieof2002,-,-
439, #25mostsharedmovieof2003,-,-
440, #25mostsharedmovieof2004,-,-
441, #25mostsharedmovieof2005,-,-
442, #25mostsharedmovieof2007,-,-
443, #25mostsharedmovieof2009,-,-
444, #25mostsharedmovieof2010,-,-
445, #25mostsharedmovieof2011,-,-
446, #25mostsharedmovieof2013,-,-
447, #25mostsharedmovieof2014,-,-
448, #25mostsharedmovieof2015,-,-
449, #25mostsharedmovieof2016,-,-
450, #25mostsharedmovieof2017,-,-
451, #25mostsharedmovieof2018,-,-
452, #25mostsharedmovieof2019,-,-
453, #26mostdiscussedmovieof2007 ,-,-
454, #26mostdiscussedmovieof2010 ,-,-
455, #26mostdiscussedmovieof2011 ,-,-
456, #26mostdiscussedmovieof2015 ,-,-
457, #26mostdiscussedmovieof2016 ,-,-
458, #26mostdiscussedmovieof2017 ,-,-
459, #26mostsharedmovieof2000,-,-
460, #26mostsharedmovieof2001,-,-
461, #26mostsharedmovieof2002,-,-
462, #26mostsharedmovieof2004,-,-
463, #26mostsharedmovieof2005,-,-
464, #26mostsharedmovieof2007,-,-
465, #26mostsharedmovieof2008,-,-
466, #26mostsharedmovieof2009,-,-
467, #26mostsharedmovieof2010,-,-
468, #26mostsharedmovieof2011,-,-
469, #26mostsharedmovieof2012,-,-
470, #26mostsharedmovieof2013,-,-
471, #26mostsharedmovieof2014,-,-
472, #26mostsharedmovieof2015,-,-
473, #26mostsharedmovieof2016,-,-
474, #26mostsharedmovieof2017,-,-
475, #26mostsharedmovieof2018,-,-
476, #26mostsharedmovieof2019,-,-
477, #27mostdiscussedmovieof2001 ,-,-
478, #27mostdiscussedmovieof2004 ,-,-
479, #27mostdiscussedmovieof2006 ,-,-
480, #27mostdiscussedmovieof2007 ,-,-
481, #27mostdiscussedmovieof2008 ,-,-
482, #27mostdiscussedmovieof2009 ,-,-
483, #27mostdiscussedmovieof2012 ,-,-
484, #27mostdiscussedmovieof2018 ,-,-
485, #27mostsharedmovieof2000,-,-
486, #27mostsharedmovieof2001,-,-
487, #27mostsharedmovieof2002,-,-
488, #27mostsharedmovieof2003,-,-
489, #27mostsharedmovieof2004,-,-
490, #27mostsharedmovieof2005,-,-
491, #27mostsharedmovieof2006,-,-
492, #27mostsharedmovieof2007,-,-
493, #27mostsharedmovieof2008,-,-
494, #27mostsharedmovieof2009,-,-
495, #27mostsharedmovieof2010,-,-
496, #27mostsharedmovieof2011,-,-
497, #27mostsharedmovieof2012,-,-
498, #27mostsharedmovieof2014,-,-
499, #27mostsharedmovieof2015,-,-
500, #27mostsharedmovieof2016,-,-
501, #27mostsharedmovieof2017,-,-
502, #27mostsharedmovieof2018,-,-
503, #27mostsharedmovieof2019,-,-
504, #28mostdiscussedmovieof2003 ,-,-
505, #28mostdiscussedmovieof2005,-,-
506, #28mostdiscussedmovieof2007 ,-,-
507, #28mostdiscussedmovieof2011 ,-,-
508, #28mostdiscussedmovieof2014 ,-,-
509, #28mostdiscussedmovieof2015 ,-,-
510, #28mostdiscussedmovieof2020,-,-
511, #28mostsharedmovieof2000,-,-
512, #28mostsharedmovieof2001,-,-
513, #28mostsharedmovieof2002,-,-
514, #28mostsharedmovieof2003,-,-
515, #28mostsharedmovieof2004,-,-
516, #28mostsharedmovieof2005,-,-
517, #28mostsharedmovieof2006,-,-
518, #28mostsharedmovieof2007,-,-
519, #28mostsharedmovieof2008,-,-
520, #28mostsharedmovieof2010,-,-
521, #28mostsharedmovieof2011,-,-
522, #28mostsharedmovieof2012,-,-
523, #28mostsharedmovieof2013,-,-
524, #28mostsharedmovieof2015,-,-
525, #28mostsharedmovieof2016,-,-
526, #28mostsharedmovieof2017,-,-
527, #28mostsharedmovieof2018,-,-
528, #28mostsharedmovieof2019,-,-
529, #29mostdiscussedmovieof2004 ,-,-
530, #29mostdiscussedmovieof2005 ,-,-
531, #29mostdiscussedmovieof2007 ,-,-
532, #29mostdiscussedmovieof2010 ,-,-
533, #29mostsharedmovieof2000,-,-
534, #29mostsharedmovieof2001,-,-
535, #29mostsharedmovieof2002,-,-
536, #29mostsharedmovieof2003,-,-
537, #29mostsharedmovieof2004,-,-
538, #29mostsharedmovieof2005,-,-
539, #29mostsharedmovieof2006,-,-
540, #29mostsharedmovieof2007,-,-
541, #29mostsharedmovieof2009,-,-
542, #29mostsharedmovieof2010,-,-
543, #29mostsharedmovieof2011,-,-
544, #29mostsharedmovieof2012,-,-
545, #29mostsharedmovieof2013,-,-
546, #29mostsharedmovieof2014,-,-
547, #29mostsharedmovieof2015,-,-
548, #29mostsharedmovieof2016,-,-
549, #29mostsharedmovieof2017,-,-
550, #29mostsharedmovieof2018,-,-
551, #29mostsharedmovieof2019,-,-
552, #2mostdiscussedmovieof2004 ,-,-
553, #2mostdiscussedmovieof2005 ,-,-
554, #2mostdiscussedmovieof2006 ,-,-
555, #2mostdiscussedmovieof2008 ,-,-
556, #2mostdiscussedmovieof2010 ,-,-
557, #2mostdiscussedmovieof2011 ,-,-
558, #2mostdiscussedmovieof2013 ,-,-
559, #2mostdiscussedmovieof2014 ,-,-
560, #2mostdiscussedmovieof2015 ,-,-
561, #2mostdiscussedmovieof2018 ,-,-
562, #2mostdiscussedmovieof2020,-,-
563, #2mostsharedmovieof2000,-,-
564, #2mostsharedmovieof2002,-,-
565, #2mostsharedmovieof2003,-,-
566, #2mostsharedmovieof2005,-,-
567, #2mostsharedmovieof2006,-,-
568, #2mostsharedmovieof2007,-,-
569, #2mostsharedmovieof2009,-,-
570, #2mostsharedmovieof2010,-,-
571, #2mostsharedmovieof2011,-,-
572, #2mostsharedmovieof2012,-,-
573, #2mostsharedmovieof2013,-,-
574, #2mostsharedmovieof2014,-,-
575, #2mostsharedmovieof2015,-,-
576, #2mostsharedmovieof2016,-,-
577, #2mostsharedmovieof2017,-,-
578, #2mostsharedmovieof2018,-,-
579, #2mostsharedmovieof2019,-,-
580, #2mostsharedmovieof2020,-,-
581, #30mostdiscussedmovieof2002 ,-,-
582, #30mostdiscussedmovieof2004 ,-,-
583, #30mostdiscussedmovieof2006,-,-
584, #30mostdiscussedmovieof2008 ,-,-
585, #30mostdiscussedmovieof2017 ,-,-
586, #30mostsharedmovieof2000,-,-
587, #30mostsharedmovieof2002,-,-
588, #30mostsharedmovieof2003,-,-
589, #30mostsharedmovieof2004,-,-
590, #30mostsharedmovieof2006,-,-
591, #30mostsharedmovieof2007,-,-
592, #30mostsharedmovieof2009,-,-
593, #30mostsharedmovieof2010,-,-
594, #30mostsharedmovieof2011,-,-
595, #30mostsharedmovieof2012,-,-
596, #30mostsharedmovieof2014,-,-
597, #30mostsharedmovieof2015,-,-
598, #30mostsharedmovieof2016,-,-
599, #30mostsharedmovieof2017,-,-
600, #30mostsharedmovieof2018,-,-
601, #31mostdiscussedmovieof2005 ,-,-
602, #31mostdiscussedmovieof2013 ,-,-
603, #31mostsharedmovieof2000,-,-
604, #31mostsharedmovieof2001,-,-
605, #31mostsharedmovieof2002,-,-
606, #31mostsharedmovieof2004,-,-
607, #31mostsharedmovieof2006,-,-
608, #31mostsharedmovieof2007,-,-
609, #31mostsharedmovieof2008,-,-
610, #31mostsharedmovieof2009,-,-
611, #31mostsharedmovieof2011,-,-
612, #31mostsharedmovieof2012,-,-
613, #31mostsharedmovieof2013,-,-
614, #31mostsharedmovieof2016,-,-
615, #31mostsharedmovieof2017,-,-
616, #31mostsharedmovieof2018,-,-
617, #31mostsharedmovieof2019,-,-
618, #32mostdiscussedmovieof2005 ,-,-
619, #32mostdiscussedmovieof2008 ,-,-
620, #32mostdiscussedmovieof2015 ,-,-
621, #32mostdiscussedmovieof2021,-,-
622, #32mostsharedmovieof2000,-,-
623, #32mostsharedmovieof2001,-,-
624, #32mostsharedmovieof2002,-,-
625, #32mostsharedmovieof2003,-,-
626, #32mostsharedmovieof2004,-,-
627, #32mostsharedmovieof2006,-,-
628, #32mostsharedmovieof2007,-,-
629, #32mostsharedmovieof2009,-,-
630, #32mostsharedmovieof2010,-,-
631, #32mostsharedmovieof2011,-,-
632, #32mostsharedmovieof2012,-,-
633, #32mostsharedmovieof2013,-,-
634, #32mostsharedmovieof2015,-,-
635, #32mostsharedmovieof2016,-,-
636, #32mostsharedmovieof2017,-,-
637, #32mostsharedmovieof2018,-,-
638, #32mostsharedmovieof2019,-,-
639, #33mostdiscussedmovieof2003 ,-,-
640, #33mostdiscussedmovieof2009 ,-,-
641, #33mostdiscussedmovieof2010 ,-,-
642, #33mostdiscussedmovieof2013 ,-,-
643, #33mostdiscussedmovieof2015 ,-,-
644, #33mostdiscussedmovieof2016 ,-,-
645, #33mostdiscussedmovieof2018,-,-
646, #33mostdiscussedmovieof2019,-,-
647, #33mostsharedmovieof2000,-,-
648, #33mostsharedmovieof2002,-,-
649, #33mostsharedmovieof2003,-,-
650, #33mostsharedmovieof2004,-,-
651, #33mostsharedmovieof2006,-,-
652, #33mostsharedmovieof2007,-,-
653, #33mostsharedmovieof2008,-,-
654, #33mostsharedmovieof2009,-,-
655, #33mostsharedmovieof2010,-,-
656, #33mostsharedmovieof2011,-,-
657, #33mostsharedmovieof2013,-,-
658, #33mostsharedmovieof2015,-,-
659, #33mostsharedmovieof2016,-,-
660, #33mostsharedmovieof2017,-,-
661, #33mostsharedmovieof2018,-,-
662, #33mostsharedmovieof2019,-,-
663, #34mostdiscussedmovieof2004 ,-,-
664, #34mostdiscussedmovieof2014 ,-,-
665, #34mostdiscussedmovieof2016 ,-,-
666, #34mostdiscussedmovieof2020,-,-
667, #34mostsharedmovieof2000,-,-
668, #34mostsharedmovieof2001,-,-
669, #34mostsharedmovieof2002,-,-
670, #34mostsharedmovieof2004,-,-
671, #34mostsharedmovieof2005,-,-
672, #34mostsharedmovieof2007,-,-
673, #34mostsharedmovieof2008,-,-
674, #34mostsharedmovieof2009,-,-
675, #34mostsharedmovieof2010,-,-
676, #34mostsharedmovieof2011,-,-
677, #34mostsharedmovieof2012,-,-
678, #34mostsharedmovieof2013,-,-
679, #34mostsharedmovieof2015,-,-
680, #34mostsharedmovieof2016,-,-
681, #34mostsharedmovieof2017,-,-
682, #34mostsharedmovieof2018,-,-
683, #34mostsharedmovieof2019,-,-
684, #35mostdiscussedmovieof2002 ,-,-
685, #35mostdiscussedmovieof2004 ,-,-
686, #35mostdiscussedmovieof2005,-,-
687, #35mostdiscussedmovieof2006 ,-,-
688, #35mostdiscussedmovieof2007 ,-,-
689, #35mostdiscussedmovieof2011 ,-,-
690, #35mostdiscussedmovieof2019,-,-
691, #35mostsharedmovieof2000,-,-
692, #35mostsharedmovieof2001,-,-
693, #35mostsharedmovieof2003,-,-
694, #35mostsharedmovieof2004,-,-
695, #35mostsharedmovieof2005,-,-
696, #35mostsharedmovieof2006,-,-
697, #35mostsharedmovieof2007,-,-
698, #35mostsharedmovieof2008,-,-
699, #35mostsharedmovieof2009,-,-
700, #35mostsharedmovieof2010,-,-
701, #35mostsharedmovieof2011,-,-
702, #35mostsharedmovieof2012,-,-
703, #35mostsharedmovieof2013,-,-
704, #35mostsharedmovieof2014,-,-
705, #35mostsharedmovieof2015,-,-
706, #35mostsharedmovieof2017,-,-
707, #35mostsharedmovieof2018,-,-
708, #35mostsharedmovieof2019,-,-
709, #36mostdiscussedmovieof2001 ,-,-
710, #36mostdiscussedmovieof2002 ,-,-
711, #36mostdiscussedmovieof2007,-,-
712, #36mostdiscussedmovieof2011,-,-
713, #36mostdiscussedmovieof2016 ,-,-
714, #36mostdiscussedmovieof2018 ,-,-
715, #36mostdiscussedmovieof2019,-,-
716, #36mostsharedmovieof2001,-,-
717, #36mostsharedmovieof2002,-,-
718, #36mostsharedmovieof2003,-,-
719, #36mostsharedmovieof2004,-,-
720, #36mostsharedmovieof2005,-,-
721, #36mostsharedmovieof2006,-,-
722, #36mostsharedmovieof2007,-,-
723, #36mostsharedmovieof2008,-,-
724, #36mostsharedmovieof2009,-,-
725, #36mostsharedmovieof2010,-,-
726, #36mostsharedmovieof2011,-,-
727, #36mostsharedmovieof2012,-,-
728, #36mostsharedmovieof2013,-,-
729, #36mostsharedmovieof2014,-,-
730, #36mostsharedmovieof2015,-,-
731, #36mostsharedmovieof2016,-,-
732, #36mostsharedmovieof2017,-,-
733, #36mostsharedmovieof2018,-,-
734, #36mostsharedmovieof2019,-,-
735, #37mostdiscussedmovieof2001 ,-,-
736, #37mostdiscussedmovieof2003,-,-
737, #37mostdiscussedmovieof2006,-,-
738, #37mostdiscussedmovieof2011 ,-,-
739, #37mostdiscussedmovieof2012 ,-,-
740, #37mostdiscussedmovieof2014 ,-,-
741, #37mostsharedmovieof2000,-,-
742, #37mostsharedmovieof2001,-,-
743, #37mostsharedmovieof2003,-,-
744, #37mostsharedmovieof2004,-,-
745, #37mostsharedmovieof2005,-,-
746, #37mostsharedmovieof2006,-,-
747, #37mostsharedmovieof2007,-,-
748, #37mostsharedmovieof2008,-,-
749, #37mostsharedmovieof2009,-,-
750, #37mostsharedmovieof2011,-,-
751, #37mostsharedmovieof2012,-,-
752, #37mostsharedmovieof2013,-,-
753, #37mostsharedmovieof2014,-,-
754, #37mostsharedmovieof2015,-,-
755, #37mostsharedmovieof2016,-,-
756, #37mostsharedmovieof2017,-,-
757, #37mostsharedmovieof2018,-,-
758, #37mostsharedmovieof2019,-,-
759, #38mostdiscussedmovieof2001 ,-,-
760, #38mostdiscussedmovieof2005,-,-
761, #38mostdiscussedmovieof2008 ,-,-
762, #38mostdiscussedmovieof2013 ,-,-
763, #38mostsharedmovieof2000,-,-
764, #38mostsharedmovieof2001,-,-
765, #38mostsharedmovieof2002,-,-
766, #38mostsharedmovieof2004,-,-
767, #38mostsharedmovieof2006,-,-
768, #38mostsharedmovieof2007,-,-
769, #38mostsharedmovieof2008,-,-
770, #38mostsharedmovieof2009,-,-
771, #38mostsharedmovieof2010,-,-
772, #38mostsharedmovieof2011,-,-
773, #38mostsharedmovieof2013,-,-
774, #38mostsharedmovieof2014,-,-
775, #38mostsharedmovieof2015,-,-
776, #38mostsharedmovieof2016,-,-
777, #38mostsharedmovieof2017,-,-
778, #38mostsharedmovieof2019,-,-
779, #39mostdiscussedmovieof2007,-,-
780, #39mostdiscussedmovieof2009 ,-,-
781, #39mostdiscussedmovieof2019 ,-,-
782, #39mostsharedmovieof2000,-,-
783, #39mostsharedmovieof2001,-,-
784, #39mostsharedmovieof2002,-,-
785, #39mostsharedmovieof2003,-,-
786, #39mostsharedmovieof2004,-,-
787, #39mostsharedmovieof2005,-,-
788, #39mostsharedmovieof2006,-,-
789, #39mostsharedmovieof2007,-,-
790, #39mostsharedmovieof2008,-,-
791, #39mostsharedmovieof2009,-,-
792, #39mostsharedmovieof2012,-,-
793, #39mostsharedmovieof2013,-,-
794, #39mostsharedmovieof2014,-,-
795, #39mostsharedmovieof2015,-,-
796, #39mostsharedmovieof2016,-,-
797, #39mostsharedmovieof2017,-,-
798, #39mostsharedmovieof2018,-,-
799, #3mostdiscussedmovieof2001 ,-,-
800, #3mostdiscussedmovieof2002 ,-,-
801, #3mostdiscussedmovieof2004 ,-,-
802, #3mostdiscussedmovieof2006 ,-,-
803, #3mostdiscussedmovieof2007 ,-,-
804, #3mostdiscussedmovieof2010 ,-,-
805, #3mostsharedmovieof2000,-,-
806, #3mostsharedmovieof2001,-,-
807, #3mostsharedmovieof2002,-,-
808, #3mostsharedmovieof2004,-,-
809, #3mostsharedmovieof2006,-,-
810, #3mostsharedmovieof2007,-,-
811, #3mostsharedmovieof2008,-,-
812, #3mostsharedmovieof2009,-,-
813, #3mostsharedmovieof2010,-,-
814, #3mostsharedmovieof2011,-,-
815, #3mostsharedmovieof2012,-,-
816, #3mostsharedmovieof2013,-,-
817, #3mostsharedmovieof2014,-,-
818, #3mostsharedmovieof2015,-,-
819, #3mostsharedmovieof2016,-,-
820, #3mostsharedmovieof2017,-,-
821, #3mostsharedmovieof2018,-,-
822, #3mostsharedmovieof2019,-,-
823, #3mostsharedmovieof2021,-,-
824, #40mostdiscussedmovieof2003 ,-,-
825, #40mostdiscussedmovieof2010 ,-,-
826, #40mostdiscussedmovieof2017 ,-,-
827, #40mostdiscussedmovieof2020,-,-
828, #40mostsharedmovieof2000,-,-
829, #40mostsharedmovieof2001,-,-
830, #40mostsharedmovieof2002,-,-
831, #40mostsharedmovieof2003,-,-
832, #40mostsharedmovieof2004,-,-
833, #40mostsharedmovieof2005,-,-
834, #40mostsharedmovieof2006,-,-
835, #40mostsharedmovieof2007,-,-
836, #40mostsharedmovieof2008,-,-
837, #40mostsharedmovieof2009,-,-
838, #40mostsharedmovieof2010,-,-
839, #40mostsharedmovieof2011,-,-
840, #40mostsharedmovieof2012,-,-
841, #40mostsharedmovieof2014,-,-
842, #40mostsharedmovieof2015,-,-
843, #40mostsharedmovieof2016,-,-
844, #40mostsharedmovieof2017,-,-
845, #40mostsharedmovieof2019,-,-
846, #41mostdiscussedmovieof2000 ,-,-
847, #41mostdiscussedmovieof2007 ,-,-
848, #41mostdiscussedmovieof2010 ,-,-
849, #41mostdiscussedmovieof2015 ,-,-
850, #41mostsharedmovieof2000,-,-
851, #41mostsharedmovieof2001,-,-
852, #41mostsharedmovieof2002,-,-
853, #41mostsharedmovieof2003,-,-
854, #41mostsharedmovieof2004,-,-
855, #41mostsharedmovieof2005,-,-
856, #41mostsharedmovieof2009,-,-
857, #41mostsharedmovieof2010,-,-
858, #41mostsharedmovieof2011,-,-
859, #41mostsharedmovieof2012,-,-
860, #41mostsharedmovieof2013,-,-
861, #41mostsharedmovieof2014,-,-
862, #41mostsharedmovieof2015,-,-
863, #41mostsharedmovieof2016,-,-
864, #41mostsharedmovieof2017,-,-
865, #41mostsharedmovieof2018,-,-
866, #42mostdiscussedmovieof2004 ,-,-
867, #42mostdiscussedmovieof2005,-,-
868, #42mostdiscussedmovieof2007 ,-,-
869, #42mostdiscussedmovieof2009 ,-,-
870, #42mostdiscussedmovieof2015 ,-,-
871, #42mostsharedmovieof2000,-,-
872, #42mostsharedmovieof2001,-,-
873, #42mostsharedmovieof2002,-,-
874, #42mostsharedmovieof2003,-,-
875, #42mostsharedmovieof2005,-,-
876, #42mostsharedmovieof2006,-,-
877, #42mostsharedmovieof2008,-,-
878, #42mostsharedmovieof2010,-,-
879, #42mostsharedmovieof2011,-,-
880, #42mostsharedmovieof2012,-,-
881, #42mostsharedmovieof2013,-,-
882, #42mostsharedmovieof2014,-,-
883, #42mostsharedmovieof2015,-,-
884, #42mostsharedmovieof2016,-,-
885, #42mostsharedmovieof2017,-,-
886, #42mostsharedmovieof2018,-,-
887, #42mostsharedmovieof2019,-,-
888, #43mostdiscussedmovieof2003 ,-,-
889, #43mostdiscussedmovieof2015 ,-,-
890, #43mostdiscussedmovieof2020,-,-
891, #43mostdiscussedmovieof2021,-,-
892, #43mostsharedmovieof2000,-,-
893, #43mostsharedmovieof2001,-,-
894, #43mostsharedmovieof2002,-,-
895, #43mostsharedmovieof2003,-,-
896, #43mostsharedmovieof2004,-,-
897, #43mostsharedmovieof2005,-,-
898, #43mostsharedmovieof2008,-,-
899, #43mostsharedmovieof2009,-,-
900, #43mostsharedmovieof2010,-,-
901, #43mostsharedmovieof2011,-,-
902, #43mostsharedmovieof2013,-,-
903, #43mostsharedmovieof2014,-,-
904, #43mostsharedmovieof2015,-,-
905, #43mostsharedmovieof2016,-,-
906, #43mostsharedmovieof2017,-,-
907, #43mostsharedmovieof2018,-,-
908, #44mostdiscussedmovieof2007,-,-
909, #44mostdiscussedmovieof2008 ,-,-
910, #44mostdiscussedmovieof2017 ,-,-
911, #44mostdiscussedmovieof2018 ,-,-
912, #44mostdiscussedmovieof2020,-,-
913, #44mostsharedmovieof2000,-,-
914, #44mostsharedmovieof2001,-,-
915, #44mostsharedmovieof2002,-,-
916, #44mostsharedmovieof2003,-,-
917, #44mostsharedmovieof2004,-,-
918, #44mostsharedmovieof2005,-,-
919, #44mostsharedmovieof2007,-,-
920, #44mostsharedmovieof2008,-,-
921, #44mostsharedmovieof2011,-,-
922, #44mostsharedmovieof2012,-,-
923, #44mostsharedmovieof2013,-,-
924, #44mostsharedmovieof2014,-,-
925, #44mostsharedmovieof2015,-,-
926, #44mostsharedmovieof2016,-,-
927, #44mostsharedmovieof2017,-,-
928, #44mostsharedmovieof2018,-,-
929, #45mostdiscussedmovieof2000 ,-,-
930, #45mostdiscussedmovieof2003 ,-,-
931, #45mostdiscussedmovieof2005 ,-,-
932, #45mostdiscussedmovieof2007 ,-,-
933, #45mostdiscussedmovieof2010 ,-,-
934, #45mostdiscussedmovieof2011 ,-,-
935, #45mostdiscussedmovieof2021,-,-
936, #45mostsharedmovieof2000,-,-
937, #45mostsharedmovieof2002,-,-
938, #45mostsharedmovieof2003,-,-
939, #45mostsharedmovieof2004,-,-
940, #45mostsharedmovieof2005,-,-
941, #45mostsharedmovieof2006,-,-
942, #45mostsharedmovieof2007,-,-
943, #45mostsharedmovieof2010,-,-
944, #45mostsharedmovieof2011,-,-
945, #45mostsharedmovieof2012,-,-
946, #45mostsharedmovieof2013,-,-
947, #45mostsharedmovieof2014,-,-
948, #45mostsharedmovieof2015,-,-
949, #45mostsharedmovieof2016,-,-
950, #45mostsharedmovieof2017,-,-
951, #45mostsharedmovieof2018,-,-
952, #46mostsharedmovieof2003,-,-
953, #46mostsharedmovieof2004,-,-
954, #46mostsharedmovieof2005,-,-
955, #46mostsharedmovieof2008,-,-
956, #46mostsharedmovieof2009,-,-
957, #46mostsharedmovieof2010,-,-
958, #46mostsharedmovieof2011,-,-
959, #46mostsharedmovieof2012,-,-
960, #46mostsharedmovieof2013,-,-
961, #46mostsharedmovieof2014,-,-
962, #46mostsharedmovieof2015,-,-
963, #46mostsharedmovieof2016,-,-
964, #46mostsharedmovieof2017,-,-
965, #46mostsharedmovieof2019,-,-
966, #47mostdiscussedmovieof2000 ,-,-
967, #47mostdiscussedmovieof2012 ,-,-
968, #47mostdiscussedmovieof2019,-,-
969, #47mostdiscussedmovieof2020,-,-
970, #47mostsharedmovieof2000,-,-
971, #47mostsharedmovieof2001,-,-
972, #47mostsharedmovieof2003,-,-
973, #47mostsharedmovieof2004,-,-
974, #47mostsharedmovieof2005,-,-
975, #47mostsharedmovieof2006,-,-
976, #47mostsharedmovieof2008,-,-
977, #47mostsharedmovieof2009,-,-
978, #47mostsharedmovieof2010,-,-
979, #47mostsharedmovieof2011,-,-
980, #47mostsharedmovieof2014,-,-
981, #47mostsharedmovieof2015,-,-
982, #47mostsharedmovieof2016,-,-
983, #47mostsharedmovieof2017,-,-
984, #48mostdiscussedmovieof2001 ,-,-
985, #48mostdiscussedmovieof2002 ,-,-
986, #48mostdiscussedmovieof2011,-,-
987, #48mostdiscussedmovieof2017 ,-,-
988, #48mostdiscussedmovieof2019,-,-
989, #48mostsharedmovieof2001,-,-
990, #48mostsharedmovieof2002,-,-
991, #48mostsharedmovieof2003,-,-
992, #48mostsharedmovieof2007,-,-
993, #48mostsharedmovieof2008,-,-
994, #48mostsharedmovieof2009,-,-
995, #48mostsharedmovieof2010,-,-
996, #48mostsharedmovieof2012,-,-
997, #48mostsharedmovieof2013,-,-
998, #48mostsharedmovieof2014,-,-
999, #48mostsharedmovieof2015,-,-
1000, #48mostsharedmovieof2016,-,-
1001, #48mostsharedmovieof2017,-,-
1002, #48mostsharedmovieof2019,-,-
1003, #49mostdiscussedmovieof2012 ,-,-
1004, #49mostdiscussedmovieof2017 ,-,-
1005, #49mostdiscussedmovieof2020,-,-
1006, #49mostsharedmovieof2000,-,-
1007, #49mostsharedmovieof2001,-,-
1008, #49mostsharedmovieof2003,-,-
1009, #49mostsharedmovieof2004,-,-
1010, #49mostsharedmovieof2006,-,-
1011, #49mostsharedmovieof2008,-,-
1012, #49mostsharedmovieof2009,-,-
1013, #49mostsharedmovieof2010,-,-
1014, #49mostsharedmovieof2012,-,-
1015, #49mostsharedmovieof2013,-,-
1016, #49mostsharedmovieof2014,-,-
1017, #49mostsharedmovieof2016,-,-
1018, #49mostsharedmovieof2017,-,-
1019, #49mostsharedmovieof2019,-,-
1020, #4mostdiscussedmovieof2001 ,-,-
1021, #4mostdiscussedmovieof2002 ,-,-
1022, #4mostdiscussedmovieof2003 ,-,-
1023, #4mostdiscussedmovieof2006 ,-,-
1024, #4mostdiscussedmovieof2008 ,-,-
1025, #4mostdiscussedmovieof2009 ,-,-
1026, #4mostsharedmovieof2002,-,-
1027, #4mostsharedmovieof2003,-,-
1028, #4mostsharedmovieof2004,-,-
1029, #4mostsharedmovieof2006,-,-
1030, #4mostsharedmovieof2007,-,-
1031, #4mostsharedmovieof2009,-,-
1032, #4mostsharedmovieof2010,-,-
1033, #4mostsharedmovieof2011,-,-
1034, #4mostsharedmovieof2012,-,-
1035, #4mostsharedmovieof2013,-,-
1036, #4mostsharedmovieof2014,-,-
1037, #4mostsharedmovieof2015,-,-
1038, #4mostsharedmovieof2017,-,-
1039, #4mostsharedmovieof2018,-,-
1040, #4mostsharedmovieof2019,-,-
1041, #4mostsharedmovieof2020,-,-
1042, #50mostdiscussedmovieof2001 ,-,-
1043, #50mostdiscussedmovieof2004 ,-,-
1044, #50mostdiscussedmovieof2007 ,-,-
1045, #50mostdiscussedmovieof2010 ,-,-
1046, #50mostdiscussedmovieof2018 ,-,-
1047, #50mostdiscussedmovieof2021,-,-
1048, #50mostsharedmovieof2000,-,-
1049, #50mostsharedmovieof2002,-,-
1050, #50mostsharedmovieof2003,-,-
1051, #50mostsharedmovieof2004,-,-
1052, #50mostsharedmovieof2005,-,-
1053, #50mostsharedmovieof2006,-,-
1054, #50mostsharedmovieof2007,-,-
1055, #50mostsharedmovieof2008,-,-
1056, #50mostsharedmovieof2010,-,-
1057, #50mostsharedmovieof2011,-,-
1058, #50mostsharedmovieof2012,-,-
1059, #50mostsharedmovieof2013,-,-
1060, #50mostsharedmovieof2014,-,-
1061, #50mostsharedmovieof2015,-,-
1062, #50mostsharedmovieof2016,-,-
1063, #50mostsharedmovieof2017,-,-
1064, #50mostsharedmovieof2018,-,-
1065, #50mostsharedmovieof2019,-,-
1066, #51mostdiscussedmovieof2001 ,-,-
1067, #51mostdiscussedmovieof2003 ,-,-
1068, #51mostdiscussedmovieof2006 ,-,-
1069, #51mostdiscussedmovieof2014 ,-,-
1070, #51mostdiscussedmovieof2015 ,-,-
1071, #51mostdiscussedmovieof2020,-,-
1072, #51mostsharedmovieof2000,-,-
1073, #51mostsharedmovieof2001,-,-
1074, #51mostsharedmovieof2002,-,-
1075, #51mostsharedmovieof2004,-,-
1076, #51mostsharedmovieof2005,-,-
1077, #51mostsharedmovieof2006,-,-
1078, #51mostsharedmovieof2007,-,-
1079, #51mostsharedmovieof2008,-,-
1080, #51mostsharedmovieof2009,-,-
1081, #51mostsharedmovieof2011,-,-
1082, #51mostsharedmovieof2012,-,-
1083, #51mostsharedmovieof2013,-,-
1084, #51mostsharedmovieof2014,-,-
1085, #51mostsharedmovieof2016,-,-
1086, #51mostsharedmovieof2017,-,-
1087, #51mostsharedmovieof2018,-,-
1088, #52mostdiscussedmovieof2000 ,-,-
1089, #52mostdiscussedmovieof2001 ,-,-
1090, #52mostdiscussedmovieof2003,-,-
1091, #52mostdiscussedmovieof2008 ,-,-
1092, #52mostsharedmovieof2000,-,-
1093, #52mostsharedmovieof2002,-,-
1094, #52mostsharedmovieof2003,-,-
1095, #52mostsharedmovieof2004,-,-
1096, #52mostsharedmovieof2005,-,-
1097, #52mostsharedmovieof2006,-,-
1098, #52mostsharedmovieof2007,-,-
1099, #52mostsharedmovieof2009,-,-
1100, #52mostsharedmovieof2010,-,-
1101, #52mostsharedmovieof2011,-,-
1102, #52mostsharedmovieof2012,-,-
1103, #52mostsharedmovieof2013,-,-
1104, #52mostsharedmovieof2014,-,-
1105, #52mostsharedmovieof2015,-,-
1106, #52mostsharedmovieof2016,-,-
1107, #52mostsharedmovieof2017,-,-
1108, #52mostsharedmovieof2019,-,-
1109, #53mostdiscussedmovieof2005,-,-
1110, #53mostdiscussedmovieof2008 ,-,-
1111, #53mostsharedmovieof2000,-,-
1112, #53mostsharedmovieof2001,-,-
1113, #53mostsharedmovieof2002,-,-
1114, #53mostsharedmovieof2003,-,-
1115, #53mostsharedmovieof2004,-,-
1116, #53mostsharedmovieof2005,-,-
1117, #53mostsharedmovieof2007,-,-
1118, #53mostsharedmovieof2008,-,-
1119, #53mostsharedmovieof2010,-,-
1120, #53mostsharedmovieof2011,-,-
1121, #53mostsharedmovieof2012,-,-
1122, #53mostsharedmovieof2013,-,-
1123, #53mostsharedmovieof2014,-,-
1124, #53mostsharedmovieof2015,-,-
1125, #53mostsharedmovieof2016,-,-
1126, #53mostsharedmovieof2017,-,-
1127, #53mostsharedmovieof2018,-,-
1128, #53mostsharedmovieof2019,-,-
1129, #54mostdiscussedmovieof2002 ,-,-
1130, #54mostdiscussedmovieof2005 ,-,-
1131, #54mostdiscussedmovieof2013 ,-,-
1132, #54mostsharedmovieof2000,-,-
1133, #54mostsharedmovieof2001,-,-
1134, #54mostsharedmovieof2003,-,-
1135, #54mostsharedmovieof2005,-,-
1136, #54mostsharedmovieof2006,-,-
1137, #54mostsharedmovieof2007,-,-
1138, #54mostsharedmovieof2008,-,-
1139, #54mostsharedmovieof2009,-,-
1140, #54mostsharedmovieof2010,-,-
1141, #54mostsharedmovieof2011,-,-
1142, #54mostsharedmovieof2012,-,-
1143, #54mostsharedmovieof2013,-,-
1144, #54mostsharedmovieof2014,-,-
1145, #54mostsharedmovieof2015,-,-
1146, #54mostsharedmovieof2016,-,-
1147, #54mostsharedmovieof2017,-,-
1148, #54mostsharedmovieof2018,-,-
1149, #55mostdiscussedmovieof2000 ,-,-
1150, #55mostdiscussedmovieof2003 ,-,-
1151, #55mostdiscussedmovieof2006 ,-,-
1152, #55mostdiscussedmovieof2010 ,-,-
1153, #55mostdiscussedmovieof2014 ,-,-
1154, #55mostdiscussedmovieof2018 ,-,-
1155, #55mostdiscussedmovieof2021,-,-
1156, #55mostsharedmovieof2000,-,-
1157, #55mostsharedmovieof2001,-,-
1158, #55mostsharedmovieof2002,-,-
1159, #55mostsharedmovieof2003,-,-
1160, #55mostsharedmovieof2004,-,-
1161, #55mostsharedmovieof2005,-,-
1162, #55mostsharedmovieof2006,-,-
1163, #55mostsharedmovieof2007,-,-
1164, #55mostsharedmovieof2008,-,-
1165, #55mostsharedmovieof2009,-,-
1166, #55mostsharedmovieof2010,-,-
1167, #55mostsharedmovieof2012,-,-
1168, #55mostsharedmovieof2013,-,-
1169, #55mostsharedmovieof2015,-,-
1170, #55mostsharedmovieof2016,-,-
1171, #55mostsharedmovieof2017,-,-
1172, #55mostsharedmovieof2018,-,-
1173, #56mostdiscussedmovieof2008 ,-,-
1174, #56mostsharedmovieof2000,-,-
1175, #56mostsharedmovieof2001,-,-
1176, #56mostsharedmovieof2002,-,-
1177, #56mostsharedmovieof2003,-,-
1178, #56mostsharedmovieof2004,-,-
1179, #56mostsharedmovieof2006,-,-
1180, #56mostsharedmovieof2011,-,-
1181, #56mostsharedmovieof2012,-,-
1182, #56mostsharedmovieof2013,-,-
1183, #56mostsharedmovieof2014,-,-
1184, #56mostsharedmovieof2015,-,-
1185, #56mostsharedmovieof2017,-,-
1186, #56mostsharedmovieof2018,-,-
1187, #56mostsharedmovieof2019,-,-
1188, #57mostdiscussedmovieof2009,-,-
1189, #57mostdiscussedmovieof2011 ,-,-
1190, #57mostdiscussedmovieof2014 ,-,-
1191, #57mostdiscussedmovieof2018 ,-,-
1192, #57mostdiscussedmovieof2021,-,-
1193, #57mostsharedmovieof2000,-,-
1194, #57mostsharedmovieof2001,-,-
1195, #57mostsharedmovieof2002,-,-
1196, #57mostsharedmovieof2003,-,-
1197, #57mostsharedmovieof2004,-,-
1198, #57mostsharedmovieof2005,-,-
1199, #57mostsharedmovieof2006,-,-
1200, #57mostsharedmovieof2007,-,-
1201, #57mostsharedmovieof2009,-,-
1202, #57mostsharedmovieof2011,-,-
1203, #57mostsharedmovieof2012,-,-
1204, #57mostsharedmovieof2013,-,-
1205, #57mostsharedmovieof2014,-,-
1206, #57mostsharedmovieof2015,-,-
1207, #57mostsharedmovieof2016,-,-
1208, #57mostsharedmovieof2017,-,-
1209, #58mostdiscussedmovieof2000 ,-,-
1210, #58mostdiscussedmovieof2005,-,-
1211, #58mostdiscussedmovieof2007 ,-,-
1212, #58mostdiscussedmovieof2013 ,-,-
1213, #58mostsharedmovieof2000,-,-
1214, #58mostsharedmovieof2001,-,-
1215, #58mostsharedmovieof2002,-,-
1216, #58mostsharedmovieof2005,-,-
1217, #58mostsharedmovieof2007,-,-
1218, #58mostsharedmovieof2008,-,-
1219, #58mostsharedmovieof2009,-,-
1220, #58mostsharedmovieof2010,-,-
1221, #58mostsharedmovieof2013,-,-
1222, #58mostsharedmovieof2014,-,-
1223, #58mostsharedmovieof2015,-,-
1224, #58mostsharedmovieof2016,-,-
1225, #58mostsharedmovieof2017,-,-
1226, #58mostsharedmovieof2018,-,-
1227, #59mostdiscussedmovieof2000 ,-,-
1228, #59mostdiscussedmovieof2003,-,-
1229, #59mostdiscussedmovieof2006 ,-,-
1230, #59mostdiscussedmovieof2008,-,-
1231, #59mostdiscussedmovieof2009 ,-,-
1232, #59mostdiscussedmovieof2010,-,-
1233, #59mostdiscussedmovieof2012,-,-
1234, #59mostdiscussedmovieof2018 ,-,-
1235, #59mostdiscussedmovieof2019,-,-
1236, #59mostdiscussedmovieof2021,-,-
1237, #59mostsharedmovieof2000,-,-
1238, #59mostsharedmovieof2002,-,-
1239, #59mostsharedmovieof2003,-,-
1240, #59mostsharedmovieof2004,-,-
1241, #59mostsharedmovieof2005,-,-
1242, #59mostsharedmovieof2006,-,-
1243, #59mostsharedmovieof2007,-,-
1244, #59mostsharedmovieof2008,-,-
1245, #59mostsharedmovieof2009,-,-
1246, #59mostsharedmovieof2010,-,-
1247, #59mostsharedmovieof2013,-,-
1248, #59mostsharedmovieof2014,-,-
1249, #59mostsharedmovieof2015,-,-
1250, #59mostsharedmovieof2016,-,-
1251, #59mostsharedmovieof2017,-,-
1252, #59mostsharedmovieof2019,-,-
1253, #5mostdiscussedmovieof2003 ,-,-
1254, #5mostdiscussedmovieof2004 ,-,-
1255, #5mostdiscussedmovieof2005 ,-,-
1256, #5mostdiscussedmovieof2009 ,-,-
1257, #5mostdiscussedmovieof2015 ,-,-
1258, #5mostdiscussedmovieof2017 ,-,-
1259, #5mostdiscussedmovieof2018 ,-,-
1260, #5mostsharedmovieof2000,-,-
1261, #5mostsharedmovieof2001,-,-
1262, #5mostsharedmovieof2003,-,-
1263, #5mostsharedmovieof2004,-,-
1264, #5mostsharedmovieof2005,-,-
1265, #5mostsharedmovieof2007,-,-
1266, #5mostsharedmovieof2008,-,-
1267, #5mostsharedmovieof2009,-,-
1268, #5mostsharedmovieof2010,-,-
1269, #5mostsharedmovieof2011,-,-
1270, #5mostsharedmovieof2012,-,-
1271, #5mostsharedmovieof2013,-,-
1272, #5mostsharedmovieof2014,-,-
1273, #5mostsharedmovieof2015,-,-
1274, #5mostsharedmovieof2017,-,-
1275, #5mostsharedmovieof2018,-,-
1276, #5mostsharedmovieof2019,-,-
1277, #5mostsharedmovieof2020,-,-
1278, #60mostdiscussedmovieof2003 ,-,-
1279, #60mostdiscussedmovieof2006 ,-,-
1280, #60mostdiscussedmovieof2013,-,-
1281, #60mostdiscussedmovieof2017 ,-,-
1282, #60mostdiscussedmovieof2018,-,-
1283, #60mostsharedmovieof2000,-,-
1284, #60mostsharedmovieof2001,-,-
1285, #60mostsharedmovieof2003,-,-
1286, #60mostsharedmovieof2004,-,-
1287, #60mostsharedmovieof2005,-,-
1288, #60mostsharedmovieof2006,-,-
1289, #60mostsharedmovieof2007,-,-
1290, #60mostsharedmovieof2009,-,-
1291, #60mostsharedmovieof2010,-,-
1292, #60mostsharedmovieof2011,-,-
1293, #60mostsharedmovieof2013,-,-
1294, #60mostsharedmovieof2014,-,-
1295, #60mostsharedmovieof2016,-,-
1296, #60mostsharedmovieof2017,-,-
1297, #60mostsharedmovieof2018,-,-
1298, #61mostdiscussedmovieof2002 ,-,-
1299, #61mostdiscussedmovieof2014,-,-
1300, #61mostsharedmovieof2000,-,-
1301, #61mostsharedmovieof2001,-,-
1302, #61mostsharedmovieof2003,-,-
1303, #61mostsharedmovieof2005,-,-
1304, #61mostsharedmovieof2007,-,-
1305, #61mostsharedmovieof2008,-,-
1306, #61mostsharedmovieof2009,-,-
1307, #61mostsharedmovieof2012,-,-
1308, #61mostsharedmovieof2014,-,-
1309, #61mostsharedmovieof2015,-,-
1310, #61mostsharedmovieof2016,-,-
1311, #61mostsharedmovieof2017,-,-
1312, #61mostsharedmovieof2018,-,-
1313, #62mostdiscussedmovieof2006 ,-,-
1314, #62mostsharedmovieof2000,-,-
1315, #62mostsharedmovieof2002,-,-
1316, #62mostsharedmovieof2003,-,-
1317, #62mostsharedmovieof2004,-,-
1318, #62mostsharedmovieof2006,-,-
1319, #62mostsharedmovieof2008,-,-
1320, #62mostsharedmovieof2011,-,-
1321, #62mostsharedmovieof2012,-,-
1322, #62mostsharedmovieof2013,-,-
1323, #62mostsharedmovieof2014,-,-
1324, #62mostsharedmovieof2015,-,-
1325, #63mostdiscussedmovieof2003 ,-,-
1326, #63mostdiscussedmovieof2005,-,-
1327, #63mostdiscussedmovieof2020,-,-
1328, #63mostsharedmovieof2001,-,-
1329, #63mostsharedmovieof2002,-,-
1330, #63mostsharedmovieof2003,-,-
1331, #63mostsharedmovieof2004,-,-
1332, #63mostsharedmovieof2005,-,-
1333, #63mostsharedmovieof2006,-,-
1334, #63mostsharedmovieof2007,-,-
1335, #63mostsharedmovieof2008,-,-
1336, #63mostsharedmovieof2010,-,-
1337, #63mostsharedmovieof2011,-,-
1338, #63mostsharedmovieof2012,-,-
1339, #63mostsharedmovieof2013,-,-
1340, #63mostsharedmovieof2014,-,-
1341, #63mostsharedmovieof2015,-,-
1342, #63mostsharedmovieof2016,-,-
1343, #63mostsharedmovieof2017,-,-
1344, #63mostsharedmovieof2018,-,-
1345, #64mostdiscussedmovieof2006,-,-
1346, #64mostdiscussedmovieof2016 ,-,-
1347, #64mostdiscussedmovieof2017 ,-,-
1348, #64mostdiscussedmovieof2021,-,-
1349, #64mostsharedmovieof2000,-,-
1350, #64mostsharedmovieof2001,-,-
1351, #64mostsharedmovieof2002,-,-
1352, #64mostsharedmovieof2003,-,-
1353, #64mostsharedmovieof2004,-,-
1354, #64mostsharedmovieof2008,-,-
1355, #64mostsharedmovieof2009,-,-
1356, #64mostsharedmovieof2011,-,-
1357, #64mostsharedmovieof2012,-,-
1358, #64mostsharedmovieof2014,-,-
1359, #64mostsharedmovieof2016,-,-
1360, #64mostsharedmovieof2017,-,-
1361, #64mostsharedmovieof2018,-,-
1362, #65mostdiscussedmovieof2000 ,-,-
1363, #65mostdiscussedmovieof2005,-,-
1364, #65mostdiscussedmovieof2013 ,-,-
1365, #65mostsharedmovieof2001,-,-
1366, #65mostsharedmovieof2002,-,-
1367, #65mostsharedmovieof2003,-,-
1368, #65mostsharedmovieof2004,-,-
1369, #65mostsharedmovieof2006,-,-
1370, #65mostsharedmovieof2007,-,-
1371, #65mostsharedmovieof2008,-,-
1372, #65mostsharedmovieof2009,-,-
1373, #65mostsharedmovieof2011,-,-
1374, #65mostsharedmovieof2012,-,-
1375, #65mostsharedmovieof2013,-,-
1376, #65mostsharedmovieof2014,-,-
1377, #65mostsharedmovieof2015,-,-
1378, #65mostsharedmovieof2016,-,-
1379, #65mostsharedmovieof2017,-,-
1380, #65mostsharedmovieof2018,-,-
1381, #65mostsharedmovieof2019,-,-
1382, #66mostdiscussedmovieof2000 ,-,-
1383, #66mostdiscussedmovieof2004,-,-
1384, #66mostdiscussedmovieof2006,-,-
1385, #66mostdiscussedmovieof2014 ,-,-
1386, #66mostdiscussedmovieof2015,-,-
1387, #66mostdiscussedmovieof2017 ,-,-
1388, #66mostsharedmovieof2001,-,-
1389, #66mostsharedmovieof2005,-,-
1390, #66mostsharedmovieof2006,-,-
1391, #66mostsharedmovieof2007,-,-
1392, #66mostsharedmovieof2008,-,-
1393, #66mostsharedmovieof2010,-,-
1394, #66mostsharedmovieof2012,-,-
1395, #66mostsharedmovieof2013,-,-
1396, #66mostsharedmovieof2014,-,-
1397, #66mostsharedmovieof2015,-,-
1398, #66mostsharedmovieof2016,-,-
1399, #66mostsharedmovieof2017,-,-
1400, #67mostdiscussedmovieof2000,-,-
1401, #67mostdiscussedmovieof2005 ,-,-
1402, #67mostdiscussedmovieof2006 ,-,-
1403, #67mostdiscussedmovieof2007,-,-
1404, #67mostdiscussedmovieof2008,-,-
1405, #67mostdiscussedmovieof2015 ,-,-
1406, #67mostdiscussedmovieof2018 ,-,-
1407, #67mostsharedmovieof2000,-,-
1408, #67mostsharedmovieof2001,-,-
1409, #67mostsharedmovieof2002,-,-
1410, #67mostsharedmovieof2003,-,-
1411, #67mostsharedmovieof2004,-,-
1412, #67mostsharedmovieof2005,-,-
1413, #67mostsharedmovieof2006,-,-
1414, #67mostsharedmovieof2007,-,-
1415, #67mostsharedmovieof2008,-,-
1416, #67mostsharedmovieof2010,-,-
1417, #67mostsharedmovieof2013,-,-
1418, #67mostsharedmovieof2015,-,-
1419, #67mostsharedmovieof2017,-,-
1420, #67mostsharedmovieof2018,-,-
1421, #67mostsharedmovieof2019,-,-
1422, #68mostdiscussedmovieof2006,-,-
1423, #68mostdiscussedmovieof2009 ,-,-
1424, #68mostdiscussedmovieof2021,-,-
1425, #68mostsharedmovieof2000,-,-
1426, #68mostsharedmovieof2001,-,-
1427, #68mostsharedmovieof2002,-,-
1428, #68mostsharedmovieof2005,-,-
1429, #68mostsharedmovieof2007,-,-
1430, #68mostsharedmovieof2008,-,-
1431, #68mostsharedmovieof2009,-,-
1432, #68mostsharedmovieof2015,-,-
1433, #68mostsharedmovieof2016,-,-
1434, #68mostsharedmovieof2017,-,-
1435, #69mostdiscussedmovieof2001 ,-,-
1436, #69mostdiscussedmovieof2002,-,-
1437, #69mostdiscussedmovieof2018,-,-
1438, #69mostsharedmovieof2000,-,-
1439, #69mostsharedmovieof2001,-,-
1440, #69mostsharedmovieof2003,-,-
1441, #69mostsharedmovieof2005,-,-
1442, #69mostsharedmovieof2006,-,-
1443, #69mostsharedmovieof2007,-,-
1444, #69mostsharedmovieof2008,-,-
1445, #69mostsharedmovieof2011,-,-
1446, #69mostsharedmovieof2013,-,-
1447, #69mostsharedmovieof2014,-,-
1448, #69mostsharedmovieof2015,-,-
1449, #69mostsharedmovieof2016,-,-
1450, #69mostsharedmovieof2017,-,-
1451, #6mostdiscussedmovieof2001 ,-,-
1452, #6mostdiscussedmovieof2004 ,-,-
1453, #6mostdiscussedmovieof2005 ,-,-
1454, #6mostdiscussedmovieof2006 ,-,-
1455, #6mostdiscussedmovieof2007 ,-,-
1456, #6mostdiscussedmovieof2013 ,-,-
1457, #6mostdiscussedmovieof2014 ,-,-
1458, #6mostdiscussedmovieof2017 ,-,-
1459, #6mostdiscussedmovieof2019 ,-,-
1460, #6mostsharedmovieof2000,-,-
1461, #6mostsharedmovieof2001,-,-
1462, #6mostsharedmovieof2002,-,-
1463, #6mostsharedmovieof2003,-,-
1464, #6mostsharedmovieof2004,-,-
1465, #6mostsharedmovieof2005,-,-
1466, #6mostsharedmovieof2006,-,-
1467, #6mostsharedmovieof2007,-,-
1468, #6mostsharedmovieof2008,-,-
1469, #6mostsharedmovieof2009,-,-
1470, #6mostsharedmovieof2010,-,-
1471, #6mostsharedmovieof2011,-,-
1472, #6mostsharedmovieof2012,-,-
1473, #6mostsharedmovieof2013,-,-
1474, #6mostsharedmovieof2014,-,-
1475, #6mostsharedmovieof2017,-,-
1476, #6mostsharedmovieof2018,-,-
1477, #6mostsharedmovieof2019,-,-
1478, #6mostsharedmovieof2020,-,-
1479, #6mostsharedmovieof2021,-,-
1480, #70mostdiscussedmovieof2001 ,-,-
1481, #70mostdiscussedmovieof2007,-,-
1482, #70mostdiscussedmovieof2018 ,-,-
1483, #70mostdiscussedmovieof2019,-,-
1484, #70mostsharedmovieof2000,-,-
1485, #70mostsharedmovieof2004,-,-
1486, #70mostsharedmovieof2006,-,-
1487, #70mostsharedmovieof2007,-,-
1488, #70mostsharedmovieof2008,-,-
1489, #70mostsharedmovieof2009,-,-
1490, #70mostsharedmovieof2013,-,-
1491, #70mostsharedmovieof2014,-,-
1492, #70mostsharedmovieof2015,-,-
1493, #70mostsharedmovieof2016,-,-
1494, #70mostsharedmovieof2017,-,-
1495, #70mostsharedmovieof2019,-,-
1496, #71mostsharedmovieof2000,-,-
1497, #71mostsharedmovieof2001,-,-
1498, #71mostsharedmovieof2002,-,-
1499, #71mostsharedmovieof2003,-,-
1500, #71mostsharedmovieof2004,-,-
1501, #71mostsharedmovieof2005,-,-
1502, #71mostsharedmovieof2006,-,-
1503, #71mostsharedmovieof2008,-,-
1504, #71mostsharedmovieof2010,-,-
1505, #71mostsharedmovieof2011,-,-
1506, #71mostsharedmovieof2012,-,-
1507, #71mostsharedmovieof2013,-,-
1508, #71mostsharedmovieof2014,-,-
1509, #71mostsharedmovieof2015,-,-
1510, #71mostsharedmovieof2016,-,-
1511, #71mostsharedmovieof2017,-,-
1512, #72mostdiscussedmovieof2003,-,-
1513, #72mostsharedmovieof2001,-,-
1514, #72mostsharedmovieof2002,-,-
1515, #72mostsharedmovieof2003,-,-
1516, #72mostsharedmovieof2005,-,-
1517, #72mostsharedmovieof2006,-,-
1518, #72mostsharedmovieof2008,-,-
1519, #72mostsharedmovieof2009,-,-
1520, #72mostsharedmovieof2010,-,-
1521, #72mostsharedmovieof2011,-,-
1522, #72mostsharedmovieof2012,-,-
1523, #72mostsharedmovieof2013,-,-
1524, #72mostsharedmovieof2014,-,-
1525, #72mostsharedmovieof2015,-,-
1526, #72mostsharedmovieof2016,-,-
1527, #72mostsharedmovieof2017,-,-
1528, #72mostsharedmovieof2018,-,-
1529, #73mostdiscussedmovieof2002 ,-,-
1530, #73mostdiscussedmovieof2006 ,-,-
1531, #73mostdiscussedmovieof2013 ,-,-
1532, #73mostdiscussedmovieof2019,-,-
1533, #73mostdiscussedmovieof2020,-,-
1534, #73mostsharedmovieof2001,-,-
1535, #73mostsharedmovieof2002,-,-
1536, #73mostsharedmovieof2003,-,-
1537, #73mostsharedmovieof2005,-,-
1538, #73mostsharedmovieof2006,-,-
1539, #73mostsharedmovieof2007,-,-
1540, #73mostsharedmovieof2008,-,-
1541, #73mostsharedmovieof2009,-,-
1542, #73mostsharedmovieof2010,-,-
1543, #73mostsharedmovieof2011,-,-
1544, #73mostsharedmovieof2016,-,-
1545, #73mostsharedmovieof2017,-,-
1546, #73mostsharedmovieof2018,-,-
1547, #73mostsharedmovieof2019,-,-
1548, #74mostdiscussedmovieof2001 ,-,-
1549, #74mostdiscussedmovieof2005,-,-
1550, #74mostdiscussedmovieof2009,-,-
1551, #74mostdiscussedmovieof2017 ,-,-
1552, #74mostsharedmovieof2000,-,-
1553, #74mostsharedmovieof2001,-,-
1554, #74mostsharedmovieof2002,-,-
1555, #74mostsharedmovieof2003,-,-
1556, #74mostsharedmovieof2006,-,-
1557, #74mostsharedmovieof2007,-,-
1558, #74mostsharedmovieof2008,-,-
1559, #74mostsharedmovieof2011,-,-
1560, #74mostsharedmovieof2012,-,-
1561, #74mostsharedmovieof2014,-,-
1562, #74mostsharedmovieof2016,-,-
1563, #74mostsharedmovieof2017,-,-
1564, #74mostsharedmovieof2018,-,-
1565, #75mostdiscussedmovieof2008,-,-
1566, #75mostdiscussedmovieof2016 ,-,-
1567, #75mostdiscussedmovieof2020,-,-
1568, #75mostsharedmovieof2001,-,-
1569, #75mostsharedmovieof2002,-,-
1570, #75mostsharedmovieof2004,-,-
1571, #75mostsharedmovieof2005,-,-
1572, #75mostsharedmovieof2007,-,-
1573, #75mostsharedmovieof2008,-,-
1574, #75mostsharedmovieof2009,-,-
1575, #75mostsharedmovieof2010,-,-
1576, #75mostsharedmovieof2012,-,-
1577, #75mostsharedmovieof2013,-,-
1578, #75mostsharedmovieof2015,-,-
1579, #75mostsharedmovieof2016,-,-
1580, #75mostsharedmovieof2017,-,-
1581, #75mostsharedmovieof2018,-,-
1582, #75mostsharedmovieof2019,-,-
1583, #76mostdiscussedmovieof2011 ,-,-
1584, #76mostdiscussedmovieof2021,-,-
1585, #76mostsharedmovieof2002,-,-
1586, #76mostsharedmovieof2003,-,-
1587, #76mostsharedmovieof2004,-,-
1588, #76mostsharedmovieof2006,-,-
1589, #76mostsharedmovieof2011,-,-
1590, #76mostsharedmovieof2013,-,-
1591, #76mostsharedmovieof2016,-,-
1592, #76mostsharedmovieof2017,-,-
1593, #76mostsharedmovieof2019,-,-
1594, #77mostdiscussedmovieof2001 ,-,-
1595, #77mostdiscussedmovieof2007 ,-,-
1596, #77mostdiscussedmovieof2010 ,-,-
1597, #77mostsharedmovieof2001,-,-
1598, #77mostsharedmovieof2002,-,-
1599, #77mostsharedmovieof2003,-,-
1600, #77mostsharedmovieof2004,-,-
1601, #77mostsharedmovieof2008,-,-
1602, #77mostsharedmovieof2009,-,-
1603, #77mostsharedmovieof2010,-,-
1604, #77mostsharedmovieof2011,-,-
1605, #77mostsharedmovieof2012,-,-
1606, #77mostsharedmovieof2013,-,-
1607, #77mostsharedmovieof2014,-,-
1608, #77mostsharedmovieof2016,-,-
1609, #77mostsharedmovieof2017,-,-
1610, #78mostdiscussedmovieof2002,-,-
1611, #78mostdiscussedmovieof2012,-,-
1612, #78mostsharedmovieof2000,-,-
1613, #78mostsharedmovieof2001,-,-
1614, #78mostsharedmovieof2005,-,-
1615, #78mostsharedmovieof2008,-,-
1616, #78mostsharedmovieof2010,-,-
1617, #78mostsharedmovieof2011,-,-
1618, #78mostsharedmovieof2012,-,-
1619, #78mostsharedmovieof2013,-,-
1620, #78mostsharedmovieof2014,-,-
1621, #78mostsharedmovieof2016,-,-
1622, #78mostsharedmovieof2017,-,-
1623, #78mostsharedmovieof2018,-,-
1624, #79mostdiscussedmovieof2003 ,-,-
1625, #79mostdiscussedmovieof2005 ,-,-
1626, #79mostdiscussedmovieof2007 ,-,-
1627, #79mostdiscussedmovieof2018 ,-,-
1628, #79mostsharedmovieof2001,-,-
1629, #79mostsharedmovieof2002,-,-
1630, #79mostsharedmovieof2003,-,-
1631, #79mostsharedmovieof2006,-,-
1632, #79mostsharedmovieof2007,-,-
1633, #79mostsharedmovieof2008,-,-
1634, #79mostsharedmovieof2009,-,-
1635, #79mostsharedmovieof2010,-,-
1636, #79mostsharedmovieof2011,-,-
1637, #79mostsharedmovieof2012,-,-
1638, #79mostsharedmovieof2013,-,-
1639, #79mostsharedmovieof2014,-,-
1640, #79mostsharedmovieof2016,-,-
1641, #79mostsharedmovieof2018,-,-
1642, #7mostdiscussedmovieof2001 ,-,-
1643, #7mostdiscussedmovieof2003 ,-,-
1644, #7mostdiscussedmovieof2004 ,-,-
1645, #7mostdiscussedmovieof2005 ,-,-
1646, #7mostdiscussedmovieof2006 ,-,-
1647, #7mostdiscussedmovieof2007 ,-,-
1648, #7mostdiscussedmovieof2009 ,-,-
1649, #7mostdiscussedmovieof2012 ,-,-
1650, #7mostdiscussedmovieof2015 ,-,-
1651, #7mostdiscussedmovieof2018 ,-,-
1652, #7mostsharedmovieof2000,-,-
1653, #7mostsharedmovieof2001,-,-
1654, #7mostsharedmovieof2003,-,-
1655, #7mostsharedmovieof2004,-,-
1656, #7mostsharedmovieof2007,-,-
1657, #7mostsharedmovieof2008,-,-
1658, #7mostsharedmovieof2009,-,-
1659, #7mostsharedmovieof2010,-,-
1660, #7mostsharedmovieof2012,-,-
1661, #7mostsharedmovieof2013,-,-
1662, #7mostsharedmovieof2014,-,-
1663, #7mostsharedmovieof2015,-,-
1664, #7mostsharedmovieof2016,-,-
1665, #7mostsharedmovieof2017,-,-
1666, #7mostsharedmovieof2018,-,-
1667, #7mostsharedmovieof2019,-,-
1668, #7mostsharedmovieof2020,-,-
1669, #80mostdiscussedmovieof2001,-,-
1670, #80mostdiscussedmovieof2002 ,-,-
1671, #80mostdiscussedmovieof2014 ,-,-
1672, #80mostdiscussedmovieof2019 ,-,-
1673, #80mostsharedmovieof2000,-,-
1674, #80mostsharedmovieof2001,-,-
1675, #80mostsharedmovieof2003,-,-
1676, #80mostsharedmovieof2004,-,-
1677, #80mostsharedmovieof2006,-,-
1678, #80mostsharedmovieof2007,-,-
1679, #80mostsharedmovieof2008,-,-
1680, #80mostsharedmovieof2012,-,-
1681, #80mostsharedmovieof2013,-,-
1682, #80mostsharedmovieof2016,-,-
1683, #80mostsharedmovieof2019,-,-
1684, #81mostdiscussedmovieof2003,-,-
1685, #81mostdiscussedmovieof2009 ,-,-
1686, #81mostdiscussedmovieof2013 ,-,-
1687, #81mostdiscussedmovieof2020,-,-
1688, #81mostsharedmovieof2003,-,-
1689, #81mostsharedmovieof2004,-,-
1690, #81mostsharedmovieof2005,-,-
1691, #81mostsharedmovieof2006,-,-
1692, #81mostsharedmovieof2009,-,-
1693, #81mostsharedmovieof2012,-,-
1694, #81mostsharedmovieof2014,-,-
1695, #81mostsharedmovieof2015,-,-
1696, #81mostsharedmovieof2016,-,-
1697, #82mostdiscussedmovieof2002,-,-
1698, #82mostdiscussedmovieof2003,-,-
1699, #82mostdiscussedmovieof2004 ,-,-
1700, #82mostdiscussedmovieof2006,-,-
1701, #82mostdiscussedmovieof2011,-,-
1702, #82mostdiscussedmovieof2013 ,-,-
1703, #82mostdiscussedmovieof2017 ,-,-
1704, #82mostdiscussedmovieof2021,-,-
1705, #82mostsharedmovieof2000,-,-
1706, #82mostsharedmovieof2004,-,-
1707, #82mostsharedmovieof2005,-,-
1708, #82mostsharedmovieof2006,-,-
1709, #82mostsharedmovieof2008,-,-
1710, #82mostsharedmovieof2009,-,-
1711, #82mostsharedmovieof2010,-,-
1712, #82mostsharedmovieof2012,-,-
1713, #82mostsharedmovieof2014,-,-
1714, #82mostsharedmovieof2015,-,-
1715, #82mostsharedmovieof2016,-,-
1716, #82mostsharedmovieof2018,-,-
1717, #82mostsharedmovieof2019,-,-
1718, #83mostdiscussedmovieof2004,-,-
1719, #83mostdiscussedmovieof2007 ,-,-
1720, #83mostdiscussedmovieof2012 ,-,-
1721, #83mostdiscussedmovieof2018 ,-,-
1722, #83mostsharedmovieof2000,-,-
1723, #83mostsharedmovieof2001,-,-
1724, #83mostsharedmovieof2002,-,-
1725, #83mostsharedmovieof2003,-,-
1726, #83mostsharedmovieof2004,-,-
1727, #83mostsharedmovieof2006,-,-
1728, #83mostsharedmovieof2009,-,-
1729, #83mostsharedmovieof2010,-,-
1730, #83mostsharedmovieof2013,-,-
1731, #83mostsharedmovieof2014,-,-
1732, #83mostsharedmovieof2017,-,-
1733, #84mostdiscussedmovieof2003,-,-
1734, #84mostdiscussedmovieof2009,-,-
1735, #84mostsharedmovieof2000,-,-
1736, #84mostsharedmovieof2001,-,-
1737, #84mostsharedmovieof2002,-,-
1738, #84mostsharedmovieof2005,-,-
1739, #84mostsharedmovieof2006,-,-
1740, #84mostsharedmovieof2007,-,-
1741, #84mostsharedmovieof2010,-,-
1742, #84mostsharedmovieof2011,-,-
1743, #84mostsharedmovieof2014,-,-
1744, #84mostsharedmovieof2016,-,-
1745, #84mostsharedmovieof2017,-,-
1746, #84mostsharedmovieof2018,-,-
1747, #84mostsharedmovieof2019,-,-
1748, #85mostsharedmovieof2001,-,-
1749, #85mostsharedmovieof2003,-,-
1750, #85mostsharedmovieof2004,-,-
1751, #85mostsharedmovieof2006,-,-
1752, #85mostsharedmovieof2007,-,-
1753, #85mostsharedmovieof2008,-,-
1754, #85mostsharedmovieof2009,-,-
1755, #85mostsharedmovieof2012,-,-
1756, #85mostsharedmovieof2013,-,-
1757, #85mostsharedmovieof2016,-,-
1758, #85mostsharedmovieof2018,-,-
1759, #85mostsharedmovieof2019,-,-
1760, #86mostdiscussedmovieof2016,-,-
1761, #86mostsharedmovieof2001,-,-
1762, #86mostsharedmovieof2004,-,-
1763, #86mostsharedmovieof2005,-,-
1764, #86mostsharedmovieof2009,-,-
1765, #86mostsharedmovieof2010,-,-
1766, #86mostsharedmovieof2012,-,-
1767, #86mostsharedmovieof2015,-,-
1768, #86mostsharedmovieof2017,-,-
1769, #86mostsharedmovieof2019,-,-
1770, #87mostsharedmovieof2000,-,-
1771, #87mostsharedmovieof2001,-,-
1772, #87mostsharedmovieof2002,-,-
1773, #87mostsharedmovieof2003,-,-
1774, #87mostsharedmovieof2004,-,-
1775, #87mostsharedmovieof2005,-,-
1776, #87mostsharedmovieof2009,-,-
1777, #87mostsharedmovieof2010,-,-
1778, #87mostsharedmovieof2011,-,-
1779, #87mostsharedmovieof2012,-,-
1780, #87mostsharedmovieof2013,-,-
1781, #87mostsharedmovieof2014,-,-
1782, #87mostsharedmovieof2017,-,-
1783, #87mostsharedmovieof2018,-,-
1784, #87mostsharedmovieof2019,-,-
1785, #88mostdiscussedmovieof2002 ,-,-
1786, #88mostdiscussedmovieof2004 ,-,-
1787, #88mostdiscussedmovieof2014 ,-,-
1788, #88mostdiscussedmovieof2018,-,-
1789, #88mostsharedmovieof2001,-,-
1790, #88mostsharedmovieof2002,-,-
1791, #88mostsharedmovieof2004,-,-
1792, #88mostsharedmovieof2007,-,-
1793, #88mostsharedmovieof2008,-,-
1794, #88mostsharedmovieof2010,-,-
1795, #88mostsharedmovieof2011,-,-
1796, #88mostsharedmovieof2012,-,-
1797, #88mostsharedmovieof2013,-,-
1798, #88mostsharedmovieof2014,-,-
1799, #88mostsharedmovieof2016,-,-
1800, #88mostsharedmovieof2017,-,-
1801, #88mostsharedmovieof2018,-,-
1802, #89mostdiscussedmovieof2003 ,-,-
1803, #89mostdiscussedmovieof2004 ,-,-
1804, #89mostdiscussedmovieof2012,-,-
1805, #89mostdiscussedmovieof2016,-,-
1806, #89mostsharedmovieof2000,-,-
1807, #89mostsharedmovieof2003,-,-
1808, #89mostsharedmovieof2004,-,-
1809, #89mostsharedmovieof2006,-,-
1810, #89mostsharedmovieof2009,-,-
1811, #89mostsharedmovieof2010,-,-
1812, #89mostsharedmovieof2011,-,-
1813, #89mostsharedmovieof2012,-,-
1814, #89mostsharedmovieof2013,-,-
1815, #89mostsharedmovieof2014,-,-
1816, #89mostsharedmovieof2015,-,-
1817, #89mostsharedmovieof2016,-,-
1818, #89mostsharedmovieof2017,-,-
1819, #8mostdiscussedmovieof2004 ,-,-
1820, #8mostdiscussedmovieof2005 ,-,-
1821, #8mostdiscussedmovieof2009 ,-,-
1822, #8mostdiscussedmovieof2010 ,-,-
1823, #8mostdiscussedmovieof2012 ,-,-
1824, #8mostdiscussedmovieof2016 ,-,-
1825, #8mostsharedmovieof2000,-,-
1826, #8mostsharedmovieof2001,-,-
1827, #8mostsharedmovieof2003,-,-
1828, #8mostsharedmovieof2004,-,-
1829, #8mostsharedmovieof2005,-,-
1830, #8mostsharedmovieof2007,-,-
1831, #8mostsharedmovieof2009,-,-
1832, #8mostsharedmovieof2010,-,-
1833, #8mostsharedmovieof2011,-,-
1834, #8mostsharedmovieof2012,-,-
1835, #8mostsharedmovieof2013,-,-
1836, #8mostsharedmovieof2014,-,-
1837, #8mostsharedmovieof2015,-,-
1838, #8mostsharedmovieof2016,-,-
1839, #8mostsharedmovieof2017,-,-
1840, #8mostsharedmovieof2018,-,-
1841, #8mostsharedmovieof2019,-,-
1842, #90mostdiscussedmovieof2005 ,-,-
1843, #90mostdiscussedmovieof2006 ,-,-
1844, #90mostdiscussedmovieof2008 ,-,-
1845, #90mostdiscussedmovieof2013 ,-,-
1846, #90mostdiscussedmovieof2020,-,-
1847, #90mostsharedmovieof2001,-,-
1848, #90mostsharedmovieof2004,-,-
1849, #90mostsharedmovieof2005,-,-
1850, #90mostsharedmovieof2010,-,-
1851, #90mostsharedmovieof2011,-,-
1852, #90mostsharedmovieof2013,-,-
1853, #90mostsharedmovieof2017,-,-
1854, #90mostsharedmovieof2018,-,-
1855, #90mostsharedmovieof2019,-,-
1856, #91mostdiscussedmovieof2004,-,-
1857, #91mostdiscussedmovieof2010 ,-,-
1858, #91mostdiscussedmovieof2018,-,-
1859, #91mostsharedmovieof2000,-,-
1860, #91mostsharedmovieof2001,-,-
1861, #91mostsharedmovieof2003,-,-
1862, #91mostsharedmovieof2008,-,-
1863, #91mostsharedmovieof2010,-,-
1864, #91mostsharedmovieof2011,-,-
1865, #91mostsharedmovieof2013,-,-
1866, #91mostsharedmovieof2014,-,-
1867, #91mostsharedmovieof2015,-,-
1868, #91mostsharedmovieof2016,-,-
1869, #91mostsharedmovieof2017,-,-
1870, #92mostdiscussedmovieof2002,-,-
1871, #92mostsharedmovieof2000,-,-
1872, #92mostsharedmovieof2001,-,-
1873, #92mostsharedmovieof2002,-,-
1874, #92mostsharedmovieof2004,-,-
1875, #92mostsharedmovieof2005,-,-
1876, #92mostsharedmovieof2007,-,-
1877, #92mostsharedmovieof2008,-,-
1878, #92mostsharedmovieof2009,-,-
1879, #92mostsharedmovieof2010,-,-
1880, #92mostsharedmovieof2011,-,-
1881, #92mostsharedmovieof2013,-,-
1882, #92mostsharedmovieof2014,-,-
1883, #92mostsharedmovieof2016,-,-
1884, #92mostsharedmovieof2017,-,-
1885, #93mostdiscussedmovieof2013 ,-,-
1886, #93mostdiscussedmovieof2017,-,-
1887, #93mostdiscussedmovieof2018,-,-
1888, #93mostdiscussedmovieof2020,-,-
1889, #93mostsharedmovieof2000,-,-
1890, #93mostsharedmovieof2002,-,-
1891, #93mostsharedmovieof2003,-,-
1892, #93mostsharedmovieof2004,-,-
1893, #93mostsharedmovieof2005,-,-
1894, #93mostsharedmovieof2009,-,-
1895, #93mostsharedmovieof2010,-,-
1896, #93mostsharedmovieof2011,-,-
1897, #93mostsharedmovieof2015,-,-
1898, #93mostsharedmovieof2016,-,-
1899, #93mostsharedmovieof2017,-,-
1900, #94mostdiscussedmovieof2005,-,-
1901, #94mostdiscussedmovieof2006,-,-
1902, #94mostsharedmovieof2000,-,-
1903, #94mostsharedmovieof2003,-,-
1904, #94mostsharedmovieof2004,-,-
1905, #94mostsharedmovieof2005,-,-
1906, #94mostsharedmovieof2006,-,-
1907, #94mostsharedmovieof2008,-,-
1908, #94mostsharedmovieof2009,-,-
1909, #94mostsharedmovieof2010,-,-
1910, #94mostsharedmovieof2011,-,-
1911, #94mostsharedmovieof2012,-,-
1912, #94mostsharedmovieof2013,-,-
1913, #94mostsharedmovieof2014,-,-
1914, #94mostsharedmovieof2015,-,-
1915, #94mostsharedmovieof2016,-,-
1916, #94mostsharedmovieof2017,-,-
1917, #94mostsharedmovieof2018,-,-
1918, #94mostsharedmovieof2019,-,-
1919, #95mostdiscussedmovieof2002,-,-
1920, #95mostdiscussedmovieof2013 ,-,-
1921, #95mostdiscussedmovieof2016,-,-
1922, #95mostsharedmovieof2000,-,-
1923, #95mostsharedmovieof2001,-,-
1924, #95mostsharedmovieof2003,-,-
1925, #95mostsharedmovieof2004,-,-
1926, #95mostsharedmovieof2005,-,-
1927, #95mostsharedmovieof2007,-,-
1928, #95mostsharedmovieof2009,-,-
1929, #95mostsharedmovieof2014,-,-
1930, #95mostsharedmovieof2015,-,-
1931, #95mostsharedmovieof2016,-,-
1932, #95mostsharedmovieof2018,-,-
1933, #96mostdiscussedmovieof2002 ,-,-
1934, #96mostdiscussedmovieof2003 ,-,-
1935, #96mostdiscussedmovieof2006,-,-
1936, #96mostdiscussedmovieof2007,-,-
1937, #96mostdiscussedmovieof2017 ,-,-
1938, #96mostsharedmovieof2000,-,-
1939, #96mostsharedmovieof2001,-,-
1940, #96mostsharedmovieof2003,-,-
1941, #96mostsharedmovieof2004,-,-
1942, #96mostsharedmovieof2006,-,-
1943, #96mostsharedmovieof2007,-,-
1944, #96mostsharedmovieof2008,-,-
1945, #96mostsharedmovieof2009,-,-
1946, #96mostsharedmovieof2011,-,-
1947, #96mostsharedmovieof2012,-,-
1948, #96mostsharedmovieof2015,-,-
1949, #96mostsharedmovieof2018,-,-
1950, #97mostdiscussedmovieof2005 ,-,-
1951, #97mostdiscussedmovieof2008,-,-
1952, #97mostdiscussedmovieof2012,-,-
1953, #97mostdiscussedmovieof2015,-,-
1954, #97mostdiscussedmovieof2020,-,-
1955, #97mostsharedmovieof2001,-,-
1956, #97mostsharedmovieof2003,-,-
1957, #97mostsharedmovieof2004,-,-
1958, #97mostsharedmovieof2006,-,-
1959, #97mostsharedmovieof2008,-,-
1960, #97mostsharedmovieof2009,-,-
1961, #97mostsharedmovieof2010,-,-
1962, #97mostsharedmovieof2013,-,-
1963, #97mostsharedmovieof2014,-,-
1964, #97mostsharedmovieof2015,-,-
1965, #97mostsharedmovieof2016,-,-
1966, #97mostsharedmovieof2017,-,-
1967, #97mostsharedmovieof2018,-,-
1968, #98mostdiscussedmovieof2007 ,-,-
1969, #98mostdiscussedmovieof2015 ,-,-
1970, #98mostsharedmovieof2000,-,-
1971, #98mostsharedmovieof2001,-,-
1972, #98mostsharedmovieof2002,-,-
1973, #98mostsharedmovieof2003,-,-
1974, #98mostsharedmovieof2007,-,-
1975, #98mostsharedmovieof2008,-,-
1976, #98mostsharedmovieof2009,-,-
1977, #98mostsharedmovieof2010,-,-
1978, #98mostsharedmovieof2013,-,-
1979, #98mostsharedmovieof2014,-,-
1980, #98mostsharedmovieof2016,-,-
1981, #98mostsharedmovieof2018,-,-
1982, #98mostsharedmovieof2019,-,-
1983, #99mostdiscussedmovieof2007,-,-
1984, #99mostdiscussedmovieof2011,-,-
1985, #99mostdiscussedmovieof2021,-,-
1986, #99mostsharedmovieof2000,-,-
1987, #99mostsharedmovieof2001,-,-
1988, #99mostsharedmovieof2002,-,-
1989, #99mostsharedmovieof2004,-,-
1990, #99mostsharedmovieof2006,-,-
1991, #99mostsharedmovieof2007,-,-
1992, #99mostsharedmovieof2010,-,-
1993, #99mostsharedmovieof2011,-,-
1994, #99mostsharedmovieof2015,-,-
1995, #99mostsharedmovieof2016,-,-
1996, #99mostsharedmovieof2018,-,-
1997, #99mostsharedmovieof2019,-,-
1998, #9mostdiscussedmovieof2000 ,-,-
1999, #9mostdiscussedmovieof2001 ,-,-
2000, #9mostdiscussedmovieof2009 ,-,-
2001, #9mostdiscussedmovieof2012 ,-,-
2002, #9mostdiscussedmovieof2016 ,-,-
2003, #9mostdiscussedmovieof2018 ,-,-
2004, #9mostdiscussedmovieof2020,-,-
2005, #9mostsharedmovieof2000,-,-
2006, #9mostsharedmovieof2001,-,-
2007, #9mostsharedmovieof2002,-,-
2008, #9mostsharedmovieof2003,-,-
2009, #9mostsharedmovieof2004,-,-
2010, #9mostsharedmovieof2006,-,-
2011, #9mostsharedmovieof2007,-,-
2012, #9mostsharedmovieof2008,-,-
2013, #9mostsharedmovieof2009,-,-
2014, #9mostsharedmovieof2010,-,-
2015, #9mostsharedmovieof2012,-,-
2016, #9mostsharedmovieof2013,-,-
2017, #9mostsharedmovieof2014,-,-
2018, #9mostsharedmovieof2015,-,-
2019, #9mostsharedmovieof2017,-,-
2020, #9mostsharedmovieof2018,-,-
2021, #9mostsharedmovieof2019,-,-
2022, #9mostsharedmovieof2020,-,-
2023,#100bestmovieof2000 ,-,-
2024,#100bestmovieof2001 ,-,-
2025,#100bestmovieof2002,-,-
2026,#100bestmovieof2003 ,-,-
2027,#100bestmovieof2004,-,-
2028,#100bestmovieof2005,-,-
2029,#100bestmovieof2006,-,-
2030,#100bestmovieof2007,-,-
2031,#100bestmovieof2008,-,-
2032,#100bestmovieof2009 ,-,-
2033,#100bestmovieof2010,-,-
2034,#100bestmovieof2011,-,-
2035,#100bestmovieof2012,-,-
2036,#100bestmovieof2013,-,-
2037,#100bestmovieof2014,-,-
2038,#100bestmovieof2015,-,-
2039,#100bestmovieof2016,-,-
2040,#100bestmovieof2017,-,-
2041,#100bestmovieof2018,-,-
2042,#100bestmovieof2019,-,-
2043,#100bestmovieof2020,-,-
2044,#100mostdiscussedmovieof2000,-,-
2045,#100mostdiscussedmovieof2003,-,-
2046,#100mostdiscussedmovieof2004,-,-
2047,#100mostdiscussedmovieof2005,-,-
2048,#100mostdiscussedmovieof2006,-,-
2049,#100mostdiscussedmovieof2007,-,-
2050,#100mostdiscussedmovieof2008 ,-,-
2051,#100mostdiscussedmovieof2009,-,-
2052,#100mostdiscussedmovieof2010,-,-
2053,#100mostdiscussedmovieof2011,-,-
2054,#100mostdiscussedmovieof2012,-,-
2055,#100mostdiscussedmovieof2013,-,-
2056,#100mostdiscussedmovieof2014 ,-,-
2057,#100mostdiscussedmovieof2015 ,-,-
2058,#100mostdiscussedmovieof2016 ,-,-
2059,#100mostdiscussedmovieof2017,-,-
2060,#100mostdiscussedmovieof2018 ,-,-
2061,#100mostdiscussedmovieof2019,-,-
2062,#100mostdiscussedmovieof2020,-,-
2063,#100mostdiscussedmovieof2021,-,-
2064,#100mostsharedmovieof2000,-,-
2065,#100mostsharedmovieof2003,-,-
2066,#100mostsharedmovieof2004,-,-
2067,#100mostsharedmovieof2006,-,-
2068,#100mostsharedmovieof2010,-,-
2069,#100mostsharedmovieof2011,-,-
2070,#100mostsharedmovieof2013,-,-
2071,#100mostsharedmovieof2015,-,-
2072,#100mostsharedmovieof2016,-,-
2073,#100mostsharedmovieof2017,-,-
2074,#10bestmovieof2000,-,-
2075,#10bestmovieof2001,-,-
2076,#10bestmovieof2002 ,-,-
2077,#10bestmovieof2003 ,-,-
2078,#10bestmovieof2004 ,-,-
2079,#10bestmovieof2005,-,-
2080,#10bestmovieof2006,-,-
2081,#10bestmovieof2007 ,-,-
2082,#10bestmovieof2008,-,-
2083,#10bestmovieof2009 ,-,-
2084,#10bestmovieof2010,-,-
2085,#10bestmovieof2011 ,-,-
2086,#10bestmovieof2012,-,-
2087,#10bestmovieof2013 ,-,-
2088,#10bestmovieof2014 ,-,-
2089,#10bestmovieof2015,-,-
2090,#10bestmovieof2016,-,-
2091,#10bestmovieof2017,-,-
2092,#10bestmovieof2018 ,-,-
2093,#10bestmovieof2019,-,-
2094,#10bestmovieof2020 ,-,-
2095,#10bestmovieof2021,-,-
2096,#10mostdiscussedmovieof2000 ,-,-
2097,#10mostdiscussedmovieof2001 ,-,-
2098,#10mostdiscussedmovieof2003 ,-,-
2099,#10mostdiscussedmovieof2004 ,-,-
2100,#10mostdiscussedmovieof2006 ,-,-
2101,#10mostdiscussedmovieof2007 ,-,-
2102,#10mostdiscussedmovieof2009 ,-,-
2103,#10mostdiscussedmovieof2010 ,-,-
2104,#10mostdiscussedmovieof2011 ,-,-
2105,#10mostdiscussedmovieof2012 ,-,-
2106,#10mostdiscussedmovieof2013 ,-,-
2107,#10mostdiscussedmovieof2015 ,-,-
2108,#10mostdiscussedmovieof2016 ,-,-
2109,#10mostdiscussedmovieof2017 ,-,-
2110,#10mostdiscussedmovieof2018 ,-,-
2111,#10mostdiscussedmovieof2019 ,-,-
2112,#10mostdiscussedmovieof2020,-,-
2113,#10mostdiscussedmovieof2021,-,-
2114,#10mostsharedmovieof2011,-,-
2115,#10mostsharedmovieof2013,-,-
2116,#10mostsharedmovieof2015,-,-
2117,#10mostsharedmovieof2016,-,-
2118,#10mostsharedmovieof2017,-,-
2119,#10mostsharedmovieof2020,-,-
2120,#11bestmovieof2000,-,-
2121,#11bestmovieof2001 ,-,-
2122,#11bestmovieof2002 ,-,-
2123,#11bestmovieof2003,-,-
2124,#11bestmovieof2004,-,-
2125,#11bestmovieof2005,-,-
2126,#11bestmovieof2006,-,-
2127,#11bestmovieof2007 ,-,-
2128,#11bestmovieof2008,-,-
2129,#11bestmovieof2009 ,-,-
2130,#11bestmovieof2010 ,-,-
2131,#11bestmovieof2011,-,-
2132,#11bestmovieof2012,-,-
2133,#11bestmovieof2013,-,-
2134,#11bestmovieof2014,-,-
2135,#11bestmovieof2015,-,-
2136,#11bestmovieof2016 ,-,-
2137,#11bestmovieof2017,-,-
2138,#11bestmovieof2018 ,-,-
2139,#11bestmovieof2019 ,-,-
2140,#11bestmovieof2020,-,-
2141,#11bestmovieof2021 ,-,-
2142,#11mostdiscussedmovieof2000 ,-,-
2143,#11mostdiscussedmovieof2003 ,-,-
2144,#11mostdiscussedmovieof2004 ,-,-
2145,#11mostdiscussedmovieof2006 ,-,-
2146,#11mostdiscussedmovieof2007 ,-,-
2147,#11mostdiscussedmovieof2008 ,-,-
2148,#11mostdiscussedmovieof2010 ,-,-
2149,#11mostdiscussedmovieof2013 ,-,-
2150,#11mostdiscussedmovieof2015 ,-,-
2151,#11mostdiscussedmovieof2017 ,-,-
2152,#11mostdiscussedmovieof2018 ,-,-
2153,#11mostdiscussedmovieof2020 ,-,-
2154,#11mostdiscussedmovieof2021,-,-
2155,#11mostsharedmovieof2016,-,-
2156,#11mostsharedmovieof2020,-,-
2157,#12bestmovieof2000,-,-
2158,#12bestmovieof2001 ,-,-
2159,#12bestmovieof2002,-,-
2160,#12bestmovieof2003,-,-
2161,#12bestmovieof2004,-,-
2162,#12bestmovieof2005,-,-
2163,#12bestmovieof2006,-,-
2164,#12bestmovieof2007,-,-
2165,#12bestmovieof2008,-,-
2166,#12bestmovieof2009,-,-
2167,#12bestmovieof2010,-,-
2168,#12bestmovieof2011,-,-
2169,#12bestmovieof2012 ,-,-
2170,#12bestmovieof2013 ,-,-
2171,#12bestmovieof2014 ,-,-
2172,#12bestmovieof2015 ,-,-
2173,#12bestmovieof2016,-,-
2174,#12bestmovieof2017 ,-,-
2175,#12bestmovieof2018,-,-
2176,#12bestmovieof2019 ,-,-
2177,#12bestmovieof2020,-,-
2178,#12bestmovieof2021,-,-
2179,#12mostdiscussedmovieof2000 ,-,-
2180,#12mostdiscussedmovieof2001 ,-,-
2181,#12mostdiscussedmovieof2002 ,-,-
2182,#12mostdiscussedmovieof2003 ,-,-
2183,#12mostdiscussedmovieof2009 ,-,-
2184,#12mostdiscussedmovieof2012 ,-,-
2185,#12mostdiscussedmovieof2015 ,-,-
2186,#12mostdiscussedmovieof2016 ,-,-
2187,#12mostdiscussedmovieof2017 ,-,-
2188,#12mostdiscussedmovieof2019,-,-
2189,#12mostdiscussedmovieof2020,-,-
2190,#12mostdiscussedmovieof2021,-,-
2191,#12mostsharedmovieof2006,-,-
2192,#12mostsharedmovieof2020,-,-
2193,#13bestmovieof2000,-,-
2194,#13bestmovieof2001,-,-
2195,#13bestmovieof2002 ,-,-
2196,#13bestmovieof2003,-,-
2197,#13bestmovieof2004,-,-
2198,#13bestmovieof2005 ,-,-
2199,#13bestmovieof2006,-,-
2200,#13bestmovieof2007,-,-
2201,#13bestmovieof2008,-,-
2202,#13bestmovieof2009,-,-
2203,#13bestmovieof2010,-,-
2204,#13bestmovieof2011,-,-
2205,#13bestmovieof2012 ,-,-
2206,#13bestmovieof2013,-,-
2207,#13bestmovieof2014,-,-
2208,#13bestmovieof2015,-,-
2209,#13bestmovieof2016 ,-,-
2210,#13bestmovieof2017,-,-
2211,#13bestmovieof2018,-,-
2212,#13bestmovieof2019 ,-,-
2213,#13bestmovieof2020,-,-
2214,#13bestmovieof2021 ,-,-
2215,#13mostdiscussedmovieof2000 ,-,-
2216,#13mostdiscussedmovieof2001 ,-,-
2217,#13mostdiscussedmovieof2002 ,-,-
2218,#13mostdiscussedmovieof2003,-,-
2219,#13mostdiscussedmovieof2004 ,-,-
2220,#13mostdiscussedmovieof2006 ,-,-
2221,#13mostdiscussedmovieof2009 ,-,-
2222,#13mostdiscussedmovieof2010 ,-,-
2223,#13mostdiscussedmovieof2011 ,-,-
2224,#13mostdiscussedmovieof2012 ,-,-
2225,#13mostdiscussedmovieof2015 ,-,-
2226,#13mostdiscussedmovieof2016 ,-,-
2227,#13mostdiscussedmovieof2017 ,-,-
2228,#13mostdiscussedmovieof2018 ,-,-
2229,#13mostdiscussedmovieof2019 ,-,-
2230,#13mostdiscussedmovieof2020,-,-
2231,#13mostdiscussedmovieof2021,-,-
2232,#14bestmovieof2000,-,-
2233,#14bestmovieof2001 ,-,-
2234,#14bestmovieof2002 ,-,-
2235,#14bestmovieof2003,-,-
2236,#14bestmovieof2004,-,-
2237,#14bestmovieof2005 ,-,-
2238,#14bestmovieof2006,-,-
2239,#14bestmovieof2007 ,-,-
2240,#14bestmovieof2008,-,-
2241,#14bestmovieof2009,-,-
2242,#14bestmovieof2010 ,-,-
2243,#14bestmovieof2011,-,-
2244,#14bestmovieof2012 ,-,-
2245,#14bestmovieof2013 ,-,-
2246,#14bestmovieof2014,-,-
2247,#14bestmovieof2015,-,-
2248,#14bestmovieof2016,-,-
2249,#14bestmovieof2017,-,-
2250,#14bestmovieof2018,-,-
2251,#14bestmovieof2019,-,-
2252,#14bestmovieof2020 ,-,-
2253,#14bestmovieof2021,-,-
2254,#14mostdiscussedmovieof2002 ,-,-
2255,#14mostdiscussedmovieof2003 ,-,-
2256,#14mostdiscussedmovieof2006 ,-,-
2257,#14mostdiscussedmovieof2008 ,-,-
2258,#14mostdiscussedmovieof2010 ,-,-
2259,#14mostdiscussedmovieof2011 ,-,-
2260,#14mostdiscussedmovieof2012 ,-,-
2261,#14mostdiscussedmovieof2014 ,-,-
2262,#14mostdiscussedmovieof2015,-,-
2263,#14mostdiscussedmovieof2017 ,-,-
2264,#14mostdiscussedmovieof2020,-,-
2265,#14mostdiscussedmovieof2021,-,-
2266,#14mostsharedmovieof2003,-,-
2267,#14mostsharedmovieof2005,-,-
2268,#14mostsharedmovieof2010,-,-
2269,#15bestmovieof2000,-,-
2270,#15bestmovieof2001 ,-,-
2271,#15bestmovieof2002 ,-,-
2272,#15bestmovieof2003,-,-
2273,#15bestmovieof2004,-,-
2274,#15bestmovieof2005,-,-
2275,#15bestmovieof2006 ,-,-
2276,#15bestmovieof2007 ,-,-
2277,#15bestmovieof2008 ,-,-
2278,#15bestmovieof2009,-,-
2279,#15bestmovieof2010,-,-
2280,#15bestmovieof2011 ,-,-
2281,#15bestmovieof2012,-,-
2282,#15bestmovieof2013,-,-
2283,#15bestmovieof2014 ,-,-
2284,#15bestmovieof2015,-,-
2285,#15bestmovieof2016,-,-
2286,#15bestmovieof2017,-,-
2287,#15bestmovieof2018 ,-,-
2288,#15bestmovieof2019,-,-
2289,#15bestmovieof2020 ,-,-
2290,#15bestmovieof2021,-,-
2291,#15mostdiscussedmovieof2004 ,-,-
2292,#15mostdiscussedmovieof2006 ,-,-
2293,#15mostdiscussedmovieof2008 ,-,-
2294,#15mostdiscussedmovieof2010 ,-,-
2295,#15mostdiscussedmovieof2012 ,-,-
2296,#15mostdiscussedmovieof2013 ,-,-
2297,#15mostdiscussedmovieof2014 ,-,-
2298,#15mostdiscussedmovieof2015 ,-,-
2299,#15mostdiscussedmovieof2016 ,-,-
2300,#15mostdiscussedmovieof2020,-,-
2301,#15mostdiscussedmovieof2021,-,-
2302,#15mostsharedmovieof2001,-,-
2303,#15mostsharedmovieof2004,-,-
2304,#15mostsharedmovieof2013,-,-
2305,#15mostsharedmovieof2019,-,-
2306,#15mostsharedmovieof2020,-,-
2307,#16bestmovieof2000,-,-
2308,#16bestmovieof2001,-,-
2309,#16bestmovieof2002,-,-
2310,#16bestmovieof2003 ,-,-
2311,#16bestmovieof2004 ,-,-
2312,#16bestmovieof2005 ,-,-
2313,#16bestmovieof2006 ,-,-
2314,#16bestmovieof2007 ,-,-
2315,#16bestmovieof2008 ,-,-
2316,#16bestmovieof2009,-,-
2317,#16bestmovieof2010 ,-,-
2318,#16bestmovieof2011 ,-,-
2319,#16bestmovieof2012 ,-,-
2320,#16bestmovieof2013,-,-
2321,#16bestmovieof2014,-,-
2322,#16bestmovieof2015,-,-
2323,#16bestmovieof2016,-,-
2324,#16bestmovieof2017,-,-
2325,#16bestmovieof2018,-,-
2326,#16bestmovieof2019,-,-
2327,#16bestmovieof2020,-,-
2328,#16bestmovieof2021 ,-,-
2329,#16mostdiscussedmovieof2000 ,-,-
2330,#16mostdiscussedmovieof2001 ,-,-
2331,#16mostdiscussedmovieof2003 ,-,-
2332,#16mostdiscussedmovieof2004 ,-,-
2333,#16mostdiscussedmovieof2006 ,-,-
2334,#16mostdiscussedmovieof2011 ,-,-
2335,#16mostdiscussedmovieof2012 ,-,-
2336,#16mostdiscussedmovieof2013 ,-,-
2337,#16mostdiscussedmovieof2014 ,-,-
2338,#16mostdiscussedmovieof2016 ,-,-
2339,#16mostdiscussedmovieof2018 ,-,-
2340,#16mostdiscussedmovieof2019 ,-,-
2341,#16mostdiscussedmovieof2020,-,-
2342,#16mostdiscussedmovieof2021,-,-
2343,#16mostsharedmovieof2005,-,-
2344,#16mostsharedmovieof2013,-,-
2345,#17bestmovieof2000,-,-
2346,#17bestmovieof2001,-,-
2347,#17bestmovieof2002,-,-
2348,#17bestmovieof2003,-,-
2349,#17bestmovieof2004,-,-
2350,#17bestmovieof2005,-,-
2351,#17bestmovieof2006,-,-
2352,#17bestmovieof2007 ,-,-
2353,#17bestmovieof2008,-,-
2354,#17bestmovieof2009,-,-
2355,#17bestmovieof2010,-,-
2356,#17bestmovieof2011,-,-
2357,#17bestmovieof2012,-,-
2358,#17bestmovieof2013,-,-
2359,#17bestmovieof2014,-,-
2360,#17bestmovieof2015 ,-,-
2361,#17bestmovieof2016,-,-
2362,#17bestmovieof2017,-,-
2363,#17bestmovieof2018,-,-
2364,#17bestmovieof2019 ,-,-
2365,#17bestmovieof2020 ,-,-
2366,#17bestmovieof2021,-,-
2367,#17mostdiscussedmovieof2001 ,-,-
2368,#17mostdiscussedmovieof2003 ,-,-
2369,#17mostdiscussedmovieof2004 ,-,-
2370,#17mostdiscussedmovieof2006 ,-,-
2371,#17mostdiscussedmovieof2008 ,-,-
2372,#17mostdiscussedmovieof2009 ,-,-
2373,#17mostdiscussedmovieof2010 ,-,-
2374,#17mostdiscussedmovieof2011 ,-,-
2375,#17mostdiscussedmovieof2012 ,-,-
2376,#17mostdiscussedmovieof2014 ,-,-
2377,#17mostdiscussedmovieof2017 ,-,-
2378,#17mostdiscussedmovieof2020,-,-
2379,#17mostdiscussedmovieof2021,-,-
2380,#17mostsharedmovieof2010,-,-
2381,#17mostsharedmovieof2015,-,-
2382,#17mostsharedmovieof2019,-,-
2383,#18bestmovieof2000,-,-
2384,#18bestmovieof2001 ,-,-
2385,#18bestmovieof2002,-,-
2386,#18bestmovieof2003,-,-
2387,#18bestmovieof2004,-,-
2388,#18bestmovieof2005,-,-
2389,#18bestmovieof2006,-,-
2390,#18bestmovieof2007,-,-
2391,#18bestmovieof2008,-,-
2392,#18bestmovieof2009 ,-,-
2393,#18bestmovieof2010,-,-
2394,#18bestmovieof2011 ,-,-
2395,#18bestmovieof2012 ,-,-
2396,#18bestmovieof2013,-,-
2397,#18bestmovieof2014,-,-
2398,#18bestmovieof2015 ,-,-
2399,#18bestmovieof2016 ,-,-
2400,#18bestmovieof2017,-,-
2401,#18bestmovieof2018,-,-
2402,#18bestmovieof2019,-,-
2403,#18bestmovieof2020,-,-
2404,#18bestmovieof2021,-,-
2405,#18mostdiscussedmovieof2000 ,-,-
2406,#18mostdiscussedmovieof2001 ,-,-
2407,#18mostdiscussedmovieof2003 ,-,-
2408,#18mostdiscussedmovieof2004 ,-,-
2409,#18mostdiscussedmovieof2005 ,-,-
2410,#18mostdiscussedmovieof2008 ,-,-
2411,#18mostdiscussedmovieof2009 ,-,-
2412,#18mostdiscussedmovieof2011,-,-
2413,#18mostdiscussedmovieof2013 ,-,-
2414,#18mostdiscussedmovieof2014 ,-,-
2415,#18mostdiscussedmovieof2016 ,-,-
2416,#18mostdiscussedmovieof2018 ,-,-
2417,#18mostdiscussedmovieof2019,-,-
2418,#18mostdiscussedmovieof2020 ,-,-
2419,#18mostdiscussedmovieof2021,-,-
2420,#18mostsharedmovieof2000,-,-
2421,#18mostsharedmovieof2001,-,-
2422,#18mostsharedmovieof2004,-,-
2423,#18mostsharedmovieof2008,-,-
2424,#18mostsharedmovieof2013,-,-
2425,#19bestmovieof2000,-,-
2426,#19bestmovieof2001,-,-
2427,#19bestmovieof2002 ,-,-
2428,#19bestmovieof2003,-,-
2429,#19bestmovieof2004,-,-
2430,#19bestmovieof2005 ,-,-
2431,#19bestmovieof2006 ,-,-
2432,#19bestmovieof2007,-,-
2433,#19bestmovieof2008,-,-
2434,#19bestmovieof2009,-,-
2435,#19bestmovieof2010,-,-
2436,#19bestmovieof2011,-,-
2437,#19bestmovieof2012,-,-
2438,#19bestmovieof2013 ,-,-
2439,#19bestmovieof2014 ,-,-
2440,#19bestmovieof2015,-,-
2441,#19bestmovieof2016,-,-
2442,#19bestmovieof2017 ,-,-
2443,#19bestmovieof2018 ,-,-
2444,#19bestmovieof2019,-,-
2445,#19bestmovieof2020,-,-
2446,#19bestmovieof2021,-,-
2447,#19mostdiscussedmovieof2001 ,-,-
2448,#19mostdiscussedmovieof2004 ,-,-
2449,#19mostdiscussedmovieof2007 ,-,-
2450,#19mostdiscussedmovieof2008 ,-,-
2451,#19mostdiscussedmovieof2010 ,-,-
2452,#19mostdiscussedmovieof2011 ,-,-
2453,#19mostdiscussedmovieof2013 ,-,-
2454,#19mostdiscussedmovieof2015,-,-
2455,#19mostdiscussedmovieof2016 ,-,-
2456,#19mostdiscussedmovieof2017 ,-,-
2457,#19mostdiscussedmovieof2018 ,-,-
2458,#19mostdiscussedmovieof2019 ,-,-
2459,#19mostdiscussedmovieof2020,-,-
2460,#19mostdiscussedmovieof2021,-,-
2461,#19mostsharedmovieof2003,-,-
2462,#19mostsharedmovieof2004,-,-
2463,#19mostsharedmovieof2011,-,-
2464,#1bestmovieof2000 ,-,-
2465,#1bestmovieof2001,-,-
2466,#1bestmovieof2002 ,-,-
2467,#1bestmovieof2003 ,-,-
2468,#1bestmovieof2004 ,-,-
2469,#1bestmovieof2005 ,-,-
2470,#1bestmovieof2006 ,-,-
2471,#1bestmovieof2007 ,-,-
2472,#1bestmovieof2008 ,-,-
2473,#1bestmovieof2009 ,-,-
2474,#1bestmovieof2010 ,-,-
2475,#1bestmovieof2011 ,-,-
2476,#1bestmovieof2012,-,-
2477,#1bestmovieof2013 ,-,-
2478,#1bestmovieof2014 ,-,-
2479,#1bestmovieof2015 ,-,-
2480,#1bestmovieof2016 ,-,-
2481,#1bestmovieof2017 ,-,-
2482,#1bestmovieof2018 ,-,-
2483,#1bestmovieof2019 ,-,-
2484,#1bestmovieof2020,-,-
2485,#1bestmovieof2021 ,-,-
2486,#1mostdiscussedmovieof2000 ,-,-
2487,#1mostdiscussedmovieof2013 ,-,-
2488,#1mostdiscussedmovieof2014 ,-,-
2489,#1mostdiscussedmovieof2016 ,-,-
2490,#1mostdiscussedmovieof2018 ,-,-
2491,#1mostdiscussedmovieof2019,-,-
2492,#1mostdiscussedmovieof2020,-,-
2493,#1mostdiscussedmovieof2021,-,-
2494,#1mostsharedmovieof2000,-,-
2495,#1mostsharedmovieof2003,-,-
2496,#1mostsharedmovieof2005,-,-
2497,#1mostsharedmovieof2011,-,-
2498,#20bestmovieof2000,-,-
2499,#20bestmovieof2001 ,-,-
2500,#20bestmovieof2002 ,-,-
2501,#20bestmovieof2003,-,-
2502,#20bestmovieof2004 ,-,-
2503,#20bestmovieof2005 ,-,-
2504,#20bestmovieof2006,-,-
2505,#20bestmovieof2007,-,-
2506,#20bestmovieof2008 ,-,-
2507,#20bestmovieof2009 ,-,-
2508,#20bestmovieof2010 ,-,-
2509,#20bestmovieof2011 ,-,-
2510,#20bestmovieof2012,-,-
2511,#20bestmovieof2013,-,-
2512,#20bestmovieof2014,-,-
2513,#20bestmovieof2015,-,-
2514,#20bestmovieof2016,-,-
2515,#20bestmovieof2017,-,-
2516,#20bestmovieof2018 ,-,-
2517,#20bestmovieof2019,-,-
2518,#20bestmovieof2020,-,-
2519,#20bestmovieof2021,-,-
2520,#20mostdiscussedmovieof2000 ,-,-
2521,#20mostdiscussedmovieof2004 ,-,-
2522,#20mostdiscussedmovieof2006 ,-,-
2523,#20mostdiscussedmovieof2008 ,-,-
2524,#20mostdiscussedmovieof2009 ,-,-
2525,#20mostdiscussedmovieof2013 ,-,-
2526,#20mostdiscussedmovieof2015 ,-,-
2527,#20mostdiscussedmovieof2016 ,-,-
2528,#20mostdiscussedmovieof2018,-,-
2529,#20mostdiscussedmovieof2019 ,-,-
2530,#20mostdiscussedmovieof2020,-,-
2531,#20mostdiscussedmovieof2021,-,-
2532,#20mostsharedmovieof2006,-,-
2533,#21bestmovieof2000,-,-
2534,#21bestmovieof2001,-,-
2535,#21bestmovieof2002,-,-
2536,#21bestmovieof2003,-,-
2537,#21bestmovieof2004,-,-
2538,#21bestmovieof2005 ,-,-
2539,#21bestmovieof2006,-,-
2540,#21bestmovieof2007,-,-
2541,#21bestmovieof2008,-,-
2542,#21bestmovieof2009 ,-,-
2543,#21bestmovieof2010,-,-
2544,#21bestmovieof2011 ,-,-
2545,#21bestmovieof2012,-,-
2546,#21bestmovieof2013,-,-
2547,#21bestmovieof2014,-,-
2548,#21bestmovieof2015 ,-,-
2549,#21bestmovieof2016,-,-
2550,#21bestmovieof2017,-,-
2551,#21bestmovieof2018 ,-,-
2552,#21bestmovieof2019,-,-
2553,#21bestmovieof2020,-,-
2554,#21bestmovieof2021,-,-
2555,#21mostdiscussedmovieof2000 ,-,-
2556,#21mostdiscussedmovieof2002,-,-
2557,#21mostdiscussedmovieof2003,-,-
2558,#21mostdiscussedmovieof2004 ,-,-
2559,#21mostdiscussedmovieof2005 ,-,-
2560,#21mostdiscussedmovieof2006 ,-,-
2561,#21mostdiscussedmovieof2007 ,-,-
2562,#21mostdiscussedmovieof2008,-,-
2563,#21mostdiscussedmovieof2011 ,-,-
2564,#21mostdiscussedmovieof2012 ,-,-
2565,#21mostdiscussedmovieof2013 ,-,-
2566,#21mostdiscussedmovieof2014 ,-,-
2567,#21mostdiscussedmovieof2015 ,-,-
2568,#21mostdiscussedmovieof2018 ,-,-
2569,#21mostdiscussedmovieof2021,-,-
2570,#22bestmovieof2000,-,-
2571,#22bestmovieof2001 ,-,-
2572,#22bestmovieof2002,-,-
2573,#22bestmovieof2003,-,-
2574,#22bestmovieof2004 ,-,-
2575,#22bestmovieof2005 ,-,-
2576,#22bestmovieof2006 ,-,-
2577,#22bestmovieof2007,-,-
2578,#22bestmovieof2008,-,-
2579,#22bestmovieof2009 ,-,-
2580,#22bestmovieof2010,-,-
2581,#22bestmovieof2011 ,-,-
2582,#22bestmovieof2012,-,-
2583,#22bestmovieof2013,-,-
2584,#22bestmovieof2014 ,-,-
2585,#22bestmovieof2015,-,-
2586,#22bestmovieof2016,-,-
2587,#22bestmovieof2017,-,-
2588,#22bestmovieof2018,-,-
2589,#22bestmovieof2019,-,-
2590,#22bestmovieof2020,-,-
2591,#22bestmovieof2021,-,-
2592,#22mostdiscussedmovieof2000 ,-,-
2593,#22mostdiscussedmovieof2003 ,-,-
2594,#22mostdiscussedmovieof2004 ,-,-
2595,#22mostdiscussedmovieof2006 ,-,-
2596,#22mostdiscussedmovieof2007,-,-
2597,#22mostdiscussedmovieof2008,-,-
2598,#22mostdiscussedmovieof2009 ,-,-
2599,#22mostdiscussedmovieof2010 ,-,-
2600,#22mostdiscussedmovieof2012 ,-,-
2601,#22mostdiscussedmovieof2013 ,-,-
2602,#22mostdiscussedmovieof2015 ,-,-
2603,#22mostdiscussedmovieof2016 ,-,-
2604,#22mostdiscussedmovieof2017 ,-,-
2605,#22mostdiscussedmovieof2018,-,-
2606,#22mostdiscussedmovieof2019 ,-,-
2607,#22mostdiscussedmovieof2020,-,-
2608,#22mostdiscussedmovieof2021,-,-
2609,#22mostsharedmovieof2001,-,-
2610,#23bestmovieof2000,-,-
2611,#23bestmovieof2001,-,-
2612,#23bestmovieof2002,-,-
2613,#23bestmovieof2003 ,-,-
2614,#23bestmovieof2004,-,-
2615,#23bestmovieof2005,-,-
2616,#23bestmovieof2006,-,-
2617,#23bestmovieof2007 ,-,-
2618,#23bestmovieof2008,-,-
2619,#23bestmovieof2009 ,-,-
2620,#23bestmovieof2010 ,-,-
2621,#23bestmovieof2011 ,-,-
2622,#23bestmovieof2012,-,-
2623,#23bestmovieof2013,-,-
2624,#23bestmovieof2014,-,-
2625,#23bestmovieof2015,-,-
2626,#23bestmovieof2016,-,-
2627,#23bestmovieof2017,-,-
2628,#23bestmovieof2018 ,-,-
2629,#23bestmovieof2019,-,-
2630,#23bestmovieof2020,-,-
2631,#23bestmovieof2021,-,-
2632,#23mostdiscussedmovieof2000 ,-,-
2633,#23mostdiscussedmovieof2001 ,-,-
2634,#23mostdiscussedmovieof2002 ,-,-
2635,#23mostdiscussedmovieof2003 ,-,-
2636,#23mostdiscussedmovieof2004 ,-,-
2637,#23mostdiscussedmovieof2006 ,-,-
2638,#23mostdiscussedmovieof2008 ,-,-
2639,#23mostdiscussedmovieof2009 ,-,-
2640,#23mostdiscussedmovieof2010 ,-,-
2641,#23mostdiscussedmovieof2011,-,-
2642,#23mostdiscussedmovieof2013 ,-,-
2643,#23mostdiscussedmovieof2014 ,-,-
2644,#23mostdiscussedmovieof2015 ,-,-
2645,#23mostdiscussedmovieof2017 ,-,-
2646,#23mostdiscussedmovieof2021,-,-
2647,#23mostsharedmovieof2000,-,-
2648,#23mostsharedmovieof2004,-,-
2649,#23mostsharedmovieof2007,-,-
2650,#23mostsharedmovieof2008,-,-
2651,#24bestmovieof2000 ,-,-
2652,#24bestmovieof2001,-,-
2653,#24bestmovieof2002,-,-
2654,#24bestmovieof2003,-,-
2655,#24bestmovieof2004 ,-,-
2656,#24bestmovieof2005,-,-
2657,#24bestmovieof2006,-,-
2658,#24bestmovieof2007,-,-
2659,#24bestmovieof2008,-,-
2660,#24bestmovieof2009,-,-
2661,#24bestmovieof2010,-,-
2662,#24bestmovieof2011,-,-
2663,#24bestmovieof2012 ,-,-
2664,#24bestmovieof2013,-,-
2665,#24bestmovieof2014,-,-
2666,#24bestmovieof2015 ,-,-
2667,#24bestmovieof2016,-,-
2668,#24bestmovieof2017,-,-
2669,#24bestmovieof2018,-,-
2670,#24bestmovieof2019 ,-,-
2671,#24bestmovieof2020,-,-
2672,#24bestmovieof2021 ,-,-
2673,#24mostdiscussedmovieof2001 ,-,-
2674,#24mostdiscussedmovieof2003 ,-,-
2675,#24mostdiscussedmovieof2004 ,-,-
2676,#24mostdiscussedmovieof2005 ,-,-
2677,#24mostdiscussedmovieof2006 ,-,-
2678,#24mostdiscussedmovieof2007 ,-,-
2679,#24mostdiscussedmovieof2008 ,-,-
2680,#24mostdiscussedmovieof2009 ,-,-
2681,#24mostdiscussedmovieof2010 ,-,-
2682,#24mostdiscussedmovieof2011,-,-
2683,#24mostdiscussedmovieof2012 ,-,-
2684,#24mostdiscussedmovieof2013 ,-,-
2685,#24mostdiscussedmovieof2014 ,-,-
2686,#24mostdiscussedmovieof2020 ,-,-
2687,#24mostsharedmovieof2019,-,-
2688,#25bestmovieof2000,-,-
2689,#25bestmovieof2001 ,-,-
2690,#25bestmovieof2002,-,-
2691,#25bestmovieof2003 ,-,-
2692,#25bestmovieof2004,-,-
2693,#25bestmovieof2005 ,-,-
2694,#25bestmovieof2006,-,-
2695,#25bestmovieof2007,-,-
2696,#25bestmovieof2008 ,-,-
2697,#25bestmovieof2009 ,-,-
2698,#25bestmovieof2010,-,-
2699,#25bestmovieof2011,-,-
2700,#25bestmovieof2012,-,-
2701,#25bestmovieof2013,-,-
2702,#25bestmovieof2014,-,-
2703,#25bestmovieof2015,-,-
2704,#25bestmovieof2016,-,-
2705,#25bestmovieof2017 ,-,-
2706,#25bestmovieof2018 ,-,-
2707,#25bestmovieof2019 ,-,-
2708,#25bestmovieof2020,-,-
2709,#25bestmovieof2021,-,-
2710,#25mostdiscussedmovieof2000 ,-,-
2711,#25mostdiscussedmovieof2001 ,-,-
2712,#25mostdiscussedmovieof2002 ,-,-
2713,#25mostdiscussedmovieof2003 ,-,-
2714,#25mostdiscussedmovieof2004 ,-,-
2715,#25mostdiscussedmovieof2005 ,-,-
2716,#25mostdiscussedmovieof2009 ,-,-
2717,#25mostdiscussedmovieof2010,-,-
2718,#25mostdiscussedmovieof2013 ,-,-
2719,#25mostdiscussedmovieof2015 ,-,-
2720,#25mostdiscussedmovieof2016 ,-,-
2721,#25mostdiscussedmovieof2017 ,-,-
2722,#25mostdiscussedmovieof2018,-,-
2723,#25mostdiscussedmovieof2019 ,-,-
2724,#25mostdiscussedmovieof2021,-,-
2725,#25mostsharedmovieof2006,-,-
2726,#25mostsharedmovieof2008,-,-
2727,#25mostsharedmovieof2012,-,-
2728,#26bestmovieof2000,-,-
2729,#26bestmovieof2001,-,-
2730,#26bestmovieof2002,-,-
2731,#26bestmovieof2003 ,-,-
2732,#26bestmovieof2004,-,-
2733,#26bestmovieof2005,-,-
2734,#26bestmovieof2006,-,-
2735,#26bestmovieof2007 ,-,-
2736,#26bestmovieof2008 ,-,-
2737,#26bestmovieof2009 ,-,-
2738,#26bestmovieof2010,-,-
2739,#26bestmovieof2011 ,-,-
2740,#26bestmovieof2012,-,-
2741,#26bestmovieof2013,-,-
2742,#26bestmovieof2014,-,-
2743,#26bestmovieof2015,-,-
2744,#26bestmovieof2016,-,-
2745,#26bestmovieof2017 ,-,-
2746,#26bestmovieof2018,-,-
2747,#26bestmovieof2019,-,-
2748,#26bestmovieof2020,-,-
2749,#26bestmovieof2021,-,-
2750,#26mostdiscussedmovieof2000 ,-,-
2751,#26mostdiscussedmovieof2001 ,-,-
2752,#26mostdiscussedmovieof2002 ,-,-
2753,#26mostdiscussedmovieof2003 ,-,-
2754,#26mostdiscussedmovieof2004 ,-,-
2755,#26mostdiscussedmovieof2005,-,-
2756,#26mostdiscussedmovieof2006 ,-,-
2757,#26mostdiscussedmovieof2008,-,-
2758,#26mostdiscussedmovieof2009 ,-,-
2759,#26mostdiscussedmovieof2012 ,-,-
2760,#26mostdiscussedmovieof2013 ,-,-
2761,#26mostdiscussedmovieof2014,-,-
2762,#26mostdiscussedmovieof2018,-,-
2763,#26mostdiscussedmovieof2019 ,-,-
2764,#26mostdiscussedmovieof2020,-,-
2765,#26mostdiscussedmovieof2021,-,-
2766,#26mostsharedmovieof2003,-,-
2767,#26mostsharedmovieof2006,-,-
2768,#27bestmovieof2000,-,-
2769,#27bestmovieof2001,-,-
2770,#27bestmovieof2002 ,-,-
2771,#27bestmovieof2003 ,-,-
2772,#27bestmovieof2004,-,-
2773,#27bestmovieof2005 ,-,-
2774,#27bestmovieof2006,-,-
2775,#27bestmovieof2007,-,-
2776,#27bestmovieof2008,-,-
2777,#27bestmovieof2009,-,-
2778,#27bestmovieof2010,-,-
2779,#27bestmovieof2011,-,-
2780,#27bestmovieof2012,-,-
2781,#27bestmovieof2013,-,-
2782,#27bestmovieof2014,-,-
2783,#27bestmovieof2015,-,-
2784,#27bestmovieof2016,-,-
2785,#27bestmovieof2017,-,-
2786,#27bestmovieof2018 ,-,-
2787,#27bestmovieof2019,-,-
2788,#27bestmovieof2020 ,-,-
2789,#27bestmovieof2021,-,-
2790,#27mostdiscussedmovieof2000 ,-,-
2791,#27mostdiscussedmovieof2002 ,-,-
2792,#27mostdiscussedmovieof2003,-,-
2793,#27mostdiscussedmovieof2005 ,-,-
2794,#27mostdiscussedmovieof2010,-,-
2795,#27mostdiscussedmovieof2011,-,-
2796,#27mostdiscussedmovieof2013 ,-,-
2797,#27mostdiscussedmovieof2014 ,-,-
2798,#27mostdiscussedmovieof2015 ,-,-
2799,#27mostdiscussedmovieof2016 ,-,-
2800,#27mostdiscussedmovieof2017 ,-,-
2801,#27mostdiscussedmovieof2019,-,-
2802,#27mostdiscussedmovieof2020,-,-
2803,#27mostdiscussedmovieof2021,-,-
2804,#27mostsharedmovieof2013,-,-
2805,#28bestmovieof2000,-,-
2806,#28bestmovieof2001,-,-
2807,#28bestmovieof2002 ,-,-
2808,#28bestmovieof2003 ,-,-
2809,#28bestmovieof2004,-,-
2810,#28bestmovieof2005 ,-,-
2811,#28bestmovieof2006,-,-
2812,#28bestmovieof2007 ,-,-
2813,#28bestmovieof2008 ,-,-
2814,#28bestmovieof2009,-,-
2815,#28bestmovieof2010 ,-,-
2816,#28bestmovieof2011,-,-
2817,#28bestmovieof2012,-,-
2818,#28bestmovieof2013,-,-
2819,#28bestmovieof2014,-,-
2820,#28bestmovieof2015,-,-
2821,#28bestmovieof2016,-,-
2822,#28bestmovieof2017,-,-
2823,#28bestmovieof2018,-,-
2824,#28bestmovieof2019,-,-
2825,#28bestmovieof2020,-,-
2826,#28bestmovieof2021 ,-,-
2827,#28mostdiscussedmovieof2000 ,-,-
2828,#28mostdiscussedmovieof2001 ,-,-
2829,#28mostdiscussedmovieof2002 ,-,-
2830,#28mostdiscussedmovieof2004 ,-,-
2831,#28mostdiscussedmovieof2006 ,-,-
2832,#28mostdiscussedmovieof2008 ,-,-
2833,#28mostdiscussedmovieof2009 ,-,-
2834,#28mostdiscussedmovieof2010 ,-,-
2835,#28mostdiscussedmovieof2012 ,-,-
2836,#28mostdiscussedmovieof2013 ,-,-
2837,#28mostdiscussedmovieof2016 ,-,-
2838,#28mostdiscussedmovieof2017 ,-,-
2839,#28mostdiscussedmovieof2018 ,-,-
2840,#28mostdiscussedmovieof2019,-,-
2841,#28mostdiscussedmovieof2021,-,-
2842,#28mostsharedmovieof2009,-,-
2843,#28mostsharedmovieof2014,-,-
2844,#29bestmovieof2000,-,-
2845,#29bestmovieof2001 ,-,-
2846,#29bestmovieof2002,-,-
2847,#29bestmovieof2003,-,-
2848,#29bestmovieof2004,-,-
2849,#29bestmovieof2005,-,-
2850,#29bestmovieof2006,-,-
2851,#29bestmovieof2007 ,-,-
2852,#29bestmovieof2008,-,-
2853,#29bestmovieof2009 ,-,-
2854,#29bestmovieof2010,-,-
2855,#29bestmovieof2011,-,-
2856,#29bestmovieof2012,-,-
2857,#29bestmovieof2013,-,-
2858,#29bestmovieof2014,-,-
2859,#29bestmovieof2015,-,-
2860,#29bestmovieof2016 ,-,-
2861,#29bestmovieof2017 ,-,-
2862,#29bestmovieof2018,-,-
2863,#29bestmovieof2019 ,-,-
2864,#29bestmovieof2020,-,-
2865,#29bestmovieof2021,-,-
2866,#29mostdiscussedmovieof2000 ,-,-
2867,#29mostdiscussedmovieof2001 ,-,-
2868,#29mostdiscussedmovieof2002,-,-
2869,#29mostdiscussedmovieof2003 ,-,-
2870,#29mostdiscussedmovieof2006 ,-,-
2871,#29mostdiscussedmovieof2008 ,-,-
2872,#29mostdiscussedmovieof2009 ,-,-
2873,#29mostdiscussedmovieof2011 ,-,-
2874,#29mostdiscussedmovieof2012 ,-,-
2875,#29mostdiscussedmovieof2013 ,-,-
2876,#29mostdiscussedmovieof2014 ,-,-
2877,#29mostdiscussedmovieof2015 ,-,-
2878,#29mostdiscussedmovieof2016 ,-,-
2879,#29mostdiscussedmovieof2017 ,-,-
2880,#29mostdiscussedmovieof2018,-,-
2881,#29mostdiscussedmovieof2019,-,-
2882,#29mostdiscussedmovieof2020,-,-
2883,#29mostdiscussedmovieof2021,-,-
2884,#29mostsharedmovieof2008,-,-
2885,#2bestmovieof2000 ,-,-
2886,#2bestmovieof2001 ,-,-
2887,#2bestmovieof2002,-,-
2888,#2bestmovieof2003 ,-,-
2889,#2bestmovieof2004,-,-
2890,#2bestmovieof2005 ,-,-
2891,#2bestmovieof2006 ,-,-
2892,#2bestmovieof2007 ,-,-
2893,#2bestmovieof2008 ,-,-
2894,#2bestmovieof2009,-,-
2895,#2bestmovieof2010 ,-,-
2896,#2bestmovieof2011 ,-,-
2897,#2bestmovieof2012 ,-,-
2898,#2bestmovieof2013 ,-,-
2899,#2bestmovieof2014 ,-,-
2900,#2bestmovieof2015 ,-,-
2901,#2bestmovieof2016 ,-,-
2902,#2bestmovieof2017,-,-
2903,#2bestmovieof2018,-,-
2904,#2bestmovieof2019 ,-,-
2905,#2bestmovieof2020,-,-
2906,#2bestmovieof2021,-,-
2907,#2mostdiscussedmovieof2000 ,-,-
2908,#2mostdiscussedmovieof2001 ,-,-
2909,#2mostdiscussedmovieof2002 ,-,-
2910,#2mostdiscussedmovieof2003 ,-,-
2911,#2mostdiscussedmovieof2007 ,-,-
2912,#2mostdiscussedmovieof2009 ,-,-
2913,#2mostdiscussedmovieof2012 ,-,-
2914,#2mostdiscussedmovieof2016 ,-,-
2915,#2mostdiscussedmovieof2017 ,-,-
2916,#2mostdiscussedmovieof2019 ,-,-
2917,#2mostdiscussedmovieof2021,-,-
2918,#2mostsharedmovieof2001,-,-
2919,#2mostsharedmovieof2004,-,-
2920,#2mostsharedmovieof2008,-,-
2921,#2mostsharedmovieof2021,-,-
2922,#30bestmovieof2000,-,-
2923,#30bestmovieof2001,-,-
2924,#30bestmovieof2002 ,-,-
2925,#30bestmovieof2003,-,-
2926,#30bestmovieof2004,-,-
2927,#30bestmovieof2005,-,-
2928,#30bestmovieof2006,-,-
2929,#30bestmovieof2007,-,-
2930,#30bestmovieof2008,-,-
2931,#30bestmovieof2009,-,-
2932,#30bestmovieof2010,-,-
2933,#30bestmovieof2011,-,-
2934,#30bestmovieof2012,-,-
2935,#30bestmovieof2013,-,-
2936,#30bestmovieof2014,-,-
2937,#30bestmovieof2015,-,-
2938,#30bestmovieof2016,-,-
2939,#30bestmovieof2017 ,-,-
2940,#30bestmovieof2018 ,-,-
2941,#30bestmovieof2019 ,-,-
2942,#30bestmovieof2020,-,-
2943,#30bestmovieof2021 ,-,-
2944,#30mostdiscussedmovieof2000 ,-,-
2945,#30mostdiscussedmovieof2001 ,-,-
2946,#30mostdiscussedmovieof2003,-,-
2947,#30mostdiscussedmovieof2005 ,-,-
2948,#30mostdiscussedmovieof2007,-,-
2949,#30mostdiscussedmovieof2009,-,-
2950,#30mostdiscussedmovieof2010 ,-,-
2951,#30mostdiscussedmovieof2011 ,-,-
2952,#30mostdiscussedmovieof2012,-,-
2953,#30mostdiscussedmovieof2013 ,-,-
2954,#30mostdiscussedmovieof2014 ,-,-
2955,#30mostdiscussedmovieof2015 ,-,-
2956,#30mostdiscussedmovieof2016 ,-,-
2957,#30mostdiscussedmovieof2018 ,-,-
2958,#30mostdiscussedmovieof2019,-,-
2959,#30mostdiscussedmovieof2020 ,-,-
2960,#30mostdiscussedmovieof2021 ,-,-
2961,#30mostsharedmovieof2001,-,-
2962,#30mostsharedmovieof2005,-,-
2963,#30mostsharedmovieof2008,-,-
2964,#30mostsharedmovieof2013,-,-
2965,#30mostsharedmovieof2019,-,-
2966,#31bestmovieof2000 ,-,-
2967,#31bestmovieof2001 ,-,-
2968,#31bestmovieof2002,-,-
2969,#31bestmovieof2003,-,-
2970,#31bestmovieof2004 ,-,-
2971,#31bestmovieof2005 ,-,-
2972,#31bestmovieof2006,-,-
2973,#31bestmovieof2007,-,-
2974,#31bestmovieof2008,-,-
2975,#31bestmovieof2009,-,-
2976,#31bestmovieof2010,-,-
2977,#31bestmovieof2011,-,-
2978,#31bestmovieof2012 ,-,-
2979,#31bestmovieof2013,-,-
2980,#31bestmovieof2014 ,-,-
2981,#31bestmovieof2015,-,-
2982,#31bestmovieof2016 ,-,-
2983,#31bestmovieof2017,-,-
2984,#31bestmovieof2018,-,-
2985,#31bestmovieof2019 ,-,-
2986,#31bestmovieof2020,-,-
2987,#31bestmovieof2021 ,-,-
2988,#31mostdiscussedmovieof2000 ,-,-
2989,#31mostdiscussedmovieof2001 ,-,-
2990,#31mostdiscussedmovieof2002,-,-
2991,#31mostdiscussedmovieof2003 ,-,-
2992,#31mostdiscussedmovieof2004 ,-,-
2993,#31mostdiscussedmovieof2006 ,-,-
2994,#31mostdiscussedmovieof2007 ,-,-
2995,#31mostdiscussedmovieof2008 ,-,-
2996,#31mostdiscussedmovieof2009 ,-,-
2997,#31mostdiscussedmovieof2010 ,-,-
2998,#31mostdiscussedmovieof2011 ,-,-
2999,#31mostdiscussedmovieof2012 ,-,-
3000,#31mostdiscussedmovieof2014 ,-,-
3001,#31mostdiscussedmovieof2015 ,-,-
3002,#31mostdiscussedmovieof2016 ,-,-
3003,#31mostdiscussedmovieof2017 ,-,-
3004,#31mostdiscussedmovieof2018 ,-,-
3005,#31mostdiscussedmovieof2019 ,-,-
3006,#31mostdiscussedmovieof2020,-,-
3007,#31mostdiscussedmovieof2021 ,-,-
3008,#31mostsharedmovieof2003,-,-
3009,#31mostsharedmovieof2005,-,-
3010,#31mostsharedmovieof2010,-,-
3011,#31mostsharedmovieof2014,-,-
3012,#31mostsharedmovieof2015,-,-
3013,#32bestmovieof2000,-,-
3014,#32bestmovieof2001,-,-
3015,#32bestmovieof2002,-,-
3016,#32bestmovieof2003,-,-
3017,#32bestmovieof2004,-,-
3018,#32bestmovieof2005,-,-
3019,#32bestmovieof2006,-,-
3020,#32bestmovieof2007 ,-,-
3021,#32bestmovieof2008,-,-
3022,#32bestmovieof2009,-,-
3023,#32bestmovieof2010,-,-
3024,#32bestmovieof2011,-,-
3025,#32bestmovieof2012,-,-
3026,#32bestmovieof2013 ,-,-
3027,#32bestmovieof2014,-,-
3028,#32bestmovieof2015,-,-
3029,#32bestmovieof2016,-,-
3030,#32bestmovieof2017,-,-
3031,#32bestmovieof2018 ,-,-
3032,#32bestmovieof2019,-,-
3033,#32bestmovieof2020 ,-,-
3034,#32bestmovieof2021,-,-
3035,#32mostdiscussedmovieof2000 ,-,-
3036,#32mostdiscussedmovieof2001,-,-
3037,#32mostdiscussedmovieof2002 ,-,-
3038,#32mostdiscussedmovieof2003 ,-,-
3039,#32mostdiscussedmovieof2004 ,-,-
3040,#32mostdiscussedmovieof2006,-,-
3041,#32mostdiscussedmovieof2007 ,-,-
3042,#32mostdiscussedmovieof2009 ,-,-
3043,#32mostdiscussedmovieof2010,-,-
3044,#32mostdiscussedmovieof2011,-,-
3045,#32mostdiscussedmovieof2012 ,-,-
3046,#32mostdiscussedmovieof2013 ,-,-
3047,#32mostdiscussedmovieof2014 ,-,-
3048,#32mostdiscussedmovieof2016 ,-,-
3049,#32mostdiscussedmovieof2017 ,-,-
3050,#32mostdiscussedmovieof2018 ,-,-
3051,#32mostdiscussedmovieof2019,-,-
3052,#32mostdiscussedmovieof2020,-,-
3053,#32mostsharedmovieof2005,-,-
3054,#32mostsharedmovieof2008,-,-
3055,#32mostsharedmovieof2014,-,-
3056,#33bestmovieof2000,-,-
3057,#33bestmovieof2001,-,-
3058,#33bestmovieof2002 ,-,-
3059,#33bestmovieof2003,-,-
3060,#33bestmovieof2004,-,-
3061,#33bestmovieof2005,-,-
3062,#33bestmovieof2006 ,-,-
3063,#33bestmovieof2007 ,-,-
3064,#33bestmovieof2008,-,-
3065,#33bestmovieof2009,-,-
3066,#33bestmovieof2010 ,-,-
3067,#33bestmovieof2011 ,-,-
3068,#33bestmovieof2012,-,-
3069,#33bestmovieof2013,-,-
3070,#33bestmovieof2014 ,-,-
3071,#33bestmovieof2015,-,-
3072,#33bestmovieof2016,-,-
3073,#33bestmovieof2017 ,-,-
3074,#33bestmovieof2018,-,-
3075,#33bestmovieof2019,-,-
3076,#33bestmovieof2020,-,-
3077,#33bestmovieof2021,-,-
3078,#33mostdiscussedmovieof2000 ,-,-
3079,#33mostdiscussedmovieof2001,-,-
3080,#33mostdiscussedmovieof2002 ,-,-
3081,#33mostdiscussedmovieof2004 ,-,-
3082,#33mostdiscussedmovieof2005 ,-,-
3083,#33mostdiscussedmovieof2006 ,-,-
3084,#33mostdiscussedmovieof2007,-,-
3085,#33mostdiscussedmovieof2008 ,-,-
3086,#33mostdiscussedmovieof2011 ,-,-
3087,#33mostdiscussedmovieof2012 ,-,-
3088,#33mostdiscussedmovieof2014 ,-,-
3089,#33mostdiscussedmovieof2017 ,-,-
3090,#33mostdiscussedmovieof2020,-,-
3091,#33mostdiscussedmovieof2021,-,-
3092,#33mostsharedmovieof2001,-,-
3093,#33mostsharedmovieof2005,-,-
3094,#33mostsharedmovieof2012,-,-
3095,#33mostsharedmovieof2014,-,-
3096,#34bestmovieof2000,-,-
3097,#34bestmovieof2001 ,-,-
3098,#34bestmovieof2002,-,-
3099,#34bestmovieof2003 ,-,-
3100,#34bestmovieof2004,-,-
3101,#34bestmovieof2005,-,-
3102,#34bestmovieof2006 ,-,-
3103,#34bestmovieof2007 ,-,-
3104,#34bestmovieof2008,-,-
3105,#34bestmovieof2009,-,-
3106,#34bestmovieof2010 ,-,-
3107,#34bestmovieof2011,-,-
3108,#34bestmovieof2012 ,-,-
3109,#34bestmovieof2013,-,-
3110,#34bestmovieof2014,-,-
3111,#34bestmovieof2015,-,-
3112,#34bestmovieof2016 ,-,-
3113,#34bestmovieof2017,-,-
3114,#34bestmovieof2018 ,-,-
3115,#34bestmovieof2019,-,-
3116,#34bestmovieof2020,-,-
3117,#34bestmovieof2021 ,-,-
3118,#34mostdiscussedmovieof2000,-,-
3119,#34mostdiscussedmovieof2001,-,-
3120,#34mostdiscussedmovieof2002 ,-,-
3121,#34mostdiscussedmovieof2003 ,-,-
3122,#34mostdiscussedmovieof2005 ,-,-
3123,#34mostdiscussedmovieof2006 ,-,-
3124,#34mostdiscussedmovieof2007 ,-,-
3125,#34mostdiscussedmovieof2008 ,-,-
3126,#34mostdiscussedmovieof2009 ,-,-
3127,#34mostdiscussedmovieof2010,-,-
3128,#34mostdiscussedmovieof2011,-,-
3129,#34mostdiscussedmovieof2012 ,-,-
3130,#34mostdiscussedmovieof2013 ,-,-
3131,#34mostdiscussedmovieof2015,-,-
3132,#34mostdiscussedmovieof2017 ,-,-
3133,#34mostdiscussedmovieof2018 ,-,-
3134,#34mostdiscussedmovieof2019 ,-,-
3135,#34mostdiscussedmovieof2021,-,-
3136,#34mostsharedmovieof2003,-,-
3137,#34mostsharedmovieof2006,-,-
3138,#34mostsharedmovieof2014,-,-
3139,#35bestmovieof2000,-,-
3140,#35bestmovieof2001,-,-
3141,#35bestmovieof2002,-,-
3142,#35bestmovieof2003,-,-
3143,#35bestmovieof2004,-,-
3144,#35bestmovieof2005,-,-
3145,#35bestmovieof2006 ,-,-
3146,#35bestmovieof2007 ,-,-
3147,#35bestmovieof2008 ,-,-
3148,#35bestmovieof2009,-,-
3149,#35bestmovieof2010,-,-
3150,#35bestmovieof2011,-,-
3151,#35bestmovieof2012,-,-
3152,#35bestmovieof2013 ,-,-
3153,#35bestmovieof2014,-,-
3154,#35bestmovieof2015,-,-
3155,#35bestmovieof2016,-,-
3156,#35bestmovieof2017,-,-
3157,#35bestmovieof2018,-,-
3158,#35bestmovieof2019,-,-
3159,#35bestmovieof2020 ,-,-
3160,#35bestmovieof2021,-,-
3161,#35mostdiscussedmovieof2000 ,-,-
3162,#35mostdiscussedmovieof2001,-,-
3163,#35mostdiscussedmovieof2003 ,-,-
3164,#35mostdiscussedmovieof2008 ,-,-
3165,#35mostdiscussedmovieof2009,-,-
3166,#35mostdiscussedmovieof2010,-,-
3167,#35mostdiscussedmovieof2012 ,-,-
3168,#35mostdiscussedmovieof2013 ,-,-
3169,#35mostdiscussedmovieof2014 ,-,-
3170,#35mostdiscussedmovieof2016 ,-,-
3171,#35mostdiscussedmovieof2017 ,-,-
3172,#35mostdiscussedmovieof2018 ,-,-
3173,#35mostdiscussedmovieof2020,-,-
3174,#35mostdiscussedmovieof2021,-,-
3175,#35mostsharedmovieof2002,-,-
3176,#35mostsharedmovieof2016,-,-
3177,#36bestmovieof2000,-,-
3178,#36bestmovieof2001,-,-
3179,#36bestmovieof2002 ,-,-
3180,#36bestmovieof2003 ,-,-
3181,#36bestmovieof2004 ,-,-
3182,#36bestmovieof2005,-,-
3183,#36bestmovieof2006,-,-
3184,#36bestmovieof2007 ,-,-
3185,#36bestmovieof2008,-,-
3186,#36bestmovieof2009,-,-
3187,#36bestmovieof2010,-,-
3188,#36bestmovieof2011,-,-
3189,#36bestmovieof2012,-,-
3190,#36bestmovieof2013 ,-,-
3191,#36bestmovieof2014,-,-
3192,#36bestmovieof2015,-,-
3193,#36bestmovieof2016,-,-
3194,#36bestmovieof2017,-,-
3195,#36bestmovieof2018,-,-
3196,#36bestmovieof2019 ,-,-
3197,#36bestmovieof2020,-,-
3198,#36bestmovieof2021,-,-
3199,#36mostdiscussedmovieof2000 ,-,-
3200,#36mostdiscussedmovieof2003 ,-,-
3201,#36mostdiscussedmovieof2004 ,-,-
3202,#36mostdiscussedmovieof2005 ,-,-
3203,#36mostdiscussedmovieof2006 ,-,-
3204,#36mostdiscussedmovieof2008,-,-
3205,#36mostdiscussedmovieof2009 ,-,-
3206,#36mostdiscussedmovieof2010 ,-,-
3207,#36mostdiscussedmovieof2012 ,-,-
3208,#36mostdiscussedmovieof2013,-,-
3209,#36mostdiscussedmovieof2014 ,-,-
3210,#36mostdiscussedmovieof2015 ,-,-
3211,#36mostdiscussedmovieof2017 ,-,-
3212,#36mostdiscussedmovieof2020,-,-
3213,#36mostdiscussedmovieof2021,-,-
3214,#36mostsharedmovieof2000,-,-
3215,#37bestmovieof2000 ,-,-
3216,#37bestmovieof2001,-,-
3217,#37bestmovieof2002 ,-,-
3218,#37bestmovieof2003,-,-
3219,#37bestmovieof2004,-,-
3220,#37bestmovieof2005,-,-
3221,#37bestmovieof2006,-,-
3222,#37bestmovieof2007,-,-
3223,#37bestmovieof2008,-,-
3224,#37bestmovieof2009,-,-
3225,#37bestmovieof2010,-,-
3226,#37bestmovieof2011 ,-,-
3227,#37bestmovieof2012 ,-,-
3228,#37bestmovieof2013,-,-
3229,#37bestmovieof2014,-,-
3230,#37bestmovieof2015,-,-
3231,#37bestmovieof2016,-,-
3232,#37bestmovieof2017,-,-
3233,#37bestmovieof2018 ,-,-
3234,#37bestmovieof2019,-,-
3235,#37bestmovieof2020,-,-
3236,#37bestmovieof2021,-,-
3237,#37mostdiscussedmovieof2000 ,-,-
3238,#37mostdiscussedmovieof2002 ,-,-
3239,#37mostdiscussedmovieof2004 ,-,-
3240,#37mostdiscussedmovieof2005,-,-
3241,#37mostdiscussedmovieof2007 ,-,-
3242,#37mostdiscussedmovieof2008 ,-,-
3243,#37mostdiscussedmovieof2009 ,-,-
3244,#37mostdiscussedmovieof2010,-,-
3245,#37mostdiscussedmovieof2013 ,-,-
3246,#37mostdiscussedmovieof2015 ,-,-
3247,#37mostdiscussedmovieof2016 ,-,-
3248,#37mostdiscussedmovieof2017 ,-,-
3249,#37mostdiscussedmovieof2018 ,-,-
3250,#37mostdiscussedmovieof2019 ,-,-
3251,#37mostdiscussedmovieof2020,-,-
3252,#37mostdiscussedmovieof2021,-,-
3253,#37mostsharedmovieof2002,-,-
3254,#37mostsharedmovieof2010,-,-
3255,#38bestmovieof2000,-,-
3256,#38bestmovieof2001,-,-
3257,#38bestmovieof2002,-,-
3258,#38bestmovieof2003 ,-,-
3259,#38bestmovieof2004,-,-
3260,#38bestmovieof2005 ,-,-
3261,#38bestmovieof2006 ,-,-
3262,#38bestmovieof2007,-,-
3263,#38bestmovieof2008 ,-,-
3264,#38bestmovieof2009,-,-
3265,#38bestmovieof2010,-,-
3266,#38bestmovieof2011,-,-
3267,#38bestmovieof2012,-,-
3268,#38bestmovieof2013,-,-
3269,#38bestmovieof2014,-,-
3270,#38bestmovieof2015,-,-
3271,#38bestmovieof2016,-,-
3272,#38bestmovieof2017,-,-
3273,#38bestmovieof2018,-,-
3274,#38bestmovieof2019 ,-,-
3275,#38bestmovieof2020 ,-,-
3276,#38bestmovieof2021,-,-
3277,#38mostdiscussedmovieof2000,-,-
3278,#38mostdiscussedmovieof2002 ,-,-
3279,#38mostdiscussedmovieof2003 ,-,-
3280,#38mostdiscussedmovieof2004 ,-,-
3281,#38mostdiscussedmovieof2006,-,-
3282,#38mostdiscussedmovieof2007 ,-,-
3283,#38mostdiscussedmovieof2009 ,-,-
3284,#38mostdiscussedmovieof2010,-,-
3285,#38mostdiscussedmovieof2011 ,-,-
3286,#38mostdiscussedmovieof2012 ,-,-
3287,#38mostdiscussedmovieof2014 ,-,-
3288,#38mostdiscussedmovieof2015 ,-,-
3289,#38mostdiscussedmovieof2016 ,-,-
3290,#38mostdiscussedmovieof2017 ,-,-
3291,#38mostdiscussedmovieof2018 ,-,-
3292,#38mostdiscussedmovieof2019 ,-,-
3293,#38mostdiscussedmovieof2020,-,-
3294,#38mostdiscussedmovieof2021,-,-
3295,#38mostsharedmovieof2003,-,-
3296,#38mostsharedmovieof2005,-,-
3297,#38mostsharedmovieof2012,-,-
3298,#38mostsharedmovieof2018,-,-
3299,#39bestmovieof2000,-,-
3300,#39bestmovieof2001,-,-
3301,#39bestmovieof2002 ,-,-
3302,#39bestmovieof2003,-,-
3303,#39bestmovieof2004,-,-
3304,#39bestmovieof2005,-,-
3305,#39bestmovieof2006,-,-
3306,#39bestmovieof2007,-,-
3307,#39bestmovieof2008,-,-
3308,#39bestmovieof2009,-,-
3309,#39bestmovieof2010 ,-,-
3310,#39bestmovieof2011 ,-,-
3311,#39bestmovieof2012 ,-,-
3312,#39bestmovieof2013,-,-
3313,#39bestmovieof2014,-,-
3314,#39bestmovieof2015 ,-,-
3315,#39bestmovieof2016,-,-
3316,#39bestmovieof2017,-,-
3317,#39bestmovieof2018,-,-
3318,#39bestmovieof2019,-,-
3319,#39bestmovieof2020,-,-
3320,#39bestmovieof2021,-,-
3321,#39mostdiscussedmovieof2000 ,-,-
3322,#39mostdiscussedmovieof2001 ,-,-
3323,#39mostdiscussedmovieof2002 ,-,-
3324,#39mostdiscussedmovieof2003,-,-
3325,#39mostdiscussedmovieof2004 ,-,-
3326,#39mostdiscussedmovieof2005 ,-,-
3327,#39mostdiscussedmovieof2006 ,-,-
3328,#39mostdiscussedmovieof2008 ,-,-
3329,#39mostdiscussedmovieof2010 ,-,-
3330,#39mostdiscussedmovieof2011 ,-,-
3331,#39mostdiscussedmovieof2012 ,-,-
3332,#39mostdiscussedmovieof2013,-,-
3333,#39mostdiscussedmovieof2014 ,-,-
3334,#39mostdiscussedmovieof2015,-,-
3335,#39mostdiscussedmovieof2016 ,-,-
3336,#39mostdiscussedmovieof2017 ,-,-
3337,#39mostdiscussedmovieof2018 ,-,-
3338,#39mostdiscussedmovieof2020,-,-
3339,#39mostdiscussedmovieof2021,-,-
3340,#39mostsharedmovieof2010,-,-
3341,#39mostsharedmovieof2011,-,-
3342,#39mostsharedmovieof2019,-,-
3343,#3bestmovieof2000,-,-
3344,#3bestmovieof2001 ,-,-
3345,#3bestmovieof2002 ,-,-
3346,#3bestmovieof2003 ,-,-
3347,#3bestmovieof2004 ,-,-
3348,#3bestmovieof2005,-,-
3349,#3bestmovieof2006 ,-,-
3350,#3bestmovieof2007 ,-,-
3351,#3bestmovieof2008 ,-,-
3352,#3bestmovieof2009 ,-,-
3353,#3bestmovieof2010 ,-,-
3354,#3bestmovieof2011,-,-
3355,#3bestmovieof2012 ,-,-
3356,#3bestmovieof2013 ,-,-
3357,#3bestmovieof2014 ,-,-
3358,#3bestmovieof2015 ,-,-
3359,#3bestmovieof2016 ,-,-
3360,#3bestmovieof2017 ,-,-
3361,#3bestmovieof2018 ,-,-
3362,#3bestmovieof2019 ,-,-
3363,#3bestmovieof2020 ,-,-
3364,#3bestmovieof2021,-,-
3365,#3mostdiscussedmovieof2000 ,-,-
3366,#3mostdiscussedmovieof2003 ,-,-
3367,#3mostdiscussedmovieof2005 ,-,-
3368,#3mostdiscussedmovieof2008 ,-,-
3369,#3mostdiscussedmovieof2009 ,-,-
3370,#3mostdiscussedmovieof2011 ,-,-
3371,#3mostdiscussedmovieof2012 ,-,-
3372,#3mostdiscussedmovieof2013 ,-,-
3373,#3mostdiscussedmovieof2014 ,-,-
3374,#3mostdiscussedmovieof2015 ,-,-
3375,#3mostdiscussedmovieof2016 ,-,-
3376,#3mostdiscussedmovieof2017 ,-,-
3377,#3mostdiscussedmovieof2018 ,-,-
3378,#3mostdiscussedmovieof2019 ,-,-
3379,#3mostdiscussedmovieof2020,-,-
3380,#3mostdiscussedmovieof2021,-,-
3381,#3mostsharedmovieof2003,-,-
3382,#3mostsharedmovieof2005,-,-
3383,#3mostsharedmovieof2020,-,-
3384,#40bestmovieof2000,-,-
3385,#40bestmovieof2001,-,-
3386,#40bestmovieof2002,-,-
3387,#40bestmovieof2003,-,-
3388,#40bestmovieof2004 ,-,-
3389,#40bestmovieof2005 ,-,-
3390,#40bestmovieof2006,-,-
3391,#40bestmovieof2007,-,-
3392,#40bestmovieof2008,-,-
3393,#40bestmovieof2009,-,-
3394,#40bestmovieof2010,-,-
3395,#40bestmovieof2011,-,-
3396,#40bestmovieof2012,-,-
3397,#40bestmovieof2013,-,-
3398,#40bestmovieof2014,-,-
3399,#40bestmovieof2015,-,-
3400,#40bestmovieof2016 ,-,-
3401,#40bestmovieof2017,-,-
3402,#40bestmovieof2018 ,-,-
3403,#40bestmovieof2019,-,-
3404,#40bestmovieof2020 ,-,-
3405,#40bestmovieof2021,-,-
3406,#40mostdiscussedmovieof2000,-,-
3407,#40mostdiscussedmovieof2001 ,-,-
3408,#40mostdiscussedmovieof2002 ,-,-
3409,#40mostdiscussedmovieof2004 ,-,-
3410,#40mostdiscussedmovieof2005,-,-
3411,#40mostdiscussedmovieof2006 ,-,-
3412,#40mostdiscussedmovieof2007 ,-,-
3413,#40mostdiscussedmovieof2008 ,-,-
3414,#40mostdiscussedmovieof2009 ,-,-
3415,#40mostdiscussedmovieof2011 ,-,-
3416,#40mostdiscussedmovieof2012 ,-,-
3417,#40mostdiscussedmovieof2013 ,-,-
3418,#40mostdiscussedmovieof2014 ,-,-
3419,#40mostdiscussedmovieof2015 ,-,-
3420,#40mostdiscussedmovieof2016 ,-,-
3421,#40mostdiscussedmovieof2018,-,-
3422,#40mostdiscussedmovieof2019 ,-,-
3423,#40mostdiscussedmovieof2021,-,-
3424,#40mostsharedmovieof2013,-,-
3425,#40mostsharedmovieof2018,-,-
3426,#41bestmovieof2000,-,-
3427,#41bestmovieof2001,-,-
3428,#41bestmovieof2002,-,-
3429,#41bestmovieof2003,-,-
3430,#41bestmovieof2004,-,-
3431,#41bestmovieof2005 ,-,-
3432,#41bestmovieof2006,-,-
3433,#41bestmovieof2007 ,-,-
3434,#41bestmovieof2008,-,-
3435,#41bestmovieof2009,-,-
3436,#41bestmovieof2010 ,-,-
3437,#41bestmovieof2011,-,-
3438,#41bestmovieof2012,-,-
3439,#41bestmovieof2013 ,-,-
3440,#41bestmovieof2014,-,-
3441,#41bestmovieof2015 ,-,-
3442,#41bestmovieof2016,-,-
3443,#41bestmovieof2017,-,-
3444,#41bestmovieof2018,-,-
3445,#41bestmovieof2019,-,-
3446,#41bestmovieof2020,-,-
3447,#41bestmovieof2021,-,-
3448,#41mostdiscussedmovieof2001 ,-,-
3449,#41mostdiscussedmovieof2002 ,-,-
3450,#41mostdiscussedmovieof2003 ,-,-
3451,#41mostdiscussedmovieof2004 ,-,-
3452,#41mostdiscussedmovieof2005 ,-,-
3453,#41mostdiscussedmovieof2006 ,-,-
3454,#41mostdiscussedmovieof2008 ,-,-
3455,#41mostdiscussedmovieof2009 ,-,-
3456,#41mostdiscussedmovieof2011 ,-,-
3457,#41mostdiscussedmovieof2012,-,-
3458,#41mostdiscussedmovieof2013 ,-,-
3459,#41mostdiscussedmovieof2014 ,-,-
3460,#41mostdiscussedmovieof2016 ,-,-
3461,#41mostdiscussedmovieof2017 ,-,-
3462,#41mostdiscussedmovieof2018,-,-
3463,#41mostdiscussedmovieof2019,-,-
3464,#41mostdiscussedmovieof2020,-,-
3465,#41mostdiscussedmovieof2021,-,-
3466,#41mostsharedmovieof2006,-,-
3467,#41mostsharedmovieof2007,-,-
3468,#41mostsharedmovieof2008,-,-
3469,#41mostsharedmovieof2019,-,-
3470,#42bestmovieof2000 ,-,-
3471,#42bestmovieof2001,-,-
3472,#42bestmovieof2002,-,-
3473,#42bestmovieof2003,-,-
3474,#42bestmovieof2004,-,-
3475,#42bestmovieof2005 ,-,-
3476,#42bestmovieof2006,-,-
3477,#42bestmovieof2007,-,-
3478,#42bestmovieof2008,-,-
3479,#42bestmovieof2009 ,-,-
3480,#42bestmovieof2010 ,-,-
3481,#42bestmovieof2011,-,-
3482,#42bestmovieof2012,-,-
3483,#42bestmovieof2013,-,-
3484,#42bestmovieof2014,-,-
3485,#42bestmovieof2015,-,-
3486,#42bestmovieof2016,-,-
3487,#42bestmovieof2017 ,-,-
3488,#42bestmovieof2018 ,-,-
3489,#42bestmovieof2019 ,-,-
3490,#42bestmovieof2020,-,-
3491,#42bestmovieof2021 ,-,-
3492,#42mostdiscussedmovieof2000,-,-
3493,#42mostdiscussedmovieof2001 ,-,-
3494,#42mostdiscussedmovieof2002 ,-,-
3495,#42mostdiscussedmovieof2003 ,-,-
3496,#42mostdiscussedmovieof2006,-,-
3497,#42mostdiscussedmovieof2008,-,-
3498,#42mostdiscussedmovieof2010 ,-,-
3499,#42mostdiscussedmovieof2011 ,-,-
3500,#42mostdiscussedmovieof2012 ,-,-
3501,#42mostdiscussedmovieof2013 ,-,-
3502,#42mostdiscussedmovieof2014 ,-,-
3503,#42mostdiscussedmovieof2016 ,-,-
3504,#42mostdiscussedmovieof2017 ,-,-
3505,#42mostdiscussedmovieof2018 ,-,-
3506,#42mostdiscussedmovieof2019,-,-
3507,#42mostdiscussedmovieof2020,-,-
3508,#42mostdiscussedmovieof2021,-,-
3509,#42mostsharedmovieof2004,-,-
3510,#42mostsharedmovieof2007,-,-
3511,#42mostsharedmovieof2009,-,-
3512,#43bestmovieof2000,-,-
3513,#43bestmovieof2001,-,-
3514,#43bestmovieof2002,-,-
3515,#43bestmovieof2003,-,-
3516,#43bestmovieof2004,-,-
3517,#43bestmovieof2005 ,-,-
3518,#43bestmovieof2006,-,-
3519,#43bestmovieof2007,-,-
3520,#43bestmovieof2008,-,-
3521,#43bestmovieof2009,-,-
3522,#43bestmovieof2010 ,-,-
3523,#43bestmovieof2011,-,-
3524,#43bestmovieof2012,-,-
3525,#43bestmovieof2013,-,-
3526,#43bestmovieof2014,-,-
3527,#43bestmovieof2015 ,-,-
3528,#43bestmovieof2016,-,-
3529,#43bestmovieof2017,-,-
3530,#43bestmovieof2018 ,-,-
3531,#43bestmovieof2019,-,-
3532,#43bestmovieof2020,-,-
3533,#43bestmovieof2021 ,-,-
3534,#43mostdiscussedmovieof2000 ,-,-
3535,#43mostdiscussedmovieof2001 ,-,-
3536,#43mostdiscussedmovieof2002,-,-
3537,#43mostdiscussedmovieof2004 ,-,-
3538,#43mostdiscussedmovieof2005,-,-
3539,#43mostdiscussedmovieof2006,-,-
3540,#43mostdiscussedmovieof2007 ,-,-
3541,#43mostdiscussedmovieof2008 ,-,-
3542,#43mostdiscussedmovieof2009 ,-,-
3543,#43mostdiscussedmovieof2010 ,-,-
3544,#43mostdiscussedmovieof2011 ,-,-
3545,#43mostdiscussedmovieof2012 ,-,-
3546,#43mostdiscussedmovieof2013 ,-,-
3547,#43mostdiscussedmovieof2014 ,-,-
3548,#43mostdiscussedmovieof2016 ,-,-
3549,#43mostdiscussedmovieof2017 ,-,-
3550,#43mostdiscussedmovieof2018 ,-,-
3551,#43mostdiscussedmovieof2019 ,-,-
3552,#43mostsharedmovieof2006,-,-
3553,#43mostsharedmovieof2007,-,-
3554,#43mostsharedmovieof2012,-,-
3555,#43mostsharedmovieof2019,-,-
3556,#44bestmovieof2000,-,-
3557,#44bestmovieof2001 ,-,-
3558,#44bestmovieof2002 ,-,-
3559,#44bestmovieof2003,-,-
3560,#44bestmovieof2004,-,-
3561,#44bestmovieof2005,-,-
3562,#44bestmovieof2006,-,-
3563,#44bestmovieof2007,-,-
3564,#44bestmovieof2008,-,-
3565,#44bestmovieof2009,-,-
3566,#44bestmovieof2010 ,-,-
3567,#44bestmovieof2011,-,-
3568,#44bestmovieof2012,-,-
3569,#44bestmovieof2013,-,-
3570,#44bestmovieof2014 ,-,-
3571,#44bestmovieof2015,-,-
3572,#44bestmovieof2016,-,-
3573,#44bestmovieof2017,-,-
3574,#44bestmovieof2018,-,-
3575,#44bestmovieof2019,-,-
3576,#44bestmovieof2020,-,-
3577,#44bestmovieof2021,-,-
3578,#44mostdiscussedmovieof2000 ,-,-
3579,#44mostdiscussedmovieof2001 ,-,-
3580,#44mostdiscussedmovieof2002 ,-,-
3581,#44mostdiscussedmovieof2003 ,-,-
3582,#44mostdiscussedmovieof2004 ,-,-
3583,#44mostdiscussedmovieof2005 ,-,-
3584,#44mostdiscussedmovieof2006 ,-,-
3585,#44mostdiscussedmovieof2009 ,-,-
3586,#44mostdiscussedmovieof2010 ,-,-
3587,#44mostdiscussedmovieof2011 ,-,-
3588,#44mostdiscussedmovieof2012,-,-
3589,#44mostdiscussedmovieof2013 ,-,-
3590,#44mostdiscussedmovieof2014,-,-
3591,#44mostdiscussedmovieof2015 ,-,-
3592,#44mostdiscussedmovieof2016 ,-,-
3593,#44mostdiscussedmovieof2019 ,-,-
3594,#44mostdiscussedmovieof2021,-,-
3595,#44mostsharedmovieof2006,-,-
3596,#44mostsharedmovieof2009,-,-
3597,#44mostsharedmovieof2010,-,-
3598,#44mostsharedmovieof2019,-,-
3599,#45bestmovieof2000,-,-
3600,#45bestmovieof2001,-,-
3601,#45bestmovieof2002,-,-
3602,#45bestmovieof2003,-,-
3603,#45bestmovieof2004,-,-
3604,#45bestmovieof2005,-,-
3605,#45bestmovieof2006 ,-,-
3606,#45bestmovieof2007,-,-
3607,#45bestmovieof2008,-,-
3608,#45bestmovieof2009 ,-,-
3609,#45bestmovieof2010,-,-
3610,#45bestmovieof2011,-,-
3611,#45bestmovieof2012,-,-
3612,#45bestmovieof2013 ,-,-
3613,#45bestmovieof2014 ,-,-
3614,#45bestmovieof2015,-,-
3615,#45bestmovieof2016,-,-
3616,#45bestmovieof2017,-,-
3617,#45bestmovieof2018,-,-
3618,#45bestmovieof2019,-,-
3619,#45bestmovieof2020,-,-
3620,#45bestmovieof2021,-,-
3621,#45mostdiscussedmovieof2001 ,-,-
3622,#45mostdiscussedmovieof2002,-,-
3623,#45mostdiscussedmovieof2004 ,-,-
3624,#45mostdiscussedmovieof2006 ,-,-
3625,#45mostdiscussedmovieof2008 ,-,-
3626,#45mostdiscussedmovieof2009,-,-
3627,#45mostdiscussedmovieof2012 ,-,-
3628,#45mostdiscussedmovieof2013 ,-,-
3629,#45mostdiscussedmovieof2014,-,-
3630,#45mostdiscussedmovieof2015 ,-,-
3631,#45mostdiscussedmovieof2016 ,-,-
3632,#45mostdiscussedmovieof2017 ,-,-
3633,#45mostdiscussedmovieof2018 ,-,-
3634,#45mostdiscussedmovieof2019,-,-
3635,#45mostdiscussedmovieof2020,-,-
3636,#45mostsharedmovieof2001,-,-
3637,#45mostsharedmovieof2008,-,-
3638,#45mostsharedmovieof2009,-,-
3639,#45mostsharedmovieof2019,-,-
3640,#46bestmovieof2000,-,-
3641,#46bestmovieof2001,-,-
3642,#46bestmovieof2002,-,-
3643,#46bestmovieof2003,-,-
3644,#46bestmovieof2004,-,-
3645,#46bestmovieof2005,-,-
3646,#46bestmovieof2006,-,-
3647,#46bestmovieof2007,-,-
3648,#46bestmovieof2008 ,-,-
3649,#46bestmovieof2009,-,-
3650,#46bestmovieof2010 ,-,-
3651,#46bestmovieof2011,-,-
3652,#46bestmovieof2012,-,-
3653,#46bestmovieof2013,-,-
3654,#46bestmovieof2014 ,-,-
3655,#46bestmovieof2015 ,-,-
3656,#46bestmovieof2016,-,-
3657,#46bestmovieof2017,-,-
3658,#46bestmovieof2018 ,-,-
3659,#46bestmovieof2019 ,-,-
3660,#46bestmovieof2020 ,-,-
3661,#46bestmovieof2021,-,-
3662,#46mostdiscussedmovieof2000 ,-,-
3663,#46mostdiscussedmovieof2001,-,-
3664,#46mostdiscussedmovieof2002 ,-,-
3665,#46mostdiscussedmovieof2003 ,-,-
3666,#46mostdiscussedmovieof2004 ,-,-
3667,#46mostdiscussedmovieof2005 ,-,-
3668,#46mostdiscussedmovieof2006,-,-
3669,#46mostdiscussedmovieof2007 ,-,-
3670,#46mostdiscussedmovieof2008 ,-,-
3671,#46mostdiscussedmovieof2010 ,-,-
3672,#46mostdiscussedmovieof2011 ,-,-
3673,#46mostdiscussedmovieof2012 ,-,-
3674,#46mostdiscussedmovieof2013 ,-,-
3675,#46mostdiscussedmovieof2014 ,-,-
3676,#46mostdiscussedmovieof2015,-,-
3677,#46mostdiscussedmovieof2016 ,-,-
3678,#46mostdiscussedmovieof2017 ,-,-
3679,#46mostdiscussedmovieof2018 ,-,-
3680,#46mostdiscussedmovieof2019,-,-
3681,#46mostdiscussedmovieof2020,-,-
3682,#46mostdiscussedmovieof2021,-,-
3683,#46mostsharedmovieof2000,-,-
3684,#46mostsharedmovieof2001,-,-
3685,#46mostsharedmovieof2002,-,-
3686,#46mostsharedmovieof2006,-,-
3687,#46mostsharedmovieof2007,-,-
3688,#46mostsharedmovieof2018,-,-
3689,#47bestmovieof2000,-,-
3690,#47bestmovieof2001,-,-
3691,#47bestmovieof2002,-,-
3692,#47bestmovieof2003,-,-
3693,#47bestmovieof2004 ,-,-
3694,#47bestmovieof2005,-,-
3695,#47bestmovieof2006,-,-
3696,#47bestmovieof2007,-,-
3697,#47bestmovieof2008,-,-
3698,#47bestmovieof2009,-,-
3699,#47bestmovieof2010,-,-
3700,#47bestmovieof2011 ,-,-
3701,#47bestmovieof2012,-,-
3702,#47bestmovieof2013,-,-
3703,#47bestmovieof2014 ,-,-
3704,#47bestmovieof2015,-,-
3705,#47bestmovieof2016,-,-
3706,#47bestmovieof2017 ,-,-
3707,#47bestmovieof2018,-,-
3708,#47bestmovieof2019,-,-
3709,#47bestmovieof2020 ,-,-
3710,#47bestmovieof2021,-,-
3711,#47mostdiscussedmovieof2001,-,-
3712,#47mostdiscussedmovieof2002 ,-,-
3713,#47mostdiscussedmovieof2003 ,-,-
3714,#47mostdiscussedmovieof2004 ,-,-
3715,#47mostdiscussedmovieof2005 ,-,-
3716,#47mostdiscussedmovieof2006 ,-,-
3717,#47mostdiscussedmovieof2007,-,-
3718,#47mostdiscussedmovieof2008,-,-
3719,#47mostdiscussedmovieof2009 ,-,-
3720,#47mostdiscussedmovieof2010,-,-
3721,#47mostdiscussedmovieof2011 ,-,-
3722,#47mostdiscussedmovieof2013,-,-
3723,#47mostdiscussedmovieof2014,-,-
3724,#47mostdiscussedmovieof2015 ,-,-
3725,#47mostdiscussedmovieof2016 ,-,-
3726,#47mostdiscussedmovieof2017 ,-,-
3727,#47mostdiscussedmovieof2018,-,-
3728,#47mostdiscussedmovieof2021,-,-
3729,#47mostsharedmovieof2002,-,-
3730,#47mostsharedmovieof2007,-,-
3731,#47mostsharedmovieof2012,-,-
3732,#47mostsharedmovieof2013,-,-
3733,#47mostsharedmovieof2018,-,-
3734,#47mostsharedmovieof2019,-,-
3735,#48bestmovieof2000,-,-
3736,#48bestmovieof2001,-,-
3737,#48bestmovieof2002,-,-
3738,#48bestmovieof2003 ,-,-
3739,#48bestmovieof2004,-,-
3740,#48bestmovieof2005,-,-
3741,#48bestmovieof2006,-,-
3742,#48bestmovieof2007 ,-,-
3743,#48bestmovieof2008 ,-,-
3744,#48bestmovieof2009,-,-
3745,#48bestmovieof2010,-,-
3746,#48bestmovieof2011,-,-
3747,#48bestmovieof2012 ,-,-
3748,#48bestmovieof2013,-,-
3749,#48bestmovieof2014,-,-
3750,#48bestmovieof2015 ,-,-
3751,#48bestmovieof2016 ,-,-
3752,#48bestmovieof2017,-,-
3753,#48bestmovieof2018,-,-
3754,#48bestmovieof2019,-,-
3755,#48bestmovieof2020,-,-
3756,#48bestmovieof2021,-,-
3757,#48mostdiscussedmovieof2000 ,-,-
3758,#48mostdiscussedmovieof2003 ,-,-
3759,#48mostdiscussedmovieof2004 ,-,-
3760,#48mostdiscussedmovieof2005,-,-
3761,#48mostdiscussedmovieof2006 ,-,-
3762,#48mostdiscussedmovieof2007 ,-,-
3763,#48mostdiscussedmovieof2008 ,-,-
3764,#48mostdiscussedmovieof2009 ,-,-
3765,#48mostdiscussedmovieof2010 ,-,-
3766,#48mostdiscussedmovieof2012 ,-,-
3767,#48mostdiscussedmovieof2013 ,-,-
3768,#48mostdiscussedmovieof2014 ,-,-
3769,#48mostdiscussedmovieof2015 ,-,-
3770,#48mostdiscussedmovieof2016 ,-,-
3771,#48mostdiscussedmovieof2018,-,-
3772,#48mostdiscussedmovieof2020,-,-
3773,#48mostdiscussedmovieof2021,-,-
3774,#48mostsharedmovieof2000,-,-
3775,#48mostsharedmovieof2004,-,-
3776,#48mostsharedmovieof2005,-,-
3777,#48mostsharedmovieof2006,-,-
3778,#48mostsharedmovieof2011,-,-
3779,#48mostsharedmovieof2018,-,-
3780,#49bestmovieof2000,-,-
3781,#49bestmovieof2001,-,-
3782,#49bestmovieof2002,-,-
3783,#49bestmovieof2003,-,-
3784,#49bestmovieof2004,-,-
3785,#49bestmovieof2005,-,-
3786,#49bestmovieof2006,-,-
3787,#49bestmovieof2007,-,-
3788,#49bestmovieof2008,-,-
3789,#49bestmovieof2009,-,-
3790,#49bestmovieof2010,-,-
3791,#49bestmovieof2011,-,-
3792,#49bestmovieof2012,-,-
3793,#49bestmovieof2013,-,-
3794,#49bestmovieof2014 ,-,-
3795,#49bestmovieof2015,-,-
3796,#49bestmovieof2016,-,-
3797,#49bestmovieof2017,-,-
3798,#49bestmovieof2018,-,-
3799,#49bestmovieof2019 ,-,-
3800,#49bestmovieof2020,-,-
3801,#49bestmovieof2021,-,-
3802,#49mostdiscussedmovieof2000,-,-
3803,#49mostdiscussedmovieof2001 ,-,-
3804,#49mostdiscussedmovieof2002 ,-,-
3805,#49mostdiscussedmovieof2003 ,-,-
3806,#49mostdiscussedmovieof2004 ,-,-
3807,#49mostdiscussedmovieof2005,-,-
3808,#49mostdiscussedmovieof2006 ,-,-
3809,#49mostdiscussedmovieof2007 ,-,-
3810,#49mostdiscussedmovieof2008 ,-,-
3811,#49mostdiscussedmovieof2009 ,-,-
3812,#49mostdiscussedmovieof2010 ,-,-
3813,#49mostdiscussedmovieof2011,-,-
3814,#49mostdiscussedmovieof2013 ,-,-
3815,#49mostdiscussedmovieof2014 ,-,-
3816,#49mostdiscussedmovieof2015,-,-
3817,#49mostdiscussedmovieof2016,-,-
3818,#49mostdiscussedmovieof2018 ,-,-
3819,#49mostdiscussedmovieof2019 ,-,-
3820,#49mostdiscussedmovieof2021,-,-
3821,#49mostsharedmovieof2002,-,-
3822,#49mostsharedmovieof2005,-,-
3823,#49mostsharedmovieof2007,-,-
3824,#49mostsharedmovieof2011,-,-
3825,#49mostsharedmovieof2015,-,-
3826,#49mostsharedmovieof2018,-,-
3827,#4bestmovieof2000 ,-,-
3828,#4bestmovieof2001,-,-
3829,#4bestmovieof2002 ,-,-
3830,#4bestmovieof2003,-,-
3831,#4bestmovieof2004 ,-,-
3832,#4bestmovieof2005 ,-,-
3833,#4bestmovieof2006 ,-,-
3834,#4bestmovieof2007 ,-,-
3835,#4bestmovieof2008,-,-
3836,#4bestmovieof2009,-,-
3837,#4bestmovieof2010 ,-,-
3838,#4bestmovieof2011,-,-
3839,#4bestmovieof2012 ,-,-
3840,#4bestmovieof2013 ,-,-
3841,#4bestmovieof2014,-,-
3842,#4bestmovieof2015,-,-
3843,#4bestmovieof2016 ,-,-
3844,#4bestmovieof2017 ,-,-
3845,#4bestmovieof2018,-,-
3846,#4bestmovieof2019 ,-,-
3847,#4bestmovieof2020,-,-
3848,#4bestmovieof2021,-,-
3849,#4mostdiscussedmovieof2000 ,-,-
3850,#4mostdiscussedmovieof2004 ,-,-
3851,#4mostdiscussedmovieof2005 ,-,-
3852,#4mostdiscussedmovieof2007 ,-,-
3853,#4mostdiscussedmovieof2010 ,-,-
3854,#4mostdiscussedmovieof2011 ,-,-
3855,#4mostdiscussedmovieof2012 ,-,-
3856,#4mostdiscussedmovieof2013 ,-,-
3857,#4mostdiscussedmovieof2014 ,-,-
3858,#4mostdiscussedmovieof2015 ,-,-
3859,#4mostdiscussedmovieof2016 ,-,-
3860,#4mostdiscussedmovieof2017 ,-,-
3861,#4mostdiscussedmovieof2018 ,-,-
3862,#4mostdiscussedmovieof2019 ,-,-
3863,#4mostdiscussedmovieof2020 ,-,-
3864,#4mostdiscussedmovieof2021,-,-
3865,#4mostsharedmovieof2000,-,-
3866,#4mostsharedmovieof2001,-,-
3867,#4mostsharedmovieof2005,-,-
3868,#4mostsharedmovieof2008,-,-
3869,#4mostsharedmovieof2016,-,-
3870,#4mostsharedmovieof2021,-,-
3871,#50bestmovieof2000,-,-
3872,#50bestmovieof2001 ,-,-
3873,#50bestmovieof2002,-,-
3874,#50bestmovieof2003,-,-
3875,#50bestmovieof2004,-,-
3876,#50bestmovieof2005,-,-
3877,#50bestmovieof2006,-,-
3878,#50bestmovieof2007 ,-,-
3879,#50bestmovieof2008,-,-
3880,#50bestmovieof2009 ,-,-
3881,#50bestmovieof2010,-,-
3882,#50bestmovieof2011,-,-
3883,#50bestmovieof2012,-,-
3884,#50bestmovieof2013,-,-
3885,#50bestmovieof2014,-,-
3886,#50bestmovieof2015,-,-
3887,#50bestmovieof2016 ,-,-
3888,#50bestmovieof2017 ,-,-
3889,#50bestmovieof2018,-,-
3890,#50bestmovieof2019,-,-
3891,#50bestmovieof2020 ,-,-
3892,#50bestmovieof2021,-,-
3893,#50mostdiscussedmovieof2000 ,-,-
3894,#50mostdiscussedmovieof2002 ,-,-
3895,#50mostdiscussedmovieof2003 ,-,-
3896,#50mostdiscussedmovieof2005 ,-,-
3897,#50mostdiscussedmovieof2006,-,-
3898,#50mostdiscussedmovieof2008,-,-
3899,#50mostdiscussedmovieof2009 ,-,-
3900,#50mostdiscussedmovieof2011 ,-,-
3901,#50mostdiscussedmovieof2012 ,-,-
3902,#50mostdiscussedmovieof2013 ,-,-
3903,#50mostdiscussedmovieof2014 ,-,-
3904,#50mostdiscussedmovieof2015 ,-,-
3905,#50mostdiscussedmovieof2016,-,-
3906,#50mostdiscussedmovieof2017 ,-,-
3907,#50mostdiscussedmovieof2019 ,-,-
3908,#50mostdiscussedmovieof2020,-,-
3909,#50mostsharedmovieof2001,-,-
3910,#50mostsharedmovieof2009,-,-
3911,#51bestmovieof2000,-,-
3912,#51bestmovieof2001,-,-
3913,#51bestmovieof2002,-,-
3914,#51bestmovieof2003,-,-
3915,#51bestmovieof2004,-,-
3916,#51bestmovieof2005,-,-
3917,#51bestmovieof2006,-,-
3918,#51bestmovieof2007,-,-
3919,#51bestmovieof2008,-,-
3920,#51bestmovieof2009,-,-
3921,#51bestmovieof2010 ,-,-
3922,#51bestmovieof2011,-,-
3923,#51bestmovieof2012,-,-
3924,#51bestmovieof2013,-,-
3925,#51bestmovieof2014,-,-
3926,#51bestmovieof2015,-,-
3927,#51bestmovieof2016,-,-
3928,#51bestmovieof2017,-,-
3929,#51bestmovieof2018 ,-,-
3930,#51bestmovieof2019,-,-
3931,#51bestmovieof2020,-,-
3932,#51bestmovieof2021,-,-
3933,#51mostdiscussedmovieof2000 ,-,-
3934,#51mostdiscussedmovieof2002,-,-
3935,#51mostdiscussedmovieof2004 ,-,-
3936,#51mostdiscussedmovieof2005,-,-
3937,#51mostdiscussedmovieof2007,-,-
3938,#51mostdiscussedmovieof2008 ,-,-
3939,#51mostdiscussedmovieof2009 ,-,-
3940,#51mostdiscussedmovieof2010,-,-
3941,#51mostdiscussedmovieof2011 ,-,-
3942,#51mostdiscussedmovieof2012 ,-,-
3943,#51mostdiscussedmovieof2013,-,-
3944,#51mostdiscussedmovieof2016 ,-,-
3945,#51mostdiscussedmovieof2017 ,-,-
3946,#51mostdiscussedmovieof2018 ,-,-
3947,#51mostdiscussedmovieof2019,-,-
3948,#51mostdiscussedmovieof2021,-,-
3949,#51mostsharedmovieof2003,-,-
3950,#51mostsharedmovieof2010,-,-
3951,#51mostsharedmovieof2015,-,-
3952,#51mostsharedmovieof2019,-,-
3953,#52bestmovieof2000,-,-
3954,#52bestmovieof2001,-,-
3955,#52bestmovieof2002,-,-
3956,#52bestmovieof2003,-,-
3957,#52bestmovieof2004,-,-
3958,#52bestmovieof2005,-,-
3959,#52bestmovieof2006,-,-
3960,#52bestmovieof2007,-,-
3961,#52bestmovieof2008,-,-
3962,#52bestmovieof2009 ,-,-
3963,#52bestmovieof2010,-,-
3964,#52bestmovieof2011,-,-
3965,#52bestmovieof2012,-,-
3966,#52bestmovieof2013,-,-
3967,#52bestmovieof2014,-,-
3968,#52bestmovieof2015 ,-,-
3969,#52bestmovieof2016,-,-
3970,#52bestmovieof2017,-,-
3971,#52bestmovieof2018,-,-
3972,#52bestmovieof2019,-,-
3973,#52bestmovieof2020,-,-
3974,#52bestmovieof2021,-,-
3975,#52mostdiscussedmovieof2002 ,-,-
3976,#52mostdiscussedmovieof2004 ,-,-
3977,#52mostdiscussedmovieof2005,-,-
3978,#52mostdiscussedmovieof2006 ,-,-
3979,#52mostdiscussedmovieof2007,-,-
3980,#52mostdiscussedmovieof2009 ,-,-
3981,#52mostdiscussedmovieof2010 ,-,-
3982,#52mostdiscussedmovieof2011 ,-,-
3983,#52mostdiscussedmovieof2012,-,-
3984,#52mostdiscussedmovieof2013,-,-
3985,#52mostdiscussedmovieof2014 ,-,-
3986,#52mostdiscussedmovieof2015,-,-
3987,#52mostdiscussedmovieof2016 ,-,-
3988,#52mostdiscussedmovieof2017 ,-,-
3989,#52mostdiscussedmovieof2018 ,-,-
3990,#52mostdiscussedmovieof2019,-,-
3991,#52mostdiscussedmovieof2020,-,-
3992,#52mostdiscussedmovieof2021,-,-
3993,#52mostsharedmovieof2001,-,-
3994,#52mostsharedmovieof2008,-,-
3995,#52mostsharedmovieof2018,-,-
3996,#53bestmovieof2000,-,-
3997,#53bestmovieof2001,-,-
3998,#53bestmovieof2002,-,-
3999,#53bestmovieof2003,-,-
4000,#53bestmovieof2004,-,-
4001,#53bestmovieof2005,-,-
4002,#53bestmovieof2006 ,-,-
4003,#53bestmovieof2007 ,-,-
4004,#53bestmovieof2008,-,-
4005,#53bestmovieof2009,-,-
4006,#53bestmovieof2010,-,-
4007,#53bestmovieof2011,-,-
4008,#53bestmovieof2012,-,-
4009,#53bestmovieof2013,-,-
4010,#53bestmovieof2014,-,-
4011,#53bestmovieof2015 ,-,-
4012,#53bestmovieof2016 ,-,-
4013,#53bestmovieof2017,-,-
4014,#53bestmovieof2018,-,-
4015,#53bestmovieof2019,-,-
4016,#53bestmovieof2020,-,-
4017,#53bestmovieof2021,-,-
4018,#53mostdiscussedmovieof2000 ,-,-
4019,#53mostdiscussedmovieof2001 ,-,-
4020,#53mostdiscussedmovieof2002 ,-,-
4021,#53mostdiscussedmovieof2003,-,-
4022,#53mostdiscussedmovieof2004 ,-,-
4023,#53mostdiscussedmovieof2006 ,-,-
4024,#53mostdiscussedmovieof2007,-,-
4025,#53mostdiscussedmovieof2009,-,-
4026,#53mostdiscussedmovieof2010,-,-
4027,#53mostdiscussedmovieof2011 ,-,-
4028,#53mostdiscussedmovieof2012,-,-
4029,#53mostdiscussedmovieof2013 ,-,-
4030,#53mostdiscussedmovieof2014,-,-
4031,#53mostdiscussedmovieof2015,-,-
4032,#53mostdiscussedmovieof2016 ,-,-
4033,#53mostdiscussedmovieof2017,-,-
4034,#53mostdiscussedmovieof2018 ,-,-
4035,#53mostdiscussedmovieof2019,-,-
4036,#53mostdiscussedmovieof2020,-,-
4037,#53mostdiscussedmovieof2021,-,-
4038,#53mostsharedmovieof2006,-,-
4039,#53mostsharedmovieof2009,-,-
4040,#54bestmovieof2000,-,-
4041,#54bestmovieof2001,-,-
4042,#54bestmovieof2002,-,-
4043,#54bestmovieof2003,-,-
4044,#54bestmovieof2004,-,-
4045,#54bestmovieof2005 ,-,-
4046,#54bestmovieof2006 ,-,-
4047,#54bestmovieof2007,-,-
4048,#54bestmovieof2008,-,-
4049,#54bestmovieof2009,-,-
4050,#54bestmovieof2010,-,-
4051,#54bestmovieof2011,-,-
4052,#54bestmovieof2012,-,-
4053,#54bestmovieof2013,-,-
4054,#54bestmovieof2014,-,-
4055,#54bestmovieof2015,-,-
4056,#54bestmovieof2016,-,-
4057,#54bestmovieof2017 ,-,-
4058,#54bestmovieof2018,-,-
4059,#54bestmovieof2019,-,-
4060,#54bestmovieof2020,-,-
4061,#54bestmovieof2021,-,-
4062,#54mostdiscussedmovieof2000 ,-,-
4063,#54mostdiscussedmovieof2001 ,-,-
4064,#54mostdiscussedmovieof2003 ,-,-
4065,#54mostdiscussedmovieof2004 ,-,-
4066,#54mostdiscussedmovieof2006 ,-,-
4067,#54mostdiscussedmovieof2007 ,-,-
4068,#54mostdiscussedmovieof2008 ,-,-
4069,#54mostdiscussedmovieof2009,-,-
4070,#54mostdiscussedmovieof2010 ,-,-
4071,#54mostdiscussedmovieof2011 ,-,-
4072,#54mostdiscussedmovieof2012 ,-,-
4073,#54mostdiscussedmovieof2014 ,-,-
4074,#54mostdiscussedmovieof2015,-,-
4075,#54mostdiscussedmovieof2016 ,-,-
4076,#54mostdiscussedmovieof2017 ,-,-
4077,#54mostdiscussedmovieof2018 ,-,-
4078,#54mostdiscussedmovieof2019 ,-,-
4079,#54mostdiscussedmovieof2020 ,-,-
4080,#54mostdiscussedmovieof2021,-,-
4081,#54mostsharedmovieof2002,-,-
4082,#54mostsharedmovieof2004,-,-
4083,#54mostsharedmovieof2019,-,-
4084,#55bestmovieof2000 ,-,-
4085,#55bestmovieof2001 ,-,-
4086,#55bestmovieof2002,-,-
4087,#55bestmovieof2003,-,-
4088,#55bestmovieof2004,-,-
4089,#55bestmovieof2005 ,-,-
4090,#55bestmovieof2006,-,-
4091,#55bestmovieof2007,-,-
4092,#55bestmovieof2008,-,-
4093,#55bestmovieof2009 ,-,-
4094,#55bestmovieof2010,-,-
4095,#55bestmovieof2011,-,-
4096,#55bestmovieof2012 ,-,-
4097,#55bestmovieof2013 ,-,-
4098,#55bestmovieof2014,-,-
4099,#55bestmovieof2015,-,-
4100,#55bestmovieof2016,-,-
4101,#55bestmovieof2017,-,-
4102,#55bestmovieof2018,-,-
4103,#55bestmovieof2019,-,-
4104,#55bestmovieof2020,-,-
4105,#55bestmovieof2021,-,-
4106,#55mostdiscussedmovieof2001,-,-
4107,#55mostdiscussedmovieof2002 ,-,-
4108,#55mostdiscussedmovieof2004 ,-,-
4109,#55mostdiscussedmovieof2005 ,-,-
4110,#55mostdiscussedmovieof2007 ,-,-
4111,#55mostdiscussedmovieof2008,-,-
4112,#55mostdiscussedmovieof2009 ,-,-
4113,#55mostdiscussedmovieof2011 ,-,-
4114,#55mostdiscussedmovieof2012 ,-,-
4115,#55mostdiscussedmovieof2013 ,-,-
4116,#55mostdiscussedmovieof2015 ,-,-
4117,#55mostdiscussedmovieof2016 ,-,-
4118,#55mostdiscussedmovieof2017 ,-,-
4119,#55mostdiscussedmovieof2019 ,-,-
4120,#55mostdiscussedmovieof2020,-,-
4121,#55mostsharedmovieof2011,-,-
4122,#55mostsharedmovieof2014,-,-
4123,#55mostsharedmovieof2019,-,-
4124,#56bestmovieof2000,-,-
4125,#56bestmovieof2001,-,-
4126,#56bestmovieof2002,-,-
4127,#56bestmovieof2003,-,-
4128,#56bestmovieof2004 ,-,-
4129,#56bestmovieof2005 ,-,-
4130,#56bestmovieof2006,-,-
4131,#56bestmovieof2007 ,-,-
4132,#56bestmovieof2008,-,-
4133,#56bestmovieof2009,-,-
4134,#56bestmovieof2010,-,-
4135,#56bestmovieof2011,-,-
4136,#56bestmovieof2012,-,-
4137,#56bestmovieof2013,-,-
4138,#56bestmovieof2014,-,-
4139,#56bestmovieof2015,-,-
4140,#56bestmovieof2016,-,-
4141,#56bestmovieof2017,-,-
4142,#56bestmovieof2018 ,-,-
4143,#56bestmovieof2019 ,-,-
4144,#56bestmovieof2020,-,-
4145,#56bestmovieof2021,-,-
4146,#56mostdiscussedmovieof2000,-,-
4147,#56mostdiscussedmovieof2001 ,-,-
4148,#56mostdiscussedmovieof2002,-,-
4149,#56mostdiscussedmovieof2003 ,-,-
4150,#56mostdiscussedmovieof2004,-,-
4151,#56mostdiscussedmovieof2005,-,-
4152,#56mostdiscussedmovieof2006,-,-
4153,#56mostdiscussedmovieof2007 ,-,-
4154,#56mostdiscussedmovieof2009,-,-
4155,#56mostdiscussedmovieof2010 ,-,-
4156,#56mostdiscussedmovieof2011 ,-,-
4157,#56mostdiscussedmovieof2012 ,-,-
4158,#56mostdiscussedmovieof2013 ,-,-
4159,#56mostdiscussedmovieof2014 ,-,-
4160,#56mostdiscussedmovieof2015 ,-,-
4161,#56mostdiscussedmovieof2016 ,-,-
4162,#56mostdiscussedmovieof2017 ,-,-
4163,#56mostdiscussedmovieof2018 ,-,-
4164,#56mostdiscussedmovieof2019,-,-
4165,#56mostdiscussedmovieof2020,-,-
4166,#56mostdiscussedmovieof2021,-,-
4167,#56mostsharedmovieof2005,-,-
4168,#56mostsharedmovieof2007,-,-
4169,#56mostsharedmovieof2008,-,-
4170,#56mostsharedmovieof2009,-,-
4171,#56mostsharedmovieof2010,-,-
4172,#56mostsharedmovieof2016,-,-
4173,#57bestmovieof2001 ,-,-
4174,#57bestmovieof2002,-,-
4175,#57bestmovieof2003,-,-
4176,#57bestmovieof2004 ,-,-
4177,#57bestmovieof2005,-,-
4178,#57bestmovieof2006,-,-
4179,#57bestmovieof2007,-,-
4180,#57bestmovieof2008,-,-
4181,#57bestmovieof2009,-,-
4182,#57bestmovieof2010,-,-
4183,#57bestmovieof2011,-,-
4184,#57bestmovieof2012,-,-
4185,#57bestmovieof2013,-,-
4186,#57bestmovieof2014,-,-
4187,#57bestmovieof2015 ,-,-
4188,#57bestmovieof2016,-,-
4189,#57bestmovieof2017,-,-
4190,#57bestmovieof2018,-,-
4191,#57bestmovieof2019 ,-,-
4192,#57bestmovieof2020,-,-
4193,#57bestmovieof2021,-,-
4194,#57mostdiscussedmovieof2000 ,-,-
4195,#57mostdiscussedmovieof2001,-,-
4196,#57mostdiscussedmovieof2002,-,-
4197,#57mostdiscussedmovieof2003 ,-,-
4198,#57mostdiscussedmovieof2004 ,-,-
4199,#57mostdiscussedmovieof2005 ,-,-
4200,#57mostdiscussedmovieof2006,-,-
4201,#57mostdiscussedmovieof2007 ,-,-
4202,#57mostdiscussedmovieof2008 ,-,-
4203,#57mostdiscussedmovieof2010,-,-
4204,#57mostdiscussedmovieof2012,-,-
4205,#57mostdiscussedmovieof2013,-,-
4206,#57mostdiscussedmovieof2015 ,-,-
4207,#57mostdiscussedmovieof2016,-,-
4208,#57mostdiscussedmovieof2017 ,-,-
4209,#57mostdiscussedmovieof2019 ,-,-
4210,#57mostdiscussedmovieof2020,-,-
4211,#57mostsharedmovieof2008,-,-
4212,#57mostsharedmovieof2010,-,-
4213,#57mostsharedmovieof2018,-,-
4214,#57mostsharedmovieof2019,-,-
4215,#58bestmovieof2001,-,-
4216,#58bestmovieof2002 ,-,-
4217,#58bestmovieof2003,-,-
4218,#58bestmovieof2004,-,-
4219,#58bestmovieof2005 ,-,-
4220,#58bestmovieof2006,-,-
4221,#58bestmovieof2007,-,-
4222,#58bestmovieof2008,-,-
4223,#58bestmovieof2009 ,-,-
4224,#58bestmovieof2010,-,-
4225,#58bestmovieof2011,-,-
4226,#58bestmovieof2012,-,-
4227,#58bestmovieof2013,-,-
4228,#58bestmovieof2014 ,-,-
4229,#58bestmovieof2015,-,-
4230,#58bestmovieof2016,-,-
4231,#58bestmovieof2017,-,-
4232,#58bestmovieof2018,-,-
4233,#58bestmovieof2019 ,-,-
4234,#58bestmovieof2020,-,-
4235,#58bestmovieof2021,-,-
4236,#58mostdiscussedmovieof2001,-,-
4237,#58mostdiscussedmovieof2002 ,-,-
4238,#58mostdiscussedmovieof2003,-,-
4239,#58mostdiscussedmovieof2004,-,-
4240,#58mostdiscussedmovieof2006 ,-,-
4241,#58mostdiscussedmovieof2008 ,-,-
4242,#58mostdiscussedmovieof2009,-,-
4243,#58mostdiscussedmovieof2010 ,-,-
4244,#58mostdiscussedmovieof2011 ,-,-
4245,#58mostdiscussedmovieof2012 ,-,-
4246,#58mostdiscussedmovieof2014,-,-
4247,#58mostdiscussedmovieof2015 ,-,-
4248,#58mostdiscussedmovieof2016 ,-,-
4249,#58mostdiscussedmovieof2017 ,-,-
4250,#58mostdiscussedmovieof2018 ,-,-
4251,#58mostdiscussedmovieof2019,-,-
4252,#58mostdiscussedmovieof2020,-,-
4253,#58mostdiscussedmovieof2021,-,-
4254,#58mostsharedmovieof2003,-,-
4255,#58mostsharedmovieof2004,-,-
4256,#58mostsharedmovieof2006,-,-
4257,#58mostsharedmovieof2011,-,-
4258,#58mostsharedmovieof2012,-,-
4259,#58mostsharedmovieof2019,-,-
4260,#59bestmovieof2000 ,-,-
4261,#59bestmovieof2001,-,-
4262,#59bestmovieof2002,-,-
4263,#59bestmovieof2003 ,-,-
4264,#59bestmovieof2004,-,-
4265,#59bestmovieof2005,-,-
4266,#59bestmovieof2006 ,-,-
4267,#59bestmovieof2007 ,-,-
4268,#59bestmovieof2008,-,-
4269,#59bestmovieof2009,-,-
4270,#59bestmovieof2010,-,-
4271,#59bestmovieof2011 ,-,-
4272,#59bestmovieof2012,-,-
4273,#59bestmovieof2013,-,-
4274,#59bestmovieof2014 ,-,-
4275,#59bestmovieof2015 ,-,-
4276,#59bestmovieof2016,-,-
4277,#59bestmovieof2017,-,-
4278,#59bestmovieof2018 ,-,-
4279,#59bestmovieof2019,-,-
4280,#59bestmovieof2020,-,-
4281,#59bestmovieof2021,-,-
4282,#59mostdiscussedmovieof2001 ,-,-
4283,#59mostdiscussedmovieof2002,-,-
4284,#59mostdiscussedmovieof2004,-,-
4285,#59mostdiscussedmovieof2005 ,-,-
4286,#59mostdiscussedmovieof2007 ,-,-
4287,#59mostdiscussedmovieof2011 ,-,-
4288,#59mostdiscussedmovieof2013,-,-
4289,#59mostdiscussedmovieof2014 ,-,-
4290,#59mostdiscussedmovieof2015,-,-
4291,#59mostdiscussedmovieof2016 ,-,-
4292,#59mostdiscussedmovieof2017 ,-,-
4293,#59mostdiscussedmovieof2020 ,-,-
4294,#59mostsharedmovieof2001,-,-
4295,#59mostsharedmovieof2011,-,-
4296,#59mostsharedmovieof2012,-,-
4297,#59mostsharedmovieof2018,-,-
4298,#5bestmovieof2000 ,-,-
4299,#5bestmovieof2001 ,-,-
4300,#5bestmovieof2002,-,-
4301,#5bestmovieof2003,-,-
4302,#5bestmovieof2004 ,-,-
4303,#5bestmovieof2005 ,-,-
4304,#5bestmovieof2006,-,-
4305,#5bestmovieof2007 ,-,-
4306,#5bestmovieof2008 ,-,-
4307,#5bestmovieof2009,-,-
4308,#5bestmovieof2010 ,-,-
4309,#5bestmovieof2011 ,-,-
4310,#5bestmovieof2012,-,-
4311,#5bestmovieof2013,-,-
4312,#5bestmovieof2014,-,-
4313,#5bestmovieof2015 ,-,-
4314,#5bestmovieof2016,-,-
4315,#5bestmovieof2017 ,-,-
4316,#5bestmovieof2018 ,-,-
4317,#5bestmovieof2019 ,-,-
4318,#5bestmovieof2020 ,-,-
4319,#5bestmovieof2021,-,-
4320,#5mostdiscussedmovieof2000 ,-,-
4321,#5mostdiscussedmovieof2001 ,-,-
4322,#5mostdiscussedmovieof2002 ,-,-
4323,#5mostdiscussedmovieof2006 ,-,-
4324,#5mostdiscussedmovieof2007 ,-,-
4325,#5mostdiscussedmovieof2008 ,-,-
4326,#5mostdiscussedmovieof2010 ,-,-
4327,#5mostdiscussedmovieof2011 ,-,-
4328,#5mostdiscussedmovieof2012 ,-,-
4329,#5mostdiscussedmovieof2013 ,-,-
4330,#5mostdiscussedmovieof2014 ,-,-
4331,#5mostdiscussedmovieof2016 ,-,-
4332,#5mostdiscussedmovieof2019 ,-,-
4333,#5mostdiscussedmovieof2020 ,-,-
4334,#5mostdiscussedmovieof2021,-,-
4335,#5mostsharedmovieof2002,-,-
4336,#5mostsharedmovieof2006,-,-
4337,#5mostsharedmovieof2016,-,-
4338,#5mostsharedmovieof2021,-,-
4339,#60bestmovieof2000,-,-
4340,#60bestmovieof2001,-,-
4341,#60bestmovieof2002 ,-,-
4342,#60bestmovieof2003,-,-
4343,#60bestmovieof2004,-,-
4344,#60bestmovieof2005,-,-
4345,#60bestmovieof2006,-,-
4346,#60bestmovieof2007 ,-,-
4347,#60bestmovieof2008,-,-
4348,#60bestmovieof2009,-,-
4349,#60bestmovieof2010 ,-,-
4350,#60bestmovieof2011,-,-
4351,#60bestmovieof2012,-,-
4352,#60bestmovieof2013,-,-
4353,#60bestmovieof2014,-,-
4354,#60bestmovieof2015,-,-
4355,#60bestmovieof2016,-,-
4356,#60bestmovieof2017 ,-,-
4357,#60bestmovieof2018,-,-
4358,#60bestmovieof2019,-,-
4359,#60bestmovieof2020,-,-
4360,#60bestmovieof2021,-,-
4361,#60mostdiscussedmovieof2000 ,-,-
4362,#60mostdiscussedmovieof2001 ,-,-
4363,#60mostdiscussedmovieof2002,-,-
4364,#60mostdiscussedmovieof2004 ,-,-
4365,#60mostdiscussedmovieof2005,-,-
4366,#60mostdiscussedmovieof2007 ,-,-
4367,#60mostdiscussedmovieof2008 ,-,-
4368,#60mostdiscussedmovieof2009,-,-
4369,#60mostdiscussedmovieof2010,-,-
4370,#60mostdiscussedmovieof2011,-,-
4371,#60mostdiscussedmovieof2012 ,-,-
4372,#60mostdiscussedmovieof2014 ,-,-
4373,#60mostdiscussedmovieof2015,-,-
4374,#60mostdiscussedmovieof2016 ,-,-
4375,#60mostdiscussedmovieof2019 ,-,-
4376,#60mostdiscussedmovieof2020,-,-
4377,#60mostdiscussedmovieof2021,-,-
4378,#60mostsharedmovieof2002,-,-
4379,#60mostsharedmovieof2008,-,-
4380,#60mostsharedmovieof2012,-,-
4381,#60mostsharedmovieof2015,-,-
4382,#60mostsharedmovieof2019,-,-
4383,#61bestmovieof2000,-,-
4384,#61bestmovieof2001 ,-,-
4385,#61bestmovieof2002 ,-,-
4386,#61bestmovieof2003,-,-
4387,#61bestmovieof2004,-,-
4388,#61bestmovieof2005,-,-
4389,#61bestmovieof2006 ,-,-
4390,#61bestmovieof2007,-,-
4391,#61bestmovieof2008,-,-
4392,#61bestmovieof2009,-,-
4393,#61bestmovieof2010 ,-,-
4394,#61bestmovieof2011,-,-
4395,#61bestmovieof2012 ,-,-
4396,#61bestmovieof2013,-,-
4397,#61bestmovieof2014,-,-
4398,#61bestmovieof2015 ,-,-
4399,#61bestmovieof2016,-,-
4400,#61bestmovieof2017,-,-
4401,#61bestmovieof2018,-,-
4402,#61bestmovieof2019,-,-
4403,#61bestmovieof2020,-,-
4404,#61bestmovieof2021,-,-
4405,#61mostdiscussedmovieof2000 ,-,-
4406,#61mostdiscussedmovieof2001 ,-,-
4407,#61mostdiscussedmovieof2003 ,-,-
4408,#61mostdiscussedmovieof2004,-,-
4409,#61mostdiscussedmovieof2005 ,-,-
4410,#61mostdiscussedmovieof2006 ,-,-
4411,#61mostdiscussedmovieof2007 ,-,-
4412,#61mostdiscussedmovieof2008 ,-,-
4413,#61mostdiscussedmovieof2009 ,-,-
4414,#61mostdiscussedmovieof2010 ,-,-
4415,#61mostdiscussedmovieof2011 ,-,-
4416,#61mostdiscussedmovieof2012,-,-
4417,#61mostdiscussedmovieof2013,-,-
4418,#61mostdiscussedmovieof2015 ,-,-
4419,#61mostdiscussedmovieof2016 ,-,-
4420,#61mostdiscussedmovieof2017 ,-,-
4421,#61mostdiscussedmovieof2018 ,-,-
4422,#61mostdiscussedmovieof2019,-,-
4423,#61mostdiscussedmovieof2020,-,-
4424,#61mostdiscussedmovieof2021,-,-
4425,#61mostsharedmovieof2002,-,-
4426,#61mostsharedmovieof2004,-,-
4427,#61mostsharedmovieof2006,-,-
4428,#61mostsharedmovieof2010,-,-
4429,#61mostsharedmovieof2011,-,-
4430,#61mostsharedmovieof2013,-,-
4431,#61mostsharedmovieof2019,-,-
4432,#62bestmovieof2000,-,-
4433,#62bestmovieof2001,-,-
4434,#62bestmovieof2002,-,-
4435,#62bestmovieof2003,-,-
4436,#62bestmovieof2004 ,-,-
4437,#62bestmovieof2005 ,-,-
4438,#62bestmovieof2006 ,-,-
4439,#62bestmovieof2007,-,-
4440,#62bestmovieof2008,-,-
4441,#62bestmovieof2009 ,-,-
4442,#62bestmovieof2010,-,-
4443,#62bestmovieof2011,-,-
4444,#62bestmovieof2012,-,-
4445,#62bestmovieof2013,-,-
4446,#62bestmovieof2014 ,-,-
4447,#62bestmovieof2015 ,-,-
4448,#62bestmovieof2016,-,-
4449,#62bestmovieof2017,-,-
4450,#62bestmovieof2018 ,-,-
4451,#62bestmovieof2019,-,-
4452,#62bestmovieof2020,-,-
4453,#62bestmovieof2021,-,-
4454,#62mostdiscussedmovieof2000 ,-,-
4455,#62mostdiscussedmovieof2001 ,-,-
4456,#62mostdiscussedmovieof2002 ,-,-
4457,#62mostdiscussedmovieof2003 ,-,-
4458,#62mostdiscussedmovieof2004,-,-
4459,#62mostdiscussedmovieof2005 ,-,-
4460,#62mostdiscussedmovieof2007 ,-,-
4461,#62mostdiscussedmovieof2008,-,-
4462,#62mostdiscussedmovieof2009 ,-,-
4463,#62mostdiscussedmovieof2010,-,-
4464,#62mostdiscussedmovieof2011,-,-
4465,#62mostdiscussedmovieof2012 ,-,-
4466,#62mostdiscussedmovieof2013 ,-,-
4467,#62mostdiscussedmovieof2014,-,-
4468,#62mostdiscussedmovieof2015 ,-,-
4469,#62mostdiscussedmovieof2016 ,-,-
4470,#62mostdiscussedmovieof2017 ,-,-
4471,#62mostdiscussedmovieof2018,-,-
4472,#62mostdiscussedmovieof2019 ,-,-
4473,#62mostdiscussedmovieof2020,-,-
4474,#62mostdiscussedmovieof2021,-,-
4475,#62mostsharedmovieof2001,-,-
4476,#62mostsharedmovieof2005,-,-
4477,#62mostsharedmovieof2007,-,-
4478,#62mostsharedmovieof2009,-,-
4479,#62mostsharedmovieof2010,-,-
4480,#62mostsharedmovieof2016,-,-
4481,#62mostsharedmovieof2017,-,-
4482,#62mostsharedmovieof2018,-,-
4483,#62mostsharedmovieof2019,-,-
4484,#63bestmovieof2000 ,-,-
4485,#63bestmovieof2001 ,-,-
4486,#63bestmovieof2002,-,-
4487,#63bestmovieof2003 ,-,-
4488,#63bestmovieof2004,-,-
4489,#63bestmovieof2005,-,-
4490,#63bestmovieof2006,-,-
4491,#63bestmovieof2007 ,-,-
4492,#63bestmovieof2008 ,-,-
4493,#63bestmovieof2009,-,-
4494,#63bestmovieof2010,-,-
4495,#63bestmovieof2011,-,-
4496,#63bestmovieof2012,-,-
4497,#63bestmovieof2013 ,-,-
4498,#63bestmovieof2014 ,-,-
4499,#63bestmovieof2015,-,-
4500,#63bestmovieof2016,-,-
4501,#63bestmovieof2017,-,-
4502,#63bestmovieof2018,-,-
4503,#63bestmovieof2019 ,-,-
4504,#63bestmovieof2020,-,-
4505,#63bestmovieof2021,-,-
4506,#63mostdiscussedmovieof2000,-,-
4507,#63mostdiscussedmovieof2001 ,-,-
4508,#63mostdiscussedmovieof2002,-,-
4509,#63mostdiscussedmovieof2004,-,-
4510,#63mostdiscussedmovieof2006,-,-
4511,#63mostdiscussedmovieof2007,-,-
4512,#63mostdiscussedmovieof2008,-,-
4513,#63mostdiscussedmovieof2009 ,-,-
4514,#63mostdiscussedmovieof2010 ,-,-
4515,#63mostdiscussedmovieof2011 ,-,-
4516,#63mostdiscussedmovieof2012 ,-,-
4517,#63mostdiscussedmovieof2013,-,-
4518,#63mostdiscussedmovieof2014 ,-,-
4519,#63mostdiscussedmovieof2015 ,-,-
4520,#63mostdiscussedmovieof2016 ,-,-
4521,#63mostdiscussedmovieof2017 ,-,-
4522,#63mostdiscussedmovieof2018 ,-,-
4523,#63mostdiscussedmovieof2019,-,-
4524,#63mostdiscussedmovieof2021,-,-
4525,#63mostsharedmovieof2000,-,-
4526,#63mostsharedmovieof2009,-,-
4527,#63mostsharedmovieof2019,-,-
4528,#64bestmovieof2000,-,-
4529,#64bestmovieof2001 ,-,-
4530,#64bestmovieof2002,-,-
4531,#64bestmovieof2003 ,-,-
4532,#64bestmovieof2004 ,-,-
4533,#64bestmovieof2005,-,-
4534,#64bestmovieof2006,-,-
4535,#64bestmovieof2007,-,-
4536,#64bestmovieof2008 ,-,-
4537,#64bestmovieof2009,-,-
4538,#64bestmovieof2010,-,-
4539,#64bestmovieof2011,-,-
4540,#64bestmovieof2012,-,-
4541,#64bestmovieof2013,-,-
4542,#64bestmovieof2014,-,-
4543,#64bestmovieof2015,-,-
4544,#64bestmovieof2016,-,-
4545,#64bestmovieof2017 ,-,-
4546,#64bestmovieof2018 ,-,-
4547,#64bestmovieof2019,-,-
4548,#64bestmovieof2020,-,-
4549,#64bestmovieof2021,-,-
4550,#64mostdiscussedmovieof2000 ,-,-
4551,#64mostdiscussedmovieof2001,-,-
4552,#64mostdiscussedmovieof2002 ,-,-
4553,#64mostdiscussedmovieof2003 ,-,-
4554,#64mostdiscussedmovieof2004,-,-
4555,#64mostdiscussedmovieof2005,-,-
4556,#64mostdiscussedmovieof2007 ,-,-
4557,#64mostdiscussedmovieof2008,-,-
4558,#64mostdiscussedmovieof2009 ,-,-
4559,#64mostdiscussedmovieof2010 ,-,-
4560,#64mostdiscussedmovieof2011 ,-,-
4561,#64mostdiscussedmovieof2012 ,-,-
4562,#64mostdiscussedmovieof2013,-,-
4563,#64mostdiscussedmovieof2014,-,-
4564,#64mostdiscussedmovieof2015 ,-,-
4565,#64mostdiscussedmovieof2018 ,-,-
4566,#64mostdiscussedmovieof2019 ,-,-
4567,#64mostdiscussedmovieof2020,-,-
4568,#64mostsharedmovieof2005,-,-
4569,#64mostsharedmovieof2006,-,-
4570,#64mostsharedmovieof2007,-,-
4571,#64mostsharedmovieof2010,-,-
4572,#64mostsharedmovieof2013,-,-
4573,#64mostsharedmovieof2015,-,-
4574,#64mostsharedmovieof2019,-,-
4575,#65bestmovieof2000 ,-,-
4576,#65bestmovieof2001,-,-
4577,#65bestmovieof2002 ,-,-
4578,#65bestmovieof2003,-,-
4579,#65bestmovieof2004,-,-
4580,#65bestmovieof2005,-,-
4581,#65bestmovieof2006,-,-
4582,#65bestmovieof2007,-,-
4583,#65bestmovieof2008,-,-
4584,#65bestmovieof2009,-,-
4585,#65bestmovieof2010,-,-
4586,#65bestmovieof2011 ,-,-
4587,#65bestmovieof2012,-,-
4588,#65bestmovieof2013,-,-
4589,#65bestmovieof2014 ,-,-
4590,#65bestmovieof2015,-,-
4591,#65bestmovieof2016,-,-
4592,#65bestmovieof2017,-,-
4593,#65bestmovieof2018,-,-
4594,#65bestmovieof2019,-,-
4595,#65bestmovieof2020,-,-
4596,#65bestmovieof2021 ,-,-
4597,#65mostdiscussedmovieof2001,-,-
4598,#65mostdiscussedmovieof2002 ,-,-
4599,#65mostdiscussedmovieof2003,-,-
4600,#65mostdiscussedmovieof2004 ,-,-
4601,#65mostdiscussedmovieof2006 ,-,-
4602,#65mostdiscussedmovieof2007,-,-
4603,#65mostdiscussedmovieof2008 ,-,-
4604,#65mostdiscussedmovieof2009,-,-
4605,#65mostdiscussedmovieof2010,-,-
4606,#65mostdiscussedmovieof2011 ,-,-
4607,#65mostdiscussedmovieof2012 ,-,-
4608,#65mostdiscussedmovieof2014 ,-,-
4609,#65mostdiscussedmovieof2015,-,-
4610,#65mostdiscussedmovieof2016 ,-,-
4611,#65mostdiscussedmovieof2017 ,-,-
4612,#65mostdiscussedmovieof2018,-,-
4613,#65mostdiscussedmovieof2019 ,-,-
4614,#65mostdiscussedmovieof2020,-,-
4615,#65mostdiscussedmovieof2021,-,-
4616,#65mostsharedmovieof2000,-,-
4617,#65mostsharedmovieof2005,-,-
4618,#65mostsharedmovieof2010,-,-
4619,#66bestmovieof2000 ,-,-
4620,#66bestmovieof2001,-,-
4621,#66bestmovieof2002 ,-,-
4622,#66bestmovieof2003,-,-
4623,#66bestmovieof2004,-,-
4624,#66bestmovieof2005 ,-,-
4625,#66bestmovieof2006,-,-
4626,#66bestmovieof2007,-,-
4627,#66bestmovieof2008,-,-
4628,#66bestmovieof2009,-,-
4629,#66bestmovieof2010,-,-
4630,#66bestmovieof2011,-,-
4631,#66bestmovieof2012,-,-
4632,#66bestmovieof2013,-,-
4633,#66bestmovieof2014,-,-
4634,#66bestmovieof2015 ,-,-
4635,#66bestmovieof2016,-,-
4636,#66bestmovieof2017 ,-,-
4637,#66bestmovieof2018 ,-,-
4638,#66bestmovieof2019,-,-
4639,#66bestmovieof2020,-,-
4640,#66bestmovieof2021,-,-
4641,#66mostdiscussedmovieof2001 ,-,-
4642,#66mostdiscussedmovieof2002 ,-,-
4643,#66mostdiscussedmovieof2003,-,-
4644,#66mostdiscussedmovieof2005 ,-,-
4645,#66mostdiscussedmovieof2007 ,-,-
4646,#66mostdiscussedmovieof2008 ,-,-
4647,#66mostdiscussedmovieof2009 ,-,-
4648,#66mostdiscussedmovieof2010,-,-
4649,#66mostdiscussedmovieof2011,-,-
4650,#66mostdiscussedmovieof2012 ,-,-
4651,#66mostdiscussedmovieof2013 ,-,-
4652,#66mostdiscussedmovieof2016,-,-
4653,#66mostdiscussedmovieof2018,-,-
4654,#66mostdiscussedmovieof2019,-,-
4655,#66mostdiscussedmovieof2020,-,-
4656,#66mostdiscussedmovieof2021,-,-
4657,#66mostsharedmovieof2000,-,-
4658,#66mostsharedmovieof2002,-,-
4659,#66mostsharedmovieof2003,-,-
4660,#66mostsharedmovieof2004,-,-
4661,#66mostsharedmovieof2009,-,-
4662,#66mostsharedmovieof2011,-,-
4663,#66mostsharedmovieof2018,-,-
4664,#66mostsharedmovieof2019,-,-
4665,#67bestmovieof2000,-,-
4666,#67bestmovieof2001,-,-
4667,#67bestmovieof2002,-,-
4668,#67bestmovieof2003 ,-,-
4669,#67bestmovieof2004,-,-
4670,#67bestmovieof2005,-,-
4671,#67bestmovieof2006,-,-
4672,#67bestmovieof2007 ,-,-
4673,#67bestmovieof2008,-,-
4674,#67bestmovieof2009 ,-,-
4675,#67bestmovieof2010 ,-,-
4676,#67bestmovieof2011,-,-
4677,#67bestmovieof2012,-,-
4678,#67bestmovieof2013,-,-
4679,#67bestmovieof2014,-,-
4680,#67bestmovieof2015,-,-
4681,#67bestmovieof2016 ,-,-
4682,#67bestmovieof2017,-,-
4683,#67bestmovieof2018,-,-
4684,#67bestmovieof2019,-,-
4685,#67bestmovieof2020 ,-,-
4686,#67bestmovieof2021,-,-
4687,#67mostdiscussedmovieof2001,-,-
4688,#67mostdiscussedmovieof2002,-,-
4689,#67mostdiscussedmovieof2003 ,-,-
4690,#67mostdiscussedmovieof2004 ,-,-
4691,#67mostdiscussedmovieof2009,-,-
4692,#67mostdiscussedmovieof2010 ,-,-
4693,#67mostdiscussedmovieof2011,-,-
4694,#67mostdiscussedmovieof2012 ,-,-
4695,#67mostdiscussedmovieof2013 ,-,-
4696,#67mostdiscussedmovieof2014 ,-,-
4697,#67mostdiscussedmovieof2016 ,-,-
4698,#67mostdiscussedmovieof2017 ,-,-
4699,#67mostdiscussedmovieof2019 ,-,-
4700,#67mostdiscussedmovieof2020,-,-
4701,#67mostdiscussedmovieof2021,-,-
4702,#67mostsharedmovieof2009,-,-
4703,#67mostsharedmovieof2011,-,-
4704,#67mostsharedmovieof2014,-,-
4705,#67mostsharedmovieof2016,-,-
4706,#68bestmovieof2000 ,-,-
4707,#68bestmovieof2001,-,-
4708,#68bestmovieof2002,-,-
4709,#68bestmovieof2003 ,-,-
4710,#68bestmovieof2004,-,-
4711,#68bestmovieof2005,-,-
4712,#68bestmovieof2006 ,-,-
4713,#68bestmovieof2007 ,-,-
4714,#68bestmovieof2008 ,-,-
4715,#68bestmovieof2009,-,-
4716,#68bestmovieof2010,-,-
4717,#68bestmovieof2011 ,-,-
4718,#68bestmovieof2012 ,-,-
4719,#68bestmovieof2013,-,-
4720,#68bestmovieof2014 ,-,-
4721,#68bestmovieof2015 ,-,-
4722,#68bestmovieof2016 ,-,-
4723,#68bestmovieof2017,-,-
4724,#68bestmovieof2018,-,-
4725,#68bestmovieof2019,-,-
4726,#68bestmovieof2020,-,-
4727,#68bestmovieof2021,-,-
4728,#68mostdiscussedmovieof2000 ,-,-
4729,#68mostdiscussedmovieof2001,-,-
4730,#68mostdiscussedmovieof2002 ,-,-
4731,#68mostdiscussedmovieof2003,-,-
4732,#68mostdiscussedmovieof2004,-,-
4733,#68mostdiscussedmovieof2005,-,-
4734,#68mostdiscussedmovieof2007 ,-,-
4735,#68mostdiscussedmovieof2008 ,-,-
4736,#68mostdiscussedmovieof2010,-,-
4737,#68mostdiscussedmovieof2011,-,-
4738,#68mostdiscussedmovieof2012,-,-
4739,#68mostdiscussedmovieof2013,-,-
4740,#68mostdiscussedmovieof2014 ,-,-
4741,#68mostdiscussedmovieof2015 ,-,-
4742,#68mostdiscussedmovieof2016 ,-,-
4743,#68mostdiscussedmovieof2017 ,-,-
4744,#68mostdiscussedmovieof2018,-,-
4745,#68mostdiscussedmovieof2019 ,-,-
4746,#68mostdiscussedmovieof2020,-,-
4747,#68mostsharedmovieof2003,-,-
4748,#68mostsharedmovieof2004,-,-
4749,#68mostsharedmovieof2006,-,-
4750,#68mostsharedmovieof2010,-,-
4751,#68mostsharedmovieof2011,-,-
4752,#68mostsharedmovieof2012,-,-
4753,#68mostsharedmovieof2013,-,-
4754,#68mostsharedmovieof2014,-,-
4755,#68mostsharedmovieof2018,-,-
4756,#68mostsharedmovieof2019,-,-
4757,#69bestmovieof2000,-,-
4758,#69bestmovieof2001,-,-
4759,#69bestmovieof2002,-,-
4760,#69bestmovieof2003,-,-
4761,#69bestmovieof2004,-,-
4762,#69bestmovieof2005,-,-
4763,#69bestmovieof2006,-,-
4764,#69bestmovieof2007 ,-,-
4765,#69bestmovieof2008 ,-,-
4766,#69bestmovieof2009,-,-
4767,#69bestmovieof2010,-,-
4768,#69bestmovieof2011,-,-
4769,#69bestmovieof2012,-,-
4770,#69bestmovieof2013,-,-
4771,#69bestmovieof2014,-,-
4772,#69bestmovieof2015,-,-
4773,#69bestmovieof2016,-,-
4774,#69bestmovieof2017,-,-
4775,#69bestmovieof2018,-,-
4776,#69bestmovieof2019,-,-
4777,#69bestmovieof2020,-,-
4778,#69bestmovieof2021,-,-
4779,#69mostdiscussedmovieof2000,-,-
4780,#69mostdiscussedmovieof2003,-,-
4781,#69mostdiscussedmovieof2004 ,-,-
4782,#69mostdiscussedmovieof2005,-,-
4783,#69mostdiscussedmovieof2006 ,-,-
4784,#69mostdiscussedmovieof2007 ,-,-
4785,#69mostdiscussedmovieof2008,-,-
4786,#69mostdiscussedmovieof2009 ,-,-
4787,#69mostdiscussedmovieof2010,-,-
4788,#69mostdiscussedmovieof2011,-,-
4789,#69mostdiscussedmovieof2012,-,-
4790,#69mostdiscussedmovieof2013 ,-,-
4791,#69mostdiscussedmovieof2014 ,-,-
4792,#69mostdiscussedmovieof2015,-,-
4793,#69mostdiscussedmovieof2016,-,-
4794,#69mostdiscussedmovieof2017 ,-,-
4795,#69mostdiscussedmovieof2019,-,-
4796,#69mostdiscussedmovieof2020,-,-
4797,#69mostdiscussedmovieof2021,-,-
4798,#69mostsharedmovieof2004,-,-
4799,#69mostsharedmovieof2009,-,-
4800,#69mostsharedmovieof2010,-,-
4801,#69mostsharedmovieof2012,-,-
4802,#69mostsharedmovieof2018,-,-
4803,#69mostsharedmovieof2019,-,-
4804,#6bestmovieof2000,-,-
4805,#6bestmovieof2001 ,-,-
4806,#6bestmovieof2002 ,-,-
4807,#6bestmovieof2003 ,-,-
4808,#6bestmovieof2004 ,-,-
4809,#6bestmovieof2005,-,-
4810,#6bestmovieof2006 ,-,-
4811,#6bestmovieof2007 ,-,-
4812,#6bestmovieof2008,-,-
4813,#6bestmovieof2009,-,-
4814,#6bestmovieof2010,-,-
4815,#6bestmovieof2011,-,-
4816,#6bestmovieof2012,-,-
4817,#6bestmovieof2013,-,-
4818,#6bestmovieof2014 ,-,-
4819,#6bestmovieof2015,-,-
4820,#6bestmovieof2016,-,-
4821,#6bestmovieof2017,-,-
4822,#6bestmovieof2018,-,-
4823,#6bestmovieof2019 ,-,-
4824,#6bestmovieof2020,-,-
4825,#6bestmovieof2021,-,-
4826,#6mostdiscussedmovieof2000 ,-,-
4827,#6mostdiscussedmovieof2002 ,-,-
4828,#6mostdiscussedmovieof2003 ,-,-
4829,#6mostdiscussedmovieof2008 ,-,-
4830,#6mostdiscussedmovieof2009 ,-,-
4831,#6mostdiscussedmovieof2010 ,-,-
4832,#6mostdiscussedmovieof2011 ,-,-
4833,#6mostdiscussedmovieof2012 ,-,-
4834,#6mostdiscussedmovieof2015 ,-,-
4835,#6mostdiscussedmovieof2016 ,-,-
4836,#6mostdiscussedmovieof2018 ,-,-
4837,#6mostdiscussedmovieof2020,-,-
4838,#6mostdiscussedmovieof2021,-,-
4839,#6mostsharedmovieof2015,-,-
4840,#6mostsharedmovieof2016,-,-
4841,#70bestmovieof2000,-,-
4842,#70bestmovieof2001,-,-
4843,#70bestmovieof2002,-,-
4844,#70bestmovieof2003,-,-
4845,#70bestmovieof2004,-,-
4846,#70bestmovieof2005,-,-
4847,#70bestmovieof2006 ,-,-
4848,#70bestmovieof2007,-,-
4849,#70bestmovieof2008,-,-
4850,#70bestmovieof2009,-,-
4851,#70bestmovieof2010,-,-
4852,#70bestmovieof2011 ,-,-
4853,#70bestmovieof2012,-,-
4854,#70bestmovieof2013,-,-
4855,#70bestmovieof2014,-,-
4856,#70bestmovieof2015,-,-
4857,#70bestmovieof2016 ,-,-
4858,#70bestmovieof2017,-,-
4859,#70bestmovieof2018 ,-,-
4860,#70bestmovieof2019,-,-
4861,#70bestmovieof2020,-,-
4862,#70bestmovieof2021,-,-
4863,#70mostdiscussedmovieof2000,-,-
4864,#70mostdiscussedmovieof2002,-,-
4865,#70mostdiscussedmovieof2003,-,-
4866,#70mostdiscussedmovieof2004,-,-
4867,#70mostdiscussedmovieof2005 ,-,-
4868,#70mostdiscussedmovieof2006 ,-,-
4869,#70mostdiscussedmovieof2008 ,-,-
4870,#70mostdiscussedmovieof2009 ,-,-
4871,#70mostdiscussedmovieof2010,-,-
4872,#70mostdiscussedmovieof2011,-,-
4873,#70mostdiscussedmovieof2012,-,-
4874,#70mostdiscussedmovieof2013 ,-,-
4875,#70mostdiscussedmovieof2014 ,-,-
4876,#70mostdiscussedmovieof2015 ,-,-
4877,#70mostdiscussedmovieof2016,-,-
4878,#70mostdiscussedmovieof2017,-,-
4879,#70mostdiscussedmovieof2020,-,-
4880,#70mostdiscussedmovieof2021,-,-
4881,#70mostsharedmovieof2001,-,-
4882,#70mostsharedmovieof2002,-,-
4883,#70mostsharedmovieof2003,-,-
4884,#70mostsharedmovieof2005,-,-
4885,#70mostsharedmovieof2010,-,-
4886,#70mostsharedmovieof2011,-,-
4887,#70mostsharedmovieof2012,-,-
4888,#70mostsharedmovieof2018,-,-
4889,#71bestmovieof2000,-,-
4890,#71bestmovieof2001,-,-
4891,#71bestmovieof2002,-,-
4892,#71bestmovieof2003,-,-
4893,#71bestmovieof2004,-,-
4894,#71bestmovieof2005,-,-
4895,#71bestmovieof2006,-,-
4896,#71bestmovieof2007 ,-,-
4897,#71bestmovieof2008,-,-
4898,#71bestmovieof2009,-,-
4899,#71bestmovieof2010,-,-
4900,#71bestmovieof2011,-,-
4901,#71bestmovieof2012,-,-
4902,#71bestmovieof2013,-,-
4903,#71bestmovieof2014,-,-
4904,#71bestmovieof2015,-,-
4905,#71bestmovieof2016,-,-
4906,#71bestmovieof2017,-,-
4907,#71bestmovieof2018 ,-,-
4908,#71bestmovieof2019,-,-
4909,#71bestmovieof2020,-,-
4910,#71bestmovieof2021,-,-
4911,#71mostdiscussedmovieof2000 ,-,-
4912,#71mostdiscussedmovieof2001,-,-
4913,#71mostdiscussedmovieof2002,-,-
4914,#71mostdiscussedmovieof2003 ,-,-
4915,#71mostdiscussedmovieof2004,-,-
4916,#71mostdiscussedmovieof2005,-,-
4917,#71mostdiscussedmovieof2006,-,-
4918,#71mostdiscussedmovieof2007,-,-
4919,#71mostdiscussedmovieof2008,-,-
4920,#71mostdiscussedmovieof2009,-,-
4921,#71mostdiscussedmovieof2010,-,-
4922,#71mostdiscussedmovieof2011 ,-,-
4923,#71mostdiscussedmovieof2012 ,-,-
4924,#71mostdiscussedmovieof2013 ,-,-
4925,#71mostdiscussedmovieof2014,-,-
4926,#71mostdiscussedmovieof2015 ,-,-
4927,#71mostdiscussedmovieof2016 ,-,-
4928,#71mostdiscussedmovieof2017 ,-,-
4929,#71mostdiscussedmovieof2018,-,-
4930,#71mostdiscussedmovieof2019 ,-,-
4931,#71mostdiscussedmovieof2020,-,-
4932,#71mostdiscussedmovieof2021,-,-
4933,#71mostsharedmovieof2007,-,-
4934,#71mostsharedmovieof2009,-,-
4935,#71mostsharedmovieof2018,-,-
4936,#71mostsharedmovieof2019,-,-
4937,#72bestmovieof2000,-,-
4938,#72bestmovieof2001,-,-
4939,#72bestmovieof2002,-,-
4940,#72bestmovieof2003,-,-
4941,#72bestmovieof2004,-,-
4942,#72bestmovieof2005,-,-
4943,#72bestmovieof2006,-,-
4944,#72bestmovieof2007,-,-
4945,#72bestmovieof2008,-,-
4946,#72bestmovieof2009,-,-
4947,#72bestmovieof2010,-,-
4948,#72bestmovieof2011 ,-,-
4949,#72bestmovieof2012,-,-
4950,#72bestmovieof2013,-,-
4951,#72bestmovieof2014,-,-
4952,#72bestmovieof2015,-,-
4953,#72bestmovieof2016 ,-,-
4954,#72bestmovieof2017,-,-
4955,#72bestmovieof2018,-,-
4956,#72bestmovieof2019,-,-
4957,#72bestmovieof2020,-,-
4958,#72bestmovieof2021,-,-
4959,#72mostdiscussedmovieof2000,-,-
4960,#72mostdiscussedmovieof2001 ,-,-
4961,#72mostdiscussedmovieof2002 ,-,-
4962,#72mostdiscussedmovieof2004 ,-,-
4963,#72mostdiscussedmovieof2005,-,-
4964,#72mostdiscussedmovieof2006,-,-
4965,#72mostdiscussedmovieof2007 ,-,-
4966,#72mostdiscussedmovieof2008,-,-
4967,#72mostdiscussedmovieof2009 ,-,-
4968,#72mostdiscussedmovieof2010 ,-,-
4969,#72mostdiscussedmovieof2011,-,-
4970,#72mostdiscussedmovieof2012 ,-,-
4971,#72mostdiscussedmovieof2013,-,-
4972,#72mostdiscussedmovieof2014 ,-,-
4973,#72mostdiscussedmovieof2015 ,-,-
4974,#72mostdiscussedmovieof2016 ,-,-
4975,#72mostdiscussedmovieof2017 ,-,-
4976,#72mostdiscussedmovieof2018 ,-,-
4977,#72mostdiscussedmovieof2019 ,-,-
4978,#72mostdiscussedmovieof2020,-,-
4979,#72mostdiscussedmovieof2021,-,-
4980,#72mostsharedmovieof2000,-,-
4981,#72mostsharedmovieof2004,-,-
4982,#72mostsharedmovieof2007,-,-
4983,#72mostsharedmovieof2019,-,-
4984,#73bestmovieof2000,-,-
4985,#73bestmovieof2001,-,-
4986,#73bestmovieof2002,-,-
4987,#73bestmovieof2003 ,-,-
4988,#73bestmovieof2004 ,-,-
4989,#73bestmovieof2005,-,-
4990,#73bestmovieof2006,-,-
4991,#73bestmovieof2007,-,-
4992,#73bestmovieof2008,-,-
4993,#73bestmovieof2009,-,-
4994,#73bestmovieof2010,-,-
4995,#73bestmovieof2011 ,-,-
4996,#73bestmovieof2012,-,-
4997,#73bestmovieof2013,-,-
4998,#73bestmovieof2014,-,-
4999,#73bestmovieof2015 ,-,-
5000,#73bestmovieof2016,-,-
5001,#73bestmovieof2017,-,-
5002,#73bestmovieof2018,-,-
5003,#73bestmovieof2019 ,-,-
5004,#73bestmovieof2020,-,-
5005,#73bestmovieof2021,-,-
5006,#73mostdiscussedmovieof2000,-,-
5007,#73mostdiscussedmovieof2001 ,-,-
5008,#73mostdiscussedmovieof2003 ,-,-
5009,#73mostdiscussedmovieof2004,-,-
5010,#73mostdiscussedmovieof2005 ,-,-
5011,#73mostdiscussedmovieof2007,-,-
5012,#73mostdiscussedmovieof2008,-,-
5013,#73mostdiscussedmovieof2009 ,-,-
5014,#73mostdiscussedmovieof2010 ,-,-
5015,#73mostdiscussedmovieof2011,-,-
5016,#73mostdiscussedmovieof2012,-,-
5017,#73mostdiscussedmovieof2014,-,-
5018,#73mostdiscussedmovieof2015 ,-,-
5019,#73mostdiscussedmovieof2016,-,-
5020,#73mostdiscussedmovieof2017 ,-,-
5021,#73mostdiscussedmovieof2018 ,-,-
5022,#73mostdiscussedmovieof2021,-,-
5023,#73mostsharedmovieof2000,-,-
5024,#73mostsharedmovieof2004,-,-
5025,#73mostsharedmovieof2012,-,-
5026,#73mostsharedmovieof2013,-,-
5027,#73mostsharedmovieof2014,-,-
5028,#73mostsharedmovieof2015,-,-
5029,#74bestmovieof2000 ,-,-
5030,#74bestmovieof2001,-,-
5031,#74bestmovieof2002 ,-,-
5032,#74bestmovieof2003 ,-,-
5033,#74bestmovieof2004,-,-
5034,#74bestmovieof2005,-,-
5035,#74bestmovieof2006,-,-
5036,#74bestmovieof2007,-,-
5037,#74bestmovieof2008,-,-
5038,#74bestmovieof2009,-,-
5039,#74bestmovieof2010,-,-
5040,#74bestmovieof2011,-,-
5041,#74bestmovieof2012 ,-,-
5042,#74bestmovieof2013,-,-
5043,#74bestmovieof2014,-,-
5044,#74bestmovieof2015,-,-
5045,#74bestmovieof2016,-,-
5046,#74bestmovieof2017,-,-
5047,#74bestmovieof2018,-,-
5048,#74bestmovieof2019 ,-,-
5049,#74bestmovieof2020 ,-,-
5050,#74bestmovieof2021,-,-
5051,#74mostdiscussedmovieof2000,-,-
5052,#74mostdiscussedmovieof2002,-,-
5053,#74mostdiscussedmovieof2003 ,-,-
5054,#74mostdiscussedmovieof2004,-,-
5055,#74mostdiscussedmovieof2006,-,-
5056,#74mostdiscussedmovieof2007,-,-
5057,#74mostdiscussedmovieof2008,-,-
5058,#74mostdiscussedmovieof2010,-,-
5059,#74mostdiscussedmovieof2011 ,-,-
5060,#74mostdiscussedmovieof2012 ,-,-
5061,#74mostdiscussedmovieof2013 ,-,-
5062,#74mostdiscussedmovieof2014 ,-,-
5063,#74mostdiscussedmovieof2015 ,-,-
5064,#74mostdiscussedmovieof2016 ,-,-
5065,#74mostdiscussedmovieof2018,-,-
5066,#74mostdiscussedmovieof2019,-,-
5067,#74mostdiscussedmovieof2020,-,-
5068,#74mostdiscussedmovieof2021,-,-
5069,#74mostsharedmovieof2004,-,-
5070,#74mostsharedmovieof2005,-,-
5071,#74mostsharedmovieof2009,-,-
5072,#74mostsharedmovieof2010,-,-
5073,#74mostsharedmovieof2013,-,-
5074,#74mostsharedmovieof2015,-,-
5075,#74mostsharedmovieof2019,-,-
5076,#75bestmovieof2000 ,-,-
5077,#75bestmovieof2001,-,-
5078,#75bestmovieof2002,-,-
5079,#75bestmovieof2003,-,-
5080,#75bestmovieof2004,-,-
5081,#75bestmovieof2005 ,-,-
5082,#75bestmovieof2006,-,-
5083,#75bestmovieof2007,-,-
5084,#75bestmovieof2008,-,-
5085,#75bestmovieof2009,-,-
5086,#75bestmovieof2010 ,-,-
5087,#75bestmovieof2011,-,-
5088,#75bestmovieof2012,-,-
5089,#75bestmovieof2013,-,-
5090,#75bestmovieof2014,-,-
5091,#75bestmovieof2015,-,-
5092,#75bestmovieof2016,-,-
5093,#75bestmovieof2017 ,-,-
5094,#75bestmovieof2018,-,-
5095,#75bestmovieof2019,-,-
5096,#75bestmovieof2020,-,-
5097,#75bestmovieof2021,-,-
5098,#75mostdiscussedmovieof2000 ,-,-
5099,#75mostdiscussedmovieof2001 ,-,-
5100,#75mostdiscussedmovieof2002,-,-
5101,#75mostdiscussedmovieof2003,-,-
5102,#75mostdiscussedmovieof2004,-,-
5103,#75mostdiscussedmovieof2005,-,-
5104,#75mostdiscussedmovieof2006,-,-
5105,#75mostdiscussedmovieof2007,-,-
5106,#75mostdiscussedmovieof2009,-,-
5107,#75mostdiscussedmovieof2010 ,-,-
5108,#75mostdiscussedmovieof2011 ,-,-
5109,#75mostdiscussedmovieof2012,-,-
5110,#75mostdiscussedmovieof2013 ,-,-
5111,#75mostdiscussedmovieof2014,-,-
5112,#75mostdiscussedmovieof2015,-,-
5113,#75mostdiscussedmovieof2017,-,-
5114,#75mostdiscussedmovieof2018 ,-,-
5115,#75mostdiscussedmovieof2019,-,-
5116,#75mostdiscussedmovieof2021,-,-
5117,#75mostsharedmovieof2000,-,-
5118,#75mostsharedmovieof2003,-,-
5119,#75mostsharedmovieof2006,-,-
5120,#75mostsharedmovieof2011,-,-
5121,#75mostsharedmovieof2014,-,-
5122,#76bestmovieof2000,-,-
5123,#76bestmovieof2001,-,-
5124,#76bestmovieof2002,-,-
5125,#76bestmovieof2003,-,-
5126,#76bestmovieof2004,-,-
5127,#76bestmovieof2005,-,-
5128,#76bestmovieof2006,-,-
5129,#76bestmovieof2007,-,-
5130,#76bestmovieof2008,-,-
5131,#76bestmovieof2009,-,-
5132,#76bestmovieof2010,-,-
5133,#76bestmovieof2011 ,-,-
5134,#76bestmovieof2012,-,-
5135,#76bestmovieof2013,-,-
5136,#76bestmovieof2014,-,-
5137,#76bestmovieof2015,-,-
5138,#76bestmovieof2016,-,-
5139,#76bestmovieof2017,-,-
5140,#76bestmovieof2018,-,-
5141,#76bestmovieof2019 ,-,-
5142,#76bestmovieof2020 ,-,-
5143,#76bestmovieof2021,-,-
5144,#76mostdiscussedmovieof2000,-,-
5145,#76mostdiscussedmovieof2001 ,-,-
5146,#76mostdiscussedmovieof2002,-,-
5147,#76mostdiscussedmovieof2003,-,-
5148,#76mostdiscussedmovieof2004,-,-
5149,#76mostdiscussedmovieof2005 ,-,-
5150,#76mostdiscussedmovieof2006,-,-
5151,#76mostdiscussedmovieof2007 ,-,-
5152,#76mostdiscussedmovieof2008,-,-
5153,#76mostdiscussedmovieof2009,-,-
5154,#76mostdiscussedmovieof2010,-,-
5155,#76mostdiscussedmovieof2012 ,-,-
5156,#76mostdiscussedmovieof2013,-,-
5157,#76mostdiscussedmovieof2014 ,-,-
5158,#76mostdiscussedmovieof2015 ,-,-
5159,#76mostdiscussedmovieof2016 ,-,-
5160,#76mostdiscussedmovieof2017 ,-,-
5161,#76mostdiscussedmovieof2018,-,-
5162,#76mostdiscussedmovieof2019,-,-
5163,#76mostdiscussedmovieof2020 ,-,-
5164,#76mostsharedmovieof2000,-,-
5165,#76mostsharedmovieof2001,-,-
5166,#76mostsharedmovieof2005,-,-
5167,#76mostsharedmovieof2007,-,-
5168,#76mostsharedmovieof2008,-,-
5169,#76mostsharedmovieof2009,-,-
5170,#76mostsharedmovieof2010,-,-
5171,#76mostsharedmovieof2012,-,-
5172,#76mostsharedmovieof2014,-,-
5173,#76mostsharedmovieof2015,-,-
5174,#76mostsharedmovieof2018,-,-
5175,#77bestmovieof2000,-,-
5176,#77bestmovieof2001,-,-
5177,#77bestmovieof2002,-,-
5178,#77bestmovieof2003,-,-
5179,#77bestmovieof2004,-,-
5180,#77bestmovieof2005,-,-
5181,#77bestmovieof2006,-,-
5182,#77bestmovieof2007,-,-
5183,#77bestmovieof2008,-,-
5184,#77bestmovieof2009,-,-
5185,#77bestmovieof2010,-,-
5186,#77bestmovieof2011,-,-
5187,#77bestmovieof2012,-,-
5188,#77bestmovieof2013,-,-
5189,#77bestmovieof2014,-,-
5190,#77bestmovieof2015,-,-
5191,#77bestmovieof2016,-,-
5192,#77bestmovieof2017,-,-
5193,#77bestmovieof2018,-,-
5194,#77bestmovieof2019,-,-
5195,#77bestmovieof2020,-,-
5196,#77bestmovieof2021,-,-
5197,#77mostdiscussedmovieof2000,-,-
5198,#77mostdiscussedmovieof2002 ,-,-
5199,#77mostdiscussedmovieof2003 ,-,-
5200,#77mostdiscussedmovieof2004 ,-,-
5201,#77mostdiscussedmovieof2005,-,-
5202,#77mostdiscussedmovieof2006 ,-,-
5203,#77mostdiscussedmovieof2008 ,-,-
5204,#77mostdiscussedmovieof2009 ,-,-
5205,#77mostdiscussedmovieof2011,-,-
5206,#77mostdiscussedmovieof2012,-,-
5207,#77mostdiscussedmovieof2013 ,-,-
5208,#77mostdiscussedmovieof2014 ,-,-
5209,#77mostdiscussedmovieof2015 ,-,-
5210,#77mostdiscussedmovieof2016 ,-,-
5211,#77mostdiscussedmovieof2017 ,-,-
5212,#77mostdiscussedmovieof2018 ,-,-
5213,#77mostdiscussedmovieof2019 ,-,-
5214,#77mostdiscussedmovieof2020,-,-
5215,#77mostdiscussedmovieof2021,-,-
5216,#77mostsharedmovieof2000,-,-
5217,#77mostsharedmovieof2005,-,-
5218,#77mostsharedmovieof2006,-,-
5219,#77mostsharedmovieof2007,-,-
5220,#77mostsharedmovieof2015,-,-
5221,#77mostsharedmovieof2018,-,-
5222,#77mostsharedmovieof2019,-,-
5223,#78bestmovieof2000,-,-
5224,#78bestmovieof2001,-,-
5225,#78bestmovieof2002 ,-,-
5226,#78bestmovieof2003 ,-,-
5227,#78bestmovieof2004,-,-
5228,#78bestmovieof2005 ,-,-
5229,#78bestmovieof2006 ,-,-
5230,#78bestmovieof2007,-,-
5231,#78bestmovieof2008 ,-,-
5232,#78bestmovieof2009 ,-,-
5233,#78bestmovieof2010 ,-,-
5234,#78bestmovieof2011,-,-
5235,#78bestmovieof2012,-,-
5236,#78bestmovieof2013,-,-
5237,#78bestmovieof2014,-,-
5238,#78bestmovieof2015,-,-
5239,#78bestmovieof2016,-,-
5240,#78bestmovieof2017,-,-
5241,#78bestmovieof2018,-,-
5242,#78bestmovieof2019,-,-
5243,#78bestmovieof2020,-,-
5244,#78bestmovieof2021,-,-
5245,#78mostdiscussedmovieof2000 ,-,-
5246,#78mostdiscussedmovieof2001 ,-,-
5247,#78mostdiscussedmovieof2003,-,-
5248,#78mostdiscussedmovieof2004,-,-
5249,#78mostdiscussedmovieof2005 ,-,-
5250,#78mostdiscussedmovieof2006,-,-
5251,#78mostdiscussedmovieof2007 ,-,-
5252,#78mostdiscussedmovieof2008,-,-
5253,#78mostdiscussedmovieof2009,-,-
5254,#78mostdiscussedmovieof2010,-,-
5255,#78mostdiscussedmovieof2011,-,-
5256,#78mostdiscussedmovieof2013,-,-
5257,#78mostdiscussedmovieof2014,-,-
5258,#78mostdiscussedmovieof2015 ,-,-
5259,#78mostdiscussedmovieof2016,-,-
5260,#78mostdiscussedmovieof2017 ,-,-
5261,#78mostdiscussedmovieof2018 ,-,-
5262,#78mostdiscussedmovieof2019,-,-
5263,#78mostdiscussedmovieof2020,-,-
5264,#78mostdiscussedmovieof2021,-,-
5265,#78mostsharedmovieof2002,-,-
5266,#78mostsharedmovieof2003,-,-
5267,#78mostsharedmovieof2004,-,-
5268,#78mostsharedmovieof2006,-,-
5269,#78mostsharedmovieof2007,-,-
5270,#78mostsharedmovieof2009,-,-
5271,#78mostsharedmovieof2015,-,-
5272,#78mostsharedmovieof2019,-,-
5273,#79bestmovieof2000,-,-
5274,#79bestmovieof2001 ,-,-
5275,#79bestmovieof2002,-,-
5276,#79bestmovieof2003,-,-
5277,#79bestmovieof2004,-,-
5278,#79bestmovieof2005 ,-,-
5279,#79bestmovieof2006,-,-
5280,#79bestmovieof2007,-,-
5281,#79bestmovieof2008,-,-
5282,#79bestmovieof2009,-,-
5283,#79bestmovieof2010,-,-
5284,#79bestmovieof2011,-,-
5285,#79bestmovieof2012,-,-
5286,#79bestmovieof2013,-,-
5287,#79bestmovieof2014,-,-
5288,#79bestmovieof2015,-,-
5289,#79bestmovieof2016,-,-
5290,#79bestmovieof2017,-,-
5291,#79bestmovieof2018,-,-
5292,#79bestmovieof2019,-,-
5293,#79bestmovieof2020,-,-
5294,#79bestmovieof2021 ,-,-
5295,#79mostdiscussedmovieof2000 ,-,-
5296,#79mostdiscussedmovieof2001,-,-
5297,#79mostdiscussedmovieof2002,-,-
5298,#79mostdiscussedmovieof2004 ,-,-
5299,#79mostdiscussedmovieof2006,-,-
5300,#79mostdiscussedmovieof2008,-,-
5301,#79mostdiscussedmovieof2009 ,-,-
5302,#79mostdiscussedmovieof2010 ,-,-
5303,#79mostdiscussedmovieof2011,-,-
5304,#79mostdiscussedmovieof2012,-,-
5305,#79mostdiscussedmovieof2013 ,-,-
5306,#79mostdiscussedmovieof2014 ,-,-
5307,#79mostdiscussedmovieof2015,-,-
5308,#79mostdiscussedmovieof2016 ,-,-
5309,#79mostdiscussedmovieof2017,-,-
5310,#79mostdiscussedmovieof2019 ,-,-
5311,#79mostdiscussedmovieof2020,-,-
5312,#79mostdiscussedmovieof2021 ,-,-
5313,#79mostsharedmovieof2000,-,-
5314,#79mostsharedmovieof2004,-,-
5315,#79mostsharedmovieof2005,-,-
5316,#79mostsharedmovieof2015,-,-
5317,#79mostsharedmovieof2017,-,-
5318,#79mostsharedmovieof2019,-,-
5319,#7bestmovieof2000 ,-,-
5320,#7bestmovieof2001,-,-
5321,#7bestmovieof2002 ,-,-
5322,#7bestmovieof2003,-,-
5323,#7bestmovieof2004 ,-,-
5324,#7bestmovieof2005 ,-,-
5325,#7bestmovieof2006 ,-,-
5326,#7bestmovieof2007,-,-
5327,#7bestmovieof2008,-,-
5328,#7bestmovieof2009 ,-,-
5329,#7bestmovieof2010 ,-,-
5330,#7bestmovieof2011,-,-
5331,#7bestmovieof2012,-,-
5332,#7bestmovieof2013 ,-,-
5333,#7bestmovieof2014,-,-
5334,#7bestmovieof2015,-,-
5335,#7bestmovieof2016,-,-
5336,#7bestmovieof2017,-,-
5337,#7bestmovieof2018,-,-
5338,#7bestmovieof2019 ,-,-
5339,#7bestmovieof2020 ,-,-
5340,#7bestmovieof2021,-,-
5341,#7mostdiscussedmovieof2000 ,-,-
5342,#7mostdiscussedmovieof2002 ,-,-
5343,#7mostdiscussedmovieof2008 ,-,-
5344,#7mostdiscussedmovieof2010 ,-,-
5345,#7mostdiscussedmovieof2011 ,-,-
5346,#7mostdiscussedmovieof2013 ,-,-
5347,#7mostdiscussedmovieof2014 ,-,-
5348,#7mostdiscussedmovieof2016 ,-,-
5349,#7mostdiscussedmovieof2017 ,-,-
5350,#7mostdiscussedmovieof2019 ,-,-
5351,#7mostdiscussedmovieof2020,-,-
5352,#7mostdiscussedmovieof2021,-,-
5353,#7mostsharedmovieof2002,-,-
5354,#7mostsharedmovieof2005,-,-
5355,#7mostsharedmovieof2006,-,-
5356,#7mostsharedmovieof2011,-,-
5357,#80bestmovieof2000,-,-
5358,#80bestmovieof2001,-,-
5359,#80bestmovieof2002,-,-
5360,#80bestmovieof2003,-,-
5361,#80bestmovieof2004,-,-
5362,#80bestmovieof2005,-,-
5363,#80bestmovieof2006,-,-
5364,#80bestmovieof2007 ,-,-
5365,#80bestmovieof2008,-,-
5366,#80bestmovieof2009,-,-
5367,#80bestmovieof2010,-,-
5368,#80bestmovieof2011,-,-
5369,#80bestmovieof2012 ,-,-
5370,#80bestmovieof2013,-,-
5371,#80bestmovieof2014,-,-
5372,#80bestmovieof2015,-,-
5373,#80bestmovieof2016 ,-,-
5374,#80bestmovieof2017,-,-
5375,#80bestmovieof2018,-,-
5376,#80bestmovieof2019,-,-
5377,#80bestmovieof2020,-,-
5378,#80bestmovieof2021,-,-
5379,#80mostdiscussedmovieof2000 ,-,-
5380,#80mostdiscussedmovieof2003 ,-,-
5381,#80mostdiscussedmovieof2004,-,-
5382,#80mostdiscussedmovieof2005 ,-,-
5383,#80mostdiscussedmovieof2006 ,-,-
5384,#80mostdiscussedmovieof2007 ,-,-
5385,#80mostdiscussedmovieof2008 ,-,-
5386,#80mostdiscussedmovieof2009,-,-
5387,#80mostdiscussedmovieof2010,-,-
5388,#80mostdiscussedmovieof2011,-,-
5389,#80mostdiscussedmovieof2012 ,-,-
5390,#80mostdiscussedmovieof2013,-,-
5391,#80mostdiscussedmovieof2015 ,-,-
5392,#80mostdiscussedmovieof2016 ,-,-
5393,#80mostdiscussedmovieof2017,-,-
5394,#80mostdiscussedmovieof2018 ,-,-
5395,#80mostdiscussedmovieof2020,-,-
5396,#80mostdiscussedmovieof2021,-,-
5397,#80mostsharedmovieof2002,-,-
5398,#80mostsharedmovieof2005,-,-
5399,#80mostsharedmovieof2009,-,-
5400,#80mostsharedmovieof2010,-,-
5401,#80mostsharedmovieof2011,-,-
5402,#80mostsharedmovieof2014,-,-
5403,#80mostsharedmovieof2015,-,-
5404,#80mostsharedmovieof2017,-,-
5405,#80mostsharedmovieof2018,-,-
5406,#81bestmovieof2000,-,-
5407,#81bestmovieof2001 ,-,-
5408,#81bestmovieof2002 ,-,-
5409,#81bestmovieof2003,-,-
5410,#81bestmovieof2004,-,-
5411,#81bestmovieof2005 ,-,-
5412,#81bestmovieof2006,-,-
5413,#81bestmovieof2007,-,-
5414,#81bestmovieof2008,-,-
5415,#81bestmovieof2009,-,-
5416,#81bestmovieof2010,-,-
5417,#81bestmovieof2011,-,-
5418,#81bestmovieof2012,-,-
5419,#81bestmovieof2013,-,-
5420,#81bestmovieof2014,-,-
5421,#81bestmovieof2015 ,-,-
5422,#81bestmovieof2016,-,-
5423,#81bestmovieof2017,-,-
5424,#81bestmovieof2018 ,-,-
5425,#81bestmovieof2019,-,-
5426,#81bestmovieof2020,-,-
5427,#81bestmovieof2021,-,-
5428,#81mostdiscussedmovieof2000 ,-,-
5429,#81mostdiscussedmovieof2001,-,-
5430,#81mostdiscussedmovieof2002,-,-
5431,#81mostdiscussedmovieof2004 ,-,-
5432,#81mostdiscussedmovieof2005,-,-
5433,#81mostdiscussedmovieof2006,-,-
5434,#81mostdiscussedmovieof2007,-,-
5435,#81mostdiscussedmovieof2008 ,-,-
5436,#81mostdiscussedmovieof2010,-,-
5437,#81mostdiscussedmovieof2011 ,-,-
5438,#81mostdiscussedmovieof2012 ,-,-
5439,#81mostdiscussedmovieof2014 ,-,-
5440,#81mostdiscussedmovieof2015 ,-,-
5441,#81mostdiscussedmovieof2016,-,-
5442,#81mostdiscussedmovieof2017 ,-,-
5443,#81mostdiscussedmovieof2018 ,-,-
5444,#81mostdiscussedmovieof2019 ,-,-
5445,#81mostdiscussedmovieof2021,-,-
5446,#81mostsharedmovieof2000,-,-
5447,#81mostsharedmovieof2001,-,-
5448,#81mostsharedmovieof2002,-,-
5449,#81mostsharedmovieof2007,-,-
5450,#81mostsharedmovieof2008,-,-
5451,#81mostsharedmovieof2010,-,-
5452,#81mostsharedmovieof2011,-,-
5453,#81mostsharedmovieof2013,-,-
5454,#81mostsharedmovieof2017,-,-
5455,#81mostsharedmovieof2018,-,-
5456,#81mostsharedmovieof2019,-,-
5457,#82bestmovieof2000,-,-
5458,#82bestmovieof2001,-,-
5459,#82bestmovieof2002,-,-
5460,#82bestmovieof2003 ,-,-
5461,#82bestmovieof2004,-,-
5462,#82bestmovieof2005,-,-
5463,#82bestmovieof2006,-,-
5464,#82bestmovieof2007 ,-,-
5465,#82bestmovieof2008 ,-,-
5466,#82bestmovieof2009,-,-
5467,#82bestmovieof2010,-,-
5468,#82bestmovieof2011,-,-
5469,#82bestmovieof2012,-,-
5470,#82bestmovieof2013,-,-
5471,#82bestmovieof2014,-,-
5472,#82bestmovieof2016,-,-
5473,#82bestmovieof2017,-,-
5474,#82bestmovieof2018,-,-
5475,#82bestmovieof2019,-,-
5476,#82bestmovieof2020,-,-
5477,#82bestmovieof2021,-,-
5478,#82mostdiscussedmovieof2000,-,-
5479,#82mostdiscussedmovieof2001,-,-
5480,#82mostdiscussedmovieof2005 ,-,-
5481,#82mostdiscussedmovieof2007 ,-,-
5482,#82mostdiscussedmovieof2008,-,-
5483,#82mostdiscussedmovieof2009 ,-,-
5484,#82mostdiscussedmovieof2010 ,-,-
5485,#82mostdiscussedmovieof2012,-,-
5486,#82mostdiscussedmovieof2014 ,-,-
5487,#82mostdiscussedmovieof2015,-,-
5488,#82mostdiscussedmovieof2016,-,-
5489,#82mostdiscussedmovieof2018 ,-,-
5490,#82mostdiscussedmovieof2019,-,-
5491,#82mostdiscussedmovieof2020,-,-
5492,#82mostsharedmovieof2001,-,-
5493,#82mostsharedmovieof2002,-,-
5494,#82mostsharedmovieof2003,-,-
5495,#82mostsharedmovieof2007,-,-
5496,#82mostsharedmovieof2011,-,-
5497,#82mostsharedmovieof2013,-,-
5498,#82mostsharedmovieof2017,-,-
5499,#83bestmovieof2000,-,-
5500,#83bestmovieof2001,-,-
5501,#83bestmovieof2002 ,-,-
5502,#83bestmovieof2003,-,-
5503,#83bestmovieof2004,-,-
5504,#83bestmovieof2005,-,-
5505,#83bestmovieof2006 ,-,-
5506,#83bestmovieof2007,-,-
5507,#83bestmovieof2008,-,-
5508,#83bestmovieof2009,-,-
5509,#83bestmovieof2010 ,-,-
5510,#83bestmovieof2011,-,-
5511,#83bestmovieof2012,-,-
5512,#83bestmovieof2013,-,-
5513,#83bestmovieof2014,-,-
5514,#83bestmovieof2015,-,-
5515,#83bestmovieof2016,-,-
5516,#83bestmovieof2017 ,-,-
5517,#83bestmovieof2018,-,-
5518,#83bestmovieof2019,-,-
5519,#83bestmovieof2020,-,-
5520,#83bestmovieof2021,-,-
5521,#83mostdiscussedmovieof2000,-,-
5522,#83mostdiscussedmovieof2001,-,-
5523,#83mostdiscussedmovieof2002,-,-
5524,#83mostdiscussedmovieof2003,-,-
5525,#83mostdiscussedmovieof2005 ,-,-
5526,#83mostdiscussedmovieof2006 ,-,-
5527,#83mostdiscussedmovieof2008,-,-
5528,#83mostdiscussedmovieof2009 ,-,-
5529,#83mostdiscussedmovieof2010 ,-,-
5530,#83mostdiscussedmovieof2011,-,-
5531,#83mostdiscussedmovieof2013,-,-
5532,#83mostdiscussedmovieof2014,-,-
5533,#83mostdiscussedmovieof2015,-,-
5534,#83mostdiscussedmovieof2016,-,-
5535,#83mostdiscussedmovieof2017 ,-,-
5536,#83mostdiscussedmovieof2019,-,-
5537,#83mostdiscussedmovieof2020,-,-
5538,#83mostdiscussedmovieof2021,-,-
5539,#83mostsharedmovieof2005,-,-
5540,#83mostsharedmovieof2007,-,-
5541,#83mostsharedmovieof2008,-,-
5542,#83mostsharedmovieof2011,-,-
5543,#83mostsharedmovieof2012,-,-
5544,#83mostsharedmovieof2015,-,-
5545,#83mostsharedmovieof2016,-,-
5546,#83mostsharedmovieof2018,-,-
5547,#83mostsharedmovieof2019,-,-
5548,#84bestmovieof2000,-,-
5549,#84bestmovieof2001,-,-
5550,#84bestmovieof2002 ,-,-
5551,#84bestmovieof2003,-,-
5552,#84bestmovieof2004,-,-
5553,#84bestmovieof2005 ,-,-
5554,#84bestmovieof2006,-,-
5555,#84bestmovieof2007,-,-
5556,#84bestmovieof2008,-,-
5557,#84bestmovieof2009,-,-
5558,#84bestmovieof2010,-,-
5559,#84bestmovieof2011,-,-
5560,#84bestmovieof2012,-,-
5561,#84bestmovieof2013,-,-
5562,#84bestmovieof2014 ,-,-
5563,#84bestmovieof2015,-,-
5564,#84bestmovieof2016,-,-
5565,#84bestmovieof2017,-,-
5566,#84bestmovieof2018,-,-
5567,#84bestmovieof2019,-,-
5568,#84bestmovieof2020,-,-
5569,#84bestmovieof2021,-,-
5570,#84mostdiscussedmovieof2000 ,-,-
5571,#84mostdiscussedmovieof2001 ,-,-
5572,#84mostdiscussedmovieof2002,-,-
5573,#84mostdiscussedmovieof2004 ,-,-
5574,#84mostdiscussedmovieof2005 ,-,-
5575,#84mostdiscussedmovieof2006,-,-
5576,#84mostdiscussedmovieof2007,-,-
5577,#84mostdiscussedmovieof2008,-,-
5578,#84mostdiscussedmovieof2010,-,-
5579,#84mostdiscussedmovieof2011 ,-,-
5580,#84mostdiscussedmovieof2012 ,-,-
5581,#84mostdiscussedmovieof2013 ,-,-
5582,#84mostdiscussedmovieof2014,-,-
5583,#84mostdiscussedmovieof2015,-,-
5584,#84mostdiscussedmovieof2016 ,-,-
5585,#84mostdiscussedmovieof2017 ,-,-
5586,#84mostdiscussedmovieof2018 ,-,-
5587,#84mostdiscussedmovieof2019 ,-,-
5588,#84mostdiscussedmovieof2020,-,-
5589,#84mostdiscussedmovieof2021,-,-
5590,#84mostsharedmovieof2003,-,-
5591,#84mostsharedmovieof2004,-,-
5592,#84mostsharedmovieof2008,-,-
5593,#84mostsharedmovieof2009,-,-
5594,#84mostsharedmovieof2012,-,-
5595,#84mostsharedmovieof2013,-,-
5596,#84mostsharedmovieof2015,-,-
5597,#85bestmovieof2000,-,-
5598,#85bestmovieof2001 ,-,-
5599,#85bestmovieof2002,-,-
5600,#85bestmovieof2003,-,-
5601,#85bestmovieof2004 ,-,-
5602,#85bestmovieof2005 ,-,-
5603,#85bestmovieof2006,-,-
5604,#85bestmovieof2007,-,-
5605,#85bestmovieof2008 ,-,-
5606,#85bestmovieof2009 ,-,-
5607,#85bestmovieof2010,-,-
5608,#85bestmovieof2011,-,-
5609,#85bestmovieof2012,-,-
5610,#85bestmovieof2013,-,-
5611,#85bestmovieof2014,-,-
5612,#85bestmovieof2015,-,-
5613,#85bestmovieof2016,-,-
5614,#85bestmovieof2017,-,-
5615,#85bestmovieof2018 ,-,-
5616,#85bestmovieof2019,-,-
5617,#85bestmovieof2020 ,-,-
5618,#85bestmovieof2021,-,-
5619,#85mostdiscussedmovieof2000,-,-
5620,#85mostdiscussedmovieof2001,-,-
5621,#85mostdiscussedmovieof2002 ,-,-
5622,#85mostdiscussedmovieof2003 ,-,-
5623,#85mostdiscussedmovieof2004,-,-
5624,#85mostdiscussedmovieof2005 ,-,-
5625,#85mostdiscussedmovieof2006 ,-,-
5626,#85mostdiscussedmovieof2007 ,-,-
5627,#85mostdiscussedmovieof2008 ,-,-
5628,#85mostdiscussedmovieof2009,-,-
5629,#85mostdiscussedmovieof2010 ,-,-
5630,#85mostdiscussedmovieof2011 ,-,-
5631,#85mostdiscussedmovieof2012 ,-,-
5632,#85mostdiscussedmovieof2013,-,-
5633,#85mostdiscussedmovieof2014,-,-
5634,#85mostdiscussedmovieof2015,-,-
5635,#85mostdiscussedmovieof2016 ,-,-
5636,#85mostdiscussedmovieof2017 ,-,-
5637,#85mostdiscussedmovieof2018 ,-,-
5638,#85mostdiscussedmovieof2019 ,-,-
5639,#85mostdiscussedmovieof2020,-,-
5640,#85mostdiscussedmovieof2021,-,-
5641,#85mostsharedmovieof2000,-,-
5642,#85mostsharedmovieof2002,-,-
5643,#85mostsharedmovieof2005,-,-
5644,#85mostsharedmovieof2010,-,-
5645,#85mostsharedmovieof2011,-,-
5646,#85mostsharedmovieof2014,-,-
5647,#85mostsharedmovieof2015,-,-
5648,#85mostsharedmovieof2017,-,-
5649,#86bestmovieof2000 ,-,-
5650,#86bestmovieof2001 ,-,-
5651,#86bestmovieof2002 ,-,-
5652,#86bestmovieof2003 ,-,-
5653,#86bestmovieof2004,-,-
5654,#86bestmovieof2005,-,-
5655,#86bestmovieof2006 ,-,-
5656,#86bestmovieof2007,-,-
5657,#86bestmovieof2008,-,-
5658,#86bestmovieof2009,-,-
5659,#86bestmovieof2010,-,-
5660,#86bestmovieof2011,-,-
5661,#86bestmovieof2012,-,-
5662,#86bestmovieof2013,-,-
5663,#86bestmovieof2014 ,-,-
5664,#86bestmovieof2015,-,-
5665,#86bestmovieof2016 ,-,-
5666,#86bestmovieof2017,-,-
5667,#86bestmovieof2018,-,-
5668,#86bestmovieof2019,-,-
5669,#86bestmovieof2020 ,-,-
5670,#86bestmovieof2021,-,-
5671,#86mostdiscussedmovieof2000 ,-,-
5672,#86mostdiscussedmovieof2001 ,-,-
5673,#86mostdiscussedmovieof2002 ,-,-
5674,#86mostdiscussedmovieof2003,-,-
5675,#86mostdiscussedmovieof2004 ,-,-
5676,#86mostdiscussedmovieof2005 ,-,-
5677,#86mostdiscussedmovieof2006 ,-,-
5678,#86mostdiscussedmovieof2007 ,-,-
5679,#86mostdiscussedmovieof2008 ,-,-
5680,#86mostdiscussedmovieof2009,-,-
5681,#86mostdiscussedmovieof2010,-,-
5682,#86mostdiscussedmovieof2011,-,-
5683,#86mostdiscussedmovieof2012 ,-,-
5684,#86mostdiscussedmovieof2013 ,-,-
5685,#86mostdiscussedmovieof2014,-,-
5686,#86mostdiscussedmovieof2015,-,-
5687,#86mostdiscussedmovieof2017 ,-,-
5688,#86mostdiscussedmovieof2018 ,-,-
5689,#86mostdiscussedmovieof2019,-,-
5690,#86mostdiscussedmovieof2020,-,-
5691,#86mostdiscussedmovieof2021,-,-
5692,#86mostsharedmovieof2000,-,-
5693,#86mostsharedmovieof2002,-,-
5694,#86mostsharedmovieof2003,-,-
5695,#86mostsharedmovieof2006,-,-
5696,#86mostsharedmovieof2007,-,-
5697,#86mostsharedmovieof2008,-,-
5698,#86mostsharedmovieof2011,-,-
5699,#86mostsharedmovieof2013,-,-
5700,#86mostsharedmovieof2014,-,-
5701,#86mostsharedmovieof2016,-,-
5702,#86mostsharedmovieof2018,-,-
5703,#87bestmovieof2000,-,-
5704,#87bestmovieof2001,-,-
5705,#87bestmovieof2002,-,-
5706,#87bestmovieof2003 ,-,-
5707,#87bestmovieof2004 ,-,-
5708,#87bestmovieof2005 ,-,-
5709,#87bestmovieof2006,-,-
5710,#87bestmovieof2007,-,-
5711,#87bestmovieof2008,-,-
5712,#87bestmovieof2009,-,-
5713,#87bestmovieof2010,-,-
5714,#87bestmovieof2011 ,-,-
5715,#87bestmovieof2012,-,-
5716,#87bestmovieof2013,-,-
5717,#87bestmovieof2014,-,-
5718,#87bestmovieof2015,-,-
5719,#87bestmovieof2016,-,-
5720,#87bestmovieof2017,-,-
5721,#87bestmovieof2018,-,-
5722,#87bestmovieof2019 ,-,-
5723,#87bestmovieof2020,-,-
5724,#87bestmovieof2021,-,-
5725,#87mostdiscussedmovieof2000,-,-
5726,#87mostdiscussedmovieof2001 ,-,-
5727,#87mostdiscussedmovieof2002 ,-,-
5728,#87mostdiscussedmovieof2003 ,-,-
5729,#87mostdiscussedmovieof2004 ,-,-
5730,#87mostdiscussedmovieof2005,-,-
5731,#87mostdiscussedmovieof2006,-,-
5732,#87mostdiscussedmovieof2007,-,-
5733,#87mostdiscussedmovieof2008,-,-
5734,#87mostdiscussedmovieof2009 ,-,-
5735,#87mostdiscussedmovieof2010,-,-
5736,#87mostdiscussedmovieof2011,-,-
5737,#87mostdiscussedmovieof2012 ,-,-
5738,#87mostdiscussedmovieof2013 ,-,-
5739,#87mostdiscussedmovieof2014,-,-
5740,#87mostdiscussedmovieof2015,-,-
5741,#87mostdiscussedmovieof2016 ,-,-
5742,#87mostdiscussedmovieof2017,-,-
5743,#87mostdiscussedmovieof2018,-,-
5744,#87mostdiscussedmovieof2019,-,-
5745,#87mostdiscussedmovieof2020,-,-
5746,#87mostdiscussedmovieof2021,-,-
5747,#87mostsharedmovieof2006,-,-
5748,#87mostsharedmovieof2007,-,-
5749,#87mostsharedmovieof2008,-,-
5750,#87mostsharedmovieof2016,-,-
5751,#88bestmovieof2000,-,-
5752,#88bestmovieof2001 ,-,-
5753,#88bestmovieof2002,-,-
5754,#88bestmovieof2003,-,-
5755,#88bestmovieof2004,-,-
5756,#88bestmovieof2005,-,-
5757,#88bestmovieof2006,-,-
5758,#88bestmovieof2007,-,-
5759,#88bestmovieof2008 ,-,-
5760,#88bestmovieof2009 ,-,-
5761,#88bestmovieof2010,-,-
5762,#88bestmovieof2011,-,-
5763,#88bestmovieof2012 ,-,-
5764,#88bestmovieof2013 ,-,-
5765,#88bestmovieof2014,-,-
5766,#88bestmovieof2015 ,-,-
5767,#88bestmovieof2016 ,-,-
5768,#88bestmovieof2017,-,-
5769,#88bestmovieof2018,-,-
5770,#88bestmovieof2019,-,-
5771,#88bestmovieof2020,-,-
5772,#88bestmovieof2021,-,-
5773,#88mostdiscussedmovieof2000,-,-
5774,#88mostdiscussedmovieof2001 ,-,-
5775,#88mostdiscussedmovieof2003 ,-,-
5776,#88mostdiscussedmovieof2005,-,-
5777,#88mostdiscussedmovieof2006,-,-
5778,#88mostdiscussedmovieof2007 ,-,-
5779,#88mostdiscussedmovieof2008 ,-,-
5780,#88mostdiscussedmovieof2009,-,-
5781,#88mostdiscussedmovieof2010 ,-,-
5782,#88mostdiscussedmovieof2011 ,-,-
5783,#88mostdiscussedmovieof2012,-,-
5784,#88mostdiscussedmovieof2013,-,-
5785,#88mostdiscussedmovieof2015,-,-
5786,#88mostdiscussedmovieof2016,-,-
5787,#88mostdiscussedmovieof2017 ,-,-
5788,#88mostdiscussedmovieof2019 ,-,-
5789,#88mostdiscussedmovieof2020,-,-
5790,#88mostdiscussedmovieof2021,-,-
5791,#88mostsharedmovieof2000,-,-
5792,#88mostsharedmovieof2003,-,-
5793,#88mostsharedmovieof2005,-,-
5794,#88mostsharedmovieof2006,-,-
5795,#88mostsharedmovieof2009,-,-
5796,#88mostsharedmovieof2015,-,-
5797,#88mostsharedmovieof2019,-,-
5798,#89bestmovieof2000,-,-
5799,#89bestmovieof2001,-,-
5800,#89bestmovieof2002 ,-,-
5801,#89bestmovieof2003,-,-
5802,#89bestmovieof2004,-,-
5803,#89bestmovieof2005 ,-,-
5804,#89bestmovieof2006,-,-
5805,#89bestmovieof2007,-,-
5806,#89bestmovieof2008 ,-,-
5807,#89bestmovieof2009 ,-,-
5808,#89bestmovieof2010 ,-,-
5809,#89bestmovieof2011,-,-
5810,#89bestmovieof2012 ,-,-
5811,#89bestmovieof2013 ,-,-
5812,#89bestmovieof2014,-,-
5813,#89bestmovieof2015,-,-
5814,#89bestmovieof2016,-,-
5815,#89bestmovieof2017,-,-
5816,#89bestmovieof2018,-,-
5817,#89bestmovieof2019,-,-
5818,#89bestmovieof2020,-,-
5819,#89bestmovieof2021,-,-
5820,#89mostdiscussedmovieof2000 ,-,-
5821,#89mostdiscussedmovieof2001,-,-
5822,#89mostdiscussedmovieof2002,-,-
5823,#89mostdiscussedmovieof2005,-,-
5824,#89mostdiscussedmovieof2006 ,-,-
5825,#89mostdiscussedmovieof2007,-,-
5826,#89mostdiscussedmovieof2008 ,-,-
5827,#89mostdiscussedmovieof2009 ,-,-
5828,#89mostdiscussedmovieof2010 ,-,-
5829,#89mostdiscussedmovieof2011,-,-
5830,#89mostdiscussedmovieof2013 ,-,-
5831,#89mostdiscussedmovieof2014,-,-
5832,#89mostdiscussedmovieof2015,-,-
5833,#89mostdiscussedmovieof2017,-,-
5834,#89mostdiscussedmovieof2018,-,-
5835,#89mostdiscussedmovieof2019,-,-
5836,#89mostdiscussedmovieof2020,-,-
5837,#89mostdiscussedmovieof2021,-,-
5838,#89mostsharedmovieof2001,-,-
5839,#89mostsharedmovieof2002,-,-
5840,#89mostsharedmovieof2005,-,-
5841,#89mostsharedmovieof2007,-,-
5842,#89mostsharedmovieof2008,-,-
5843,#89mostsharedmovieof2018,-,-
5844,#89mostsharedmovieof2019,-,-
5845,#8bestmovieof2000,-,-
5846,#8bestmovieof2001 ,-,-
5847,#8bestmovieof2002,-,-
5848,#8bestmovieof2003,-,-
5849,#8bestmovieof2004,-,-
5850,#8bestmovieof2005 ,-,-
5851,#8bestmovieof2006,-,-
5852,#8bestmovieof2007 ,-,-
5853,#8bestmovieof2008,-,-
5854,#8bestmovieof2009 ,-,-
5855,#8bestmovieof2010 ,-,-
5856,#8bestmovieof2011,-,-
5857,#8bestmovieof2012,-,-
5858,#8bestmovieof2013,-,-
5859,#8bestmovieof2014,-,-
5860,#8bestmovieof2015 ,-,-
5861,#8bestmovieof2016,-,-
5862,#8bestmovieof2017 ,-,-
5863,#8bestmovieof2018,-,-
5864,#8bestmovieof2020,-,-
5865,#8bestmovieof2021,-,-
5866,#8mostdiscussedmovieof2000 ,-,-
5867,#8mostdiscussedmovieof2001 ,-,-
5868,#8mostdiscussedmovieof2002 ,-,-
5869,#8mostdiscussedmovieof2003 ,-,-
5870,#8mostdiscussedmovieof2006 ,-,-
5871,#8mostdiscussedmovieof2007 ,-,-
5872,#8mostdiscussedmovieof2008 ,-,-
5873,#8mostdiscussedmovieof2011 ,-,-
5874,#8mostdiscussedmovieof2013 ,-,-
5875,#8mostdiscussedmovieof2014 ,-,-
5876,#8mostdiscussedmovieof2015 ,-,-
5877,#8mostdiscussedmovieof2017 ,-,-
5878,#8mostdiscussedmovieof2018 ,-,-
5879,#8mostdiscussedmovieof2019 ,-,-
5880,#8mostdiscussedmovieof2020,-,-
5881,#8mostdiscussedmovieof2021,-,-
5882,#8mostsharedmovieof2002,-,-
5883,#8mostsharedmovieof2006,-,-
5884,#8mostsharedmovieof2008,-,-
5885,#8mostsharedmovieof2020,-,-
5886,#90bestmovieof2000,-,-
5887,#90bestmovieof2001,-,-
5888,#90bestmovieof2002,-,-
5889,#90bestmovieof2003,-,-
5890,#90bestmovieof2004,-,-
5891,#90bestmovieof2005,-,-
5892,#90bestmovieof2006 ,-,-
5893,#90bestmovieof2007 ,-,-
5894,#90bestmovieof2008,-,-
5895,#90bestmovieof2009,-,-
5896,#90bestmovieof2010,-,-
5897,#90bestmovieof2011,-,-
5898,#90bestmovieof2012,-,-
5899,#90bestmovieof2013,-,-
5900,#90bestmovieof2014,-,-
5901,#90bestmovieof2015,-,-
5902,#90bestmovieof2016,-,-
5903,#90bestmovieof2017,-,-
5904,#90bestmovieof2018,-,-
5905,#90bestmovieof2019,-,-
5906,#90bestmovieof2020,-,-
5907,#90bestmovieof2021,-,-
5908,#90mostdiscussedmovieof2000,-,-
5909,#90mostdiscussedmovieof2001,-,-
5910,#90mostdiscussedmovieof2002,-,-
5911,#90mostdiscussedmovieof2003 ,-,-
5912,#90mostdiscussedmovieof2004,-,-
5913,#90mostdiscussedmovieof2007,-,-
5914,#90mostdiscussedmovieof2009,-,-
5915,#90mostdiscussedmovieof2010,-,-
5916,#90mostdiscussedmovieof2011,-,-
5917,#90mostdiscussedmovieof2012,-,-
5918,#90mostdiscussedmovieof2014 ,-,-
5919,#90mostdiscussedmovieof2015,-,-
5920,#90mostdiscussedmovieof2016 ,-,-
5921,#90mostdiscussedmovieof2017 ,-,-
5922,#90mostdiscussedmovieof2018,-,-
5923,#90mostdiscussedmovieof2019,-,-
5924,#90mostdiscussedmovieof2021,-,-
5925,#90mostsharedmovieof2000,-,-
5926,#90mostsharedmovieof2002,-,-
5927,#90mostsharedmovieof2003,-,-
5928,#90mostsharedmovieof2006,-,-
5929,#90mostsharedmovieof2007,-,-
5930,#90mostsharedmovieof2008,-,-
5931,#90mostsharedmovieof2009,-,-
5932,#90mostsharedmovieof2012,-,-
5933,#90mostsharedmovieof2014,-,-
5934,#90mostsharedmovieof2015,-,-
5935,#90mostsharedmovieof2016,-,-
5936,#91bestmovieof2000,-,-
5937,#91bestmovieof2001,-,-
5938,#91bestmovieof2002,-,-
5939,#91bestmovieof2003 ,-,-
5940,#91bestmovieof2004,-,-
5941,#91bestmovieof2005 ,-,-
5942,#91bestmovieof2006,-,-
5943,#91bestmovieof2007,-,-
5944,#91bestmovieof2008,-,-
5945,#91bestmovieof2009,-,-
5946,#91bestmovieof2010,-,-
5947,#91bestmovieof2011,-,-
5948,#91bestmovieof2012,-,-
5949,#91bestmovieof2013,-,-
5950,#91bestmovieof2014,-,-
5951,#91bestmovieof2015 ,-,-
5952,#91bestmovieof2016,-,-
5953,#91bestmovieof2017 ,-,-
5954,#91bestmovieof2018,-,-
5955,#91bestmovieof2019,-,-
5956,#91bestmovieof2020,-,-
5957,#91bestmovieof2021,-,-
5958,#91mostdiscussedmovieof2000 ,-,-
5959,#91mostdiscussedmovieof2001 ,-,-
5960,#91mostdiscussedmovieof2002 ,-,-
5961,#91mostdiscussedmovieof2003,-,-
5962,#91mostdiscussedmovieof2005 ,-,-
5963,#91mostdiscussedmovieof2006,-,-
5964,#91mostdiscussedmovieof2007,-,-
5965,#91mostdiscussedmovieof2008,-,-
5966,#91mostdiscussedmovieof2009,-,-
5967,#91mostdiscussedmovieof2011,-,-
5968,#91mostdiscussedmovieof2012 ,-,-
5969,#91mostdiscussedmovieof2013 ,-,-
5970,#91mostdiscussedmovieof2014 ,-,-
5971,#91mostdiscussedmovieof2015 ,-,-
5972,#91mostdiscussedmovieof2016,-,-
5973,#91mostdiscussedmovieof2017,-,-
5974,#91mostdiscussedmovieof2019,-,-
5975,#91mostdiscussedmovieof2020,-,-
5976,#91mostdiscussedmovieof2021,-,-
5977,#91mostsharedmovieof2002,-,-
5978,#91mostsharedmovieof2004,-,-
5979,#91mostsharedmovieof2005,-,-
5980,#91mostsharedmovieof2006,-,-
5981,#91mostsharedmovieof2009,-,-
5982,#91mostsharedmovieof2012,-,-
5983,#91mostsharedmovieof2018,-,-
5984,#91mostsharedmovieof2019,-,-
5985,#92bestmovieof2000 ,-,-
5986,#92bestmovieof2001 ,-,-
5987,#92bestmovieof2002,-,-
5988,#92bestmovieof2003,-,-
5989,#92bestmovieof2004,-,-
5990,#92bestmovieof2005,-,-
5991,#92bestmovieof2006,-,-
5992,#92bestmovieof2007,-,-
5993,#92bestmovieof2008,-,-
5994,#92bestmovieof2009,-,-
5995,#92bestmovieof2010,-,-
5996,#92bestmovieof2011 ,-,-
5997,#92bestmovieof2012,-,-
5998,#92bestmovieof2013,-,-
5999,#92bestmovieof2014 ,-,-
6000,#92bestmovieof2015,-,-
6001,#92bestmovieof2016,-,-
6002,#92bestmovieof2017,-,-
6003,#92bestmovieof2018,-,-
6004,#92bestmovieof2019 ,-,-
6005,#92bestmovieof2020,-,-
6006,#92bestmovieof2021,-,-
6007,#92mostdiscussedmovieof2000,-,-
6008,#92mostdiscussedmovieof2001,-,-
6009,#92mostdiscussedmovieof2003 ,-,-
6010,#92mostdiscussedmovieof2004 ,-,-
6011,#92mostdiscussedmovieof2005 ,-,-
6012,#92mostdiscussedmovieof2006,-,-
6013,#92mostdiscussedmovieof2007,-,-
6014,#92mostdiscussedmovieof2008,-,-
6015,#92mostdiscussedmovieof2009 ,-,-
6016,#92mostdiscussedmovieof2010 ,-,-
6017,#92mostdiscussedmovieof2011,-,-
6018,#92mostdiscussedmovieof2012,-,-
6019,#92mostdiscussedmovieof2013,-,-
6020,#92mostdiscussedmovieof2014,-,-
6021,#92mostdiscussedmovieof2015 ,-,-
6022,#92mostdiscussedmovieof2016,-,-
6023,#92mostdiscussedmovieof2017 ,-,-
6024,#92mostdiscussedmovieof2018,-,-
6025,#92mostdiscussedmovieof2019,-,-
6026,#92mostdiscussedmovieof2020,-,-
6027,#92mostdiscussedmovieof2021,-,-
6028,#92mostsharedmovieof2003,-,-
6029,#92mostsharedmovieof2006,-,-
6030,#92mostsharedmovieof2012,-,-
6031,#92mostsharedmovieof2015,-,-
6032,#92mostsharedmovieof2018,-,-
6033,#92mostsharedmovieof2019,-,-
6034,#93bestmovieof2000 ,-,-
6035,#93bestmovieof2001 ,-,-
6036,#93bestmovieof2002,-,-
6037,#93bestmovieof2003,-,-
6038,#93bestmovieof2004 ,-,-
6039,#93bestmovieof2005,-,-
6040,#93bestmovieof2006,-,-
6041,#93bestmovieof2007,-,-
6042,#93bestmovieof2008,-,-
6043,#93bestmovieof2009,-,-
6044,#93bestmovieof2010,-,-
6045,#93bestmovieof2011,-,-
6046,#93bestmovieof2012,-,-
6047,#93bestmovieof2013,-,-
6048,#93bestmovieof2014,-,-
6049,#93bestmovieof2015,-,-
6050,#93bestmovieof2016,-,-
6051,#93bestmovieof2017,-,-
6052,#93bestmovieof2018,-,-
6053,#93bestmovieof2019,-,-
6054,#93bestmovieof2020,-,-
6055,#93bestmovieof2021,-,-
6056,#93mostdiscussedmovieof2000,-,-
6057,#93mostdiscussedmovieof2001,-,-
6058,#93mostdiscussedmovieof2002 ,-,-
6059,#93mostdiscussedmovieof2003,-,-
6060,#93mostdiscussedmovieof2004,-,-
6061,#93mostdiscussedmovieof2005,-,-
6062,#93mostdiscussedmovieof2006 ,-,-
6063,#93mostdiscussedmovieof2007 ,-,-
6064,#93mostdiscussedmovieof2008 ,-,-
6065,#93mostdiscussedmovieof2009 ,-,-
6066,#93mostdiscussedmovieof2010,-,-
6067,#93mostdiscussedmovieof2011,-,-
6068,#93mostdiscussedmovieof2012,-,-
6069,#93mostdiscussedmovieof2014,-,-
6070,#93mostdiscussedmovieof2015,-,-
6071,#93mostdiscussedmovieof2016,-,-
6072,#93mostdiscussedmovieof2019,-,-
6073,#93mostdiscussedmovieof2021,-,-
6074,#93mostsharedmovieof2001,-,-
6075,#93mostsharedmovieof2006,-,-
6076,#93mostsharedmovieof2007,-,-
6077,#93mostsharedmovieof2008,-,-
6078,#93mostsharedmovieof2012,-,-
6079,#93mostsharedmovieof2013,-,-
6080,#93mostsharedmovieof2014,-,-
6081,#93mostsharedmovieof2018,-,-
6082,#93mostsharedmovieof2019,-,-
6083,#94bestmovieof2000,-,-
6084,#94bestmovieof2001,-,-
6085,#94bestmovieof2002,-,-
6086,#94bestmovieof2003,-,-
6087,#94bestmovieof2004,-,-
6088,#94bestmovieof2005 ,-,-
6089,#94bestmovieof2006 ,-,-
6090,#94bestmovieof2007,-,-
6091,#94bestmovieof2008 ,-,-
6092,#94bestmovieof2009,-,-
6093,#94bestmovieof2010 ,-,-
6094,#94bestmovieof2011,-,-
6095,#94bestmovieof2012,-,-
6096,#94bestmovieof2013,-,-
6097,#94bestmovieof2014,-,-
6098,#94bestmovieof2015 ,-,-
6099,#94bestmovieof2016,-,-
6100,#94bestmovieof2017,-,-
6101,#94bestmovieof2018,-,-
6102,#94bestmovieof2019,-,-
6103,#94bestmovieof2020,-,-
6104,#94bestmovieof2021,-,-
6105,#94mostdiscussedmovieof2000,-,-
6106,#94mostdiscussedmovieof2001,-,-
6107,#94mostdiscussedmovieof2002,-,-
6108,#94mostdiscussedmovieof2003,-,-
6109,#94mostdiscussedmovieof2004 ,-,-
6110,#94mostdiscussedmovieof2007 ,-,-
6111,#94mostdiscussedmovieof2008 ,-,-
6112,#94mostdiscussedmovieof2009 ,-,-
6113,#94mostdiscussedmovieof2010,-,-
6114,#94mostdiscussedmovieof2011 ,-,-
6115,#94mostdiscussedmovieof2012,-,-
6116,#94mostdiscussedmovieof2013 ,-,-
6117,#94mostdiscussedmovieof2014,-,-
6118,#94mostdiscussedmovieof2015,-,-
6119,#94mostdiscussedmovieof2016,-,-
6120,#94mostdiscussedmovieof2017,-,-
6121,#94mostdiscussedmovieof2018,-,-
6122,#94mostdiscussedmovieof2019,-,-
6123,#94mostdiscussedmovieof2020,-,-
6124,#94mostdiscussedmovieof2021,-,-
6125,#94mostsharedmovieof2001,-,-
6126,#94mostsharedmovieof2002,-,-
6127,#94mostsharedmovieof2007,-,-
6128,#95bestmovieof2000,-,-
6129,#95bestmovieof2001 ,-,-
6130,#95bestmovieof2002,-,-
6131,#95bestmovieof2003 ,-,-
6132,#95bestmovieof2004 ,-,-
6133,#95bestmovieof2005,-,-
6134,#95bestmovieof2006,-,-
6135,#95bestmovieof2007 ,-,-
6136,#95bestmovieof2008,-,-
6137,#95bestmovieof2009,-,-
6138,#95bestmovieof2010,-,-
6139,#95bestmovieof2011,-,-
6140,#95bestmovieof2012,-,-
6141,#95bestmovieof2013,-,-
6142,#95bestmovieof2014,-,-
6143,#95bestmovieof2015,-,-
6144,#95bestmovieof2016,-,-
6145,#95bestmovieof2017 ,-,-
6146,#95bestmovieof2018,-,-
6147,#95bestmovieof2019,-,-
6148,#95bestmovieof2020,-,-
6149,#95bestmovieof2021,-,-
6150,#95mostdiscussedmovieof2000,-,-
6151,#95mostdiscussedmovieof2001 ,-,-
6152,#95mostdiscussedmovieof2003 ,-,-
6153,#95mostdiscussedmovieof2004 ,-,-
6154,#95mostdiscussedmovieof2005,-,-
6155,#95mostdiscussedmovieof2006 ,-,-
6156,#95mostdiscussedmovieof2007,-,-
6157,#95mostdiscussedmovieof2008 ,-,-
6158,#95mostdiscussedmovieof2009 ,-,-
6159,#95mostdiscussedmovieof2010,-,-
6160,#95mostdiscussedmovieof2011,-,-
6161,#95mostdiscussedmovieof2012,-,-
6162,#95mostdiscussedmovieof2014,-,-
6163,#95mostdiscussedmovieof2015,-,-
6164,#95mostdiscussedmovieof2017 ,-,-
6165,#95mostdiscussedmovieof2018 ,-,-
6166,#95mostdiscussedmovieof2019,-,-
6167,#95mostdiscussedmovieof2020,-,-
6168,#95mostdiscussedmovieof2021,-,-
6169,#95mostsharedmovieof2002,-,-
6170,#95mostsharedmovieof2006,-,-
6171,#95mostsharedmovieof2008,-,-
6172,#95mostsharedmovieof2010,-,-
6173,#95mostsharedmovieof2011,-,-
6174,#95mostsharedmovieof2012,-,-
6175,#95mostsharedmovieof2013,-,-
6176,#95mostsharedmovieof2017,-,-
6177,#95mostsharedmovieof2019,-,-
6178,#96bestmovieof2000,-,-
6179,#96bestmovieof2001,-,-
6180,#96bestmovieof2002,-,-
6181,#96bestmovieof2003 ,-,-
6182,#96bestmovieof2004 ,-,-
6183,#96bestmovieof2005 ,-,-
6184,#96bestmovieof2006,-,-
6185,#96bestmovieof2007,-,-
6186,#96bestmovieof2008,-,-
6187,#96bestmovieof2009,-,-
6188,#96bestmovieof2010,-,-
6189,#96bestmovieof2011,-,-
6190,#96bestmovieof2012,-,-
6191,#96bestmovieof2013,-,-
6192,#96bestmovieof2014,-,-
6193,#96bestmovieof2015,-,-
6194,#96bestmovieof2016,-,-
6195,#96bestmovieof2017 ,-,-
6196,#96bestmovieof2018,-,-
6197,#96bestmovieof2019,-,-
6198,#96bestmovieof2020,-,-
6199,#96bestmovieof2021,-,-
6200,#96mostdiscussedmovieof2000,-,-
6201,#96mostdiscussedmovieof2001,-,-
6202,#96mostdiscussedmovieof2004,-,-
6203,#96mostdiscussedmovieof2005 ,-,-
6204,#96mostdiscussedmovieof2008 ,-,-
6205,#96mostdiscussedmovieof2009,-,-
6206,#96mostdiscussedmovieof2010,-,-
6207,#96mostdiscussedmovieof2011 ,-,-
6208,#96mostdiscussedmovieof2012 ,-,-
6209,#96mostdiscussedmovieof2013,-,-
6210,#96mostdiscussedmovieof2014,-,-
6211,#96mostdiscussedmovieof2015,-,-
6212,#96mostdiscussedmovieof2016,-,-
6213,#96mostdiscussedmovieof2018 ,-,-
6214,#96mostdiscussedmovieof2019,-,-
6215,#96mostdiscussedmovieof2020,-,-
6216,#96mostdiscussedmovieof2021,-,-
6217,#96mostsharedmovieof2002,-,-
6218,#96mostsharedmovieof2005,-,-
6219,#96mostsharedmovieof2013,-,-
6220,#96mostsharedmovieof2014,-,-
6221,#96mostsharedmovieof2016,-,-
6222,#96mostsharedmovieof2017,-,-
6223,#96mostsharedmovieof2019,-,-
6224,#97bestmovieof2000,-,-
6225,#97bestmovieof2001 ,-,-
6226,#97bestmovieof2002,-,-
6227,#97bestmovieof2003 ,-,-
6228,#97bestmovieof2004,-,-
6229,#97bestmovieof2005,-,-
6230,#97bestmovieof2006,-,-
6231,#97bestmovieof2007,-,-
6232,#97bestmovieof2008 ,-,-
6233,#97bestmovieof2009 ,-,-
6234,#97bestmovieof2010 ,-,-
6235,#97bestmovieof2011,-,-
6236,#97bestmovieof2012,-,-
6237,#97bestmovieof2013,-,-
6238,#97bestmovieof2014,-,-
6239,#97bestmovieof2015,-,-
6240,#97bestmovieof2016,-,-
6241,#97bestmovieof2017,-,-
6242,#97bestmovieof2018,-,-
6243,#97bestmovieof2019,-,-
6244,#97bestmovieof2020,-,-
6245,#97bestmovieof2021,-,-
6246,#97mostdiscussedmovieof2000 ,-,-
6247,#97mostdiscussedmovieof2001 ,-,-
6248,#97mostdiscussedmovieof2002,-,-
6249,#97mostdiscussedmovieof2003 ,-,-
6250,#97mostdiscussedmovieof2004 ,-,-
6251,#97mostdiscussedmovieof2006 ,-,-
6252,#97mostdiscussedmovieof2007,-,-
6253,#97mostdiscussedmovieof2009,-,-
6254,#97mostdiscussedmovieof2010,-,-
6255,#97mostdiscussedmovieof2011 ,-,-
6256,#97mostdiscussedmovieof2013,-,-
6257,#97mostdiscussedmovieof2014 ,-,-
6258,#97mostdiscussedmovieof2016,-,-
6259,#97mostdiscussedmovieof2017,-,-
6260,#97mostdiscussedmovieof2018 ,-,-
6261,#97mostdiscussedmovieof2019 ,-,-
6262,#97mostdiscussedmovieof2021,-,-
6263,#97mostsharedmovieof2000,-,-
6264,#97mostsharedmovieof2002,-,-
6265,#97mostsharedmovieof2005,-,-
6266,#97mostsharedmovieof2007,-,-
6267,#97mostsharedmovieof2011,-,-
6268,#97mostsharedmovieof2012,-,-
6269,#97mostsharedmovieof2019,-,-
6270,#98bestmovieof2000,-,-
6271,#98bestmovieof2001,-,-
6272,#98bestmovieof2002,-,-
6273,#98bestmovieof2003 ,-,-
6274,#98bestmovieof2004,-,-
6275,#98bestmovieof2005 ,-,-
6276,#98bestmovieof2006 ,-,-
6277,#98bestmovieof2007,-,-
6278,#98bestmovieof2008,-,-
6279,#98bestmovieof2009,-,-
6280,#98bestmovieof2010,-,-
6281,#98bestmovieof2011,-,-
6282,#98bestmovieof2012,-,-
6283,#98bestmovieof2013 ,-,-
6284,#98bestmovieof2014 ,-,-
6285,#98bestmovieof2015,-,-
6286,#98bestmovieof2016,-,-
6287,#98bestmovieof2017,-,-
6288,#98bestmovieof2018,-,-
6289,#98bestmovieof2019,-,-
6290,#98bestmovieof2020,-,-
6291,#98bestmovieof2021,-,-
6292,#98mostdiscussedmovieof2000,-,-
6293,#98mostdiscussedmovieof2001,-,-
6294,#98mostdiscussedmovieof2002,-,-
6295,#98mostdiscussedmovieof2003,-,-
6296,#98mostdiscussedmovieof2004,-,-
6297,#98mostdiscussedmovieof2005 ,-,-
6298,#98mostdiscussedmovieof2006 ,-,-
6299,#98mostdiscussedmovieof2008,-,-
6300,#98mostdiscussedmovieof2009,-,-
6301,#98mostdiscussedmovieof2010 ,-,-
6302,#98mostdiscussedmovieof2011 ,-,-
6303,#98mostdiscussedmovieof2012,-,-
6304,#98mostdiscussedmovieof2013,-,-
6305,#98mostdiscussedmovieof2014,-,-
6306,#98mostdiscussedmovieof2016 ,-,-
6307,#98mostdiscussedmovieof2017,-,-
6308,#98mostdiscussedmovieof2018,-,-
6309,#98mostdiscussedmovieof2019 ,-,-
6310,#98mostdiscussedmovieof2020,-,-
6311,#98mostdiscussedmovieof2021,-,-
6312,#98mostsharedmovieof2004,-,-
6313,#98mostsharedmovieof2005,-,-
6314,#98mostsharedmovieof2006,-,-
6315,#98mostsharedmovieof2011,-,-
6316,#98mostsharedmovieof2012,-,-
6317,#98mostsharedmovieof2015,-,-
6318,#98mostsharedmovieof2017,-,-
6319,#99bestmovieof2000,-,-
6320,#99bestmovieof2001 ,-,-
6321,#99bestmovieof2002,-,-
6322,#99bestmovieof2003,-,-
6323,#99bestmovieof2004,-,-
6324,#99bestmovieof2005,-,-
6325,#99bestmovieof2006 ,-,-
6326,#99bestmovieof2007,-,-
6327,#99bestmovieof2008,-,-
6328,#99bestmovieof2009,-,-
6329,#99bestmovieof2010,-,-
6330,#99bestmovieof2011,-,-
6331,#99bestmovieof2012,-,-
6332,#99bestmovieof2013 ,-,-
6333,#99bestmovieof2014,-,-
6334,#99bestmovieof2015,-,-
6335,#99bestmovieof2016 ,-,-
6336,#99bestmovieof2017,-,-
6337,#99bestmovieof2018,-,-
6338,#99bestmovieof2019,-,-
6339,#99bestmovieof2020,-,-
6340,#99bestmovieof2021,-,-
6341,#99mostdiscussedmovieof2000,-,-
6342,#99mostdiscussedmovieof2001,-,-
6343,#99mostdiscussedmovieof2002,-,-
6344,#99mostdiscussedmovieof2003 ,-,-
6345,#99mostdiscussedmovieof2004 ,-,-
6346,#99mostdiscussedmovieof2005,-,-
6347,#99mostdiscussedmovieof2006,-,-
6348,#99mostdiscussedmovieof2008,-,-
6349,#99mostdiscussedmovieof2009,-,-
6350,#99mostdiscussedmovieof2010 ,-,-
6351,#99mostdiscussedmovieof2012 ,-,-
6352,#99mostdiscussedmovieof2013 ,-,-
6353,#99mostdiscussedmovieof2014 ,-,-
6354,#99mostdiscussedmovieof2015,-,-
6355,#99mostdiscussedmovieof2016 ,-,-
6356,#99mostdiscussedmovieof2017,-,-
6357,#99mostdiscussedmovieof2018 ,-,-
6358,#99mostdiscussedmovieof2019,-,-
6359,#99mostdiscussedmovieof2020,-,-
6360,#99mostsharedmovieof2003,-,-
6361,#99mostsharedmovieof2005,-,-
6362,#99mostsharedmovieof2008,-,-
6363,#99mostsharedmovieof2009,-,-
6364,#99mostsharedmovieof2012,-,-
6365,#99mostsharedmovieof2013,-,-
6366,#99mostsharedmovieof2014,-,-
6367,#99mostsharedmovieof2017,-,-
6368,#9bestmovieof2000 ,-,-
6369,#9bestmovieof2001,-,-
6370,#9bestmovieof2002 ,-,-
6371,#9bestmovieof2003,-,-
6372,#9bestmovieof2004,-,-
6373,#9bestmovieof2005,-,-
6374,#9bestmovieof2006,-,-
6375,#9bestmovieof2007 ,-,-
6376,#9bestmovieof2008 ,-,-
6377,#9bestmovieof2009,-,-
6378,#9bestmovieof2010,-,-
6379,#9bestmovieof2011,-,-
6380,#9bestmovieof2012 ,-,-
6381,#9bestmovieof2013 ,-,-
6382,#9bestmovieof2014 ,-,-
6383,#9bestmovieof2015,-,-
6384,#9bestmovieof2016,-,-
6385,#9bestmovieof2017,-,-
6386,#9bestmovieof2018,-,-
6387,#9bestmovieof2019,-,-
6388,#9bestmovieof2020 ,-,-
6389,#9bestmovieof2021,-,-
6390,#9mostdiscussedmovieof2002 ,-,-
6391,#9mostdiscussedmovieof2003 ,-,-
6392,#9mostdiscussedmovieof2004 ,-,-
6393,#9mostdiscussedmovieof2005 ,-,-
6394,#9mostdiscussedmovieof2006 ,-,-
6395,#9mostdiscussedmovieof2007 ,-,-
6396,#9mostdiscussedmovieof2008 ,-,-
6397,#9mostdiscussedmovieof2010 ,-,-
6398,#9mostdiscussedmovieof2011 ,-,-
6399,#9mostdiscussedmovieof2013 ,-,-
6400,#9mostdiscussedmovieof2014 ,-,-
6401,#9mostdiscussedmovieof2015 ,-,-
6402,#9mostdiscussedmovieof2017 ,-,-
6403,#9mostdiscussedmovieof2019,-,-
6404,#9mostdiscussedmovieof2021,-,-
6405,#9mostsharedmovieof2005,-,-
6406,#9mostsharedmovieof2011,-,-
6407,#9mostsharedmovieof2016,-,-
