studio_id,movie_id,movie_studio_id
655,2,1
722,3,2
1081,5,3
511,10,4
755,11,5
718,13,6
257,16,7
1077,21,8
1081,25,9
625,26,10
413,28,11
694,29,12
1022,30,13
392,33,14
694,36,15
405,39,16
694,43,17
405,50,18
932,57,19
182,68,20
1022,75,21
741,109,22
713,110,23
79,134,24
902,145,25
323,152,26
103,208,27
905,210,28
413,219,29
934,222,30
1078,232,31
880,249,32
1022,260,33
953,264,34
1078,276,35
782,291,36
782,303,37
1039,312,38
257,318,39
1077,339,40
932,361,41
413,372,42
24,396,43
626,408,44
1022,414,45
932,440,46
989,441,47
336,443,48
585,451,49
182,455,50
711,480,51
1022,494,52
1081,499,53
511,541,54
281,556,55
888,572,56
424,582,57
989,586,58
1116,592,59
210,593,60
234,598,61
651,602,62
947,616,63
934,625,64
24,635,65
566,672,66
960,706,67
511,711,68
1078,747,69
782,748,70
1022,751,71
597,777,72
24,797,73
375,799,74
24,807,75
887,821,76
387,827,77
565,837,78
511,899,79
257,911,80
593,913,81
162,920,82
1087,921,83
257,922,84
511,925,85
1022,926,86
1022,927,87
597,930,88
888,961,89
932,975,90
626,996,91
1057,999,92
782,1003,93
746,1006,94
255,1010,95
452,1029,96
513,1047,97
718,1048,98
101,1052,99
1085,1064,100
1077,1066,101
1039,1068,102
947,1089,103
257,1094,104
927,1098,105
56,1109,106
424,1156,107
27,1169,108
626,1179,109
762,1180,110
747,1188,111
464,1201,112
565,1202,113
513,1228,114
932,1238,115
782,1248,116
1116,1281,117
782,1285,118
782,1294,119
208,1296,120
1078,1311,121
782,1357,122
1065,1367,123
743,1372,124
1039,1392,125
623,1408,126
83,1417,127
947,1419,128
1099,1431,129
52,1436,130
880,1438,131
342,1443,132
56,1445,133
405,1453,134
597,1467,135
463,1476,136
1087,1494,137
405,1502,138
464,1507,139
888,1510,140
887,1514,141
162,1524,142
366,1530,143
292,1538,144
947,1539,145
333,1553,146
520,1578,147
1085,1584,148
1085,1595,149
713,1606,150
316,1608,151
597,1610,152
56,1614,153
1118,1624,154
940,1634,155
748,1652,156
674,1654,157
1022,1664,158
182,1667,159
511,1668,160
782,1669,161
782,1697,162
1039,1700,163
595,1705,164
762,1709,165
747,1712,166
932,1713,167
1064,1736,168
947,1755,169
357,1759,170
565,1767,171
932,1775,172
947,1776,173
749,1778,174
1077,1780,175
395,1781,176
599,1785,177
257,1805,178
1057,1829,179
824,1832,180
633,1836,181
646,1841,182
1077,1851,183
27,1854,184
742,1855,185
859,1862,186
667,1867,187
743,1870,188
1078,1876,189
479,1880,190
24,1882,191
749,1886,192
344,1888,193
653,1907,194
597,1912,195
536,1915,196
471,1916,197
782,1921,198
243,1924,199
395,1943,200
205,1944,201
748,1948,202
888,1961,203
463,1970,204
1057,1982,205
595,1986,206
24,1990,207
387,1996,208
1087,2008,209
1039,2041,210
511,2052,211
964,2054,212
874,2069,213
880,2080,214
1039,2081,215
230,2083,216
56,2096,217
376,2098,218
168,2102,219
859,2114,220
880,2134,221
1014,2138,222
1087,2157,223
713,2167,224
79,2191,225
742,2202,226
626,2204,227
413,2211,228
713,2218,229
1022,2224,230
56,2233,231
934,2244,232
27,2251,233
1003,2261,234
1081,2264,235
856,2276,236
845,2288,237
747,2293,238
960,2297,239
713,2298,240
1018,2304,241
387,2324,242
932,2345,243
762,2355,244
595,2358,245
424,2359,246
390,2380,247
1041,2390,248
1039,2395,249
1039,2398,250
713,2427,251
289,2431,252
1021,2437,253
103,2464,254
1022,2476,255
65,2479,256
718,2524,257
932,2526,258
633,2529,259
24,2532,260
323,2544,261
880,2552,262
1057,2557,263
24,2558,264
257,2566,265
565,2581,266
726,2587,267
735,2590,268
1087,2591,269
27,2595,270
464,2602,271
1085,2609,272
741,2615,273
231,2621,274
414,2623,275
705,2636,276
827,2660,277
1077,2674,278
964,2677,279
743,2678,280
496,2686,281
1085,2689,282
257,2703,283
419,2704,284
1039,2709,285
1022,2710,286
782,2712,287
597,2713,288
964,2715,289
713,2732,290
799,2736,291
626,2759,292
511,2764,293
932,2770,294
626,2775,295
880,2781,296
888,2783,297
93,2793,298
626,2795,299
713,2808,300
1039,2816,301
675,2827,302
597,2838,303
115,2843,304
387,2848,305
1039,2850,306
953,2860,307
424,2861,308
694,2874,309
1022,2878,310
742,2894,311
416,2898,312
1039,2902,313
674,2906,314
989,2919,315
1081,2941,316
507,2956,317
880,2976,318
511,2981,319
511,2986,320
1022,2996,321
56,3010,322
626,3014,323
1057,3020,324
762,3025,325
257,3027,326
448,3031,327
24,3037,328
428,3046,329
597,3049,330
1034,3050,331
782,3058,332
905,3067,333
936,3071,334
1078,3078,335
874,3087,336
466,3091,337
355,3097,338
597,3105,339
856,3115,340
564,3125,341
747,3127,342
626,3132,343
694,3152,344
27,3157,345
413,3162,346
24,3164,347
762,3176,348
1039,3184,349
468,3188,350
565,3190,351
74,3193,352
674,3195,353
428,3221,354
511,3241,355
207,3244,356
395,3259,357
1057,3266,358
257,3268,359
960,3283,360
749,3287,361
711,3288,362
1022,3301,363
880,3302,364
597,3316,365
667,3330,366
859,3339,367
1065,3363,368
952,3372,369
230,3379,370
231,3399,371
1039,3403,372
179,3415,373
257,3428,374
1039,3431,375
586,3434,376
1057,3435,377
1116,3437,378
413,3443,379
694,3480,380
597,3483,381
1078,3484,382
511,3499,383
413,3506,384
424,3509,385
1078,3510,386
1078,3515,387
947,3519,388
556,3520,389
888,3552,390
597,3560,391
954,3561,392
27,3562,393
565,3569,394
1118,3571,395
258,3576,396
1022,3588,397
565,3589,398
255,3591,399
1078,3593,400
1077,3595,401
480,3600,402
162,3610,403
626,3611,404
24,3617,405
713,3621,406
257,3630,407
960,3632,408
289,3640,409
203,3649,410
626,3654,411
597,3664,412
395,3665,413
413,3666,414
79,3667,415
964,3674,416
614,3696,417
874,3703,418
748,3715,419
1027,3719,420
874,3720,421
511,3733,422
85,3744,423
516,3756,424
1085,3764,425
597,3766,426
395,3773,427
743,3791,428
747,3792,429
854,3813,430
13,3816,431
599,3819,432
511,3827,433
888,3842,434
565,3846,435
247,3856,436
932,3858,437
985,3863,438
782,3872,439
874,3874,440
511,3875,441
964,3890,442
6,3900,443
80,3922,444
565,3926,445
31,3929,446
626,3931,447
713,3938,448
1022,3946,449
1078,3964,450
965,3970,451
463,3983,452
713,3991,453
597,3999,454
932,4008,455
31,4014,456
753,4015,457
597,4026,458
415,4027,459
225,4028,460
743,4032,461
119,4038,462
1027,4050,463
513,4052,464
265,4073,465
257,4074,466
207,4080,467
1039,4082,468
597,4083,469
750,4089,470
162,4091,471
594,4092,472
742,4094,473
1057,4144,474
985,4151,475
674,4156,476
778,4160,477
795,4161,478
956,4166,479
565,4167,480
743,4174,481
1087,4178,482
513,4201,483
953,4220,484
505,4224,485
964,4248,486
1022,4262,487
1118,4269,488
424,4279,489
880,4285,490
565,4287,491
1057,4297,492
888,4299,493
27,4313,494
857,4314,495
1085,4331,496
1078,4351,497
414,4367,498
674,4372,499
694,4376,500
464,4377,501
848,4381,502
547,4391,503
626,4395,504
54,4408,505
807,4416,506
856,4417,507
150,4421,508
383,4443,509
782,4445,510
1081,4447,511
887,4454,512
1078,4458,513
626,4459,514
1039,4465,515
257,4466,516
395,4471,517
964,4479,518
1039,4502,519
395,4517,520
1108,4525,521
742,4533,522
463,4548,523
1022,4550,524
762,4552,525
848,4570,526
749,4577,527
1020,4582,528
395,4595,529
626,4596,530
103,4597,531
597,4604,532
743,4607,533
674,4616,534
452,4625,535
515,4626,536
182,4629,537
856,4630,538
1077,4634,539
496,4635,540
748,4639,541
713,4645,542
1066,4660,543
6,4661,544
513,4664,545
1078,4670,546
579,4673,547
413,4678,548
932,4684,549
880,4685,550
511,4686,551
464,4690,552
1057,4693,553
464,4698,554
1039,4713,555
1085,4717,556
960,4719,557
782,4723,558
27,4724,559
666,4728,560
859,4746,561
826,4765,562
355,4770,563
626,4776,564
741,4788,565
390,4798,566
24,4803,567
222,4810,568
463,4821,569
463,4827,570
475,4828,571
513,4831,572
932,4832,573
1085,4834,574
762,4840,575
597,4849,576
722,4856,577
675,4863,578
24,4868,579
597,4870,580
626,4878,581
464,4892,582
713,4894,583
383,4899,584
511,4911,585
741,4913,586
597,4919,587
1078,4924,588
932,4935,589
511,4952,590
24,4970,591
257,4979,592
452,4980,593
1039,4981,594
1077,4985,595
713,4987,596
887,4990,597
246,4991,598
1078,4998,599
747,5002,600
947,5006,601
395,5041,602
248,5048,603
674,5049,604
387,5079,605
24,5080,606
626,5084,607
599,5096,608
713,5097,609
125,5119,610
464,5124,611
1039,5135,612
718,5136,613
176,5148,614
806,5156,615
565,5166,616
257,5170,617
413,5174,618
405,5177,619
405,5179,620
11,5190,621
599,5192,622
253,5193,623
368,5195,624
964,5203,625
1057,5204,626
960,5206,627
859,5219,628
626,5221,629
27,5229,630
24,5233,631
27,5241,632
428,5251,633
207,5264,634
1057,5267,635
1073,5272,636
257,5278,637
162,5279,638
1039,5280,639
599,5281,640
782,5284,641
874,5293,642
248,5295,643
762,5298,644
565,5312,645
413,5314,646
257,5318,647
424,5320,648
597,5324,649
1085,5334,650
257,5345,651
626,5350,652
599,5357,653
366,5362,654
964,5363,655
176,5367,656
230,5368,657
937,5409,658
1022,5412,659
856,5436,660
947,5440,661
395,5445,662
272,5448,663
859,5469,664
511,5477,665
807,5490,666
597,5495,667
1085,5496,668
24,5498,669
413,5500,670
323,5502,671
511,5521,672
1078,5522,673
866,5523,674
847,5527,675
626,5535,676
146,5548,677
1039,5551,678
718,5554,679
552,5555,680
1022,5566,681
713,5579,682
960,5589,683
24,5590,684
945,5591,685
742,5593,686
859,5594,687
1039,5619,688
1077,5622,689
52,5624,690
1039,5625,691
182,5653,692
856,5654,693
395,5656,694
782,5660,695
1078,5661,696
257,5664,697
742,5669,698
953,5677,699
870,5678,700
597,5680,701
138,5699,702
713,5725,703
932,5735,704
456,5740,705
911,5760,706
750,5764,707
424,5775,708
511,5783,709
511,5786,710
55,5803,711
565,5819,712
674,5821,713
947,5833,714
513,5840,715
597,5847,716
782,5853,717
246,5858,718
874,5860,719
1039,5862,720
932,5863,721
161,5872,722
257,5876,723
597,5879,724
597,5927,725
1078,5929,726
24,5930,727
161,5934,728
464,5935,729
255,5936,730
565,5940,731
651,5942,732
991,5952,733
937,5959,734
912,5972,735
257,5984,736
947,5997,737
40,6013,738
748,6017,739
713,6039,740
947,6040,741
182,6042,742
463,6043,743
257,6050,744
464,6072,745
675,6079,746
1039,6099,747
807,6106,748
182,6108,749
694,6122,750
387,6125,751
943,6132,752
747,6134,753
1116,6136,754
1077,6157,755
713,6167,756
511,6172,757
565,6173,758
511,6174,759
887,6175,760
565,6176,761
222,6178,762
1021,6180,763
626,6194,764
162,6198,765
960,6201,766
1039,6213,767
174,6220,768
511,6224,769
524,6229,770
257,6232,771
257,6242,772
866,6250,773
89,6276,774
905,6280,775
832,6281,776
743,6287,777
1022,6289,778
24,6292,779
513,6293,780
424,6302,781
789,6314,782
413,6316,783
511,6338,784
469,6350,785
511,6351,786
366,6361,787
513,6365,788
361,6367,789
1078,6377,790
511,6383,791
24,6390,792
162,6401,793
597,6418,794
888,6422,795
782,6433,796
805,6453,797
511,6454,798
594,6476,799
953,6477,800
599,6482,801
932,6483,802
27,6490,803
471,6491,804
119,6495,805
150,6505,806
464,6522,807
888,6532,808
1014,6535,809
964,6537,810
399,6538,811
1078,6543,812
511,6546,813
964,6549,814
888,6558,815
257,6565,816
1022,6568,817
27,6580,818
431,6586,819
897,6613,820
694,6618,821
270,6622,822
507,6630,823
224,6631,824
932,6633,825
947,6634,826
743,6635,827
71,6639,828
1102,6641,829
241,6647,830
747,6650,831
599,6669,832
1077,6677,833
413,6678,834
257,6687,835
1039,6690,836
464,6697,837
713,6702,838
586,6704,839
419,6706,840
1022,6714,841
413,6716,842
597,6721,843
953,6757,844
782,6760,845
471,6781,846
748,6785,847
424,6789,848
162,6792,849
888,6799,850
1039,6804,851
220,6805,852
985,6811,853
513,6814,854
424,6816,855
667,6821,856
1078,6822,857
1077,6824,858
597,6828,859
565,6836,860
27,6842,861
339,6858,862
24,6868,863
565,6885,864
1039,6887,865
215,6895,866
802,6897,867
1107,6900,868
182,6906,869
414,6910,870
496,6916,871
511,6918,872
597,6925,873
945,6931,874
1057,6933,875
24,6934,876
626,6937,877
859,6953,878
934,6975,879
387,6979,880
127,6984,881
1014,6989,882
40,6990,883
182,6999,884
395,7008,885
1039,7018,886
257,7019,887
690,7027,888
1077,7031,889
887,7041,890
964,7042,891
747,7054,892
1039,7064,893
874,7067,894
452,7071,895
932,7078,896
414,7079,897
749,7080,898
685,7081,899
413,7111,900
90,7120,901
694,7133,902
24,7137,903
1022,7145,904
41,7161,905
504,7162,906
1022,7164,907
511,7182,908
565,7183,909
748,7185,910
205,7190,911
513,7193,912
1057,7194,913
626,7220,914
713,7244,915
255,7249,916
24,7250,917
230,7257,918
713,7270,919
909,7273,920
782,7274,921
718,7277,922
174,7288,923
748,7315,924
565,7334,925
985,7344,926
597,7345,927
646,7346,928
964,7352,929
1107,7356,930
516,7362,931
626,7363,932
960,7368,933
932,7384,934
1110,7385,935
182,7409,936
456,7415,937
357,7418,938
749,7428,939
626,7430,940
597,7438,941
515,7446,942
1085,7447,943
667,7449,944
1039,7450,945
651,7454,946
405,7460,947
1039,7467,948
24,7476,949
964,7481,950
565,7482,951
27,7494,952
782,7495,953
1077,7498,954
511,7501,955
511,7504,956
626,7510,957
947,7513,958
511,7515,959
89,7518,960
880,7523,961
40,7524,962
932,7526,963
469,7552,964
456,7561,965
769,7599,966
694,7607,967
257,7610,968
1077,7618,969
1116,7620,970
626,7624,971
1077,7644,972
413,7655,973
626,7661,974
375,7671,975
1039,7682,976
595,7684,977
651,7686,978
1022,7688,979
964,7707,980
1078,7708,981
945,7710,982
874,7717,983
414,7722,984
414,7725,985
395,7754,986
795,7755,987
911,7760,988
859,7768,989
880,7770,990
1022,7778,991
516,7779,992
1078,7780,993
1085,7781,994
513,7790,995
182,7799,996
27,7802,997
859,7804,998
713,7830,999
932,7849,1000
27,7858,1001
743,7871,1002
24,7881,1003
1081,7882,1004
947,7884,1005
257,7897,1006
1014,7900,1007
1039,7903,1008
956,7904,1009
713,7923,1010
471,7929,1011
464,7946,1012
24,7949,1013
1085,7952,1014
413,7955,1015
1039,7962,1016
1077,7968,1017
713,7970,1018
677,7974,1019
964,7979,1020
597,7987,1021
859,7994,1022
888,8000,1023
511,8013,1024
1078,8032,1025
395,8036,1026
762,8038,1027
911,8055,1028
1085,8057,1029
1081,8060,1030
452,8061,1031
1039,8066,1032
8,8072,1033
257,8073,1034
511,8074,1035
511,8075,1036
68,8086,1037
880,8087,1038
1078,8090,1039
1039,8096,1040
1078,8098,1041
782,8103,1042
326,8108,1043
395,8109,1044
762,8116,1045
690,8119,1046
1077,8131,1047
424,8141,1048
713,8155,1049
782,8172,1050
1105,8180,1051
230,8181,1052
375,8184,1053
1039,8185,1054
1078,8187,1055
964,8189,1056
230,8190,1057
71,8192,1058
255,8193,1059
332,8194,1060
947,8203,1061
687,8206,1062
991,8210,1063
859,8213,1064
511,8220,1065
626,8221,1066
1039,8222,1067
1090,8238,1068
713,8240,1069
927,8242,1070
292,8245,1071
626,8260,1072
1022,8266,1073
463,8268,1074
599,8272,1075
674,8274,1076
802,8282,1077
1081,8283,1078
538,8284,1079
1022,8285,1080
626,8286,1081
464,8291,1082
626,8292,1083
598,8299,1084
1022,8300,1085
741,8309,1086
1039,8322,1087
155,8325,1088
496,8328,1089
24,8333,1090
932,8343,1091
1078,8344,1092
991,8348,1093
989,8357,1094
953,8360,1095
150,8370,1096
774,8386,1097
1116,8387,1098
565,8388,1099
511,8389,1100
1077,8390,1101
1116,8399,1102
222,8409,1103
1020,8410,1104
1107,8411,1105
387,8412,1106
626,8416,1107
1085,8417,1108
1022,8420,1109
1085,8423,1110
783,8425,1111
947,8436,1112
142,8438,1113
424,8439,1114
27,8440,1115
1077,8442,1116
782,8456,1117
945,8457,1118
349,8471,1119
789,8476,1120
1087,8507,1121
694,8527,1122
511,8531,1123
1078,8534,1124
1022,8536,1125
662,8542,1126
964,8543,1127
1039,8546,1128
257,8549,1129
932,8550,1130
880,8551,1131
782,8553,1132
685,8555,1133
782,8556,1134
511,8557,1135
230,8560,1136
205,8562,1137
1116,8566,1138
565,8567,1139
694,8568,1140
1083,8570,1141
40,8574,1142
1039,8583,1143
291,8584,1144
446,8585,1145
355,8588,1146
964,8596,1147
143,8600,1148
436,8620,1149
24,8621,1150
507,8633,1151
762,8639,1152
685,8660,1153
413,8666,1154
565,8667,1155
750,8671,1156
597,8673,1157
742,8676,1158
932,8677,1159
355,8682,1160
1085,8684,1161
932,8686,1162
1,8688,1163
750,8690,1164
1081,8691,1165
750,8692,1166
880,8693,1167
223,8700,1168
413,8702,1169
1007,8703,1170
511,8706,1171
932,8710,1172
864,8716,1173
511,8718,1174
859,8720,1175
464,8723,1176
1116,8726,1177
40,8729,1178
1099,8737,1179
742,8744,1180
932,8747,1181
597,8759,1182
713,8762,1183
1078,8766,1184
1065,8792,1185
705,8794,1186
253,8798,1187
848,8814,1188
945,8818,1189
859,8819,1190
464,8820,1191
1039,8823,1192
473,8827,1193
355,8829,1194
780,8831,1195
565,8838,1196
1039,8841,1197
782,8842,1198
932,8843,1199
741,8844,1200
1085,8846,1201
513,8847,1202
1022,8849,1203
1081,8850,1204
405,8852,1205
511,8859,1206
623,8860,1207
738,8861,1208
926,8865,1209
947,8867,1210
464,8869,1211
1085,8870,1212
1,8871,1213
579,8873,1214
947,8875,1215
413,8877,1216
1116,8878,1217
1081,8879,1218
565,8886,1219
40,8889,1220
205,8890,1221
290,8891,1222
626,8896,1223
387,8901,1224
72,8907,1225
1077,8912,1226
162,8919,1227
932,8927,1228
762,8931,1229
565,8933,1230
162,8944,1231
257,8946,1232
964,8954,1233
713,8963,1234
597,8972,1235
853,8977,1236
464,8982,1237
230,8983,1238
1118,8986,1239
782,8989,1240
140,8992,1241
743,8993,1242
742,8995,1243
375,8996,1244
932,8997,1245
464,8999,1246
71,9003,1247
597,9008,1248
1007,9009,1249
802,9012,1250
1019,9014,1251
565,9015,1252
932,9020,1253
722,9021,1254
424,9022,1255
1081,9024,1256
932,9027,1257
964,9028,1258
405,9030,1259
1022,9032,1260
782,9033,1261
1085,9037,1262
511,9039,1263
269,9040,1264
705,9042,1265
516,9046,1266
387,9048,1267
874,9051,1268
832,9058,1269
464,9060,1270
1078,9070,1271
257,9071,1272
1075,9076,1273
413,9089,1274
513,9099,1275
357,9116,1276
513,9117,1277
463,9118,1278
859,9132,1279
932,9140,1280
623,9145,1281
247,9147,1282
832,9149,1283
694,9150,1284
626,9153,1285
1077,9156,1286
663,9157,1287
24,9162,1288
898,9163,1289
24,9166,1290
902,9167,1291
960,9169,1292
525,9170,1293
405,9171,1294
511,9173,1295
255,9175,1296
257,9180,1297
623,9184,1298
1039,9189,1299
763,9195,1300
960,9200,1301
694,9203,1302
763,9208,1303
1077,9209,1304
511,9210,1305
623,9211,1306
1086,9213,1307
1018,9214,1308
626,9215,1309
1007,9217,1310
253,9225,1311
626,9258,1312
718,9262,1313
391,9275,1314
932,9289,1315
713,9293,1316
395,9303,1317
27,9306,1318
604,9307,1319
382,9313,1320
95,9314,1321
832,9315,1322
597,9317,1323
733,9319,1324
932,9320,1325
694,9325,1326
1087,9328,1327
880,9329,1328
1007,9336,1329
848,9340,1330
31,9342,1331
964,9343,1332
782,9344,1333
1077,9347,1334
1085,9349,1335
741,9354,1336
424,9356,1337
223,9359,1338
753,9360,1339
1077,9363,1340
223,9364,1341
511,9365,1342
750,9366,1343
72,9369,1344
56,9371,1345
4,9375,1346
1012,9376,1347
626,9379,1348
8,9381,1349
1039,9382,1350
1116,9383,1351
222,9384,1352
1085,9385,1353
597,9387,1354
782,9389,1355
1022,9395,1356
1077,9399,1357
859,9405,1358
24,9413,1359
953,9430,1360
859,9468,1361
713,9477,1362
947,9482,1363
905,9483,1364
464,9487,1365
511,9492,1366
1022,9495,1367
848,9497,1368
597,9502,1369
932,9506,1370
1085,9509,1371
323,9510,1372
464,9512,1373
24,9513,1374
694,9519,1375
31,9520,1376
1077,9522,1377
323,9523,1378
880,9527,1379
587,9528,1380
782,9532,1381
597,9535,1382
464,9536,1383
1077,9538,1384
424,9539,1385
694,9545,1386
511,9548,1387
742,9549,1388
511,9550,1389
257,9552,1390
782,9555,1391
926,9557,1392
1081,9559,1393
24,9563,1394
405,9566,1395
162,9578,1396
945,9581,1397
945,9588,1398
932,9599,1399
323,9603,1400
1039,9614,1401
626,9625,1402
626,9639,1403
1107,9642,1404
559,9659,1405
413,9660,1406
414,9661,1407
662,9670,1408
1077,9672,1409
383,9673,1410
597,9674,1411
662,9683,1412
1039,9685,1413
489,9686,1414
888,9687,1415
626,9689,1416
626,9696,1417
1055,9697,1418
1118,9700,1419
1022,9701,1420
464,9703,1421
1022,9706,1422
932,9709,1423
27,9711,1424
802,9713,1425
424,9715,1426
626,9717,1427
24,9718,1428
511,9721,1429
821,9728,1430
126,9738,1431
1078,9741,1432
507,9747,1433
511,9753,1434
623,9754,1435
414,9769,1436
1077,9771,1437
953,9772,1438
1116,9774,1439
1039,9776,1440
424,9777,1441
1039,9779,1442
257,9794,1443
468,9801,1444
443,9807,1445
424,9809,1446
1039,9813,1447
711,9820,1448
428,9832,1449
390,9833,1450
1022,9835,1451
1078,9836,1452
626,9837,1453
516,9838,1454
513,9841,1455
1078,9842,1456
1007,9845,1457
782,9846,1458
1039,9848,1459
305,9849,1460
597,9853,1461
355,9855,1462
207,9861,1463
511,9865,1464
750,9866,1465
1116,9869,1466
1022,9870,1467
832,9872,1468
1039,9873,1469
516,9874,1470
557,9875,1471
413,9877,1472
597,9879,1473
960,9882,1474
859,9887,1475
782,9888,1476
932,9889,1477
207,9890,1478
60,9892,1479
405,9893,1480
565,9895,1481
762,9898,1482
176,9899,1483
34,9900,1484
1099,9902,1485
1087,9905,1486
289,9906,1487
597,9911,1488
122,9912,1489
565,9917,1490
511,9920,1491
358,9924,1492
24,9926,1493
414,9930,1494
1057,9940,1495
507,9949,1496
857,9974,1497
128,9981,1498
888,9994,1499
335,9995,1500
597,9999,1501
947,10005,1502
662,10006,1503
741,10008,1504
323,10009,1505
257,10015,1506
1078,10021,1507
24,10022,1508
174,10024,1509
848,10025,1510
1075,10029,1511
424,10032,1512
787,10033,1513
381,10034,1514
964,10036,1515
1085,10037,1516
623,10044,1517
960,10047,1518
511,10048,1519
960,10049,1520
1078,10050,1521
1022,10051,1522
1007,10055,1523
257,10058,1524
1007,10060,1525
128,10064,1526
452,10066,1527
662,10067,1528
90,10068,1529
27,10069,1530
926,10070,1531
1085,10071,1532
859,10072,1533
626,10073,1534
1039,10079,1535
1007,10080,1536
40,10091,1537
932,10097,1538
743,10111,1539
827,10116,1540
6,10144,1541
471,10159,1542
174,10166,1543
24,10167,1544
947,10168,1545
694,10171,1546
859,10174,1547
1081,10176,1548
1039,10177,1549
763,10178,1550
473,10179,1551
1088,10182,1552
1055,10184,1553
782,10185,1554
1022,10187,1555
1022,10188,1556
782,10189,1557
1081,10190,1558
413,10193,1559
232,10194,1560
1028,10197,1561
931,10198,1562
1107,10199,1563
469,10200,1564
626,10201,1565
956,10203,1566
832,10206,1567
848,10207,1568
802,10209,1569
413,10212,1570
782,10216,1571
176,10221,1572
516,10224,1573
932,10226,1574
513,10230,1575
898,10231,1576
1001,10232,1577
405,10234,1578
289,10236,1579
1075,10240,1580
1022,10243,1581
832,10244,1582
27,10245,1583
750,10247,1584
1039,10253,1585
926,10256,1586
677,10258,1587
255,10259,1588
947,10272,1589
424,10276,1590
782,10300,1591
405,10307,1592
257,10313,1593
1078,10316,1594
390,10329,1595
24,10345,1596
597,10355,1597
173,10356,1598
626,10359,1599
90,10360,1600
694,10363,1601
193,10365,1602
424,10366,1603
573,10374,1604
859,10375,1605
511,10378,1606
750,10386,1607
806,10388,1608
538,10400,1609
859,10404,1610
424,10406,1611
1081,10407,1612
623,10411,1613
597,10412,1614
757,10413,1615
424,10414,1616
694,10417,1617
1007,10418,1618
565,10419,1619
89,10424,1620
1055,10427,1621
597,10429,1622
381,10430,1623
741,10431,1624
821,10433,1625
1022,10438,1626
1107,10439,1627
257,10440,1628
1014,10444,1629
1081,10446,1630
538,10448,1631
985,10450,1632
1085,10454,1633
964,10456,1634
848,10457,1635
511,10471,1636
741,10480,1637
932,10504,1638
464,10506,1639
207,10508,1640
1039,10513,1641
6,10520,1642
611,10537,1643
366,10538,1644
257,10544,1645
677,10555,1646
990,10556,1647
1077,10557,1648
782,10558,1649
932,10560,1650
947,10561,1651
947,10563,1652
802,10564,1653
960,10565,1654
289,10569,1655
405,10571,1656
802,10572,1657
513,10579,1658
1022,10582,1659
424,10585,1660
255,10587,1661
565,10594,1662
405,10595,1663
464,10597,1664
743,10598,1665
428,10599,1666
511,10602,1667
92,10604,1668
257,10606,1669
68,10607,1670
390,10608,1671
832,10609,1672
662,10611,1673
257,10613,1674
960,10616,1675
511,10620,1676
72,10624,1677
597,10625,1678
741,10627,1679
1055,10632,1680
750,10633,1681
880,10634,1682
960,10636,1683
511,10637,1684
289,10639,1685
932,10642,1686
741,10645,1687
565,10646,1688
511,10649,1689
511,10663,1690
222,10665,1691
888,10666,1692
832,10679,1693
1039,10693,1694
1054,10695,1695
387,10697,1696
1078,10699,1697
1085,10700,1698
1116,10701,1699
223,10705,1700
424,10713,1701
158,10726,1702
956,10730,1703
95,10737,1704
29,10743,1705
888,10751,1706
624,10753,1707
257,10754,1708
511,10755,1709
848,10757,1710
511,10758,1711
89,10760,1712
257,10763,1713
1081,10765,1714
694,10766,1715
1081,10768,1716
1039,10769,1717
71,10773,1718
1007,10776,1719
568,10778,1720
1116,10780,1721
597,10786,1722
943,10787,1723
964,10788,1724
90,10789,1725
880,10791,1726
464,10792,1727
101,10798,1728
802,10801,1729
1039,10802,1730
995,10803,1731
1116,10809,1732
1081,10811,1733
623,10816,1734
511,10817,1735
355,10819,1736
1087,10821,1737
4,10827,1738
71,10828,1739
597,10829,1740
887,10831,1741
331,10832,1742
1085,10833,1743
388,10834,1744
207,10835,1745
1105,10839,1746
694,10840,1747
750,10843,1748
597,10847,1749
101,10849,1750
603,10850,1751
1077,10853,1752
597,10855,1753
1039,10859,1754
1109,10878,1755
24,10888,1756
413,10908,1757
133,10910,1758
375,10917,1759
257,10925,1760
947,10935,1761
750,10937,1762
392,10944,1763
604,10945,1764
782,10946,1765
694,10947,1766
1007,10948,1767
783,10951,1768
593,10952,1769
72,10956,1770
257,10957,1771
782,10959,1772
848,10962,1773
1014,10965,1774
945,10967,1775
72,10968,1776
832,10969,1777
390,10970,1778
932,10971,1779
1085,10973,1780
685,10978,1781
651,10979,1782
662,10981,1783
513,10983,1784
72,10985,1785
626,10987,1786
807,10988,1787
832,10989,1788
848,10990,1789
947,10992,1790
424,10997,1791
257,11000,1792
694,11001,1793
1022,11002,1794
1085,11013,1795
1007,11014,1796
516,11022,1797
413,11024,1798
1078,11025,1799
513,11028,1800
832,11033,1801
905,11035,1802
314,11037,1803
694,11038,1804
874,11057,1805
932,11060,1806
366,11068,1807
937,11074,1808
511,11081,1809
626,11087,1810
874,11096,1811
182,11097,1812
363,11122,1813
960,11124,1814
880,11127,1815
255,11129,1816
782,11130,1817
58,11131,1818
733,11133,1819
1039,11134,1820
270,11135,1821
424,11136,1822
547,11137,1823
694,11138,1824
1055,11140,1825
565,11145,1826
323,11146,1827
945,11151,1828
957,11152,1829
1085,11160,1830
597,11163,1831
1022,11166,1832
24,11167,1833
1007,11169,1834
597,11171,1835
255,11172,1836
802,11173,1837
1070,11179,1838
516,11180,1839
750,11183,1840
802,11186,1841
455,11187,1842
1081,11188,1843
424,11190,1844
152,11195,1845
662,11196,1846
71,11200,1847
511,11205,1848
571,11207,1849
626,11208,1850
1085,11209,1851
323,11210,1852
662,11212,1853
750,11214,1854
1081,11215,1855
257,11218,1856
1065,11223,1857
960,11224,1858
366,11226,1859
888,11227,1860
859,11228,1861
597,11234,1862
623,11257,1863
511,11263,1864
947,11272,1865
150,11296,1866
1022,11300,1867
1077,11307,1868
513,11310,1869
1116,11311,1870
71,11315,1871
96,11316,1872
289,11318,1873
71,11326,1874
414,11328,1875
419,11329,1876
1085,11330,1877
89,11333,1878
897,11334,1879
762,11338,1880
718,11340,1881
1077,11342,1882
433,11343,1883
888,11347,1884
323,11348,1885
90,11355,1886
1039,11356,1887
565,11357,1888
516,11359,1889
750,11360,1890
565,11361,1891
392,11366,1892
694,11368,1893
31,11369,1894
1086,11373,1895
1105,11374,1896
956,11375,1897
255,11376,1898
964,11378,1899
626,11381,1900
8,11383,1901
750,11384,1902
387,11385,1903
586,11388,1904
943,11391,1905
1007,11396,1906
626,11398,1907
96,11399,1908
969,11402,1909
1077,11405,1910
597,11408,1911
464,11410,1912
257,11423,1913
427,11425,1914
880,11439,1915
496,11441,1916
859,11445,1917
161,11451,1918
56,11456,1919
565,11458,1920
511,11464,1921
24,11470,1922
762,11473,1923
56,11487,1924
947,11494,1925
207,11497,1926
414,11499,1927
762,11502,1928
991,11514,1929
326,11516,1930
932,11517,1931
597,11518,1932
1032,11519,1933
755,11520,1934
1022,11521,1935
1077,11522,1936
1081,11523,1937
782,11525,1938
1110,11526,1939
1039,11527,1940
424,11530,1941
405,11532,1942
257,11533,1943
1077,11536,1944
766,11537,1945
1085,11539,1946
626,11541,1947
859,11542,1948
932,11544,1949
1022,11546,1950
318,11547,1951
428,11549,1952
424,11553,1953
1077,11557,1954
511,11559,1955
1007,11561,1956
932,11563,1957
1039,11565,1958
859,11567,1959
626,11568,1960
749,11571,1961
215,11573,1962
741,11574,1963
27,11579,1964
1085,11580,1965
390,11581,1966
715,11583,1967
464,11587,1968
947,11590,1969
538,11591,1970
626,11592,1971
371,11595,1972
1039,11600,1973
843,11604,1974
1055,11606,1975
516,11607,1976
511,11608,1977
947,11612,1978
1039,11618,1979
1085,11622,1980
257,11623,1981
323,11628,1982
849,11639,1983
24,11640,1984
1022,11646,1985
713,11658,1986
960,11671,1987
513,11677,1988
357,11679,1989
179,11713,1990
1110,11722,1991
755,11726,1992
1081,11727,1993
667,11728,1994
428,11730,1995
880,11733,1996
1022,11734,1997
1039,11736,1998
1085,11738,1999
597,11741,2000
428,11744,2001
136,11746,2002
1014,11748,2003
90,11750,2004
706,11754,2005
405,11755,2006
960,11757,2007
947,11763,2008
859,11764,2009
1072,11765,2010
925,11766,2011
662,11767,2012
413,11773,2013
662,11775,2014
424,11781,2015
464,11782,2016
1083,11785,2017
1077,11787,2018
678,11791,2019
565,11793,2020
1039,11794,2021
257,11795,2022
1039,11796,2023
937,11800,2024
223,11801,2025
323,11804,2026
888,11805,2027
1078,11806,2028
381,11808,2029
387,11812,2030
1055,11813,2031
597,11814,2032
413,11815,2033
607,11816,2034
511,11818,2035
413,11821,2036
1099,11822,2037
662,11824,2038
90,11825,2039
1022,11826,2040
932,11829,2041
1022,11832,2042
31,11833,2043
932,11834,2044
960,11841,2045
387,11843,2046
932,11846,2047
332,11850,2048
31,11854,2049
24,11861,2050
782,11863,2051
27,11866,2052
713,11892,2053
1022,11894,2054
511,11900,2055
463,11904,2056
511,11908,2057
511,11911,2058
424,11917,2059
597,11919,2060
174,11922,2061
270,11926,2062
880,11931,2063
1014,11933,2064
710,11937,2065
597,11939,2066
718,11941,2067
623,11947,2068
413,11949,2069
932,11951,2070
1077,11953,2071
696,11956,2072
848,11958,2073
741,11959,2074
1081,11963,2075
597,11965,2076
1007,11966,2077
27,11967,2078
887,11980,2079
72,11984,2080
1057,11991,2081
932,11992,2082
390,11993,2083
247,11995,2084
960,11997,2085
565,11998,2086
1022,11999,2087
73,12003,2088
557,12004,2089
42,12005,2090
626,12006,2091
222,12007,2092
597,12008,2093
887,12012,2094
764,12015,2095
1039,12018,2096
565,12019,2097
741,12020,2098
832,12023,2099
424,12024,2100
230,12027,2101
626,12029,2102
859,12037,2103
750,12039,2104
179,12041,2105
1081,12048,2106
323,12050,2107
597,12052,2108
511,12054,2109
1085,12055,2110
511,12058,2111
1039,12062,2112
24,12064,2113
291,12067,2114
538,12068,2115
511,12074,2116
747,12077,2117
413,12087,2118
932,12096,2119
775,12103,2120
674,12104,2121
859,12114,2122
743,12115,2123
743,12129,2124
464,12136,2125
291,12137,2126
257,12139,2127
464,12142,2128
332,12143,2129
947,12146,2130
651,12150,2131
597,12151,2132
1039,12152,2133
136,12153,2134
424,12154,2135
932,12161,2136
392,12162,2137
947,12165,2138
76,12166,2139
1085,12167,2140
568,12168,2141
538,12171,2142
843,12173,2143
72,12174,2144
763,12175,2145
667,12178,2146
1086,12179,2147
511,12184,2148
1085,12186,2149
887,12190,2150
1039,12192,2151
222,12194,2152
1081,12195,2153
888,12198,2154
424,12202,2155
848,12206,2156
1078,12209,2157
513,12210,2158
848,12211,2159
887,12212,2160
511,12213,2161
626,12216,2162
565,12219,2163
511,12221,2164
932,12223,2165
626,12232,2166
832,12233,2167
750,12234,2168
1077,12235,2169
1116,12236,2170
672,12239,2171
516,12240,2172
257,12241,2173
802,12245,2174
532,12246,2175
947,12252,2176
405,12257,2177
531,12266,2178
186,12268,2179
179,12273,2180
464,12276,2181
68,12283,2182
947,12287,2183
90,12289,2184
565,12290,2185
464,12312,2186
1087,12314,2187
747,12316,2188
964,12317,2189
511,12322,2190
395,12324,2191
782,12331,2192
742,12344,2193
748,12348,2194
511,12353,2195
796,12364,2196
782,12365,2197
1085,12375,2198
651,12379,2199
516,12381,2200
428,12384,2201
1085,12387,2202
763,12389,2203
750,12390,2204
601,12402,2205
511,12404,2206
257,12406,2207
1081,12409,2208
848,12410,2209
1053,12414,2210
1077,12415,2211
511,12418,2212
101,12420,2213
257,12421,2214
597,12422,2215
128,12424,2216
375,12426,2217
257,12428,2218
625,12429,2219
859,12430,2220
426,12432,2221
848,12433,2222
750,12434,2223
859,12438,2224
1116,12442,2225
597,12443,2226
626,12444,2227
424,12446,2228
905,12448,2229
787,12451,2230
1085,12455,2231
565,12458,2232
597,12460,2233
405,12463,2234
1022,12467,2235
782,12468,2236
1078,12469,2237
24,12470,2238
538,12473,2239
1039,12478,2240
511,12480,2241
1085,12482,2242
623,12483,2243
207,12485,2244
257,12487,2245
1022,12490,2246
424,12493,2247
843,12494,2248
626,12495,2249
1116,12496,2250
782,12498,2251
947,12499,2252
1039,12504,2253
1077,12505,2254
579,12507,2255
932,12508,2256
1081,12509,2257
1022,12512,2258
932,12516,2259
743,12519,2260
1078,12521,2261
678,12531,2262
565,12534,2263
565,12535,2264
40,12547,2265
1022,12548,2266
909,12569,2267
964,12595,2268
607,12610,2269
859,12614,2270
932,12615,2271
1077,12626,2272
932,12635,2273
1039,12638,2274
1085,12640,2275
85,12641,2276
1022,12642,2277
257,12643,2278
511,12646,2279
424,12648,2280
1116,12649,2281
1022,12650,2282
72,12651,2283
1085,12652,2284
880,12653,2285
750,12661,2286
667,12662,2287
305,12666,2288
405,12668,2289
1085,12671,2290
626,12673,2291
136,12675,2292
1022,12676,2293
1077,12677,2294
887,12678,2295
850,12681,2296
511,12682,2297
834,12683,2298
932,12685,2299
513,12686,2300
749,12687,2301
1022,12689,2302
511,12691,2303
1081,12692,2304
289,12701,2305
565,12703,2306
750,12705,2307
1031,12708,2308
90,12711,2309
1078,12716,2310
685,12717,2311
1007,12718,2312
516,12719,2313
405,12720,2314
932,12725,2315
511,12726,2316
1039,12728,2317
960,12730,2318
413,12731,2319
832,12732,2320
597,12734,2321
516,12735,2322
802,12738,2323
718,12739,2324
257,12741,2325
626,12743,2326
424,12744,2327
413,12745,2328
223,12747,2329
880,12748,2330
832,12749,2331
405,12751,2332
1077,12755,2333
1022,12761,2334
532,12767,2335
161,12777,2336
232,12780,2337
511,12781,2338
1022,12788,2339
6,12794,2340
597,12798,2341
782,12799,2342
24,12800,2343
742,12804,2344
40,12805,2345
361,12828,2346
1077,12841,2347
1022,12843,2348
1039,12847,2349
597,12863,2350
959,12865,2351
424,12867,2352
1075,12869,2353
511,12870,2354
887,12873,2355
1022,12874,2356
750,12877,2357
667,12880,2358
464,12882,2359
1039,12883,2360
426,12885,2361
328,12889,2362
413,12890,2363
1081,12895,2364
434,12896,2365
626,12898,2366
418,12899,2367
667,12902,2368
887,12903,2369
888,12906,2370
305,12910,2371
1007,12912,2372
1077,12914,2373
1085,12916,2374
1014,12920,2375
667,12921,2376
787,12922,2377
255,12924,2378
1077,12927,2379
932,12928,2380
538,12934,2381
1039,12939,2382
782,12944,2383
947,12945,2384
1055,12947,2385
782,12948,2386
323,12950,2387
960,12951,2388
1081,12953,2389
626,12954,2390
932,12956,2391
428,12958,2392
880,12962,2393
413,12967,2394
1107,12970,2395
464,12973,2396
964,12974,2397
387,12978,2398
516,12979,2399
932,12985,2400
291,12986,2401
1022,12988,2402
565,12989,2403
230,12992,2404
1055,12996,2405
663,12997,2406
72,12998,2407
1057,12999,2408
1085,13000,2409
1081,13005,2410
257,13007,2411
424,13010,2412
662,13012,2413
255,13013,2414
700,13014,2415
623,13019,2416
1007,13022,2417
964,13025,2418
257,13026,2419
392,13030,2420
511,13031,2421
694,13032,2422
1081,13033,2423
424,13035,2424
68,13038,2425
387,13039,2426
597,13040,2427
1057,13043,2428
626,13052,2429
964,13054,2430
1070,13062,2431
888,13070,2432
678,13072,2433
257,13080,2434
1078,13083,2435
1085,13086,2436
711,13097,2437
511,13105,2438
349,13113,2439
783,13118,2440
932,13119,2441
1085,13120,2442
1081,13125,2443
328,13127,2444
932,13130,2445
1077,13132,2446
511,13133,2447
565,13141,2448
674,13143,2449
947,13145,2450
1078,13153,2451
847,13159,2452
932,13164,2453
257,13167,2454
1081,13168,2455
511,13169,2456
1039,13171,2457
651,13172,2458
1077,13176,2459
1067,13177,2460
597,13178,2461
48,13179,2462
1081,13182,2463
428,13184,2464
1014,13185,2465
947,13186,2466
511,13187,2467
1055,13188,2468
623,13190,2469
405,13192,2470
1081,13193,2471
404,13194,2472
960,13197,2473
511,13198,2474
111,13200,2475
888,13201,2476
532,13206,2477
511,13209,2478
1055,13210,2479
72,13213,2480
1055,13215,2481
821,13217,2482
1081,13220,2483
257,13224,2484
111,13225,2485
1077,13227,2486
880,13231,2487
898,13232,2488
623,13233,2489
847,13234,2490
355,13235,2491
1055,13241,2492
947,13246,2493
745,13247,2494
687,13248,2495
511,13250,2496
1085,13257,2497
1055,13258,2498
464,13259,2499
623,13261,2500
289,13262,2501
24,13263,2502
480,13270,2503
1055,13271,2504
597,13272,2505
1057,13273,2506
511,13280,2507
960,13282,2508
626,13285,2509
1077,13286,2510
257,13287,2511
1022,13294,2512
511,13297,2513
176,13298,2514
323,13300,2515
387,13303,2516
694,13304,2517
516,13305,2518
405,13309,2519
27,13310,2520
72,13313,2521
27,13320,2522
1039,13321,2523
1022,13322,2524
180,13323,2525
566,13328,2526
68,13338,2527
565,13341,2528
413,13346,2529
1078,13351,2530
71,13360,2531
859,13363,2532
513,13365,2533
1057,13381,2534
511,13384,2535
511,13389,2536
538,13402,2537
932,13403,2538
588,13405,2539
1081,13407,2540
783,13409,2541
991,13410,2542
1110,13412,2543
991,13413,2544
1077,13418,2545
511,13419,2546
880,13420,2547
254,13427,2548
511,13428,2549
1085,13429,2550
912,13445,2551
111,13450,2552
1081,13451,2553
1001,13452,2554
597,13453,2555
626,13455,2556
1018,13457,2557
464,13458,2558
328,13461,2559
424,13462,2560
464,13463,2561
847,13464,2562
626,13468,2563
516,13472,2564
597,13475,2565
257,13476,2566
428,13477,2567
763,13479,2568
755,13481,2569
1065,13484,2570
1081,13486,2571
550,13492,2572
1039,13493,2573
1095,13494,2574
623,13497,2575
387,13498,2576
680,13500,2577
355,13501,2578
1022,13502,2579
626,13503,2580
1039,13505,2581
749,13506,2582
424,13507,2583
355,13509,2584
659,13511,2585
230,13513,2586
932,13515,2587
257,13517,2588
488,13518,2589
626,13520,2590
859,13521,2591
1081,13524,2592
1081,13527,2593
623,13532,2594
511,13533,2595
424,13534,2596
932,13535,2597
1077,13536,2598
1085,13538,2599
755,13540,2600
1039,13541,2601
230,13542,2602
1081,13543,2603
257,13546,2604
1007,13547,2605
859,13550,2606
419,13551,2607
24,13552,2608
1085,13554,2609
932,13560,2610
511,13562,2611
355,13564,2612
413,13565,2613
1039,13567,2614
1039,13571,2615
1007,13572,2616
1085,13573,2617
677,13574,2618
880,13577,2619
1077,13579,2620
511,13581,2621
782,13588,2622
291,13590,2623
1081,13592,2624
511,13596,2625
31,13597,2626
355,13599,2627
1081,13600,2628
355,13601,2629
511,13604,2630
694,13605,2631
964,13606,2632
763,13608,2633
516,13610,2634
163,13612,2635
428,13613,2636
760,13614,2637
623,13619,2638
390,13622,2639
932,13626,2640
1081,13635,2641
27,13636,2642
888,13637,2643
646,13657,2644
595,13658,2645
1039,13668,2646
464,13669,2647
207,13671,2648
505,13682,2649
387,13686,2650
413,13691,2651
1116,13696,2652
424,13698,2653
511,13704,2654
897,13707,2655
880,13708,2656
651,13712,2657
91,13714,2658
748,13724,2659
1085,13739,2660
887,13742,2661
350,13744,2662
783,13745,2663
846,13746,2664
718,13748,2665
807,13750,2666
755,13753,2667
1083,13754,2668
405,13755,2669
597,13761,2670
413,13765,2671
623,13768,2672
703,13770,2673
960,13772,2674
511,13774,2675
1022,13775,2676
1081,13778,2677
424,13779,2678
1067,13781,2679
1089,13785,2680
755,13787,2681
1039,13792,2682
887,13793,2683
565,13794,2684
708,13795,2685
511,13797,2686
887,13800,2687
782,13803,2688
424,13805,2689
424,13810,2690
1116,13811,2691
511,13814,2692
413,13815,2693
964,13816,2694
304,13818,2695
755,13826,2696
291,13828,2697
763,13831,2698
782,13835,2699
1077,13839,2700
1001,13842,2701
1081,13844,2702
750,13845,2703
557,13851,2704
511,13852,2705
511,13855,2706
511,13857,2707
859,13858,2708
597,13859,2709
1081,13860,2710
452,13861,2711
1022,13865,2712
24,13866,2713
405,13867,2714
832,13871,2715
253,13873,2716
223,13874,2717
257,13875,2718
428,13876,2719
1039,13877,2720
597,13880,2721
1022,13882,2722
1007,13887,2723
305,13888,2724
888,13894,2725
413,13895,2726
22,13899,2727
1001,13900,2728
782,13902,2729
16,13906,2730
604,13908,2731
597,13910,2732
750,13915,2733
257,13922,2734
880,13923,2735
1022,13926,2736
832,13935,2737
1022,13942,2738
1078,13943,2739
743,13948,2740
597,13961,2741
391,13971,2742
428,13974,2743
387,13982,2744
964,13983,2745
12,13985,2746
859,13986,2747
887,13990,2748
847,13993,2749
651,13994,2750
1022,13996,2751
1085,13997,2752
1077,14000,2753
464,14001,2754
1081,14002,2755
403,14003,2756
626,14004,2757
426,14006,2758
783,14007,2759
718,14008,2760
782,14012,2761
824,14013,2762
1039,14015,2763
782,14019,2764
626,14029,2765
626,14036,2766
511,14039,2767
405,14040,2768
859,14043,2769
637,14045,2770
1065,14047,2771
403,14049,2772
451,14050,2773
597,14055,2774
1022,14057,2775
1116,14061,2776
85,14063,2777
947,14065,2778
111,14066,2779
677,14067,2780
947,14068,2781
710,14072,2782
859,14073,2783
932,14075,2784
932,14076,2785
1055,14077,2786
898,14078,2787
1039,14079,2788
424,14084,2789
413,14085,2790
597,14086,2791
932,14087,2792
90,14095,2793
257,14097,2794
538,14098,2795
859,14099,2796
1081,14102,2797
511,14104,2798
89,14105,2799
932,14108,2800
783,14112,2801
257,14115,2802
750,14116,2803
1081,14117,2804
511,14118,2805
932,14120,2806
597,14121,2807
755,14130,2808
932,14131,2809
802,14132,2810
620,14133,2811
1039,14135,2812
626,14138,2813
762,14139,2814
516,14140,2815
802,14141,2816
1107,14144,2817
1085,14145,2818
1077,14146,2819
623,14154,2820
1078,14156,2821
1007,14157,2822
823,14159,2823
511,14160,2824
349,14161,2825
207,14171,2826
424,14172,2827
1055,14173,2828
1107,14176,2829
257,14178,2830
802,14183,2831
960,14185,2832
623,14186,2833
597,14187,2834
947,14193,2835
685,14196,2836
424,14197,2837
1081,14199,2838
230,14204,2839
1055,14205,2840
128,14210,2841
469,14214,2842
887,14231,2843
300,14259,2844
991,14261,2845
1090,14265,2846
960,14266,2847
667,14268,2848
651,14269,2849
818,14270,2850
71,14277,2851
991,14278,2852
1081,14282,2853
1078,14294,2854
1022,14296,2855
511,14301,2856
464,14311,2857
257,14313,2858
651,14315,2859
1022,14318,2860
1085,14322,2861
771,14323,2862
1081,14324,2863
755,14325,2864
1022,14329,2865
1081,14334,2866
511,14338,2867
43,14339,2868
923,14342,2869
1077,14343,2870
782,14344,2871
428,14345,2872
511,14346,2873
667,14348,2874
755,14350,2875
755,14353,2876
511,14360,2877
607,14364,2878
128,14365,2879
419,14366,2880
1039,14368,2881
626,14369,2882
1063,14373,2883
230,14374,2884
473,14378,2885
763,14383,2886
1039,14384,2887
424,14385,2888
405,14388,2889
607,14391,2890
779,14393,2891
677,14397,2892
607,14400,2893
880,14403,2894
428,14405,2895
1065,14408,2896
73,14409,2897
887,14410,2898
511,14413,2899
626,14415,2900
832,14417,2901
516,14418,2902
392,14430,2903
932,14439,2904
511,14443,2905
1039,14444,2906
223,14445,2907
694,14448,2908
464,14449,2909
782,14452,2910
392,14454,2911
626,14455,2912
651,14458,2913
403,14459,2914
424,14463,2915
1039,14464,2916
1081,14465,2917
1022,14466,2918
1039,14467,2919
667,14469,2920
326,14470,2921
128,14479,2922
565,14480,2923
424,14485,2924
35,14486,2925
1007,14491,2926
1039,14492,2927
511,14494,2928
832,14496,2929
375,14499,2930
973,14502,2931
848,14510,2932
424,14511,2933
1078,14513,2934
964,14514,2935
405,14515,2936
565,14539,2937
565,14543,2938
626,14554,2939
565,14562,2940
597,14568,2941
718,14570,2942
511,14571,2943
1083,14572,2944
782,14577,2945
947,14579,2946
847,14580,2947
624,14584,2948
1083,14585,2949
651,14587,2950
1077,14589,2951
991,14590,2952
859,14591,2953
1014,14592,2954
176,14606,2955
1065,14617,2956
960,14619,2957
879,14623,2958
111,14624,2959
782,14625,2960
1081,14626,2961
257,14627,2962
428,14628,2963
1077,14631,2964
402,14632,2965
305,14633,2966
512,14635,2967
1039,14639,2968
932,14642,2969
1022,14643,2970
763,14645,2971
257,14647,2972
85,14649,2973
960,14657,2974
257,14658,2975
1,14659,2976
626,14660,2977
1039,14661,2978
1077,14663,2979
749,14666,2980
1022,14669,2981
888,14672,2982
570,14674,2983
964,14676,2984
871,14677,2985
343,14682,2986
1116,14683,2987
1081,14684,2988
722,14687,2989
1,14691,2990
597,14694,2991
511,14697,2992
412,14698,2993
623,14701,2994
597,14704,2995
253,14706,2996
464,14707,2997
355,14710,2998
179,14711,2999
424,14713,3000
677,14716,3001
591,14719,3002
24,14722,3003
255,14723,3004
464,14724,3005
1107,14725,3006
511,14731,3007
763,14732,3008
305,14733,3009
880,14738,3010
1116,14739,3011
662,14741,3012
623,14743,3013
355,14744,3014
802,14747,3015
662,14749,3016
414,14752,3017
1083,14755,3018
458,14756,3019
782,14757,3020
512,14760,3021
1081,14762,3022
419,14763,3023
328,14765,3024
1085,14766,3025
1081,14768,3026
257,14769,3027
991,14772,3028
662,14777,3029
355,14778,3030
626,14779,3031
1007,14782,3032
90,14783,3033
1077,14786,3034
887,14789,3035
932,14790,3036
511,14794,3037
331,14795,3038
932,14799,3039
314,14801,3040
626,14806,3041
511,14807,3042
1077,14812,3043
782,14814,3044
597,14815,3045
516,14817,3046
741,14824,3047
361,14833,3048
202,14848,3049
674,14853,3050
456,14856,3051
511,14861,3052
742,14869,3053
130,14876,3054
413,14878,3055
782,14879,3056
718,14881,3057
511,14883,3058
420,14892,3059
880,14894,3060
937,14897,3061
257,14898,3062
932,14899,3063
891,14909,3064
635,14917,3065
1022,14924,3066
257,14926,3067
888,14931,3068
667,14932,3069
783,14933,3070
311,14937,3071
1085,14938,3072
464,14939,3073
1022,14942,3074
403,14944,3075
464,14949,3076
959,14951,3077
516,14952,3078
1081,14954,3079
597,14956,3080
1116,14957,3081
36,14959,3082
1077,14964,3083
405,14967,3084
597,14969,3085
517,14970,3086
667,14971,3087
1022,14972,3088
413,14973,3089
694,14974,3090
424,14975,3091
511,14977,3092
278,14979,3093
782,14980,3094
677,14981,3095
694,14983,3096
279,14984,3097
1022,14986,3098
1085,14987,3099
848,14988,3100
626,14992,3101
511,14993,3102
685,14994,3103
667,15000,3104
1085,15001,3105
128,15005,3106
1081,15006,3107
1039,15007,3108
750,15008,3109
637,15010,3110
1022,15013,3111
597,15015,3112
932,15016,3113
257,15017,3114
473,15019,3115
932,15021,3116
1007,15024,3117
1022,15026,3118
848,15029,3119
807,15031,3120
71,15032,3121
513,15034,3122
1081,15035,3123
741,15039,3124
323,15041,3125
223,15047,3126
324,15055,3127
375,15059,3128
1107,15060,3129
511,15062,3130
1055,15064,3131
597,15065,3132
511,15066,3133
186,15067,3134
14,15068,3135
512,15070,3136
1081,15071,3137
718,15077,3138
626,15080,3139
420,15081,3140
271,15084,3141
877,15087,3142
718,15091,3143
255,15093,3144
1081,15095,3145
626,15098,3146
646,15099,3147
414,15100,3148
565,15101,3149
932,15102,3150
1022,15107,3151
813,15108,3152
1086,15109,3153
392,15111,3154
947,15112,3155
141,15117,3156
597,15123,3157
1077,15139,3158
1022,15142,3159
623,15145,3160
748,15166,3161
136,15180,3162
651,15181,3163
593,15183,3164
1110,15185,3165
1039,15186,3166
888,15188,3167
1085,15191,3168
897,15194,3169
932,15196,3170
1110,15198,3171
1081,15199,3172
395,15208,3173
1039,15220,3174
464,15221,3175
595,15222,3176
1039,15223,3177
991,15225,3178
1022,15226,3179
932,15228,3180
684,15231,3181
991,15236,3182
1022,15237,3183
859,15243,3184
992,15244,3185
387,15245,3186
405,15246,3187
1081,15249,3188
932,15253,3189
27,15254,3190
859,15255,3191
413,15263,3192
402,15264,3193
626,15265,3194
718,15266,3195
1077,15267,3196
1081,15268,3197
424,15269,3198
783,15271,3199
1085,15272,3200
511,15273,3201
428,15274,3202
289,15275,3203
413,15281,3204
677,15290,3205
405,15291,3206
501,15294,3207
782,15295,3208
1081,15296,3209
783,15298,3210
932,15300,3211
1081,15301,3212
20,15303,3213
511,15304,3214
496,15309,3215
802,15311,3216
932,15312,3217
626,15314,3218
428,15315,3219
782,15316,3220
314,15317,3221
1039,15319,3222
1081,15320,3223
305,15324,3224
662,15325,3225
937,15330,3226
888,15333,3227
257,15335,3228
597,15336,3229
1085,15337,3230
464,15338,3231
848,15339,3232
626,15343,3233
223,15345,3234
323,15346,3235
597,15352,3236
782,15355,3237
932,15357,3238
1077,15360,3239
897,15363,3240
947,15365,3241
72,15366,3242
102,15367,3243
1081,15369,3244
1022,15370,3245
1039,15375,3246
1061,15377,3247
1083,15378,3248
424,15379,3249
424,15383,3250
807,15387,3251
880,15388,3252
859,15391,3253
597,15393,3254
866,15396,3255
566,15398,3256
626,15400,3257
1039,15401,3258
626,15402,3259
90,15405,3260
405,15407,3261
694,15412,3262
947,15419,3263
413,15424,3264
597,15430,3265
24,15436,3266
626,15461,3267
747,15465,3268
265,15469,3269
405,15479,3270
1014,15481,3271
991,15485,3272
136,15488,3273
670,15490,3274
859,15491,3275
424,15492,3276
576,15493,3277
1039,15496,3278
186,15498,3279
651,15499,3280
679,15501,3281
887,15502,3282
1039,15508,3283
782,15510,3284
1081,15528,3285
718,15529,3286
424,15530,3287
186,15531,3288
1088,15532,3289
326,15534,3290
932,15537,3291
1022,15538,3292
1101,15539,3293
257,15540,3294
419,15541,3295
725,15544,3296
405,15545,3297
1088,15547,3298
1032,15548,3299
257,15550,3300
1039,15551,3301
782,15553,3302
235,15555,3303
932,15556,3304
1081,15557,3305
1022,15558,3306
186,15561,3307
1081,15562,3308
667,15565,3309
725,15566,3310
782,15568,3311
880,15569,3312
667,15571,3313
725,15574,3314
326,15575,3315
257,15576,3316
262,15577,3317
932,15582,3318
718,15583,3319
511,15584,3320
1022,15585,3321
645,15587,3322
934,15588,3323
932,15590,3324
847,15592,3325
626,15593,3326
932,15594,3327
511,15595,3328
1039,15598,3329
509,15602,3330
486,15606,3331
317,15608,3332
1077,15612,3333
802,15613,3334
349,15614,3335
637,15615,3336
897,15616,3337
847,15623,3338
72,15627,3339
932,15630,3340
783,15632,3341
1116,15634,3342
960,15635,3343
1014,15636,3344
932,15638,3345
1077,15640,3346
848,15645,3347
101,15647,3348
136,15650,3349
428,15651,3350
1055,15653,3351
405,15654,3352
400,15657,3353
725,15659,3354
257,15660,3355
707,15661,3356
1055,15662,3357
1022,15663,3358
405,15664,3359
626,15668,3360
111,15669,3361
511,15671,3362
750,15673,3363
1081,15677,3364
1077,15678,3365
564,15682,3366
511,15685,3367
395,15687,3368
964,15690,3369
945,15696,3370
960,15697,3371
880,15700,3372
521,15701,3373
428,15703,3374
513,15704,3375
1116,15706,3376
626,15707,3377
774,15709,3378
405,15711,3379
72,15713,3380
579,15728,3381
750,15729,3382
450,15730,3383
257,15734,3384
139,15738,3385
807,15740,3386
419,15743,3387
171,15744,3388
651,15745,3389
995,15746,3390
1025,15747,3391
975,15749,3392
186,15752,3393
782,15754,3394
512,15755,3395
677,15756,3396
685,15758,3397
932,15760,3398
1105,15764,3399
623,15766,3400
1039,15769,3401
960,15770,3402
503,15773,3403
738,15776,3404
662,15779,3405
428,15786,3406
832,15788,3407
1081,15791,3408
1055,15794,3409
623,15800,3410
874,15802,3411
155,15807,3412
626,15811,3413
597,15817,3414
782,15821,3415
565,15836,3416
1078,15838,3417
24,15843,3418
694,15847,3419
880,15851,3420
667,15854,3421
1081,15857,3422
932,15860,3423
82,15862,3424
1085,15863,3425
646,15864,3426
807,15865,3427
783,15867,3428
718,15869,3429
403,15870,3430
626,15872,3431
413,15873,3432
1083,15874,3433
1083,15875,3434
626,15876,3435
428,15878,3436
441,15897,3437
1085,15904,3438
511,15905,3439
257,15911,3440
405,15912,3441
626,15915,3442
923,15916,3443
413,15917,3444
1039,15919,3445
186,15920,3446
551,15921,3447
991,15922,3448
771,15923,3449
485,15928,3450
1088,15930,3451
718,15932,3452
595,15934,3453
582,15936,3454
991,15937,3455
932,15938,3456
1084,15939,3457
934,15940,3458
771,15944,3459
847,15945,3460
387,15948,3461
595,15950,3462
352,15952,3463
203,15954,3464
257,15955,3465
413,15956,3466
1081,15958,3467
498,15960,3468
33,15961,3469
897,15963,3470
496,15964,3471
782,15965,3472
771,15967,3473
595,15970,3474
718,15971,3475
640,15972,3476
782,15973,3477
1081,15974,3478
932,15975,3479
511,15978,3480
626,15981,3481
1116,15985,3482
932,15986,3483
1039,15989,3484
1022,15990,3485
101,15991,3486
311,15992,3487
866,15995,3488
755,15998,3489
511,16001,3490
257,16003,3491
879,16004,3492
230,16007,3493
1039,16013,3494
768,16014,3495
428,16015,3496
597,16017,3497
859,16019,3498
1007,16020,3499
1039,16022,3500
947,16023,3501
72,16025,3502
880,16030,3503
1081,16031,3504
516,16033,3505
829,16034,3506
623,16040,3507
413,16041,3508
1039,16045,3509
623,16046,3510
782,16051,3511
763,16052,3512
960,16054,3513
331,16056,3514
257,16059,3515
1022,16060,3516
1077,16062,3517
564,16063,3518
232,16066,3519
511,16067,3520
707,16069,3521
832,16070,3522
1055,16071,3523
677,16074,3524
27,16075,3525
182,16078,3526
1007,16079,3527
694,16080,3528
741,16081,3529
964,16083,3530
782,16085,3531
597,16086,3532
1085,16088,3533
323,16094,3534
362,16095,3535
480,16102,3536
802,16103,3537
738,16104,3538
626,16105,3539
254,16106,3540
71,16107,3541
564,16108,3542
511,16110,3543
694,16111,3544
947,16114,3545
880,16118,3546
725,16119,3547
722,16123,3548
783,16124,3549
413,16125,3550
859,16128,3551
186,16129,3552
1085,16131,3553
626,16133,3554
1014,16136,3555
512,16137,3556
257,16138,3557
888,16140,3558
1055,16146,3559
823,16148,3560
257,16150,3561
763,16152,3562
511,16153,3563
694,16155,3564
880,16157,3565
782,16174,3566
947,16179,3567
40,16182,3568
387,16200,3569
1081,16220,3570
175,16226,3571
718,16227,3572
257,16229,3573
613,16230,3574
309,16231,3575
71,16232,3576
130,16236,3577
1014,16237,3578
511,16238,3579
597,16239,3580
255,16240,3581
991,16241,3582
1085,16242,3583
725,16250,3584
513,16251,3585
953,16258,3586
179,16260,3587
242,16273,3588
572,16274,3589
1081,16276,3590
405,16277,3591
1085,16279,3592
257,16281,3593
136,16282,3594
413,16283,3595
1116,16284,3596
1022,16286,3597
1025,16288,3598
1081,16290,3599
626,16293,3600
667,16296,3601
958,16297,3602
1088,16298,3603
257,16299,3604
1081,16301,3605
782,16303,3606
947,16305,3607
230,16306,3608
186,16309,3609
424,16311,3610
667,16314,3611
866,16316,3612
1039,16318,3613
305,16319,3614
645,16321,3615
878,16323,3616
1082,16327,3617
631,16328,3618
782,16329,3619
413,16330,3620
1081,16332,3621
1022,16333,3622
192,16334,3623
1039,16338,3624
897,16339,3625
722,16340,3626
992,16346,3627
942,16350,3628
797,16351,3629
782,16352,3630
1088,16355,3631
507,16360,3632
1081,16365,3633
783,16366,3634
626,16368,3635
424,16370,3636
257,16371,3637
1022,16372,3638
859,16374,3639
991,16375,3640
511,16377,3641
626,16379,3642
1077,16380,3643
538,16382,3644
387,16385,3645
888,16388,3646
538,16389,3647
424,16390,3648
932,16391,3649
1081,16393,3650
424,16395,3651
676,16396,3652
1007,16399,3653
960,16400,3654
1104,16405,3655
782,16407,3656
713,16408,3657
880,16411,3658
1018,16412,3659
511,16413,3660
898,16414,3661
947,16416,3662
428,16417,3663
1081,16418,3664
511,16423,3665
637,16424,3666
405,16425,3667
464,16427,3668
1022,16431,3669
932,16432,3670
511,16433,3671
898,16434,3672
863,16435,3673
1081,16438,3674
626,16441,3675
1022,16442,3676
662,16447,3677
782,16448,3678
1077,16453,3679
1087,16455,3680
1055,16457,3681
1007,16458,3682
323,16460,3683
355,16461,3684
960,16464,3685
888,16466,3686
1085,16470,3687
626,16472,3688
230,16480,3689
90,16483,3690
597,16484,3691
782,16488,3692
897,16490,3693
419,16491,3694
452,16496,3695
782,16498,3696
1018,16499,3697
991,16500,3698
995,16501,3699
590,16502,3700
1092,16504,3701
19,16505,3702
1039,16506,3703
932,16507,3704
1083,16508,3705
1022,16509,3706
257,16511,3707
595,16512,3708
136,16513,3709
651,16514,3710
1085,16518,3711
72,16522,3712
677,16525,3713
255,16531,3714
230,16532,3715
782,16533,3716
774,16536,3717
1007,16537,3718
323,16540,3719
694,16545,3720
848,16551,3721
511,16553,3722
538,16554,3723
1022,16557,3724
782,16559,3725
747,16561,3726
464,16574,3727
782,16578,3728
1039,16579,3729
597,16580,3730
257,16586,3731
597,16590,3732
887,16597,3733
898,16609,3734
305,16614,3735
1022,16616,3736
847,16617,3737
1047,16618,3738
597,16619,3739
859,16621,3740
1110,16622,3741
1039,16624,3742
651,16625,3743
866,16626,3744
160,16627,3745
674,16628,3746
991,16631,3747
108,16637,3748
403,16653,3749
568,16654,3750
325,16658,3751
932,16659,3752
1085,16660,3753
511,16662,3754
859,16663,3755
115,16665,3756
897,16667,3757
424,16668,3758
782,16671,3759
991,16675,3760
947,16677,3761
718,16682,3762
1081,16683,3763
499,16685,3764
995,16687,3765
847,16688,3766
1099,16690,3767
626,16694,3768
97,16698,3769
718,16699,3770
947,16700,3771
1081,16704,3772
667,16705,3773
405,16706,3774
595,16708,3775
963,16711,3776
487,16712,3777
667,16714,3778
1065,16715,3779
778,16716,3780
481,16719,3781
782,16721,3782
186,16722,3783
511,16723,3784
932,16725,3785
403,16728,3786
405,16731,3787
782,16733,3788
667,16735,3789
1077,16744,3790
1022,16746,3791
888,16748,3792
387,16751,3793
626,16752,3794
1039,16753,3795
23,16757,3796
1022,16758,3797
511,16760,3798
623,16765,3799
1022,16766,3800
596,16769,3801
960,16775,3802
667,16777,3803
291,16779,3804
932,16784,3805
762,16785,3806
270,16790,3807
314,16791,3808
1039,16792,3809
1077,16793,3810
305,16798,3811
626,16799,3812
802,16800,3813
597,16801,3814
233,16802,3815
1039,16806,3816
1077,16809,3817
607,16811,3818
932,16813,3819
725,16815,3820
71,16817,3821
782,16818,3822
511,16819,3823
1081,16820,3824
1039,16823,3825
24,16828,3826
1078,16830,3827
749,16831,3828
913,16832,3829
473,16836,3830
27,16841,3831
413,16843,3832
880,16844,3833
1077,16845,3834
616,16853,3835
964,16855,3836
223,16858,3837
626,16859,3838
511,16860,3839
1039,16861,3840
413,16863,3841
392,16865,3842
516,16866,3843
1059,16870,3844
27,16871,3845
511,16872,3846
718,16876,3847
888,16881,3848
191,16883,3849
405,16886,3850
991,16887,3851
512,16888,3852
651,16890,3853
848,16892,3854
565,16893,3855
257,16898,3856
326,16899,3857
626,16900,3858
742,16903,3859
230,16904,3860
626,16906,3861
859,16908,3862
511,16909,3863
1077,16912,3864
985,16915,3865
932,16916,3866
947,16917,3867
323,16918,3868
464,16922,3869
662,16923,3870
511,16931,3871
405,16936,3872
511,16957,3873
932,16964,3874
1039,16981,3875
403,16986,3876
511,16989,3877
257,16992,3878
623,16995,3879
1085,16998,3880
1039,17000,3881
887,17001,3882
953,17029,3883
186,17031,3884
627,17032,3885
305,17034,3886
782,17035,3887
595,17037,3888
1067,17039,3889
1039,17040,3890
1083,17041,3891
257,17042,3892
1116,17044,3893
186,17046,3894
1065,17047,3895
481,17050,3896
1022,17052,3897
778,17053,3898
399,17057,3899
1032,17058,3900
326,17059,3901
261,17060,3902
1015,17062,3903
424,17063,3904
307,17065,3905
932,17066,3906
186,17067,3907
778,17068,3908
595,17070,3909
867,17072,3910
1022,17076,3911
1032,17077,3912
300,17078,3913
413,17081,3914
528,17082,3915
947,17083,3916
661,17085,3917
656,17086,3918
771,17087,3919
962,17088,3920
186,17090,3921
1039,17091,3922
626,17092,3923
991,17095,3924
1081,17097,3925
859,17103,3926
402,17104,3927
387,17105,3928
516,17106,3929
932,17110,3930
257,17115,3931
480,17117,3932
782,17118,3933
782,17119,3934
257,17120,3935
1077,17121,3936
932,17122,3937
833,17123,3938
511,17125,3939
898,17129,3940
932,17135,3941
847,17137,3942
626,17138,3943
782,17140,3944
720,17143,3945
67,17144,3946
72,17147,3947
1018,17149,3948
859,17151,3949
721,17155,3950
1039,17159,3951
1022,17163,3952
72,17166,3953
750,17167,3954
682,17168,3955
947,17169,3956
402,17170,3957
1055,17171,3958
1014,17172,3959
859,17178,3960
629,17180,3961
960,17181,3962
424,17182,3963
511,17183,3964
101,17186,3965
692,17188,3966
932,17189,3967
947,17190,3968
324,17191,3969
626,17192,3970
1,17194,3971
782,17196,3972
513,17198,3973
413,17199,3974
73,17202,3975
31,17204,3976
27,17207,3977
424,17208,3978
1081,17210,3979
1022,17212,3980
516,17213,3981
1057,17215,3982
464,17216,3983
513,17221,3984
502,17222,3985
932,17223,3986
568,17224,3987
677,17227,3988
1022,17228,3989
1081,17231,3990
1014,17234,3991
964,17235,3992
739,17240,3993
1077,17241,3994
1,17243,3995
1007,17244,3996
947,17249,3997
387,17253,3998
512,17255,3999
667,17257,4000
782,17259,4001
651,17261,4002
1085,17264,4003
937,17265,4004
1029,17266,4005
932,17269,4006
31,17273,4007
597,17274,4008
964,17286,4009
413,17293,4010
413,17294,4011
932,17301,4012
597,17306,4013
1039,17308,4014
888,17310,4015
597,17312,4016
887,17313,4017
597,17315,4018
932,17316,4019
413,17322,4020
947,17323,4021
357,17326,4022
782,17335,4023
782,17339,4024
36,17340,4025
718,17341,4026
807,17343,4027
847,17345,4028
595,17346,4029
564,17349,4030
1014,17353,4031
991,17356,4032
782,17357,4033
186,17359,4034
578,17363,4035
1081,17364,4036
403,17365,4037
1081,17366,4038
568,17368,4039
1039,17370,4040
326,17372,4041
991,17374,4042
641,17375,4043
807,17376,4044
564,17377,4045
947,17378,4046
782,17381,4047
718,17382,4048
814,17383,4049
595,17385,4050
722,17392,4051
534,17393,4052
134,17394,4053
782,17395,4054
595,17396,4055
534,17397,4056
932,17399,4057
932,17402,4058
722,17403,4059
595,17404,4060
595,17405,4061
1083,17407,4062
718,17408,4063
1039,17409,4064
991,17410,4065
1081,17414,4066
399,17416,4067
725,17419,4068
511,17421,4069
667,17422,4070
991,17423,4071
991,17426,4072
186,17427,4073
98,17428,4074
1039,17429,4075
932,17430,4076
615,17431,4077
831,17434,4078
667,17436,4079
947,17437,4080
596,17440,4081
1032,17442,4082
1051,17443,4083
667,17445,4084
718,17446,4085
405,17450,4086
1116,17451,4087
880,17452,4088
991,17453,4089
932,17455,4090
399,17456,4091
880,17458,4092
1081,17459,4093
1022,17461,4094
1039,17465,4095
432,17467,4096
1085,17468,4097
943,17469,4098
626,17472,4099
651,17473,4100
694,17474,4101
1067,17475,4102
424,17476,4103
1039,17479,4104
947,17480,4105
413,17484,4106
1081,17485,4107
511,17486,4108
750,17487,4109
931,17490,4110
230,17493,4111
1077,17494,4112
149,17496,4113
1039,17497,4114
413,17498,4115
626,17501,4116
511,17505,4117
960,17509,4118
623,17510,4119
513,17511,4120
405,17518,4121
1039,17520,4122
888,17524,4123
600,17525,4124
932,17526,4125
210,17527,4126
707,17528,4127
880,17535,4128
718,17538,4129
960,17539,4130
685,17540,4131
1081,17543,4132
405,17547,4133
207,17548,4134
27,17549,4135
1046,17552,4136
960,17557,4137
964,17558,4138
859,17559,4139
694,17560,4140
848,17566,4141
782,17568,4142
205,17570,4143
223,17574,4144
24,17577,4145
392,17579,4146
750,17580,4147
623,17584,4148
31,17585,4149
538,17590,4150
1063,17592,4151
667,17594,4152
880,17596,4153
1032,17597,4154
595,17599,4155
260,17600,4156
413,17601,4157
667,17603,4158
326,17604,4159
947,17605,4160
782,17606,4161
1081,17608,4162
621,17609,4163
626,17615,4164
1022,17617,4165
991,17618,4166
424,17619,4167
934,17620,4168
1039,17622,4169
847,17623,4170
511,17625,4171
814,17627,4172
568,17628,4173
177,17629,4174
568,17630,4175
402,17631,4176
413,17632,4177
1039,17639,4178
136,17642,4179
960,17644,4180
623,17647,4181
424,17648,4182
848,17649,4183
1085,17650,4184
566,17653,4185
128,17654,4186
918,17655,4187
932,17656,4188
257,17658,4189
597,17662,4190
743,17667,4191
68,17671,4192
511,17677,4193
513,17705,4194
597,17708,4195
1039,17711,4196
667,17712,4197
305,17713,4198
1081,17715,4199
807,17716,4200
1082,17717,4201
626,17718,4202
405,17720,4203
932,17721,4204
1014,17722,4205
511,17723,4206
1022,17724,4207
538,17728,4208
783,17729,4209
1022,17730,4210
805,17733,4211
1083,17734,4212
511,17736,4213
626,17740,4214
326,17741,4215
880,17742,4216
1039,17744,4217
71,17747,4218
880,17748,4219
1022,17751,4220
865,17752,4221
859,17753,4222
1088,17754,4223
626,17755,4224
186,17759,4225
937,17760,4226
771,17761,4227
991,17762,4228
424,17765,4229
413,17766,4230
1032,17767,4231
962,17768,4232
659,17770,4233
919,17772,4234
413,17773,4235
186,17774,4236
730,17775,4237
975,17776,4238
115,17778,4239
257,17780,4240
527,17783,4241
782,17784,4242
771,17785,4243
718,17786,4244
186,17787,4245
1065,17788,4246
511,17789,4247
326,17790,4248
257,17792,4249
257,17794,4250
1081,17797,4251
1038,17799,4252
186,17801,4253
596,17802,4254
1081,17803,4255
932,17804,4256
667,17805,4257
326,17806,4258
305,17807,4259
1022,17808,4260
399,17809,4261
257,17812,4262
527,17815,4263
932,17817,4264
782,17818,4265
1022,17819,4266
597,17823,4267
864,17824,4268
1018,17825,4269
186,17826,4270
511,17828,4271
257,17830,4272
71,17832,4273
424,17834,4274
667,17838,4275
402,17843,4276
626,17844,4277
1022,17845,4278
782,17847,4279
1077,17848,4280
1081,17850,4281
932,17851,4282
230,17852,4283
879,17853,4284
71,17855,4285
937,17858,4286
960,17859,4287
932,17861,4288
782,17862,4289
960,17863,4290
847,17865,4291
626,17867,4292
694,17869,4293
511,17870,4294
1085,17871,4295
844,17877,4296
1039,17881,4297
859,17883,4298
707,17884,4299
597,17885,4300
848,17888,4301
511,17889,4302
500,17894,4303
314,17895,4304
533,17897,4305
349,17899,4306
859,17900,4307
597,17901,4308
528,17902,4309
821,17904,4310
888,17910,4311
1067,17911,4312
889,17912,4313
677,17913,4314
597,17917,4315
257,17921,4316
511,17922,4317
1044,17923,4318
289,17927,4319
1085,17930,4320
516,17932,4321
257,17933,4322
1055,17934,4323
597,17937,4324
1007,17938,4325
848,17939,4326
557,17943,4327
947,17944,4328
424,17945,4329
1081,17950,4330
626,17952,4331
1007,17953,4332
511,17954,4333
1007,17956,4334
99,17958,4335
595,17959,4336
273,17961,4337
424,17963,4338
667,17964,4339
186,17965,4340
782,17966,4341
273,17967,4342
718,17968,4343
257,17971,4344
186,17973,4345
718,17975,4346
1032,17976,4347
722,17977,4348
667,17978,4349
419,17979,4350
887,17980,4351
947,17984,4352
1081,17986,4353
511,17987,4354
783,17988,4355
991,17989,4356
460,17990,4357
1022,17993,4358
595,17994,4359
1014,17997,4360
932,17998,4361
847,17999,4362
564,18000,4363
947,18003,4364
1022,18005,4365
947,18010,4366
662,18012,4367
832,18016,4368
1039,18020,4369
511,18021,4370
464,18022,4371
511,18030,4372
782,18037,4373
1039,18038,4374
879,18040,4375
626,18042,4376
932,18052,4377
1081,18058,4378
834,18060,4379
186,18061,4380
1081,18062,4381
36,18063,4382
195,18065,4383
424,18066,4384
872,18068,4385
936,18069,4386
1014,18072,4387
995,18076,4388
516,18077,4389
403,18078,4390
186,18079,4391
1088,18081,4392
667,18082,4393
718,18083,4394
932,18085,4395
1081,18086,4396
1022,18088,4397
326,18090,4398
1039,18091,4399
932,18092,4400
782,18093,4401
260,18094,4402
756,18095,4403
186,18096,4404
847,18097,4405
289,18098,4406
8,18099,4407
137,18100,4408
932,18102,4409
399,18103,4410
626,18106,4411
1049,18108,4412
995,18109,4413
695,18110,4414
132,18111,4415
932,18112,4416
1022,18113,4417
722,18116,4418
534,18117,4419
782,18118,4420
595,18121,4421
932,18122,4422
401,18123,4423
963,18125,4424
352,18128,4425
595,18129,4426
492,18130,4427
991,18132,4428
257,18133,4429
511,18134,4430
405,18135,4431
1081,18136,4432
718,18138,4433
771,18139,4434
947,18140,4435
405,18141,4436
932,18145,4437
870,18146,4438
147,18153,4439
1022,18156,4440
186,18157,4441
71,18160,4442
426,18161,4443
783,18163,4444
990,18164,4445
782,18165,4446
1039,18166,4447
403,18167,4448
782,18176,4449
305,18180,4450
932,18181,4451
807,18184,4452
1022,18186,4453
413,18189,4454
547,18190,4455
718,18193,4456
932,18195,4457
782,18198,4458
597,18199,4459
887,18200,4460
1,18205,4461
1116,18208,4462
1075,18209,4463
405,18210,4464
1081,18211,4465
750,18212,4466
301,18213,4467
566,18215,4468
1,18216,4469
72,18218,4470
623,18220,4471
257,18224,4472
1022,18226,4473
888,18227,4474
597,18231,4475
626,18232,4476
511,18233,4477
978,18234,4478
763,18235,4479
516,18236,4480
511,18239,4481
750,18240,4482
1077,18242,4483
1018,18248,4484
782,18249,4485
511,18251,4486
532,18252,4487
1087,18253,4488
802,18254,4489
323,18255,4490
565,18259,4491
1081,18260,4492
677,18264,4493
413,18267,4494
464,18270,4495
623,18272,4496
305,18274,4497
513,18282,4498
1081,18284,4499
1085,18285,4500
934,18290,4501
667,18291,4502
186,18292,4503
1022,18293,4504
667,18294,4505
257,18296,4506
667,18297,4507
405,18298,4508
782,18299,4509
718,18304,4510
1039,18305,4511
652,18306,4512
1039,18308,4513
773,18309,4514
1081,18310,4515
568,18311,4516
718,18312,4517
512,18314,4518
718,18315,4519
651,18316,4520
424,18317,4521
49,18319,4522
1110,18320,4523
511,18321,4524
1039,18322,4525
991,18324,4526
186,18331,4527
305,18333,4528
622,18334,4529
887,18336,4530
662,18337,4531
582,18338,4532
405,18340,4533
1039,18341,4534
207,18343,4535
926,18344,4536
926,18346,4537
848,18347,4538
623,18350,4539
743,18354,4540
511,18363,4541
414,18364,4542
182,18372,4543
1081,18373,4544
1083,18375,4545
782,18376,4546
932,18380,4547
413,18381,4548
136,18382,4549
186,18385,4550
930,18387,4551
1022,18388,4552
511,18390,4553
597,18391,4554
783,18392,4555
564,18393,4556
1039,18394,4557
564,18396,4558
753,18397,4559
932,18399,4560
807,18400,4561
595,18404,4562
405,18405,4563
847,18406,4564
1083,18407,4565
2,18409,4566
232,18412,4567
724,18415,4568
1090,18416,4569
667,18419,4570
1081,18420,4571
595,18422,4572
257,18423,4573
1051,18425,4574
667,18426,4575
667,18427,4576
1081,18431,4577
1022,18432,4578
782,18433,4579
1039,18434,4580
1039,18435,4581
186,18436,4582
717,18437,4583
782,18438,4584
257,18439,4585
718,18440,4586
709,18442,4587
511,18443,4588
595,18444,4589
805,18445,4590
947,18446,4591
771,18447,4592
71,18448,4593
887,18451,4594
1116,18452,4595
651,18453,4596
718,18454,4597
115,18455,4598
932,18457,4599
595,18458,4600
509,18459,4601
847,18460,4602
1022,18461,4603
782,18462,4604
405,18463,4605
413,18464,4606
936,18466,4607
88,18471,4608
1014,18472,4609
305,18474,4610
403,18478,4611
667,18479,4612
424,18480,4613
880,18481,4614
403,18482,4615
186,18483,4616
782,18487,4617
718,18489,4618
652,18490,4619
481,18492,4620
929,18493,4621
114,18495,4622
424,18497,4623
32,18498,4624
186,18499,4625
595,18500,4626
932,18501,4627
352,18504,4628
272,18505,4629
667,18511,4630
778,18512,4631
352,18513,4632
257,18514,4633
1081,18515,4634
902,18517,4635
1022,18519,4636
272,18521,4637
111,18525,4638
1065,18527,4639
1018,18529,4640
1022,18533,4641
464,18534,4642
597,18536,4643
464,18538,4644
947,18540,4645
750,18542,4646
71,18543,4647
895,18544,4648
782,18545,4649
684,18549,4650
750,18550,4651
1039,18553,4652
637,18554,4653
1039,18557,4654
946,18560,4655
879,18563,4656
932,18564,4657
718,18567,4658
1086,18568,4659
782,18571,4660
1,18572,4661
848,18574,4662
72,18576,4663
1039,18579,4664
207,18585,4665
964,18589,4666
626,18590,4667
405,18591,4668
718,18592,4669
932,18593,4670
651,18594,4671
511,18599,4672
1039,18601,4673
85,18603,4674
27,18607,4675
72,18609,4676
1022,18610,4677
413,18611,4678
257,18614,4679
72,18615,4680
511,18620,4681
222,18623,4682
597,18625,4683
597,18629,4684
513,18632,4685
1081,18636,4686
848,18641,4687
513,18645,4688
741,18647,4689
427,18648,4690
24,18649,4691
626,18650,4692
1039,18658,4693
405,18659,4694
114,18663,4695
1081,18666,4696
626,18669,4697
667,18670,4698
887,18672,4699
791,18673,4700
405,18678,4701
413,18679,4702
1081,18682,4703
1039,18683,4704
991,18685,4705
847,18688,4706
257,18691,4707
667,18696,4708
1116,18698,4709
561,18700,4710
330,18701,4711
1039,18703,4712
597,18716,4713
960,18717,4714
742,18719,4715
860,18723,4716
111,18731,4717
511,18733,4718
1022,18735,4719
511,18736,4720
565,18739,4721
651,18749,4722
1116,18753,4723
898,18756,4724
1081,18758,4725
597,18761,4726
667,18763,4727
1022,18764,4728
305,18765,4729
886,18767,4730
718,18770,4731
626,18771,4732
428,18775,4733
771,18776,4734
1022,18778,4735
847,18779,4736
413,18780,4737
1081,18781,4738
667,18785,4739
593,18786,4740
595,18787,4741
722,18790,4742
847,18791,4743
947,18794,4744
652,18795,4745
1081,18797,4746
511,18798,4747
667,18799,4748
609,18800,4749
595,18801,4750
619,18803,4751
109,18804,4752
305,18805,4753
1081,18806,4754
801,18807,4755
667,18810,4756
778,18813,4757
1039,18814,4758
1022,18815,4759
94,18816,4760
932,18817,4761
186,18818,4762
405,18820,4763
405,18821,4764
1088,18822,4765
937,18823,4766
782,18825,4767
880,18826,4768
1088,18827,4769
778,18828,4770
100,18830,4771
722,18831,4772
691,18833,4773
1081,18834,4774
975,18836,4775
991,18837,4776
630,18846,4777
257,18849,4778
424,18851,4779
778,18853,4780
1039,18854,4781
511,18856,4782
667,18857,4783
595,18858,4784
782,18859,4785
424,18860,4786
847,18861,4787
947,18866,4788
403,18868,4789
257,18870,4790
326,18871,4791
203,18873,4792
564,18875,4793
626,18878,4794
564,18879,4795
755,18888,4796
959,18891,4797
1022,18894,4798
1083,18895,4799
866,18896,4800
1081,18897,4801
1081,18899,4802
796,18901,4803
888,18903,4804
1022,18904,4805
413,18906,4806
27,18907,4807
481,18909,4808
511,18912,4809
71,18915,4810
859,18918,4811
880,18920,4812
623,18923,4813
1081,18927,4814
230,18929,4815
859,18932,4816
1077,18934,4817
707,18935,4818
763,18936,4819
880,18938,4820
1022,18939,4821
424,18944,4822
960,18945,4823
782,18947,4824
750,18949,4825
1039,18950,4826
452,18952,4827
880,18956,4828
755,18958,4829
405,18963,4830
1039,18966,4831
662,18967,4832
741,18968,4833
782,18973,4834
623,18975,4835
1022,18977,4836
1116,18982,4837
932,18983,4838
511,18985,4839
1007,18986,4840
72,18989,4841
960,18990,4842
1007,18995,4843
623,18997,4844
392,18999,4845
782,19001,4846
595,19002,4847
511,19003,4848
924,19004,4849
166,19005,4850
115,19007,4851
187,19008,4852
257,19009,4853
667,19010,4854
887,19011,4855
114,19012,4856
1039,19015,4857
667,19017,4858
782,19018,4859
995,19019,4860
667,19020,4861
652,19021,4862
1116,19024,4863
115,19025,4864
932,19027,4865
1022,19030,4866
947,19034,4867
511,19035,4868
512,19036,4869
1081,19038,4870
771,19039,4871
232,19040,4872
995,19041,4873
424,19042,4874
1022,19043,4875
651,19045,4876
1081,19046,4877
428,19047,4878
765,19051,4879
1022,19052,4880
755,19054,4881
1021,19056,4882
405,19057,4883
990,19059,4884
355,19060,4885
1118,19062,4886
749,19068,4887
480,19070,4888
597,19079,4889
1081,19082,4890
651,19090,4891
1039,19092,4892
284,19094,4893
667,19095,4894
887,19096,4895
991,19097,4896
186,19098,4897
1088,19099,4898
595,19100,4899
326,19101,4900
564,19103,4901
1039,19104,4902
1022,19106,4903
595,19108,4904
880,19110,4905
667,19111,4906
778,19113,4907
667,19116,4908
307,19117,4909
257,19118,4910
114,19119,4911
880,19121,4912
995,19122,4913
564,19123,4914
595,19124,4915
1081,19125,4916
497,19126,4917
1022,19127,4918
1116,19131,4919
1050,19133,4920
186,19134,4921
595,19135,4922
116,19137,4923
1065,19138,4924
609,19139,4925
782,19142,4926
312,19143,4927
595,19147,4928
186,19148,4929
1022,19151,4930
725,19152,4931
455,19153,4932
595,19154,4933
771,19155,4934
257,19156,4935
312,19157,4936
626,19158,4937
326,19159,4938
1032,19160,4939
564,19163,4940
186,19165,4941
511,19170,4942
636,19171,4943
260,19173,4944
932,19174,4945
718,19175,4946
888,19176,4947
424,19178,4948
405,19179,4949
257,19180,4950
667,19181,4951
667,19182,4952
534,19184,4953
353,19185,4954
186,19186,4955
902,19187,4956
801,19188,4957
595,19189,4958
595,19191,4959
1051,19192,4960
782,19194,4961
902,19195,4962
272,19196,4963
114,19197,4964
115,19199,4965
1081,19201,4966
272,19202,4967
405,19203,4968
305,19204,4969
667,19206,4970
511,19207,4971
1083,19208,4972
464,19209,4973
413,19211,4974
898,19212,4975
932,19213,4976
1077,19214,4977
1018,19215,4978
388,19216,4979
932,19217,4980
27,19220,4981
230,19226,4982
718,19228,4983
1116,19229,4984
888,19232,4985
1116,19233,4986
880,19234,4987
1005,19235,4988
326,19236,4989
859,19240,4990
626,19242,4991
420,19244,4992
413,19250,4993
384,19253,4994
802,19257,4995
405,19259,4996
782,19263,4997
1,19264,4998
1077,19267,4999
413,19269,5000
947,19270,5001
424,19273,5002
889,19277,5003
897,19278,5004
1081,19279,5005
511,19280,5006
782,19282,5007
859,19287,5008
859,19290,5009
763,19291,5010
768,19294,5011
565,19296,5012
511,19297,5013
71,19298,5014
604,19300,5015
1081,19301,5016
960,19305,5017
880,19309,5018
1107,19311,5019
782,19312,5020
947,19316,5021
532,19324,5022
1022,19327,5023
597,19331,5024
1039,19332,5025
1007,19333,5026
725,19341,5027
326,19342,5028
667,19343,5029
595,19344,5030
887,19345,5031
747,19346,5032
405,19347,5033
932,19348,5034
782,19349,5035
1081,19351,5036
186,19353,5037
352,19354,5038
887,19355,5039
1022,19356,5040
257,19357,5041
595,19359,5042
718,19362,5043
405,19364,5044
1039,19367,5045
497,19368,5046
285,19369,5047
1067,19370,5048
852,19371,5049
568,19373,5050
1088,19375,5051
402,19377,5052
1083,19379,5053
365,19380,5054
1081,19384,5055
771,19385,5056
947,19386,5057
1085,19387,5058
1007,19388,5059
1039,19389,5060
511,19391,5061
782,19395,5062
238,19400,5063
685,19401,5064
626,19402,5065
1018,19404,5066
516,19407,5067
349,19409,5068
932,19410,5069
932,19412,5070
613,19416,5071
186,19418,5072
626,19419,5073
345,19420,5074
834,19421,5075
934,19423,5076
725,19424,5077
991,19425,5078
1081,19426,5079
413,19428,5080
1081,19429,5081
932,19430,5082
257,19432,5083
1081,19434,5084
186,19435,5085
722,19438,5086
538,19440,5087
1081,19441,5088
667,19442,5089
667,19443,5090
801,19444,5091
718,19445,5092
725,19446,5093
405,19448,5094
424,19449,5095
718,19451,5096
880,19452,5097
326,19454,5098
1022,19456,5099
257,19458,5100
595,19460,5101
932,19461,5102
791,19464,5103
718,19465,5104
1039,19466,5105
957,19469,5106
424,19473,5107
1083,19474,5108
876,19475,5109
991,19477,5110
1039,19479,5111
1082,19481,5112
778,19484,5113
771,19489,5114
206,19490,5115
932,19492,5116
186,19495,5117
413,19497,5118
326,19498,5119
652,19499,5120
947,19500,5121
667,19502,5122
1088,19503,5123
1081,19504,5124
1022,19506,5125
916,19507,5126
257,19508,5127
403,19509,5128
718,19511,5129
114,19513,5130
326,19514,5131
932,19515,5132
1037,19518,5133
1098,19520,5134
1022,19521,5135
595,19523,5136
722,19525,5137
894,19527,5138
859,19528,5139
568,19530,5140
257,19532,5141
718,19539,5142
649,19540,5143
992,19547,5144
960,19550,5145
626,19551,5146
328,19552,5147
1039,19553,5148
1018,19555,5149
847,19556,5150
101,19557,5151
755,19558,5152
424,19560,5153
1077,19561,5154
197,19564,5155
623,19568,5156
879,19570,5157
428,19571,5158
1081,19572,5159
1039,19573,5160
888,19574,5161
589,19575,5162
887,19576,5163
511,19580,5164
538,19587,5165
718,19588,5166
597,19592,5167
592,19593,5168
725,19595,5169
511,19598,5170
718,19599,5171
607,19600,5172
424,19603,5173
713,19606,5174
714,19614,5175
597,19617,5176
1077,19620,5177
564,19624,5178
1116,19626,5179
742,19628,5180
802,19629,5181
945,19630,5182
1081,19631,5183
597,19632,5184
1116,19633,5185
668,19644,5186
405,19645,5187
1032,19647,5188
1022,19648,5189
667,19649,5190
1081,19650,5191
413,19651,5192
1039,19652,5193
203,19654,5194
114,19655,5195
595,19656,5196
897,19657,5197
778,19658,5198
326,19660,5199
186,19661,5200
403,19662,5201
1014,19663,5202
186,19666,5203
880,19667,5204
778,19668,5205
115,19670,5206
61,19671,5207
932,19672,5208
645,19673,5209
771,19675,5210
593,19676,5211
932,19677,5212
991,19678,5213
419,19679,5214
519,19681,5215
1081,19683,5216
512,19684,5217
413,19685,5218
403,19686,5219
995,19687,5220
859,19689,5221
402,19692,5222
595,19693,5223
257,19696,5224
626,19698,5225
1110,19700,5226
782,19701,5227
424,19703,5228
847,19704,5229
814,19706,5230
961,19707,5231
651,19708,5232
1039,19709,5233
1090,19711,5234
597,19712,5235
464,19713,5236
245,19715,5237
651,19716,5238
420,19719,5239
987,19721,5240
512,19722,5241
596,19725,5242
595,19729,5243
778,19730,5244
664,19731,5245
947,19733,5246
718,19734,5247
561,19736,5248
595,19738,5249
898,19742,5250
689,19743,5251
593,19744,5252
405,19745,5253
949,19749,5254
667,19750,5255
186,19752,5256
272,19753,5257
115,19755,5258
778,19758,5259
494,19759,5260
668,19762,5261
1022,19764,5262
272,19765,5263
932,19766,5264
1116,19767,5265
186,19768,5266
932,19769,5267
1022,19771,5268
399,19772,5269
1081,19774,5270
838,19775,5271
771,19776,5272
712,19778,5273
413,19779,5274
932,19780,5275
230,19781,5276
511,19782,5277
326,19784,5278
651,19785,5279
424,19791,5280
1083,19792,5281
186,19794,5282
257,19797,5283
424,19798,5284
722,19799,5285
1039,19803,5286
1022,19806,5287
1082,19808,5288
976,19809,5289
782,19810,5290
771,19811,5291
387,19813,5292
852,19815,5293
1039,19816,5294
1081,19819,5295
114,19822,5296
718,19823,5297
1051,19830,5298
527,19831,5299
424,19832,5300
300,19833,5301
1077,19834,5302
261,19836,5303
932,19837,5304
1022,19838,5305
782,19840,5306
191,19841,5307
1039,19845,5308
847,19846,5309
413,19847,5310
405,19857,5311
782,19858,5312
538,19860,5313
991,19861,5314
797,19865,5315
722,19867,5316
932,19870,5317
1022,19871,5318
923,19874,5319
750,19875,5320
1085,19879,5321
888,19880,5322
1116,19881,5323
782,19883,5324
1085,19888,5325
607,19889,5326
257,19894,5327
1039,19899,5328
529,19910,5329
694,19911,5330
405,19912,5331
1081,19916,5332
1022,19922,5333
880,19923,5334
405,19926,5335
932,19927,5336
887,19928,5337
207,19929,5338
725,19931,5339
595,19935,5340
405,19937,5341
595,19938,5342
257,19941,5343
186,19942,5344
782,19945,5345
424,19947,5346
1081,19949,5347
932,19950,5348
257,19951,5349
509,19952,5350
652,19953,5351
1018,19954,5352
274,19955,5353
652,19958,5354
782,19961,5355
847,19962,5356
139,19964,5357
1022,19967,5358
1018,19970,5359
1039,19973,5360
807,19975,5361
667,19978,5362
464,19981,5363
947,19982,5364
257,19985,5365
1081,19986,5366
722,19988,5367
428,19989,5368
651,19990,5369
1018,19992,5370
595,19993,5371
424,19994,5372
1014,19996,5373
576,19997,5374
511,19999,5375
186,20001,5376
932,20002,5377
1110,20003,5378
947,20010,5379
186,20011,5380
932,20012,5381
1022,20013,5382
405,20014,5383
932,20015,5384
782,20016,5385
947,20017,5386
947,20018,5387
595,20019,5388
230,20020,5389
211,20021,5390
595,20024,5391
991,20028,5392
257,20029,5393
1065,20030,5394
186,20033,5395
1081,20034,5396
1022,20036,5397
30,20037,5398
1032,20039,5399
564,20040,5400
595,20044,5401
318,20049,5402
1022,20052,5403
595,20055,5404
257,20056,5405
1039,20058,5406
511,20059,5407
718,20060,5408
655,20061,5409
257,20062,5410
932,20064,5411
771,20066,5412
132,20068,5413
890,20072,5414
1022,20075,5415
968,20077,5416
718,20078,5417
898,20079,5418
725,20080,5419
595,20081,5420
880,20083,5421
932,20085,5422
564,20087,5423
389,20088,5424
1039,20089,5425
1022,20092,5426
597,20093,5427
352,20094,5428
626,20097,5429
186,20098,5430
771,20099,5431
902,20102,5432
1079,20105,5433
934,20106,5434
424,20108,5435
203,20110,5436
411,20112,5437
203,20114,5438
1032,20117,5439
399,20118,5440
626,20120,5441
595,20121,5442
887,20128,5443
1022,20136,5444
991,20137,5445
597,20138,5446
783,20139,5447
859,20144,5448
991,20148,5449
568,20151,5450
887,20152,5451
257,20153,5452
331,20154,5453
451,20157,5454
626,20160,5455
960,20163,5456
1077,20164,5457
257,20165,5458
992,20169,5459
718,20170,5460
413,20172,5461
932,20174,5462
511,20176,5463
1081,20178,5464
516,20179,5465
626,20180,5466
1039,20181,5467
405,20182,5468
305,20183,5469
428,20187,5470
597,20188,5471
230,20190,5472
630,20197,5473
1022,20198,5474
496,20199,5475
230,20200,5476
1081,20201,5477
534,20202,5478
897,20206,5479
1081,20207,5480
667,20208,5481
880,20211,5482
621,20213,5483
352,20214,5484
722,20215,5485
782,20217,5486
894,20219,5487
842,20220,5488
485,20222,5489
297,20225,5490
1039,20227,5491
1022,20231,5492
1018,20233,5493
230,20234,5494
783,20235,5495
511,20236,5496
595,20237,5497
782,20238,5498
115,20240,5499
947,20241,5500
991,20242,5501
887,20248,5502
1081,20249,5503
847,20251,5504
892,20253,5505
512,20257,5506
597,20258,5507
213,20259,5508
975,20260,5509
257,20262,5510
783,20264,5511
511,20268,5512
1022,20269,5513
413,20270,5514
805,20271,5515
1081,20272,5516
348,20273,5517
106,20274,5518
1022,20276,5519
782,20278,5520
305,20282,5521
399,20283,5522
595,20284,5523
991,20286,5524
768,20288,5525
564,20289,5526
272,20290,5527
887,20291,5528
257,20292,5529
114,20293,5530
667,20294,5531
778,20295,5532
947,20296,5533
722,20299,5534
1081,20302,5535
595,20303,5536
1081,20305,5537
1032,20306,5538
879,20307,5539
1051,20308,5540
782,20309,5541
305,20312,5542
511,20313,5543
424,20315,5544
847,20317,5545
405,20320,5546
1039,20322,5547
800,20323,5548
991,20324,5549
289,20326,5550
1068,20328,5551
1081,20329,5552
1032,20331,5553
46,20332,5554
651,20333,5555
186,20337,5556
932,20338,5557
1088,20340,5558
1039,20341,5559
273,20343,5560
387,20347,5561
230,20348,5562
667,20351,5563
308,20353,5564
847,20354,5565
1088,20356,5566
1116,20359,5567
1081,20360,5568
107,20361,5569
596,20362,5570
932,20364,5571
187,20365,5572
1032,20366,5573
1081,20367,5574
1081,20368,5575
936,20370,5576
722,20371,5577
902,20372,5578
114,20377,5579
639,20378,5580
880,20380,5581
1051,20381,5582
1098,20383,5583
782,20384,5584
1085,20385,5585
419,20391,5586
428,20393,5587
538,20401,5588
1081,20406,5589
511,20413,5590
597,20416,5591
136,20421,5592
992,20423,5593
943,20427,5594
947,20428,5595
719,20430,5596
623,20431,5597
424,20434,5598
597,20435,5599
778,20436,5600
1039,20437,5601
1081,20439,5602
642,20441,5603
257,20442,5604
932,20444,5605
511,20445,5606
652,20446,5607
1081,20447,5608
116,20449,5609
424,20450,5610
305,20451,5611
186,20452,5612
257,20453,5613
257,20455,5614
932,20456,5615
859,20457,5616
1081,20458,5617
1081,20460,5618
667,20461,5619
1022,20462,5620
511,20463,5621
232,20465,5622
626,20466,5623
626,20469,5624
232,20470,5625
782,20471,5626
718,20474,5627
405,20475,5628
932,20476,5629
405,20477,5630
402,20479,5631
782,20480,5632
328,20481,5633
897,20484,5634
117,20486,5635
991,20490,5636
805,20491,5637
667,20493,5638
1085,20494,5639
1081,20496,5640
1022,20499,5641
257,20500,5642
934,20501,5643
351,20502,5644
934,20506,5645
1081,20507,5646
564,20508,5647
326,20509,5648
626,20510,5649
771,20513,5650
136,20515,5651
847,20516,5652
1081,20517,5653
191,20521,5654
405,20522,5655
326,20523,5656
722,20525,5657
991,20526,5658
403,20527,5659
186,20528,5660
582,20529,5661
935,20530,5662
782,20531,5663
1039,20533,5664
1036,20535,5665
1116,20536,5666
1051,20537,5667
405,20539,5668
778,20541,5669
595,20542,5670
1039,20543,5671
1081,20545,5672
511,20547,5673
626,20552,5674
947,20553,5675
880,20555,5676
1022,20556,5677
729,20562,5678
932,20564,5679
326,20565,5680
995,20566,5681
626,20567,5682
413,20568,5683
667,20569,5684
771,20570,5685
880,20573,5686
1022,20578,5687
852,20580,5688
527,20582,5689
932,20584,5690
686,20585,5691
187,20588,5692
897,20590,5693
430,20591,5694
300,20593,5695
902,20595,5696
305,20597,5697
718,20598,5698
750,20599,5699
932,20600,5700
722,20602,5701
949,20603,5702
595,20607,5703
257,20609,5704
1039,20611,5705
186,20612,5706
780,20615,5707
782,20618,5708
1081,20620,5709
887,20622,5710
409,20629,5711
667,20630,5712
778,20633,5713
812,20634,5714
186,20636,5715
257,20637,5716
257,20638,5717
667,20639,5718
718,20640,5719
717,20641,5720
203,20642,5721
1081,20643,5722
132,20645,5723
413,20646,5724
1051,20648,5725
326,20649,5726
932,20650,5727
771,20652,5728
428,20654,5729
1039,20655,5730
424,20657,5731
186,20658,5732
186,20659,5733
771,20666,5734
626,20667,5735
597,20668,5736
428,20670,5737
1022,20671,5738
847,20675,5739
186,20677,5740
186,20678,5741
947,20680,5742
782,20683,5743
568,20684,5744
154,20686,5745
934,20689,5746
1018,20690,5747
932,20693,5748
767,20694,5749
718,20698,5750
534,20699,5751
305,20701,5752
727,20703,5753
511,20705,5754
932,20706,5755
975,20707,5756
1116,20711,5757
995,20712,5758
572,20713,5759
1022,20714,5760
651,20717,5761
428,20721,5762
718,20722,5763
507,20723,5764
186,20725,5765
1051,20726,5766
652,20727,5767
947,20732,5768
932,20733,5769
651,20735,5770
352,20736,5771
595,20739,5772
521,20740,5773
1088,20741,5774
979,20745,5775
1032,20747,5776
932,20748,5777
962,20749,5778
310,20750,5779
424,20752,5780
134,20754,5781
667,20755,5782
887,20761,5783
718,20763,5784
667,20765,5785
1088,20768,5786
203,20769,5787
511,20770,5788
1081,20772,5789
352,20774,5790
1011,20775,5791
948,20776,5792
1014,20777,5793
609,20778,5794
718,20781,5795
1022,20782,5796
1081,20783,5797
403,20784,5798
782,20785,5799
558,20786,5800
782,20787,5801
114,20788,5802
947,20790,5803
656,20791,5804
305,20792,5805
651,20798,5806
626,20799,5807
401,20800,5808
405,20802,5809
1081,20804,5810
1032,20806,5811
1022,20807,5812
257,20809,5813
403,20810,5814
782,20811,5815
595,20812,5816
1039,20814,5817
835,20817,5818
807,20821,5819
595,20822,5820
564,20823,5821
626,20826,5822
595,20827,5823
17,20829,5824
1101,20831,5825
475,20833,5826
420,20834,5827
667,20835,5828
1110,20836,5829
518,20837,5830
718,20838,5831
995,20842,5832
1085,20844,5833
318,20846,5834
424,20847,5835
1039,20849,5836
71,20851,5837
387,20852,5838
156,20854,5839
424,20857,5840
257,20858,5841
399,20859,5842
186,20861,5843
995,20863,5844
460,20864,5845
349,20870,5846
995,20872,5847
186,20873,5848
718,20874,5849
817,20875,5850
185,20876,5851
399,20878,5852
932,20879,5853
257,20881,5854
1032,20882,5855
782,20883,5856
563,20885,5857
652,20886,5858
114,20887,5859
722,20888,5860
595,20889,5861
595,20892,5862
1022,20893,5863
511,20894,5864
257,20895,5865
272,20896,5866
305,20897,5867
667,20898,5868
815,20899,5869
1081,20901,5870
27,20903,5871
1081,20904,5872
782,20906,5873
667,20907,5874
859,20909,5875
576,20910,5876
1081,20913,5877
911,20914,5878
1039,20915,5879
534,20916,5880
511,20918,5881
1116,20919,5882
651,20923,5883
257,20925,5884
778,20926,5885
511,20928,5886
932,20930,5887
453,20931,5888
595,20932,5889
1117,20935,5890
1081,20939,5891
1022,20942,5892
651,20944,5893
131,20945,5894
1116,20946,5895
939,20947,5896
1081,20948,5897
399,20950,5898
527,20951,5899
947,20954,5900
257,20956,5901
61,20957,5902
722,20960,5903
595,20961,5904
1039,20962,5905
300,20964,5906
581,20965,5907
932,20968,5908
403,20970,5909
186,20971,5910
798,20972,5911
1022,20974,5912
652,20978,5913
991,20979,5914
511,20980,5915
84,20981,5916
352,20982,5917
405,20983,5918
1039,20985,5919
405,20986,5920
1081,20987,5921
399,20989,5922
136,20992,5923
718,20993,5924
424,20994,5925
413,20997,5926
651,20999,5927
722,21000,5928
932,21001,5929
937,21002,5930
991,21003,5931
582,21006,5932
977,21008,5933
880,21011,5934
1022,21012,5935
1039,21013,5936
932,21014,5937
842,21016,5938
511,21018,5939
782,21020,5940
651,21022,5941
61,21023,5942
718,21028,5943
783,21030,5944
512,21031,5945
1022,21034,5946
991,21038,5947
991,21042,5948
511,21045,5949
232,21046,5950
399,21047,5951
405,21049,5952
922,21051,5953
635,21053,5954
1039,21054,5955
595,21056,5956
1088,21059,5957
778,21060,5958
595,21062,5959
805,21063,5960
1081,21066,5961
1116,21068,5962
932,21069,5963
257,21071,5964
722,21073,5965
993,21077,5966
1022,21078,5967
1039,21080,5968
609,21081,5969
595,21084,5970
722,21086,5971
782,21087,5972
782,21090,5973
718,21092,5974
386,21094,5975
595,21095,5976
326,21096,5977
403,21100,5978
885,21102,5979
991,21103,5980
186,21105,5981
257,21109,5982
932,21110,5983
595,21112,5984
387,21116,5985
1039,21117,5986
689,21121,5987
257,21124,5988
1022,21127,5989
1081,21128,5990
260,21129,5991
184,21130,5992
951,21131,5993
338,21132,5994
413,21133,5995
326,21136,5996
595,21138,5997
934,21139,5998
272,21140,5999
1051,21142,6000
1081,21143,6001
718,21145,6002
667,21146,6003
723,21147,6004
399,21152,6005
114,21153,6006
1039,21159,6007
782,21161,6008
403,21162,6009
203,21163,6010
326,21165,6011
932,21166,6012
257,21168,6013
752,21169,6014
667,21170,6015
1032,21171,6016
212,21172,6017
626,21173,6018
401,21176,6019
273,21178,6020
257,21179,6021
1081,21181,6022
511,21182,6023
413,21183,6024
186,21184,6025
888,21186,6026
511,21187,6027
1039,21188,6028
201,21189,6029
595,21191,6030
859,21192,6031
898,21194,6032
896,21195,6033
511,21199,6034
1081,21200,6035
1081,21201,6036
36,21203,6037
866,21212,6038
934,21214,6039
991,21217,6040
1081,21218,6041
597,21222,6042
722,21225,6043
725,21228,6044
1083,21230,6045
403,21231,6046
632,21232,6047
305,21234,6048
511,21237,6049
1099,21238,6050
1088,21239,6051
652,21240,6052
859,21242,6053
257,21244,6054
272,21245,6055
1081,21248,6056
1022,21250,6057
260,21252,6058
778,21254,6059
993,21255,6060
652,21258,6061
236,21259,6062
186,21260,6063
399,21261,6064
551,21264,6065
230,21265,6066
186,21266,6067
511,21268,6068
1039,21270,6069
932,21271,6070
767,21273,6071
847,21274,6072
1081,21276,6073
1022,21281,6074
667,21282,6075
424,21285,6076
568,21286,6077
722,21287,6078
655,21288,6079
595,21290,6080
880,21291,6081
963,21292,6082
424,21293,6083
326,21294,6084
782,21296,6085
413,21299,6086
722,21300,6087
652,21301,6088
934,21302,6089
186,21304,6090
403,21306,6091
667,21307,6092
527,21308,6093
1081,21309,6094
932,21310,6095
186,21313,6096
305,21315,6097
1039,21316,6098
1081,21317,6099
261,21319,6100
124,21320,6101
947,21322,6102
1022,21325,6103
326,21326,6104
782,21328,6105
595,21329,6106
1088,21331,6107
257,21333,6108
352,21335,6109
932,21336,6110
947,21338,6111
172,21340,6112
752,21342,6113
273,21344,6114
272,21345,6115
257,21346,6116
326,21347,6117
991,21348,6118
947,21349,6119
259,21350,6120
595,21351,6121
722,21352,6122
696,21353,6123
609,21354,6124
401,21359,6125
424,21364,6126
428,21368,6127
405,21369,6128
538,21374,6129
538,21375,6130
424,21379,6131
771,21380,6132
782,21381,6133
464,21383,6134
782,21385,6135
10,21386,6136
651,21389,6137
898,21397,6138
947,21398,6139
257,21399,6140
651,21400,6141
930,21403,6142
538,21404,6143
511,21407,6144
1081,21408,6145
1082,21410,6146
1088,21412,6147
564,21414,6148
186,21415,6149
424,21416,6150
991,21417,6151
932,21418,6152
102,21422,6153
718,21423,6154
932,21424,6155
1022,21425,6156
405,21426,6157
424,21428,6158
1037,21429,6159
630,21430,6160
326,21433,6161
609,21434,6162
1022,21435,6163
1014,21436,6164
1081,21437,6165
8,21439,6166
257,21444,6167
405,21445,6168
514,21446,6169
847,21447,6170
1026,21448,6171
1032,21449,6172
115,21450,6173
778,21451,6174
595,21452,6175
1098,21454,6176
667,21455,6177
667,21456,6178
947,21457,6179
387,21458,6180
257,21460,6181
782,21461,6182
186,21466,6183
1082,21469,6184
387,21470,6185
403,21471,6186
778,21472,6187
186,21474,6188
681,21476,6189
527,21477,6190
916,21483,6191
257,21485,6192
511,21486,6193
259,21487,6194
655,21488,6195
932,21489,6196
186,21490,6197
932,21491,6198
880,21494,6199
373,21495,6200
423,21496,6201
897,21497,6202
305,21498,6203
932,21505,6204
540,21506,6205
934,21507,6206
897,21509,6207
498,21511,6208
1022,21513,6209
778,21515,6210
186,21516,6211
888,21517,6212
1022,21521,6213
718,21522,6214
551,21523,6215
932,21524,6216
261,21525,6217
511,21528,6218
1081,21532,6219
424,21533,6220
854,21534,6221
1039,21539,6222
595,21540,6223
783,21541,6224
782,21542,6225
887,21543,6226
511,21544,6227
722,21547,6228
419,21548,6229
1081,21549,6230
866,21553,6231
897,21555,6232
667,21557,6233
1088,21559,6234
1085,21560,6235
994,21561,6236
403,21562,6237
101,21564,6238
405,21566,6239
512,21569,6240
300,21571,6241
1039,21572,6242
1039,21574,6243
413,21577,6244
257,21578,6245
651,21579,6246
1022,21582,6247
405,21584,6248
402,21589,6249
932,21591,6250
880,21594,6251
114,21595,6252
1083,21597,6253
186,21598,6254
771,21601,6255
667,21602,6256
880,21603,6257
1065,21604,6258
932,21605,6259
651,21606,6260
947,21607,6261
595,21612,6262
667,21614,6263
1037,21616,6264
321,21617,6265
1039,21618,6266
1014,21619,6267
902,21620,6268
718,21623,6269
597,21624,6270
887,21628,6271
1081,21629,6272
667,21633,6273
405,21634,6274
595,21636,6275
326,21640,6276
413,21641,6277
1116,21643,6278
1081,21644,6279
991,21645,6280
1081,21646,6281
932,21647,6282
696,21648,6283
881,21649,6284
114,21651,6285
1081,21652,6286
722,21655,6287
1081,21656,6288
778,21657,6289
235,21659,6290
725,21660,6291
326,21661,6292
1039,21663,6293
403,21665,6294
1081,21666,6295
667,21667,6296
1032,21668,6297
114,21669,6298
564,21670,6299
551,21671,6300
349,21673,6301
184,21674,6302
897,21681,6303
115,21684,6304
326,21685,6305
326,21687,6306
667,21688,6307
186,21689,6308
1039,21690,6309
1010,21691,6310
667,21692,6311
736,21693,6312
1081,21694,6313
1026,21695,6314
337,21698,6315
778,21699,6316
257,21700,6317
8,21702,6318
257,21703,6319
962,21704,6320
595,21705,6321
399,21706,6322
934,21708,6323
782,21710,6324
1022,21711,6325
595,21712,6326
734,21713,6327
722,21715,6328
1022,21717,6329
186,21718,6330
621,21721,6331
352,21723,6332
257,21728,6333
186,21729,6334
937,21730,6335
1022,21733,6336
783,21736,6337
880,21737,6338
232,21740,6339
1039,21741,6340
349,21743,6341
718,21745,6342
771,21746,6343
136,21748,6344
880,21751,6345
101,21753,6346
186,21759,6347
887,21764,6348
597,21767,6349
1022,21770,6350
568,21771,6351
718,21772,6352
667,21774,6353
782,21775,6354
511,21776,6355
718,21777,6356
778,21778,6357
995,21781,6358
651,21782,6359
847,21783,6360
1081,21784,6361
1022,21786,6362
575,21787,6363
898,21788,6364
626,21790,6365
186,21791,6366
667,21792,6367
257,21794,6368
722,21795,6369
1039,21796,6370
1039,21798,6371
1022,21799,6372
782,21800,6373
114,21801,6374
932,21802,6375
791,21804,6376
667,21805,6377
272,21807,6378
1045,21808,6379
424,21809,6380
257,21811,6381
1081,21812,6382
18,21815,6383
186,21816,6384
738,21817,6385
932,21818,6386
651,21819,6387
370,21820,6388
778,21824,6389
132,21826,6390
974,21828,6391
1081,21829,6392
868,21830,6393
527,21831,6394
782,21832,6395
541,21834,6396
899,21835,6397
186,21836,6398
595,21837,6399
564,21840,6400
1022,21842,6401
131,21843,6402
932,21844,6403
1022,21846,6404
549,21847,6405
593,21848,6406
186,21850,6407
564,21851,6408
1097,21852,6409
595,21854,6410
782,21855,6411
413,21857,6412
186,21858,6413
511,21859,6414
595,21863,6415
718,21864,6416
326,21865,6417
667,21867,6418
819,21871,6419
1022,21872,6420
1051,21873,6421
902,21876,6422
667,21877,6423
718,21878,6424
1039,21879,6425
932,21880,6426
595,21881,6427
1039,21882,6428
781,21885,6429
1081,21887,6430
1010,21888,6431
257,21889,6432
657,21890,6433
718,21893,6434
782,21894,6435
1081,21895,6436
186,21896,6437
667,21897,6438
259,21898,6439
790,21900,6440
626,21901,6441
510,21902,6442
887,21903,6443
273,21905,6444
1081,21906,6445
1022,21907,6446
932,21911,6447
413,21913,6448
722,21914,6449
807,21916,6450
1039,21918,6451
186,21920,6452
1022,21921,6453
511,21922,6454
626,21923,6455
186,21924,6456
652,21927,6457
511,21930,6458
203,21931,6459
725,21933,6460
771,21934,6461
273,21936,6462
887,21938,6463
88,21939,6464
917,21943,6465
186,21944,6466
1037,21946,6467
718,21948,6468
722,21949,6469
521,21950,6470
257,21951,6471
305,21952,6472
257,21953,6473
419,21955,6474
782,21956,6475
652,21957,6476
81,21958,6477
596,21959,6478
722,21960,6479
651,21966,6480
725,21967,6481
1022,21969,6482
1081,21970,6483
898,21972,6484
511,21974,6485
326,21976,6486
187,21978,6487
782,21981,6488
761,21986,6489
725,21987,6490
230,21988,6491
932,21989,6492
713,21992,6493
1065,21993,6494
1116,21996,6495
730,21997,6496
257,21999,6497
564,22000,6498
655,22005,6499
257,22006,6500
1081,22007,6501
88,22008,6502
722,22010,6503
273,22011,6504
1022,22012,6505
699,22014,6506
770,22020,6507
902,22021,6508
647,22022,6509
186,22023,6510
1051,22024,6511
667,22027,6512
527,22028,6513
595,22029,6514
257,22033,6515
782,22035,6516
424,22038,6517
326,22040,6518
778,22041,6519
1039,22042,6520
352,22047,6521
1057,22048,6522
626,22049,6523
947,22050,6524
911,22052,6525
667,22053,6526
277,22054,6527
778,22055,6528
115,22056,6529
1039,22057,6530
1081,22058,6531
932,22059,6532
564,22060,6533
887,22061,6534
511,22062,6535
1083,22063,6536
511,22064,6537
206,22065,6538
369,22066,6539
461,22068,6540
1022,22070,6541
782,22071,6542
1085,22072,6543
186,22074,6544
405,22075,6545
511,22076,6546
950,22078,6547
1022,22079,6548
991,22080,6549
847,22081,6550
351,22082,6551
564,22083,6552
582,22084,6553
847,22087,6554
934,22090,6555
866,22091,6556
645,22092,6557
932,22093,6558
1022,22100,6559
1081,22102,6560
1081,22105,6561
221,22107,6562
401,22110,6563
537,22112,6564
1116,22113,6565
718,22114,6566
667,22116,6567
1081,22117,6568
305,22118,6569
326,22119,6570
459,22120,6571
932,22121,6572
257,22128,6573
1014,22131,6574
419,22133,6575
424,22135,6576
887,22136,6577
782,22138,6578
652,22139,6579
995,22140,6580
652,22141,6581
932,22142,6582
107,22143,6583
652,22144,6584
1051,22146,6585
1081,22147,6586
326,22149,6587
1022,22150,6588
718,22152,6589
186,22153,6590
722,22154,6591
399,22155,6592
932,22156,6593
1051,22157,6594
257,22159,6595
424,22164,6596
511,22165,6597
261,22168,6598
771,22169,6599
962,22171,6600
652,22172,6601
656,22174,6602
1039,22175,6603
1081,22176,6604
887,22178,6605
240,22180,6606
667,22182,6607
867,22185,6608
102,22186,6609
1022,22187,6610
1081,22190,6611
1081,22191,6612
186,22194,6613
609,22195,6614
1037,22196,6615
667,22199,6616
947,22201,6617
257,22203,6618
1081,22205,6619
326,22209,6620
855,22210,6621
713,22211,6622
718,22212,6623
1116,22214,6624
259,22215,6625
1088,22217,6626
1081,22218,6627
667,22222,6628
260,22223,6629
1022,22225,6630
1081,22226,6631
399,22227,6632
405,22229,6633
1098,22230,6634
1081,22231,6635
424,22232,6636
1039,22233,6637
115,22239,6638
628,22241,6639
880,22242,6640
114,22243,6641
399,22244,6642
187,22245,6643
934,22247,6644
667,22249,6645
1022,22250,6646
675,22251,6647
187,22256,6648
183,22257,6649
710,22259,6650
782,22260,6651
305,22261,6652
752,22262,6653
236,22270,6654
1081,22272,6655
132,22274,6656
351,22275,6657
261,22277,6658
1039,22278,6659
399,22279,6660
934,22281,6661
595,22283,6662
373,22286,6663
370,22288,6664
1051,22289,6665
778,22290,6666
257,22291,6667
718,22292,6668
203,22294,6669
782,22296,6670
259,22297,6671
652,22299,6672
306,22300,6673
114,22301,6674
516,22304,6675
722,22305,6676
1024,22308,6677
782,22310,6678
1081,22319,6679
421,22328,6680
186,22329,6681
1081,22330,6682
257,22334,6683
1010,22336,6684
782,22337,6685
564,22339,6686
186,22340,6687
8,22341,6688
947,22342,6689
441,22343,6690
305,22346,6691
188,22348,6692
1113,22350,6693
495,22351,6694
1038,22352,6695
1081,22354,6696
299,22355,6697
378,22356,6698
597,22358,6699
667,22363,6700
1032,22364,6701
718,22366,6702
1081,22370,6703
272,22372,6704
674,22403,6705
597,22412,6706
268,22423,6707
748,22426,6708
1028,22430,6709
887,22434,6710
953,22460,6711
553,22470,6712
257,22480,6713
1078,22484,6714
694,22497,6715
24,22524,6716
1078,22535,6717
905,22537,6718
424,22554,6719
626,22566,6720
230,22569,6721
597,22571,6722
1039,22572,6723
162,22616,6724
5,22619,6725
1057,22628,6726
513,22630,6727
257,22663,6728
1057,22686,6729
105,22722,6730
713,22738,6731
713,22746,6732
748,22760,6733
690,22762,6734
255,22766,6735
161,22772,6736
86,22789,6737
413,22792,6738
782,22800,6739
1078,22813,6740
24,22827,6741
859,22829,6742
626,22840,6743
1116,22847,6744
626,22856,6745
906,22862,6746
257,22888,6747
932,22903,6748
782,22911,6749
368,22925,6750
713,22926,6751
880,22941,6752
888,22943,6753
468,22945,6754
694,22952,6755
1039,22969,6756
565,22977,6757
463,23006,6758
713,23023,6759
1052,23041,6760
355,23044,6761
1078,23071,6762
463,23073,6763
320,23094,6764
758,23105,6765
105,23116,6766
713,23154,6767
24,23170,6768
874,23177,6769
424,23179,6770
24,23191,6771
146,23201,6772
513,23203,6773
888,23204,6774
597,23243,6775
778,23251,6776
446,23252,6777
713,23259,6778
108,23261,6779
1033,23280,6780
626,23291,6781
623,23293,6782
820,23294,6783
1116,23296,6784
5,23385,6785
103,23395,6786
807,23405,6787
713,23437,6788
56,23459,6789
468,23463,6790
947,23470,6791
932,23478,6792
511,23480,6793
413,23484,6794
1039,23486,6795
932,23490,6796
181,23491,6797
597,23518,6798
693,23554,6799
697,23556,6800
690,23563,6801
513,23566,6802
1039,23586,6803
748,23587,6804
380,23591,6805
161,23635,6806
51,23641,6807
24,23650,6808
1027,23656,6809
511,23658,6810
27,23659,6811
456,23678,6812
857,23703,6813
303,23713,6814
597,23724,6815
413,23755,6816
565,23763,6817
880,23776,6818
56,23777,6819
674,23785,6820
857,23798,6821
505,23801,6822
748,23811,6823
468,23837,6824
230,23842,6825
874,23860,6826
626,23866,6827
753,23908,6828
511,23923,6829
565,23924,6830
626,23946,6831
748,23968,6832
511,23974,6833
674,23977,6834
1039,23978,6835
888,23980,6836
1057,23990,6837
1014,24006,6838
751,24017,6839
565,24020,6840
565,24023,6841
5,24024,6842
880,24028,6843
646,24038,6844
932,24057,6845
874,24063,6846
1116,24069,6847
711,24076,6848
27,24081,6849
713,24091,6850
1057,24105,6851
505,24109,6852
848,24125,6853
441,24131,6854
560,24134,6855
255,24147,6856
713,24174,6857
874,24200,6858
880,24201,6859
513,24225,6860
1055,24230,6861
626,24231,6862
505,24237,6863
932,24244,6864
511,24246,6865
1099,24279,6866
179,24291,6867
874,24298,6868
859,24316,6869
56,24320,6870
1081,24322,6871
718,24334,6872
932,24355,6873
687,24415,6874
857,24435,6875
463,24446,6876
750,24458,6877
915,24479,6878
874,24482,6879
626,24510,6880
932,24522,6881
694,24560,6882
795,24567,6883
785,24573,6884
1039,24605,6885
713,24640,6886
463,24642,6887
1058,24644,6888
511,24653,6889
891,24661,6890
934,24669,6891
87,24688,6892
505,24710,6893
235,24727,6894
157,24748,6895
888,24753,6896
932,24764,6897
326,24792,6898
56,24795,6899
990,24824,6900
513,24832,6901
704,24836,6902
56,24840,6903
912,24846,6904
1077,24895,6905
587,24913,6906
933,24920,6907
1021,24939,6908
53,24965,6909
713,24987,6910
587,24997,6911
830,25031,6912
859,25033,6913
376,25038,6914
713,25104,6915
857,25125,6916
623,25130,6917
888,25172,6918
560,25173,6919
24,25178,6920
511,25214,6921
24,25226,6922
468,25235,6923
511,25248,6924
1039,25299,6925
505,25300,6926
626,25301,6927
413,25312,6928
947,25326,6929
1077,25342,6930
24,25347,6931
964,25352,6932
580,25357,6933
507,25374,6934
711,25411,6935
286,25419,6936
747,25435,6937
387,25479,6938
718,25484,6939
857,25501,6940
105,25514,6941
257,25522,6942
713,25529,6943
52,25548,6944
161,25557,6945
888,25578,6946
932,25591,6947
560,25596,6948
859,25601,6949
431,25628,6950
413,25646,6951
711,25663,6952
207,25667,6953
759,25670,6954
888,25671,6955
3,25694,6956
71,25696,6957
713,25705,6958
964,25724,6959
623,25743,6960
511,25744,6961
1077,25762,6962
880,25834,6963
711,25838,6964
1027,25882,6965
565,25883,6966
24,25891,6967
874,25908,6968
465,25923,6969
1039,25928,6970
513,25931,6971
694,25948,6972
880,25952,6973
848,25955,6974
943,25970,6975
911,25978,6976
690,25984,6977
687,25987,6978
694,25988,6979
452,25993,6980
782,25995,6981
859,26001,6982
511,26002,6983
947,26016,6984
694,26036,6985
5,26063,6986
413,26106,6987
857,26130,6988
947,26152,6989
1077,26176,6990
880,26207,6991
795,26208,6992
446,26209,6993
932,26224,6994
55,26226,6995
891,26227,6996
806,26233,6997
276,26234,6998
713,26237,6999
1039,26242,7000
464,26264,7001
344,26276,7002
912,26282,7003
87,26286,7004
565,26302,7005
623,26315,7006
513,26335,7007
711,26338,7008
27,26339,7009
560,26376,7010
572,26383,7011
355,26389,7012
204,26391,7013
176,26396,7014
87,26397,7015
1087,26400,7016
859,26401,7017
1057,26408,7018
55,26434,7019
1057,26458,7020
674,26462,7021
1116,26464,7022
511,26465,7023
565,26469,7024
1057,26474,7025
1021,26476,7026
623,26477,7027
468,26491,7028
711,26516,7029
511,26538,7030
743,26539,7031
830,26540,7032
688,26553,7033
1052,26586,7034
1057,26589,7035
511,26594,7036
387,26616,7037
456,26619,7038
711,26645,7039
56,26652,7040
989,26670,7041
565,26688,7042
1033,26716,7043
257,26721,7044
626,26732,7045
513,26752,7046
888,26755,7047
626,26761,7048
270,26783,7049
887,26789,7050
387,26812,7051
413,26832,7052
713,26838,7053
1039,26841,7054
243,26864,7055
27,26878,7056
748,26881,7057
511,26889,7058
1057,26938,7059
511,26948,7060
56,26963,7061
891,26977,7062
395,27012,7063
753,27016,7064
511,27035,7065
626,27066,7066
1077,27069,7067
711,27078,7068
464,27079,7069
511,27083,7070
830,27085,7071
711,27121,7072
200,27133,7073
511,27146,7074
456,27149,7075
711,27150,7076
56,27153,7077
1078,27157,7078
626,27182,7079
711,27208,7080
511,27213,7081
748,27214,7082
597,27215,7083
387,27218,7084
748,27220,7085
511,27221,7086
888,27232,7087
690,27235,7088
1040,27236,7089
133,27264,7090
87,27279,7091
395,27283,7092
713,27286,7093
598,27290,7094
1057,27305,7095
597,27315,7096
255,27327,7097
424,27338,7098
626,27340,7099
511,27341,7100
1112,27353,7101
782,27381,7102
718,27424,7103
56,27473,7104
162,27474,7105
907,27479,7106
413,27486,7107
344,27493,7108
713,27524,7109
464,27525,7110
690,27535,7111
623,27546,7112
103,27558,7113
468,27569,7114
711,27591,7115
387,27611,7116
651,27621,7117
824,27653,7118
626,27659,7119
424,27662,7120
471,27666,7121
748,27672,7122
694,27677,7123
1081,27687,7124
468,27707,7125
932,27716,7126
39,27731,7127
523,27733,7128
464,27738,7129
24,27739,7130
674,27741,7131
932,27744,7132
932,27748,7133
468,27751,7134
87,27757,7135
87,27789,7136
1081,27796,7137
782,27825,7138
880,27830,7139
626,27832,7140
750,27840,7141
257,27856,7142
749,27866,7143
947,27868,7144
888,27887,7145
1052,27889,7146
1039,27901,7147
688,27964,7148
70,27972,7149
803,27988,7150
874,28000,7151
292,28010,7152
911,28018,7153
511,28020,7154
413,28031,7155
880,28045,7156
743,28046,7157
782,28062,7158
511,28065,7159
874,28067,7160
626,28070,7161
713,28075,7162
748,28100,7163
118,28105,7164
665,28116,7165
452,28118,7166
932,28121,7167
383,28142,7168
597,28145,7169
344,28158,7170
560,28170,7171
932,28176,7172
597,28182,7173
511,28202,7174
468,28205,7175
713,28212,7176
891,28261,7177
880,28264,7178
63,28266,7179
748,28281,7180
711,28282,7181
343,28284,7182
511,28298,7183
427,28307,7184
626,28308,7185
782,28316,7186
932,28339,7187
772,28366,7188
675,28369,7189
565,28373,7190
711,28392,7191
1078,28398,7192
585,28399,7193
387,28402,7194
713,28403,7195
947,28413,7196
713,28428,7197
711,28431,7198
874,28456,7199
748,28461,7200
748,28497,7201
713,28519,7202
25,28534,7203
294,28562,7204
508,28563,7205
56,28567,7206
782,28571,7207
753,28586,7208
1039,28599,7209
168,28635,7210
161,28642,7211
24,28651,7212
511,28671,7213
932,28729,7214
1077,28754,7215
912,28762,7216
859,28766,7217
880,28788,7218
387,28799,7219
108,28827,7220
857,28831,7221
1039,28841,7222
413,28850,7223
859,28851,7224
748,28854,7225
162,28859,7226
874,28881,7227
932,28887,7228
511,28895,7229
626,28900,7230
162,28927,7231
468,28982,7232
257,29033,7233
511,29042,7234
748,29045,7235
623,29048,7236
1057,29050,7237
1057,29058,7238
1081,29060,7239
932,29066,7240
511,29083,7241
782,29145,7242
597,29150,7243
113,29178,7244
912,29181,7245
90,29206,7246
1039,29214,7247
711,29245,7248
880,29276,7249
395,29304,7250
1022,29317,7251
446,29354,7252
1116,29358,7253
387,29388,7254
176,29412,7255
880,29433,7256
255,29434,7257
468,29504,7258
711,29520,7259
782,29523,7260
464,29560,7261
356,29562,7262
511,29563,7263
431,29571,7264
718,29594,7265
932,29607,7266
1057,29612,7267
912,29626,7268
888,29641,7269
511,29679,7270
1077,29684,7271
1054,29689,7272
159,29695,7273
934,29713,7274
690,29730,7275
1078,29734,7276
597,29735,7277
298,29742,7278
464,29750,7279
395,29778,7280
257,29786,7281
292,29865,7282
513,29871,7283
887,29878,7284
463,29879,7285
1081,29894,7286
1078,29943,7287
87,29946,7288
464,29972,7289
597,29980,7290
230,29985,7291
932,29988,7292
53,29996,7293
490,29997,7294
377,30009,7295
565,30013,7296
713,30024,7297
932,30028,7298
511,30048,7299
511,30059,7300
468,30063,7301
912,30084,7302
597,30090,7303
891,30108,7304
1078,30122,7305
64,30123,7306
243,30137,7307
463,30149,7308
713,30180,7309
565,30203,7310
626,30206,7311
713,30212,7312
511,30216,7313
511,30218,7314
249,30220,7315
387,30221,7316
1081,30222,7317
645,30223,7318
405,30224,7319
511,30225,7320
989,30226,7321
1085,30227,7322
749,30228,7323
975,30229,7324
424,30230,7325
623,30231,7326
932,30232,7327
713,30233,7328
990,30234,7329
768,30235,7330
688,30236,7331
947,30237,7332
1086,30238,7333
1039,30239,7334
713,30240,7335
383,30241,7336
1099,30242,7337
387,30244,7338
880,30245,7339
179,30246,7340
702,30247,7341
995,30248,7342
864,30249,7343
257,30250,7344
265,30251,7345
663,30252,7346
646,30253,7347
547,30254,7348
1115,30255,7349
787,30256,7350
1055,30257,7351
217,30258,7352
995,30259,7353
565,30260,7354
1085,30261,7355
255,30262,7356
932,30263,7357
1081,30264,7358
874,30265,7359
230,30266,7360
230,30267,7361
511,30268,7362
1081,30269,7363
511,30270,7364
357,30271,7365
464,30272,7366
179,30273,7367
713,30274,7368
713,30275,7369
505,30276,7370
771,30277,7371
179,30278,7372
713,30280,7373
859,30281,7374
564,30282,7375
56,30283,7376
513,30285,7377
843,30286,7378
413,30287,7379
595,30288,7380
995,30289,7381
995,30290,7382
880,30291,7383
787,30292,7384
847,30293,7385
243,30294,7386
1014,30295,7387
387,30297,7388
222,30298,7389
330,30299,7390
330,30300,7391
880,30301,7392
511,30302,7393
452,30303,7394
805,30304,7395
277,30305,7396
694,30306,7397
722,30307,7398
713,30308,7399
1057,30309,7400
431,30310,7401
1039,30311,7402
257,30312,7403
713,30314,7404
27,30315,7405
694,30317,7406
472,30318,7407
713,30319,7408
24,30320,7409
786,30321,7410
387,30322,7411
626,30323,7412
282,30324,7413
1022,30325,7414
403,30326,7415
565,30327,7416
626,30328,7417
718,30329,7418
257,30331,7419
511,30332,7420
713,30333,7421
832,30334,7422
452,30335,7423
1063,30336,7424
428,30337,7425
694,30338,7426
129,30339,7427
694,30340,7428
718,30341,7429
470,30342,7430
626,30343,7431
626,30344,7432
547,30345,7433
767,30346,7434
133,30347,7435
932,30348,7436
782,30349,7437
782,30350,7438
685,30351,7439
626,30353,7440
387,30354,7441
713,30355,7442
615,30356,7443
545,30357,7444
901,30358,7445
217,30359,7446
932,30360,7447
474,30361,7448
179,30362,7449
947,30363,7450
1078,30364,7451
908,30365,7452
947,30366,7453
568,30367,7454
1083,30368,7455
874,30369,7456
1039,30370,7457
713,30371,7458
387,30373,7459
753,30374,7460
947,30375,7461
793,30376,7462
565,30377,7463
1077,30378,7464
947,30379,7465
466,30380,7466
168,30381,7467
496,30383,7468
1039,30384,7469
230,30385,7470
626,30386,7471
887,30387,7472
597,30388,7473
947,30389,7474
1116,30390,7475
662,30391,7476
381,30392,7477
1021,30393,7478
516,30394,7479
995,30395,7480
464,30396,7481
1100,30397,7482
667,30399,7483
203,30400,7484
762,30401,7485
456,30402,7486
390,30403,7487
722,30404,7488
132,30405,7489
387,30406,7490
511,30407,7491
387,30408,7492
72,30409,7493
646,30410,7494
516,30411,7495
599,30412,7496
694,30413,7497
623,30414,7498
405,30415,7499
538,30416,7500
565,30417,7501
167,30418,7502
713,30419,7503
782,30420,7504
633,30421,7505
1088,30422,7506
678,30423,7507
1077,30424,7508
379,30425,7509
1021,30427,7510
1106,30428,7511
387,30429,7512
273,30430,7513
989,30431,7514
718,30432,7515
713,30433,7516
762,30434,7517
56,30435,7518
1,30436,7519
72,30437,7520
828,30438,7521
965,30439,7522
1039,30440,7523
730,30441,7524
390,30442,7525
257,30443,7526
713,30444,7527
667,30445,7528
883,30446,7529
743,30447,7530
746,30448,7531
565,30449,7532
713,30450,7533
1018,30451,7534
473,30452,7535
880,30453,7536
743,30454,7537
1057,30455,7538
351,30456,7539
375,30457,7540
595,30458,7541
511,30459,7542
1039,30460,7543
257,30461,7544
597,30462,7545
1039,30463,7546
565,30464,7547
419,30465,7548
859,30466,7549
711,30467,7550
667,30468,7551
738,30469,7552
713,30470,7553
119,30471,7554
593,30473,7555
932,30474,7556
713,30475,7557
1039,30476,7558
120,30477,7559
713,30479,7560
1055,30480,7561
597,30481,7562
462,30482,7563
685,30483,7564
323,30484,7565
387,30485,7566
1103,30486,7567
511,30487,7568
527,30488,7569
626,30489,7570
1081,30490,7571
713,30491,7572
560,30492,7573
807,30493,7574
678,30494,7575
782,30495,7576
511,30496,7577
874,30497,7578
975,30498,7579
1099,30499,7580
782,30500,7581
564,30501,7582
597,30503,7583
597,30504,7584
560,30505,7585
880,30506,7586
960,30508,7587
737,30509,7588
413,30510,7589
1078,30511,7590
38,30512,7591
713,30513,7592
291,30514,7593
447,30515,7594
880,30516,7595
694,30517,7596
291,30518,7597
7,30519,7598
491,30520,7599
762,30521,7600
880,30522,7601
782,30523,7602
701,30524,7603
666,30525,7604
713,30526,7605
1103,30527,7606
47,30528,7607
387,30529,7608
1096,30530,7609
778,30531,7610
452,30532,7611
1000,30533,7612
403,30534,7613
1078,30535,7614
1065,30536,7615
565,30537,7616
565,30538,7617
565,30539,7618
463,30540,7619
1017,30541,7620
787,30543,7621
513,30544,7622
856,30545,7623
597,30546,7624
607,30547,7625
464,30548,7626
713,30549,7627
713,30550,7628
788,30551,7629
186,30552,7630
51,30553,7631
782,30554,7632
599,30555,7633
1077,30556,7634
1081,30557,7635
649,30558,7636
565,30559,7637
159,30560,7638
255,30561,7639
1057,30562,7640
722,30563,7641
711,30564,7642
468,30565,7643
207,30566,7644
932,30568,7645
464,30569,7646
303,30570,7647
609,30571,7648
713,30572,7649
713,30573,7650
8,30574,7651
8,30575,7652
1023,30576,7653
910,30577,7654
62,30578,7655
403,30579,7656
1022,30580,7657
233,30581,7658
1018,30582,7659
463,30583,7660
1077,30584,7661
1022,30585,7662
713,30586,7663
940,30588,7664
932,30589,7665
565,30590,7666
880,30591,7667
694,30592,7668
305,30593,7669
186,30595,7670
828,30596,7671
478,30597,7672
807,30598,7673
626,30599,7674
782,30600,7675
342,30601,7676
947,30602,7677
1021,30603,7678
713,30604,7679
747,30605,7680
351,30606,7681
1057,30607,7682
511,30608,7683
651,30609,7684
880,30610,7685
597,30611,7686
403,30612,7687
597,30613,7688
597,30614,7689
626,30615,7690
464,30616,7691
782,30617,7692
747,30618,7693
713,30619,7694
964,30620,7695
413,30621,7696
975,30622,7697
424,30623,7698
887,30624,7699
565,30625,7700
694,30626,7701
72,30627,7702
905,30628,7703
243,30629,7704
646,30630,7705
440,30631,7706
349,30632,7707
782,30633,7708
713,30634,7709
168,30635,7710
713,30636,7711
694,30637,7712
947,30639,7713
901,30640,7714
690,30641,7715
463,30642,7716
1022,30643,7717
667,30644,7718
932,30645,7719
947,30646,7720
985,30647,7721
56,30648,7722
162,30649,7723
964,30650,7724
694,30651,7725
560,30652,7726
911,30653,7727
782,30654,7728
859,30655,7729
513,30656,7730
992,30657,7731
643,30658,7732
427,30659,7733
405,30660,7734
560,30661,7735
673,30662,7736
713,30663,7737
623,30664,7738
851,30665,7739
964,30666,7740
1039,30667,7741
81,30668,7742
595,30669,7743
565,30670,7744
236,30671,7745
947,30672,7746
660,30673,7747
145,30674,7748
623,30675,7749
713,30677,7750
747,30678,7751
565,30679,7752
87,30680,7753
55,30681,7754
713,30682,7755
694,30684,7756
424,30685,7757
56,30686,7758
536,30687,7759
1081,30688,7760
291,30689,7761
887,30690,7762
55,30691,7763
313,30692,7764
932,30693,7765
55,30694,7766
599,30695,7767
651,30696,7768
313,30697,7769
606,30698,7770
579,30699,7771
511,30700,7772
1065,30701,7773
888,30702,7774
1077,30703,7775
888,30704,7776
582,30705,7777
718,30706,7778
623,30707,7779
597,30708,7780
880,30709,7781
582,30710,7782
560,30712,7783
1057,30713,7784
1055,30714,7785
564,30715,7786
567,30716,7787
645,30717,7788
667,30718,7789
405,30719,7790
56,30720,7791
812,30721,7792
387,30722,7793
511,30723,7794
344,30724,7795
859,30725,7796
257,30726,7797
356,30727,7798
56,30728,7799
413,30729,7800
947,30730,7801
947,30731,7802
964,30732,7803
743,30733,7804
713,30734,7805
257,30735,7806
1039,30736,7807
713,30737,7808
496,30738,7809
1013,30739,7810
623,30741,7811
1081,30742,7812
1022,30743,7813
874,30744,7814
626,30745,7815
816,30746,7816
713,30747,7817
1030,30748,7818
947,30749,7819
597,30750,7820
413,30751,7821
782,30752,7822
505,30753,7823
79,30754,7824
722,30755,7825
1022,30756,7826
55,30757,7827
711,30758,7828
554,30759,7829
1081,30760,7830
874,30762,7831
932,30763,7832
452,30764,7833
413,30765,7834
743,30766,7835
953,30767,7836
874,30768,7837
1039,30769,7838
403,30770,7839
1039,30771,7840
228,30772,7841
1021,30773,7842
162,30774,7843
161,30775,7844
186,30776,7845
560,30777,7846
713,30778,7847
1007,30779,7848
771,30780,7849
887,30781,7850
511,30782,7851
713,30783,7852
255,30784,7853
56,30785,7854
932,30786,7855
626,30787,7856
1039,30788,7857
413,30789,7858
1057,30790,7859
87,30791,7860
713,30792,7861
995,30793,7862
323,30794,7863
480,30795,7864
452,30796,7865
380,30797,7866
496,30798,7867
1087,30799,7868
565,30800,7869
340,30801,7870
713,30802,7871
947,30803,7872
516,30804,7873
722,30806,7874
595,30807,7875
359,30808,7876
224,30809,7877
667,30810,7878
694,30811,7879
387,30812,7880
373,30813,7881
513,30814,7882
932,30815,7883
31,30816,7884
31,30817,7885
597,30819,7886
713,30820,7887
243,30821,7888
713,30822,7889
387,30823,7890
565,30824,7891
424,30825,7892
991,30826,7893
932,30827,7894
255,30828,7895
1057,30829,7896
1077,30830,7897
1056,30831,7898
782,30832,7899
413,30833,7900
859,30834,7901
713,30835,7902
932,30836,7903
887,30837,7904
257,30838,7905
713,30839,7906
464,30840,7907
897,30842,7908
607,30843,7909
1039,30844,7910
587,30845,7911
244,30846,7912
947,30847,7913
694,30848,7914
1080,30849,7915
511,30850,7916
272,30852,7917
981,30853,7918
543,30854,7919
1039,30855,7920
505,30856,7921
722,30857,7922
1081,30858,7923
511,30859,7924
1082,30860,7925
1039,30861,7926
782,30862,7927
482,30863,7928
407,30864,7929
511,30865,7930
1022,30866,7931
56,30867,7932
947,30868,7933
932,30869,7934
1008,30871,7935
452,30872,7936
214,30873,7937
1116,30874,7938
255,30875,7939
1078,30876,7940
1023,30877,7941
667,30878,7942
743,30879,7943
1077,30880,7944
1022,30881,7945
771,30882,7946
511,30883,7947
771,30884,7948
609,30885,7949
553,30886,7950
1077,30887,7951
55,30888,7952
1039,30889,7953
713,30891,7954
1039,30892,7955
261,30893,7956
782,30894,7957
626,30895,7958
1016,30896,7959
1118,30897,7960
652,30898,7961
667,30899,7962
874,30900,7963
564,30901,7964
667,30902,7965
992,30903,7966
230,30904,7967
387,30905,7968
746,30906,7969
565,30907,7970
1081,30908,7971
1081,30909,7972
482,30910,7973
711,30911,7974
251,30912,7975
782,30913,7976
1116,30914,7977
713,30915,7978
512,30916,7979
1055,30917,7980
1027,30918,7981
313,30919,7982
428,30920,7983
24,30921,7984
782,30922,7985
932,30923,7986
582,30924,7987
713,30925,7988
888,30926,7989
888,30927,7990
597,30928,7991
390,30929,7992
179,30930,7993
161,30931,7994
349,30932,7995
626,30933,7996
651,30934,7997
626,30935,7998
87,30937,7999
413,30938,8000
713,30939,8001
255,30940,8002
56,30941,8003
932,30942,8004
753,30943,8005
932,30944,8006
27,30945,8007
597,30946,8008
713,30947,8009
1085,30948,8010
805,30949,8011
762,30950,8012
511,30951,8013
991,30952,8014
859,30953,8015
742,30954,8016
888,30955,8017
194,30956,8018
722,30957,8019
947,30958,8020
953,30959,8021
230,30961,8022
1116,30962,8023
300,30963,8024
880,30964,8025
597,30965,8026
595,30966,8027
782,30967,8028
480,30968,8029
1078,30969,8030
275,30970,8031
186,30971,8032
651,30972,8033
398,30973,8034
560,30974,8035
1083,30975,8036
597,30976,8037
713,30977,8038
344,30978,8039
1057,30979,8040
626,30980,8041
782,30982,8042
1077,30983,8043
932,30984,8044
1081,30985,8045
866,30986,8046
626,30987,8047
511,30988,8048
859,30989,8049
897,30990,8050
932,30991,8051
565,30992,8052
135,30993,8053
521,30994,8054
1033,30995,8055
859,30996,8056
424,30997,8057
713,30998,8058
464,30999,8059
511,31000,8060
782,31001,8061
771,31002,8062
626,31003,8063
698,31004,8064
538,31005,8065
713,31006,8066
874,31007,8067
932,31008,8068
762,31009,8069
794,31010,8070
1077,31012,8071
880,31013,8072
824,31014,8073
947,31015,8074
373,31016,8075
496,31017,8076
1039,31019,8077
424,31020,8078
389,31021,8079
233,31022,8080
463,31023,8081
511,31024,8082
232,31025,8083
71,31026,8084
564,31027,8085
387,31028,8086
511,31029,8087
1087,31030,8088
463,31031,8089
153,31032,8090
511,31033,8091
207,31034,8092
711,31035,8093
887,31036,8094
651,31037,8095
1078,31038,8096
1039,31039,8097
651,31040,8098
291,31041,8099
880,31042,8100
565,31043,8101
964,31044,8102
1081,31045,8103
511,31046,8104
315,31047,8105
303,31048,8106
1039,31049,8107
713,31050,8108
186,31051,8109
255,31052,8110
255,31053,8111
797,31054,8112
743,31056,8113
77,31057,8114
511,31058,8115
511,31059,8116
847,31060,8117
513,31061,8118
505,31063,8119
468,31064,8120
713,31065,8121
79,31066,8122
532,31067,8123
623,31068,8124
79,31069,8125
1,31070,8126
773,31071,8127
468,31073,8128
713,31074,8129
511,31075,8130
255,31076,8131
1022,31077,8132
713,31078,8133
352,31079,8134
516,31080,8135
422,31081,8136
743,31082,8137
1116,31083,8138
880,31084,8139
917,31085,8140
332,31086,8141
513,31087,8142
713,31088,8143
507,31089,8144
162,31090,8145
964,31091,8146
623,31092,8147
626,31093,8148
753,31094,8149
1078,31096,8150
1077,31097,8151
564,31098,8152
343,31099,8153
528,31100,8154
713,31102,8155
1118,31103,8156
547,31104,8157
511,31105,8158
887,31106,8159
1116,31107,8160
176,31108,8161
932,31109,8162
511,31110,8163
713,31112,8164
730,31113,8165
985,31114,8166
56,31115,8167
782,31116,8168
176,31117,8169
349,31118,8170
136,31119,8171
255,31120,8172
203,31121,8173
991,31122,8174
782,31123,8175
725,31124,8176
1039,31125,8177
1085,31126,8178
324,31127,8179
512,31128,8180
162,31129,8181
1039,31130,8182
782,31132,8183
1105,31133,8184
960,31134,8185
546,31135,8186
1055,31136,8187
395,31137,8188
626,31138,8189
530,31139,8190
364,31140,8191
1077,31142,8192
713,31143,8193
1081,31144,8194
493,31145,8195
1078,31146,8196
1006,31147,8197
346,31148,8198
713,31149,8199
452,31150,8200
179,31151,8201
1085,31152,8202
222,31153,8203
888,31154,8204
468,31155,8205
802,31156,8206
464,31157,8207
24,31158,8208
713,31159,8209
181,31160,8210
178,31161,8211
1065,31162,8212
971,31164,8213
313,31165,8214
511,31166,8215
720,31167,8216
511,31168,8217
662,31169,8218
347,31170,8219
511,31171,8220
750,31172,8221
413,31173,8222
406,31174,8223
597,31175,8224
1039,31176,8225
217,31177,8226
597,31178,8227
230,31179,8228
405,31180,8229
56,31181,8230
464,31182,8231
626,31183,8232
230,31184,8233
880,31185,8234
1039,31186,8235
782,31188,8236
623,31189,8237
630,31190,8238
713,31191,8239
626,31192,8240
626,31193,8241
1022,31194,8242
932,31195,8243
832,31196,8244
196,31197,8245
452,31198,8246
137,31199,8247
257,31200,8248
230,31201,8249
463,31202,8250
932,31203,8251
1077,31204,8252
713,31205,8253
883,31206,8254
999,31207,8255
1065,31208,8256
1039,31209,8257
367,31210,8258
511,31211,8259
305,31212,8260
1057,31213,8261
516,31214,8262
413,31216,8263
773,31217,8264
471,31218,8265
964,31219,8266
230,31220,8267
1014,31221,8268
55,31222,8269
513,31223,8270
626,31224,8271
888,31225,8272
101,31226,8273
713,31228,8274
511,31229,8275
713,31230,8276
1039,31231,8277
255,31232,8278
444,31234,8279
595,31235,8280
155,31237,8281
24,31238,8282
651,31239,8283
854,31241,8284
565,31242,8285
186,31243,8286
1078,31244,8287
1022,31245,8288
1007,31246,8289
565,31247,8290
255,31248,8291
757,31249,8292
288,31250,8293
597,31252,8294
1039,31253,8295
921,31254,8296
207,31255,8297
713,31256,8298
597,31257,8299
511,31258,8300
713,31259,8301
934,31260,8302
87,31261,8303
806,31262,8304
547,31263,8305
713,31264,8306
713,31265,8307
713,31266,8308
866,31267,8309
750,31269,8310
403,31270,8311
943,31271,8312
713,31272,8313
1022,31273,8314
859,31274,8315
694,31275,8316
805,31276,8317
866,31277,8318
1032,31278,8319
932,31279,8320
413,31280,8321
87,31281,8322
614,31283,8323
713,31284,8324
674,31285,8325
859,31286,8326
511,31287,8327
565,31288,8328
560,31289,8329
87,31290,8330
452,31291,8331
463,31292,8332
623,31293,8333
599,31294,8334
1039,31295,8335
713,31296,8336
464,31297,8337
964,31298,8338
24,31299,8339
887,31300,8340
713,31301,8341
597,31302,8342
511,31303,8343
538,31304,8344
626,31305,8345
711,31306,8346
511,31307,8347
1077,31308,8348
743,31309,8349
694,31310,8350
555,31311,8351
778,31312,8352
538,31313,8353
1048,31314,8354
405,31315,8355
1081,31316,8356
782,31317,8357
932,31318,8358
605,31319,8359
597,31320,8360
90,31321,8361
837,31323,8362
870,31324,8363
626,31325,8364
598,31326,8365
1021,31327,8366
859,31329,8367
1039,31330,8368
782,31331,8369
478,31332,8370
750,31333,8371
463,31334,8372
718,31335,8373
260,31336,8374
626,31337,8375
511,31338,8376
626,31340,8377
1087,31341,8378
1043,31342,8379
186,31343,8380
1063,31344,8381
1077,31345,8382
387,31346,8383
802,31347,8384
89,31348,8385
292,31349,8386
642,31350,8387
718,31351,8388
1077,31352,8389
947,31353,8390
395,31354,8391
511,31356,8392
452,31357,8393
626,31358,8394
1039,31359,8395
72,31360,8396
1077,31361,8397
991,31362,8398
345,31363,8399
105,31364,8400
464,31365,8401
257,31366,8402
947,31367,8403
713,31368,8404
947,31369,8405
355,31370,8406
713,31371,8407
694,31372,8408
584,31373,8409
1078,31374,8410
713,31375,8411
115,31376,8412
224,31377,8413
600,31378,8414
405,31379,8415
1022,31380,8416
255,31381,8417
898,31382,8418
1100,31383,8419
88,31384,8420
1057,31385,8421
782,31387,8422
437,31388,8423
694,31389,8424
713,31390,8425
56,31391,8426
713,31392,8427
1039,31393,8428
199,31394,8429
782,31395,8430
351,31396,8431
782,31397,8432
690,31398,8433
292,31399,8434
609,31400,8435
887,31401,8436
959,31402,8437
782,31403,8438
387,31404,8439
464,31405,8440
1009,31406,8441
402,31407,8442
230,31408,8443
626,31409,8444
226,31410,8445
859,31411,8446
947,31412,8447
1088,31413,8448
243,31414,8449
326,31415,8450
1039,31416,8451
802,31417,8452
1022,31418,8453
109,31419,8454
859,31420,8455
24,31421,8456
387,31422,8457
219,31423,8458
186,31424,8459
725,31425,8460
255,31426,8461
313,31427,8462
827,31428,8463
527,31429,8464
594,31430,8465
1078,31431,8466
1081,31432,8467
1078,31433,8468
667,31434,8469
387,31435,8470
511,31436,8471
667,31437,8472
186,31438,8473
1039,31439,8474
1088,31440,8475
597,31441,8476
597,31442,8477
316,31443,8478
1088,31444,8479
713,31445,8480
511,31446,8481
932,31447,8482
565,31448,8483
832,31449,8484
257,31450,8485
599,31451,8486
564,31452,8487
964,31453,8488
230,31454,8489
932,31455,8490
947,31456,8491
754,31457,8492
1116,31458,8493
1039,31459,8494
1081,31460,8495
24,31461,8496
87,31462,8497
405,31463,8498
1081,31464,8499
953,31465,8500
1035,31466,8501
822,31467,8502
445,31468,8503
332,31469,8504
738,31470,8505
1022,31471,8506
711,31472,8507
464,31473,8508
847,31474,8509
429,31475,8510
564,31476,8511
1039,31477,8512
718,31478,8513
413,31479,8514
947,31480,8515
305,31481,8516
1039,31482,8517
375,31483,8518
313,31484,8519
1057,31485,8520
257,31486,8521
598,31487,8522
1077,31488,8523
1077,31489,8524
651,31490,8525
505,31491,8526
713,31493,8527
1039,31494,8528
1081,31495,8529
626,31496,8530
932,31497,8531
694,31498,8532
1007,31499,8533
782,31500,8534
597,31502,8535
565,31503,8536
1116,31504,8537
387,31505,8538
413,31507,8539
668,31508,8540
1081,31509,8541
597,31510,8542
1085,31511,8543
713,31512,8544
947,31513,8545
428,31514,8546
582,31515,8547
509,31516,8548
947,31517,8549
626,31518,8550
898,31519,8551
1057,31520,8552
255,31521,8553
722,31522,8554
511,31523,8555
854,31524,8556
943,31525,8557
667,31526,8558
322,31527,8559
507,31528,8560
1081,31529,8561
623,31530,8562
207,31531,8563
375,31532,8564
1039,31533,8565
170,31534,8566
771,31535,8567
582,31536,8568
471,31537,8569
651,31538,8570
57,31539,8571
233,31540,8572
623,31541,8573
24,31542,8574
1056,31543,8575
713,31544,8576
671,31545,8577
947,31546,8578
405,31547,8579
565,31548,8580
713,31549,8581
24,31550,8582
626,31551,8583
1101,31552,8584
522,31553,8585
159,31554,8586
316,31555,8587
582,31556,8588
713,31557,8589
742,31558,8590
255,31559,8591
387,31560,8592
186,31561,8593
713,31562,8594
179,31563,8595
1057,31564,8596
511,31565,8597
257,31566,8598
742,31567,8599
349,31568,8600
1057,31569,8601
313,31570,8602
505,31571,8603
741,31572,8604
349,31573,8605
56,31574,8606
4,31575,8607
1085,31576,8608
874,31577,8609
560,31578,8610
859,31579,8611
513,31581,8612
722,31582,8613
713,31583,8614
231,31584,8615
565,31585,8616
595,31586,8617
357,31587,8618
1078,31588,8619
24,31589,8620
230,31590,8621
602,31591,8622
595,31592,8623
635,31593,8624
651,31594,8625
1087,31595,8626
964,31596,8627
932,31597,8628
405,31598,8629
1081,31599,8630
1107,31600,8631
1039,31601,8632
782,31603,8633
1022,31604,8634
313,31605,8635
405,31606,8636
185,31607,8637
713,31608,8638
387,31609,8639
1057,31610,8640
293,31611,8641
905,31612,8642
511,31613,8643
960,31614,8644
947,31615,8645
713,31616,8646
953,31617,8647
1007,31618,8648
1062,31619,8649
626,31620,8650
713,31621,8651
646,31622,8652
597,31623,8653
148,31624,8654
713,31625,8655
565,31626,8656
991,31627,8657
713,31628,8658
753,31629,8659
623,31630,8660
874,31631,8661
932,31632,8662
71,31633,8663
597,31634,8664
674,31635,8665
513,31636,8666
947,31638,8667
230,31639,8668
34,31640,8669
361,31641,8670
464,31642,8671
626,31643,8672
565,31644,8673
373,31645,8674
642,31646,8675
176,31647,8676
565,31648,8677
75,31649,8678
387,31650,8679
387,31651,8680
778,31652,8681
805,31653,8682
947,31654,8683
660,31655,8684
392,31656,8685
464,31657,8686
667,31658,8687
888,31659,8688
932,31660,8689
626,31661,8690
218,31662,8691
713,31663,8692
56,31664,8693
1081,31665,8694
932,31666,8695
1057,31667,8696
565,31668,8697
157,31669,8698
155,31670,8699
897,31671,8700
568,31672,8701
623,31673,8702
694,31676,8703
947,31677,8704
947,31678,8705
583,31679,8706
626,31680,8707
257,31681,8708
507,31682,8709
155,31683,8710
387,31684,8711
255,31685,8712
564,31686,8713
480,31687,8714
713,31688,8715
316,31689,8716
713,31690,8717
905,31691,8718
161,31692,8719
644,31693,8720
667,31694,8721
782,31695,8722
198,31696,8723
854,31697,8724
1057,31698,8725
595,31699,8726
509,31700,8727
932,31701,8728
1104,31702,8729
392,31703,8730
1081,31704,8731
511,31705,8732
782,31706,8733
595,31707,8734
778,31708,8735
1116,31709,8736
548,31710,8737
857,31711,8738
947,31712,8739
674,31713,8740
399,31714,8741
103,31715,8742
859,31716,8743
569,31717,8744
1086,31718,8745
1087,31719,8746
1087,31720,8747
1086,31721,8748
626,31722,8749
385,31723,8750
564,31724,8751
713,31725,8752
424,31726,8753
626,31727,8754
1078,31728,8755
897,31729,8756
718,31730,8757
856,31731,8758
718,31732,8759
155,31734,8760
355,31735,8761
237,31736,8762
115,31737,8763
932,31738,8764
905,31739,8765
71,31740,8766
782,31741,8767
355,31742,8768
694,31743,8769
565,31744,8770
405,31745,8771
857,31746,8772
27,31747,8773
413,31748,8774
496,31749,8775
975,31750,8776
1039,31751,8777
72,31752,8778
230,31753,8779
560,31754,8780
651,31755,8781
179,31756,8782
104,31758,8783
565,31759,8784
597,31760,8785
713,31761,8786
483,31762,8787
932,31763,8788
468,31764,8789
713,31765,8790
713,31766,8791
268,31767,8792
932,31768,8793
932,31769,8794
597,31770,8795
859,31771,8796
511,31772,8797
1077,31773,8798
749,31774,8799
718,31775,8800
960,31776,8801
960,31777,8802
1039,31778,8803
56,31779,8804
1077,31780,8805
1087,31781,8806
713,31782,8807
1081,31783,8808
623,31784,8809
771,31785,8810
1081,31786,8811
859,31787,8812
626,31788,8813
255,31789,8814
597,31790,8815
266,31791,8816
292,31792,8817
1014,31793,8818
506,31794,8819
1077,31795,8820
782,31796,8821
1039,31797,8822
1039,31798,8823
834,31799,8824
316,31800,8825
273,31801,8826
568,31802,8827
718,31803,8828
257,31804,8829
326,31805,8830
1078,31806,8831
1081,31807,8832
1039,31808,8833
1091,31809,8834
880,31810,8835
463,31811,8836
257,31812,8837
191,31813,8838
713,31814,8839
1057,31815,8840
303,31816,8841
565,31817,8842
511,31818,8843
856,31819,8844
1039,31820,8845
505,31821,8846
375,31822,8847
133,31823,8848
513,31824,8849
40,31825,8850
932,31826,8851
667,31827,8852
667,31828,8853
623,31829,8854
1087,31830,8855
660,31831,8856
168,31832,8857
164,31833,8858
186,31834,8859
511,31835,8860
94,31836,8861
1081,31837,8862
743,31838,8863
1088,31839,8864
880,31840,8865
542,31841,8866
71,31842,8867
323,31843,8868
323,31844,8869
995,31845,8870
597,31847,8871
713,31848,8872
1111,31849,8873
597,31850,8874
713,31851,8875
875,31852,8876
566,31853,8877
1087,31854,8878
1087,31855,8879
1087,31856,8880
511,31857,8881
660,31858,8882
884,31859,8883
646,31860,8884
527,31861,8885
807,31862,8886
782,31863,8887
932,31864,8888
539,31865,8889
313,31866,8890
24,31867,8891
975,31868,8892
932,31869,8893
24,31870,8894
511,31871,8895
511,31872,8896
753,31873,8897
932,31874,8898
511,31875,8899
1039,31876,8900
905,31877,8901
1057,31878,8902
859,31879,8903
405,31880,8904
399,31881,8905
713,31882,8906
667,31883,8907
387,31884,8908
207,31885,8909
738,31886,8910
355,31887,8911
748,31888,8912
424,31889,8913
116,31890,8914
1085,31891,8915
352,31892,8916
255,31893,8917
1085,31894,8918
912,31895,8919
947,31896,8920
161,31897,8921
511,31898,8922
1085,31899,8923
1039,31900,8924
1055,31901,8925
247,31902,8926
1,31903,8927
511,31904,8928
932,31905,8929
947,31906,8930
1088,31907,8931
56,31908,8932
413,31909,8933
115,31910,8934
1086,31911,8935
565,31912,8936
623,31913,8937
482,31915,8938
230,31916,8939
932,31917,8940
319,31918,8941
405,31919,8942
1033,31920,8943
511,31921,8944
1114,31922,8945
626,31923,8946
565,31924,8947
874,31925,8948
947,31926,8949
1078,31927,8950
947,31928,8951
713,31929,8952
964,31930,8953
880,31931,8954
725,31932,8955
626,31933,8956
105,31934,8957
568,31935,8958
496,31936,8959
1039,31937,8960
694,31938,8961
564,31939,8962
405,31940,8963
626,31941,8964
718,31942,8965
684,31943,8966
711,31944,8967
568,31945,8968
1018,31946,8969
859,31947,8970
482,31948,8971
753,31949,8972
663,31950,8973
565,31951,8974
56,31952,8975
905,31953,8976
943,31954,8977
932,31956,8978
964,31957,8979
123,31958,8980
748,31959,8981
1078,31960,8982
511,31961,8983
1101,31962,8984
782,31963,8985
947,31964,8986
964,31965,8987
1081,31966,8988
763,31967,8989
738,31968,8990
713,31969,8991
217,31970,8992
1055,31971,8993
511,31972,8994
713,31973,8995
874,31974,8996
1,31975,8997
690,31977,8998
888,31978,8999
510,31979,9000
537,31980,9001
413,31981,9002
24,31982,9003
771,31983,9004
1039,31984,9005
452,31985,9006
711,31986,9007
802,31987,9008
912,31988,9009
424,31989,9010
722,31990,9011
1116,31991,9012
345,31992,9013
413,31993,9014
1057,31995,9015
29,31996,9016
375,31997,9017
713,31998,9018
1022,31999,9019
749,32000,9020
511,32001,9021
932,32002,9022
277,32003,9023
782,32004,9024
802,32006,9025
597,32007,9026
597,32008,9027
595,32009,9028
597,32010,9029
341,32011,9030
936,32012,9031
255,32013,9032
257,32015,9033
713,32017,9034
1077,32018,9035
1081,32019,9036
176,32020,9037
599,32021,9038
257,32022,9039
1022,32023,9040
778,32024,9041
230,32025,9042
245,32026,9043
626,32027,9044
857,32028,9045
713,32029,9046
513,32030,9047
565,32031,9048
880,32032,9049
480,32033,9050
345,32034,9051
50,32035,9052
564,32036,9053
708,32037,9054
975,32038,9055
964,32039,9056
1057,32040,9057
452,32041,9058
748,32042,9059
1022,32043,9060
452,32044,9061
1077,32045,9062
511,32046,9063
713,32047,9064
161,32048,9065
250,32049,9066
848,32050,9067
27,32051,9068
286,32052,9069
255,32053,9070
905,32054,9071
28,32055,9072
387,32056,9073
55,32057,9074
880,32059,9075
565,32060,9076
144,32061,9077
1116,32062,9078
743,32063,9079
565,32064,9080
694,32066,9081
344,32068,9082
771,32069,9083
323,32070,9084
257,32071,9085
257,32072,9086
257,32073,9087
354,32074,9088
932,32075,9089
694,32076,9090
694,32077,9091
1082,32078,9092
750,32079,9093
934,32080,9094
1021,32081,9095
452,32082,9096
1039,32083,9097
888,32085,9098
1116,32086,9099
24,32087,9100
901,32088,9101
742,32089,9102
24,32090,9103
597,32091,9104
261,32092,9105
1022,32093,9106
953,32094,9107
327,32095,9108
771,32096,9109
1087,32097,9110
873,32098,9111
186,32099,9112
452,32100,9113
1007,32101,9114
713,32102,9115
713,32103,9116
257,32104,9117
452,32105,9118
79,32106,9119
782,32107,9120
511,32109,9121
1077,32111,9122
468,32112,9123
836,32113,9124
947,32114,9125
295,32115,9126
674,32116,9127
1093,32117,9128
257,32119,9129
807,32120,9130
405,32121,9131
713,32122,9132
934,32123,9133
887,32125,9134
405,32127,9135
323,32128,9136
527,32129,9137
1039,32131,9138
710,32132,9139
59,32133,9140
355,32134,9141
505,32135,9142
698,32136,9143
1078,32137,9144
72,32138,9145
617,32139,9146
509,32140,9147
565,32141,9148
713,32142,9149
713,32143,9150
694,32144,9151
1039,32145,9152
880,32146,9153
476,32147,9154
597,32148,9155
397,32149,9156
713,32150,9157
713,32151,9158
1039,32152,9159
1039,32153,9160
713,32154,9161
1022,32155,9162
521,32156,9163
255,32157,9164
713,32158,9165
255,32159,9166
964,32160,9167
511,32161,9168
179,32162,9169
597,32163,9170
991,32164,9171
986,32165,9172
452,32166,9173
626,32167,9174
713,32168,9175
998,32169,9176
255,32170,9177
564,32171,9178
387,32172,9179
452,32173,9180
597,32174,9181
387,32175,9182
216,32176,9183
995,32177,9184
947,32179,9185
911,32180,9186
243,32181,9187
526,32182,9188
718,32183,9189
56,32185,9190
1101,32186,9191
1086,32187,9192
565,32188,9193
947,32189,9194
694,32190,9195
812,32191,9196
593,32192,9197
776,32193,9198
880,32194,9199
1078,32195,9200
1039,32196,9201
954,32197,9202
24,32198,9203
597,32201,9204
230,32202,9205
1039,32203,9206
387,32204,9207
565,32205,9208
405,32206,9209
424,32207,9210
452,32208,9211
24,32209,9212
565,32210,9213
932,32211,9214
711,32212,9215
782,32214,9216
557,32215,9217
645,32216,9218
230,32217,9219
880,32218,9220
711,32219,9221
713,32220,9222
424,32221,9223
839,32222,9224
891,32223,9225
225,32224,9226
1088,32225,9227
387,32226,9228
626,32227,9229
932,32228,9230
89,32229,9231
932,32230,9232
316,32231,9233
1085,32232,9234
887,32233,9235
750,32234,9236
857,32235,9237
511,32236,9238
511,32237,9239
482,32238,9240
1039,32239,9241
1039,32240,9242
405,32241,9243
713,32242,9244
888,32243,9245
771,32244,9246
811,32245,9247
1039,32246,9248
993,32247,9249
230,32248,9250
947,32249,9251
843,32250,9252
162,32251,9253
507,32252,9254
261,32253,9255
623,32254,9256
323,32255,9257
424,32256,9258
1088,32257,9259
749,32258,9260
713,32259,9261
626,32260,9262
626,32261,9263
24,32262,9264
565,32263,9265
408,32264,9266
1078,32265,9267
511,32266,9268
511,32267,9269
565,32269,9270
932,32270,9271
900,32271,9272
216,32272,9273
932,32273,9274
1039,32274,9275
905,32275,9276
1116,32276,9277
975,32277,9278
947,32278,9279
713,32279,9280
255,32280,9281
1039,32281,9282
231,32282,9283
482,32283,9284
24,32284,9285
527,32285,9286
1022,32286,9287
230,32287,9288
257,32288,9289
782,32289,9290
856,32290,9291
912,32291,9292
413,32292,9293
991,32293,9294
642,32295,9295
1051,32296,9296
713,32297,9297
568,32298,9298
748,32299,9299
626,32300,9300
255,32301,9301
597,32302,9302
283,32303,9303
810,32304,9304
1077,32305,9305
257,32306,9306
650,32307,9307
713,32308,9308
660,32309,9309
1081,32310,9310
947,32311,9311
694,32312,9312
694,32313,9313
387,32314,9314
1,32315,9315
511,32316,9316
1039,32317,9317
379,32318,9318
568,32319,9319
316,32320,9320
582,32322,9321
464,32323,9322
932,32324,9323
753,32325,9324
713,32326,9325
678,32327,9326
217,32329,9327
179,32330,9328
626,32331,9329
355,32332,9330
713,32333,9331
624,32334,9332
989,32335,9333
255,32336,9334
713,32337,9335
713,32338,9336
774,32339,9337
713,32340,9338
805,32341,9339
713,32342,9340
626,32343,9341
305,32344,9342
932,32345,9343
87,32347,9344
1078,32348,9345
806,32349,9346
387,32350,9347
947,32351,9348
947,32352,9349
947,32353,9350
932,32354,9351
848,32355,9352
782,32356,9353
784,32357,9354
246,32358,9355
413,32359,9356
1099,32360,9357
932,32361,9358
888,32362,9359
403,32363,9360
947,32365,9361
56,32366,9362
1014,32367,9363
713,32368,9364
510,32369,9365
355,32370,9366
148,32371,9367
452,32372,9368
507,32373,9369
888,32374,9370
847,32375,9371
424,32376,9372
287,32377,9373
694,32378,9374
375,32379,9375
1116,32380,9376
582,32381,9377
713,32382,9378
597,32383,9379
387,32384,9380
694,32385,9381
847,32386,9382
953,32389,9383
1022,32390,9384
874,32391,9385
774,32392,9386
203,32393,9387
456,32394,9388
1032,32395,9389
388,32396,9390
747,32397,9391
1039,32398,9392
257,32399,9393
1077,32400,9394
511,32401,9395
857,32402,9396
1087,32403,9397
840,32404,9398
90,32405,9399
964,32406,9400
121,32407,9401
111,32408,9402
713,32409,9403
512,32411,9404
323,32412,9405
856,32413,9406
1069,32414,9407
859,32415,9408
305,32416,9409
694,32417,9410
413,32418,9411
642,32419,9412
1051,32420,9413
944,32421,9414
1022,32422,9415
392,32423,9416
1057,32424,9417
953,32426,9418
572,32427,9419
564,32428,9420
626,32429,9421
713,32430,9422
1081,32431,9423
667,32432,9424
1039,32433,9425
1081,32434,9426
713,32435,9427
511,32436,9428
731,32437,9429
229,32438,9430
547,32439,9431
270,32440,9432
749,32441,9433
1022,32442,9434
1077,32443,9435
239,32444,9436
38,32445,9437
1051,32446,9438
711,32447,9439
1067,32448,9440
713,32449,9441
713,32450,9442
597,32451,9443
1022,32452,9444
651,32453,9445
468,32454,9446
880,32455,9447
207,32456,9448
718,32457,9449
597,32458,9450
230,32459,9451
511,32460,9452
713,32461,9453
722,32462,9454
1099,32463,9455
713,32464,9456
413,32465,9457
713,32466,9458
1081,32467,9459
887,32468,9460
413,32469,9461
667,32470,9462
471,32471,9463
947,32472,9464
725,32473,9465
1081,32474,9466
995,32475,9467
880,32476,9468
1039,32477,9469
626,32478,9470
832,32479,9471
626,32480,9472
626,32481,9473
480,32482,9474
511,32483,9475
1058,32484,9476
101,32485,9477
464,32486,9478
179,32487,9479
21,32488,9480
1039,32489,9481
1116,32490,9482
405,32491,9483
511,32492,9484
373,32493,9485
713,32494,9486
413,32495,9487
562,32496,9488
257,32497,9489
516,32498,9490
743,32499,9491
1077,32500,9492
597,32501,9493
947,32502,9494
858,32503,9495
344,32504,9496
393,32505,9497
1077,32506,9498
1100,32507,9499
424,32508,9500
970,32509,9501
713,32510,9502
651,32512,9503
662,32514,9504
1039,32515,9505
1039,32516,9506
511,32517,9507
24,32518,9508
1116,32519,9509
597,32520,9510
607,32521,9511
1116,32522,9512
186,32523,9513
749,32524,9514
24,32525,9515
186,32526,9516
513,32527,9517
599,32528,9518
651,32529,9519
395,32530,9520
887,32531,9521
109,32532,9522
874,32533,9523
186,32534,9524
654,32535,9525
610,32536,9526
372,32537,9527
897,32538,9528
395,32539,9529
618,32540,9530
405,32541,9531
296,32542,9532
452,32543,9533
623,32544,9534
932,32545,9535
230,32546,9536
463,32547,9537
1087,32548,9538
782,32549,9539
888,32550,9540
744,32551,9541
870,32552,9542
626,32553,9543
413,32554,9544
1039,32555,9545
496,32556,9546
1057,32557,9547
256,32558,9548
651,32559,9549
994,32560,9550
996,32561,9551
771,32562,9552
713,32563,9553
713,32564,9554
1007,32565,9555
1077,32566,9556
413,32567,9557
387,32568,9558
527,32569,9559
713,32570,9560
932,32571,9561
782,32572,9562
257,32573,9563
718,32574,9564
980,32575,9565
57,32576,9566
1039,32577,9567
1088,32578,9568
932,32579,9569
513,32580,9570
719,32581,9571
405,32582,9572
597,32583,9573
880,32584,9574
597,32586,9575
313,32587,9576
417,32588,9577
511,32589,9578
207,32590,9579
607,32591,9580
387,32592,9581
972,32593,9582
528,32594,9583
713,32595,9584
565,32596,9585
713,32597,9586
511,32598,9587
1085,32599,9588
993,32600,9589
577,32601,9590
947,32602,9591
568,32603,9592
782,32604,9593
595,32605,9594
597,32606,9595
595,32607,9596
597,32608,9597
597,32609,9598
597,32610,9599
597,32611,9600
1022,32612,9601
1055,32613,9602
912,32614,9603
155,32615,9604
1085,32616,9605
597,32617,9606
626,32618,9607
705,32619,9608
1081,32620,9609
824,32621,9610
638,32622,9611
264,32623,9612
1039,32624,9613
857,32625,9614
887,32626,9615
748,32627,9616
848,32628,9617
694,32629,9618
56,32630,9619
953,32631,9620
991,32632,9621
313,32633,9622
496,32634,9623
1088,32635,9624
713,32636,9625
645,32637,9626
56,32638,9627
413,32639,9628
424,32640,9629
352,32641,9630
767,32642,9631
133,32643,9632
713,32644,9633
782,32645,9634
847,32646,9635
713,32647,9636
257,32648,9637
235,32650,9638
967,32651,9639
1057,32652,9640
667,32653,9641
694,32654,9642
1077,32655,9643
481,32656,9644
848,32657,9645
1078,32658,9646
782,32660,9647
1081,32661,9648
328,32662,9649
439,32663,9650
1052,32664,9651
626,32666,9652
431,32667,9653
481,32668,9654
936,32669,9655
334,32670,9656
597,32671,9657
257,32672,9658
713,32673,9659
694,32674,9660
1014,32675,9661
768,32676,9662
857,32677,9663
898,32678,9664
405,32679,9665
748,32680,9666
381,32681,9667
1039,32682,9668
1039,32683,9669
960,32684,9670
215,32685,9671
31,32686,9672
481,32687,9673
713,32688,9674
452,32689,9675
626,32690,9676
898,32691,9677
24,32692,9678
830,32693,9679
565,32694,9680
464,32695,9681
685,32696,9682
742,32697,9683
1007,32698,9684
24,32699,9685
263,32700,9686
55,32701,9687
55,32702,9688
55,32703,9689
55,32704,9690
55,32705,9691
1057,32706,9692
874,32707,9693
1078,32708,9694
782,32710,9695
887,32711,9696
1022,32712,9697
960,32713,9698
349,32714,9699
722,32715,9700
635,32716,9701
713,32718,9702
511,32720,9703
413,32721,9704
482,32722,9705
783,32723,9706
932,32724,9707
748,32725,9708
1116,32726,9709
947,32727,9710
79,32728,9711
1077,32729,9712
1055,32730,9713
96,32731,9714
856,32732,9715
484,32733,9716
902,32735,9717
521,32736,9718
1014,32737,9719
713,32738,9720
405,32739,9721
991,32740,9722
713,32741,9723
713,32742,9724
257,32743,9725
257,32744,9726
257,32745,9727
1021,32746,9728
599,32747,9729
1057,32748,9730
308,32749,9731
597,32750,9732
1039,32751,9733
1076,32752,9734
1039,32753,9735
782,32754,9736
880,32755,9737
323,32756,9738
560,32757,9739
947,32758,9740
932,32759,9741
305,32760,9742
597,32761,9743
449,32762,9744
932,32764,9745
255,32765,9746
905,32766,9747
1022,32767,9748
1022,32768,9749
1077,32769,9750
1077,32770,9751
1077,32771,9752
511,32772,9753
313,32773,9754
230,32774,9755
904,32775,9756
807,32776,9757
114,32777,9758
743,32778,9759
920,32779,9760
535,32780,9761
387,32781,9762
464,32782,9763
947,32783,9764
1077,32785,9765
230,32786,9766
888,32787,9767
1039,32788,9768
1007,32789,9769
375,32790,9770
538,32791,9771
176,32792,9772
859,32793,9773
713,32794,9774
1116,32795,9775
582,32797,9776
740,32798,9777
947,32799,9778
626,32800,9779
230,32801,9780
880,32802,9781
494,32803,9782
713,32804,9783
1,32805,9784
1077,32806,9785
805,32807,9786
190,32808,9787
466,32809,9788
230,32810,9789
902,32811,9790
1081,32812,9791
749,32813,9792
511,32814,9793
880,32815,9794
471,32816,9795
694,32817,9796
891,32818,9797
771,32819,9798
847,32820,9799
452,32821,9800
456,32822,9801
947,32823,9802
1107,32824,9803
932,32825,9804
424,32826,9805
778,32827,9806
482,32828,9807
161,32829,9808
626,32830,9809
257,32831,9810
623,32832,9811
457,32833,9812
257,32834,9813
565,32835,9814
713,32836,9815
230,32837,9816
880,32838,9817
511,32839,9818
947,32840,9819
1007,32841,9820
56,32842,9821
375,32843,9822
975,32844,9823
947,32845,9824
565,32846,9825
31,32847,9826
880,32848,9827
1078,32849,9828
1086,32850,9829
300,32851,9830
743,32852,9831
27,32853,9832
722,32854,9833
887,32855,9834
511,32856,9835
1001,32857,9836
511,32858,9837
596,32859,9838
480,32860,9839
452,32861,9840
932,32862,9841
413,32863,9842
563,32864,9843
830,32865,9844
880,32866,9845
513,32867,9846
435,32868,9847
626,32869,9848
66,32870,9849
1022,32871,9850
511,32872,9851
186,32873,9852
626,32874,9853
403,32875,9854
161,32876,9855
782,32877,9856
782,32878,9857
300,32879,9858
694,32880,9859
1081,32882,9860
326,32883,9861
782,32884,9862
750,32885,9863
626,32887,9864
1094,32888,9865
565,32889,9866
1,32890,9867
217,32891,9868
694,32892,9869
176,32893,9870
513,32894,9871
1078,32895,9872
1057,32896,9873
511,32897,9874
381,32898,9875
1098,32899,9876
158,32900,9877
186,32902,9878
155,32903,9879
713,32904,9880
651,32905,9881
912,32906,9882
257,32907,9883
983,32908,9884
179,32909,9885
694,32910,9886
387,32911,9887
607,32912,9888
1077,32913,9889
162,32914,9890
832,32915,9891
255,32916,9892
1087,32917,9893
888,32918,9894
874,32919,9895
255,32920,9896
1087,32921,9897
512,32922,9898
880,32923,9899
988,32924,9900
667,32925,9901
255,32926,9902
711,32927,9903
1065,32928,9904
395,32929,9905
713,32930,9906
932,32931,9907
113,32932,9908
667,32933,9909
713,32934,9910
711,32935,9911
230,32936,9912
1088,32937,9913
27,32938,9914
480,32940,9915
257,32941,9916
667,32943,9917
511,32944,9918
230,32945,9919
1077,32946,9920
467,32947,9921
685,32948,9922
1032,32949,9923
1032,32950,9924
505,32951,9925
424,32952,9926
964,32953,9927
777,32954,9928
1057,32955,9929
713,32956,9930
667,32957,9931
1101,32958,9932
782,32959,9933
964,32960,9934
85,32961,9935
1039,32962,9936
511,32963,9937
438,32964,9938
55,32965,9939
667,32966,9940
713,32967,9941
694,32968,9942
405,32969,9943
511,32970,9944
1085,32971,9945
15,32972,9946
405,32973,9947
6,32974,9948
1081,32975,9949
694,32976,9950
413,32977,9951
1018,32978,9952
1039,32979,9953
997,32980,9954
511,32981,9955
111,32982,9956
227,32983,9957
565,32984,9958
352,32985,9959
597,32986,9960
713,32987,9961
713,32988,9962
1098,32989,9963
1099,32990,9964
953,32991,9965
1022,32992,9966
932,32993,9967
660,32994,9968
932,32995,9969
669,32996,9970
513,32997,9971
782,32998,9972
694,32999,9973
257,33000,9974
387,33001,9975
146,33002,9976
1085,33004,9977
947,33005,9978
718,33006,9979
694,33007,9980
597,33008,9981
186,33009,9982
932,33010,9983
38,33011,9984
859,33012,9985
934,33013,9986
755,33014,9987
4,33015,9988
880,33016,9989
1014,33017,9990
1039,33018,9991
1078,33019,9992
26,33020,9993
305,33021,9994
6,33022,9995
230,33023,9996
230,33024,9997
511,33025,9998
413,33026,9999
713,33027,10000
24,33028,10001
231,33029,10002
975,33030,10003
209,33031,10004
565,33032,10005
941,33033,10006
1081,33035,10007
635,33036,10008
947,33037,10009
713,33038,10010
674,33039,10011
428,33040,10012
743,33041,10013
990,33042,10014
1085,33043,10015
1085,33044,10016
565,33046,10017
713,33047,10018
713,33048,10019
565,33049,10020
667,33050,10021
513,33051,10022
713,33052,10023
468,33053,10024
516,33054,10025
880,33055,10026
511,33056,10027
932,33057,10028
713,33058,10029
947,33059,10030
953,33060,10031
446,33061,10032
1,33062,10033
778,33063,10034
947,33064,10035
1087,33065,10036
272,33066,10037
300,33067,10038
267,33068,10039
887,33069,10040
512,33070,10041
938,33071,10042
771,33072,10043
565,33073,10044
932,33074,10045
893,33075,10046
355,33076,10047
830,33077,10048
45,33078,10049
880,33079,10050
897,33080,10051
424,33081,10052
905,33082,10053
189,33083,10054
626,33084,10055
1057,33085,10056
768,33086,10057
568,33087,10058
869,33088,10059
532,33089,10060
932,33090,10061
738,33091,10062
597,33092,10063
964,33093,10064
713,33094,10065
607,33095,10066
964,33096,10067
396,33097,10068
1086,33098,10069
258,33099,10070
713,33100,10071
782,33101,10072
1087,33102,10073
880,33103,10074
898,33104,10075
511,33105,10076
626,33106,10077
713,33107,10078
1099,33108,10079
947,33109,10080
694,33110,10081
694,33111,10082
257,33112,10083
452,33113,10084
56,33114,10085
911,33115,10086
782,33116,10087
405,33117,10088
718,33118,10089
947,33120,10090
1081,33121,10091
626,33122,10092
1078,33123,10093
926,33124,10094
511,33125,10095
887,33126,10096
405,33127,10097
565,33128,10098
1085,33129,10099
547,33130,10100
255,33132,10101
507,33134,10102
1081,33135,10103
565,33136,10104
405,33137,10105
136,33138,10106
694,33139,10107
330,33140,10108
1039,33141,10109
947,33142,10110
413,33143,10111
186,33144,10112
792,33145,10113
1086,33146,10114
626,33147,10115
713,33148,10116
713,33149,10117
383,33150,10118
56,33151,10119
1081,33152,10120
690,33153,10121
658,33154,10122
186,33155,10123
874,33156,10124
947,33157,10125
782,33158,10126
710,33159,10127
694,33160,10128
316,33161,10129
975,33162,10130
88,33163,10131
413,33164,10132
866,33165,10133
597,33166,10134
151,33167,10135
24,33168,10136
741,33169,10137
905,33170,10138
511,33171,10139
511,33172,10140
511,33173,10141
513,33174,10142
511,33175,10143
932,33176,10144
463,33177,10145
626,33178,10146
1039,33179,10147
738,33180,10148
626,33181,10149
1032,33182,10150
713,33183,10151
31,33184,10152
947,33185,10153
932,33186,10154
565,33187,10155
442,33188,10156
1081,33189,10157
713,33190,10158
694,33191,10159
255,33192,10160
1085,33193,10161
1039,33194,10162
713,33195,10163
882,33196,10164
932,33197,10165
782,33198,10166
595,33200,10167
964,33201,10168
565,33202,10169
565,33203,10170
748,33204,10171
713,33205,10172
807,33206,10173
1039,33207,10174
452,33208,10175
880,33209,10176
1077,33210,10177
713,33211,10178
713,33212,10179
782,33213,10180
1081,33215,10181
713,33216,10182
24,33217,10183
626,33218,10184
713,33219,10185
207,33220,10186
716,33221,10187
832,33222,10188
866,33223,10189
424,33224,10190
383,33225,10191
713,33226,10192
511,33227,10193
24,33228,10194
255,33229,10195
694,33230,10196
933,33231,10197
1077,33232,10198
185,33233,10199
162,33234,10200
674,33235,10201
713,33236,10202
230,33238,10203
1022,33239,10204
713,33240,10205
1078,33241,10206
88,33242,10207
255,33243,10208
169,33244,10209
713,33245,10210
1077,33246,10211
626,33247,10212
932,33248,10213
463,33249,10214
711,33250,10215
162,33251,10216
985,33252,10217
782,33253,10218
830,33254,10219
911,33255,10220
782,33256,10221
511,33257,10222
547,33258,10223
982,33259,10224
507,33260,10225
55,33261,10226
316,33262,10227
257,33263,10228
713,33264,10229
1078,33265,10230
405,33266,10231
1078,33267,10232
333,33268,10233
1051,33269,10234
782,33270,10235
1081,33271,10236
56,33272,10237
1071,33273,10238
667,33274,10239
646,33275,10240
1078,33276,10241
380,33277,10242
511,33278,10243
207,33279,10244
932,33280,10245
937,33281,10246
713,33282,10247
713,33283,10248
694,33284,10249
738,33285,10250
579,33286,10251
710,33288,10252
947,33289,10253
713,33290,10254
464,33291,10255
568,33292,10256
713,33293,10257
390,33294,10258
694,33295,10259
897,33296,10260
255,33297,10261
1077,33298,10262
597,33300,10263
513,33301,10264
477,33302,10265
452,33303,10266
511,33304,10267
932,33305,10268
511,33306,10269
1078,33307,10270
428,33308,10271
1077,33309,10272
1116,33310,10273
713,33311,10274
424,33312,10275
1022,33313,10276
910,33314,10277
313,33315,10278
859,33316,10279
403,33317,10280
771,33318,10281
230,33319,10282
947,33320,10283
807,33321,10284
257,33322,10285
176,33323,10286
387,33324,10287
1074,33325,10288
547,33326,10289
713,33327,10290
255,33328,10291
511,33329,10292
305,33330,10293
880,33331,10294
513,33332,10295
511,33333,10296
767,33334,10297
511,33335,10298
452,33336,10299
1087,33337,10300
989,33338,10301
932,33339,10302
932,33340,10303
934,33341,10304
565,33342,10305
732,33343,10306
255,33344,10307
713,33345,10308
1081,33346,10309
856,33347,10310
1116,33348,10311
937,33349,10312
405,33350,10313
1039,33351,10314
116,33352,10315
713,33353,10316
1085,33354,10317
713,33355,10318
887,33356,10319
1022,33357,10320
255,33358,10321
511,33360,10322
328,33361,10323
747,33362,10324
1039,33363,10325
874,33364,10326
674,33365,10327
742,33366,10328
748,33367,10329
403,33368,10330
1085,33369,10331
623,33370,10332
597,33371,10333
1042,33372,10334
623,33373,10335
698,33374,10336
626,33375,10337
452,33376,10338
932,33378,10339
932,33379,10340
910,33380,10341
856,33381,10342
713,33382,10343
932,33383,10344
56,33384,10345
564,33385,10346
763,33386,10347
516,33387,10348
932,33388,10349
713,33389,10350
326,33390,10351
410,33391,10352
646,33392,10353
713,33393,10354
428,33394,10355
387,33395,10356
564,33396,10357
255,33397,10358
1116,33398,10359
316,33399,10360
136,33400,10361
564,33401,10362
1052,33402,10363
1083,33403,10364
525,33404,10365
399,33405,10366
932,33406,10367
507,33407,10368
750,33408,10369
888,33409,10370
953,33410,10371
1039,33411,10372
1022,33412,10373
511,33413,10374
1077,33414,10375
426,33415,10376
481,33416,10377
387,33417,10378
186,33418,10379
694,33419,10380
623,33420,10381
494,33421,10382
79,33422,10383
1039,33423,10384
932,33424,10385
962,33425,10386
513,33426,10387
713,33427,10388
257,33428,10389
565,33429,10390
331,33430,10391
626,33431,10392
511,33432,10393
24,33433,10394
564,33434,10395
782,33435,10396
597,33436,10397
626,33437,10398
90,33438,10399
856,33439,10400
713,33440,10401
887,33441,10402
782,33442,10403
230,33444,10404
947,33445,10405
560,33446,10406
1057,33447,10407
947,33449,10408
713,33450,10409
608,33451,10410
136,33452,10411
1078,33453,10412
678,33454,10413
972,33455,10414
413,33457,10415
257,33458,10416
496,33459,10417
452,33460,10418
511,33461,10419
663,33462,10420
56,33463,10421
565,33464,10422
718,33465,10423
718,33466,10424
413,33467,10425
1039,33468,10426
387,33469,10427
932,33470,10428
947,33471,10429
718,33473,10430
565,33474,10431
203,33475,10432
162,33476,10433
56,33477,10434
511,33478,10435
1081,33479,10436
24,33480,10437
964,33481,10438
424,33482,10439
323,33483,10440
932,33484,10441
230,33485,10442
574,33486,10443
866,33488,10444
947,33489,10445
887,33490,10446
782,33491,10447
782,33492,10448
113,33493,10449
753,33494,10450
947,33495,10451
953,33496,10452
597,33497,10453
932,33498,10454
874,33499,10455
749,33500,10456
1087,33501,10457
597,33502,10458
903,33503,10459
184,33504,10460
56,33505,10461
547,33506,10462
1087,33507,10463
646,33508,10464
252,33509,10465
464,33510,10466
302,33511,10467
257,33512,10468
857,33513,10469
360,33514,10470
947,33515,10471
778,33516,10472
413,33517,10473
947,33518,10474
859,33519,10475
947,33520,10476
713,33521,10477
566,33522,10478
626,33523,10479
1088,33524,10480
932,33525,10481
805,33526,10482
595,33527,10483
932,33528,10484
387,33529,10485
597,33530,10486
984,33531,10487
713,33532,10488
513,33533,10489
1001,33534,10490
1081,33535,10491
947,33536,10492
536,33537,10493
746,33538,10494
1039,33539,10495
626,33540,10496
848,33541,10497
713,33542,10498
947,33543,10499
565,33544,10500
230,33545,10501
230,33546,10502
646,33547,10503
749,33548,10504
947,33550,10505
662,33552,10506
828,33553,10507
713,33554,10508
245,33555,10509
634,33556,10510
711,33557,10511
874,33558,10512
425,33559,10513
743,33560,10514
37,33561,10515
413,33562,10516
413,33563,10517
44,33564,10518
801,33565,10519
923,33566,10520
759,33567,10521
329,33568,10522
694,33569,10523
685,33570,10524
565,33571,10525
713,33572,10526
612,33573,10527
804,33574,10528
713,33575,10529
69,33576,10530
713,33577,10531
964,33578,10532
441,33579,10533
887,33580,10534
330,33581,10535
456,33582,10536
257,33584,10537
768,33585,10538
880,33586,10539
316,33587,10540
888,33588,10541
511,33589,10542
511,33590,10543
224,33591,10544
1087,33592,10545
253,33593,10546
991,33594,10547
405,33595,10548
511,33596,10549
405,33597,10550
713,33598,10551
713,33600,10552
626,33601,10553
1060,33602,10554
713,33603,10555
623,33604,10556
27,33605,10557
947,33606,10558
887,33607,10559
626,33608,10560
313,33609,10561
932,33610,10562
478,33611,10563
553,33612,10564
422,33613,10565
905,33614,10566
1081,33615,10567
713,33616,10568
713,33617,10569
713,33618,10570
544,33619,10571
947,33620,10572
713,33621,10573
560,33622,10574
511,33623,10575
162,33624,10576
162,33625,10577
313,33626,10578
993,33627,10579
424,33629,10580
68,33630,10581
56,33631,10582
771,33632,10583
1078,33633,10584
1002,33634,10585
1078,33635,10586
862,33636,10587
859,33637,10588
560,33638,10589
257,33639,10590
711,33640,10591
898,33641,10592
565,33642,10593
1077,33643,10594
473,33644,10595
1085,33645,10596
1087,33646,10597
103,33647,10598
1081,33648,10599
713,33649,10600
782,33650,10601
1116,33651,10602
662,33652,10603
975,33653,10604
859,33654,10605
722,33655,10606
713,33656,10607
626,33657,10608
1039,33658,10609
509,33659,10610
56,33660,10611
253,33661,10612
1,33662,10613
782,33663,10614
532,33664,10615
387,33665,10616
565,33666,10617
662,33667,10618
623,33668,10619
607,33669,10620
945,33670,10621
722,33671,10622
694,33672,10623
1,33673,10624
355,33674,10625
959,33675,10626
394,33676,10627
964,33677,10628
947,33678,10629
1039,33679,10630
607,33681,10631
1022,33682,10632
626,33683,10633
374,33684,10634
1004,33685,10635
722,33686,10636
597,33687,10637
597,33688,10638
328,33689,10639
626,33690,10640
1085,33691,10641
706,33692,10642
6,33693,10643
186,33694,10644
880,33695,10645
827,33696,10646
179,33698,10647
947,33699,10648
56,33700,10649
847,33701,10650
713,33702,10651
648,33703,10652
898,33704,10653
595,33705,10654
626,33706,10655
989,33707,10656
424,33708,10657
521,33709,10658
24,33710,10659
626,33711,10660
1099,33712,10661
1077,33713,10662
887,33714,10663
887,33715,10664
887,33716,10665
1022,33717,10666
1039,33718,10667
928,33719,10668
713,33720,10669
289,33721,10670
413,33722,10671
746,33723,10672
511,33724,10673
827,33725,10674
482,33726,10675
879,33728,10676
427,33729,10677
782,33730,10678
155,33731,10679
1,33732,10680
1039,33733,10681
932,33734,10682
1081,33735,10683
505,33736,10684
651,33737,10685
1049,33738,10686
595,33739,10687
651,33740,10688
464,33741,10689
597,33742,10690
243,33743,10691
713,33744,10692
305,33745,10693
609,33746,10694
964,33747,10695
119,33748,10696
623,33749,10697
623,33750,10698
623,33751,10699
912,33752,10700
1055,33753,10701
471,33754,10702
901,33755,10703
270,33756,10704
912,33757,10705
565,33758,10706
859,33759,10707
1116,33760,10708
626,33761,10709
280,33762,10710
626,33763,10711
711,33764,10712
521,33765,10713
713,33766,10714
595,33767,10715
993,33768,10716
825,33769,10717
966,33770,10718
177,33773,10719
964,33774,10720
257,33775,10721
511,33776,10722
1022,33777,10723
597,33778,10724
1039,33779,10725
1085,33780,10726
511,33781,10727
1007,33782,10728
623,33783,10729
1086,33784,10730
111,33785,10731
750,33786,10732
1116,33787,10733
1022,33788,10734
568,33789,10735
257,33791,10736
498,33792,10737
1085,33793,10738
505,33794,10739
728,33795,10740
626,33796,10741
108,33797,10742
355,33798,10743
1057,33800,10744
713,33801,10745
1083,33802,10746
964,33803,10747
176,33804,10748
861,33805,10749
513,33806,10750
414,33807,10751
874,33808,10752
989,33809,10753
782,33810,10754
452,33811,10755
947,33812,10756
956,33813,10757
762,33814,10758
387,33815,10759
478,33816,10760
1039,33817,10761
750,33818,10762
71,33819,10763
808,33820,10764
375,33821,10765
230,33822,10766
947,33823,10767
947,33824,10768
505,33825,10769
690,33826,10770
207,33827,10771
782,33828,10772
880,33829,10773
56,33830,10774
162,33831,10775
1088,33832,10776
597,33833,10777
513,33834,10778
565,33835,10779
27,33836,10780
887,33837,10781
832,33838,10782
902,33839,10783
230,33840,10784
452,33842,10785
496,33843,10786
722,33844,10787
738,33845,10788
27,33846,10789
932,33847,10790
78,33848,10791
480,33849,10792
454,33850,10793
947,33851,10794
626,33852,10795
116,33853,10796
1039,33854,10797
179,33855,10798
560,33856,10799
538,33857,10800
797,33858,10801
255,33859,10802
597,33860,10803
110,33861,10804
323,33862,10805
511,33863,10806
1022,33864,10807
565,33865,10808
932,33866,10809
468,33867,10810
932,33868,10811
807,33869,10812
511,33870,10813
1078,33871,10814
718,33872,10815
289,33873,10816
888,33874,10817
424,33875,10818
424,33876,10819
1071,33877,10820
713,33878,10821
516,33879,10822
560,33880,10823
31,33881,10824
859,33882,10825
405,33883,10826
182,33884,10827
513,33885,10828
961,33886,10829
565,33887,10830
413,33888,10831
257,33889,10832
313,33890,10833
452,33891,10834
694,33892,10835
557,33893,10836
626,33894,10837
722,33895,10838
782,33896,10839
56,33897,10840
1078,33898,10841
1081,33899,10842
1051,33900,10843
496,33901,10844
713,33903,10845
112,33904,10846
547,33905,10847
782,33906,10848
505,33907,10849
1033,33908,10850
136,33909,10851
452,33910,10852
267,33911,10853
750,33912,10854
809,33913,10855
511,33914,10856
1022,33915,10857
1022,33916,10858
1022,33917,10859
623,33918,10860
511,33919,10861
805,33920,10862
880,33921,10863
387,33922,10864
898,33923,10865
841,33925,10866
713,33926,10867
539,33927,10868
677,33928,10869
947,33929,10870
565,33930,10871
965,33931,10872
397,33932,10873
257,33933,10874
857,33934,10875
1039,33935,10876
255,33936,10877
387,33937,10878
565,33938,10879
511,33939,10880
888,33941,10881
424,33942,10882
438,33943,10883
511,33944,10884
771,33945,10885
355,33947,10886
651,33948,10887
898,33949,10888
424,33950,10889
217,33951,10890
880,33952,10891
538,33953,10892
1081,33954,10893
352,33955,10894
859,33956,10895
482,33957,10896
257,33958,10897
642,33959,10898
626,33960,10899
597,33961,10900
352,33962,10901
405,33963,10902
932,33964,10903
9,33965,10904
916,33966,10905
40,33967,10906
713,33969,10907
911,33970,10908
257,33971,10909
257,33972,10910
782,33973,10911
782,33974,10912
888,33975,10913
1077,33976,10914
