actor_id,movie_id,movie_actor_id
20731,2,1
23177,2,2
17601,3,3
21517,5,4
15394,5,5
11942,10,6
19413,11,7
13095,11,8
6267,11,9
18891,13,10
13921,13,11
7581,13,12
17707,16,13
21235,16,14
7338,16,15
17601,21,16
17601,25,17
17601,26,18
8296,28,19
9071,28,20
9401,28,21
13759,28,22
14537,28,23
2519,28,24
19205,28,25
19310,28,26
17946,28,27
5895,28,28
19982,28,29
1618,28,30
280,28,31
20441,28,32
4134,28,33
12073,28,34
2616,28,35
17601,29,36
17601,30,37
17601,33,38
17601,36,39
17601,39,40
17601,43,41
17601,50,42
3439,57,43
20235,57,44
3938,57,45
6947,57,46
23478,57,47
6143,57,48
17601,68,49
14332,75,50
7920,75,51
23323,75,52
24249,75,53
6395,75,54
11762,109,55
3021,109,56
20181,109,57
11905,109,58
21235,109,59
21957,109,60
6615,109,61
4337,110,62
13626,110,63
8752,110,64
11112,110,65
11340,110,66
5569,110,67
8160,110,68
13899,110,69
24250,110,70
3135,110,71
1551,110,72
11895,110,73
10429,110,74
13521,110,75
12653,134,76
21626,134,77
14543,134,78
1155,134,79
23802,134,80
11181,134,81
23116,134,82
23670,134,83
22287,134,84
20914,134,85
918,134,86
4472,134,87
6712,134,88
14680,134,89
2821,134,90
6334,145,91
2086,145,92
17601,152,93
23132,208,94
8118,208,95
11947,208,96
12923,208,97
23060,208,98
2640,208,99
886,208,100
23134,208,101
4509,208,102
5831,208,103
23732,210,104
22429,210,105
21250,210,106
20776,210,107
13925,210,108
23678,210,109
6473,210,110
3354,210,111
3513,210,112
5242,210,113
9123,219,114
7063,219,115
5655,219,116
6336,219,117
5390,219,118
2710,219,119
3656,219,120
4007,219,121
11438,219,122
14357,219,123
16072,219,124
12527,219,125
13264,219,126
19309,219,127
10022,219,128
10676,219,129
10527,219,130
9745,219,131
22902,222,132
23189,222,133
4174,222,134
20387,222,135
1378,222,136
4166,222,137
8640,222,138
15857,222,139
15508,222,140
17001,222,141
22095,222,142
127,222,143
18441,222,144
4186,222,145
4645,222,146
7953,222,147
9674,222,148
6220,232,149
16845,232,150
4830,232,151
6280,232,152
14130,232,153
20216,232,154
19968,232,155
22645,232,156
18244,232,157
913,232,158
1471,232,159
4829,232,160
11308,232,161
15403,232,162
9644,232,163
3119,232,164
3389,249,165
10341,249,166
23924,249,167
6648,249,168
16599,260,169
5735,260,170
11181,260,171
16266,260,172
24672,260,173
16886,260,174
3439,260,175
3004,260,176
23322,260,177
21131,260,178
912,260,179
3129,260,180
3867,260,181
23521,260,182
20945,264,183
4408,264,184
1513,264,185
9964,264,186
11199,264,187
11539,264,188
13419,264,189
11898,264,190
16688,264,191
17700,264,192
19495,264,193
9639,264,194
2821,264,195
15246,264,196
8745,264,197
2983,264,198
3273,264,199
11098,264,200
9162,276,201
2838,276,202
19863,276,203
20211,276,204
16032,276,205
6690,276,206
9970,276,207
8655,276,208
11210,276,209
12606,276,210
24679,276,211
24005,276,212
20689,276,213
1601,276,214
4658,276,215
13078,276,216
18588,276,217
22926,276,218
12092,291,219
11801,291,220
11676,291,221
14280,291,222
8954,291,223
8736,291,224
8822,291,225
4496,291,226
12670,291,227
69,291,228
13336,291,229
11148,291,230
6648,291,231
8235,291,232
8678,291,233
1505,291,234
13446,291,235
10653,291,236
15149,291,237
22604,303,238
4577,303,239
18103,303,240
16174,303,241
15560,303,242
15653,303,243
9730,303,244
10687,303,245
14044,303,246
10763,303,247
17852,303,248
20384,303,249
3358,303,250
10427,303,251
9453,303,252
13745,303,253
11478,303,254
1644,312,255
20599,312,256
4457,312,257
6978,312,258
21655,312,259
19762,312,260
7503,312,261
3392,312,262
9017,312,263
1621,312,264
11767,312,265
13230,312,266
16190,312,267
8954,312,268
785,312,269
15245,318,270
15452,318,271
13436,318,272
3021,318,273
22586,318,274
6622,318,275
17263,318,276
15653,318,277
19892,318,278
17988,318,279
23169,318,280
10000,318,281
21411,318,282
12849,318,283
677,318,284
11329,339,285
8296,339,286
4898,339,287
7714,361,288
7113,361,289
19256,361,290
1871,361,291
2005,361,292
24042,361,293
3361,361,294
15589,361,295
14936,361,296
12317,361,297
18499,361,298
10143,361,299
5924,372,300
6831,372,301
8349,372,302
8905,372,303
8906,372,304
9585,372,305
9878,372,306
9946,372,307
10039,372,308
10381,372,309
11503,372,310
599,372,311
3207,372,312
1503,372,313
19938,372,314
15948,372,315
11814,372,316
271,372,317
15567,372,318
14435,372,319
16881,396,320
19089,396,321
11504,396,322
12145,396,323
14415,396,324
3289,396,325
7193,396,326
23399,396,327
13063,396,328
6316,396,329
2857,396,330
20443,408,331
919,408,332
19988,408,333
17270,408,334
20342,408,335
2386,408,336
8654,408,337
3949,408,338
2284,408,339
17612,408,340
3647,414,341
8333,414,342
8101,414,343
2293,414,344
17733,414,345
19727,414,346
18900,414,347
24658,414,348
24736,414,349
20892,414,350
24428,414,351
9505,414,352
10142,414,353
17001,414,354
13176,414,355
6239,414,356
4520,440,357
17337,440,358
17036,440,359
18654,440,360
13548,440,361
21360,440,362
23580,440,363
19259,440,364
7507,441,365
5145,441,366
5500,441,367
23390,441,368
10363,441,369
23314,441,370
20175,441,371
10036,441,372
977,441,373
5112,441,374
5616,443,375
4994,443,376
2457,443,377
434,443,378
365,443,379
17317,443,380
13511,443,381
6787,443,382
16503,443,383
20648,443,384
20203,443,385
19198,443,386
7615,443,387
15622,443,388
15104,451,389
12727,451,390
19845,455,391
19466,455,392
18000,455,393
21565,455,394
12938,455,395
21676,455,396
981,455,397
11888,455,398
10528,455,399
17415,455,400
16496,455,401
13741,455,402
11873,455,403
11550,455,404
6976,455,405
8743,455,406
8666,455,407
8437,455,408
16416,480,409
10420,480,410
3953,480,411
7604,480,412
3568,480,413
3049,480,414
12515,480,415
12242,480,416
11618,480,417
15567,480,418
15327,480,419
20280,480,420
18911,480,421
3021,480,422
21366,480,423
961,480,424
8581,494,425
4901,494,426
3775,494,427
5471,494,428
5658,494,429
5924,494,430
11120,494,431
11271,494,432
11676,494,433
8170,494,434
11095,494,435
13132,494,436
3083,494,437
1781,494,438
7914,494,439
3021,494,440
10023,494,441
12983,494,442
4513,499,443
10667,499,444
22580,499,445
658,541,446
18229,541,447
4874,541,448
3340,541,449
22370,541,450
17701,541,451
23036,541,452
17171,541,453
883,541,454
6949,541,455
11597,541,456
15317,541,457
8694,541,458
12653,541,459
10995,541,460
4820,556,461
7833,556,462
15552,556,463
15605,556,464
24095,556,465
4290,556,466
3737,556,467
3783,556,468
11450,556,469
114,556,470
1248,556,471
9517,556,472
5954,572,473
15076,572,474
20214,572,475
3236,572,476
9281,572,477
18109,582,478
20854,582,479
16886,582,480
17417,582,481
18006,582,482
5141,582,483
11752,582,484
14115,582,485
22376,582,486
18344,582,487
19970,582,488
5794,582,489
16874,582,490
6544,582,491
4876,586,492
1129,586,493
12471,586,494
15406,592,495
14363,592,496
19680,592,497
18023,592,498
9001,592,499
3994,592,500
19083,592,501
9796,592,502
5685,592,503
5798,592,504
20625,592,505
19219,592,506
22512,592,507
19803,593,508
12826,593,509
7392,593,510
5969,593,511
6623,593,512
20257,593,513
4107,593,514
14176,593,515
20678,593,516
1373,593,517
16132,598,518
23753,598,519
20083,598,520
12708,598,521
15636,598,522
8171,598,523
6502,598,524
23870,598,525
14015,598,526
14793,598,527
14347,602,528
21225,602,529
12242,602,530
15461,602,531
15896,602,532
11001,602,533
13583,602,534
22788,602,535
508,602,536
23232,602,537
8958,602,538
9249,602,539
3202,602,540
17502,602,541
2235,602,542
7917,602,543
16035,602,544
19519,616,545
21633,616,546
340,616,547
18549,616,548
17310,616,549
21483,616,550
10626,625,551
4812,625,552
21127,625,553
200,635,554
9966,635,555
6646,635,556
16502,635,557
912,635,558
5647,635,559
3250,635,560
10068,635,561
12195,635,562
10663,635,563
10340,635,564
1963,635,565
3472,635,566
12604,635,567
12996,635,568
14726,635,569
13730,635,570
6968,635,571
16463,635,572
8391,672,573
8480,672,574
12884,672,575
23072,672,576
14460,706,577
16493,706,578
14151,706,579
6446,706,580
12683,706,581
12082,706,582
8078,706,583
10984,706,584
1386,706,585
23060,706,586
23572,706,587
23488,706,588
23859,706,589
23967,706,590
16775,706,591
23702,706,592
17601,711,593
2570,747,594
7044,747,595
24783,747,596
4399,747,597
4359,747,598
3211,747,599
21775,747,600
8029,748,601
14934,748,602
2476,748,603
1188,748,604
20124,748,605
9450,748,606
10519,748,607
5529,748,608
23062,748,609
10536,751,610
13419,751,611
22770,751,612
18344,751,613
7671,777,614
2616,777,615
2928,777,616
17664,777,617
10452,777,618
12193,777,619
4176,777,620
1208,777,621
18805,777,622
22779,777,623
10453,777,624
9608,777,625
5019,777,626
6046,777,627
7631,777,628
17959,777,629
1885,777,630
23173,777,631
914,797,632
14928,797,633
24038,797,634
22990,797,635
1730,797,636
8808,797,637
7044,797,638
2885,797,639
17601,799,640
19926,807,641
9466,807,642
10238,807,643
10045,807,644
17853,807,645
10756,807,646
10539,807,647
23499,807,648
10419,807,649
23292,807,650
8041,807,651
9042,807,652
4684,807,653
23129,807,654
869,807,655
7687,807,656
17601,821,657
6419,827,658
4430,827,659
15723,827,660
4152,827,661
1563,827,662
13278,827,663
22519,827,664
9723,827,665
7768,827,666
694,827,667
8342,827,668
16491,837,669
18181,837,670
2816,837,671
19058,837,672
15428,837,673
24180,837,674
14640,837,675
4092,837,676
10842,837,677
5509,837,678
23909,899,679
10568,899,680
9695,899,681
8285,899,682
20533,899,683
18351,899,684
12146,899,685
11899,899,686
4585,899,687
5573,899,688
23011,899,689
3639,899,690
12013,899,691
12136,911,692
1070,911,693
10401,911,694
18996,911,695
21654,911,696
17816,911,697
15112,911,698
6181,911,699
9512,911,700
1048,911,701
3384,911,702
3796,911,703
4897,911,704
13265,911,705
6148,911,706
18154,911,707
20884,911,708
17601,913,709
5327,920,710
23756,920,711
17408,920,712
21818,920,713
1729,920,714
17158,920,715
6472,920,716
9603,920,717
12005,920,718
17238,920,719
2854,920,720
4645,920,721
5035,920,722
24768,921,723
10070,921,724
10752,921,725
12752,921,726
9423,921,727
16876,922,728
1471,922,729
11010,922,730
14130,922,731
4417,922,732
17601,925,733
11075,926,734
3211,926,735
16736,926,736
4204,926,737
16784,926,738
15731,926,739
17601,927,740
11730,930,741
15857,930,742
9970,930,743
16985,930,744
16158,961,745
13915,961,746
17527,961,747
10334,961,748
10367,961,749
4597,961,750
3969,961,751
21811,961,752
20656,961,753
8112,961,754
14215,975,755
19152,975,756
22222,975,757
10443,975,758
23288,975,759
8869,975,760
7935,975,761
12552,975,762
13338,975,763
9821,975,764
1730,975,765
23811,975,766
10301,975,767
18786,996,768
11194,996,769
8976,996,770
23982,996,771
17601,999,772
6148,1003,773
24013,1003,774
2116,1006,775
16392,1006,776
21864,1006,777
13250,1006,778
23719,1006,779
6511,1006,780
9428,1006,781
24782,1006,782
13274,1006,783
5272,1006,784
121,1010,785
4776,1010,786
9036,1010,787
18923,1010,788
20661,1010,789
13895,1029,790
18260,1029,791
21488,1029,792
20777,1029,793
21969,1029,794
831,1029,795
12813,1029,796
13137,1029,797
12823,1029,798
821,1029,799
17601,1047,800
24253,1048,801
1592,1048,802
10119,1048,803
6798,1048,804
13000,1048,805
9284,1048,806
16845,1048,807
17650,1048,808
13198,1048,809
17439,1052,810
19798,1052,811
3844,1052,812
21986,1052,813
22422,1052,814
6016,1052,815
11479,1064,816
11181,1064,817
1155,1064,818
19208,1064,819
20096,1066,820
481,1066,821
6495,1066,822
24173,1066,823
7770,1066,824
2616,1066,825
6304,1066,826
7917,1066,827
15254,1066,828
24262,1068,829
9012,1068,830
1479,1068,831
6716,1068,832
18985,1068,833
23097,1068,834
13354,1068,835
9097,1068,836
16174,1068,837
11116,1089,838
22203,1089,839
19630,1089,840
21793,1089,841
9127,1089,842
14309,1089,843
14335,1089,844
579,1089,845
11937,1089,846
14253,1089,847
1781,1094,848
4645,1094,849
24683,1094,850
13245,1094,851
13753,1094,852
372,1094,853
8170,1094,854
22369,1094,855
8581,1094,856
18723,1094,857
18524,1094,858
13714,1094,859
13184,1094,860
24005,1094,861
23670,1094,862
14669,1098,863
8834,1098,864
4935,1098,865
5273,1098,866
12988,1098,867
7325,1098,868
14293,1098,869
4249,1098,870
15486,1098,871
19404,1098,872
16829,1098,873
15168,1098,874
446,1098,875
18975,1098,876
5889,1098,877
10583,1098,878
11479,1109,879
12389,1109,880
15240,1109,881
11704,1109,882
13984,1109,883
10620,1109,884
20718,1109,885
24006,1109,886
650,1109,887
5554,1109,888
585,1109,889
17877,1109,890
6794,1109,891
6849,1109,892
8024,1109,893
19080,1156,894
3593,1156,895
538,1156,896
64,1156,897
24861,1156,898
20958,1156,899
10675,1156,900
7944,1156,901
20094,1156,902
13058,1156,903
13387,1156,904
20914,1156,905
14927,1156,906
11735,1156,907
24360,1156,908
5600,1156,909
4765,1156,910
17601,1169,911
9140,1179,912
17601,1180,913
17601,1188,914
17601,1201,915
16446,1202,916
24244,1202,917
7915,1202,918
18659,1202,919
1713,1228,920
4001,1228,921
23250,1228,922
12903,1228,923
8098,1228,924
6025,1228,925
21872,1228,926
15399,1228,927
6978,1238,928
8655,1238,929
10378,1238,930
10977,1248,931
10622,1248,932
22614,1248,933
18451,1248,934
12983,1248,935
8563,1281,936
3704,1281,937
22158,1281,938
10302,1281,939
11646,1281,940
15439,1281,941
19057,1281,942
859,1281,943
13921,1281,944
19921,1281,945
9567,1285,946
11624,1285,947
149,1285,948
21601,1285,949
12303,1285,950
12157,1285,951
16144,1285,952
15464,1285,953
9559,1285,954
8528,1285,955
2639,1285,956
11777,1285,957
24847,1285,958
12093,1285,959
3051,1285,960
6397,1285,961
10105,1285,962
11676,1294,963
1262,1294,964
18587,1294,965
14570,1294,966
16493,1294,967
14209,1294,968
11767,1294,969
15857,1294,970
21233,1294,971
24235,1294,972
6290,1294,973
4972,1294,974
576,1294,975
19785,1296,976
9465,1296,977
7935,1296,978
2848,1296,979
16739,1296,980
14973,1296,981
10371,1296,982
18715,1296,983
9534,1296,984
7200,1296,985
11328,1311,986
19068,1311,987
9501,1311,988
9293,1311,989
2618,1311,990
11218,1311,991
19926,1311,992
9692,1311,993
5453,1311,994
15218,1311,995
20853,1311,996
18230,1311,997
16745,1311,998
12552,1311,999
9504,1311,1000
15678,1311,1001
2645,1311,1002
3211,1311,1003
23125,1357,1004
18505,1357,1005
23583,1357,1006
23113,1357,1007
14375,1357,1008
24211,1357,1009
18087,1357,1010
5116,1357,1011
5055,1357,1012
11927,1357,1013
10976,1357,1014
1085,1357,1015
15623,1357,1016
17263,1357,1017
16478,1357,1018
3675,1357,1019
6718,1367,1020
5983,1367,1021
5311,1367,1022
468,1367,1023
10094,1367,1024
19030,1367,1025
19119,1367,1026
14087,1367,1027
23149,1367,1028
20523,1367,1029
7054,1372,1030
18363,1372,1031
19082,1372,1032
9737,1372,1033
9802,1372,1034
9319,1372,1035
3655,1372,1036
6834,1372,1037
1284,1372,1038
8820,1372,1039
9740,1372,1040
21789,1372,1041
15000,1372,1042
14007,1372,1043
22113,1372,1044
15925,1372,1045
7824,1375,1046
19992,1375,1047
17601,1392,1048
18425,1408,1049
13534,1408,1050
24229,1408,1051
18875,1408,1052
13304,1417,1053
11132,1417,1054
18999,1417,1055
5756,1417,1056
24160,1417,1057
17601,1419,1058
16264,1431,1059
10428,1431,1060
11119,1431,1061
11207,1431,1062
23675,1431,1063
11263,1431,1064
15360,1431,1065
19755,1431,1066
4080,1431,1067
20581,1431,1068
1702,1436,1069
3133,1436,1070
176,1436,1071
17160,1436,1072
9132,1436,1073
20549,1436,1074
24677,1436,1075
3643,1436,1076
5250,1436,1077
6500,1436,1078
677,1436,1079
14539,1436,1080
23405,1436,1081
23982,1436,1082
16868,1436,1083
1658,1438,1084
17738,1438,1085
3688,1438,1086
21077,1438,1087
5841,1438,1088
1211,1438,1089
13988,1438,1090
17236,1438,1091
1111,1438,1092
17955,1438,1093
6545,1443,1094
23541,1443,1095
19917,1443,1096
11002,1443,1097
16822,1443,1098
16884,1443,1099
2857,1443,1100
24360,1443,1101
12372,1443,1102
24119,1443,1103
8289,1443,1104
19970,1443,1105
13546,1443,1106
10911,1443,1107
3546,1443,1108
11516,1443,1109
12968,1445,1110
14231,1445,1111
19993,1445,1112
3472,1445,1113
3325,1445,1114
4366,1445,1115
22286,1445,1116
20979,1445,1117
6500,1445,1118
14130,1445,1119
15792,1445,1120
4693,1445,1121
6001,1445,1122
3476,1445,1123
10891,1445,1124
9959,1445,1125
8751,1445,1126
17601,1453,1127
9970,1467,1128
20533,1467,1129
7269,1467,1130
20703,1467,1131
17601,1476,1132
21044,1494,1133
16101,1494,1134
17635,1494,1135
2543,1494,1136
12596,1494,1137
21381,1494,1138
21748,1494,1139
20836,1494,1140
201,1502,1141
16114,1502,1142
21350,1502,1143
4413,1502,1144
5517,1502,1145
14405,1507,1146
12399,1507,1147
5635,1507,1148
11339,1507,1149
24211,1507,1150
22524,1507,1151
8549,1507,1152
12308,1507,1153
2820,1507,1154
19930,1507,1155
17601,1510,1156
19051,1514,1157
3122,1514,1158
23243,1514,1159
4106,1514,1160
13971,1514,1161
12955,1514,1162
4817,1514,1163
22998,1514,1164
10334,1514,1165
8690,1524,1166
154,1524,1167
8848,1530,1168
11199,1530,1169
11767,1530,1170
16886,1530,1171
15853,1530,1172
23064,1538,1173
21595,1538,1174
7371,1538,1175
8740,1538,1176
2922,1538,1177
6243,1538,1178
18084,1538,1179
19603,1538,1180
11633,1538,1181
15697,1538,1182
10949,1538,1183
11152,1538,1184
17601,1539,1185
2848,1553,1186
7038,1553,1187
11031,1553,1188
20911,1553,1189
23171,1553,1190
866,1553,1191
11850,1553,1192
483,1553,1193
14853,1553,1194
18420,1553,1195
11227,1578,1196
16884,1578,1197
5083,1578,1198
18388,1578,1199
9259,1578,1200
4979,1578,1201
4702,1578,1202
4473,1578,1203
3950,1578,1204
3696,1578,1205
22163,1578,1206
22485,1578,1207
18083,1584,1208
18786,1595,1209
14570,1595,1210
17998,1595,1211
14044,1595,1212
16782,1595,1213
2380,1595,1214
12664,1595,1215
11673,1595,1216
13097,1595,1217
10610,1606,1218
21006,1606,1219
22020,1606,1220
2601,1606,1221
19197,1606,1222
8712,1606,1223
8440,1606,1224
22259,1606,1225
5628,1608,1226
4798,1608,1227
20607,1608,1228
15433,1608,1229
6300,1608,1230
19526,1608,1231
807,1608,1232
14054,1608,1233
22510,1608,1234
93,1608,1235
1324,1608,1236
20292,1610,1237
22301,1610,1238
796,1610,1239
2617,1610,1240
23331,1610,1241
8090,1610,1242
13546,1610,1243
14133,1610,1244
22203,1610,1245
22206,1610,1246
22028,1610,1247
13429,1610,1248
22909,1610,1249
9184,1610,1250
18427,1610,1251
12376,1610,1252
19471,1614,1253
20256,1614,1254
20478,1614,1255
5856,1614,1256
11265,1614,1257
21853,1614,1258
18030,1614,1259
19200,1614,1260
23171,1614,1261
494,1614,1262
5688,1614,1263
182,1614,1264
12903,1614,1265
16702,1614,1266
16379,1614,1267
14305,1614,1268
23339,1614,1269
18976,1614,1270
15842,1614,1271
17601,1624,1272
18519,1629,1273
19094,1629,1274
4268,1629,1275
13730,1629,1276
13053,1629,1277
4545,1629,1278
22497,1629,1279
5941,1629,1280
10729,1629,1281
12646,1629,1282
17138,1629,1283
22899,1634,1284
8655,1634,1285
16336,1634,1286
1030,1634,1287
11737,1634,1288
4532,1634,1289
8562,1634,1290
12497,1634,1291
20345,1634,1292
19365,1634,1293
4505,1634,1294
22122,1634,1295
9465,1634,1296
17601,1652,1297
11504,1654,1298
11225,1654,1299
5978,1654,1300
14553,1654,1301
14527,1664,1302
23440,1667,1303
13064,1667,1304
2880,1667,1305
3252,1667,1306
4532,1667,1307
17601,1668,1308
3107,1669,1309
15731,1669,1310
21933,1697,1311
9706,1697,1312
18559,1697,1313
2538,1697,1314
6264,1697,1315
7184,1697,1316
16174,1697,1317
16708,1697,1318
15438,1697,1319
16456,1697,1320
9467,1697,1321
18217,1697,1322
8277,1697,1323
10007,1697,1324
8656,1697,1325
8328,1697,1326
13953,1697,1327
12514,1697,1328
12876,1697,1329
10348,1697,1330
13199,1700,1331
17161,1700,1332
12979,1700,1333
1189,1700,1334
13386,1700,1335
16796,1700,1336
21270,1700,1337
18492,1700,1338
9525,1700,1339
3098,1700,1340
2783,1700,1341
3996,1700,1342
8976,1700,1343
10769,1700,1344
11520,1700,1345
7442,1700,1346
17601,1705,1347
18013,1709,1348
18843,1709,1349
11304,1709,1350
18309,1709,1351
21436,1709,1352
6537,1709,1353
1301,1709,1354
3375,1709,1355
5489,1709,1356
2025,1709,1357
14489,1709,1358
22371,1709,1359
4438,1712,1360
709,1712,1361
20719,1712,1362
3468,1712,1363
20505,1712,1364
17781,1712,1365
14290,1712,1366
12054,1712,1367
6683,1712,1368
21448,1712,1369
6936,1713,1370
4454,1713,1371
14453,1713,1372
17423,1713,1373
16538,1713,1374
15544,1713,1375
6106,1713,1376
6277,1713,1377
15203,1713,1378
12515,1713,1379
17601,1719,1380
19285,1736,1381
14851,1736,1382
7283,1736,1383
5694,1736,1384
3664,1736,1385
17707,1736,1386
1132,1736,1387
11139,1736,1388
5271,1736,1389
14549,1736,1390
16386,1755,1391
17777,1755,1392
18541,1755,1393
15162,1755,1394
156,1755,1395
12314,1755,1396
2321,1755,1397
21203,1755,1398
21218,1755,1399
21337,1755,1400
24619,1755,1401
23064,1759,1402
15015,1759,1403
18322,1759,1404
13177,1759,1405
7227,1759,1406
7163,1759,1407
1970,1759,1408
1093,1759,1409
856,1759,1410
1086,1759,1411
11981,1759,1412
11801,1759,1413
21928,1767,1414
8722,1767,1415
10823,1767,1416
23879,1775,1417
1132,1775,1418
16886,1775,1419
23791,1775,1420
23211,1775,1421
2027,1775,1422
6890,1775,1423
7509,1775,1424
15513,1775,1425
1895,1775,1426
24792,1776,1427
5830,1776,1428
6923,1776,1429
9940,1776,1430
20818,1776,1431
21021,1776,1432
20575,1776,1433
23166,1776,1434
22715,1776,1435
21080,1776,1436
8241,1776,1437
22186,1776,1438
22631,1776,1439
17601,1778,1440
21956,1780,1441
489,1780,1442
14776,1780,1443
11816,1780,1444
10196,1780,1445
8170,1780,1446
8220,1780,1447
6792,1780,1448
19853,1780,1449
17676,1780,1450
2668,1780,1451
799,1780,1452
21387,1780,1453
9353,1780,1454
1796,1780,1455
4238,1780,1456
17601,1781,1457
6221,1785,1458
8542,1785,1459
12958,1785,1460
12521,1785,1461
11843,1785,1462
17061,1805,1463
13922,1805,1464
4725,1805,1465
4714,1805,1466
4605,1805,1467
3785,1805,1468
2529,1805,1469
23878,1805,1470
22592,1805,1471
22584,1805,1472
22554,1805,1473
22241,1805,1474
3633,1805,1475
24083,1805,1476
1358,1805,1477
8011,1829,1478
14613,1829,1479
23755,1829,1480
23433,1829,1481
3049,1829,1482
2776,1829,1483
3604,1829,1484
24477,1829,1485
1879,1829,1486
10005,1829,1487
12036,1829,1488
18639,1829,1489
10131,1829,1490
13462,1829,1491
9659,1829,1492
4335,1829,1493
9244,1832,1494
10431,1832,1495
1593,1832,1496
13292,1832,1497
7975,1832,1498
7557,1832,1499
2849,1832,1500
17841,1832,1501
16727,1832,1502
11508,1832,1503
5817,1836,1504
10635,1836,1505
5531,1836,1506
2956,1836,1507
17207,1836,1508
3069,1836,1509
11631,1836,1510
347,1836,1511
20819,1836,1512
22084,1836,1513
24382,1836,1514
24198,1836,1515
24638,1836,1516
12766,1836,1517
9933,1841,1518
9898,1841,1519
12700,1841,1520
22728,1841,1521
9932,1841,1522
2648,1841,1523
7517,1841,1524
6664,1841,1525
19401,1841,1526
15479,1841,1527
24832,1841,1528
1801,1851,1529
15841,1851,1530
10879,1851,1531
4740,1851,1532
10206,1851,1533
12908,1851,1534
20905,1851,1535
22950,1851,1536
9639,1851,1537
22642,1851,1538
23326,1851,1539
4382,1851,1540
3938,1851,1541
2652,1851,1542
17601,1854,1543
4691,1855,1544
13010,1855,1545
17161,1855,1546
24,1855,1547
17001,1862,1548
14927,1862,1549
3898,1862,1550
13844,1862,1551
11328,1867,1552
12376,1867,1553
17601,1870,1554
921,1876,1555
4897,1876,1556
5306,1876,1557
13031,1876,1558
3796,1876,1559
7668,1876,1560
6720,1876,1561
18201,1880,1562
8405,1880,1563
8481,1880,1564
1160,1880,1565
15695,1880,1566
15542,1880,1567
10886,1880,1568
22116,1880,1569
14000,1880,1570
11133,1880,1571
17601,1882,1572
1023,1886,1573
13508,1886,1574
17481,1886,1575
17561,1886,1576
21865,1886,1577
1738,1888,1578
5211,1888,1579
752,1888,1580
9931,1888,1581
9224,1888,1582
8778,1888,1583
5607,1888,1584
3649,1888,1585
11189,1888,1586
2309,1888,1587
3247,1888,1588
7578,1888,1589
24009,1888,1590
23185,1888,1591
10540,1888,1592
21084,1888,1593
1814,1907,1594
5032,1907,1595
17001,1907,1596
17166,1907,1597
18772,1907,1598
5266,1907,1599
14122,1907,1600
12514,1907,1601
10426,1907,1602
18333,1907,1603
3918,1912,1604
22650,1912,1605
24565,1912,1606
18705,1912,1607
23229,1912,1608
7190,1912,1609
4064,1912,1610
10775,1912,1611
14422,1912,1612
17113,1912,1613
23670,1912,1614
1299,1912,1615
3401,1912,1616
9704,1912,1617
6241,1912,1618
17601,1915,1619
3337,1916,1620
23490,1916,1621
20496,1916,1622
23209,1916,1623
10053,1916,1624
746,1916,1625
13426,1916,1626
2271,1916,1627
6959,1916,1628
5078,1916,1629
12195,1916,1630
18024,1916,1631
13966,1921,1632
5467,1921,1633
19860,1921,1634
23417,1921,1635
18445,1921,1636
19176,1921,1637
23045,1921,1638
22174,1921,1639
11931,1921,1640
5347,1921,1641
8473,1921,1642
17505,1921,1643
6368,1921,1644
8779,1921,1645
1599,1921,1646
20084,1924,1647
1861,1924,1648
18957,1924,1649
8069,1924,1650
14959,1924,1651
2233,1924,1652
6245,1924,1653
7911,1924,1654
17601,1943,1655
7645,1944,1656
18376,1944,1657
570,1944,1658
24612,1944,1659
22706,1944,1660
20652,1944,1661
23949,1944,1662
15137,1944,1663
17125,1944,1664
1266,1944,1665
20953,1948,1666
8509,1948,1667
14083,1948,1668
10924,1948,1669
8399,1961,1670
10875,1961,1671
10794,1961,1672
20934,1961,1673
17407,1961,1674
12195,1961,1675
15987,1961,1676
20250,1961,1677
4623,1961,1678
11684,1961,1679
23741,1963,1680
23085,1963,1681
22556,1963,1682
23778,1963,1683
13688,1963,1684
9778,1963,1685
8460,1963,1686
21427,1963,1687
3082,1963,1688
7647,1963,1689
12597,1970,1690
9894,1970,1691
23991,1982,1692
20965,1982,1693
17233,1982,1694
10582,1982,1695
18162,1982,1696
8694,1982,1697
6194,1982,1698
20916,1982,1699
8768,1982,1700
1238,1982,1701
4235,1986,1702
23729,1986,1703
7288,1986,1704
2821,1990,1705
4897,1990,1706
19451,1990,1707
19536,1990,1708
1569,1990,1709
2471,1990,1710
883,1990,1711
18083,1990,1712
24274,1990,1713
22465,1990,1714
16453,1990,1715
14198,1990,1716
12166,1990,1717
11131,1990,1718
6507,1990,1719
6110,1990,1720
24221,1990,1721
17196,1990,1722
18713,1996,1723
17862,1996,1724
17484,1996,1725
17620,1996,1726
15279,1996,1727
12795,1996,1728
18714,1996,1729
20078,1996,1730
7780,1996,1731
3093,1996,1732
3057,1996,1733
2658,1996,1734
9322,1996,1735
8670,1996,1736
4294,1996,1737
3369,1996,1738
10538,1996,1739
6657,1996,1740
17601,2008,1741
10458,2041,1742
6630,2041,1743
6592,2041,1744
4588,2041,1745
1288,2041,1746
18492,2041,1747
17975,2041,1748
24248,2041,1749
23249,2041,1750
17160,2041,1751
12400,2041,1752
19879,2041,1753
9068,2041,1754
10365,2041,1755
8998,2041,1756
8593,2041,1757
10901,2041,1758
18613,2052,1759
22284,2052,1760
10921,2052,1761
18387,2052,1762
16834,2052,1763
19933,2052,1764
12642,2052,1765
1338,2052,1766
11955,2052,1767
276,2052,1768
20626,2052,1769
20345,2052,1770
18884,2052,1771
10654,2052,1772
22581,2052,1773
21843,2052,1774
11705,2054,1775
11327,2054,1776
20007,2054,1777
11881,2054,1778
11443,2054,1779
21819,2054,1780
2024,2054,1781
10643,2054,1782
14809,2054,1783
16346,2054,1784
17601,2069,1785
17601,2080,1786
8213,2081,1787
10774,2081,1788
17299,2081,1789
18066,2081,1790
18491,2081,1791
20402,2081,1792
13573,2081,1793
5529,2081,1794
11264,2081,1795
7560,2083,1796
12601,2083,1797
12330,2083,1798
13567,2083,1799
8946,2083,1800
24559,2083,1801
1528,2096,1802
549,2096,1803
22590,2096,1804
4563,2096,1805
4327,2096,1806
15358,2096,1807
16618,2096,1808
23129,2096,1809
23790,2096,1810
19857,2096,1811
15092,2096,1812
7683,2096,1813
5230,2096,1814
6514,2096,1815
11215,2096,1816
11192,2096,1817
6892,2096,1818
9734,2096,1819
17601,2098,1820
13543,2102,1821
17304,2102,1822
17350,2102,1823
11698,2102,1824
7856,2102,1825
7073,2102,1826
5598,2102,1827
20593,2102,1828
18804,2102,1829
21107,2102,1830
19368,2114,1831
18266,2114,1832
23113,2114,1833
2895,2114,1834
11897,2114,1835
16589,2114,1836
16331,2114,1837
3866,2114,1838
4369,2114,1839
10723,2114,1840
11682,2114,1841
9656,2114,1842
3470,2134,1843
1733,2134,1844
9000,2134,1845
17744,2134,1846
20905,2134,1847
23555,2134,1848
23548,2134,1849
16175,2134,1850
8531,2134,1851
13898,2134,1852
7659,2134,1853
11503,2138,1854
15073,2151,1855
1799,2151,1856
20655,2151,1857
11472,2151,1858
3009,2151,1859
24402,2157,1860
12753,2157,1861
4078,2157,1862
19409,2157,1863
12594,2157,1864
24141,2157,1865
14256,2157,1866
2395,2157,1867
2781,2157,1868
403,2167,1869
8220,2167,1870
3888,2167,1871
2212,2167,1872
20491,2167,1873
18666,2167,1874
18223,2167,1875
16690,2167,1876
22127,2167,1877
20973,2167,1878
20894,2167,1879
8983,2167,1880
15278,2167,1881
14465,2167,1882
5222,2167,1883
1613,2167,1884
8519,2167,1885
11324,2167,1886
117,2191,1887
18415,2191,1888
17378,2191,1889
21604,2191,1890
685,2191,1891
952,2191,1892
15273,2191,1893
18634,2191,1894
19733,2191,1895
4358,2191,1896
15048,2191,1897
11419,2191,1898
2558,2191,1899
4644,2191,1900
955,2191,1901
4954,2191,1902
22268,2202,1903
6184,2202,1904
22009,2202,1905
13190,2202,1906
347,2202,1907
20359,2202,1908
10318,2202,1909
12624,2202,1910
12977,2202,1911
5327,2202,1912
4045,2202,1913
10910,2202,1914
2463,2202,1915
12187,2202,1916
19081,2204,1917
16874,2211,1918
50,2211,1919
9874,2211,1920
1155,2211,1921
10223,2211,1922
17601,2218,1923
5720,2224,1924
6631,2224,1925
17347,2224,1926
20210,2224,1927
6950,2224,1928
1173,2224,1929
7710,2224,1930
20180,2224,1931
5227,2224,1932
16538,2224,1933
22287,2233,1934
23211,2233,1935
16301,2233,1936
22124,2233,1937
4485,2233,1938
18335,2233,1939
13797,2233,1940
12770,2233,1941
1188,2233,1942
12503,2233,1943
12374,2244,1944
13000,2244,1945
3637,2244,1946
10000,2244,1947
8339,2251,1948
5224,2261,1949
7558,2264,1950
22687,2264,1951
15530,2264,1952
11089,2264,1953
6689,2264,1954
8476,2264,1955
64,2264,1956
11359,2264,1957
20243,2264,1958
238,2264,1959
24730,2264,1960
20001,2264,1961
1148,2264,1962
5466,2264,1963
736,2264,1964
1471,2264,1965
17601,2276,1966
17601,2288,1967
17601,2293,1968
1390,2297,1969
20929,2297,1970
22904,2297,1971
15041,2297,1972
15748,2298,1973
15749,2298,1974
4187,2298,1975
11932,2298,1976
13315,2298,1977
14006,2298,1978
11950,2298,1979
9025,2298,1980
11434,2298,1981
9857,2298,1982
1723,2298,1983
3840,2298,1984
15587,2298,1985
1280,2298,1986
17601,2304,1987
17601,2324,1988
389,2345,1989
5221,2345,1990
17601,2355,1991
4037,2358,1992
10961,2358,1993
13108,2358,1994
17601,2359,1995
17601,2380,1996
8103,2390,1997
11482,2390,1998
10704,2390,1999
5868,2390,2000
18981,2390,2001
12570,2390,2002
19138,2390,2003
19009,2390,2004
21049,2390,2005
17772,2390,2006
19912,2390,2007
8629,2390,2008
5933,2390,2009
24850,2390,2010
15768,2390,2011
14510,2390,2012
9970,2395,2013
11948,2395,2014
16736,2395,2015
4196,2395,2016
19727,2395,2017
5744,2395,2018
23250,2395,2019
21803,2395,2020
10320,2395,2021
23746,2395,2022
20452,2395,2023
16911,2395,2024
4328,2395,2025
10449,2395,2026
19181,2398,2027
19487,2398,2028
19594,2398,2029
20597,2398,2030
20127,2398,2031
11246,2398,2032
10623,2398,2033
14040,2398,2034
3132,2398,2035
4090,2398,2036
6487,2398,2037
8538,2398,2038
22876,2398,2039
9883,2398,2040
17601,2426,2041
17601,2427,2042
636,2431,2043
18630,2431,2044
15073,2431,2045
12603,2431,2046
24026,2431,2047
9142,2431,2048
11328,2431,2049
21824,2431,2050
19159,2431,2051
3199,2431,2052
20343,2431,2053
4942,2437,2054
12717,2437,2055
19796,2437,2056
9941,2437,2057
20645,2437,2058
20786,2437,2059
6428,2437,2060
9888,2437,2061
813,2437,2062
6594,2437,2063
1063,2437,2064
1810,2437,2065
21180,2464,2066
24702,2464,2067
17443,2464,2068
10603,2464,2069
353,2464,2070
7723,2464,2071
903,2464,2072
20583,2464,2073
21791,2464,2074
237,2464,2075
1364,2476,2076
2527,2476,2077
3723,2476,2078
15491,2476,2079
14941,2476,2080
5366,2476,2081
23977,2476,2082
9639,2476,2083
14234,2476,2084
14596,2476,2085
13000,2476,2086
24112,2476,2087
23224,2476,2088
17725,2476,2089
6180,2476,2090
17601,2479,2091
20385,2524,2092
11997,2524,2093
19955,2524,2094
7718,2526,2095
14082,2526,2096
10809,2526,2097
9188,2526,2098
8048,2526,2099
9398,2526,2100
9835,2526,2101
2267,2526,2102
16141,2526,2103
23250,2526,2104
9882,2529,2105
339,2529,2106
15740,2529,2107
9373,2529,2108
7692,2529,2109
7835,2529,2110
9022,2529,2111
15699,2529,2112
1125,2529,2113
3078,2529,2114
7125,2529,2115
16384,2529,2116
17475,2529,2117
18102,2529,2118
19060,2529,2119
1118,2529,2120
2194,2529,2121
10599,2532,2122
21032,2532,2123
18796,2532,2124
15192,2532,2125
12925,2532,2126
12263,2532,2127
10629,2532,2128
24262,2532,2129
23762,2532,2130
6800,2532,2131
4647,2532,2132
3593,2532,2133
3424,2532,2134
3262,2532,2135
370,2532,2136
23491,2544,2137
9421,2544,2138
22427,2544,2139
24551,2544,2140
18696,2544,2141
17601,2552,2142
17601,2557,2143
2177,2558,2144
6598,2558,2145
9357,2558,2146
664,2558,2147
21560,2558,2148
10172,2558,2149
10536,2558,2150
15299,2558,2151
17650,2558,2152
20096,2566,2153
13150,2566,2154
11042,2566,2155
15164,2566,2156
18989,2566,2157
19808,2566,2158
8732,2566,2159
438,2566,2160
6365,2566,2161
6466,2566,2162
10569,2566,2163
16980,2566,2164
15480,2566,2165
20414,2566,2166
4485,2566,2167
17001,2566,2168
15348,2566,2169
8235,2566,2170
16565,2566,2171
4474,2581,2172
251,2581,2173
8446,2581,2174
9786,2581,2175
9035,2581,2176
8835,2581,2177
21352,2581,2178
14029,2581,2179
23696,2581,2180
19550,2581,2181
9359,2581,2182
7753,2581,2183
6353,2581,2184
704,2587,2185
3541,2587,2186
1976,2587,2187
19339,2590,2188
17491,2590,2189
23321,2590,2190
8378,2590,2191
8078,2590,2192
6446,2590,2193
23702,2590,2194
4762,2590,2195
15448,2590,2196
10984,2590,2197
5292,2590,2198
23967,2590,2199
20129,2590,2200
5195,2591,2201
3206,2591,2202
18783,2591,2203
8447,2591,2204
18435,2591,2205
6696,2591,2206
739,2591,2207
24025,2591,2208
23573,2591,2209
551,2591,2210
2525,2591,2211
17007,2591,2212
14399,2591,2213
22758,2591,2214
18838,2595,2215
20484,2595,2216
10195,2595,2217
11365,2595,2218
320,2595,2219
4027,2595,2220
9370,2595,2221
3942,2595,2222
18522,2595,2223
15481,2595,2224
16330,2602,2225
7978,2602,2226
22934,2602,2227
1188,2602,2228
22291,2602,2229
18213,2609,2230
20336,2609,2231
23267,2609,2232
7656,2609,2233
650,2609,2234
17707,2609,2235
11569,2609,2236
3094,2609,2237
16538,2615,2238
21487,2615,2239
12141,2615,2240
24685,2615,2241
17601,2621,2242
17601,2623,2243
17601,2636,2244
9573,2660,2245
2484,2660,2246
22810,2660,2247
953,2660,2248
16741,2660,2249
14202,2660,2250
11583,2660,2251
6957,2660,2252
174,2660,2253
14926,2660,2254
18661,2660,2255
21098,2660,2256
16516,2660,2257
16133,2674,2258
12097,2674,2259
3758,2674,2260
14763,2674,2261
5462,2674,2262
5408,2674,2263
19531,2674,2264
15635,2674,2265
12353,2674,2266
17591,2674,2267
13918,2677,2268
17973,2677,2269
8209,2677,2270
5614,2677,2271
7520,2678,2272
19199,2678,2273
6984,2678,2274
4175,2678,2275
21221,2678,2276
16358,2678,2277
18583,2678,2278
227,2678,2279
1172,2678,2280
12665,2678,2281
17601,2686,2282
16800,2689,2283
23178,2689,2284
11002,2689,2285
24139,2689,2286
6094,2689,2287
3436,2689,2288
4073,2689,2289
20987,2689,2290
13824,2689,2291
5860,2703,2292
24253,2703,2293
18886,2703,2294
503,2703,2295
525,2703,2296
24025,2704,2297
20180,2704,2298
22489,2704,2299
11010,2704,2300
9824,2704,2301
6269,2704,2302
24838,2704,2303
5629,2704,2304
3119,2704,2305
1685,2709,2306
7010,2709,2307
15081,2709,2308
9347,2709,2309
14553,2709,2310
9874,2710,2311
11911,2710,2312
8240,2710,2313
24665,2710,2314
4868,2712,2315
20214,2712,2316
23302,2712,2317
520,2712,2318
20624,2713,2319
23739,2713,2320
10988,2713,2321
7656,2713,2322
5227,2713,2323
19136,2713,2324
17601,2714,2325
3330,2715,2326
6644,2715,2327
5649,2715,2328
9230,2715,2329
21574,2715,2330
10928,2732,2331
21219,2732,2332
20061,2732,2333
12018,2732,2334
24715,2732,2335
9889,2732,2336
723,2732,2337
16888,2732,2338
15192,2732,2339
12474,2732,2340
12163,2732,2341
1246,2732,2342
10294,2732,2343
7371,2732,2344
2542,2732,2345
10301,2732,2346
21043,2736,2347
11377,2736,2348
23393,2736,2349
631,2736,2350
8358,2759,2351
2875,2759,2352
16772,2759,2353
11446,2759,2354
20325,2759,2355
16959,2759,2356
17162,2759,2357
20855,2759,2358
2826,2759,2359
3705,2759,2360
7335,2759,2361
13036,2759,2362
6030,2759,2363
6439,2759,2364
4261,2759,2365
23938,2764,2366
13744,2764,2367
20911,2764,2368
8263,2764,2369
1155,2764,2370
15317,2770,2371
3273,2770,2372
24176,2770,2373
14449,2770,2374
9656,2770,2375
12997,2770,2376
6712,2770,2377
6270,2770,2378
12198,2770,2379
12491,2770,2380
16682,2770,2381
16006,2770,2382
23447,2770,2383
24634,2775,2384
20429,2775,2385
23356,2775,2386
5844,2775,2387
9512,2775,2388
9144,2775,2389
6684,2775,2390
10322,2775,2391
2750,2775,2392
2479,2775,2393
22998,2781,2394
19960,2781,2395
5227,2781,2396
4214,2783,2397
12656,2783,2398
8588,2783,2399
20706,2783,2400
23836,2783,2401
11682,2783,2402
3357,2783,2403
4202,2783,2404
4868,2783,2405
5336,2783,2406
19094,2783,2407
13742,2783,2408
15016,2783,2409
14202,2783,2410
17601,2791,2411
17601,2793,2412
17601,2795,2413
17601,2808,2414
17601,2816,2415
885,2827,2416
6862,2829,2417
1732,2829,2418
11962,2829,2419
20591,2829,2420
21584,2838,2421
1953,2838,2422
19966,2838,2423
9503,2838,2424
23044,2838,2425
880,2838,2426
2563,2838,2427
1183,2838,2428
3915,2838,2429
1018,2838,2430
22180,2838,2431
21076,2838,2432
14854,2838,2433
6180,2838,2434
5707,2838,2435
315,2843,2436
4730,2843,2437
20951,2848,2438
11383,2848,2439
16556,2848,2440
14267,2848,2441
6142,2848,2442
4158,2848,2443
17919,2848,2444
18725,2848,2445
24034,2848,2446
18707,2848,2447
17495,2848,2448
21640,2848,2449
17894,2848,2450
3237,2850,2451
16044,2850,2452
13436,2850,2453
10107,2850,2454
13209,2850,2455
3413,2850,2456
1718,2850,2457
2630,2850,2458
16537,2850,2459
20402,2850,2460
22771,2850,2461
23113,2850,2462
431,2850,2463
20134,2850,2464
16448,2850,2465
13098,2860,2466
6486,2860,2467
16806,2860,2468
17912,2860,2469
11690,2860,2470
36,2860,2471
21831,2860,2472
20611,2860,2473
20476,2860,2474
19678,2860,2475
3687,2860,2476
4164,2860,2477
19314,2860,2478
15854,2860,2479
23089,2860,2480
19259,2860,2481
10070,2860,2482
18532,2860,2483
13253,2861,2484
9452,2861,2485
23873,2861,2486
22105,2861,2487
6395,2861,2488
21586,2861,2489
21849,2861,2490
19240,2861,2491
18030,2861,2492
17452,2861,2493
19985,2861,2494
645,2861,2495
15567,2861,2496
22206,2861,2497
24255,2861,2498
8474,2861,2499
17601,2874,2500
11145,2878,2501
12188,2878,2502
10659,2878,2503
23450,2878,2504
17601,2894,2505
17601,2898,2506
6441,2902,2507
13436,2902,2508
8992,2902,2509
17601,2906,2510
3275,2919,2511
7009,2919,2512
8275,2919,2513
11847,2919,2514
20475,2919,2515
1666,2919,2516
20243,2919,2517
10016,2919,2518
9836,2919,2519
16020,2919,2520
15765,2941,2521
2457,2941,2522
5636,2941,2523
23696,2941,2524
24355,2941,2525
23959,2941,2526
20297,2941,2527
20703,2941,2528
1221,2941,2529
5740,2941,2530
6866,2941,2531
10576,2941,2532
9130,2941,2533
22584,2941,2534
6792,2941,2535
15184,2941,2536
14296,2941,2537
17601,2956,2538
17601,2976,2539
14044,2981,2540
10373,2981,2541
13744,2981,2542
17001,2981,2543
17601,2986,2544
1644,2996,2545
24798,2996,2546
12672,2996,2547
4641,2996,2548
13911,3010,2549
7805,3010,2550
10242,3010,2551
10790,3010,2552
18430,3010,2553
15395,3010,2554
18459,3010,2555
20987,3010,2556
21442,3010,2557
24831,3010,2558
1730,3010,2559
1873,3010,2560
3567,3010,2561
18559,3010,2562
1694,3014,2563
2834,3014,2564
14822,3014,2565
16541,3014,2566
20515,3014,2567
1366,3014,2568
4272,3014,2569
8555,3014,2570
13973,3014,2571
10556,3014,2572
1182,3014,2573
23079,3020,2574
23206,3020,2575
16511,3020,2576
17940,3020,2577
14988,3020,2578
7331,3020,2579
2690,3020,2580
7023,3020,2581
4737,3020,2582
12975,3020,2583
17630,3024,2584
6629,3024,2585
3360,3025,2586
19405,3025,2587
3075,3025,2588
4705,3025,2589
8543,3025,2590
6456,3025,2591
8745,3025,2592
15179,3025,2593
15746,3025,2594
10973,3025,2595
15241,3027,2596
18166,3027,2597
22285,3027,2598
1612,3027,2599
23664,3027,2600
4202,3027,2601
2531,3027,2602
6304,3027,2603
5470,3027,2604
7074,3027,2605
7081,3027,2606
17044,3027,2607
13530,3027,2608
10399,3027,2609
13520,3027,2610
10129,3027,2611
17601,3031,2612
11624,3037,2613
12164,3037,2614
11520,3037,2615
11581,3037,2616
16844,3037,2617
22151,3037,2618
14789,3037,2619
13631,3037,2620
9343,3037,2621
5260,3037,2622
22504,3037,2623
10035,3037,2624
17601,3046,2625
10935,3049,2626
24236,3049,2627
20914,3049,2628
5540,3049,2629
1188,3049,2630
17601,3050,2631
16538,3058,2632
9002,3058,2633
11777,3058,2634
22287,3058,2635
20703,3058,2636
19533,3058,2637
3107,3058,2638
4472,3058,2639
17601,3067,2640
16897,3071,2641
11899,3078,2642
9970,3078,2643
1644,3078,2644
2570,3078,2645
17601,3087,2646
15878,3091,2647
14765,3091,2648
22390,3091,2649
17671,3091,2650
961,3091,2651
1282,3091,2652
13095,3091,2653
13177,3091,2654
13801,3091,2655
20134,3091,2656
11682,3091,2657
10995,3091,2658
4942,3091,2659
3129,3091,2660
17804,3097,2661
17649,3097,2662
19980,3105,2663
5541,3105,2664
8039,3105,2665
12971,3105,2666
10223,3105,2667
9972,3105,2668
15273,3105,2669
17752,3105,2670
18582,3105,2671
11811,3105,2672
14299,3105,2673
16995,3105,2674
2692,3105,2675
18798,3105,2676
17229,3105,2677
3364,3105,2678
4740,3105,2679
117,3105,2680
3778,3105,2681
17601,3115,2682
8880,3125,2683
23023,3125,2684
17601,3127,2685
17601,3132,2686
17601,3152,2687
17601,3157,2688
14407,3162,2689
7770,3162,2690
21781,3162,2691
14449,3162,2692
23251,3162,2693
13519,3164,2694
8630,3164,2695
4773,3164,2696
4774,3164,2697
14203,3164,2698
20389,3164,2699
21561,3164,2700
22820,3164,2701
22057,3164,2702
21940,3164,2703
21930,3164,2704
22989,3164,2705
10206,3176,2706
9331,3176,2707
8349,3176,2708
11014,3176,2709
11359,3176,2710
14526,3176,2711
732,3176,2712
3692,3176,2713
1079,3176,2714
2880,3176,2715
10654,3176,2716
16872,3176,2717
22998,3176,2718
3938,3184,2719
4113,3184,2720
23788,3184,2721
14795,3184,2722
10000,3184,2723
13856,3184,2724
21030,3184,2725
23582,3184,2726
3184,3184,2727
948,3184,2728
18587,3184,2729
19850,3184,2730
19023,3184,2731
22465,3184,2732
23795,3184,2733
4920,3184,2734
7451,3188,2735
8381,3188,2736
22488,3188,2737
23258,3188,2738
10915,3188,2739
10912,3188,2740
16222,3188,2741
16733,3188,2742
14314,3188,2743
14156,3188,2744
10879,3190,2745
15566,3190,2746
150,3190,2747
1195,3190,2748
23654,3190,2749
23702,3190,2750
1725,3190,2751
6102,3190,2752
6904,3190,2753
9055,3190,2754
20130,3193,2755
14062,3193,2756
24461,3195,2757
668,3195,2758
1543,3195,2759
9988,3195,2760
11576,3195,2761
5443,3195,2762
11653,3195,2763
11619,3195,2764
14937,3195,2765
14545,3195,2766
23060,3195,2767
18660,3195,2768
17736,3195,2769
15017,3195,2770
16360,3221,2771
23939,3221,2772
19380,3221,2773
24046,3221,2774
15294,3221,2775
13711,3221,2776
12565,3221,2777
20656,3221,2778
23133,3221,2779
17601,3241,2780
17601,3244,2781
16883,3259,2782
6987,3259,2783
21909,3259,2784
1063,3266,2785
23154,3266,2786
18457,3266,2787
529,3266,2788
23318,3266,2789
23358,3266,2790
5465,3266,2791
4611,3266,2792
239,3266,2793
64,3266,2794
14993,3266,2795
8418,3266,2796
24224,3266,2797
4692,3266,2798
13838,3268,2799
16252,3268,2800
11999,3268,2801
19312,3268,2802
6712,3268,2803
11002,3268,2804
22839,3268,2805
3321,3268,2806
2552,3268,2807
3100,3268,2808
1508,3268,2809
20474,3268,2810
20098,3268,2811
1569,3268,2812
20013,3268,2813
3436,3268,2814
4540,3283,2815
10382,3283,2816
14044,3287,2817
18358,3287,2818
3013,3287,2819
18526,3287,2820
10091,3288,2821
9572,3288,2822
14306,3288,2823
20184,3288,2824
21248,3288,2825
15524,3288,2826
10555,3288,2827
10527,3288,2828
22148,3288,2829
5688,3288,2830
22554,3288,2831
20461,3288,2832
2930,3288,2833
21681,3288,2834
23640,3288,2835
22779,3301,2836
3622,3301,2837
18985,3301,2838
23076,3301,2839
22028,3301,2840
23240,3301,2841
12514,3301,2842
4073,3301,2843
15853,3301,2844
8992,3301,2845
9032,3301,2846
6790,3301,2847
4898,3301,2848
10867,3301,2849
8696,3301,2850
19344,3301,2851
4580,3302,2852
1584,3302,2853
853,3302,2854
21162,3302,2855
24806,3302,2856
14091,3302,2857
10157,3302,2858
14600,3302,2859
7509,3302,2860
8069,3302,2861
4584,3302,2862
5270,3302,2863
4579,3302,2864
14759,3302,2865
9842,3302,2866
11692,3316,2867
11001,3316,2868
1505,3316,2869
5182,3316,2870
24203,3316,2871
5875,3316,2872
17972,3316,2873
22960,3316,2874
20987,3316,2875
8928,3330,2876
8055,3330,2877
10795,3330,2878
23613,3339,2879
21542,3339,2880
18411,3339,2881
9202,3339,2882
23184,3339,2883
18482,3339,2884
7215,3339,2885
4733,3339,2886
11867,3339,2887
4134,3339,2888
8471,3339,2889
11259,3339,2890
18601,3363,2891
807,3363,2892
14381,3363,2893
14334,3363,2894
14670,3363,2895
15121,3363,2896
21843,3363,2897
15324,3363,2898
9682,3363,2899
8220,3363,2900
2729,3363,2901
18916,3372,2902
16683,3372,2903
4149,3372,2904
13237,3372,2905
16745,3372,2906
23301,3372,2907
11328,3372,2908
13188,3372,2909
15928,3372,2910
7948,3372,2911
19693,3372,2912
2728,3372,2913
19421,3379,2914
2737,3379,2915
5384,3379,2916
14021,3379,2917
22994,3399,2918
5303,3399,2919
5828,3403,2920
23423,3403,2921
22120,3403,2922
13728,3403,2923
4947,3403,2924
7227,3403,2925
967,3403,2926
200,3403,2927
17601,3415,2928
2595,3428,2929
23322,3428,2930
9788,3428,2931
7770,3428,2932
14073,3431,2933
15048,3431,2934
8976,3431,2935
12670,3431,2936
7172,3431,2937
24838,3431,2938
961,3431,2939
5609,3431,2940
19727,3431,2941
21708,3434,2942
21590,3434,2943
20638,3434,2944
22349,3434,2945
9585,3434,2946
10045,3434,2947
23120,3434,2948
9821,3434,2949
16270,3434,2950
3847,3434,2951
14385,3434,2952
17601,3435,2953
17601,3437,2954
21235,3443,2955
20021,3480,2956
8242,3480,2957
15406,3480,2958
20093,3480,2959
7577,3480,2960
9811,3480,2961
413,3480,2962
21863,3483,2963
4586,3483,2964
14497,3483,2965
7847,3483,2966
6330,3483,2967
20874,3483,2968
18064,3483,2969
23804,3483,2970
22217,3483,2971
20921,3483,2972
3081,3483,2973
12487,3483,2974
11228,3483,2975
10301,3483,2976
18451,3484,2977
24672,3484,2978
639,3484,2979
16845,3484,2980
13801,3484,2981
8073,3484,2982
12722,3484,2983
12670,3484,2984
62,3484,2985
10070,3484,2986
5647,3484,2987
5709,3484,2988
17601,3499,2989
2645,3506,2990
6720,3506,2991
885,3506,2992
1079,3506,2993
16286,3509,2994
5230,3509,2995
23129,3509,2996
19568,3509,2997
24292,3510,2998
20643,3510,2999
11196,3510,3000
24253,3510,3001
4897,3510,3002
3211,3515,3003
4382,3515,3004
4699,3515,3005
2645,3515,3006
6818,3519,3007
20834,3519,3008
24514,3519,3009
8527,3519,3010
8617,3519,3011
23816,3519,3012
13699,3519,3013
18150,3519,3014
18644,3519,3015
17601,3520,3016
16083,3552,3017
16543,3552,3018
13309,3552,3019
11877,3552,3020
8154,3552,3021
22880,3552,3022
12514,3552,3023
18305,3552,3024
21361,3552,3025
20752,3552,3026
3023,3552,3027
7296,3552,3028
4630,3552,3029
6713,3552,3030
18381,3552,3031
7527,3552,3032
7110,3552,3033
1644,3560,3034
7369,3560,3035
8505,3560,3036
2956,3560,3037
14570,3560,3038
16560,3560,3039
9588,3560,3040
9332,3560,3041
11289,3560,3042
12250,3560,3043
13018,3560,3044
10790,3560,3045
8652,3560,3046
1420,3560,3047
20626,3560,3048
21086,3560,3049
1924,3560,3050
13255,3560,3051
5141,3560,3052
6091,3561,3053
21942,3561,3054
7106,3561,3055
12717,3561,3056
10969,3561,3057
18911,3561,3058
5078,3561,3059
729,3561,3060
14434,3561,3061
19149,3561,3062
3129,3561,3063
12489,3562,3064
17774,3562,3065
10554,3562,3066
12894,3562,3067
24756,3562,3068
1719,3562,3069
12340,3569,3070
17601,3571,3071
6023,3576,3072
5020,3576,3073
10466,3576,3074
10724,3576,3075
2483,3576,3076
197,3576,3077
24544,3576,3078
23845,3576,3079
14751,3576,3080
18117,3576,3081
20642,3576,3082
22832,3576,3083
23668,3576,3084
11251,3576,3085
13341,3576,3086
10382,3588,3087
11196,3588,3088
15797,3588,3089
1425,3588,3090
5443,3588,3091
17601,3589,3092
8060,3591,3093
7853,3591,3094
7089,3591,3095
316,3591,3096
22950,3593,3097
22580,3593,3098
16651,3593,3099
19244,3593,3100
19145,3595,3101
15525,3595,3102
15355,3595,3103
10043,3595,3104
10002,3595,3105
19700,3595,3106
10928,3595,3107
7944,3595,3108
20744,3595,3109
17601,3600,3110
17601,3610,3111
17601,3611,3112
17601,3617,3113
17601,3618,3114
17601,3621,3115
17601,3630,3116
10330,3632,3117
8581,3632,3118
15857,3632,3119
11516,3632,3120
13824,3632,3121
6557,3632,3122
11778,3632,3123
5848,3632,3124
3105,3632,3125
21897,3640,3126
12799,3640,3127
15321,3640,3128
2488,3640,3129
10486,3640,3130
228,3640,3131
1104,3640,3132
9865,3640,3133
9023,3640,3134
17323,3640,3135
5678,3649,3136
11104,3649,3137
24478,3654,3138
16782,3664,3139
13523,3664,3140
4445,3664,3141
22822,3664,3142
21242,3664,3143
21482,3664,3144
17976,3664,3145
22575,3664,3146
21712,3664,3147
4595,3664,3148
8932,3664,3149
6648,3664,3150
12802,3664,3151
21003,3664,3152
3529,3664,3153
4211,3664,3154
5920,3664,3155
6205,3665,3156
13695,3665,3157
13897,3665,3158
4225,3665,3159
6501,3665,3160
15901,3665,3161
21599,3665,3162
826,3666,3163
6710,3666,3164
12501,3666,3165
16745,3666,3166
23174,3666,3167
229,3666,3168
21818,3666,3169
7788,3666,3170
18846,3666,3171
18460,3666,3172
12376,3666,3173
24385,3667,3174
15076,3667,3175
16876,3667,3176
21624,3667,3177
15025,3667,3178
10963,3667,3179
2271,3667,3180
10935,3667,3181
2638,3667,3182
17117,3667,3183
493,3674,3184
13704,3674,3185
17601,3696,3186
17601,3703,3187
2527,3715,3188
3589,3715,3189
20505,3715,3190
18602,3715,3191
957,3715,3192
12369,3715,3193
10511,3715,3194
10867,3715,3195
14643,3715,3196
8968,3715,3197
24088,3719,3198
1816,3719,3199
5988,3719,3200
24739,3719,3201
3221,3719,3202
13341,3719,3203
16421,3719,3204
24150,3719,3205
13347,3719,3206
11129,3719,3207
8269,3719,3208
730,3720,3209
1136,3720,3210
19692,3720,3211
13969,3720,3212
19259,3720,3213
16011,3720,3214
14983,3720,3215
19567,3720,3216
23911,3720,3217
2710,3720,3218
22145,3720,3219
5636,3720,3220
8696,3720,3221
12802,3720,3222
5070,3720,3223
34,3720,3224
4935,3733,3225
4689,3733,3226
2471,3733,3227
8089,3733,3228
22248,3733,3229
17304,3733,3230
21107,3733,3231
9518,3733,3232
10341,3733,3233
11328,3733,3234
5885,3744,3235
11569,3744,3236
4738,3744,3237
17601,3756,3238
5032,3764,3239
11777,3764,3240
10229,3764,3241
13844,3764,3242
20471,3764,3243
3938,3764,3244
21131,3764,3245
6978,3766,3246
6473,3766,3247
24321,3766,3248
11010,3766,3249
12195,3766,3250
12514,3766,3251
20873,3766,3252
19208,3766,3253
14444,3766,3254
24360,3766,3255
17601,3773,3256
17601,3778,3257
8220,3791,3258
15014,3791,3259
17601,3792,3260
23274,3813,3261
19704,3813,3262
21548,3813,3263
4455,3813,3264
1906,3813,3265
748,3813,3266
417,3813,3267
22222,3813,3268
21650,3813,3269
12896,3813,3270
6054,3813,3271
19862,3813,3272
4606,3813,3273
1139,3813,3274
17638,3813,3275
8072,3813,3276
15836,3813,3277
19962,3816,3278
26,3816,3279
17069,3816,3280
1740,3816,3281
2679,3816,3282
4099,3816,3283
4364,3816,3284
6285,3816,3285
6543,3816,3286
10430,3816,3287
13283,3816,3288
16026,3816,3289
19080,3819,3290
1395,3819,3291
1861,3819,3292
12453,3819,3293
4905,3819,3294
7637,3819,3295
8739,3819,3296
15952,3819,3297
3870,3819,3298
16178,3819,3299
12077,3819,3300
9338,3819,3301
10426,3827,3302
3273,3827,3303
1417,3827,3304
3577,3827,3305
24787,3827,3306
17945,3827,3307
17593,3827,3308
14975,3827,3309
1186,3827,3310
7344,3827,3311
9468,3827,3312
13476,3827,3313
23883,3827,3314
21131,3827,3315
7605,3827,3316
17601,3842,3317
17601,3846,3318
21089,3856,3319
24,3856,3320
20294,3856,3321
7851,3856,3322
15284,3858,3323
634,3858,3324
4585,3863,3325
5151,3863,3326
20429,3863,3327
21284,3863,3328
5715,3863,3329
15334,3863,3330
5401,3872,3331
8885,3872,3332
17988,3872,3333
2629,3872,3334
17601,3874,3335
17601,3875,3336
17601,3890,3337
4204,3900,3338
1179,3900,3339
12183,3900,3340
12992,3900,3341
14694,3900,3342
6395,3900,3343
6359,3900,3344
9153,3900,3345
3653,3900,3346
21097,3900,3347
1651,3900,3348
14821,3900,3349
23162,3900,3350
917,3900,3351
23175,3900,3352
22988,3900,3353
5610,3900,3354
20673,3900,3355
23093,3900,3356
17601,3922,3357
17601,3926,3358
17601,3929,3359
17601,3931,3360
17601,3938,3361
20625,3946,3362
22899,3946,3363
7032,3946,3364
20987,3946,3365
12376,3946,3366
2099,3946,3367
961,3946,3368
7576,3946,3369
4408,3946,3370
17601,3964,3371
11783,3970,3372
728,3970,3373
5307,3970,3374
6474,3970,3375
9246,3970,3376
24076,3970,3377
22347,3970,3378
21271,3970,3379
21651,3970,3380
11810,3970,3381
16808,3970,3382
18164,3970,3383
19959,3970,3384
11065,3970,3385
9397,3970,3386
11700,3970,3387
5485,3983,3388
17587,3983,3389
989,3983,3390
1316,3983,3391
8518,3983,3392
2084,3983,3393
4288,3983,3394
6119,3983,3395
8529,3983,3396
8655,3991,3397
239,3991,3398
13636,3991,3399
11053,3991,3400
3640,3991,3401
18259,3991,3402
13965,3991,3403
4743,3991,3404
4512,3991,3405
3922,3991,3406
20252,3991,3407
24262,3991,3408
19399,3991,3409
16016,3991,3410
22275,3999,3411
17780,3999,3412
24010,3999,3413
19906,4008,3414
21963,4008,3415
18604,4008,3416
8048,4014,3417
16345,4014,3418
3518,4014,3419
13911,4014,3420
8097,4014,3421
17601,4015,3422
17601,4026,3423
13524,4027,3424
16989,4027,3425
10646,4027,3426
13389,4027,3427
855,4027,3428
23186,4027,3429
10409,4027,3430
20803,4027,3431
17221,4027,3432
8422,4027,3433
7603,4027,3434
7023,4027,3435
21256,4027,3436
10450,4027,3437
17601,4028,3438
17601,4032,3439
24337,4038,3440
5130,4038,3441
21348,4038,3442
21245,4038,3443
5179,4038,3444
6489,4038,3445
6361,4038,3446
13177,4038,3447
8781,4038,3448
16820,4038,3449
10344,4038,3450
22854,4038,3451
6969,4050,3452
5258,4050,3453
23650,4050,3454
7749,4050,3455
23460,4050,3456
12939,4050,3457
7987,4050,3458
12053,4050,3459
2060,4050,3460
12723,4050,3461
9052,4052,3462
11609,4052,3463
4201,4052,3464
3378,4052,3465
15932,4052,3466
2848,4073,3467
18751,4073,3468
18888,4073,3469
18430,4073,3470
19151,4073,3471
5433,4073,3472
9333,4073,3473
6551,4073,3474
5688,4073,3475
5279,4073,3476
16089,4073,3477
1099,4073,3478
141,4073,3479
6712,4073,3480
14875,4073,3481
17429,4073,3482
16776,4073,3483
5383,4073,3484
20867,4073,3485
12141,4074,3486
11320,4074,3487
21456,4074,3488
14726,4074,3489
17601,4080,3490
16566,4082,3491
1536,4082,3492
3107,4082,3493
17537,4082,3494
18104,4082,3495
17601,4083,3496
19226,4089,3497
18138,4089,3498
9476,4089,3499
9284,4091,3500
6270,4091,3501
16886,4091,3502
14848,4091,3503
3472,4091,3504
17601,4092,3505
19488,4094,3506
11834,4094,3507
16782,4094,3508
14473,4094,3509
15841,4094,3510
22108,4094,3511
17601,4109,3512
20113,4144,3513
10986,4144,3514
7304,4144,3515
3872,4144,3516
11548,4144,3517
995,4144,3518
729,4144,3519
16021,4144,3520
12996,4144,3521
24289,4144,3522
12779,4144,3523
16664,4144,3524
20105,4144,3525
11675,4144,3526
17354,4144,3527
11602,4144,3528
16188,4144,3529
16159,4144,3530
3856,4144,3531
1079,4151,3532
4033,4151,3533
6690,4151,3534
4230,4151,3535
18886,4151,3536
19521,4151,3537
24367,4151,3538
6381,4151,3539
16055,4151,3540
13921,4151,3541
918,4156,3542
11974,4156,3543
10715,4156,3544
24370,4156,3545
22614,4156,3546
6963,4156,3547
21354,4156,3548
15471,4156,3549
5873,4156,3550
3611,4156,3551
14473,4156,3552
13552,4156,3553
10751,4160,3554
17264,4160,3555
9397,4161,3556
8675,4161,3557
6386,4161,3558
1509,4161,3559
17601,4166,3560
17601,4167,3561
9835,4174,3562
8161,4174,3563
6207,4174,3564
11160,4174,3565
17945,4178,3566
5077,4178,3567
10316,4178,3568
8448,4178,3569
11354,4178,3570
17601,4195,3571
17601,4199,3572
17601,4201,3573
6978,4220,3574
7921,4220,3575
10944,4220,3576
2671,4220,3577
6588,4220,3578
6512,4220,3579
5349,4220,3580
11388,4220,3581
4924,4220,3582
3290,4220,3583
16394,4220,3584
2478,4220,3585
9306,4220,3586
16490,4220,3587
14365,4220,3588
958,4220,3589
11582,4220,3590
2815,4220,3591
5153,4220,3592
15414,4224,3593
20616,4224,3594
21031,4224,3595
5267,4248,3596
7966,4248,3597
19303,4248,3598
22511,4248,3599
18651,4248,3600
13704,4248,3601
18788,4248,3602
9760,4248,3603
20308,4248,3604
7949,4262,3605
2843,4262,3606
8943,4262,3607
18227,4262,3608
17601,4269,3609
11328,4279,3610
21058,4279,3611
12552,4279,3612
17601,4285,3613
587,4287,3614
577,4287,3615
13859,4287,3616
22140,4287,3617
24262,4287,3618
1632,4287,3619
14801,4287,3620
5101,4287,3621
581,4287,3622
21950,4287,3623
17601,4297,3624
437,4299,3625
1042,4299,3626
19134,4299,3627
19086,4299,3628
19237,4299,3629
21818,4299,3630
20914,4299,3631
14236,4299,3632
11032,4299,3633
7935,4299,3634
2630,4299,3635
1857,4299,3636
1298,4299,3637
1202,4313,3638
2695,4313,3639
11786,4313,3640
2707,4313,3641
6699,4313,3642
7923,4313,3643
20743,4313,3644
12451,4313,3645
8130,4313,3646
16269,4313,3647
23702,4314,3648
23062,4314,3649
21904,4314,3650
2766,4314,3651
23216,4314,3652
4214,4314,3653
17871,4314,3654
23918,4314,3655
16283,4314,3656
16840,4314,3657
11039,4314,3658
13331,4314,3659
2428,4314,3660
600,4314,3661
9440,4331,3662
24665,4331,3663
23329,4331,3664
13455,4331,3665
5357,4331,3666
4577,4331,3667
12376,4331,3668
885,4331,3669
6556,4331,3670
11469,4331,3671
10049,4331,3672
16257,4331,3673
3692,4331,3674
21010,4351,3675
2880,4351,3676
17601,4367,3677
17601,4372,3678
17601,4376,3679
17601,4377,3680
17601,4381,3681
17601,4391,3682
2909,4395,3683
24695,4395,3684
13528,4395,3685
18548,4408,3686
15785,4408,3687
2520,4408,3688
9585,4416,3689
11785,4416,3690
8351,4416,3691
530,4416,3692
16507,4416,3693
12205,4416,3694
18789,4416,3695
17803,4416,3696
22115,4416,3697
9156,4416,3698
14452,4416,3699
17307,4416,3700
11062,4417,3701
18767,4417,3702
17517,4417,3703
16204,4417,3704
14312,4417,3705
23266,4417,3706
10887,4417,3707
19422,4417,3708
319,4417,3709
602,4417,3710
2081,4417,3711
1532,4417,3712
10730,4417,3713
4508,4417,3714
3392,4417,3715
5636,4417,3716
23812,4421,3717
24572,4421,3718
24142,4421,3719
22928,4421,3720
17712,4421,3721
8953,4421,3722
4535,4421,3723
24581,4421,3724
13595,4421,3725
21852,4421,3726
20436,4421,3727
22903,4421,3728
2895,4421,3729
20063,4421,3730
22359,4421,3731
11412,4421,3732
5606,4421,3733
19206,4421,3734
1858,4423,3735
12976,4423,3736
18078,4423,3737
9136,4423,3738
17820,4423,3739
9127,4423,3740
15230,4423,3741
5809,4423,3742
6553,4423,3743
8012,4423,3744
9518,4431,3745
13000,4431,3746
14444,4431,3747
12396,4431,3748
17601,4443,3749
4848,4445,3750
8996,4445,3751
5828,4445,3752
23654,4445,3753
14751,4445,3754
9405,4445,3755
11612,4445,3756
18122,4445,3757
21102,4445,3758
12512,4447,3759
8161,4447,3760
20423,4447,3761
17601,4454,3762
14062,4458,3763
23322,4458,3764
24,4458,3765
17601,4459,3766
17601,4465,3767
23138,4466,3768
5043,4466,3769
4272,4466,3770
17423,4471,3771
275,4471,3772
3264,4471,3773
12627,4471,3774
10779,4479,3775
12189,4479,3776
7525,4479,3777
10869,4479,3778
14,4479,3779
13713,4479,3780
287,4479,3781
6738,4479,3782
6290,4479,3783
3245,4479,3784
842,4479,3785
2590,4479,3786
13151,4479,3787
4172,4479,3788
138,4479,3789
8879,4479,3790
4088,4479,3791
4096,4479,3792
4089,4479,3793
541,4502,3794
2664,4502,3795
1928,4502,3796
23302,4502,3797
24300,4502,3798
21156,4502,3799
20443,4502,3800
13966,4502,3801
14766,4502,3802
10759,4502,3803
13450,4502,3804
4970,4502,3805
6395,4502,3806
11181,4502,3807
3593,4502,3808
6665,4502,3809
12888,4517,3810
12526,4517,3811
23983,4517,3812
1842,4517,3813
5558,4517,3814
17601,4525,3815
24798,4533,3816
14252,4533,3817
2847,4533,3818
17601,4542,3819
17601,4546,3820
9009,4548,3821
7853,4548,3822
14092,4548,3823
15390,4548,3824
15977,4548,3825
20283,4548,3826
19441,4548,3827
23993,4548,3828
10468,4548,3829
9671,4548,3830
4432,4550,3831
20522,4550,3832
1915,4550,3833
3094,4550,3834
24004,4550,3835
12981,4550,3836
23250,4550,3837
16910,4550,3838
17005,4550,3839
4715,4552,3840
13384,4552,3841
11127,4552,3842
13467,4552,3843
8954,4570,3844
6551,4570,3845
7774,4577,3846
17517,4577,3847
18366,4577,3848
17223,4577,3849
14677,4577,3850
17352,4577,3851
9294,4577,3852
12412,4577,3853
9911,4577,3854
22461,4577,3855
2946,4577,3856
19871,4577,3857
22046,4577,3858
5134,4577,3859
5339,4577,3860
16252,4582,3861
24838,4582,3862
5002,4582,3863
3492,4582,3864
11911,4595,3865
14370,4595,3866
22160,4595,3867
23177,4595,3868
9015,4595,3869
9055,4595,3870
2869,4595,3871
14757,4595,3872
8343,4595,3873
2375,4595,3874
16463,4596,3875
13154,4596,3876
16688,4596,3877
12400,4596,3878
8564,4596,3879
3250,4596,3880
10878,4596,3881
21702,4596,3882
9729,4596,3883
20288,4596,3884
154,4597,3885
9389,4597,3886
11350,4597,3887
13031,4597,3888
5745,4597,3889
20061,4597,3890
13095,4597,3891
19740,4597,3892
7730,4597,3893
5386,4597,3894
4073,4597,3895
3039,4597,3896
21454,4597,3897
22531,4597,3898
21366,4597,3899
7099,4604,3900
20737,4604,3901
20573,4604,3902
19955,4604,3903
23751,4604,3904
23624,4604,3905
8296,4604,3906
20316,4604,3907
17560,4604,3908
24607,4604,3909
21371,4607,3910
842,4607,3911
23634,4607,3912
19784,4607,3913
13745,4607,3914
2470,4616,3915
10135,4616,3916
15448,4616,3917
18051,4616,3918
2818,4616,3919
21792,4616,3920
10657,4616,3921
7469,4616,3922
13591,4616,3923
12933,4616,3924
20294,4616,3925
17601,4625,3926
17601,4626,3927
21139,4629,3928
12178,4629,3929
17601,4630,3930
16736,4634,3931
7890,4634,3932
19499,4634,3933
885,4634,3934
17601,4635,3935
17601,4639,3936
17601,4645,3937
20043,4660,3938
2007,4660,3939
1699,4660,3940
603,4660,3941
23889,4660,3942
21991,4660,3943
21629,4660,3944
14396,4660,3945
2502,4660,3946
17584,4660,3947
4680,4660,3948
3172,4660,3949
15435,4660,3950
18256,4660,3951
17801,4660,3952
13963,4660,3953
12104,4660,3954
15356,4661,3955
16583,4661,3956
14799,4661,3957
4002,4661,3958
4302,4661,3959
15014,4661,3960
7820,4661,3961
19110,4661,3962
24306,4661,3963
5398,4661,3964
17601,4664,3965
24849,4670,3966
10686,4670,3967
4824,4670,3968
2911,4670,3969
16109,4670,3970
11232,4670,3971
18615,4670,3972
21738,4670,3973
24555,4670,3974
24339,4670,3975
20248,4670,3976
20599,4670,3977
19554,4670,3978
20706,4673,3979
3901,4673,3980
20417,4673,3981
14114,4673,3982
16686,4673,3983
193,4673,3984
7852,4673,3985
11725,4673,3986
11249,4673,3987
11224,4673,3988
23062,4673,3989
18166,4673,3990
10606,4673,3991
7580,4673,3992
11898,4673,3993
23272,4673,3994
23118,4673,3995
20113,4673,3996
525,4678,3997
4999,4678,3998
154,4678,3999
2164,4678,4000
16681,4678,4001
9870,4678,4002
14057,4678,4003
18911,4678,4004
20210,4678,4005
20696,4678,4006
10701,4678,4007
13291,4678,4008
11699,4678,4009
9139,4678,4010
2071,4678,4011
3316,4678,4012
10334,4684,4013
6379,4684,4014
13391,4684,4015
22590,4684,4016
2027,4684,4017
2223,4684,4018
23465,4684,4019
2549,4684,4020
4858,4684,4021
19227,4684,4022
8390,4684,4023
16012,4684,4024
9643,4685,4025
5911,4685,4026
22849,4685,4027
12635,4685,4028
21857,4685,4029
21035,4685,4030
13630,4685,4031
4386,4685,4032
5135,4685,4033
6394,4685,4034
12207,4686,4035
15049,4686,4036
10425,4686,4037
15911,4686,4038
17328,4686,4039
17706,4686,4040
17881,4686,4041
24594,4686,4042
13922,4686,4043
8338,4686,4044
3762,4686,4045
3321,4686,4046
2821,4686,4047
291,4686,4048
24667,4686,4049
20418,4686,4050
18202,4686,4051
20916,4690,4052
15958,4690,4053
23322,4690,4054
1824,4690,4055
21801,4690,4056
5852,4690,4057
19991,4690,4058
9352,4690,4059
11083,4690,4060
13280,4690,4061
11782,4690,4062
2642,4693,4063
4900,4693,4064
11741,4693,4065
10580,4693,4066
10443,4693,4067
7303,4693,4068
17928,4693,4069
15985,4693,4070
15853,4693,4071
22844,4693,4072
23174,4693,4073
1393,4693,4074
2360,4693,4075
20452,4693,4076
64,4693,4077
13603,4693,4078
8000,4698,4079
18013,4698,4080
10426,4698,4081
13635,4698,4082
12804,4698,4083
20026,4698,4084
16440,4698,4085
22159,4698,4086
21273,4698,4087
21286,4698,4088
11738,4698,4089
143,4698,4090
23200,4698,4091
9223,4713,4092
2263,4713,4093
12577,4713,4094
17353,4713,4095
22124,4713,4096
20704,4713,4097
2231,4713,4098
5378,4717,4099
3119,4717,4100
19913,4717,4101
21775,4717,4102
18501,4717,4103
20522,4719,4104
12529,4719,4105
23961,4719,4106
19827,4719,4107
16683,4719,4108
24849,4719,4109
12140,4719,4110
6932,4719,4111
9799,4719,4112
17601,4723,4113
17601,4724,4114
40,4728,4115
369,4728,4116
10452,4728,4117
21104,4728,4118
23125,4746,4119
18665,4746,4120
18963,4765,4121
6010,4765,4122
6340,4765,4123
12837,4765,4124
15534,4765,4125
10388,4765,4126
1523,4765,4127
20003,4765,4128
23915,4765,4129
1787,4770,4130
22108,4770,4131
18128,4770,4132
7866,4770,4133
20538,4770,4134
9452,4770,4135
17946,4770,4136
10693,4770,4137
20631,4770,4138
6401,4770,4139
23420,4770,4140
2580,4770,4141
7273,4770,4142
6832,4770,4143
13158,4776,4144
5945,4776,4145
2494,4776,4146
23489,4776,4147
3380,4776,4148
791,4776,4149
22869,4776,4150
24223,4788,4151
19149,4788,4152
13022,4788,4153
12869,4788,4154
9810,4788,4155
8170,4788,4156
21362,4788,4157
10875,4788,4158
3021,4788,4159
3031,4788,4160
10070,4788,4161
16394,4788,4162
17601,4798,4163
3354,4803,4164
10130,4803,4165
17601,4810,4166
17601,4821,4167
17601,4827,4168
17601,4828,4169
17601,4831,4170
19970,4832,4171
1644,4832,4172
4151,4832,4173
21562,4832,4174
20180,4834,4175
23729,4834,4176
24838,4834,4177
17601,4840,4178
1689,4849,4179
5755,4849,4180
9833,4849,4181
11493,4849,4182
18229,4849,4183
13638,4849,4184
19310,4849,4185
19731,4849,4186
23927,4849,4187
23715,4849,4188
22832,4849,4189
20539,4849,4190
3272,4856,4191
18830,4856,4192
7006,4863,4193
24370,4863,4194
23996,4863,4195
15364,4863,4196
9064,4863,4197
12131,4863,4198
19337,4863,4199
18330,4863,4200
16589,4863,4201
2895,4863,4202
1533,4863,4203
2232,4863,4204
8645,4868,4205
11002,4868,4206
22058,4868,4207
20824,4868,4208
17824,4868,4209
19157,4868,4210
20229,4868,4211
3509,4868,4212
2627,4868,4213
2457,4868,4214
22682,4868,4215
15514,4868,4216
15295,4868,4217
15047,4868,4218
20520,4868,4219
20416,4868,4220
24360,4870,4221
21141,4870,4222
3354,4870,4223
4062,4870,4224
17649,4870,4225
16331,4870,4226
9565,4870,4227
12177,4870,4228
4174,4870,4229
7019,4870,4230
17601,4878,4231
20637,4892,4232
17601,4894,4233
22618,4899,4234
17601,4911,4235
17945,4913,4236
7770,4913,4237
1801,4913,4238
2605,4913,4239
17005,4919,4240
10686,4919,4241
11187,4919,4242
23403,4919,4243
13498,4924,4244
12780,4924,4245
8772,4924,4246
21283,4924,4247
24223,4924,4248
14483,4924,4249
22766,4924,4250
7339,4924,4251
9550,4924,4252
16672,4924,4253
22100,4924,4254
18051,4924,4255
18797,4924,4256
11386,4924,4257
8995,4924,4258
10316,4924,4259
8774,4924,4260
13730,4924,4261
22221,4933,4262
24298,4933,4263
21299,4933,4264
20205,4933,4265
22221,4933,4266
19052,4933,4267
14693,4935,4268
101,4935,4269
21357,4935,4270
9280,4935,4271
5452,4935,4272
9788,4935,4273
13253,4935,4274
15392,4935,4275
14810,4935,4276
5534,4935,4277
5745,4935,4278
4929,4935,4279
3505,4935,4280
2469,4935,4281
2271,4935,4282
17526,4935,4283
13391,4952,4284
20110,4952,4285
13862,4952,4286
4729,4952,4287
15918,4952,4288
12642,4952,4289
23298,4952,4290
23198,4952,4291
19739,4952,4292
22288,4952,4293
15562,4952,4294
11189,4970,4295
4897,4970,4296
19499,4970,4297
18429,4970,4298
10000,4979,4299
20717,4979,4300
18353,4979,4301
6646,4979,4302
17601,4980,4303
23326,4981,4304
11199,4981,4305
4157,4981,4306
16624,4981,4307
1188,4985,4308
15843,4985,4309
23322,4985,4310
454,4985,4311
17601,4987,4312
7991,4990,4313
10519,4990,4314
5469,4990,4315
7236,4990,4316
22235,4990,4317
6646,4990,4318
17601,4991,4319
11938,4998,4320
17161,4998,4321
9148,5002,4322
18533,5002,4323
19533,5002,4324
19934,5002,4325
6981,5002,4326
1425,5002,4327
11218,5002,4328
11741,5002,4329
13253,5002,4330
7788,5002,4331
17601,5006,4332
21827,5041,4333
4897,5041,4334
20662,5041,4335
7854,5048,4336
179,5048,4337
10039,5048,4338
19121,5048,4339
8741,5048,4340
21861,5048,4341
11196,5048,4342
13030,5048,4343
11496,5048,4344
14152,5048,4345
3595,5049,4346
18587,5049,4347
23423,5049,4348
3346,5049,4349
4990,5049,4350
3588,5049,4351
17354,5049,4352
13078,5049,4353
20120,5049,4354
19345,5049,4355
3930,5070,4356
6273,5079,4357
17756,5079,4358
20988,5079,4359
20833,5079,4360
18942,5079,4361
18466,5079,4362
5725,5079,4363
7289,5079,4364
15734,5079,4365
10826,5079,4366
3736,5080,4367
15866,5080,4368
5078,5080,4369
14400,5080,4370
18758,5080,4371
14950,5084,4372
13457,5084,4373
7104,5084,4374
14171,5084,4375
5443,5096,4376
20924,5096,4377
23521,5096,4378
23423,5096,4379
17601,5097,4380
22348,5119,4381
4327,5119,4382
16411,5119,4383
5235,5119,4384
5253,5119,4385
7920,5119,4386
4610,5119,4387
7213,5119,4388
10993,5119,4389
19429,5119,4390
21190,5119,4391
11722,5119,4392
18583,5119,4393
13385,5119,4394
15702,5119,4395
23450,5124,4396
21013,5124,4397
18220,5124,4398
20893,5124,4399
7608,5124,4400
7424,5124,4401
8724,5124,4402
19697,5124,4403
16497,5124,4404
9245,5124,4405
1621,5124,4406
5294,5124,4407
17942,5135,4408
23360,5135,4409
60,5135,4410
2596,5135,4411
13032,5135,4412
16252,5135,4413
9639,5135,4414
10073,5135,4415
6135,5135,4416
22000,5135,4417
7931,5135,4418
3103,5136,4419
8719,5136,4420
12129,5136,4421
1808,5136,4422
130,5136,4423
13390,5136,4424
15081,5136,4425
884,5136,4426
22687,5136,4427
22185,5136,4428
19213,5136,4429
15776,5136,4430
17226,5136,4431
20957,5136,4432
14981,5148,4433
13552,5148,4434
22855,5148,4435
3867,5148,4436
5066,5148,4437
23639,5148,4438
24115,5148,4439
9446,5148,4440
19622,5148,4441
13553,5148,4442
11651,5156,4443
10517,5156,4444
18786,5156,4445
1808,5156,4446
2143,5156,4447
24211,5156,4448
10962,5156,4449
17601,5166,4450
17650,5170,4451
5636,5170,4452
5386,5170,4453
17375,5170,4454
2645,5170,4455
15146,5170,4456
19568,5170,4457
4577,5170,4458
1425,5170,4459
4181,5174,4460
16252,5174,4461
19568,5174,4462
3894,5174,4463
8432,5174,4464
20471,5174,4465
2056,5174,4466
3203,5174,4467
17601,5177,4468
12118,5179,4469
14295,5179,4470
16280,5179,4471
9916,5179,4472
17592,5179,4473
23696,5179,4474
9178,5179,4475
2444,5179,4476
5102,5179,4477
4213,5179,4478
17601,5190,4479
17601,5192,4480
24286,5193,4481
5723,5193,4482
19236,5193,4483
18656,5195,4484
14108,5195,4485
10565,5195,4486
16721,5195,4487
3238,5195,4488
23115,5195,4489
3036,5195,4490
12977,5195,4491
7906,5195,4492
14551,5195,4493
4381,5195,4494
20246,5195,4495
8436,5195,4496
6362,5195,4497
9995,5203,4498
1156,5203,4499
10658,5203,4500
9141,5203,4501
1429,5203,4502
17808,5204,4503
23616,5204,4504
18455,5204,4505
17885,5204,4506
21522,5204,4507
12711,5204,4508
12007,5204,4509
21393,5204,4510
24346,5204,4511
24510,5204,4512
11746,5204,4513
410,5204,4514
2569,5204,4515
5658,5206,4516
2320,5206,4517
23732,5206,4518
20382,5206,4519
23228,5206,4520
13319,5206,4521
18321,5206,4522
13409,5206,4523
11901,5206,4524
10606,5206,4525
24760,5206,4526
24689,5206,4527
24161,5206,4528
7524,5206,4529
10553,5206,4530
19524,5206,4531
3897,5206,4532
3455,5219,4533
13759,5219,4534
4699,5219,4535
4265,5219,4536
7200,5219,4537
18715,5219,4538
23206,5219,4539
9870,5221,4540
8427,5221,4541
2649,5221,4542
2625,5221,4543
62,5221,4544
22800,5221,4545
19192,5221,4546
18449,5221,4547
16917,5221,4548
16688,5221,4549
7927,5229,4550
6806,5229,4551
14002,5229,4552
14171,5229,4553
18005,5229,4554
23194,5229,4555
11674,5229,4556
8007,5229,4557
4133,5229,4558
3865,5229,4559
16606,5233,4560
24525,5233,4561
16572,5233,4562
20585,5233,4563
24526,5233,4564
17601,5241,4565
17601,5251,4566
17601,5264,4567
17601,5267,4568
17601,5272,4569
6148,5278,4570
3836,5278,4571
6460,5278,4572
8262,5278,4573
9266,5278,4574
10730,5278,4575
12011,5278,4576
12153,5278,4577
13152,5278,4578
13172,5278,4579
14209,5278,4580
14419,5278,4581
103,5278,4582
684,5278,4583
893,5278,4584
1748,5278,4585
2177,5278,4586
2857,5278,4587
17601,5279,4588
12183,5280,4589
4260,5280,4590
12552,5280,4591
4898,5280,4592
6402,5280,4593
16599,5280,4594
4545,5280,4595
682,5280,4596
1059,5280,4597
1471,5280,4598
22148,5280,4599
19259,5280,4600
11220,5280,4601
11076,5280,4602
4014,5280,4603
14537,5280,4604
17601,5281,4605
525,5284,4606
16985,5284,4607
23302,5284,4608
23806,5284,4609
925,5284,4610
24196,5284,4611
19727,5284,4612
9323,5284,4613
1505,5284,4614
21840,5284,4615
21325,5284,4616
24005,5284,4617
6374,5293,4618
24077,5293,4619
3079,5293,4620
5613,5293,4621
2156,5293,4622
1245,5293,4623
23856,5293,4624
18681,5293,4625
552,5293,4626
17124,5293,4627
10288,5293,4628
17353,5293,4629
13177,5293,4630
18679,5293,4631
7079,5293,4632
7547,5293,4633
22023,5295,4634
2757,5295,4635
20795,5295,4636
14817,5295,4637
14542,5295,4638
14297,5295,4639
11741,5295,4640
11469,5295,4641
2266,5295,4642
21201,5295,4643
20997,5298,4644
23329,5298,4645
18864,5298,4646
15983,5312,4647
17150,5312,4648
19391,5312,4649
19424,5312,4650
5767,5312,4651
19616,5312,4652
22363,5312,4653
21921,5312,4654
4135,5312,4655
3512,5312,4656
22816,5312,4657
22649,5312,4658
11366,5312,4659
8403,5312,4660
11844,5312,4661
6712,5314,4662
20380,5314,4663
11730,5314,4664
10382,5314,4665
10334,5314,4666
20886,5314,4667
23250,5314,4668
4181,5314,4669
2863,5314,4670
21940,5314,4671
10316,5318,4672
16394,5318,4673
10989,5318,4674
22368,5318,4675
22614,5318,4676
19453,5318,4677
21957,5318,4678
1631,5318,4679
4526,5318,4680
18779,5318,4681
24758,5320,4682
15345,5320,4683
22287,5324,4684
12514,5324,4685
7081,5324,4686
16874,5324,4687
17601,5325,4688
7525,5334,4689
5232,5334,4690
5925,5334,4691
7276,5334,4692
21456,5345,4693
13745,5345,4694
11938,5345,4695
13299,5350,4696
18891,5350,4697
16301,5350,4698
17601,5357,4699
1217,5358,4700
17177,5358,4701
3935,5358,4702
15700,5358,4703
12393,5358,4704
22054,5358,4705
3042,5358,4706
22790,5358,4707
20383,5358,4708
5337,5358,4709
4268,5362,4710
15371,5362,4711
20142,5362,4712
22864,5362,4713
15784,5362,4714
22687,5362,4715
13476,5362,4716
10995,5362,4717
4658,5362,4718
17601,5363,4719
18973,5367,4720
9002,5367,4721
19449,5367,4722
14543,5367,4723
21214,5367,4724
22857,5367,4725
16613,5367,4726
4081,5367,4727
7931,5367,4728
2309,5367,4729
17163,5368,4730
4200,5409,4731
12141,5409,4732
10872,5412,4733
11199,5412,4734
13745,5412,4735
16174,5412,4736
12981,5412,4737
17601,5436,4738
11016,5440,4739
10314,5440,4740
7014,5440,4741
10217,5440,4742
22960,5445,4743
20542,5445,4744
5872,5445,4745
6280,5445,4746
17601,5448,4747
1957,5469,4748
8290,5469,4749
3014,5469,4750
470,5469,4751
8284,5469,4752
1893,5469,4753
3018,5469,4754
6349,5469,4755
4839,5469,4756
4711,5469,4757
13333,5469,4758
17868,5469,4759
16037,5469,4760
13419,5469,4761
16598,5469,4762
15130,5469,4763
16015,5469,4764
6048,5469,4765
24690,5473,4766
1954,5473,4767
23158,5473,4768
9082,5473,4769
19367,5473,4770
19787,5473,4771
3533,5473,4772
8403,5473,4773
5765,5473,4774
21504,5473,4775
9121,5477,4776
9605,5477,4777
17283,5477,4778
12481,5477,4779
22228,5477,4780
16395,5477,4781
27,5477,4782
43,5477,4783
22758,5477,4784
23102,5477,4785
387,5477,4786
17601,5490,4787
17601,5493,4788
18613,5495,4789
6581,5495,4790
23423,5495,4791
6402,5495,4792
15731,5496,4793
16736,5496,4794
2616,5498,4795
20737,5498,4796
18368,5500,4797
21772,5500,4798
13831,5500,4799
13337,5500,4800
12761,5500,4801
12090,5500,4802
8711,5500,4803
5585,5500,4804
17810,5500,4805
14406,5500,4806
7068,5500,4807
21806,5500,4808
21936,5500,4809
23941,5500,4810
3638,5500,4811
125,5500,4812
1122,5500,4813
8954,5502,4814
17478,5502,4815
20929,5502,4816
3370,5502,4817
13862,5502,4818
17601,5506,4819
23076,5521,4820
20110,5521,4821
4389,5521,4822
229,5521,4823
11330,5521,4824
5433,5521,4825
22078,5521,4826
20627,5521,4827
17797,5521,4828
20448,5521,4829
10576,5522,4830
15567,5522,4831
24253,5522,4832
24013,5522,4833
21127,5523,4834
20916,5523,4835
17601,5527,4836
21007,5535,4837
7961,5535,4838
3622,5535,4839
11731,5535,4840
8094,5535,4841
23075,5535,4842
12889,5535,4843
16209,5535,4844
23580,5535,4845
1253,5535,4846
20918,5548,4847
13718,5548,4848
4844,5548,4849
7525,5548,4850
9354,5548,4851
3692,5548,4852
20053,5548,4853
5357,5548,4854
20656,5548,4855
441,5548,4856
10161,5551,4857
6024,5551,4858
13974,5551,4859
13966,5551,4860
13673,5551,4861
12997,5551,4862
23113,5551,4863
19796,5551,4864
19413,5551,4865
17078,5551,4866
12522,5554,4867
11388,5554,4868
2593,5554,4869
261,5554,4870
16394,5554,4871
4412,5554,4872
4526,5554,4873
16541,5554,4874
6017,5554,4875
17345,5554,4876
11260,5554,4877
10068,5554,4878
20772,5554,4879
16224,5554,4880
4351,5554,4881
9265,5554,4882
15040,5554,4883
16709,5554,4884
8564,5554,4885
15409,5555,4886
15993,5555,4887
15563,5555,4888
12307,5555,4889
3774,5555,4890
12586,5555,4891
8163,5566,4892
23251,5566,4893
22336,5566,4894
24360,5566,4895
12882,5566,4896
1488,5566,4897
22938,5566,4898
23648,5566,4899
16639,5566,4900
1112,5566,4901
17601,5579,4902
21104,5589,4903
14749,5589,4904
3611,5590,4905
16347,5590,4906
16731,5590,4907
7081,5590,4908
7616,5590,4909
17601,5591,4910
22295,5593,4911
3985,5594,4912
14238,5594,4913
11886,5619,4914
15616,5619,4915
13743,5619,4916
14125,5619,4917
14412,5619,4918
8383,5619,4919
5705,5619,4920
4854,5619,4921
4683,5619,4922
4511,5619,4923
52,5619,4924
18504,5619,4925
17473,5619,4926
17294,5619,4927
16564,5619,4928
15742,5619,4929
11804,5619,4930
11193,5619,4931
11111,5619,4932
70,5622,4933
3021,5622,4934
5740,5622,4935
7624,5622,4936
14130,5622,4937
12400,5622,4938
12242,5622,4939
9058,5622,4940
16991,5622,4941
16845,5622,4942
19023,5622,4943
23812,5622,4944
18891,5622,4945
19610,5622,4946
16721,5622,4947
15480,5622,4948
22611,5622,4949
24097,5622,4950
10911,5624,4951
7607,5624,4952
18505,5624,4953
18143,5624,4954
2668,5624,4955
7302,5624,4956
16789,5624,4957
16331,5624,4958
12357,5624,4959
11899,5624,4960
13921,5624,4961
9450,5624,4962
11266,5624,4963
10695,5625,4964
18210,5625,4965
17890,5625,4966
18606,5625,4967
18230,5625,4968
3535,5625,4969
6622,5625,4970
4298,5625,4971
13148,5625,4972
16207,5625,4973
16417,5625,4974
6906,5625,4975
9065,5625,4976
269,5625,4977
2517,5625,4978
13470,5625,4979
18866,5625,4980
11274,5625,4981
3536,5625,4982
4740,5653,4983
18220,5653,4984
14044,5653,4985
16874,5653,4986
1390,5653,4987
17601,5654,4988
17601,5656,4989
21139,5660,4990
17034,5660,4991
17672,5660,4992
7267,5660,4993
17601,5661,4994
21386,5664,4995
1487,5664,4996
199,5664,4997
13441,5664,4998
22284,5664,4999
17,5669,5000
1992,5669,5001
14795,5669,5002
13613,5669,5003
17601,5671,5004
17138,5677,5005
13053,5677,5006
10161,5677,5007
13730,5677,5008
18519,5677,5009
4527,5677,5010
1747,5677,5011
17601,5678,5012
5647,5680,5013
7198,5680,5014
13589,5680,5015
7267,5680,5016
17157,5680,5017
15458,5680,5018
15171,5680,5019
4691,5699,5020
21565,5699,5021
20318,5699,5022
20914,5699,5023
19466,5699,5024
16755,5699,5025
16827,5699,5026
14874,5699,5027
13593,5699,5028
3073,5699,5029
4226,5699,5030
11199,5699,5031
2821,5699,5032
10108,5699,5033
5854,5699,5034
14935,5699,5035
15418,5725,5036
19297,5725,5037
15790,5725,5038
17819,5725,5039
12658,5725,5040
20663,5725,5041
1365,5725,5042
19187,5725,5043
11453,5725,5044
18579,5725,5045
20739,5735,5046
4651,5735,5047
683,5735,5048
8779,5735,5049
15801,5735,5050
13858,5735,5051
16224,5735,5052
12092,5735,5053
16917,5735,5054
10504,5735,5055
363,5740,5056
9283,5740,5057
6881,5740,5058
4408,5740,5059
9444,5740,5060
11115,5740,5061
20285,5740,5062
11831,5740,5063
12174,5740,5064
6551,5740,5065
21058,5740,5066
20198,5740,5067
17601,5760,5068
2595,5764,5069
24360,5764,5070
20950,5764,5071
14288,5775,5072
19313,5775,5073
16241,5775,5074
17601,5778,5075
17601,5783,5076
18440,5786,5077
11333,5786,5078
13412,5786,5079
11258,5786,5080
19327,5786,5081
15365,5786,5082
24027,5786,5083
10140,5786,5084
24220,5786,5085
4495,5786,5086
20666,5803,5087
24717,5803,5088
19955,5803,5089
20977,5803,5090
21718,5803,5091
21118,5803,5092
11785,5803,5093
19569,5803,5094
16333,5803,5095
14187,5803,5096
14121,5803,5097
4205,5803,5098
229,5803,5099
19596,5803,5100
21494,5803,5101
21570,5803,5102
23215,5803,5103
12728,5803,5104
14147,5819,5105
14259,5819,5106
11390,5819,5107
18997,5819,5108
23607,5819,5109
24191,5819,5110
11211,5819,5111
21458,5819,5112
10479,5819,5113
24857,5819,5114
12866,5819,5115
10260,5819,5116
10487,5819,5117
23310,5821,5118
14236,5821,5119
23060,5821,5120
24510,5821,5121
23662,5821,5122
2289,5821,5123
14724,5821,5124
10220,5821,5125
8349,5821,5126
6164,5821,5127
6402,5821,5128
4956,5821,5129
22634,5833,5130
24466,5833,5131
22775,5833,5132
7722,5833,5133
8461,5833,5134
17582,5833,5135
9376,5833,5136
9028,5833,5137
21927,5833,5138
17320,5833,5139
345,5833,5140
17312,5833,5141
15576,5833,5142
13488,5833,5143
17601,5840,5144
17601,5847,5145
12908,5853,5146
24685,5853,5147
11682,5853,5148
4415,5853,5149
1861,5853,5150
9639,5853,5151
21840,5853,5152
21940,5853,5153
24783,5853,5154
14449,5858,5155
17601,5860,5156
16174,5862,5157
12462,5862,5158
885,5862,5159
23969,5862,5160
23403,5862,5161
20096,5862,5162
21014,5863,5163
19143,5863,5164
15149,5872,5165
7806,5872,5166
7631,5872,5167
4157,5872,5168
4613,5872,5169
2225,5872,5170
5280,5872,5171
3323,5872,5172
9571,5872,5173
8693,5872,5174
10679,5872,5175
11523,5872,5176
11565,5872,5177
8570,5872,5178
1878,5872,5179
1298,5872,5180
15837,5872,5181
5917,5872,5182
9482,5876,5183
6917,5876,5184
4622,5876,5185
9810,5876,5186
12173,5876,5187
15417,5876,5188
21626,5876,5189
16256,5876,5190
10911,5876,5191
10239,5876,5192
19466,5876,5193
9573,5876,5194
3450,5876,5195
2662,5876,5196
16796,5876,5197
3958,5876,5198
5116,5879,5199
4444,5879,5200
2180,5879,5201
6927,5879,5202
12192,5879,5203
13877,5879,5204
14662,5879,5205
14521,5879,5206
21553,5879,5207
19790,5879,5208
17991,5879,5209
10774,5879,5210
10284,5879,5211
7438,5879,5212
7397,5879,5213
22893,5879,5214
15326,5879,5215
17753,5879,5216
16526,5879,5217
23883,5927,5218
11899,5927,5219
7172,5927,5220
12173,5927,5221
10911,5927,5222
2662,5927,5223
5230,5929,5224
2652,5929,5225
11569,5929,5226
11866,5929,5227
46,5930,5228
20737,5930,5229
773,5930,5230
20508,5930,5231
19173,5930,5232
3439,5930,5233
13426,5930,5234
21295,5930,5235
17233,5930,5236
14473,5934,5237
19138,5934,5238
23239,5934,5239
14543,5934,5240
16886,5934,5241
17601,5935,5242
3954,5936,5243
1458,5936,5244
4464,5936,5245
16932,5936,5246
17601,5940,5247
17601,5942,5248
14058,5952,5249
8220,5952,5250
24292,5952,5251
17601,5956,5252
13184,5959,5253
8377,5959,5254
11339,5959,5255
13053,5959,5256
13441,5959,5257
16491,5959,5258
7929,5959,5259
22284,5959,5260
21386,5959,5261
17354,5959,5262
4412,5959,5263
22766,5959,5264
199,5959,5265
1487,5959,5266
5913,5959,5267
18219,5972,5268
16197,5972,5269
16069,5972,5270
14453,5972,5271
22344,5972,5272
10254,5972,5273
16679,5972,5274
23855,5972,5275
5330,5972,5276
23328,5984,5277
14057,5984,5278
24736,5984,5279
6464,5984,5280
20181,5984,5281
15742,5984,5282
11905,5984,5283
16782,5984,5284
10107,5984,5285
8916,5984,5286
9868,5997,5287
7211,5997,5288
20209,5997,5289
18877,5997,5290
16854,5997,5291
15959,5997,5292
3121,5997,5293
9815,5997,5294
15545,5997,5295
17601,6013,5296
22886,6017,5297
15024,6017,5298
19009,6017,5299
2185,6017,5300
17601,6039,5301
17601,6040,5302
11762,6042,5303
12562,6042,5304
2668,6042,5305
6268,6042,5306
3472,6042,5307
21869,6042,5308
1188,6042,5309
20604,6042,5310
12140,6042,5311
17601,6043,5312
14367,6050,5313
13745,6050,5314
12983,6050,5315
4382,6050,5316
16541,6050,5317
20443,6072,5318
17126,6072,5319
8398,6072,5320
17612,6072,5321
912,6079,5322
11668,6079,5323
17354,6079,5324
5647,6079,5325
10936,6079,5326
2232,6079,5327
8073,6079,5328
17998,6079,5329
14126,6079,5330
12984,6079,5331
18435,6099,5332
6696,6099,5333
5999,6099,5334
19122,6099,5335
13053,6099,5336
17601,6106,5337
9804,6108,5338
1873,6108,5339
22904,6108,5340
17707,6108,5341
8106,6108,5342
3275,6108,5343
4472,6108,5344
24196,6108,5345
3938,6108,5346
18290,6122,5347
17601,6125,5348
17851,6132,5349
40,6132,5350
1051,6132,5351
21312,6132,5352
14288,6132,5353
17601,6134,5354
9610,6136,5355
6357,6136,5356
3623,6136,5357
9999,6136,5358
7729,6136,5359
18153,6136,5360
10014,6136,5361
14719,6136,5362
16774,6136,5363
17123,6136,5364
24126,6136,5365
2800,6136,5366
22322,6136,5367
6908,6157,5368
9824,6157,5369
5081,6157,5370
3099,6157,5371
3004,6157,5372
11957,6157,5373
16667,6157,5374
9446,6157,5375
11816,6157,5376
20987,6157,5377
21149,6157,5378
22009,6157,5379
3958,6157,5380
9497,6157,5381
21401,6167,5382
10223,6167,5383
12108,6167,5384
21630,6167,5385
8511,6167,5386
23129,6167,5387
13056,6167,5388
4933,6167,5389
16818,6167,5390
19960,6172,5391
10948,6172,5392
2643,6172,5393
3055,6173,5394
22973,6173,5395
19008,6173,5396
912,6174,5397
10687,6174,5398
17440,6175,5399
21003,6175,5400
16729,6175,5401
17601,6176,5402
20229,6178,5403
5357,6178,5404
23034,6180,5405
6648,6180,5406
8511,6180,5407
13145,6180,5408
358,6180,5409
17601,6194,5410
4174,6198,5411
1685,6198,5412
13053,6198,5413
17942,6198,5414
23938,6198,5415
23577,6198,5416
21728,6198,5417
8018,6198,5418
8418,6198,5419
20945,6198,5420
9970,6201,5421
13316,6201,5422
14405,6201,5423
15076,6201,5424
6710,6201,5425
15259,6201,5426
17601,6213,5427
17601,6220,5428
17707,6224,5429
17601,6229,5430
14412,6232,5431
2211,6232,5432
18490,6232,5433
16784,6232,5434
1333,6232,5435
2806,6232,5436
2807,6232,5437
5968,6232,5438
301,6232,5439
5752,6232,5440
23556,6232,5441
7480,6232,5442
12721,6232,5443
945,6232,5444
10666,6232,5445
11015,6232,5446
22891,6232,5447
17441,6242,5448
3548,6242,5449
17411,6242,5450
16630,6242,5451
1773,6242,5452
10453,6242,5453
6844,6242,5454
11899,6242,5455
11911,6242,5456
14537,6242,5457
13476,6242,5458
14697,6250,5459
21295,6250,5460
8353,6250,5461
18278,6259,5462
112,6259,5463
9088,6259,5464
17472,6259,5465
17601,6276,5466
17601,6280,5467
4370,6281,5468
856,6281,5469
17601,6287,5470
6103,6289,5471
11762,6289,5472
13744,6292,5473
17945,6292,5474
17601,6293,5475
10515,6302,5476
12460,6302,5477
11023,6302,5478
11465,6302,5479
17601,6314,5480
11547,6316,5481
429,6316,5482
11865,6316,5483
12760,6316,5484
13677,6316,5485
8079,6316,5486
12759,6316,5487
11476,6316,5488
10876,6316,5489
9397,6316,5490
11799,6316,5491
5864,6316,5492
8067,6316,5493
4461,6316,5494
16413,6316,5495
2771,6316,5496
2824,6316,5497
5698,6316,5498
924,6338,5499
229,6338,5500
21818,6338,5501
9510,6338,5502
6267,6338,5503
14357,6338,5504
3211,6338,5505
19184,6338,5506
10399,6338,5507
10693,6338,5508
1801,6350,5509
64,6350,5510
4897,6350,5511
10909,6350,5512
17601,6351,5513
14295,6361,5514
19516,6361,5515
1270,6361,5516
22793,6361,5517
19692,6361,5518
6700,6361,5519
8205,6361,5520
14736,6361,5521
17601,6365,5522
17601,6367,5523
17601,6371,5524
17601,6377,5525
8808,6383,5526
18830,6390,5527
5443,6390,5528
13129,6401,5529
15267,6401,5530
12318,6401,5531
17640,6401,5532
10544,6401,5533
12125,6401,5534
4170,6401,5535
2713,6401,5536
5352,6401,5537
6199,6401,5538
9814,6401,5539
714,6401,5540
11499,6401,5541
1457,6401,5542
8722,6401,5543
8291,6401,5544
1910,6418,5545
19690,6418,5546
372,6418,5547
9446,6418,5548
2980,6418,5549
13814,6418,5550
24776,6418,5551
229,6418,5552
13801,6418,5553
24738,6418,5554
6304,6422,5555
10667,6422,5556
8623,6422,5557
10753,6422,5558
6669,6422,5559
2349,6422,5560
22433,6422,5561
13177,6422,5562
24534,6422,5563
11329,6422,5564
14844,6422,5565
12182,6433,5566
15971,6433,5567
21046,6433,5568
11120,6433,5569
9810,6433,5570
22108,6433,5571
14056,6433,5572
14443,6433,5573
15857,6433,5574
1801,6433,5575
2522,6453,5576
19911,6453,5577
21433,6454,5578
17539,6454,5579
7761,6454,5580
6871,6454,5581
2662,6454,5582
18387,6454,5583
23177,6454,5584
668,6476,5585
5781,6476,5586
22321,6476,5587
23404,6476,5588
5944,6476,5589
10068,6476,5590
43,6476,5591
16327,6476,5592
16981,6476,5593
18994,6476,5594
16252,6477,5595
15299,6477,5596
8848,6477,5597
17601,6482,5598
8030,6483,5599
15346,6490,5600
524,6490,5601
10566,6490,5602
18123,6491,5603
560,6491,5604
561,6491,5605
14701,6491,5606
20391,6491,5607
7834,6491,5608
6895,6491,5609
1850,6491,5610
20770,6491,5611
22887,6491,5612
9779,6491,5613
558,6491,5614
24595,6491,5615
11042,6495,5616
4151,6495,5617
24685,6495,5618
22268,6495,5619
11498,6495,5620
13336,6495,5621
21940,6495,5622
3321,6495,5623
5636,6495,5624
7607,6495,5625
10879,6495,5626
2776,6505,5627
2653,6505,5628
66,6505,5629
4626,6505,5630
14571,6505,5631
4806,6505,5632
9131,6505,5633
13355,6505,5634
16517,6505,5635
15400,6505,5636
14750,6505,5637
16798,6505,5638
19829,6505,5639
19922,6505,5640
19941,6505,5641
20511,6505,5642
9485,6522,5643
9093,6522,5644
23552,6522,5645
19619,6522,5646
19424,6522,5647
10310,6522,5648
755,6522,5649
5525,6522,5650
11851,6522,5651
12614,6522,5652
17601,6532,5653
19378,6535,5654
12839,6535,5655
22609,6535,5656
2753,6535,5657
23301,6537,5658
4204,6537,5659
17601,6538,5660
669,6543,5661
24216,6543,5662
24658,6543,5663
11899,6543,5664
24196,6543,5665
875,6543,5666
7205,6543,5667
21685,6543,5668
12036,6543,5669
18755,6546,5670
6947,6546,5671
13216,6546,5672
13369,6546,5673
13031,6546,5674
17601,6549,5675
14823,6558,5676
5674,6558,5677
3251,6558,5678
6789,6558,5679
866,6558,5680
1379,6558,5681
18591,6558,5682
19446,6558,5683
11501,6558,5684
6828,6558,5685
17601,6565,5686
2857,6568,5687
14444,6568,5688
15317,6568,5689
10879,6568,5690
15940,6580,5691
13204,6580,5692
16642,6580,5693
8586,6580,5694
10859,6580,5695
19676,6580,5696
18828,6580,5697
14847,6580,5698
309,6580,5699
11775,6580,5700
17601,6586,5701
6694,6613,5702
7996,6613,5703
22104,6613,5704
23885,6613,5705
20393,6613,5706
4031,6613,5707
15909,6613,5708
17039,6613,5709
19799,6613,5710
15633,6618,5711
14500,6618,5712
18701,6618,5713
17045,6618,5714
6889,6618,5715
7554,6618,5716
14052,6618,5717
12106,6618,5718
18980,6618,5719
22733,6618,5720
17601,6622,5721
17601,6630,5722
17601,6631,5723
17672,6633,5724
15495,6633,5725
7009,6633,5726
12400,6633,5727
14163,6633,5728
14546,6633,5729
12436,6633,5730
17601,6634,5731
18535,6635,5732
20533,6635,5733
10232,6635,5734
3354,6635,5735
17601,6639,5736
17601,6641,5737
10768,6647,5738
17601,6650,5739
17601,6669,5740
19684,6677,5741
5095,6677,5742
18588,6677,5743
17775,6677,5744
14004,6677,5745
14196,6677,5746
3063,6677,5747
23465,6677,5748
4359,6677,5749
2027,6677,5750
10130,6678,5751
10181,6678,5752
17649,6678,5753
21139,6678,5754
23475,6678,5755
15206,6678,5756
3031,6678,5757
5992,6678,5758
8470,6678,5759
14238,6678,5760
6091,6687,5761
11320,6687,5762
20693,6687,5763
21235,6687,5764
9662,6687,5765
24809,6687,5766
23645,6687,5767
12983,6687,5768
18908,6687,5769
7319,6687,5770
11042,6690,5771
12518,6690,5772
17217,6690,5773
17888,6690,5774
5340,6690,5775
22287,6690,5776
22288,6690,5777
23570,6690,5778
19269,6690,5779
13745,6690,5780
17601,6697,5781
14560,6702,5782
23135,6702,5783
1346,6702,5784
23050,6702,5785
9089,6702,5786
1756,6702,5787
5206,6702,5788
14653,6702,5789
6513,6702,5790
304,6702,5791
17601,6704,5792
12977,6706,5793
3678,6706,5794
1701,6706,5795
20626,6714,5796
21545,6716,5797
14195,6716,5798
11648,6716,5799
10407,6716,5800
10171,6716,5801
20179,6716,5802
5619,6716,5803
14928,6716,5804
22789,6716,5805
4954,6721,5806
11160,6721,5807
13744,6721,5808
11762,6721,5809
21487,6757,5810
10922,6757,5811
12739,6757,5812
21752,6757,5813
22712,6757,5814
6993,6757,5815
17836,6757,5816
14257,6757,5817
20873,6757,5818
8726,6757,5819
24657,6757,5820
15084,6757,5821
3657,6760,5822
16215,6760,5823
6882,6760,5824
4953,6760,5825
16735,6760,5826
11871,6760,5827
11562,6760,5828
7377,6760,5829
21879,6760,5830
365,6760,5831
3358,6760,5832
11878,6760,5833
4416,6760,5834
5349,6760,5835
5294,6760,5836
14316,6760,5837
12237,6760,5838
9278,6772,5839
24685,6772,5840
18343,6772,5841
4662,6772,5842
6667,6772,5843
7267,6772,5844
3651,6772,5845
13021,6772,5846
17526,6772,5847
14202,6772,5848
13087,6772,5849
19673,6772,5850
10628,6772,5851
12515,6772,5852
11152,6772,5853
11391,6772,5854
3788,6772,5855
17601,6781,5856
8776,6785,5857
21741,6785,5858
16539,6785,5859
19346,6789,5860
9568,6789,5861
13030,6789,5862
19263,6789,5863
1394,6789,5864
23140,6789,5865
23596,6789,5866
23873,6789,5867
20873,6789,5868
19499,6789,5869
9440,6789,5870
21843,6789,5871
3034,6789,5872
1401,6789,5873
691,6789,5874
6742,6792,5875
11991,6792,5876
17047,6792,5877
19598,6792,5878
23310,6792,5879
24248,6792,5880
3129,6792,5881
8471,6792,5882
12981,6792,5883
4942,6792,5884
5291,6792,5885
17601,6795,5886
7140,6799,5887
8954,6799,5888
2099,6799,5889
7200,6799,5890
7525,6799,5891
4999,6804,5892
17839,6804,5893
18330,6804,5894
10666,6804,5895
520,6804,5896
17601,6805,5897
22159,6811,5898
19796,6811,5899
11257,6811,5900
10935,6811,5901
17601,6814,5902
14766,6816,5903
8808,6816,5904
3747,6821,5905
20266,6821,5906
18093,6821,5907
1188,6822,5908
5502,6822,5909
13436,6822,5910
6622,6822,5911
503,6824,5912
7053,6824,5913
14102,6828,5914
13219,6828,5915
5355,6828,5916
6089,6828,5917
6407,6828,5918
9393,6828,5919
10280,6828,5920
13007,6828,5921
1742,6828,5922
5028,6828,5923
17601,6836,5924
17601,6842,5925
3689,6858,5926
13279,6858,5927
24044,6858,5928
14555,6858,5929
13647,6858,5930
22518,6858,5931
23880,6858,5932
23126,6858,5933
18447,6858,5934
8819,6858,5935
4219,6868,5936
11569,6868,5937
20061,6868,5938
17120,6868,5939
17022,6868,5940
3796,6868,5941
13274,6868,5942
8831,6868,5943
4585,6868,5944
5877,6868,5945
20898,6885,5946
2845,6885,5947
4334,6885,5948
2851,6885,5949
16749,6885,5950
13069,6885,5951
17574,6887,5952
18228,6887,5953
4608,6887,5954
1426,6887,5955
11078,6887,5956
5359,6887,5957
5814,6887,5958
8817,6887,5959
3950,6887,5960
4224,6887,5961
1005,6891,5962
4753,6891,5963
19791,6891,5964
3343,6891,5965
17840,6891,5966
17601,6895,5967
17601,6897,5968
17601,6900,5969
17997,6906,5970
17998,6906,5971
20235,6906,5972
7273,6906,5973
13742,6906,5974
16055,6906,5975
17601,6910,5976
17601,6916,5977
17601,6918,5978
12374,6925,5979
18083,6925,5980
6418,6925,5981
4898,6925,5982
14062,6925,5983
8905,6925,5984
17601,6931,5985
2710,6933,5986
7205,6933,5987
10475,6933,5988
17692,6933,5989
11598,6933,5990
13545,6933,5991
10317,6933,5992
14416,6933,5993
18380,6933,5994
17849,6933,5995
5396,6933,5996
6700,6933,5997
1075,6933,5998
17601,6934,5999
1672,6937,6000
21308,6937,6001
19777,6937,6002
17640,6937,6003
15457,6937,6004
15406,6937,6005
7932,6937,6006
6357,6937,6007
12904,6937,6008
6263,6937,6009
24633,6937,6010
24240,6937,6011
1457,6937,6012
24211,6937,6013
6256,6937,6014
4703,6937,6015
23312,6937,6016
2774,6937,6017
10723,6953,6018
11767,6953,6019
4328,6953,6020
11707,6953,6021
20859,6953,6022
21338,6953,6023
21962,6953,6024
1175,6953,6025
7316,6953,6026
5943,6953,6027
4954,6953,6028
17440,6975,6029
21661,6975,6030
10020,6979,6031
9993,6979,6032
9192,6979,6033
9538,6979,6034
6710,6984,6035
21041,6984,6036
21840,6984,6037
16441,6984,6038
15648,6984,6039
12955,6984,6040
7265,6984,6041
11465,6984,6042
20161,6984,6043
20134,6984,6044
13448,6989,6045
16599,6989,6046
21366,6989,6047
15382,6989,6048
20032,6989,6049
17601,6990,6050
4532,6999,6051
13177,6999,6052
7044,6999,6053
24288,7008,6054
1487,7018,6055
4923,7019,6056
20135,7019,6057
20755,7027,6058
7449,7031,6059
11905,7031,6060
19240,7031,6061
6464,7031,6062
7143,7031,6063
519,7031,6064
4831,7031,6065
18812,7031,6066
16784,7031,6067
24152,7031,6068
24360,7031,6069
22972,7031,6070
12040,7031,6071
19950,7031,6072
14580,7031,6073
1685,7041,6074
16858,7041,6075
22831,7041,6076
11195,7041,6077
13413,7041,6078
620,7041,6079
1516,7041,6080
18563,7041,6081
10706,7041,6082
10770,7041,6083
13152,7041,6084
11608,7041,6085
12438,7041,6086
12792,7041,6087
14240,7042,6088
6747,7042,6089
1492,7042,6090
18873,7042,6091
6748,7042,6092
24312,7042,6093
19053,7042,6094
19532,7054,6095
12314,7054,6096
11047,7054,6097
23278,7054,6098
18542,7054,6099
6519,7054,6100
8546,7054,6101
17858,7054,6102
12948,7054,6103
17476,7054,6104
21940,7064,6105
23302,7064,6106
1680,7064,6107
5045,7064,6108
10232,7064,6109
10291,7064,6110
21812,7064,6111
16016,7064,6112
20643,7064,6113
22256,7064,6114
2487,7067,6115
3542,7067,6116
23655,7067,6117
17110,7067,6118
8541,7067,6119
4081,7067,6120
6437,7067,6121
5327,7067,6122
17098,7067,6123
12932,7067,6124
20859,7071,6125
14449,7071,6126
19435,7071,6127
2552,7078,6128
13745,7078,6129
4638,7078,6130
15555,7078,6131
723,7078,6132
15222,7078,6133
9233,7079,6134
10342,7079,6135
21626,7079,6136
3671,7079,6137
13404,7079,6138
4963,7080,6139
20959,7080,6140
17601,7081,6141
17601,7104,6142
6474,7111,6143
5483,7111,6144
3746,7111,6145
21687,7111,6146
19342,7111,6147
18893,7111,6148
19764,7111,6149
24332,7111,6150
9645,7111,6151
11511,7111,6152
11756,7111,6153
16498,7111,6154
7653,7111,6155
24076,7111,6156
22225,7111,6157
1521,7111,6158
2419,7111,6159
17601,7120,6160
5472,7133,6161
4609,7133,6162
1178,7133,6163
6468,7133,6164
13434,7133,6165
19448,7133,6166
24186,7133,6167
23481,7133,6168
21637,7133,6169
18819,7133,6170
10189,7137,6171
14537,7137,6172
10545,7137,6173
12883,7137,6174
14899,7137,6175
1854,7137,6176
2227,7137,6177
2587,7137,6178
22405,7137,6179
4645,7137,6180
5912,7145,6181
13436,7145,6182
13742,7145,6183
16497,7145,6184
17991,7145,6185
6690,7145,6186
12065,7145,6187
3309,7145,6188
23064,7145,6189
6051,7145,6190
10304,7161,6191
15721,7161,6192
18561,7161,6193
20336,7161,6194
1873,7161,6195
10131,7161,6196
12357,7161,6197
12572,7161,6198
14832,7161,6199
19733,7162,6200
11569,7162,6201
10622,7162,6202
12981,7164,6203
16651,7164,6204
10443,7164,6205
17161,7164,6206
23251,7164,6207
17601,7182,6208
17601,7183,6209
20580,7185,6210
17601,7190,6211
12208,7193,6212
856,7193,6213
3285,7193,6214
17601,7194,6215
6474,7208,6216
6693,7208,6217
9678,7208,6218
15863,7208,6219
21147,7208,6220
5823,7208,6221
1880,7208,6222
13491,7208,6223
86,7208,6224
17303,7208,6225
18092,7208,6226
18316,7220,6227
15485,7220,6228
14070,7220,6229
8517,7220,6230
6759,7220,6231
8513,7220,6232
890,7220,6233
217,7220,6234
1562,7220,6235
7958,7220,6236
20098,7244,6237
23478,7244,6238
3107,7244,6239
7302,7244,6240
11777,7244,6241
1798,7244,6242
478,7244,6243
1811,7244,6244
2360,7244,6245
5376,7244,6246
2075,7249,6247
2722,7249,6248
18465,7249,6249
14884,7249,6250
22598,7249,6251
757,7249,6252
23984,7249,6253
1280,7249,6254
14145,7249,6255
9951,7249,6256
15382,7250,6257
17035,7250,6258
11441,7250,6259
11160,7250,6260
10684,7250,6261
1625,7250,6262
20429,7250,6263
17601,7257,6264
17601,7270,6265
15889,7273,6266
23302,7274,6267
24005,7274,6268
11091,7274,6269
21840,7274,6270
19727,7274,6271
525,7274,6272
3207,7277,6273
7143,7277,6274
10545,7277,6275
20873,7277,6276
4106,7277,6277
17601,7288,6278
15119,7315,6279
9688,7315,6280
13172,7315,6281
10297,7315,6282
15702,7315,6283
16412,7315,6284
1009,7315,6285
2154,7315,6286
3356,7315,6287
24153,7315,6288
24730,7315,6289
23321,7315,6290
7641,7315,6291
6614,7334,6292
20408,7334,6293
330,7334,6294
12592,7334,6295
18608,7334,6296
16148,7334,6297
13216,7334,6298
8195,7334,6299
16090,7334,6300
14069,7334,6301
4868,7344,6302
8231,7344,6303
1282,7344,6304
7003,7344,6305
17601,7345,6306
17601,7346,6307
17601,7352,6308
17601,7356,6309
17601,7362,6310
17601,7363,6311
15841,7368,6312
24360,7368,6313
11160,7368,6314
14726,7368,6315
5647,7368,6316
17415,7368,6317
10719,7368,6318
16683,7368,6319
5443,7368,6320
1698,7384,6321
4098,7384,6322
9835,7384,6323
14141,7384,6324
23295,7385,6325
3349,7385,6326
9248,7385,6327
8844,7409,6328
15413,7409,6329
9622,7409,6330
18503,7409,6331
10119,7414,6332
11903,7414,6333
9604,7414,6334
240,7414,6335
8081,7414,6336
16756,7414,6337
4299,7414,6338
23054,7414,6339
17024,7414,6340
5149,7414,6341
14310,7415,6342
20972,7415,6343
17691,7415,6344
15478,7415,6345
2599,7415,6346
16230,7415,6347
21112,7415,6348
14576,7415,6349
8930,7415,6350
2709,7415,6351
1400,7415,6352
2330,7418,6353
24445,7418,6354
15394,7418,6355
21050,7418,6356
4726,7418,6357
4384,7418,6358
16402,7418,6359
16256,7418,6360
17601,7428,6361
8700,7430,6362
6283,7430,6363
18232,7430,6364
24281,7430,6365
19051,7438,6366
6566,7438,6367
16845,7438,6368
18436,7438,6369
6368,7438,6370
17601,7446,6371
19488,7447,6372
1,7447,6373
18519,7447,6374
10223,7447,6375
7917,7447,6376
6495,7449,6377
15274,7449,6378
11272,7449,6379
24769,7449,6380
23456,7449,6381
5560,7449,6382
2834,7450,6383
4913,7450,6384
1189,7450,6385
3354,7450,6386
1801,7454,6387
17601,7460,6388
5466,7467,6389
23531,7467,6390
2595,7467,6391
6402,7467,6392
4740,7467,6393
18935,7467,6394
20213,7467,6395
2629,7467,6396
23251,7467,6397
7044,7476,6398
7102,7476,6399
11469,7476,6400
20673,7476,6401
22206,7476,6402
871,7476,6403
670,7476,6404
23290,7476,6405
6866,7476,6406
14986,7476,6407
16196,7476,6408
18083,7476,6409
11601,7476,6410
17601,7481,6411
5536,7482,6412
3269,7482,6413
20729,7482,6414
16256,7482,6415
19438,7482,6416
23148,7482,6417
12499,7482,6418
14324,7482,6419
15669,7482,6420
22148,7482,6421
3337,7485,6422
24729,7485,6423
10034,7485,6424
9228,7485,6425
12173,7485,6426
12476,7485,6427
12834,7485,6428
14376,7485,6429
22929,7485,6430
20114,7485,6431
2863,7485,6432
3107,7485,6433
20737,7485,6434
22614,7485,6435
21698,7485,6436
6712,7485,6437
17407,7485,6438
22117,7485,6439
16174,7485,6440
14410,7485,6441
24189,7494,6442
6622,7495,6443
20120,7495,6444
19383,7495,6445
24658,7495,6446
729,7495,6447
13262,7495,6448
9082,7495,6449
11898,7495,6450
24428,7495,6451
9668,7495,6452
11866,7498,6453
22222,7498,6454
8390,7498,6455
18535,7498,6456
10704,7498,6457
8690,7498,6458
13145,7498,6459
13456,7498,6460
3236,7498,6461
5944,7498,6462
17595,7501,6463
9004,7501,6464
17308,7501,6465
9537,7501,6466
111,7501,6467
9189,7501,6468
10670,7504,6469
2788,7504,6470
23912,7504,6471
9795,7504,6472
9570,7504,6473
10995,7504,6474
7062,7504,6475
17381,7504,6476
3472,7504,6477
19314,7504,6478
777,7510,6479
18717,7510,6480
11345,7510,6481
16063,7510,6482
7672,7510,6483
11003,7510,6484
4888,7510,6485
10396,7510,6486
3750,7510,6487
16763,7510,6488
5013,7513,6489
7836,7513,6490
12442,7513,6491
14798,7513,6492
20784,7513,6493
1322,7513,6494
24000,7513,6495
8224,7513,6496
2410,7513,6497
7758,7513,6498
18455,7515,6499
16644,7515,6500
2885,7515,6501
7668,7515,6502
23654,7515,6503
17601,7518,6504
17601,7523,6505
1923,7524,6506
12361,7524,6507
8307,7524,6508
12899,7524,6509
13656,7524,6510
23986,7524,6511
18664,7526,6512
7269,7526,6513
11479,7526,6514
17601,7552,6515
8404,7561,6516
461,7561,6517
17353,7561,6518
24356,7561,6519
11911,7561,6520
23403,7561,6521
24195,7561,6522
18167,7561,6523
1784,7561,6524
10879,7561,6525
8763,7561,6526
1584,7561,6527
17640,7561,6528
21943,7561,6529
20107,7561,6530
20089,7561,6531
17601,7570,6532
17601,7599,6533
17601,7607,6534
3272,7610,6535
19080,7610,6536
16985,7610,6537
199,7610,6538
13441,7610,6539
12187,7610,6540
9220,7618,6541
18891,7618,6542
16721,7618,6543
5002,7618,6544
7624,7618,6545
16845,7618,6546
17601,7620,6547
15030,7624,6548
17499,7624,6549
10407,7624,6550
9581,7624,6551
2046,7624,6552
12925,7624,6553
16640,7624,6554
13536,7624,6555
932,7624,6556
9289,7644,6557
1701,7644,6558
11866,7644,6559
16624,7644,6560
2111,7655,6561
4925,7655,6562
15789,7655,6563
4181,7655,6564
3682,7655,6565
6861,7655,6566
19436,7655,6567
8247,7655,6568
7187,7655,6569
13093,7655,6570
5117,7655,6571
15478,7655,6572
6906,7655,6573
16841,7655,6574
14432,7655,6575
15202,7655,6576
15184,7655,6577
18544,7661,6578
22985,7661,6579
15949,7661,6580
20634,7661,6581
18176,7661,6582
20657,7661,6583
1870,7661,6584
21579,7661,6585
14517,7661,6586
8675,7661,6587
2824,7661,6588
10508,7661,6589
6396,7671,6590
14721,7671,6591
1243,7671,6592
6354,7671,6593
7839,7671,6594
15581,7671,6595
2083,7671,6596
8864,7671,6597
22826,7671,6598
15090,7671,6599
23695,7682,6600
18051,7682,6601
8619,7684,6602
15002,7684,6603
590,7684,6604
1222,7686,6605
20217,7686,6606
1063,7686,6607
5322,7686,6608
1564,7686,6609
5555,7686,6610
7861,7686,6611
20816,7686,6612
22818,7686,6613
18004,7686,6614
23309,7688,6615
6655,7688,6616
4360,7688,6617
4179,7688,6618
883,7688,6619
17213,7688,6620
12237,7688,6621
18581,7688,6622
24371,7688,6623
10653,7688,6624
5926,7707,6625
15538,7707,6626
23157,7707,6627
5325,7707,6628
5899,7707,6629
8432,7707,6630
20643,7708,6631
20703,7708,6632
16166,7708,6633
1546,7708,6634
3004,7710,6635
20296,7710,6636
20264,7710,6637
13063,7710,6638
17601,7717,6639
17707,7722,6640
17601,7725,6641
3400,7754,6642
19444,7754,6643
2636,7754,6644
21813,7754,6645
19997,7754,6646
20974,7754,6647
9988,7754,6648
17218,7754,6649
16465,7754,6650
6988,7754,6651
6448,7755,6652
5840,7755,6653
23095,7755,6654
20394,7755,6655
15540,7755,6656
14578,7755,6657
12640,7755,6658
11296,7755,6659
19334,7755,6660
17838,7755,6661
4711,7760,6662
3018,7760,6663
3014,7760,6664
5885,7760,6665
11823,7760,6666
24209,7760,6667
20301,7760,6668
11864,7760,6669
17114,7760,6670
21420,7760,6671
11676,7768,6672
13919,7768,6673
50,7768,6674
19468,7770,6675
4221,7770,6676
13767,7770,6677
19730,7770,6678
19820,7770,6679
21196,7770,6680
18010,7770,6681
1468,7770,6682
769,7770,6683
4342,7770,6684
12256,7778,6685
3691,7778,6686
8996,7778,6687
2271,7778,6688
17672,7778,6689
3692,7778,6690
9040,7778,6691
12625,7778,6692
10770,7778,6693
17601,7779,6694
20738,7780,6695
19781,7780,6696
5793,7780,6697
23530,7780,6698
3921,7780,6699
19370,7780,6700
19177,7780,6701
16530,7780,6702
22996,7780,6703
17601,7781,6704
17601,7790,6705
17601,7792,6706
8720,7799,6707
20934,7799,6708
18715,7799,6709
2605,7799,6710
17601,7802,6711
7253,7804,6712
12955,7804,6713
4328,7804,6714
24390,7804,6715
2350,7807,6716
4691,7807,6717
7656,7807,6718
23654,7807,6719
10409,7830,6720
22843,7830,6721
20064,7830,6722
15220,7830,6723
1242,7830,6724
4877,7830,6725
3714,7830,6726
4016,7830,6727
10084,7830,6728
3254,7830,6729
24839,7849,6730
6961,7849,6731
14577,7849,6732
525,7849,6733
5167,7849,6734
2033,7849,6735
6270,7849,6736
10343,7858,6737
17601,7871,6738
1203,7881,6739
19043,7881,6740
17446,7881,6741
15839,7881,6742
17272,7881,6743
4073,7882,6744
16166,7882,6745
11544,7882,6746
13460,7882,6747
198,7882,6748
22051,7884,6749
9921,7884,6750
6109,7884,6751
20939,7884,6752
19412,7884,6753
22024,7884,6754
501,7884,6755
10633,7884,6756
18970,7884,6757
16394,7897,6758
12187,7897,6759
5540,7897,6760
10687,7897,6761
6418,7900,6762
8404,7900,6763
12457,7900,6764
10049,7900,6765
13436,7903,6766
13921,7903,6767
7390,7903,6768
7069,7903,6769
14848,7903,6770
17601,7904,6771
7508,7923,6772
9944,7923,6773
19467,7923,6774
22213,7929,6775
22328,7929,6776
9131,7929,6777
7238,7929,6778
7880,7929,6779
16823,7929,6780
9447,7929,6781
2120,7929,6782
5257,7929,6783
22525,7929,6784
16589,7946,6785
9069,7946,6786
21085,7946,6787
3628,7946,6788
5735,7946,6789
24370,7946,6790
16767,7946,6791
16511,7946,6792
9258,7946,6793
638,7946,6794
585,7949,6795
4585,7949,6796
19097,7949,6797
11199,7949,6798
18559,7949,6799
5872,7949,6800
3937,7949,6801
503,7949,6802
7120,7949,6803
9804,7952,6804
20643,7952,6805
18387,7952,6806
10189,7952,6807
1721,7955,6808
3703,7955,6809
9289,7955,6810
2645,7955,6811
10049,7962,6812
6395,7962,6813
8263,7962,6814
17286,7962,6815
15073,7962,6816
10189,7962,6817
7851,7962,6818
14992,7968,6819
16599,7968,6820
11866,7968,6821
7172,7968,6822
4415,7968,6823
1644,7968,6824
14506,7968,6825
7938,7968,6826
10316,7968,6827
17601,7970,6828
17601,7974,6829
17601,7979,6830
17601,7987,6831
17601,7994,6832
17601,8000,6833
10723,8011,6834
9453,8011,6835
842,8011,6836
11038,8011,6837
6022,8011,6838
13911,8011,6839
12956,8011,6840
13801,8011,6841
3910,8011,6842
15789,8011,6843
13901,8011,6844
15259,8011,6845
14600,8011,6846
15461,8011,6847
6402,8013,6848
7935,8013,6849
10267,8013,6850
8347,8013,6851
17400,8013,6852
14047,8013,6853
15936,8013,6854
17601,8032,6855
7425,8036,6856
20592,8036,6857
19564,8036,6858
15711,8036,6859
9080,8036,6860
15657,8036,6861
18575,8036,6862
6670,8036,6863
3938,8036,6864
3719,8036,6865
23516,8038,6866
17093,8038,6867
17614,8038,6868
10699,8038,6869
20174,8038,6870
2309,8038,6871
13562,8038,6872
14308,8038,6873
12178,8038,6874
12462,8038,6875
17601,8055,6876
4577,8057,6877
1155,8057,6878
17601,8058,6879
21775,8060,6880
3119,8060,6881
17601,8061,6882
10867,8066,6883
12514,8066,6884
2571,8066,6885
885,8066,6886
5327,8072,6887
20296,8072,6888
2638,8072,6889
18588,8072,6890
20040,8072,6891
6288,8072,6892
10453,8073,6893
3637,8073,6894
19435,8073,6895
1621,8074,6896
9248,8074,6897
16511,8074,6898
18896,8074,6899
1190,8074,6900
4327,8075,6901
13744,8075,6902
12572,8075,6903
13369,8086,6904
1169,8086,6905
17601,8087,6906
17601,8090,6907
15857,8096,6908
1059,8096,6909
11191,8096,6910
21454,8096,6911
23052,8098,6912
20142,8098,6913
12218,8098,6914
14107,8098,6915
15060,8098,6916
5045,8103,6917
9970,8103,6918
5977,8103,6919
7143,8103,6920
16218,8103,6921
2040,8103,6922
10635,8103,6923
10189,8103,6924
3537,8103,6925
18537,8108,6926
5750,8108,6927
12514,8108,6928
17601,8109,6929
6214,8116,6930
17423,8116,6931
18004,8116,6932
4942,8116,6933
3893,8116,6934
17601,8119,6935
3119,8131,6936
2652,8131,6937
4370,8131,6938
4382,8131,6939
5355,8131,6940
2662,8131,6941
4417,8131,6942
6441,8131,6943
3867,8131,6944
4045,8131,6945
12849,8131,6946
8916,8131,6947
5636,8131,6948
7006,8131,6949
12173,8131,6950
4868,8131,6951
14383,8131,6952
1505,8131,6953
20532,8138,6954
17263,8138,6955
21407,8138,6956
21246,8138,6957
18935,8138,6958
15052,8138,6959
5966,8138,6960
14188,8138,6961
14657,8138,6962
4770,8138,6963
24313,8138,6964
22087,8138,6965
24282,8138,6966
14816,8138,6967
18491,8138,6968
11339,8141,6969
3272,8141,6970
20124,8141,6971
15273,8141,6972
4829,8141,6973
21353,8141,6974
18911,8141,6975
7288,8141,6976
5290,8141,6977
15738,8141,6978
18899,8141,6979
8080,8141,6980
13438,8141,6981
15111,8141,6982
10718,8141,6983
9218,8141,6984
7422,8141,6985
21818,8155,6986
17939,8155,6987
11189,8155,6988
22288,8155,6989
5895,8155,6990
7490,8155,6991
1338,8155,6992
9126,8155,6993
20650,8155,6994
12473,8155,6995
23521,8156,6996
16565,8156,6997
11250,8156,6998
358,8156,6999
6044,8156,7000
23675,8156,7001
13436,8172,7002
20508,8172,7003
8213,8172,7004
4420,8172,7005
17601,8177,7006
17601,8180,7007
17601,8181,7008
17601,8184,7009
16286,8185,7010
10378,8185,7011
9804,8185,7012
24190,8185,7013
12908,8185,7014
7390,8185,7015
15987,8187,7016
13031,8187,7017
2662,8187,7018
10948,8187,7019
11479,8187,7020
16394,8187,7021
19782,8187,7022
18588,8187,7023
12173,8187,7024
17389,8189,7025
14766,8189,7026
14557,8189,7027
24667,8189,7028
17601,8190,7029
24662,8192,7030
11199,8192,7031
3432,8192,7032
17138,8192,7033
10340,8192,7034
9335,8192,7035
16479,8193,7036
92,8193,7037
9620,8193,7038
14183,8193,7039
23501,8193,7040
17601,8194,7041
17601,8203,7042
17601,8206,7043
23601,8210,7044
9602,8213,7045
9424,8213,7046
9203,8213,7047
14062,8213,7048
4934,8220,7049
23971,8220,7050
21457,8220,7051
20336,8220,7052
6296,8220,7053
14870,8221,7054
21456,8222,7055
4327,8222,7056
24658,8222,7057
20518,8222,7058
17601,8238,7059
13675,8240,7060
18303,8240,7061
17455,8240,7062
17184,8240,7063
17635,8240,7064
21698,8240,7065
13607,8240,7066
24610,8240,7067
16095,8240,7068
7140,8240,7069
10576,8240,7070
22624,8240,7071
20474,8240,7072
22603,8240,7073
19686,8240,7074
10568,8242,7075
9513,8242,7076
7371,8242,7077
4296,8242,7078
14820,8242,7079
2785,8242,7080
23092,8242,7081
17932,8242,7082
16029,8242,7083
21708,8242,7084
9695,8245,7085
21506,8245,7086
13205,8245,7087
20347,8245,7088
3613,8245,7089
10303,8245,7090
3611,8245,7091
6156,8245,7092
5141,8245,7093
1467,8245,7094
1932,8248,7095
3958,8248,7096
10850,8248,7097
3611,8248,7098
23,8248,7099
8506,8248,7100
21595,8248,7101
20617,8248,7102
20123,8248,7103
17219,8248,7104
8285,8248,7105
4894,8248,7106
17601,8260,7107
5540,8266,7108
1191,8266,7109
2885,8266,7110
3606,8266,7111
3796,8266,7112
16736,8266,7113
13031,8266,7114
12624,8266,7115
6094,8266,7116
17796,8266,7117
17601,8268,7118
16251,8272,7119
14236,8272,7120
15339,8272,7121
18535,8272,7122
11778,8272,7123
3270,8272,7124
19196,8272,7125
23423,8272,7126
18259,8272,7127
16721,8272,7128
426,8272,7129
23499,8272,7130
233,8272,7131
2360,8272,7132
17601,8274,7133
17601,8282,7134
19923,8283,7135
2652,8283,7136
18535,8283,7137
19923,8283,7138
9602,8283,7139
7624,8283,7140
15955,8283,7141
9518,8283,7142
4631,8283,7143
3938,8283,7144
17601,8284,7145
6106,8285,7146
1124,8285,7147
4463,8285,7148
10306,8285,7149
2141,8285,7150
17601,8286,7151
17601,8291,7152
139,8292,7153
8564,8292,7154
8155,8292,7155
14262,8292,7156
17601,8299,7157
11569,8300,7158
21781,8300,7159
2605,8300,7160
2616,8300,7161
4472,8300,7162
1820,8309,7163
13573,8309,7164
13530,8309,7165
21495,8309,7166
22287,8322,7167
19269,8322,7168
21010,8322,7169
961,8322,7170
4419,8322,7171
8390,8322,7172
16782,8322,7173
11911,8322,7174
17601,8325,7175
17601,8328,7176
17649,8333,7177
13309,8333,7178
16252,8333,7179
2834,8343,7180
7525,8343,7181
16394,8343,7182
8808,8343,7183
12514,8343,7184
23531,8343,7185
12065,8344,7186
13184,8344,7187
17601,8348,7188
8196,8357,7189
24287,8357,7190
20160,8357,7191
3851,8360,7192
3530,8360,7193
1189,8360,7194
275,8360,7195
3836,8360,7196
372,8360,7197
893,8360,7198
17000,8360,7199
10142,8360,7200
13152,8360,7201
14209,8360,7202
2706,8360,7203
2069,8360,7204
1265,8360,7205
13445,8360,7206
14112,8360,7207
4317,8360,7208
7205,8360,7209
17601,8370,7210
17601,8386,7211
17601,8387,7212
17601,8388,7213
12656,8389,7214
7299,8389,7215
16864,8390,7216
19337,8390,7217
5636,8390,7218
12849,8390,7219
3119,8390,7220
24783,8390,7221
22580,8390,7222
23961,8390,7223
4417,8390,7224
22700,8399,7225
5342,8399,7226
9300,8399,7227
24540,8399,7228
16607,8399,7229
17858,8399,7230
21523,8399,7231
17601,8409,7232
9501,8410,7233
12552,8410,7234
20854,8410,7235
18083,8410,7236
11328,8410,7237
17601,8411,7238
17601,8412,7239
3119,8416,7240
11010,8416,7241
15284,8417,7242
16745,8417,7243
23301,8417,7244
2884,8417,7245
12248,8420,7246
13849,8420,7247
15742,8420,7248
2886,8420,7249
23309,8420,7250
2769,8420,7251
2398,8420,7252
13392,8423,7253
10453,8423,7254
20987,8423,7255
14332,8423,7256
6446,8423,7257
4577,8423,7258
10030,8425,7259
2558,8425,7260
3102,8425,7261
11777,8425,7262
10345,8425,7263
3139,8425,7264
4637,8425,7265
24229,8425,7266
14661,8425,7267
21708,8436,7268
4024,8436,7269
22349,8436,7270
6932,8436,7271
13260,8436,7272
17601,8438,7273
18430,8439,7274
23063,8439,7275
20098,8439,7276
17601,8440,7277
17193,8442,7278
14405,8442,7279
1182,8442,7280
2834,8442,7281
19248,8442,7282
17601,8456,7283
18083,8457,7284
10622,8457,7285
4658,8457,7286
13053,8457,7287
16070,8457,7288
17601,8471,7289
14595,8476,7290
7428,8476,7291
19849,8476,7292
19824,8476,7293
14493,8476,7294
7572,8476,7295
8176,8502,7296
5160,8502,7297
24383,8502,7298
18770,8502,7299
11875,8502,7300
23974,8502,7301
2906,8502,7302
2507,8502,7303
19631,8502,7304
19767,8502,7305
17601,8507,7306
16399,8511,7307
7430,8511,7308
1342,8511,7309
17700,8511,7310
16509,8511,7311
5470,8511,7312
6955,8511,7313
23388,8511,7314
21363,8511,7315
1819,8527,7316
7299,8531,7317
7738,8531,7318
20433,8531,7319
21603,8531,7320
20001,8531,7321
18914,8531,7322
10977,8534,7323
13476,8534,7324
10453,8534,7325
10622,8534,7326
4415,8534,7327
4577,8534,7328
4151,8534,7329
10687,8534,7330
4400,8536,7331
23341,8536,7332
4627,8536,7333
2652,8536,7334
4980,8536,7335
17601,8542,7336
22169,8543,7337
4585,8543,7338
3130,8543,7339
8633,8543,7340
10684,8546,7341
9780,8546,7342
11767,8546,7343
16457,8546,7344
503,8546,7345
18891,8546,7346
16541,8546,7347
14371,8546,7348
16299,8546,7349
11569,8549,7350
11199,8549,7351
15853,8549,7352
10993,8549,7353
4417,8549,7354
10635,8549,7355
24838,8549,7356
20235,8550,7357
22497,8550,7358
17997,8550,7359
12523,8550,7360
10074,8550,7361
4359,8550,7362
3370,8550,7363
22915,8550,7364
3211,8550,7365
21681,8550,7366
19970,8550,7367
20882,8550,7368
1644,8550,7369
22108,8550,7370
17601,8551,7371
200,8553,7372
21456,8553,7373
13070,8553,7374
2456,8553,7375
17601,8555,7376
23302,8556,7377
19970,8556,7378
24193,8556,7379
20502,8556,7380
15859,8557,7381
912,8557,7382
8385,8557,7383
15990,8557,7384
14726,8557,7385
17601,8560,7386
4667,8562,7387
21665,8562,7388
2261,8566,7389
2969,8566,7390
24519,8566,7391
13805,8566,7392
17334,8566,7393
24394,8566,7394
15342,8566,7395
12824,8566,7396
5128,8566,7397
289,8566,7398
17601,8567,7399
461,8568,7400
8261,8568,7401
7940,8568,7402
9795,8568,7403
14332,8570,7404
17601,8574,7405
9788,8583,7406
18501,8583,7407
23652,8583,7408
23971,8583,7409
12400,8583,7410
2379,8583,7411
3492,8583,7412
2506,8583,7413
4417,8583,7414
17601,8584,7415
15835,8585,7416
21546,8585,7417
15853,8585,7418
8890,8585,7419
9078,8585,7420
9599,8585,7421
7525,8585,7422
11813,8585,7423
2508,8585,7424
4622,8585,7425
4657,8585,7426
18259,8585,7427
23084,8585,7428
17601,8588,7429
17601,8596,7430
17601,8600,7431
3271,8620,7432
19287,8620,7433
2241,8620,7434
14749,8620,7435
8861,8620,7436
5699,8620,7437
10644,8620,7438
11353,8620,7439
12042,8620,7440
4581,8620,7441
17951,8620,7442
9289,8620,7443
4918,8620,7444
8926,8620,7445
19348,8621,7446
22469,8621,7447
21972,8621,7448
24040,8621,7449
4052,8621,7450
2899,8621,7451
13684,8621,7452
20829,8621,7453
11520,8621,7454
18061,8621,7455
18645,8621,7456
15913,8633,7457
9211,8633,7458
5982,8633,7459
6822,8633,7460
24527,8633,7461
10119,8639,7462
22611,8639,7463
20018,8639,7464
13064,8639,7465
8756,8639,7466
24282,8639,7467
24289,8639,7468
20508,8639,7469
18004,8639,7470
7769,8639,7471
17601,8660,7472
17601,8666,7473
17601,8667,7474
17601,8671,7475
14444,8673,7476
12514,8673,7477
24360,8673,7478
12195,8673,7479
11010,8673,7480
6473,8673,7481
6978,8673,7482
19208,8673,7483
13548,8676,7484
6327,8676,7485
8998,8676,7486
8220,8676,7487
21720,8676,7488
12694,8677,7489
15146,8677,7490
14851,8677,7491
2359,8677,7492
1132,8677,7493
8311,8677,7494
17601,8682,7495
13198,8684,7496
16241,8684,7497
2652,8684,7498
944,8684,7499
21775,8686,7500
4073,8686,7501
1811,8686,7502
22287,8686,7503
15841,8686,7504
23811,8686,7505
17601,8688,7506
17601,8690,7507
15955,8691,7508
19923,8691,7509
9602,8691,7510
13306,8691,7511
8746,8691,7512
1488,8691,7513
17601,8692,7514
17601,8693,7515
8213,8700,7516
11834,8700,7517
10948,8700,7518
24666,8700,7519
14062,8702,7520
18429,8702,7521
18460,8702,7522
2847,8702,7523
20997,8702,7524
17601,8703,7525
7003,8706,7526
10399,8706,7527
15073,8706,7528
7770,8706,7529
24102,8710,7530
17601,8716,7531
434,8718,7532
9114,8718,7533
9446,8718,7534
4399,8718,7535
11692,8720,7536
18842,8720,7537
6978,8720,7538
18830,8720,7539
17601,8723,7540
1438,8726,7541
569,8726,7542
24494,8726,7543
17554,8726,7544
17601,8729,7545
17601,8737,7546
10977,8744,7547
12457,8744,7548
10687,8744,7549
12977,8744,7550
10678,8747,7551
11120,8747,7552
14992,8747,7553
9970,8747,7554
4004,8747,7555
20518,8747,7556
16811,8747,7557
22497,8747,7558
21173,8759,7559
696,8759,7560
2645,8759,7561
23322,8759,7562
4842,8762,7563
3405,8762,7564
8651,8762,7565
14537,8762,7566
11196,8762,7567
16241,8762,7568
17009,8762,7569
19003,8762,7570
13029,8762,7571
10046,8762,7572
2732,8762,7573
13641,8762,7574
19316,8762,7575
22183,8762,7576
23301,8762,7577
15533,8762,7578
23971,8766,7579
20183,8766,7580
23842,8766,7581
14262,8766,7582
2880,8766,7583
2411,8766,7584
20181,8766,7585
21821,8792,7586
127,8792,7587
16760,8792,7588
1140,8792,7589
1394,8792,7590
1097,8792,7591
1791,8792,7592
23296,8792,7593
16966,8792,7594
11460,8792,7595
17601,8794,7596
17601,8798,7597
15171,8814,7598
8848,8814,7599
17202,8814,7600
5529,8814,7601
17751,8814,7602
14746,8818,7603
11910,8818,7604
11064,8818,7605
24277,8818,7606
15830,8818,7607
15184,8818,7608
1848,8819,7609
1700,8819,7610
22535,8819,7611
18760,8819,7612
756,8819,7613
17601,8820,7614
10872,8823,7615
11329,8823,7616
19489,8823,7617
14151,8823,7618
20134,8823,7619
17601,8827,7620
17601,8829,7621
17601,8831,7622
17601,8838,7623
712,8841,7624
839,8841,7625
12171,8841,7626
22822,8841,7627
24567,8841,7628
2595,8841,7629
7140,8841,7630
15857,8841,7631
7338,8841,7632
13844,8842,7633
11899,8842,7634
22075,8842,7635
20133,8842,7636
15567,8842,7637
11938,8842,7638
11905,8842,7639
16252,8842,7640
14332,8842,7641
10783,8842,7642
5099,8842,7643
7529,8842,7644
19568,8843,7645
7770,8843,7646
23329,8843,7647
13759,8843,7648
12629,8844,7649
20701,8844,7650
23729,8844,7651
21240,8844,7652
12457,8846,7653
16599,8846,7654
12577,8846,7655
7656,8846,7656
2652,8846,7657
12515,8846,7658
4359,8846,7659
6180,8846,7660
20916,8846,7661
98,8846,7662
17601,8847,7663
17601,8849,7664
13547,8850,7665
20180,8850,7666
13436,8850,7667
11899,8850,7668
455,8850,7669
22580,8850,7670
17601,8852,7671
23472,8859,7672
6828,8859,7673
22317,8859,7674
17377,8859,7675
19982,8859,7676
866,8859,7677
13342,8859,7678
11955,8859,7679
10802,8860,7680
6388,8860,7681
21242,8860,7682
17601,8861,7683
22377,8865,7684
8586,8865,7685
7350,8865,7686
3,8867,7687
776,8867,7688
20170,8867,7689
13045,8867,7690
5538,8867,7691
1495,8869,7692
13750,8869,7693
5491,8869,7694
5608,8869,7695
8418,8869,7696
13159,8869,7697
13570,8869,7698
533,8869,7699
146,8869,7700
11497,8869,7701
23352,8869,7702
17202,8869,7703
17535,8870,7704
8124,8870,7705
6660,8870,7706
17206,8870,7707
21584,8870,7708
20387,8870,7709
3541,8870,7710
8141,8870,7711
18046,8870,7712
6728,8870,7713
17601,8871,7714
19607,8873,7715
7249,8873,7716
4637,8873,7717
12216,8873,7718
17601,8875,7719
22124,8877,7720
14553,8877,7721
14261,8877,7722
6180,8877,7723
22787,8877,7724
1551,8877,7725
17601,8878,7726
13417,8879,7727
11086,8879,7728
11125,8879,7729
13422,8879,7730
268,8879,7731
17601,8886,7732
17601,8889,7733
17601,8890,7734
17601,8891,7735
3423,8896,7736
4868,8896,7737
1811,8896,7738
8623,8896,7739
8905,8896,7740
13418,8896,7741
17601,8901,7742
17601,8907,7743
18812,8912,7744
4370,8912,7745
20181,8912,7746
6441,8912,7747
11091,8912,7748
4045,8912,7749
1810,8912,7750
21366,8912,7751
21235,8912,7752
13476,8919,7753
16874,8919,7754
13644,8927,7755
12501,8927,7756
1623,8927,7757
12241,8927,7758
10098,8927,7759
23368,8927,7760
4898,8927,7761
23016,8927,7762
20625,8927,7763
7934,8927,7764
7222,8927,7765
1898,8927,7766
6808,8927,7767
3540,8927,7768
4908,8927,7769
20912,8931,7770
16991,8931,7771
4013,8931,7772
22541,8931,7773
8147,8931,7774
3128,8931,7775
12089,8931,7776
13520,8931,7777
15158,8931,7778
6990,8931,7779
9275,8933,7780
8889,8933,7781
259,8933,7782
9683,8933,7783
14294,8933,7784
12117,8933,7785
23702,8933,7786
24723,8933,7787
9358,8933,7788
9084,8933,7789
15645,8933,7790
7222,8944,7791
4596,8944,7792
12029,8944,7793
1721,8944,7794
21838,8944,7795
19651,8944,7796
19204,8944,7797
21058,8944,7798
20997,8944,7799
281,8944,7800
3409,8944,7801
2728,8944,7802
5869,8944,7803
1854,8944,7804
2534,8944,7805
2891,8944,7806
3938,8946,7807
7616,8946,7808
23403,8946,7809
17601,8954,7810
7095,8963,7811
7231,8963,7812
4575,8963,7813
23090,8963,7814
16282,8963,7815
14954,8963,7816
15369,8963,7817
16352,8963,7818
17666,8963,7819
22904,8963,7820
15859,8972,7821
4369,8972,7822
13975,8972,7823
11595,8972,7824
21141,8972,7825
1090,8972,7826
1222,8972,7827
5675,8972,7828
17601,8977,7829
3370,8981,7830
3186,8981,7831
24196,8981,7832
6268,8981,7833
10635,8981,7834
17601,8982,7835
17601,8983,7836
17601,8986,7837
2838,8989,7838
7052,8989,7839
1701,8989,7840
16683,8989,7841
16252,8989,7842
11199,8989,7843
15185,8989,7844
17601,8992,7845
17601,8993,7846
2855,8995,7847
10223,8995,7848
19845,8995,7849
17601,8996,7850
23206,8997,7851
21029,8997,7852
20671,8997,7853
18855,8997,7854
14357,8997,7855
6521,8997,7856
12903,8997,7857
15729,8997,7858
1164,8997,7859
17601,8999,7860
17601,9003,7861
14004,9008,7862
23125,9008,7863
13070,9008,7864
4042,9008,7865
23670,9008,7866
17601,9009,7867
21594,9012,7868
13465,9012,7869
17601,9014,7870
17601,9015,7871
16624,9020,7872
10928,9020,7873
23326,9020,7874
23129,9020,7875
11746,9020,7876
1861,9020,7877
17601,9021,7878
23423,9022,7879
9284,9022,7880
21235,9022,7881
1801,9022,7882
5531,9022,7883
5993,9024,7884
8746,9024,7885
10398,9024,7886
6932,9024,7887
9602,9024,7888
22228,9024,7889
19923,9024,7890
15955,9024,7891
13306,9024,7892
24295,9024,7893
10621,9027,7894
19702,9028,7895
24613,9028,7896
1903,9028,7897
13471,9028,7898
17601,9030,7899
22621,9032,7900
9788,9032,7901
22470,9032,7902
23239,9032,7903
8926,9032,7904
246,9032,7905
2366,9032,7906
4415,9033,7907
12374,9033,7908
9505,9033,7909
5228,9033,7910
9874,9033,7911
525,9033,7912
20180,9037,7913
10068,9037,7914
12462,9037,7915
4436,9037,7916
3119,9037,7917
11010,9037,7918
17601,9039,7919
17601,9040,7920
17601,9042,7921
17601,9046,7922
17601,9048,7923
17601,9051,7924
3593,9058,7925
1994,9058,7926
17601,9060,7927
18842,9070,7928
4939,9070,7929
13871,9070,7930
9757,9070,7931
3734,9070,7932
6622,9070,7933
729,9070,7934
525,9071,7935
19488,9071,7936
7269,9071,7937
2847,9071,7938
11757,9071,7939
3119,9071,7940
6710,9076,7941
10297,9076,7942
13520,9076,7943
11730,9089,7944
22580,9089,7945
10292,9089,7946
5823,9089,7947
11364,9089,7948
18019,9099,7949
18423,9099,7950
21618,9099,7951
15780,9099,7952
19904,9099,7953
12113,9099,7954
10856,9099,7955
4803,9099,7956
11924,9099,7957
21045,9099,7958
13094,9116,7959
3436,9116,7960
18455,9116,7961
8566,9116,7962
10635,9116,7963
14420,9116,7964
21103,9116,7965
11339,9116,7966
12981,9116,7967
23059,9116,7968
1440,9116,7969
6690,9116,7970
4740,9116,7971
10669,9116,7972
22484,9116,7973
22828,9116,7974
11719,9116,7975
14876,9117,7976
11309,9117,7977
14354,9117,7978
645,9117,7979
17931,9117,7980
5417,9117,7981
18912,9117,7982
18916,9117,7983
20730,9117,7984
13668,9117,7985
1483,9117,7986
1166,9117,7987
15955,9117,7988
6182,9117,7989
24578,9118,7990
19014,9118,7991
12390,9118,7992
19905,9118,7993
23872,9118,7994
12289,9118,7995
12796,9118,7996
9809,9118,7997
7309,9118,7998
17601,9132,7999
17601,9140,8000
17601,9145,8001
4898,9147,8002
18083,9147,8003
15853,9147,8004
1721,9147,8005
17601,9149,8006
17601,9150,8007
5232,9153,8008
21685,9153,8009
21487,9153,8010
23055,9153,8011
4638,9153,8012
1505,9153,8013
8155,9153,8014
7576,9153,8015
21243,9156,8016
16394,9156,8017
22614,9156,8018
20735,9156,8019
10448,9156,8020
481,9156,8021
10318,9156,8022
8923,9156,8023
5290,9156,8024
17601,9157,8025
21737,9162,8026
19682,9162,8027
14330,9162,8028
9163,9162,8029
13480,9162,8030
12635,9162,8031
11403,9162,8032
3722,9162,8033
7555,9162,8034
17601,9163,8035
13198,9166,8036
4327,9166,8037
15859,9166,8038
20914,9166,8039
358,9167,8040
12953,9167,8041
9604,9169,8042
3349,9169,8043
5996,9169,8044
16828,9169,8045
24262,9169,8046
292,9169,8047
796,9169,8048
13177,9169,8049
11911,9170,8050
5531,9170,8051
9180,9170,8052
5531,9170,8053
20297,9170,8054
13669,9170,8055
17601,9171,8056
17601,9173,8057
5845,9175,8058
20571,9175,8059
23536,9175,8060
23963,9175,8061
10635,9175,8062
7238,9175,8063
3119,9180,8064
1155,9180,8065
11091,9180,8066
20180,9180,8067
14848,9180,8068
4472,9180,8069
11010,9180,8070
585,9180,8071
17601,9183,8072
11870,9184,8073
8692,9184,8074
14473,9184,8075
20410,9184,8076
18460,9184,8077
6919,9184,8078
23303,9184,8079
24614,9184,8080
11401,9189,8081
13883,9189,8082
9424,9189,8083
13177,9189,8084
20070,9189,8085
22624,9189,8086
17601,9190,8087
17601,9195,8088
13744,9200,8089
22823,9200,8090
20229,9200,8091
6580,9203,8092
2746,9203,8093
21229,9208,8094
6866,9208,8095
10337,9208,8096
7695,9208,8097
2038,9208,8098
2360,9208,8099
1831,9208,8100
1133,9208,8101
14385,9208,8102
2158,9208,8103
5390,9209,8104
20752,9210,8105
20066,9210,8106
22625,9210,8107
20134,9211,8108
18797,9211,8109
16301,9211,8110
11871,9211,8111
18706,9211,8112
6479,9213,8113
3998,9213,8114
24769,9213,8115
17601,9214,8116
13714,9215,8117
4157,9215,8118
7338,9215,8119
18459,9215,8120
21890,9215,8121
23158,9217,8122
10392,9217,8123
3715,9225,8124
17601,9258,8125
1781,9262,8126
9628,9262,8127
4006,9262,8128
19796,9262,8129
18020,9262,8130
7626,9262,8131
22284,9275,8132
23531,9275,8133
22336,9275,8134
4957,9275,8135
23063,9275,8136
19452,9275,8137
2344,9275,8138
4328,9275,8139
14409,9275,8140
4166,9275,8141
13816,9275,8142
10624,9275,8143
23273,9275,8144
12663,9275,8145
1191,9275,8146
914,9275,8147
21323,9284,8148
9418,9284,8149
7318,9284,8150
9081,9284,8151
19600,9284,8152
7366,9284,8153
4552,9284,8154
5760,9284,8155
3291,9284,8156
10296,9284,8157
2894,9289,8158
20854,9289,8159
14166,9289,8160
15935,9289,8161
12867,9289,8162
5759,9289,8163
24675,9289,8164
7525,9289,8165
8211,9289,8166
8782,9289,8167
17601,9293,8168
17601,9303,8169
17601,9306,8170
17601,9307,8171
17601,9313,8172
17601,9314,8173
8657,9315,8174
6805,9315,8175
4409,9317,8176
20979,9317,8177
20356,9317,8178
6124,9317,8179
15242,9317,8180
2544,9319,8181
22235,9319,8182
15802,9319,8183
687,9319,8184
3140,9319,8185
23190,9319,8186
16319,9319,8187
13568,9319,8188
6631,9319,8189
17601,9320,8190
17601,9325,8191
17601,9328,8192
10448,9329,8193
2885,9329,8194
7769,9329,8195
21386,9329,8196
1861,9329,8197
12295,9336,8198
13782,9336,8199
6947,9336,8200
10681,9336,8201
12005,9336,8202
24262,9340,8203
24360,9340,8204
20916,9340,8205
7917,9340,8206
4472,9340,8207
24783,9340,8208
3898,9340,8209
17601,9342,8210
13036,9343,8211
13558,9343,8212
3866,9343,8213
11446,9343,8214
12514,9344,8215
18083,9344,8216
16599,9344,8217
7273,9347,8218
23322,9347,8219
15791,9349,8220
8269,9349,8221
17650,9349,8222
20203,9349,8223
22939,9349,8224
9639,9349,8225
8760,9349,8226
22999,9349,8227
12958,9354,8228
10686,9354,8229
10340,9354,8230
8011,9354,8231
4740,9354,8232
19505,9354,8233
24337,9354,8234
10119,9356,8235
1505,9356,8236
16035,9356,8237
7917,9356,8238
24086,9356,8239
11001,9356,8240
17657,9356,8241
20560,9356,8242
17601,9359,8243
17601,9360,8244
13730,9363,8245
12187,9363,8246
9636,9363,8247
10317,9364,8248
1192,9364,8249
1495,9364,8250
24366,9364,8251
10255,9364,8252
18232,9365,8253
16933,9365,8254
17601,9366,8255
883,9369,8256
13782,9369,8257
6578,9371,8258
3088,9371,8259
21924,9371,8260
8615,9371,8261
11464,9371,8262
157,9371,8263
312,9371,8264
213,9371,8265
206,9371,8266
5166,9371,8267
23375,9371,8268
10846,9371,8269
17601,9375,8270
17601,9376,8271
13871,9379,8272
20061,9379,8273
12618,9379,8274
3958,9381,8275
4658,9381,8276
15807,9381,8277
19208,9381,8278
14989,9382,8279
5129,9382,8280
20643,9382,8281
22987,9382,8282
17601,9383,8283
17601,9384,8284
19682,9385,8285
14062,9385,8286
6978,9385,8287
23239,9385,8288
17601,9387,8289
3439,9389,8290
17571,9389,8291
6148,9389,8292
12374,9395,8293
10686,9395,8294
16541,9395,8295
20518,9395,8296
19536,9399,8297
8404,9399,8298
9506,9399,8299
3389,9399,8300
13774,9405,8301
5746,9405,8302
17601,9413,8303
6298,9430,8304
8220,9430,8305
10909,9430,8306
18558,9430,8307
5842,9430,8308
15511,9430,8309
985,9430,8310
18848,9468,8311
17638,9468,8312
8687,9468,8313
19745,9468,8314
4613,9468,8315
4823,9468,8316
5038,9468,8317
7881,9468,8318
1856,9468,8319
7899,9468,8320
17601,9477,8321
17601,9482,8322
17601,9483,8323
23368,9487,8324
10189,9487,8325
11569,9487,8326
19170,9492,8327
13744,9492,8328
11673,9492,8329
13956,9492,8330
22757,9492,8331
24783,9495,8332
4073,9495,8333
6304,9495,8334
16985,9497,8335
10378,9497,8336
17601,9502,8337
16528,9506,8338
17161,9506,8339
18886,9506,8340
9970,9506,8341
17649,9509,8342
2847,9509,8343
16541,9509,8344
10181,9509,8345
10746,9510,8346
17601,9512,8347
17601,9513,8348
17601,9519,8349
14252,9520,8350
128,9520,8351
9939,9520,8352
20962,9520,8353
23967,9522,8354
4868,9522,8355
4417,9522,8356
10055,9522,8357
23307,9523,8358
673,9523,8359
10475,9523,8360
8942,9523,8361
11113,9523,8362
17601,9527,8363
17601,9528,8364
22094,9532,8365
3004,9532,8366
12606,9532,8367
24236,9532,8368
3436,9532,8369
12195,9535,8370
11010,9535,8371
19208,9535,8372
14444,9535,8373
2708,9536,8374
10863,9536,8375
22153,9536,8376
21453,9536,8377
10040,9538,8378
21139,9538,8379
10520,9538,8380
11668,9538,8381
7143,9539,8382
6094,9539,8383
19955,9539,8384
12374,9539,8385
9094,9545,8386
21202,9545,8387
12755,9545,8388
17857,9545,8389
17059,9545,8390
23725,9545,8391
1454,9545,8392
11716,9548,8393
2817,9548,8394
12424,9548,8395
8387,9548,8396
10750,9548,8397
13642,9549,8398
232,9549,8399
3876,9549,8400
21312,9549,8401
19513,9549,8402
8220,9550,8403
2805,9550,8404
9027,9550,8405
19568,9552,8406
9283,9552,8407
5386,9552,8408
17650,9552,8409
10704,9552,8410
12376,9552,8411
23924,9555,8412
1224,9555,8413
4250,9555,8414
11871,9555,8415
17601,9557,8416
8992,9559,8417
9504,9559,8418
9518,9559,8419
23322,9559,8420
17601,9563,8421
17601,9566,8422
19808,9578,8423
15370,9578,8424
12606,9578,8425
20882,9578,8426
2977,9578,8427
19874,9578,8428
16039,9578,8429
15990,9578,8430
17601,9581,8431
9514,9585,8432
7670,9585,8433
23985,9585,8434
18951,9585,8435
17601,9588,8436
5628,9599,8437
7270,9599,8438
5409,9599,8439
22521,9599,8440
9749,9599,8441
16975,9599,8442
290,9599,8443
19291,9599,8444
17761,9599,8445
7128,9603,8446
14750,9603,8447
22721,9603,8448
17009,9603,8449
17264,9614,8450
11187,9614,8451
14486,9614,8452
16488,9614,8453
16276,9625,8454
3878,9625,8455
5302,9625,8456
18692,9625,8457
3389,9636,8458
1644,9636,8459
14992,9636,8460
7769,9636,8461
286,9636,8462
17268,9636,8463
4399,9636,8464
10977,9636,8465
20929,9636,8466
24289,9636,8467
15382,9636,8468
17601,9639,8469
17601,9642,8470
17601,9659,8471
17601,9660,8472
17474,9661,8473
17601,9663,8474
5888,9670,8475
1483,9670,8476
16503,9670,8477
1873,9670,8478
2914,9670,8479
20191,9670,8480
23171,9670,8481
6643,9670,8482
6646,9672,8483
2563,9672,8484
6696,9672,8485
6962,9672,8486
21770,9672,8487
13383,9672,8488
10995,9672,8489
22287,9672,8490
24789,9672,8491
17601,9673,8492
11793,9674,8493
21572,9674,8494
3083,9674,8495
23690,9674,8496
17601,9681,8497
7616,9683,8498
20628,9683,8499
15254,9683,8500
21681,9683,8501
23127,9683,8502
17601,9685,8503
6163,9686,8504
24201,9686,8505
2985,9686,8506
24257,9686,8507
7404,9687,8508
14666,9687,8509
116,9687,8510
3851,9687,8511
11387,9687,8512
23283,9687,8513
18810,9687,8514
20708,9687,8515
13734,9687,8516
15845,9687,8517
16542,9687,8518
3280,9687,8519
2499,9687,8520
8302,9687,8521
17601,9689,8522
17601,9690,8523
17601,9693,8524
1623,9696,8525
23328,9696,8526
21058,9696,8527
8418,9696,8528
9110,9696,8529
5542,9696,8530
6792,9697,8531
24534,9697,8532
14651,9697,8533
17601,9698,8534
17601,9700,8535
9391,9701,8536
8390,9701,8537
18028,9701,8538
7222,9701,8539
2629,9701,8540
22037,9701,8541
17601,9703,8542
8476,9706,8543
12036,9706,8544
6950,9706,8545
13944,9709,8546
23432,9711,8547
13902,9711,8548
1311,9711,8549
1203,9711,8550
842,9713,8551
15493,9713,8552
1702,9713,8553
11735,9715,8554
9281,9715,8555
24289,9715,8556
17601,9717,8557
585,9718,8558
855,9718,8559
4532,9718,8560
18415,9718,8561
23206,9718,8562
1730,9718,8563
7044,9718,8564
17601,9721,8565
17601,9728,8566
15800,9738,8567
10022,9738,8568
23176,9738,8569
21104,9738,8570
1675,9738,8571
2552,9738,8572
20625,9738,8573
10037,9738,8574
7222,9738,8575
17945,9741,8576
20061,9741,8577
17780,9741,8578
4181,9741,8579
24809,9741,8580
23323,9741,8581
11745,9741,8582
17601,9747,8583
16722,9753,8584
16775,9754,8585
6388,9754,8586
20433,9754,8587
19158,9754,8588
4019,9754,8589
23452,9754,8590
23178,9769,8591
20914,9769,8592
10407,9769,8593
22987,9769,8594
1644,9769,8595
9639,9771,8596
8511,9771,8597
2847,9771,8598
2605,9771,8599
15089,9771,8600
17833,9771,8601
21235,9771,8602
5511,9772,8603
8976,9772,8604
23178,9772,8605
21562,9772,8606
17601,9774,8607
7172,9776,8608
4382,9776,8609
11199,9776,8610
4181,9776,8611
9252,9777,8612
12368,9777,8613
17649,9777,8614
10223,9777,8615
4359,9777,8616
17601,9779,8617
9656,9794,8618
10239,9794,8619
11372,9794,8620
9082,9794,8621
14371,9794,8622
21165,9794,8623
4938,9794,8624
12604,9794,8625
13058,9794,8626
8575,9794,8627
8533,9794,8628
8286,9794,8629
8475,9794,8630
11676,9794,8631
8749,9794,8632
19590,9794,8633
17160,9794,8634
19882,9794,8635
24066,9801,8636
16321,9807,8637
19893,9807,8638
20859,9807,8639
20813,9807,8640
17601,9809,8641
16993,9813,8642
4181,9813,8643
6622,9813,8644
17759,9813,8645
13824,9813,8646
10686,9813,8647
14996,9813,8648
23961,9813,8649
23682,9813,8650
17601,9820,8651
3919,9832,8652
18051,9832,8653
14202,9832,8654
4042,9832,8655
17601,9833,8656
2570,9835,8657
17852,9835,8658
20502,9835,8659
23670,9835,8660
7282,9836,8661
8461,9836,8662
13812,9836,8663
2038,9836,8664
19782,9836,8665
5002,9836,8666
5072,9837,8667
18588,9837,8668
21310,9837,8669
20542,9837,8670
4540,9837,8671
11197,9837,8672
24157,9837,8673
17601,9838,8674
17601,9841,8675
803,9842,8676
1680,9842,8677
24144,9842,8678
17657,9845,8679
12770,9846,8680
10995,9846,8681
5992,9846,8682
5992,9846,8683
12400,9846,8684
20533,9846,8685
199,9846,8686
1773,9846,8687
21104,9848,8688
20932,9848,8689
6402,9848,8690
15048,9848,8691
9248,9849,8692
5443,9849,8693
16347,9849,8694
11504,9849,8695
5860,9849,8696
13234,9849,8697
13041,9849,8698
12618,9849,8699
10408,9849,8700
17601,9853,8701
11252,9855,8702
1251,9855,8703
21284,9855,8704
17161,9855,8705
8263,9861,8706
11730,9861,8707
18559,9861,8708
3703,9861,8709
12672,9861,8710
17601,9865,8711
17601,9866,8712
17601,9867,8713
17601,9869,8714
12376,9870,8715
22288,9870,8716
17601,9872,8717
1972,9873,8718
9253,9873,8719
9387,9873,8720
17601,9874,8721
10811,9875,8722
19513,9875,8723
12958,9875,8724
1792,9875,8725
12198,9875,8726
10995,9877,8727
10576,9877,8728
16252,9877,8729
22336,9877,8730
8826,9877,8731
17601,9879,8732
6781,9882,8733
10788,9882,8734
19490,9882,8735
16238,9882,8736
23670,9882,8737
22528,9887,8738
11664,9887,8739
9152,9887,8740
17601,9888,8741
17601,9889,8742
4658,9890,8743
23366,9890,8744
20914,9890,8745
4897,9890,8746
24360,9890,8747
3573,9892,8748
16513,9892,8749
21507,9892,8750
1398,9892,8751
17601,9893,8752
17601,9895,8753
17601,9898,8754
17601,9899,8755
6809,9900,8756
5872,9900,8757
7128,9900,8758
14824,9900,8759
17601,9902,8760
23969,9905,8761
7896,9905,8762
11067,9905,8763
17601,9906,8764
98,9911,8765
2040,9911,8766
11598,9911,8767
14037,9911,8768
6065,9912,8769
15806,9912,8770
13600,9912,8771
8667,9912,8772
20668,9912,8773
17901,9912,8774
21107,9912,8775
3207,9912,8776
5861,9912,8777
17601,9917,8778
17601,9920,8779
17601,9924,8780
17601,9926,8781
17415,9930,8782
6267,9930,8783
5151,9930,8784
4787,9940,8785
12779,9940,8786
17601,9949,8787
22574,9974,8788
16393,9974,8789
18240,9974,8790
4688,9974,8791
2056,9974,8792
938,9974,8793
1060,9974,8794
15250,9974,8795
366,9974,8796
24783,9974,8797
10993,9974,8798
9695,9974,8799
6458,9974,8800
20477,9974,8801
17601,9981,8802
17601,9994,8803
20096,9995,8804
20601,9995,8805
15175,9995,8806
20471,9995,8807
8288,9995,8808
19947,9995,8809
22756,9995,8810
15214,9995,8811
5904,9995,8812
2616,9995,8813
2734,9999,8814
22915,9999,8815
13573,9999,8816
19061,10005,8817
2645,10005,8818
18994,10005,8819
1406,10005,8820
12977,10006,8821
23368,10006,8822
18501,10006,8823
10340,10006,8824
9220,10008,8825
9695,10008,8826
1449,10008,8827
17601,10009,8828
2857,10015,8829
5787,10015,8830
6148,10015,8831
8976,10015,8832
4320,10015,8833
4327,10015,8834
16538,10015,8835
16006,10015,8836
10622,10021,8837
13053,10021,8838
23213,10021,8839
23201,10021,8840
5002,10021,8841
4954,10021,8842
20518,10021,8843
154,10021,8844
10511,10021,8845
12656,10022,8846
8980,10022,8847
16838,10022,8848
8923,10022,8849
17601,10024,8850
24360,10025,8851
5306,10025,8852
18588,10025,8853
17707,10029,8854
19692,10029,8855
9639,10029,8856
4382,10029,8857
1801,10029,8858
4611,10029,8859
12937,10029,8860
23326,10029,8861
22148,10029,8862
240,10029,8863
11938,10032,8864
7770,10032,8865
10340,10032,8866
17601,10033,8867
8753,10034,8868
21591,10036,8869
14823,10036,8870
4952,10036,8871
9575,10036,8872
21322,10036,8873
10316,10037,8874
12552,10037,8875
4934,10037,8876
744,10037,8877
15182,10037,8878
17601,10043,8879
676,10044,8880
6050,10044,8881
13384,10044,8882
11692,10044,8883
22724,10044,8884
6451,10044,8885
6932,10044,8886
11325,10044,8887
944,10044,8888
98,10047,8889
2099,10047,8890
9130,10047,8891
8954,10047,8892
17601,10048,8893
7656,10049,8894
23328,10049,8895
17649,10049,8896
18334,10049,8897
17601,10050,8898
8694,10051,8899
10704,10051,8900
5992,10051,8901
3637,10051,8902
3107,10051,8903
19009,10051,8904
17692,10051,8905
11762,10051,8906
16736,10051,8907
20542,10051,8908
23831,10055,8909
17859,10055,8910
11620,10055,8911
13441,10058,8912
20859,10058,8913
9348,10058,8914
17601,10060,8915
9506,10064,8916
961,10064,8917
14262,10064,8918
3958,10064,8919
17601,10066,8920
16252,10067,8921
24658,10067,8922
18083,10067,8923
11692,10067,8924
2822,10068,8925
16207,10068,8926
10132,10068,8927
17601,10069,8928
6056,10070,8929
8705,10070,8930
10995,10071,8931
9505,10071,8932
24456,10071,8933
23645,10071,8934
2140,10071,8935
18459,10071,8936
17601,10072,8937
17732,10073,8938
14620,10073,8939
12618,10073,8940
10576,10073,8941
19893,10073,8942
23254,10073,8943
6268,10073,8944
21133,10073,8945
8954,10079,8946
21914,10079,8947
19762,10079,8948
1644,10079,8949
3392,10079,8950
8023,10080,8951
6042,10080,8952
3855,10080,8953
11341,10080,8954
24196,10091,8955
23177,10091,8956
14570,10091,8957
13745,10091,8958
10378,10091,8959
7128,10097,8960
6441,10097,8961
7656,10097,8962
16886,10097,8963
12476,10111,8964
19478,10111,8965
20905,10111,8966
20064,10111,8967
11176,10116,8968
16535,10116,8969
5663,10116,8970
9227,10116,8971
19694,10116,8972
20282,10116,8973
4725,10144,8974
4917,10144,8975
7455,10144,8976
8530,10144,8977
381,10144,8978
1173,10144,8979
19649,10144,8980
12618,10144,8981
10743,10144,8982
19335,10144,8983
16198,10144,8984
15459,10144,8985
15113,10144,8986
17517,10144,8987
14076,10144,8988
21960,10144,8989
16817,10144,8990
12240,10144,8991
21144,10144,8992
17601,10159,8993
17601,10166,8994
3354,10167,8995
2027,10167,8996
4699,10167,8997
21562,10167,8998
8222,10168,8999
8064,10168,9000
19373,10168,9001
24092,10168,9002
7797,10168,9003
5168,10168,9004
18653,10168,9005
6868,10168,9006
6351,10168,9007
17570,10168,9008
18259,10171,9009
7655,10171,9010
16828,10171,9011
17601,10174,9012
19488,10176,9013
20181,10176,9014
12374,10176,9015
15742,10177,9016
9248,10177,9017
11367,10177,9018
17601,10178,9019
17601,10179,9020
24835,10182,9021
4289,10182,9022
19637,10182,9023
10155,10182,9024
17601,10184,9025
17601,10185,9026
17601,10187,9027
17601,10188,9028
17601,10189,9029
21113,10190,9030
11194,10190,9031
2175,10190,9032
17601,10193,9033
17601,10194,9034
18431,10197,9035
3412,10197,9036
1698,10197,9037
6614,10197,9038
14759,10197,9039
17601,10198,9040
17601,10199,9041
20731,10200,9042
15016,10200,9043
10068,10200,9044
607,10200,9045
10503,10200,9046
11692,10200,9047
3329,10200,9048
14715,10200,9049
23857,10200,9050
19505,10200,9051
17601,10201,9052
17601,10203,9053
9354,10206,9054
12651,10206,9055
4763,10206,9056
19424,10206,9057
20502,10207,9058
21840,10207,9059
17601,10209,9060
19926,10212,9061
18119,10212,9062
22283,10212,9063
6047,10212,9064
18689,10212,9065
10572,10212,9066
2605,10212,9067
17985,10212,9068
23524,10212,9069
10095,10216,9070
11871,10216,9071
17601,10221,9072
17601,10224,9073
2595,10226,9074
5443,10226,9075
5357,10226,9076
5735,10226,9077
16682,10226,9078
11002,10226,9079
7006,10226,9080
17601,10230,9081
17601,10231,9082
885,10232,9083
5378,10232,9084
3706,10232,9085
19068,10232,9086
17434,10232,9087
2652,10232,9088
5327,10232,9089
17601,10234,9090
14545,10236,9091
4243,10236,9092
1808,10236,9093
19732,10236,9094
14473,10236,9095
2759,10236,9096
23423,10236,9097
15376,10236,9098
15987,10240,9099
3965,10240,9100
24337,10240,9101
15278,10243,9102
24013,10243,9103
9446,10243,9104
16360,10244,9105
10404,10244,9106
17601,10245,9107
17863,10247,9108
18649,10247,9109
4783,10247,9110
1562,10247,9111
20507,10247,9112
8643,10247,9113
14787,10247,9114
18316,10247,9115
19534,10247,9116
17627,10247,9117
19762,10253,9118
1621,10253,9119
1644,10253,9120
3392,10253,9121
17601,10256,9122
2857,10258,9123
22068,10258,9124
17165,10258,9125
15492,10258,9126
15652,10259,9127
19597,10259,9128
19020,10259,9129
21937,10259,9130
7158,10259,9131
15166,10259,9132
12121,10259,9133
9749,10259,9134
24835,10259,9135
5408,10259,9136
17601,10272,9137
12618,10276,9138
16286,10276,9139
16876,10276,9140
23357,10276,9141
3703,10276,9142
23662,10300,9143
20704,10300,9144
24787,10300,9145
2955,10300,9146
17601,10307,9147
588,10313,9148
1296,10313,9149
21126,10313,9150
18473,10313,9151
13637,10313,9152
749,10313,9153
18216,10313,9154
15416,10313,9155
8744,10313,9156
9535,10313,9157
10313,10313,9158
10334,10313,9159
8616,10313,9160
1863,10313,9161
11477,10313,9162
11507,10313,9163
11776,10313,9164
23654,10316,9165
24333,10316,9166
23961,10316,9167
18430,10316,9168
16416,10316,9169
9058,10316,9170
19569,10316,9171
2616,10316,9172
14385,10316,9173
19210,10316,9174
13061,10316,9175
14291,10316,9176
22490,10316,9177
11580,10316,9178
12452,10316,9179
12737,10316,9180
22614,10316,9181
21840,10316,9182
15843,10316,9183
5396,10319,9184
5425,10319,9185
23141,10319,9186
22027,10319,9187
3858,10319,9188
14064,10319,9189
1431,10319,9190
10057,10319,9191
14850,10319,9192
18915,10319,9193
24649,10329,9194
13803,10329,9195
18553,10329,9196
21746,10329,9197
13124,10329,9198
23359,10329,9199
17601,10342,9200
17601,10345,9201
7032,10355,9202
11955,10355,9203
5547,10355,9204
11834,10355,9205
19953,10355,9206
8394,10355,9207
10404,10355,9208
3272,10355,9209
12501,10355,9210
17229,10355,9211
17601,10356,9212
17601,10359,9213
17601,10360,9214
24193,10363,9215
17601,10365,9216
17601,10366,9217
17601,10374,9218
17601,10375,9219
16287,10378,9220
8140,10378,9221
4858,10378,9222
23868,10378,9223
6689,10378,9224
15929,10378,9225
886,10378,9226
2562,10378,9227
24838,10378,9228
8930,10378,9229
11160,10378,9230
12905,10378,9231
17601,10386,9232
5327,10388,9233
21638,10388,9234
11585,10388,9235
14274,10388,9236
15317,10388,9237
17601,10400,9238
15076,10404,9239
13745,10404,9240
2834,10404,9241
10345,10406,9242
18259,10406,9243
23323,10406,9244
17776,10407,9245
17415,10407,9246
9143,10407,9247
5061,10407,9248
2143,10407,9249
17601,10408,9250
9166,10411,9251
20522,10411,9252
20235,10412,9253
17601,10413,9254
4306,10414,9255
3107,10414,9256
2652,10414,9257
803,10414,9258
18830,10414,9259
16781,10414,9260
8261,10414,9261
21131,10414,9262
18842,10414,9263
16736,10414,9264
11328,10417,9265
14601,10417,9266
10879,10417,9267
17601,10418,9268
17601,10419,9269
6772,10424,9270
10654,10424,9271
22250,10424,9272
6689,10424,9273
10560,10424,9274
17601,10427,9275
21913,10429,9276
12081,10429,9277
11001,10429,9278
10928,10429,9279
1810,10429,9280
7522,10429,9281
240,10429,9282
17601,10430,9283
688,10431,9284
16993,10431,9285
16493,10431,9286
11187,10431,9287
1873,10431,9288
5546,10431,9289
6094,10431,9290
5125,10431,9291
21957,10431,9292
4173,10431,9293
17601,10432,9294
20569,10433,9295
1727,10433,9296
13006,10433,9297
10009,10433,9298
6899,10433,9299
5508,10433,9300
7710,10438,9301
14449,10438,9302
15277,10438,9303
475,10439,9304
11868,10439,9305
19949,10439,9306
15370,10439,9307
12627,10439,9308
199,10440,9309
13441,10440,9310
1487,10440,9311
8261,10444,9312
18228,10444,9313
18830,10444,9314
19313,10444,9315
10872,10444,9316
7172,10444,9317
3448,10444,9318
12141,10444,9319
12672,10446,9320
1155,10446,9321
16248,10446,9322
4830,10446,9323
11730,10446,9324
17601,10448,9325
21177,10450,9326
11951,10450,9327
2093,10450,9328
20065,10450,9329
19682,10454,9330
20916,10454,9331
3107,10454,9332
21239,10454,9333
10345,10454,9334
19970,10454,9335
2616,10454,9336
9783,10456,9337
3005,10456,9338
19147,10456,9339
13997,10456,9340
8542,10457,9341
6950,10457,9342
16359,10457,9343
11010,10457,9344
17601,10471,9345
23368,10480,9346
16853,10480,9347
3894,10480,9348
5792,10480,9349
6775,10480,9350
2580,10480,9351
13441,10480,9352
7222,10480,9353
10261,10480,9354
7006,10504,9355
15203,10504,9356
23326,10504,9357
3129,10504,9358
17601,10506,9359
17601,10508,9360
11659,10513,9361
6612,10513,9362
9924,10513,9363
12831,10513,9364
5400,10513,9365
11406,10513,9366
14398,10513,9367
21264,10513,9368
18011,10513,9369
19540,10513,9370
3561,10513,9371
4151,10513,9372
261,10513,9373
21742,10513,9374
20070,10513,9375
3523,10513,9376
23097,10513,9377
14751,10520,9378
15189,10520,9379
18004,10520,9380
4939,10520,9381
746,10520,9382
5574,10520,9383
17157,10520,9384
10995,10520,9385
23450,10520,9386
22687,10520,9387
12242,10520,9388
12092,10520,9389
12182,10520,9390
13027,10520,9391
13223,10520,9392
22490,10537,9393
22998,10537,9394
265,10537,9395
23811,10537,9396
23364,10537,9397
20471,10537,9398
10055,10537,9399
18500,10537,9400
4159,10537,9401
7338,10537,9402
3283,10537,9403
18952,10537,9404
363,10537,9405
17601,10538,9406
17601,10544,9407
17601,10555,9408
17601,10556,9409
17601,10557,9410
17601,10558,9411
17601,10560,9412
17601,10561,9413
17601,10563,9414
17601,10564,9415
13744,10565,9416
20229,10565,9417
22823,10565,9418
5227,10565,9419
17601,10569,9420
17601,10571,9421
17601,10572,9422
17601,10579,9423
23071,10582,9424
23034,10582,9425
18715,10582,9426
24249,10582,9427
6648,10582,9428
13145,10582,9429
17601,10585,9430
13448,10587,9431
15284,10587,9432
13759,10587,9433
17601,10594,9434
17601,10595,9435
2885,10597,9436
18459,10597,9437
10622,10597,9438
17601,10598,9439
19682,10599,9440
2958,10599,9441
11550,10599,9442
3285,10599,9443
2143,10599,9444
21453,10599,9445
17601,10601,9446
12036,10602,9447
12577,10602,9448
22177,10603,9449
19026,10603,9450
14702,10603,9451
22029,10603,9452
13260,10603,9453
14626,10603,9454
8749,10603,9455
21145,10603,9456
21173,10603,9457
14878,10604,9458
14967,10604,9459
14919,10604,9460
21137,10604,9461
19469,10604,9462
20632,10604,9463
1176,10604,9464
2322,10604,9465
13226,10604,9466
13402,10604,9467
23322,10606,9468
2458,10606,9469
3958,10606,9470
2457,10606,9471
18480,10607,9472
7175,10607,9473
9062,10607,9474
17601,10608,9475
24206,10609,9476
16901,10609,9477
1776,10609,9478
1079,10609,9479
17601,10611,9480
24447,10613,9481
6372,10613,9482
19396,10613,9483
1439,10613,9484
565,10613,9485
23060,10613,9486
21431,10613,9487
15757,10613,9488
18379,10613,9489
23971,10616,9490
1188,10616,9491
22580,10616,9492
2040,10616,9493
1,10616,9494
17601,10620,9495
17601,10624,9496
22388,10625,9497
23277,10625,9498
14074,10625,9499
18490,10625,9500
10196,10625,9501
24658,10627,9502
2880,10627,9503
18842,10627,9504
23367,10627,9505
11079,10629,9506
17601,10632,9507
16902,10633,9508
20728,10633,9509
1415,10633,9510
1995,10633,9511
6259,10634,9512
14749,10636,9513
7668,10636,9514
7276,10636,9515
18891,10636,9516
6200,10637,9517
9248,10637,9518
10340,10637,9519
2141,10637,9520
14497,10637,9521
8663,10639,9522
15540,10639,9523
10427,10639,9524
21124,10639,9525
7290,10642,9526
10809,10642,9527
9835,10642,9528
16845,10645,9529
10223,10645,9530
1644,10645,9531
1105,10645,9532
17601,10646,9533
12209,10649,9534
24658,10649,9535
7006,10649,9536
7010,10649,9537
24809,10663,9538
7525,10663,9539
10560,10663,9540
17601,10665,9541
17601,10666,9542
3588,10679,9543
3572,10679,9544
11582,10679,9545
17991,10679,9546
3021,10679,9547
20518,10679,9548
17908,10693,9549
1334,10693,9550
16697,10693,9551
11686,10693,9552
13917,10693,9553
17601,10695,9554
17601,10697,9555
2570,10699,9556
11160,10699,9557
1155,10699,9558
9323,10699,9559
10667,10699,9560
10055,10700,9561
14975,10700,9562
15596,10700,9563
358,10700,9564
7795,10700,9565
13266,10700,9566
2579,10700,9567
17601,10701,9568
16683,10705,9569
10088,10705,9570
284,10705,9571
13095,10705,9572
12083,10705,9573
7869,10705,9574
18353,10705,9575
10628,10705,9576
9059,10705,9577
21453,10705,9578
20950,10713,9579
18613,10713,9580
6368,10713,9581
1318,10726,9582
2629,10726,9583
20502,10726,9584
20406,10726,9585
15807,10726,9586
14630,10726,9587
5378,10726,9588
6104,10726,9589
3410,10726,9590
6712,10726,9591
1500,10726,9592
18257,10726,9593
12357,10726,9594
12802,10726,9595
19151,10726,9596
17601,10730,9597
17601,10737,9598
17601,10743,9599
17601,10751,9600
17601,10753,9601
199,10754,9602
13095,10754,9603
434,10754,9604
17601,10755,9605
11746,10757,9606
17034,10757,9607
9323,10757,9608
5925,10758,9609
13198,10758,9610
4897,10758,9611
19693,10758,9612
17601,10760,9613
10382,10763,9614
2848,10763,9615
11328,10763,9616
17601,10765,9617
17601,10766,9618
17601,10768,9619
2638,10769,9620
3898,10769,9621
6714,10769,9622
17601,10773,9623
17601,10776,9624
17601,10778,9625
17601,10780,9626
17446,10786,9627
10977,10786,9628
15775,10786,9629
24236,10786,9630
11735,10786,9631
9874,10786,9632
23177,10786,9633
18230,10787,9634
15223,10787,9635
8111,10787,9636
7525,10787,9637
21141,10787,9638
6218,10788,9639
18715,10788,9640
4402,10788,9641
10759,10788,9642
12388,10788,9643
24676,10788,9644
20676,10788,9645
12133,10788,9646
776,10788,9647
2571,10789,9648
13782,10789,9649
20243,10789,9650
17601,10791,9651
17601,10792,9652
17601,10798,9653
17601,10801,9654
19019,10802,9655
15732,10802,9656
8058,10802,9657
2594,10802,9658
6807,10802,9659
17601,10803,9660
17601,10809,9661
21010,10811,9662
8404,10811,9663
17601,10815,9664
22250,10816,9665
18783,10816,9666
13299,10816,9667
8564,10816,9668
16039,10816,9669
19149,10816,9670
17601,10817,9671
17601,10818,9672
17601,10819,9673
17601,10821,9674
17601,10827,9675
10961,10828,9676
4073,10828,9677
4417,10828,9678
22497,10829,9679
19960,10829,9680
3370,10829,9681
23178,10829,9682
17165,10831,9683
21774,10831,9684
16993,10831,9685
17601,10832,9686
24575,10833,9687
9501,10833,9688
11692,10833,9689
24601,10833,9690
10909,10833,9691
13309,10833,9692
8031,10833,9693
14427,10833,9694
5860,10833,9695
17601,10834,9696
24783,10835,9697
18459,10835,9698
6143,10835,9699
3119,10835,9700
2954,10839,9701
10306,10839,9702
11561,10839,9703
21815,10839,9704
23086,10840,9705
24676,10840,9706
22058,10840,9707
12515,10840,9708
2977,10843,9709
16511,10843,9710
11822,10843,9711
4585,10843,9712
18588,10847,9713
9695,10847,9714
17601,10849,9715
17601,10850,9716
4370,10853,9717
21235,10853,9718
4382,10853,9719
10418,10853,9720
15841,10853,9721
20181,10853,9722
20987,10853,9723
11091,10853,9724
18455,10855,9725
14288,10855,9726
12908,10855,9727
5054,10859,9728
17033,10859,9729
17449,10859,9730
24304,10859,9731
16228,10859,9732
10132,10859,9733
19852,10859,9734
9260,10859,9735
21654,10859,9736
283,10878,9737
17200,10878,9738
8623,10878,9739
11598,10878,9740
13720,10888,9741
18354,10908,9742
16353,10908,9743
12758,10908,9744
22557,10908,9745
23041,10908,9746
22162,10908,9747
18900,10908,9748
18430,10908,9749
14113,10908,9750
14209,10908,9751
7969,10908,9752
4231,10908,9753
1861,10908,9754
1915,10908,9755
15957,10910,9756
4532,10910,9757
14197,10910,9758
7235,10910,9759
19366,10910,9760
14211,10910,9761
14409,10910,9762
8156,10910,9763
5261,10910,9764
22462,10910,9765
2398,10910,9766
17601,10917,9767
19727,10925,9768
20737,10925,9769
9424,10925,9770
10223,10925,9771
17601,10935,9772
17601,10937,9773
17601,10944,9774
17601,10945,9775
24665,10946,9776
20859,10946,9777
1873,10946,9778
24842,10947,9779
17315,10947,9780
5505,10947,9781
22037,10947,9782
17601,10948,9783
17601,10951,9784
17601,10952,9785
17601,10956,9786
23811,10957,9787
5925,10957,9788
19893,10957,9789
10443,10959,9790
1488,10959,9791
19259,10962,9792
18387,10962,9793
15041,10962,9794
1114,10962,9795
2864,10962,9796
10313,10965,9797
4740,10965,9798
14044,10965,9799
21411,10965,9800
22152,10965,9801
16691,10965,9802
21409,10965,9803
11331,10965,9804
16232,10965,9805
712,10965,9806
11546,10965,9807
24128,10967,9808
3113,10967,9809
24309,10967,9810
8432,10967,9811
17601,10968,9812
15789,10969,9813
22853,10969,9814
6947,10969,9815
17601,10970,9816
5605,10971,9817
4175,10971,9818
804,10971,9819
11767,10971,9820
15742,10971,9821
17034,10973,9822
16800,10973,9823
12141,10973,9824
20508,10973,9825
4844,10973,9826
12173,10973,9827
11187,10973,9828
17601,10978,9829
10444,10979,9830
4327,10979,9831
17233,10979,9832
4320,10979,9833
12240,10979,9834
24665,10981,9835
1182,10981,9836
18588,10981,9837
17601,10983,9838
17601,10985,9839
1957,10987,9840
20020,10987,9841
20360,10987,9842
8787,10987,9843
17601,10988,9844
20236,10989,9845
20108,10990,9846
11081,10990,9847
12141,10990,9848
12514,10990,9849
3354,10990,9850
8666,10990,9851
21235,10990,9852
14609,10990,9853
9900,10990,9854
23442,10990,9855
17601,10992,9856
4537,10997,9857
139,10997,9858
6167,10997,9859
23571,10997,9860
18935,10997,9861
22806,10997,9862
23096,10997,9863
11317,10997,9864
6368,10997,9865
1631,11000,9866
2834,11000,9867
24236,11000,9868
17852,11000,9869
17601,11001,9870
2570,11002,9871
12672,11002,9872
8347,11002,9873
1810,11002,9874
13631,11013,9875
10378,11013,9876
14726,11013,9877
9874,11013,9878
11912,11014,9879
15555,11014,9880
10948,11014,9881
18830,11014,9882
22240,11022,9883
11194,11022,9884
24265,11022,9885
11492,11022,9886
14120,11024,9887
1963,11024,9888
12656,11024,9889
14260,11025,9890
15461,11025,9891
16038,11025,9892
7937,11025,9893
8656,11025,9894
21626,11025,9895
24654,11025,9896
20180,11025,9897
12207,11025,9898
11891,11025,9899
9818,11025,9900
11479,11025,9901
6556,11025,9902
525,11025,9903
5554,11025,9904
3246,11025,9905
3321,11025,9906
2821,11025,9907
3471,11025,9908
22513,11028,9909
23250,11028,9910
20865,11028,9911
4287,11028,9912
5035,11028,9913
12942,11028,9914
1886,11028,9915
8851,11028,9916
7552,11028,9917
11524,11033,9918
21940,11033,9919
20897,11033,9920
11870,11033,9921
17601,11035,9922
17601,11037,9923
17601,11038,9924
17601,11057,9925
23064,11060,9926
21366,11060,9927
16546,11060,9928
8286,11060,9929
8981,11060,9930
4004,11060,9931
18415,11068,9932
17649,11068,9933
4154,11068,9934
10130,11068,9935
13872,11074,9936
15957,11074,9937
3359,11074,9938
10995,11074,9939
5050,11074,9940
14906,11081,9941
8941,11081,9942
20694,11081,9943
1985,11081,9944
22842,11081,9945
20471,11081,9946
14631,11081,9947
11479,11081,9948
22801,11081,9949
21163,11081,9950
22633,11081,9951
21699,11081,9952
4306,11081,9953
4094,11081,9954
6104,11081,9955
9445,11087,9956
1474,11087,9957
9901,11090,9958
7917,11096,9959
16799,11096,9960
17437,11096,9961
7338,11096,9962
24151,11096,9963
20116,11096,9964
22937,11096,9965
6015,11096,9966
18554,11096,9967
5710,11096,9968
22971,11096,9969
10881,11096,9970
17601,11097,9971
17601,11122,9972
16249,11124,9973
19692,11124,9974
14749,11124,9975
17601,11127,9976
17601,11129,9977
4643,11130,9978
4312,11130,9979
11253,11130,9980
13089,11130,9981
17601,11131,9982
17601,11133,9983
6418,11134,9984
20562,11134,9985
20502,11134,9986
17601,11135,9987
17601,11136,9988
17601,11137,9989
17601,11138,9990
17601,11140,9991
17601,11145,9992
17977,11146,9993
19693,11146,9994
22523,11146,9995
24149,11146,9996
6675,11146,9997
2971,11146,9998
2061,11146,9999
5580,11146,10000
13871,11146,10001
17601,11151,10002
17601,11152,10003
16599,11160,10004
13095,11160,10005
22835,11160,10006
18353,11160,10007
10867,11160,10008
723,11160,10009
3236,11160,10010
3645,11160,10011
17601,11161,10012
1873,11163,10013
16493,11163,10014
9130,11163,10015
2040,11163,10016
24203,11163,10017
11272,11163,10018
22580,11163,10019
6388,11163,10020
10686,11163,10021
20134,11166,10022
10226,11166,10023
5290,11166,10024
10232,11166,10025
18166,11166,10026
10320,11166,10027
10320,11166,10028
17601,11167,10029
10928,11169,10030
11504,11169,10031
13260,11169,10032
22857,11169,10033
10654,11169,10034
16538,11169,10035
18523,11169,10036
24289,11169,10037
20914,11169,10038
18594,11171,10039
12187,11171,10040
19301,11171,10041
8916,11171,10042
15841,11171,10043
23177,11171,10044
11598,11171,10045
7198,11171,10046
1840,11172,10047
19278,11172,10048
4583,11172,10049
15465,11172,10050
23593,11172,10051
18467,11172,10052
17537,11172,10053
17314,11172,10054
14625,11172,10055
8855,11172,10056
17601,11173,10057
17601,11175,10058
17601,11179,10059
17601,11180,10060
17601,11183,10061
17601,11186,10062
17601,11187,10063
9505,11188,10064
10223,11188,10065
16538,11188,10066
24013,11188,10067
23423,11190,10068
12448,11190,10069
3958,11190,10070
10345,11190,10071
4848,11195,10072
10201,11195,10073
3893,11195,10074
4634,11195,10075
23421,11195,10076
4235,11195,10077
12958,11196,10078
14371,11196,10079
12618,11196,10080
13845,11196,10081
13143,11196,10082
17601,11200,10083
14096,11205,10084
17073,11205,10085
17601,11207,10086
1338,11208,10087
3342,11208,10088
4844,11208,10089
323,11209,10090
1277,11209,10091
23245,11209,10092
18346,11209,10093
8891,11209,10094
19399,11209,10095
10260,11209,10096
17601,11210,10097
11359,11212,10098
23206,11212,10099
13631,11212,10100
17601,11214,10101
23310,11215,10102
2140,11215,10103
21366,11215,10104
12141,11218,10105
16874,11218,10106
21391,11223,10107
4658,11223,10108
16616,11223,10109
12055,11223,10110
23323,11224,10111
18259,11224,10112
11578,11224,10113
17601,11226,10114
16025,11227,10115
4399,11227,10116
6446,11227,10117
6167,11227,10118
15975,11228,10119
11076,11228,10120
16721,11228,10121
17009,11234,10122
9130,11234,10123
2956,11234,10124
13063,11234,10125
7052,11234,10126
14116,11256,10127
12791,11256,10128
3925,11256,10129
3174,11256,10130
22916,11256,10131
18935,11256,10132
6463,11256,10133
4858,11257,10134
22206,11257,10135
5859,11257,10136
14030,11257,10137
11075,11263,10138
6200,11263,10139
17601,11272,10140
17601,11296,10141
525,11300,10142
22284,11300,10143
14660,11300,10144
11386,11300,10145
5327,11307,10146
7276,11307,10147
9216,11307,10148
9203,11307,10149
8478,11307,10150
12187,11307,10151
19678,11307,10152
13448,11307,10153
15048,11307,10154
17601,11310,10155
17601,11311,10156
17601,11315,10157
17601,11316,10158
17601,11318,10159
17601,11320,10160
17601,11326,10161
17601,11328,10162
17601,11329,10163
17601,11330,10164
17601,11333,10165
17601,11334,10166
17601,11338,10167
16328,11340,10168
21150,11340,10169
17782,11340,10170
19923,11340,10171
16224,11340,10172
19923,11340,10173
9284,11342,10174
15397,11342,10175
7732,11342,10176
4199,11342,10177
4200,11342,10178
16929,11342,10179
6319,11342,10180
18484,11342,10181
1971,11342,10182
1136,11342,10183
17601,11343,10184
17601,11347,10185
17601,11348,10186
17601,11353,10187
17601,11355,10188
24013,11356,10189
5293,11356,10190
5078,11356,10191
17867,11356,10192
18344,11356,10193
4045,11356,10194
11317,11356,10195
14296,11356,10196
8078,11356,10197
17601,11357,10198
17601,11358,10199
17601,11359,10200
17601,11360,10201
17601,11361,10202
22291,11366,10203
18786,11366,10204
20518,11366,10205
14553,11366,10206
2436,11366,10207
14261,11366,10208
1551,11366,10209
1367,11366,10210
23652,11366,10211
17601,11367,10212
21259,11368,10213
3148,11368,10214
17601,11369,10215
17601,11373,10216
17601,11374,10217
17601,11375,10218
3709,11376,10219
6478,11376,10220
23312,11376,10221
12904,11376,10222
23144,11378,10223
22890,11378,10224
9855,11378,10225
11610,11378,10226
21239,11381,10227
20533,11381,10228
7081,11381,10229
12207,11381,10230
829,11383,10231
14740,11383,10232
19089,11383,10233
17601,11384,10234
17601,11385,10235
17601,11388,10236
22497,11391,10237
19138,11391,10238
14697,11391,10239
8018,11391,10240
17601,11396,10241
2821,11398,10242
1592,11398,10243
18690,11398,10244
6579,11398,10245
17601,11399,10246
17601,11402,10247
11569,11405,10248
3629,11405,10249
10995,11405,10250
19617,11408,10251
11272,11408,10252
4670,11408,10253
2040,11408,10254
3448,11408,10255
6388,11408,10256
10686,11408,10257
10802,11408,10258
14444,11408,10259
22929,11408,10260
22580,11408,10261
17601,11410,10262
5792,11423,10263
6775,11423,10264
14782,11423,10265
5486,11423,10266
19552,11423,10267
17956,11423,10268
5979,11423,10269
13441,11423,10270
17822,11423,10271
17601,11425,10272
17601,11439,10273
17601,11441,10274
23678,11445,10275
20852,11445,10276
24176,11445,10277
16331,11445,10278
7010,11445,10279
13801,11445,10280
17734,11445,10281
11085,11451,10282
475,11451,10283
2457,11451,10284
9284,11451,10285
13556,11451,10286
19237,11451,10287
9568,11451,10288
40,11451,10289
2674,11456,10290
5309,11456,10291
18271,11456,10292
776,11456,10293
17601,11458,10294
17601,11464,10295
23144,11470,10296
16724,11470,10297
16985,11470,10298
2955,11470,10299
7044,11470,10300
1986,11470,10301
24428,11470,10302
13844,11470,10303
14749,11470,10304
15544,11470,10305
17783,11470,10306
10553,11470,10307
24294,11473,10308
19736,11473,10309
4157,11487,10310
21775,11487,10311
23328,11487,10312
20229,11487,10313
17601,11494,10314
17601,11497,10315
17601,11499,10316
17601,11502,10317
17601,11514,10318
13000,11516,10319
14332,11516,10320
1962,11517,10321
20415,11517,10322
20465,11517,10323
8174,11518,10324
20987,11518,10325
21235,11518,10326
2848,11519,10327
23302,11519,10328
3706,11519,10329
7273,11520,10330
6615,11520,10331
13063,11520,10332
18588,11521,10333
10977,11521,10334
5043,11522,10335
13378,11522,10336
199,11522,10337
24798,11523,10338
11329,11523,10339
3938,11525,10340
12955,11526,10341
16177,11526,10342
23842,11526,10343
7276,11527,10344
16230,11527,10345
6615,11527,10346
7616,11530,10347
15742,11530,10348
17034,11530,10349
17601,11532,10350
17601,11533,10351
9505,11536,10352
7624,11536,10353
17601,11537,10354
17601,11539,10355
17601,11541,10356
17601,11542,10357
16874,11544,10358
11199,11544,10359
21626,11544,10360
1631,11546,10361
4417,11546,10362
17601,11547,10363
17601,11549,10364
17601,11553,10365
24783,11557,10366
3119,11557,10367
5636,11557,10368
23961,11557,10369
14238,11557,10370
4417,11557,10371
6555,11559,10372
15254,11559,10373
12005,11559,10374
7346,11559,10375
7576,11559,10376
10909,11559,10377
16856,11559,10378
691,11559,10379
17061,11559,10380
17601,11561,10381
3962,11563,10382
4898,11563,10383
9002,11563,10384
21835,11563,10385
18060,11565,10386
12494,11565,10387
17187,11565,10388
17415,11565,10389
1251,11565,10390
10490,11565,10391
11624,11565,10392
1148,11565,10393
21235,11565,10394
19296,11565,10395
19208,11567,10396
5378,11567,10397
17601,11568,10398
17601,11571,10399
17601,11573,10400
17601,11574,10401
17601,11579,10402
19208,11580,10403
11692,11580,10404
15986,11580,10405
12369,11580,10406
6798,11580,10407
17601,11581,10408
17601,11583,10409
17601,11587,10410
17601,11588,10411
17601,11590,10412
17601,11591,10413
11763,11592,10414
18867,11592,10415
8087,11592,10416
20069,11592,10417
8412,11592,10418
17601,11595,10419
12079,11600,10420
23961,11600,10421
3051,11600,10422
12908,11600,10423
13001,11600,10424
17601,11604,10425
23057,11606,10426
12414,11606,10427
17601,11607,10428
17601,11608,10429
17601,11612,10430
6798,11618,10431
19499,11618,10432
11091,11618,10433
4408,11622,10434
11230,11622,10435
6034,11622,10436
21557,11622,10437
17231,11622,10438
23403,11623,10439
22287,11623,10440
16599,11623,10441
23263,11628,10442
15780,11628,10443
7370,11628,10444
22312,11628,10445
19786,11628,10446
15319,11628,10447
781,11628,10448
10052,11628,10449
1955,11628,10450
24282,11628,10451
17601,11639,10452
17945,11640,10453
4181,11640,10454
4327,11640,10455
4532,11640,10456
3389,11646,10457
454,11646,10458
21264,11646,10459
12851,11658,10460
13177,11658,10461
4214,11658,10462
840,11658,10463
12834,11658,10464
5388,11658,10465
10412,11658,10466
15480,11658,10467
22494,11658,10468
17284,11658,10469
19610,11658,10470
3903,11658,10471
24048,11658,10472
16956,11658,10473
21487,11671,10474
22998,11671,10475
10872,11671,10476
12663,11674,10477
18228,11674,10478
6671,11674,10479
10027,11674,10480
7664,11674,10481
9578,11674,10482
12819,11674,10483
21668,11674,10484
20221,11674,10485
11913,11674,10486
731,11677,10487
24268,11677,10488
12145,11677,10489
6645,11677,10490
5914,11677,10491
16205,11677,10492
1422,11677,10493
19022,11677,10494
24144,11677,10495
12716,11677,10496
19569,11679,10497
20716,11679,10498
2586,11679,10499
6685,11679,10500
11396,11679,10501
15277,11679,10502
16529,11679,10503
23251,11679,10504
4484,11679,10505
10437,11679,10506
17601,11709,10507
17601,11713,10508
3287,11722,10509
7525,11722,10510
15841,11722,10511
11762,11726,10512
8095,11726,10513
6041,11726,10514
2548,11727,10515
4830,11727,10516
19208,11728,10517
1155,11728,10518
16599,11728,10519
1693,11730,10520
8092,11730,10521
23746,11730,10522
17601,11733,10523
13177,11734,10524
13064,11734,10525
10988,11734,10526
11686,11736,10527
13753,11736,10528
20704,11736,10529
11011,11736,10530
19568,11738,10531
13000,11738,10532
3455,11738,10533
12521,11741,10534
19692,11741,10535
6418,11741,10536
3477,11744,10537
21607,11744,10538
475,11744,10539
17601,11746,10540
13424,11748,10541
13282,11748,10542
640,11748,10543
17601,11750,10544
17601,11754,10545
17601,11755,10546
12141,11757,10547
1644,11757,10548
21456,11757,10549
17601,11763,10550
17601,11764,10551
17601,11765,10552
17601,11766,10553
17601,11767,10554
19261,11773,10555
24662,11773,10556
6463,11773,10557
12977,11773,10558
11608,11773,10559
15395,11773,10560
17601,11775,10561
17601,11781,10562
17601,11782,10563
3998,11785,10564
6479,11785,10565
5356,11787,10566
17601,11790,10567
17601,11791,10568
17601,11793,10569
10007,11794,10570
3796,11794,10571
24666,11794,10572
13521,11794,10573
18244,11794,10574
11648,11794,10575
8011,11794,10576
12676,11794,10577
24812,11794,10578
24772,11794,10579
3637,11795,10580
20113,11795,10581
10684,11795,10582
2848,11796,10583
6395,11796,10584
19488,11796,10585
9165,11800,10586
17910,11800,10587
14451,11800,10588
14871,11800,10589
24727,11800,10590
17601,11801,10591
359,11804,10592
15190,11804,10593
21753,11804,10594
22067,11804,10595
16743,11804,10596
6658,11804,10597
8227,11804,10598
605,11804,10599
13681,11804,10600
1484,11804,10601
15382,11805,10602
15990,11805,10603
13730,11805,10604
12235,11805,10605
1177,11805,10606
11718,11805,10607
18841,11806,10608
21386,11806,10609
11931,11806,10610
7525,11806,10611
17601,11808,10612
17601,11812,10613
17601,11813,10614
17955,11814,10615
2428,11814,10616
397,11814,10617
11559,11814,10618
1191,11814,10619
21563,11814,10620
19733,11815,10621
4691,11815,10622
11328,11815,10623
7338,11815,10624
17601,11816,10625
17601,11818,10626
4641,11821,10627
13669,11821,10628
1644,11821,10629
23837,11822,10630
7789,11822,10631
18451,11824,10632
18896,11824,10633
13438,11824,10634
24355,11824,10635
17601,11825,10636
20169,11826,10637
24678,11826,10638
6214,11826,10639
6932,11829,10640
19647,11829,10641
1487,11829,10642
7267,11829,10643
23967,11832,10644
2885,11832,10645
11938,11832,10646
2638,11832,10647
17601,11833,10648
20337,11834,10649
20704,11841,10650
13057,11841,10651
17601,11843,10652
20353,11846,10653
19047,11846,10654
13643,11846,10655
4431,11846,10656
17601,11850,10657
23357,11854,10658
5227,11854,10659
7273,11854,10660
8786,11854,10661
17601,11861,10662
17601,11862,10663
15567,11863,10664
23213,11863,10665
12178,11863,10666
15955,11863,10667
804,11863,10668
2880,11863,10669
4585,11863,10670
17601,11866,10671
22555,11892,10672
1859,11892,10673
19305,11892,10674
9295,11892,10675
24494,11892,10676
2080,11892,10677
17142,11892,10678
5511,11892,10679
7575,11892,10680
9038,11892,10681
11075,11894,10682
4204,11894,10683
2821,11894,10684
11569,11894,10685
16286,11894,10686
21429,11894,10687
4691,11894,10688
6556,11894,10689
16065,11894,10690
22991,11894,10691
11568,11894,10692
11598,11894,10693
11010,11894,10694
17601,11900,10695
17601,11904,10696
22819,11908,10697
16874,11908,10698
3734,11908,10699
24730,11908,10700
18484,11911,10701
17927,11911,10702
20263,11911,10703
22897,11911,10704
9523,11911,10705
5791,11911,10706
16745,11911,10707
8562,11911,10708
21849,11911,10709
21818,11911,10710
21159,11911,10711
14547,11911,10712
15397,11911,10713
9501,11911,10714
5078,11917,10715
14660,11917,10716
1820,11917,10717
22241,11917,10718
12606,11917,10719
1644,11917,10720
19513,11919,10721
1207,11919,10722
8227,11919,10723
16452,11919,10724
20929,11919,10725
23170,11919,10726
18344,11919,10727
17601,11922,10728
22441,11926,10729
17373,11926,10730
12675,11926,10731
23061,11926,10732
10106,11926,10733
7511,11926,10734
21678,11926,10735
80,11926,10736
8709,11926,10737
10293,11926,10738
17601,11931,10739
298,11933,10740
2790,11933,10741
4941,11933,10742
17446,11933,10743
10928,11933,10744
23423,11937,10745
15050,11937,10746
19896,11937,10747
17719,11939,10748
20214,11939,10749
10686,11939,10750
23967,11941,10751
16055,11941,10752
19782,11941,10753
16853,11947,10754
12173,11949,10755
7140,11949,10756
21343,11949,10757
17601,11951,10758
22524,11953,10759
11843,11953,10760
17162,11953,10761
17601,11956,10762
17601,11958,10763
17601,11959,10764
9143,11963,10765
17415,11963,10766
2143,11963,10767
804,11965,10768
14527,11965,10769
22823,11965,10770
17601,11966,10771
17601,11967,10772
10378,11980,10773
12958,11980,10774
723,11980,10775
20207,11984,10776
16856,11984,10777
14637,11984,10778
23209,11984,10779
4345,11984,10780
10667,11984,10781
17601,11991,10782
17601,11992,10783
17601,11993,10784
17601,11995,10785
5906,11997,10786
22202,11997,10787
20704,11997,10788
17259,11997,10789
22254,11997,10790
15575,11997,10791
158,11997,10792
3327,11997,10793
4649,11997,10794
17601,11998,10795
8296,11999,10796
1488,11999,10797
13378,11999,10798
13669,11999,10799
12400,11999,10800
10635,11999,10801
12182,12003,10802
5306,12003,10803
17215,12003,10804
4523,12003,10805
17601,12004,10806
17601,12005,10807
18459,12006,10808
10687,12006,10809
20429,12006,10810
23094,12006,10811
10232,12006,10812
1644,12006,10813
22163,12007,10814
13922,12007,10815
13439,12007,10816
12770,12007,10817
15099,12007,10818
19582,12007,10819
8047,12007,10820
3354,12007,10821
11722,12007,10822
604,12007,10823
17601,12008,10824
13481,12012,10825
20243,12012,10826
10938,12012,10827
14527,12012,10828
10447,12012,10829
17601,12015,10830
4641,12018,10831
31,12018,10832
4320,12018,10833
11329,12018,10834
17601,12019,10835
6180,12020,10836
9970,12020,10837
10434,12020,10838
14351,12020,10839
16256,12020,10840
15034,12020,10841
12187,12020,10842
20423,12020,10843
2175,12020,10844
18279,12023,10845
23730,12023,10846
24776,12024,10847
1730,12024,10848
18830,12024,10849
1873,12024,10850
17601,12027,10851
10083,12029,10852
5908,12029,10853
17601,12037,10854
4669,12039,10855
10392,12039,10856
15264,12041,10857
7284,12041,10858
3941,12041,10859
16566,12041,10860
24625,12041,10861
22473,12041,10862
22535,12041,10863
17756,12041,10864
22031,12041,10865
17372,12041,10866
17415,12048,10867
4472,12048,10868
12141,12048,10869
16683,12048,10870
15731,12048,10871
1701,12048,10872
8296,12048,10873
23323,12048,10874
17601,12050,10875
425,12052,10876
4844,12052,10877
21720,12052,10878
17415,12052,10879
17601,12054,10880
16336,12055,10881
12005,12055,10882
4106,12055,10883
9284,12055,10884
22792,12055,10885
13095,12055,10886
5378,12055,10887
20737,12055,10888
7003,12055,10889
18455,12058,10890
3542,12058,10891
13931,12058,10892
1861,12058,10893
6622,12062,10894
10686,12062,10895
18910,12062,10896
23961,12062,10897
23682,12062,10898
154,12064,10899
1059,12064,10900
2638,12064,10901
17649,12064,10902
21089,12067,10903
17601,12068,10904
3796,12074,10905
3611,12074,10906
7525,12074,10907
17601,12077,10908
1505,12087,10909
8476,12087,10910
24,12087,10911
16729,12096,10912
5043,12096,10913
10373,12096,10914
8310,12103,10915
11208,12103,10916
10816,12103,10917
4204,12103,10918
7741,12103,10919
12561,12103,10920
21816,12103,10921
1460,12103,10922
22416,12103,10923
14910,12103,10924
23062,12104,10925
4315,12104,10926
1518,12104,10927
600,12104,10928
22163,12104,10929
4378,12104,10930
15038,12104,10931
18350,12104,10932
21020,12104,10933
18722,12104,10934
4362,12104,10935
9248,12104,10936
16648,12104,10937
11165,12104,10938
17354,12104,10939
10660,12104,10940
21944,12104,10941
5689,12104,10942
23206,12114,10943
21757,12114,10944
19969,12114,10945
12262,12114,10946
11831,12114,10947
23936,12114,10948
11465,12114,10949
9717,12114,10950
4014,12114,10951
10148,12114,10952
9692,12114,10953
5791,12114,10954
19238,12114,10955
15648,12114,10956
22711,12115,10957
20956,12115,10958
13775,12129,10959
11183,12129,10960
17601,12136,10961
1702,12137,10962
21017,12137,10963
18387,12139,10964
5386,12139,10965
16139,12139,10966
17601,12142,10967
17601,12143,10968
17601,12146,10969
20987,12150,10970
2734,12150,10971
1799,12151,10972
688,12151,10973
18898,12151,10974
21354,12152,10975
6978,12152,10976
18891,12152,10977
17601,12153,10978
8106,12154,10979
6200,12154,10980
9335,12161,10981
20752,12161,10982
16624,12161,10983
3703,12162,10984
20703,12162,10985
3472,12162,10986
17601,12165,10987
17601,12166,10988
17601,12167,10989
17601,12168,10990
17601,12171,10991
17601,12173,10992
17601,12174,10993
17601,12175,10994
385,12178,10995
19393,12178,10996
9788,12178,10997
17601,12179,10998
17601,12184,10999
17001,12186,11000
11704,12186,11001
20703,12186,11002
14262,12190,11003
8263,12190,11004
8916,12190,11005
2638,12192,11006
22912,12192,11007
20180,12192,11008
17601,12193,11009
6932,12194,11010
17849,12194,11011
21188,12194,11012
12672,12195,11013
5293,12195,11014
1631,12195,11015
17601,12198,11016
17601,12202,11017
17601,12206,11018
23423,12209,11019
22497,12209,11020
16541,12209,11021
13064,12209,11022
15789,12209,11023
17671,12209,11024
8286,12209,11025
5293,12209,11026
961,12209,11027
17601,12210,11028
812,12211,11029
2205,12211,11030
7036,12211,11031
3927,12211,11032
19779,12211,11033
19780,12211,11034
13390,12211,11035
22885,12211,11036
21996,12211,11037
21997,12211,11038
10650,12211,11039
15081,12212,11040
7338,12212,11041
21325,12212,11042
18451,12212,11043
17093,12212,11044
24838,12212,11045
11582,12212,11046
4361,12212,11047
6511,12212,11048
20510,12213,11049
19513,12213,11050
12178,12213,11051
1272,12213,11052
17601,12216,11053
17601,12219,11054
3898,12221,11055
17751,12221,11056
2595,12221,11057
13206,12221,11058
20471,12221,11059
11419,12223,11060
8448,12223,11061
20045,12223,11062
13378,12223,11063
10989,12223,11064
3241,12223,11065
10528,12223,11066
10309,12223,11067
7140,12232,11068
18891,12232,11069
9029,12233,11070
139,12233,11071
20228,12233,11072
10340,12233,11073
19138,12233,11074
21577,12233,11075
1059,12233,11076
24196,12233,11077
4405,12233,11078
12618,12233,11079
12069,12234,11080
18940,12234,11081
20200,12234,11082
18827,12234,11083
1385,12234,11084
16059,12234,11085
12623,12234,11086
16833,12234,11087
3752,12235,11088
17601,12236,11089
17601,12239,11090
17601,12240,11091
11498,12241,11092
847,12241,11093
16174,12241,11094
21562,12241,11095
17601,12245,11096
191,12246,11097
10778,12252,11098
11762,12252,11099
17043,12252,11100
2125,12257,11101
19462,12257,11102
17601,12266,11103
6143,12268,11104
17601,12273,11105
13166,12276,11106
2340,12276,11107
24473,12276,11108
19013,12276,11109
16593,12283,11110
23234,12283,11111
21172,12287,11112
24423,12287,11113
1269,12287,11114
6816,12287,11115
14630,12287,11116
13377,12287,11117
6760,12287,11118
18356,12287,11119
5342,12287,11120
17601,12289,11121
17601,12290,11122
7541,12312,11123
5401,12314,11124
4166,12314,11125
5034,12314,11126
7443,12314,11127
4502,12314,11128
15585,12316,11129
9569,12316,11130
1546,12316,11131
4899,12316,11132
6017,12316,11133
1031,12316,11134
14928,12316,11135
10107,12316,11136
16698,12316,11137
13085,12316,11138
18585,12316,11139
21329,12316,11140
20479,12316,11141
10953,12316,11142
12625,12316,11143
10246,12316,11144
17601,12317,11145
4245,12322,11146
17679,12322,11147
14352,12322,11148
19067,12322,11149
18932,12322,11150
21116,12322,11151
23235,12322,11152
12397,12322,11153
8001,12322,11154
23364,12322,11155
22397,12322,11156
18773,12322,11157
7081,12322,11158
20897,12322,11159
1165,12322,11160
9390,12322,11161
6232,12322,11162
15849,12324,11163
11940,12324,11164
23717,12324,11165
20673,12324,11166
7483,12324,11167
21500,12324,11168
371,12324,11169
5984,12324,11170
21312,12324,11171
22294,12324,11172
8581,12331,11173
2655,12331,11174
6797,12331,11175
9452,12331,11176
21993,12331,11177
5782,12331,11178
22950,12331,11179
23640,12331,11180
5038,12331,11181
17707,12331,11182
18559,12331,11183
11828,12331,11184
11002,12331,11185
5153,12344,11186
16429,12344,11187
8996,12344,11188
24787,12344,11189
17601,12348,11190
8091,12353,11191
15815,12353,11192
2481,12353,11193
11746,12353,11194
3962,12353,11195
4934,12353,11196
9571,12353,11197
9601,12353,11198
8001,12353,11199
23206,12353,11200
23255,12353,11201
13778,12353,11202
10802,12364,11203
5897,12365,11204
4420,12365,11205
2638,12365,11206
6978,12375,11207
21456,12375,11208
1910,12379,11209
11176,12379,11210
21066,12379,11211
3432,12381,11212
8976,12384,11213
4033,12384,11214
17601,12387,11215
3492,12389,11216
4370,12389,11217
5684,12390,11218
2986,12390,11219
24674,12390,11220
13821,12390,11221
13034,12390,11222
6573,12390,11223
6574,12390,11224
6677,12390,11225
11896,12390,11226
6571,12390,11227
17601,12402,11228
17601,12404,11229
18009,12406,11230
4540,12406,11231
6446,12406,11232
16174,12409,11233
13000,12409,11234
12374,12409,11235
6617,12410,11236
21070,12410,11237
1011,12410,11238
17601,12414,11239
18459,12415,11240
8263,12415,11241
10867,12415,11242
17601,12418,11243
17601,12420,11244
18588,12421,11245
18891,12421,11246
19782,12421,11247
6280,12422,11248
24,12422,11249
18083,12422,11250
2476,12424,11251
13476,12424,11252
11921,12424,11253
17601,12426,11254
18812,12428,11255
1536,12428,11256
11866,12428,11257
17601,12429,11258
17601,12430,11259
8455,12432,11260
21902,12432,11261
24249,12432,11262
2571,12432,11263
17601,12433,11264
17601,12434,11265
7656,12438,11266
14371,12438,11267
11329,12438,11268
17601,12442,11269
2834,12443,11270
4638,12443,11271
4868,12443,11272
1182,12443,11273
18891,12443,11274
17601,12444,11275
24337,12446,11276
17707,12446,11277
17138,12446,11278
23969,12446,11279
17601,12448,11280
49,12451,11281
13198,12455,11282
15841,12455,11283
8954,12455,11284
181,12455,11285
17601,12458,11286
17601,12460,11287
17601,12463,11288
17539,12465,11289
14927,12465,11290
5925,12465,11291
4577,12465,11292
729,12467,11293
3170,12467,11294
14749,12467,11295
17775,12467,11296
22108,12468,11297
19074,12468,11298
18041,12468,11299
10055,12468,11300
13270,12468,11301
15857,12468,11302
10977,12469,11303
7267,12469,11304
10687,12469,11305
6690,12469,11306
3354,12470,11307
1304,12470,11308
3004,12470,11309
21487,12470,11310
16025,12470,11311
11002,12470,11312
17161,12470,11313
13844,12470,11314
17601,12473,11315
8083,12478,11316
18935,12478,11317
6148,12478,11318
15857,12478,11319
6792,12478,11320
2855,12478,11321
18251,12480,11322
10324,12480,11323
14605,12480,11324
4370,12482,11325
10443,12482,11326
23129,12482,11327
6689,12482,11328
12920,12483,11329
4479,12483,11330
5306,12483,11331
21562,12483,11332
16828,12483,11333
7129,12483,11334
5466,12483,11335
1253,12483,11336
9870,12483,11337
2834,12485,11338
842,12485,11339
11880,12485,11340
2232,12485,11341
13133,12487,11342
17852,12487,11343
9029,12487,11344
10759,12487,11345
22751,12490,11346
24257,12490,11347
9505,12490,11348
19194,12493,11349
19208,12493,11350
14062,12493,11351
11008,12494,11352
12551,12494,11353
15811,12494,11354
22337,12494,11355
7250,12495,11356
24025,12495,11357
15228,12495,11358
17415,12495,11359
17467,12496,11360
24603,12496,11361
13133,12498,11362
15034,12499,11363
22734,12499,11364
15232,12499,11365
10216,12499,11366
17138,12504,11367
15857,12504,11368
21454,12504,11369
16991,12505,11370
6978,12505,11371
4415,12505,11372
18459,12505,11373
7140,12507,11374
8575,12507,11375
23052,12507,11376
16252,12507,11377
12618,12507,11378
17853,12508,11379
18451,12509,11380
662,12509,11381
4073,12509,11382
16252,12509,11383
24176,12509,11384
11762,12512,11385
6103,12512,11386
15841,12516,11387
24783,12516,11388
9696,12516,11389
2126,12516,11390
17601,12519,11391
13436,12521,11392
912,12521,11393
1981,12521,11394
24235,12521,11395
22611,12521,11396
17601,12531,11397
17601,12534,11398
1312,12535,11399
24262,12535,11400
23777,12535,11401
7967,12535,11402
5268,12535,11403
8508,12535,11404
14913,12535,11405
18178,12535,11406
20274,12535,11407
19913,12535,11408
17601,12547,11409
9505,12548,11410
22779,12548,11411
17601,12568,11412
22350,12569,11413
11537,12569,11414
10086,12569,11415
15891,12569,11416
16774,12569,11417
22536,12569,11418
23773,12569,11419
2736,12569,11420
10076,12569,11421
13024,12569,11422
17601,12595,11423
17601,12610,11424
20932,12614,11425
16336,12614,11426
22899,12614,11427
2476,12614,11428
19208,12615,11429
17001,12615,11430
20950,12615,11431
17601,12616,11432
23805,12626,11433
2159,12626,11434
24658,12626,11435
9239,12635,11436
4645,12635,11437
14526,12635,11438
525,12638,11439
22313,12638,11440
16599,12638,11441
15731,12640,11442
5390,12640,11443
19009,12640,11444
20626,12641,11445
7172,12641,11446
18812,12641,11447
24683,12642,11448
10659,12642,11449
20882,12643,11450
21113,12643,11451
6947,12643,11452
9504,12643,11453
17601,12646,11454
15278,12648,11455
10867,12648,11456
17601,12649,11457
16993,12650,11458
20929,12650,11459
21781,12650,11460
10718,12651,11461
4898,12652,11462
16241,12652,11463
12514,12652,11464
17601,12653,11465
17601,12661,11466
23368,12662,11467
20929,12662,11468
9284,12662,11469
17601,12666,11470
17601,12668,11471
9289,12671,11472
8390,12671,11473
4898,12671,11474
20703,12673,11475
13631,12673,11476
17601,12675,11477
1701,12676,11478
12400,12676,11479
10223,12676,11480
24683,12677,11481
15394,12677,11482
461,12678,11483
4526,12678,11484
4260,12678,11485
17601,12681,11486
9799,12682,11487
9835,12682,11488
4630,12682,11489
17601,12683,11490
1338,12685,11491
20854,12685,11492
2999,12685,11493
17601,12686,11494
17601,12687,11495
6148,12689,11496
20508,12689,11497
4415,12689,11498
14284,12691,11499
5443,12692,11500
7276,12692,11501
20628,12692,11502
17601,12701,11503
17601,12703,11504
17601,12705,11505
10935,12708,11506
11966,12708,11507
22642,12708,11508
5004,12708,11509
796,12711,11510
6701,12711,11511
7266,12711,11512
8746,12711,11513
23060,12711,11514
16668,12711,11515
21358,12711,11516
16568,12711,11517
24249,12711,11518
16795,12716,11519
23991,12716,11520
11770,12716,11521
4658,12716,11522
7407,12716,11523
17601,12717,11524
8574,12718,11525
5002,12718,11526
24196,12718,11527
8018,12718,11528
347,12718,11529
21131,12718,11530
17601,12719,11531
17601,12720,11532
3938,12725,11533
3021,12725,11534
16886,12725,11535
14848,12725,11536
19138,12725,11537
525,12725,11538
20854,12725,11539
11838,12726,11540
15232,12726,11541
12978,12726,11542
21529,12726,11543
21602,12726,11544
5660,12726,11545
20869,12726,11546
322,12726,11547
20737,12728,11548
16065,12728,11549
13404,12728,11550
10867,12728,11551
9284,12730,11552
16065,12730,11553
3976,12730,11554
1801,12730,11555
11778,12730,11556
3448,12730,11557
21840,12731,11558
15955,12731,11559
20502,12731,11560
17985,12731,11561
13759,12732,11562
20703,12732,11563
24040,12732,11564
5603,12734,11565
16177,12734,11566
1730,12734,11567
13745,12734,11568
17601,12735,11569
17601,12738,11570
18786,12739,11571
20429,12739,11572
14497,12739,11573
23842,12739,11574
20852,12741,11575
19893,12741,11576
15986,12741,11577
9788,12741,11578
7269,12741,11579
1390,12741,11580
23131,12743,11581
5989,12743,11582
5643,12743,11583
20935,12743,11584
14401,12744,11585
12305,12744,11586
14896,12744,11587
17934,12744,11588
8579,12744,11589
6626,12744,11590
18636,12744,11591
19435,12744,11592
13198,12745,11593
16511,12745,11594
18797,12745,11595
16521,12745,11596
139,12745,11597
22287,12745,11598
17601,12747,11599
14096,12748,11600
4868,12748,11601
11585,12748,11602
10628,12748,11603
3448,12749,11604
3976,12749,11605
23967,12749,11606
19733,12749,11607
17601,12751,11608
13253,12755,11609
12552,12755,11610
13455,12755,11611
20143,12755,11612
7273,12755,11613
5072,12755,11614
2884,12755,11615
2688,12761,11616
6402,12761,11617
20612,12761,11618
21932,12767,11619
6572,12767,11620
4667,12767,11621
434,12777,11622
4645,12777,11623
10995,12777,11624
1730,12777,11625
3021,12777,11626
22377,12780,11627
22385,12780,11628
1489,12780,11629
17601,12781,11630
16188,12788,11631
11352,12788,11632
22313,12788,11633
20053,12788,11634
11011,12788,11635
21150,12794,11636
21951,12794,11637
11095,12794,11638
14743,12794,11639
17601,12796,11640
8476,12798,11641
18143,12798,11642
8390,12798,11643
3236,12798,11644
4045,12798,11645
15853,12799,11646
20793,12799,11647
9182,12800,11648
19569,12800,11649
1915,12800,11650
12495,12800,11651
12966,12800,11652
13000,12804,11653
4829,12804,11654
40,12804,11655
18292,12804,11656
4306,12804,11657
3898,12804,11658
24360,12804,11659
1810,12804,11660
8240,12804,11661
17601,12805,11662
6251,12823,11663
6064,12823,11664
6035,12823,11665
2015,12823,11666
10898,12823,11667
21134,12823,11668
23001,12823,11669
24803,12823,11670
5951,12823,11671
16268,12823,11672
7277,12828,11673
6065,12828,11674
10050,12828,11675
1813,12828,11676
20765,12828,11677
7548,12828,11678
3214,12828,11679
17304,12828,11680
5704,12828,11681
6926,12828,11682
2844,12828,11683
4211,12828,11684
7293,12828,11685
1063,12839,11686
21254,12839,11687
18583,12839,11688
11829,12839,11689
4154,12839,11690
7917,12841,11691
14385,12841,11692
15955,12841,11693
16651,12841,11694
22268,12841,11695
15089,12841,11696
1488,12841,11697
1505,12841,11698
4045,12841,11699
5355,12841,11700
5422,12841,11701
24341,12841,11702
22100,12841,11703
19955,12843,11704
5199,12843,11705
3094,12843,11706
22241,12843,11707
9505,12843,11708
7012,12843,11709
18779,12843,11710
3354,12847,11711
23097,12847,11712
4999,12847,11713
11730,12847,11714
11801,12847,11715
23326,12847,11716
23251,12847,11717
11668,12847,11718
20987,12847,11719
12173,12863,11720
12219,12865,11721
1040,12865,11722
4760,12865,11723
19413,12867,11724
11001,12867,11725
5227,12867,11726
12995,12869,11727
4343,12869,11728
4426,12869,11729
17601,12870,11730
22298,12873,11731
4941,12873,11732
10984,12873,11733
17138,12874,11734
2527,12874,11735
15857,12874,11736
17601,12877,11737
793,12880,11738
20854,12880,11739
17601,12882,11740
4740,12883,11741
6143,12883,11742
20108,12883,11743
2847,12885,11744
23250,12885,11745
19499,12889,11746
21058,12889,11747
15857,12889,11748
2073,12890,11749
11243,12890,11750
18665,12890,11751
15317,12890,11752
9835,12890,11753
4932,12890,11754
24726,12890,11755
22248,12890,11756
20487,12890,11757
3153,12890,11758
10527,12890,11759
10883,12890,11760
1526,12890,11761
8742,12890,11762
4327,12890,11763
16174,12895,11764
17415,12895,11765
10323,12896,11766
18743,12896,11767
23444,12896,11768
16447,12898,11769
23195,12898,11770
13730,12898,11771
17601,12899,11772
20914,12902,11773
12955,12902,11774
20180,12902,11775
4941,12903,11776
14130,12903,11777
16177,12903,11778
17072,12906,11779
455,12906,11780
20297,12906,11781
4181,12910,11782
13669,12910,11783
23938,12910,11784
17601,12912,11785
20296,12914,11786
11843,12914,11787
21453,12914,11788
17601,12916,11789
16894,12920,11790
3609,12920,11791
24783,12920,11792
13095,12921,11793
2398,12921,11794
8905,12921,11795
17601,12922,11796
17601,12924,11797
18524,12927,11798
1564,12927,11799
13209,12927,11800
17601,12928,11801
17601,12934,11802
21298,12939,11803
6463,12939,11804
7337,12939,11805
9130,12944,11806
19488,12944,11807
6267,12944,11808
23404,12945,11809
20716,12945,11810
22282,12945,11811
17601,12947,11812
11938,12948,11813
24235,12948,11814
3107,12948,11815
229,12950,11816
20096,12950,11817
17649,12951,11818
21343,12951,11819
20181,12953,11820
16985,12953,11821
24665,12953,11822
6939,12954,11823
11328,12956,11824
20671,12956,11825
14357,12956,11826
2848,12958,11827
7172,12958,11828
20628,12958,11829
13744,12962,11830
10345,12962,11831
16538,12962,11832
5814,12962,11833
3236,12967,11834
14553,12967,11835
2530,12967,11836
18430,12967,11837
14130,12967,11838
17601,12970,11839
17601,12972,11840
17601,12973,11841
12218,12974,11842
6068,12974,11843
12032,12974,11844
12577,12974,11845
40,12974,11846
563,12978,11847
14380,12978,11848
1615,12978,11849
23377,12978,11850
6973,12978,11851
14468,12978,11852
2485,12978,11853
24733,12978,11854
15037,12978,11855
2439,12978,11856
17601,12979,11857
13547,12985,11858
17138,12985,11859
15585,12985,11860
18459,12985,11861
14449,12985,11862
298,12985,11863
10340,12985,11864
17601,12986,11865
16394,12988,11866
20737,12988,11867
20987,12988,11868
18842,12988,11869
17601,12989,11870
6941,12992,11871
12450,12992,11872
14069,12992,11873
8195,12992,11874
12422,12992,11875
20408,12992,11876
7493,12992,11877
330,12992,11878
593,12992,11879
15431,12992,11880
19698,12996,11881
18547,12996,11882
15863,12996,11883
11541,12996,11884
16357,12996,11885
17302,12996,11886
20180,12997,11887
7005,12997,11888
11843,12997,11889
17172,12997,11890
16177,12998,11891
18910,12998,11892
18292,12998,11893
23971,12998,11894
23055,12998,11895
15034,12998,11896
6932,12998,11897
3210,12998,11898
3421,12999,11899
24140,12999,11900
24025,12999,11901
3671,12999,11902
7383,12999,11903
5624,12999,11904
1981,13000,11905
16651,13000,11906
18344,13000,11907
13426,13000,11908
16564,13000,11909
4042,13000,11910
347,13000,11911
20070,13005,11912
9639,13005,11913
4157,13005,11914
4151,13005,11915
13441,13007,11916
4420,13007,11917
199,13007,11918
5913,13007,11919
17601,13008,11920
961,13010,11921
22287,13010,11922
16394,13010,11923
20914,13010,11924
1050,13010,11925
1689,13010,11926
23423,13010,11927
20113,13010,11928
14446,13010,11929
17601,13012,11930
2391,13013,11931
4047,13013,11932
8690,13013,11933
23156,13013,11934
20510,13013,11935
11164,13013,11936
21775,13013,11937
21226,13013,11938
17601,13014,11939
11,13019,11940
21139,13019,11941
21456,13019,11942
17001,13019,11943
15952,13022,11944
16527,13022,11945
18460,13022,11946
5860,13022,11947
350,13025,11948
10307,13026,11949
14262,13026,11950
1487,13026,11951
199,13026,11952
2232,13030,11953
15789,13030,11954
12834,13030,11955
10232,13030,11956
10954,13030,11957
3958,13031,11958
7006,13031,11959
17672,13031,11960
10511,13031,11961
15703,13032,11962
525,13033,11963
3472,13033,11964
23302,13033,11965
12513,13033,11966
6296,13033,11967
9002,13035,11968
8808,13035,11969
11578,13035,11970
24778,13035,11971
17601,13038,11972
17601,13039,11973
13000,13040,11974
1773,13040,11975
21487,13040,11976
22998,13040,11977
17601,13043,11978
17601,13052,11979
17601,13054,11980
17601,13062,11981
20010,13070,11982
16828,13070,11983
7276,13070,11984
5378,13070,11985
17601,13072,11986
4824,13080,11987
15007,13080,11988
12138,13080,11989
19925,13080,11990
23310,13080,11991
16079,13080,11992
19087,13080,11993
22378,13080,11994
1882,13080,11995
17601,13083,11996
17601,13086,11997
2310,13097,11998
8854,13097,11999
16150,13097,12000
13442,13097,12001
23970,13097,12002
17601,13105,12003
17601,13113,12004
5390,13118,12005
8357,13119,12006
4289,13119,12007
3952,13119,12008
6148,13120,12009
7917,13120,12010
13573,13120,12011
10047,13125,12012
17415,13125,12013
11866,13127,12014
9289,13127,12015
475,13127,12016
17601,13130,12017
12627,13132,12018
18051,13132,12019
6268,13132,12020
48,13133,12021
24798,13133,12022
17601,13141,12023
1251,13143,12024
21270,13143,12025
10033,13143,12026
17672,13143,12027
21386,13143,12028
347,13143,12029
23971,13143,12030
20916,13143,12031
10340,13143,12032
20061,13145,12033
10948,13145,12034
4151,13153,12035
9628,13153,12036
4532,13153,12037
11320,13153,12038
13801,13153,12039
23524,13153,12040
17601,13159,12041
20533,13164,12042
1701,13164,12043
12937,13167,12044
16688,13167,12045
8476,13168,12046
23368,13168,12047
9639,13168,12048
20387,13169,12049
14851,13169,12050
848,13169,12051
8779,13171,12052
14107,13171,12053
21840,13172,12054
16457,13172,12055
17601,13176,12056
13270,13177,12057
13464,13177,12058
2842,13178,12059
16926,13179,12060
11400,13179,12061
22780,13179,12062
17650,13182,12063
20034,13182,12064
19546,13182,12065
4505,13184,12066
24658,13184,12067
4721,13184,12068
21354,13185,12069
6622,13185,12070
11194,13185,12071
17601,13186,12072
17001,13187,12073
8220,13187,12074
15686,13187,12075
17601,13188,12076
23456,13190,12077
7792,13190,12078
22668,13190,12079
17601,13192,12080
23170,13193,12081
21010,13193,12082
19432,13193,12083
18051,13194,12084
7586,13194,12085
20229,13197,12086
22823,13197,12087
13744,13197,12088
17601,13198,12089
17601,13200,12090
4954,13201,12091
292,13201,12092
3734,13201,12093
17601,13203,12094
15917,13206,12095
20716,13206,12096
15261,13206,12097
17601,13209,12098
17601,13210,12099
17601,13213,12100
17601,13215,12101
2363,13217,12102
7234,13220,12103
2010,13220,12104
17938,13220,12105
18009,13224,12106
5540,13224,12107
11160,13224,12108
17601,13225,12109
7269,13227,12110
18344,13227,12111
24013,13227,12112
19499,13231,12113
23811,13231,12114
17375,13231,12115
17601,13232,12116
21239,13233,12117
24206,13233,12118
17601,13234,12119
17601,13235,12120
17601,13241,12121
17601,13245,12122
17601,13246,12123
17601,13247,12124
17601,13248,12125
20916,13250,12126
20505,13250,12127
6180,13250,12128
6268,13250,12129
16721,13257,12130
22580,13257,12131
850,13257,12132
21664,13257,12133
17601,13258,12134
1190,13259,12135
11734,13259,12136
14202,13259,12137
12366,13259,12138
22497,13259,12139
15484,13259,12140
13369,13261,12141
397,13261,12142
1191,13261,12143
11559,13261,12144
8361,13261,12145
17601,13262,12146
8150,13263,12147
5735,13263,12148
10229,13263,12149
19973,13263,12150
8217,13263,12151
4702,13263,12152
11042,13263,12153
18822,13263,12154
19333,13263,12155
17601,13270,12156
17601,13271,12157
17601,13272,12158
22645,13273,12159
3272,13273,12160
15853,13273,12161
7525,13280,12162
6930,13280,12163
7041,13280,12164
22343,13280,12165
18708,13280,12166
15510,13280,12167
14789,13280,12168
14463,13280,12169
3061,13280,12170
13436,13282,12171
17601,13285,12172
2476,13286,12173
24282,13286,12174
11866,13286,12175
20673,13286,12176
10294,13286,12177
9289,13286,12178
2027,13286,12179
23368,13286,12180
3486,13286,12181
4073,13287,12182
10635,13287,12183
19970,13287,12184
10453,13287,12185
8253,13287,12186
10434,13287,12187
15278,13287,12188
6094,13294,12189
21010,13294,12190
16541,13294,12191
22079,13294,12192
15896,13294,12193
10510,13294,12194
16853,13294,12195
22771,13294,12196
16805,13294,12197
5294,13294,12198
3593,13297,12199
8347,13297,12200
21058,13297,12201
23086,13297,12202
20911,13297,12203
17601,13298,12204
5514,13300,12205
3027,13300,12206
5783,13300,12207
17601,13303,12208
17601,13304,12209
20061,13305,12210
22770,13305,12211
20130,13305,12212
16845,13305,12213
18535,13305,12214
17601,13309,12215
18918,13310,12216
16168,13313,12217
21334,13313,12218
298,13313,12219
4902,13313,12220
17601,13320,12221
4382,13321,12222
4181,13321,12223
13744,13321,12224
18259,13322,12225
4181,13322,12226
14750,13322,12227
16736,13322,12228
16489,13323,12229
4625,13323,12230
15128,13323,12231
15902,13323,12232
17601,13328,12233
17601,13338,12234
17601,13341,12235
13000,13346,12236
475,13346,12237
16286,13346,12238
9283,13346,12239
22108,13346,12240
17601,13349,12241
23971,13351,12242
11578,13351,12243
9450,13351,12244
6689,13351,12245
8923,13351,12246
3441,13351,12247
14449,13351,12248
4942,13351,12249
16821,13360,12250
8826,13363,12251
13095,13363,12252
15059,13363,12253
18740,13363,12254
4560,13363,12255
6787,13363,12256
5406,13363,12257
650,13363,12258
3427,13363,12259
16832,13365,12260
16618,13365,12261
6559,13365,12262
2481,13365,12263
1428,13365,12264
13529,13365,12265
15970,13365,12266
18482,13365,12267
9540,13365,12268
20722,13365,12269
10648,13381,12270
13216,13381,12271
16065,13381,12272
10652,13381,12273
10237,13381,12274
14543,13381,12275
10681,13381,12276
4328,13381,12277
7175,13381,12278
5067,13381,12279
1251,13381,12280
170,13381,12281
14992,13384,12282
6153,13384,12283
2621,13384,12284
24251,13384,12285
10378,13384,12286
4004,13384,12287
1502,13384,12288
2510,13384,12289
24411,13384,12290
23251,13384,12291
24207,13384,12292
10528,13384,12293
21957,13384,12294
202,13384,12295
17601,13389,12296
17601,13402,12297
736,13403,12298
23178,13403,12299
3455,13403,12300
17601,13405,12301
24253,13407,12302
847,13407,12303
338,13409,12304
13493,13409,12305
17601,13410,12306
17440,13412,12307
8213,13412,12308
14099,13413,12309
24360,13413,12310
13759,13413,12311
17601,13417,12312
3519,13418,12313
1644,13418,12314
996,13418,12315
13597,13418,12316
1806,13418,12317
3218,13418,12318
2889,13418,12319
2834,13418,12320
909,13418,12321
3697,13418,12322
4239,13418,12323
5229,13418,12324
5075,13418,12325
13148,13418,12326
6260,13418,12327
10619,13418,12328
12535,13418,12329
1669,13418,12330
17601,13419,12331
10686,13420,12332
19682,13420,12333
17601,13427,12334
17601,13428,12335
11692,13429,12336
17601,13445,12337
17601,13450,12338
6270,13451,12339
4638,13451,12340
19960,13451,12341
6167,13452,12342
14188,13452,12343
16729,13452,12344
19488,13453,12345
23177,13453,12346
16845,13453,12347
19058,13455,12348
7698,13455,12349
11098,13455,12350
17601,13457,12351
21321,13458,12352
8286,13458,12353
19005,13458,12354
21681,13461,12355
16985,13461,12356
20508,13461,12357
1584,13462,12358
17601,13463,12359
17601,13464,12360
17601,13468,12361
24666,13472,12362
2155,13472,12363
7299,13472,12364
5356,13475,12365
12977,13475,12366
10628,13475,12367
4306,13476,12368
22972,13476,12369
11692,13476,12370
17601,13477,12371
17601,13479,12372
13476,13481,12373
8404,13481,12374
7656,13481,12375
17601,13484,12376
3637,13486,12377
8018,13486,12378
10378,13486,12379
17601,13492,12380
6919,13493,12381
24248,13493,12382
17165,13493,12383
17601,13494,12384
23344,13497,12385
11485,13497,12386
16062,13497,12387
17601,13498,12388
17601,13500,12389
17601,13501,12390
10340,13502,12391
8106,13502,12392
1488,13502,12393
17601,13503,12394
10622,13505,12395
20737,13505,12396
18459,13505,12397
17601,13506,12398
10935,13507,12399
16644,13507,12400
18760,13509,12401
12539,13509,12402
17601,13511,12403
17601,13513,12404
17601,13515,12405
9029,13517,12406
12020,13517,12407
13133,13517,12408
17601,13518,12409
17601,13520,12410
17601,13521,12411
20703,13524,12412
22287,13524,12413
12514,13524,12414
3492,13527,12415
5160,13527,12416
16174,13527,12417
17601,13529,12418
20284,13532,12419
20202,13532,12420
12431,13532,12421
17601,13533,12422
9389,13534,12423
16538,13534,12424
20914,13534,12425
6402,13535,12426
15048,13535,12427
8347,13535,12428
10318,13536,12429
6270,13536,12430
21268,13536,12431
1721,13538,12432
31,13538,12433
13759,13538,12434
6798,13540,12435
17165,13540,12436
20180,13540,12437
16359,13541,12438
11777,13541,12439
6149,13541,12440
7198,13541,12441
17601,13542,12442
12182,13543,12443
13022,13543,12444
11938,13546,12445
19149,13546,12446
17998,13546,12447
9628,13546,12448
4073,13546,12449
20918,13547,12450
20626,13547,12451
2616,13547,12452
10049,13547,12453
10418,13550,12454
8720,13550,12455
21988,13550,12456
23144,13550,12457
11767,13550,12458
23403,13550,12459
17226,13550,12460
9389,13550,12461
5744,13550,12462
21487,13551,12463
19618,13551,12464
14827,13551,12465
17672,13551,12466
24262,13551,12467
1223,13551,12468
20924,13551,12469
14044,13551,12470
1773,13551,12471
5762,13552,12472
20229,13552,12473
21239,13552,12474
8905,13552,12475
14078,13554,12476
19281,13554,12477
4200,13554,12478
8858,13554,12479
4199,13554,12480
5227,13557,12481
11160,13557,12482
19138,13557,12483
21861,13560,12484
22052,13560,12485
17119,13560,12486
15967,13560,12487
22143,13560,12488
374,13560,12489
2481,13560,12490
21514,13560,12491
7981,13560,12492
17601,13562,12493
14456,13564,12494
8699,13564,12495
3211,13564,12496
1638,13564,12497
19887,13564,12498
22822,13564,12499
17601,13565,12500
21139,13567,12501
21454,13567,12502
1059,13567,12503
17852,13567,12504
14449,13567,12505
4181,13567,12506
13745,13571,12507
434,13571,12508
22287,13571,12509
7223,13572,12510
24360,13572,12511
8105,13572,12512
1,13572,12513
5910,13572,12514
22497,13572,12515
22899,13573,12516
23811,13573,12517
4611,13573,12518
8347,13573,12519
17601,13574,12520
17601,13577,12521
11730,13579,12522
2886,13579,12523
22284,13579,12524
15918,13581,12525
20110,13581,12526
22288,13581,12527
4729,13581,12528
20540,13581,12529
16238,13588,12530
3107,13588,12531
7712,13588,12532
17233,13588,12533
5860,13588,12534
14997,13588,12535
10294,13588,12536
7120,13588,12537
5488,13588,12538
17601,13590,12539
20001,13592,12540
16874,13592,12541
4638,13592,12542
1836,13592,12543
6270,13592,12544
20643,13592,12545
9323,13592,12546
9155,13592,12547
1155,13592,12548
8106,13596,12549
20096,13596,12550
17601,13597,12551
21104,13599,12552
12572,13599,12553
20229,13599,12554
16139,13599,12555
17601,13600,12556
1177,13601,12557
10988,13601,12558
6689,13601,12559
9131,13601,12560
17601,13604,12561
17601,13605,12562
18053,13606,12563
12888,13606,12564
15707,13606,12565
11617,13606,12566
10622,13608,12567
24665,13608,12568
17426,13608,12569
24223,13608,12570
11872,13610,12571
7829,13610,12572
8817,13610,12573
733,13610,12574
17601,13612,12575
17601,13613,12576
17601,13614,12577
17601,13616,12578
16863,13619,12579
7569,13619,12580
5668,13622,12581
148,13622,12582
10740,13622,12583
6265,13622,12584
9488,13622,12585
20915,13626,12586
17645,13626,12587
18083,13635,12588
11085,13635,12589
5386,13635,12590
17601,13636,12591
17601,13637,12592
17601,13657,12593
11607,13658,12594
12059,13658,12595
20048,13658,12596
4026,13658,12597
10323,13658,12598
16344,13668,12599
7744,13668,12600
10993,13668,12601
15495,13668,12602
3611,13668,12603
3181,13668,12604
1995,13668,12605
20082,13668,12606
23662,13668,12607
15054,13668,12608
10452,13668,12609
5230,13668,12610
13547,13668,12611
16971,13668,12612
23895,13668,12613
6647,13668,12614
7369,13668,12615
7101,13668,12616
17601,13669,12617
19744,13671,12618
7849,13671,12619
9284,13671,12620
10888,13671,12621
849,13671,12622
485,13671,12623
9451,13671,12624
7228,13671,12625
23080,13671,12626
14032,13671,12627
16685,13671,12628
21141,13671,12629
3445,13671,12630
10635,13671,12631
1551,13671,12632
6671,13671,12633
10925,13671,12634
5962,13671,12635
11771,13671,12636
12212,13682,12637
3037,13682,12638
16111,13682,12639
710,13682,12640
18159,13682,12641
18203,13682,12642
16851,13682,12643
23927,13682,12644
9016,13682,12645
13799,13682,12646
16463,13686,12647
21694,13686,12648
12190,13686,12649
17986,13686,12650
21698,13686,12651
17288,13686,12652
14704,13686,12653
13888,13686,12654
12742,13686,12655
19811,13686,12656
10382,13691,12657
13198,13691,12658
3199,13691,12659
8578,13694,12660
8161,13694,12661
21762,13694,12662
17939,13694,12663
7166,13694,12664
9106,13694,12665
9180,13694,12666
19771,13694,12667
15762,13694,12668
10494,13694,12669
17601,13696,12670
7081,13698,12671
16688,13698,12672
10995,13698,12673
17601,13704,12674
17601,13707,12675
17601,13708,12676
11187,13712,12677
9212,13712,12678
22915,13712,12679
17601,13714,12680
17601,13724,12681
22284,13739,12682
17354,13739,12683
11692,13739,12684
13392,13742,12685
18786,13742,12686
20987,13742,12687
5860,13744,12688
5227,13744,12689
19312,13744,12690
6402,13745,12691
19568,13745,12692
13198,13745,12693
17601,13746,12694
23938,13748,12695
6689,13748,12696
1730,13750,12697
7586,13750,12698
16447,13750,12699
17601,13751,12700
3734,13753,12701
20180,13753,12702
434,13753,12703
19114,13754,12704
24,13754,12705
22447,13754,12706
17601,13755,12707
803,13761,12708
13064,13761,12709
21003,13761,12710
11778,13765,12711
23129,13765,12712
3107,13765,12713
7944,13765,12714
8404,13765,12715
23452,13768,12716
17202,13770,12717
23715,13770,12718
1792,13770,12719
8091,13772,12720
13730,13772,12721
18051,13772,12722
4196,13774,12723
24262,13774,12724
2847,13775,12725
8404,13775,12726
16599,13775,12727
16351,13778,12728
7917,13778,12729
3965,13778,12730
19960,13779,12731
9389,13779,12732
7656,13779,12733
3119,13781,12734
21681,13781,12735
17707,13781,12736
17601,13785,12737
8476,13787,12738
10453,13787,12739
14362,13787,12740
9130,13792,12741
5386,13792,12742
18459,13792,12743
11501,13793,12744
616,13793,12745
11659,13793,12746
17601,13794,12747
17601,13795,12748
17601,13797,12749
12672,13800,12750
18715,13800,12751
17138,13800,12752
9518,13803,12753
4370,13803,12754
3370,13805,12755
24299,13805,12756
24055,13810,12757
2911,13810,12758
8520,13810,12759
17601,13811,12760
19259,13814,12761
8779,13814,12762
15742,13814,12763
24665,13815,12764
13194,13815,12765
7267,13815,12766
17601,13816,12767
17601,13818,12768
13669,13826,12769
19970,13826,12770
4320,13826,12771
23468,13828,12772
5497,13828,12773
12812,13828,12774
17601,13831,12775
11492,13835,12776
19860,13835,12777
9604,13835,12778
20911,13839,12779
19068,13839,12780
3236,13839,12781
9709,13839,12782
13338,13839,12783
1536,13839,12784
17229,13839,12785
14357,13839,12786
21562,13839,12787
12618,13839,12788
7044,13839,12789
9692,13839,12790
17601,13840,12791
21781,13842,12792
18352,13842,12793
13730,13842,12794
7172,13844,12795
23302,13844,12796
2855,13844,12797
11267,13845,12798
22881,13845,12799
1343,13845,12800
2374,13845,12801
17601,13851,12802
17601,13852,12803
6446,13855,12804
20916,13855,12805
16682,13855,12806
24003,13855,12807
9225,13857,12808
5416,13857,12809
18231,13857,12810
2448,13857,12811
7490,13857,12812
12572,13858,12813
3435,13858,12814
1159,13858,12815
4844,13858,12816
16538,13859,12817
17138,13859,12818
19080,13859,12819
20296,13859,12820
22929,13860,12821
199,13860,12822
11582,13860,12823
6581,13860,12824
13461,13860,12825
24176,13860,12826
17601,13861,12827
19080,13865,12828
9505,13865,12829
8992,13865,12830
9602,13865,12831
11010,13865,12832
18779,13865,12833
16736,13865,12834
10382,13865,12835
22645,13866,12836
8326,13866,12837
13082,13866,12838
9883,13866,12839
8450,13866,12840
7276,13866,12841
14371,13866,12842
4728,13866,12843
3769,13866,12844
17601,13867,12845
5595,13871,12846
16597,13871,12847
12384,13871,12848
14650,13871,12849
17601,13873,12850
21058,13874,12851
778,13874,12852
5546,13874,12853
10345,13874,12854
16688,13875,12855
5078,13875,12856
18891,13875,12857
11938,13875,12858
21456,13875,12859
17193,13875,12860
5540,13875,12861
10715,13875,12862
7276,13875,12863
10340,13875,12864
17601,13876,12865
17601,13877,12866
17601,13880,12867
20518,13882,12868
18588,13882,12869
57,13882,12870
23967,13882,12871
17601,13884,12872
17601,13887,12873
5504,13888,12874
5790,13888,12875
16173,13894,12876
17232,13894,12877
3209,13894,12878
1525,13894,12879
10681,13895,12880
6798,13895,12881
12827,13895,12882
23129,13895,12883
3448,13895,12884
9180,13895,12885
10571,13895,12886
2847,13895,12887
7944,13895,12888
17601,13899,12889
7770,13900,12890
6368,13900,12891
9284,13900,12892
20641,13900,12893
1631,13902,12894
2605,13902,12895
11668,13902,12896
20793,13902,12897
17601,13906,12898
17601,13908,12899
17601,13910,12900
17601,13915,12901
18179,13922,12902
9505,13922,12903
1771,13922,12904
21562,13922,12905
12111,13922,12906
21781,13922,12907
6200,13922,12908
5284,13923,12909
23967,13926,12910
23368,13926,12911
17985,13926,12912
5647,13926,12913
10378,13926,12914
18063,13935,12915
14691,13935,12916
20703,13935,12917
20737,13942,12918
6700,13942,12919
17407,13942,12920
22614,13942,12921
14371,13943,12922
912,13943,12923
5230,13943,12924
19762,13943,12925
17601,13948,12926
2099,13961,12927
495,13961,12928
22995,13961,12929
22222,13961,12930
18812,13961,12931
17158,13961,12932
18405,13961,12933
10218,13961,12934
17923,13961,12935
23357,13961,12936
23250,13961,12937
20195,13961,12938
20873,13961,12939
2098,13971,12940
24536,13971,12941
21699,13971,12942
21582,13971,12943
19580,13971,12944
6069,13971,12945
19599,13971,12946
14630,13971,12947
21080,13971,12948
8346,13971,12949
24486,13971,12950
2248,13974,12951
4075,13974,12952
4106,13974,12953
4204,13974,12954
13111,13974,12955
18438,13974,12956
4518,13974,12957
22132,13974,12958
17716,13974,12959
15849,13974,12960
7576,13974,12961
23119,13974,12962
885,13974,12963
271,13974,12964
7634,13974,12965
17601,13982,12966
13609,13983,12967
23849,13983,12968
18280,13983,12969
16611,13983,12970
4805,13983,12971
6071,13983,12972
11514,13983,12973
3605,13983,12974
16087,13985,12975
15427,13985,12976
12100,13985,12977
15415,13985,12978
7827,13985,12979
23871,13985,12980
18605,13985,12981
5937,13985,12982
15926,13985,12983
3781,13985,12984
17601,13986,12985
17601,13989,12986
19797,13990,12987
4941,13990,12988
17601,13993,12989
23055,13994,12990
23201,13996,12991
6566,13996,12992
18387,13996,12993
4472,13997,12994
9239,13997,12995
3938,13997,12996
10378,14000,12997
1155,14000,12998
22497,14000,12999
17601,14001,13000
8091,14002,13001
13378,14002,13002
12007,14002,13003
1631,14003,13004
139,14003,13005
11757,14003,13006
9949,14004,13007
20115,14004,13008
18742,14004,13009
6615,14006,13010
17707,14006,13011
10622,14006,13012
11002,14007,13013
18083,14007,13014
7885,14007,13015
2668,14008,13016
8619,14008,13017
10704,14008,13018
5093,14012,13019
19693,14012,13020
1536,14012,13021
17601,14013,13022
17601,14015,13023
19009,14019,13024
16252,14019,13025
22336,14019,13026
17601,14029,13027
17601,14036,13028
17601,14039,13029
17601,14040,13030
10733,14043,13031
11752,14043,13032
4026,14043,13033
17601,14045,13034
17601,14047,13035
13885,14049,13036
9377,14049,13037
19418,14049,13038
17601,14050,13039
3797,14055,13040
18085,14055,13041
23808,14055,13042
23961,14057,13043
17005,14057,13044
17539,14057,13045
19263,14059,13046
18036,14059,13047
18184,14059,13048
592,14059,13049
2537,14059,13050
7686,14059,13051
24002,14059,13052
3452,14059,13053
15599,14059,13054
15002,14059,13055
16124,14059,13056
8620,14059,13057
8197,14059,13058
7743,14059,13059
10134,14059,13060
17601,14061,13061
2048,14063,13062
23396,14063,13063
16775,14063,13064
17601,14065,13065
17601,14066,13066
2668,14067,13067
16985,14067,13068
17775,14067,13069
17601,14068,13070
22692,14072,13071
20625,14072,13072
8347,14072,13073
16385,14073,13074
804,14075,13075
3703,14075,13076
19138,14075,13077
17601,14076,13078
17601,14077,13079
17601,14078,13080
11905,14079,13081
15370,14079,13082
23967,14079,13083
13745,14084,13084
6581,14084,13085
7081,14084,13086
16886,14085,13087
19973,14085,13088
21170,14085,13089
14218,14086,13090
20405,14086,13091
6595,14086,13092
17601,14087,13093
5504,14095,13094
15382,14095,13095
1079,14095,13096
13441,14097,13097
17601,14098,13098
17601,14099,13099
10622,14102,13100
10687,14102,13101
4151,14102,13102
17601,14104,13103
10647,14105,13104
18842,14105,13105
3272,14105,13106
17601,14108,13107
17601,14112,13108
13780,14115,13109
16162,14115,13110
24696,14115,13111
17601,14116,13112
11359,14117,13113
9518,14117,13114
5944,14117,13115
17795,14118,13116
18480,14118,13117
5158,14118,13118
18973,14118,13119
12173,14120,13120
17649,14120,13121
1801,14120,13122
20737,14121,13123
1188,14130,13124
19208,14130,13125
11801,14130,13126
17601,14131,13127
17601,14132,13128
17601,14133,13129
4399,14135,13130
3051,14135,13131
3837,14135,13132
23938,14138,13133
18559,14138,13134
13631,14138,13135
17601,14139,13136
17601,14140,13137
17601,14141,13138
17601,14144,13139
5205,14145,13140
11091,14145,13141
11479,14145,13142
15731,14145,13143
57,14146,13144
455,14146,13145
15237,14146,13146
11911,14146,13147
2855,14146,13148
22470,14146,13149
13921,14146,13150
19323,14146,13151
17601,14147,13152
17601,14154,13153
13309,14156,13154
12572,14156,13155
7006,14156,13156
3472,14156,13157
31,14156,13158
20854,14156,13159
10035,14157,13160
24777,14157,13161
7267,14157,13162
17672,14157,13163
10340,14157,13164
23507,14159,13165
21100,14159,13166
18723,14159,13167
63,14159,13168
21310,14159,13169
11093,14160,13170
17601,14161,13171
16463,14171,13172
16044,14171,13173
18004,14171,13174
17331,14171,13175
17998,14171,13176
8159,14171,13177
912,14171,13178
7543,14171,13179
7450,14171,13180
520,14172,13181
18715,14172,13182
723,14172,13183
21685,14172,13184
12453,14172,13185
3370,14172,13186
23251,14172,13187
5501,14172,13188
7081,14172,13189
9396,14172,13190
10678,14172,13191
6049,14173,13192
12519,14173,13193
1931,14173,13194
18514,14173,13195
18155,14173,13196
10734,14173,13197
18930,14176,13198
17874,14176,13199
23595,14176,13200
11710,14176,13201
13013,14176,13202
23642,14176,13203
5843,14176,13204
4800,14176,13205
1877,14176,13206
10173,14178,13207
24809,14178,13208
24253,14178,13209
9833,14178,13210
20796,14178,13211
13771,14178,13212
5745,14178,13213
22038,14178,13214
8663,14178,13215
6303,14178,13216
4374,14178,13217
4320,14183,13218
2956,14183,13219
6720,14183,13220
20475,14183,13221
16783,14185,13222
17537,14185,13223
16683,14185,13224
4942,14185,13225
11160,14185,13226
5647,14185,13227
9874,14185,13228
24360,14185,13229
17415,14185,13230
15841,14185,13231
11587,14186,13232
22760,14186,13233
16525,14186,13234
15180,14186,13235
18708,14187,13236
16256,14187,13237
7586,14187,13238
4698,14187,13239
17601,14193,13240
19733,14196,13241
10244,14196,13242
4059,14196,13243
10678,14196,13244
17601,14197,13245
7576,14199,13246
16991,14199,13247
4320,14199,13248
10073,14199,13249
9289,14199,13250
11866,14199,13251
2558,14199,13252
17601,14204,13253
10678,14205,13254
7181,14205,13255
13044,14205,13256
19942,14205,13257
19099,14210,13258
10726,14210,13259
7439,14210,13260
17601,14214,13261
17601,14223,13262
14537,14231,13263
6551,14231,13264
10030,14231,13265
20911,14231,13266
2558,14231,13267
17601,14259,13268
17601,14261,13269
17601,14265,13270
24196,14266,13271
19490,14266,13272
17601,14267,13273
23403,14268,13274
12173,14268,13275
10704,14268,13276
20235,14269,13277
16599,14269,13278
23302,14269,13279
17601,14270,13280
10678,14277,13281
11160,14277,13282
7570,14277,13283
24759,14278,13284
7081,14278,13285
23967,14282,13286
18842,14282,13287
6978,14282,13288
17601,14294,13289
10654,14296,13290
5357,14296,13291
9926,14296,13292
16618,14296,13293
17601,14301,13294
17601,14311,13295
1631,14313,13296
22288,14314,13297
6950,14314,13298
3958,14314,13299
9628,14315,13300
13224,14315,13301
19554,14318,13302
12187,14318,13303
21235,14322,13304
10704,14322,13305
19733,14322,13306
17601,14323,13307
16190,14324,13308
18119,14324,13309
23332,14324,13310
15076,14325,13311
8416,14325,13312
13520,14329,13313
18935,14329,13314
1194,14329,13315
20040,14334,13316
17601,14338,13317
17601,14339,13318
17601,14342,13319
24005,14343,13320
3448,14343,13321
19513,14343,13322
13089,14344,13323
16632,14344,13324
8384,14345,13325
16172,14345,13326
11156,14345,13327
12515,14346,13328
17601,14348,13329
3627,14350,13330
6143,14350,13331
2595,14350,13332
16821,14353,13333
17601,14360,13334
17601,14364,13335
10132,14365,13336
11668,14365,13337
14262,14366,13338
21386,14366,13339
13081,14366,13340
23322,14368,13341
12457,14368,13342
17797,14369,13343
5804,14369,13344
4801,14369,13345
6036,14373,13346
17601,14374,13347
17601,14378,13348
17601,14383,13349
17889,14384,13350
13198,14385,13351
1390,14385,13352
3703,14385,13353
17601,14388,13354
17601,14391,13355
1661,14393,13356
13095,14393,13357
12182,14393,13358
17601,14397,13359
17601,14400,13360
5529,14403,13361
11676,14403,13362
18715,14403,13363
6218,14403,13364
17601,14405,13365
17601,14408,13366
17601,14409,13367
24190,14410,13368
17165,14410,13369
833,14410,13370
3593,14413,13371
19208,14413,13372
11846,14413,13373
4532,14413,13374
19970,14413,13375
24120,14415,13376
18230,14415,13377
16624,14415,13378
24462,14415,13379
11160,14415,13380
16950,14417,13381
19782,14418,13382
4898,14418,13383
21156,14430,13384
18409,14430,13385
24319,14430,13386
8564,14430,13387
13461,14430,13388
2820,14430,13389
10378,14430,13390
6978,14430,13391
7529,14430,13392
23118,14430,13393
17601,14434,13394
24393,14439,13395
21305,14439,13396
24129,14439,13397
2210,14439,13398
7525,14439,13399
1985,14439,13400
12526,14439,13401
154,14443,13402
17035,14443,13403
16912,14443,13404
8808,14443,13405
18759,14443,13406
6622,14444,13407
23961,14444,13408
18910,14444,13409
16993,14444,13410
7864,14445,13411
8779,14445,13412
12514,14445,13413
16644,14445,13414
18130,14445,13415
14527,14445,13416
17783,14445,13417
4289,14448,13418
20566,14448,13419
21959,14448,13420
14685,14448,13421
8838,14448,13422
22404,14448,13423
1498,14448,13424
22026,14448,13425
18474,14448,13426
23984,14448,13427
17601,14449,13428
4415,14452,13429
24783,14452,13430
24685,14452,13431
2652,14452,13432
12173,14454,13433
7006,14454,13434
20987,14454,13435
21562,14454,13436
17601,14455,13437
7222,14458,13438
7656,14458,13439
19860,14458,13440
23423,14459,13441
12376,14463,13442
3938,14463,13443
1428,14463,13444
4844,14464,13445
4306,14464,13446
12514,14464,13447
16683,14464,13448
16238,14465,13449
16252,14465,13450
1810,14465,13451
20040,14466,13452
3734,14466,13453
2638,14466,13454
16174,14467,13455
20180,14467,13456
1536,14467,13457
19130,14469,13458
11501,14469,13459
14374,14469,13460
2645,14470,13461
7525,14479,13462
13759,14479,13463
17601,14480,13464
3370,14485,13465
4608,14485,13466
18090,14485,13467
17601,14486,13468
23478,14491,13469
15370,14491,13470
4399,14491,13471
10963,14491,13472
10684,14492,13473
7172,14492,13474
4417,14492,13475
13260,14494,13476
13426,14494,13477
21295,14494,13478
12133,14494,13479
17601,14496,13480
17601,14499,13481
17601,14502,13482
7615,14510,13483
15789,14510,13484
18459,14510,13485
21089,14510,13486
4014,14511,13487
6200,14511,13488
2848,14511,13489
5918,14511,13490
12376,14511,13491
15284,14511,13492
20442,14511,13493
19960,14511,13494
19003,14511,13495
24253,14513,13496
20336,14513,13497
15567,14513,13498
17601,14514,13499
17601,14515,13500
17601,14539,13501
24515,14543,13502
2824,14543,13503
8535,14543,13504
1144,14543,13505
1967,14543,13506
22159,14554,13507
5227,14554,13508
856,14554,13509
23423,14554,13510
16169,14554,13511
20092,14554,13512
16231,14554,13513
16884,14554,13514
11246,14554,13515
15875,14554,13516
19909,14562,13517
9606,14562,13518
8406,14562,13519
22401,14562,13520
18095,14562,13521
13988,14562,13522
1211,14562,13523
11797,14562,13524
225,14562,13525
11072,14562,13526
23206,14568,13527
21828,14568,13528
11882,14568,13529
13161,14568,13530
20110,14568,13531
8584,14568,13532
23326,14568,13533
6720,14568,13534
21388,14568,13535
17999,14568,13536
17238,14568,13537
19926,14568,13538
15860,14568,13539
13454,14568,13540
15323,14568,13541
3022,14570,13542
1050,14570,13543
11692,14570,13544
17601,14571,13545
6441,14572,13546
19860,14577,13547
11134,14577,13548
17601,14579,13549
17601,14580,13550
17601,14584,13551
13404,14585,13552
17157,14585,13553
15495,14585,13554
20429,14587,13555
5356,14589,13556
12572,14589,13557
22287,14589,13558
7525,14590,13559
506,14590,13560
19208,14590,13561
22721,14591,13562
6775,14591,13563
15404,14591,13564
7658,14592,13565
7656,14592,13566
12031,14592,13567
20170,14592,13568
17601,14606,13569
17601,14617,13570
3448,14619,13571
9284,14619,13572
17415,14619,13573
2605,14623,13574
18715,14623,13575
19009,14623,13576
17601,14624,13577
20181,14625,13578
2638,14625,13579
10000,14625,13580
1105,14626,13581
1091,14626,13582
778,14626,13583
8286,14627,13584
21456,14627,13585
10340,14627,13586
2857,14628,13587
4415,14628,13588
475,14628,13589
13419,14631,13590
18935,14631,13591
13270,14631,13592
17601,14632,13593
6136,14633,13594
16800,14633,13595
13981,14633,13596
21072,14635,13597
21239,14635,13598
3210,14639,13599
17005,14639,13600
15585,14639,13601
11272,14639,13602
4162,14642,13603
17268,14642,13604
16538,14642,13605
139,14643,13606
1059,14643,13607
16457,14643,13608
17601,14645,13609
1631,14647,13610
2834,14647,13611
3432,14647,13612
64,14649,13613
2645,14649,13614
18896,14649,13615
12285,14657,13616
6094,14657,13617
3637,14658,13618
7390,14658,13619
14992,14658,13620
17601,14659,13621
17601,14660,13622
10977,14661,13623
24,14661,13624
17601,14663,13625
17601,14666,13626
11329,14669,13627
1519,14669,13628
3734,14669,13629
17601,14672,13630
17601,14674,13631
17601,14676,13632
17601,14677,13633
13347,14678,13634
11501,14678,13635
19638,14678,13636
17601,14682,13637
24444,14683,13638
22468,14683,13639
4071,14683,13640
20429,14684,13641
6581,14684,13642
12656,14684,13643
17601,14687,13644
17601,14691,13645
20113,14694,13646
7267,14694,13647
20914,14694,13648
17601,14697,13649
18650,14698,13650
8404,14698,13651
24016,14698,13652
18387,14701,13653
16736,14701,13654
6418,14701,13655
18752,14704,13656
9781,14704,13657
2127,14704,13658
17601,14706,13659
17601,14707,13660
17601,14710,13661
17601,14711,13662
16241,14713,13663
7222,14713,13664
23368,14713,13665
17229,14713,13666
8848,14713,13667
22972,14716,13668
1564,14716,13669
4306,14716,13670
2605,14719,13671
9074,14719,13672
21826,14719,13673
21831,14719,13674
11941,14719,13675
23323,14722,13676
17601,14723,13677
17601,14724,13678
17601,14725,13679
8045,14731,13680
13227,14731,13681
17034,14731,13682
23225,14731,13683
23844,14731,13684
17993,14731,13685
17104,14731,13686
2000,14731,13687
17082,14731,13688
20609,14731,13689
17601,14732,13690
21386,14733,13691
6913,14733,13692
17742,14733,13693
18034,14733,13694
1992,14733,13695
1336,14733,13696
14795,14733,13697
8426,14738,13698
24675,14738,13699
10318,14738,13700
3668,14738,13701
8371,14738,13702
2434,14738,13703
20451,14738,13704
20030,14738,13705
12004,14738,13706
12549,14738,13707
20031,14739,13708
13721,14739,13709
19575,14739,13710
11470,14741,13711
22288,14741,13712
723,14741,13713
18514,14741,13714
12514,14741,13715
17601,14743,13716
19503,14744,13717
16064,14744,13718
2149,14744,13719
3678,14744,13720
13177,14747,13721
5455,14747,13722
232,14747,13723
3049,14747,13724
16874,14749,13725
5897,14749,13726
10340,14749,13727
4370,14749,13728
24337,14749,13729
22217,14749,13730
19682,14749,13731
18275,14752,13732
9695,14752,13733
7994,14752,13734
2625,14752,13735
24308,14752,13736
19005,14752,13737
17649,14755,13738
6798,14755,13739
14473,14755,13740
17601,14756,13741
13309,14757,13742
17601,14760,13743
3938,14762,13744
8404,14762,13745
11075,14763,13746
6368,14763,13747
21774,14763,13748
11778,14763,13749
6701,14763,13750
6714,14765,13751
2790,14765,13752
10453,14765,13753
12374,14766,13754
20297,14766,13755
8503,14768,13756
6656,14768,13757
23666,14768,13758
19429,14768,13759
10173,14769,13760
24253,14769,13761
22972,14769,13762
23566,14772,13763
17997,14772,13764
23195,14772,13765
16252,14777,13766
10000,14777,13767
21710,14777,13768
7773,14778,13769
1901,14778,13770
11569,14778,13771
22904,14778,13772
13759,14779,13773
23715,14779,13774
4540,14779,13775
20229,14779,13776
17601,14782,13777
21573,14783,13778
3392,14783,13779
12659,14783,13780
7619,14783,13781
21235,14786,13782
4370,14786,13783
11091,14786,13784
20181,14786,13785
13436,14789,13786
8213,14789,13787
4344,14789,13788
24356,14790,13789
19009,14790,13790
7081,14790,13791
11160,14790,13792
21089,14794,13793
14526,14794,13794
21104,14794,13795
20955,14795,13796
16876,14795,13797
23423,14795,13798
10685,14795,13799
19970,14799,13800
15789,14799,13801
20916,14799,13802
6267,14799,13803
13448,14799,13804
6947,14799,13805
6280,14799,13806
17601,14801,13807
24761,14806,13808
3002,14806,13809
11379,14806,13810
14239,14806,13811
17601,14807,13812
13419,14812,13813
15585,14812,13814
5078,14814,13815
20113,14814,13816
200,14814,13817
4760,14814,13818
961,14815,13819
2563,14815,13820
15259,14815,13821
20142,14815,13822
17601,14817,13823
10612,14824,13824
10704,14824,13825
19693,14824,13826
15843,14824,13827
9639,14824,13828
21343,14824,13829
17601,14833,13830
17601,14848,13831
181,14853,13832
23524,14853,13833
3203,14853,13834
20359,14853,13835
20647,14853,13836
10407,14853,13837
20118,14853,13838
14210,14853,13839
1059,14853,13840
480,14853,13841
4117,14853,13842
18596,14853,13843
6690,14853,13844
11553,14856,13845
13720,14856,13846
7272,14856,13847
12483,14856,13848
6989,14856,13849
17224,14856,13850
1088,14856,13851
9437,14856,13852
3429,14856,13853
5764,14856,13854
8510,14861,13855
8198,14861,13856
23757,14861,13857
17006,14861,13858
9287,14861,13859
14449,14861,13860
24532,14861,13861
4723,14861,13862
22056,14861,13863
14601,14861,13864
15512,14861,13865
14164,14861,13866
17084,14869,13867
1369,14869,13868
306,14869,13869
15896,14869,13870
10528,14869,13871
8085,14869,13872
7891,14869,13873
12791,14869,13874
21626,14876,13875
23366,14876,13876
18755,14876,13877
15841,14878,13878
10988,14878,13879
11479,14878,13880
8992,14879,13881
2662,14879,13882
916,14879,13883
10223,14881,13884
19782,14881,13885
17601,14883,13886
17601,14884,13887
20237,14892,13888
5828,14892,13889
11419,14894,13890
15613,14894,13891
21229,14894,13892
16532,14897,13893
12190,14897,13894
15857,14898,13895
7586,14898,13896
11479,14898,13897
12374,14899,13898
16683,14899,13899
14896,14909,13900
13790,14909,13901
21617,14909,13902
20412,14909,13903
337,14909,13904
23387,14909,13905
22176,14909,13906
6209,14909,13907
24460,14909,13908
13468,14909,13909
8323,14909,13910
8228,14909,13911
17601,14917,13912
5750,14924,13913
2884,14924,13914
8562,14924,13915
24235,14926,13916
11668,14926,13917
17601,14931,13918
9220,14932,13919
18768,14932,13920
16241,14932,13921
10250,14933,13922
9043,14933,13923
16460,14933,13924
19225,14937,13925
19128,14938,13926
21588,14938,13927
1390,14938,13928
17601,14939,13929
22108,14942,13930
10872,14942,13931
1487,14942,13932
7200,14944,13933
24360,14944,13934
2605,14944,13935
17601,14949,13936
3327,14951,13937
20618,14951,13938
17601,14952,13939
23356,14954,13940
8174,14954,13941
12955,14954,13942
23670,14956,13943
22770,14956,13944
198,14956,13945
17601,14957,13946
17601,14959,13947
17601,14964,13948
17601,14967,13949
8476,14969,13950
16682,14969,13951
14996,14969,13952
17601,14970,13953
13745,14971,13954
10622,14971,13955
2570,14971,13956
21010,14972,13957
23052,14972,13958
3119,14972,13959
10988,14973,13960
5093,14973,13961
6932,14973,13962
17601,14974,13963
8091,14975,13964
16644,14975,13965
7267,14975,13966
17601,14977,13967
17601,14979,13968
7044,14980,13969
13844,14980,13970
1049,14980,13971
17601,14981,13972
17601,14983,13973
17601,14984,13974
13404,14986,13975
10382,14986,13976
16736,14986,13977
11010,14986,13978
17601,14987,13979
17601,14988,13980
17601,14992,13981
17601,14993,13982
17601,14994,13983
10622,15000,13984
10977,15000,13985
18786,15000,13986
10879,15000,13987
18695,15001,13988
4278,15005,13989
13856,15005,13990
3439,15005,13991
3091,15006,13992
17802,15006,13993
3170,15006,13994
16025,15007,13995
16688,15007,13996
13525,15007,13997
20768,15008,13998
694,15008,13999
17601,15010,14000
21491,15012,14001
18510,15012,14002
7731,15012,14003
19539,15012,14004
16190,15013,14005
10959,15013,14006
13294,15013,14007
6293,15013,14008
10686,15015,14009
11272,15015,14010
22580,15015,14011
8905,15016,14012
11569,15016,14013
10341,15016,14014
2885,15017,14015
10704,15017,14016
24013,15017,14017
12457,15017,14018
20475,15019,14019
7267,15019,14020
4033,15019,14021
9533,15021,14022
11866,15021,14023
22932,15021,14024
19573,15021,14025
17601,15024,14026
12996,15026,14027
14371,15026,14028
3637,15026,14029
18143,15026,14030
18910,15029,14031
22987,15029,14032
5693,15029,14033
15192,15031,14034
1172,15031,14035
6211,15031,14036
13449,15031,14037
17601,15032,14038
17601,15034,14039
11866,15035,14040
17415,15035,14041
19733,15035,14042
4699,15035,14043
10201,15039,14044
15896,15039,14045
8170,15039,14046
4006,15039,14047
7488,15039,14048
23343,15041,14049
21786,15041,14050
19398,15041,14051
17601,15047,14052
17601,15055,14053
17601,15059,14054
17601,15060,14055
18484,15062,14056
14473,15062,14057
13520,15062,14058
12977,15062,14059
20096,15062,14060
17601,15064,14061
20916,15065,14062
19782,15065,14063
21131,15065,14064
10122,15065,14065
23654,15065,14066
16874,15065,14067
16252,15065,14068
1634,15066,14069
16196,15066,14070
21815,15066,14071
16227,15066,14072
14438,15066,14073
10371,15066,14074
22724,15066,14075
22288,15066,14076
4336,15066,14077
9695,15066,14078
20610,15067,14079
5240,15067,14080
17601,15068,14081
12567,15070,14082
2082,15070,14083
5415,15070,14084
6368,15071,14085
10988,15071,14086
14332,15071,14087
18559,15077,14088
21720,15077,14089
13199,15077,14090
17601,15080,14091
16532,15081,14092
18459,15081,14093
12182,15081,14094
21602,15084,14095
17601,15087,14096
10000,15091,14097
13846,15091,14098
17601,15093,14099
22833,15095,14100
24658,15095,14101
2977,15095,14102
12374,15098,14103
2595,15098,14104
1801,15098,14105
19499,15098,14106
17601,15099,14107
22089,15100,14108
16874,15100,14109
10340,15100,14110
12572,15101,14111
1272,15101,14112
14873,15101,14113
11464,15101,14114
15278,15102,14115
9502,15102,14116
12005,15102,14117
7770,15102,14118
20625,15102,14119
13986,15107,14120
4363,15107,14121
11001,15107,14122
21957,15107,14123
24251,15107,14124
21326,15107,14125
10520,15107,14126
17601,15108,14127
17601,15109,14128
8905,15111,14129
19149,15111,14130
15277,15111,14131
17601,15112,14132
17601,15117,14133
17601,15123,14134
17601,15135,14135
2595,15139,14136
4415,15139,14137
7338,15139,14138
3898,15139,14139
10000,15142,14140
9970,15142,14141
21456,15142,14142
6615,15142,14143
3472,15142,14144
10070,15142,14145
5735,15142,14146
1536,15142,14147
14989,15142,14148
3338,15145,14149
4040,15145,14150
16769,15145,14151
397,15145,14152
21290,15145,14153
17601,15166,14154
17601,15180,14155
7200,15181,14156
20703,15181,14157
18896,15181,14158
17601,15183,14159
19353,15185,14160
21310,15185,14161
8390,15186,14162
3938,15186,14163
4844,15186,14164
17601,15188,14165
20911,15191,14166
20950,15191,14167
5076,15191,14168
17601,15194,14169
14067,15196,14170
15876,15196,14171
15829,15196,14172
19009,15198,14173
8916,15198,14174
15955,15198,14175
8404,15199,14176
23368,15199,14177
23129,15199,14178
17601,15208,14179
17601,15220,14180
17601,15221,14181
21235,15222,14182
11843,15222,14183
8174,15222,14184
23478,15223,14185
21235,15223,14186
6143,15223,14187
21343,15225,14188
6441,15225,14189
17649,15225,14190
18506,15226,14191
15902,15226,14192
13316,15226,14193
13839,15226,14194
17601,15228,14195
17601,15231,14196
17601,15236,14197
6978,15237,14198
6714,15237,14199
23107,15243,14200
7421,15243,14201
24003,15243,14202
23206,15244,14203
3976,15244,14204
8905,15244,14205
17601,15245,14206
17601,15246,14207
24,15249,14208
9239,15249,14209
4472,15249,14210
434,15253,14211
11075,15253,14212
15120,15253,14213
12138,15253,14214
17601,15254,14215
1672,15255,14216
6087,15263,14217
17601,15264,14218
17601,15265,14219
6221,15266,14220
833,15266,14221
23538,15267,14222
20038,15267,14223
21594,15267,14224
11373,15268,14225
12937,15268,14226
10418,15268,14227
16782,15269,14228
3809,15269,14229
778,15269,14230
17601,15271,14231
6268,15272,14232
6913,15272,14233
3107,15272,14234
14449,15273,14235
1253,15273,14236
10398,15273,14237
13404,15274,14238
19860,15274,14239
15835,15274,14240
14749,15274,14241
17601,15275,14242
4645,15281,14243
7656,15281,14244
17537,15281,14245
17601,15290,14246
17601,15291,14247
17601,15294,14248
1536,15295,14249
10070,15295,14250
10000,15295,14251
6690,15296,14252
24665,15296,14253
3119,15296,14254
8174,15298,14255
8623,15298,14256
15076,15298,14257
17601,15300,14258
15228,15301,14259
3603,15301,14260
6712,15303,14261
8347,15303,14262
15948,15303,14263
17601,15304,14264
17601,15309,14265
17601,15311,14266
20183,15312,14267
2847,15312,14268
21890,15312,14269
13095,15314,14270
18830,15314,14271
13448,15314,14272
1105,15315,14273
20728,15315,14274
24324,15315,14275
18891,15316,14276
22189,15316,14277
22287,15316,14278
17601,15317,14279
24658,15319,14280
13547,15319,14281
4175,15319,14282
2769,15320,14283
10040,15320,14284
4407,15320,14285
17601,15324,14286
21577,15325,14287
24356,15325,14288
21957,15325,14289
11846,15325,14290
17601,15330,14291
17601,15333,14292
20852,15335,14293
1390,15335,14294
18842,15335,14295
15986,15335,14296
7269,15335,14297
6103,15335,14298
10453,15335,14299
7453,15336,14300
18430,15336,14301
20873,15336,14302
10572,15336,14303
11076,15337,14304
9424,15337,14305
22148,15337,14306
18083,15337,14307
4898,15337,14308
17601,15338,14309
12849,15339,14310
3236,15339,14311
13001,15339,14312
17601,15343,14313
13758,15345,14314
5675,15345,14315
4898,15345,14316
22267,15345,14317
7172,15345,14318
1702,15345,14319
14321,15346,14320
18720,15346,14321
16575,15346,14322
6292,15346,14323
7024,15346,14324
15686,15346,14325
2039,15346,14326
1059,15352,14327
13022,15352,14328
6267,15352,14329
20180,15352,14330
23478,15352,14331
15857,15355,14332
6622,15355,14333
24658,15357,14334
6143,15357,14335
13554,15357,14336
4740,15357,14337
9248,15357,14338
6441,15360,14339
20181,15360,14340
8916,15360,14341
8905,15360,14342
17601,15363,14343
17601,15365,14344
13290,15366,14345
12398,15366,14346
16443,15366,14347
10908,15366,14348
15591,15366,14349
3435,15366,14350
21669,15366,14351
23485,15366,14352
18728,15366,14353
6050,15366,14354
17601,15367,14355
9505,15369,14356
19499,15369,14357
21341,15369,14358
16230,15370,14359
13753,15370,14360
5523,15370,14361
5973,15375,14362
24223,15375,14363
4280,15375,14364
6932,15377,14365
20296,15377,14366
3386,15377,14367
9505,15377,14368
3965,15378,14369
9162,15378,14370
4617,15378,14371
3937,15379,14372
8779,15379,14373
19963,15383,14374
4842,15383,14375
7938,15383,14376
17601,15387,14377
5356,15388,14378
12195,15388,14379
22069,15388,14380
21528,15388,14381
17601,15391,14382
11184,15393,14383
1640,15393,14384
3129,15393,14385
13732,15393,14386
4382,15393,14387
7931,15393,14388
19970,15393,14389
856,15396,14390
15048,15396,14391
11692,15396,14392
17601,15398,14393
8891,15400,14394
1354,15400,14395
9317,15400,14396
14449,15401,14397
723,15401,14398
20053,15401,14399
3423,15401,14400
22624,15401,14401
4420,15402,14402
504,15402,14403
12526,15402,14404
572,15402,14405
15727,15405,14406
16775,15405,14407
20850,15405,14408
17601,15407,14409
17601,15412,14410
17601,15416,14411
17601,15419,14412
5230,15424,14413
10452,15424,14414
10068,15430,14415
243,15430,14416
8347,15430,14417
20737,15430,14418
1644,15430,14419
8263,15436,14420
18559,15436,14421
2623,15461,14422
11756,15461,14423
2419,15461,14424
20952,15461,14425
17601,15465,14426
5966,15469,14427
17294,15469,14428
12772,15469,14429
18330,15469,14430
11109,15469,14431
16308,15469,14432
7345,15469,14433
8476,15469,14434
23136,15469,14435
14410,15469,14436
4988,15469,14437
7607,15469,14438
12047,15469,14439
18606,15469,14440
21994,15469,14441
18378,15469,14442
1,15469,14443
3322,15469,14444
16425,15469,14445
17601,15479,14446
8511,15481,14447
16564,15481,14448
18506,15481,14449
18232,15485,14450
13815,15488,14451
18876,15490,14452
13448,15491,14453
18945,15491,14454
298,15492,14455
10681,15492,14456
18588,15492,14457
12189,15493,14458
2351,15493,14459
2188,15493,14460
10453,15496,14461
4359,15496,14462
10995,15496,14463
13874,15498,14464
15248,15498,14465
6622,15498,14466
17415,15499,14467
681,15499,14468
19513,15499,14469
1035,15501,14470
833,15502,14471
18347,15502,14472
17165,15502,14473
10453,15508,14474
13392,15508,14475
19797,15508,14476
17601,15510,14477
13419,15528,14478
15841,15528,14479
10977,15528,14480
21710,15528,14481
4645,15529,14482
19405,15529,14483
4897,15529,14484
13022,15530,14485
3272,15530,14486
11871,15530,14487
21775,15531,14488
9239,15531,14489
17601,15532,14490
7200,15534,14491
21235,15534,14492
16241,15534,14493
12007,15534,14494
23811,15537,14495
19568,15537,14496
17737,15537,14497
22313,15538,14498
9387,15538,14499
3063,15538,14500
17601,15539,14501
23695,15540,14502
11329,15540,14503
6180,15541,14504
4721,15541,14505
21113,15541,14506
17446,15544,14507
13874,15544,14508
13404,15544,14509
17601,15545,14510
5227,15547,14511
9325,15547,14512
6441,15548,14513
22038,15548,14514
199,15550,14515
23695,15550,14516
4848,15550,14517
18974,15550,14518
2456,15551,14519
2638,15551,14520
2977,15551,14521
20180,15551,14522
6615,15551,14523
22912,15551,14524
11329,15553,14525
16599,15553,14526
12374,15553,14527
17601,15555,14528
7140,15556,14529
17001,15556,14530
10872,15556,14531
13604,15556,14532
21781,15556,14533
4830,15557,14534
17415,15557,14535
9389,15557,14536
8623,15558,14537
6143,15558,14538
17226,15558,14539
18588,15561,14540
3938,15561,14541
1584,15561,14542
2847,15561,14543
8404,15562,14544
3107,15562,14545
12457,15562,14546
17601,15563,14547
19259,15565,14548
17601,15566,14549
23715,15568,14550
24,15568,14551
2570,15568,14552
16682,15568,14553
23423,15569,14554
8704,15569,14555
15116,15569,14556
18083,15571,14557
19860,15571,14558
12374,15571,14559
2795,15572,14560
19995,15572,14561
4181,15574,14562
4540,15574,14563
3436,15574,14564
10988,15575,14565
2605,15575,14566
20423,15575,14567
12457,15576,14568
13631,15576,14569
15278,15576,14570
12462,15576,14571
15495,15576,14572
164,15577,14573
12400,15577,14574
1470,15577,14575
17890,15582,14576
10340,15582,14577
15353,15582,14578
1488,15583,14579
18535,15583,14580
3212,15584,14581
17922,15584,14582
21851,15584,14583
11555,15584,14584
4260,15585,14585
16174,15585,14586
8779,15585,14587
7586,15585,14588
17601,15587,14589
13177,15588,14590
10047,15588,14591
1050,15588,14592
7944,15588,14593
6267,15588,14594
458,15590,14595
23129,15590,14596
16683,15590,14597
11085,15590,14598
21291,15592,14599
14660,15592,14600
22910,15592,14601
17601,15593,14602
2605,15594,14603
18455,15594,14604
12208,15594,14605
454,15595,14606
16230,15595,14607
24025,15595,14608
16599,15598,14609
19259,15598,14610
1059,15598,14611
17601,15602,14612
17601,15605,14613
3392,15606,14614
16301,15606,14615
16230,15606,14616
17601,15608,14617
2577,15612,14618
10878,15612,14619
6964,15612,14620
17601,15613,14621
17601,15614,14622
18726,15615,14623
16397,15615,14624
12581,15615,14625
5328,15616,14626
16060,15616,14627
8971,15616,14628
17601,15623,14629
1702,15627,14630
15555,15627,14631
2175,15627,14632
11389,15630,14633
22981,15630,14634
10064,15630,14635
11086,15632,14636
24005,15632,14637
5828,15632,14638
17601,15634,14639
8221,15635,14640
1007,15635,14641
23805,15635,14642
21562,15636,14643
10637,15636,14644
17601,15638,14645
19009,15640,14646
9604,15640,14647
11866,15640,14648
17601,15645,14649
17601,15647,14650
17601,15650,14651
17601,15651,14652
17601,15653,14653
17601,15654,14654
17601,15657,14655
17707,15659,14656
12141,15659,14657
6206,15659,14658
1536,15660,14659
17601,15661,14660
17601,15662,14661
11608,15663,14662
21386,15663,14663
3349,15663,14664
17601,15664,14665
17601,15668,14666
17601,15669,14667
15160,15671,14668
15254,15671,14669
715,15671,14670
17601,15673,14671
7081,15677,14672
14332,15677,14673
13309,15677,14674
12141,15677,14675
18051,15678,14676
17375,15678,14677
804,15678,14678
10715,15678,14679
10054,15682,14680
2637,15682,14681
13745,15685,14682
8905,15685,14683
8954,15685,14684
17997,15685,14685
15303,15687,14686
1416,15687,14687
24636,15690,14688
19272,15690,14689
4761,15696,14690
24289,15696,14691
18103,15696,14692
7769,15696,14693
961,15696,14694
1050,15696,14695
17354,15696,14696
20914,15696,14697
13419,15697,14698
20882,15697,14699
10995,15697,14700
4045,15697,14701
8018,15697,14702
6103,15697,14703
17601,15700,14704
18733,15701,14705
8992,15703,14706
22148,15703,14707
19244,15703,14708
17601,15704,14709
17601,15706,14710
12906,15707,14711
23168,15707,14712
4934,15707,14713
22288,15707,14714
6792,15709,14715
18244,15709,14716
3185,15709,14717
8581,15709,14718
4457,15709,14719
10974,15709,14720
14832,15709,14721
7159,15709,14722
17601,15711,14723
14614,15713,14724
8289,15713,14725
6169,15713,14726
14245,15713,14727
2530,15713,14728
1106,15713,14729
8421,15713,14730
14074,15713,14731
232,15713,14732
15048,15713,14733
17601,15723,14734
8984,15728,14735
10622,15728,14736
4899,15728,14737
11935,15728,14738
9468,15728,14739
18935,15728,14740
8011,15728,14741
16828,15728,14742
16359,15728,14743
1338,15728,14744
723,15728,14745
12462,15729,14746
14025,15729,14747
11159,15729,14748
10880,15729,14749
2944,15729,14750
19463,15729,14751
7456,15729,14752
5735,15729,14753
13408,15729,14754
1105,15729,14755
17601,15730,14756
24235,15734,14757
15278,15734,14758
7581,15738,14759
4472,15738,14760
20181,15740,14761
18083,15740,14762
15731,15743,14763
20643,15743,14764
506,15743,14765
23144,15744,14766
2143,15744,14767
10911,15744,14768
6689,15745,14769
6268,15745,14770
16241,15745,14771
17601,15746,14772
17601,15747,14773
17601,15749,14774
15987,15752,14775
23138,15752,14776
13000,15754,14777
9602,15754,14778
9505,15754,14779
17601,15755,14780
23702,15756,14781
3418,15756,14782
10672,15756,14783
9824,15756,14784
17601,15758,14785
8808,15760,14786
139,15760,14787
16448,15760,14788
1251,15760,14789
3873,15760,14790
13474,15764,14791
22100,15764,14792
6913,15764,14793
21456,15764,14794
14382,15766,14795
6307,15766,14796
21354,15769,14797
10628,15769,14798
1006,15769,14799
21781,15770,14800
3448,15770,14801
9323,15770,14802
17601,15773,14803
17601,15776,14804
19293,15779,14805
5378,15779,14806
3706,15779,14807
4844,15779,14808
9950,15779,14809
7032,15779,14810
17601,15782,14811
14272,15786,14812
7011,15786,14813
20054,15786,14814
23663,15786,14815
10253,15788,14816
14496,15788,14817
2405,15788,14818
14568,15788,14819
13194,15788,14820
5469,15788,14821
20594,15788,14822
15317,15788,14823
18449,15788,14824
4073,15791,14825
6720,15791,14826
17138,15791,14827
17601,15794,14828
10409,15800,14829
24386,15800,14830
14172,15800,14831
19656,15800,14832
22844,15800,14833
17601,15802,14834
17055,15807,14835
22889,15807,14836
765,15807,14837
23371,15807,14838
23130,15811,14839
12660,15811,14840
6180,15817,14841
2232,15817,14842
24658,15817,14843
10904,15817,14844
10663,15817,14845
12513,15817,14846
24787,15817,14847
20180,15817,14848
5925,15821,14849
23344,15821,14850
11002,15821,14851
17759,15833,14852
20491,15833,14853
23034,15833,14854
24249,15833,14855
24139,15833,14856
18715,15833,14857
358,15833,14858
8511,15833,14859
10122,15833,14860
6648,15833,14861
13028,15833,14862
13145,15833,14863
6227,15833,14864
2476,15833,14865
13505,15833,14866
11638,15836,14867
19876,15836,14868
13662,15836,14869
1492,15836,14870
3853,15836,14871
11639,15836,14872
8049,15836,14873
12127,15836,14874
22834,15838,14875
17808,15838,14876
20134,15838,14877
16874,15838,14878
13919,15838,14879
8384,15838,14880
16845,15838,14881
2289,15838,14882
24282,15838,14883
7109,15838,14884
4382,15838,14885
23554,15838,14886
22964,15838,14887
24463,15838,14888
2620,15838,14889
10034,15838,14890
2278,15838,14891
22998,15843,14892
2567,15843,14893
2605,15843,14894
3302,15843,14895
21596,15843,14896
356,15843,14897
10137,15843,14898
19500,15843,14899
5476,15843,14900
20556,15843,14901
7690,15847,14902
20265,15847,14903
14903,15847,14904
23502,15847,14905
10187,15847,14906
12506,15847,14907
9846,15847,14908
24007,15847,14909
21012,15847,14910
293,15847,14911
19160,15851,14912
22211,15851,14913
12278,15851,14914
10758,15851,14915
19801,15851,14916
15904,15851,14917
15565,15851,14918
9720,15851,14919
7622,15851,14920
15033,15851,14921
17293,15851,14922
10318,15854,14923
9284,15854,14924
3107,15857,14925
3898,15857,14926
20916,15857,14927
1159,15860,14928
9502,15860,14929
13063,15860,14930
4954,15862,14931
10373,15862,14932
20433,15862,14933
17601,15863,14934
17601,15864,14935
13198,15865,14936
16846,15865,14937
7140,15867,14938
3958,15867,14939
23967,15867,14940
22497,15869,14941
21354,15869,14942
2880,15869,14943
17601,15870,14944
17601,15872,14945
17649,15873,14946
23938,15873,14947
2030,15873,14948
23403,15874,14949
12013,15874,14950
4181,15874,14951
22904,15875,14952
5443,15875,14953
4399,15876,14954
11028,15876,14955
10626,15878,14956
1033,15878,14957
20191,15878,14958
9470,15897,14959
18556,15897,14960
10572,15897,14961
6117,15897,14962
120,15897,14963
24818,15897,14964
21372,15897,14965
10788,15897,14966
10704,15897,14967
4181,15897,14968
12376,15904,14969
4617,15904,14970
2999,15904,14971
17601,15905,14972
17601,15911,14973
9079,15912,14974
9337,15912,14975
23703,15912,14976
1801,15915,14977
23277,15916,14978
7363,15916,14979
11545,15916,14980
10223,15917,14981
17001,15917,14982
9239,15917,14983
21606,15919,14984
18001,15919,14985
21594,15919,14986
9073,15919,14987
22914,15919,14988
24303,15920,14989
1664,15920,14990
23129,15920,14991
21902,15920,14992
8455,15920,14993
17601,15921,14994
17601,15922,14995
17601,15923,14996
17601,15928,14997
17601,15930,14998
17601,15931,14999
24203,15932,15000
20737,15932,15001
13714,15932,15002
18664,15932,15003
6413,15932,15004
11194,15932,15005
10313,15934,15006
11447,15934,15007
2641,15934,15008
17601,15936,15009
17601,15937,15010
1479,15938,15011
24769,15938,15012
22668,15938,15013
17601,15939,15014
12374,15940,15015
4844,15940,15016
12457,15940,15017
17707,15940,15018
24480,15944,15019
23698,15944,15020
24769,15944,15021
17601,15945,15022
17601,15948,15023
23368,15950,15024
4898,15950,15025
21235,15950,15026
17601,15952,15027
12386,15954,15028
7185,15954,15029
2858,15954,15030
7656,15955,15031
506,15955,15032
2885,15955,15033
6473,15956,15034
13198,15956,15035
16249,15956,15036
3199,15956,15037
13309,15958,15038
23302,15958,15039
2884,15958,15040
17601,15960,15041
17601,15961,15042
17601,15963,15043
22503,15964,15044
8476,15965,15045
2884,15965,15046
18910,15965,15047
17601,15967,15048
15585,15970,15049
525,15970,15050
24289,15970,15051
98,15971,15052
22108,15971,15053
11441,15971,15054
17601,15972,15055
20402,15973,15056
17105,15973,15057
11187,15973,15058
22287,15974,15059
455,15974,15060
1701,15974,15061
22741,15975,15062
4650,15975,15063
21205,15975,15064
1606,15978,15065
5572,15978,15066
23842,15981,15067
18007,15981,15068
17601,15985,15069
8808,15986,15070
22337,15986,15071
20552,15986,15072
14697,15989,15073
23178,15989,15074
6798,15989,15075
15857,15990,15076
24798,15990,15077
11762,15990,15078
17601,15991,15079
17601,15992,15080
17165,15995,15081
23201,15995,15082
22336,15995,15083
16688,15998,15084
4214,15998,15085
13988,16001,15086
6411,16001,15087
20433,16001,15088
16599,16003,15089
4399,16003,15090
1155,16003,15091
7222,16004,15092
6334,16004,15093
18842,16004,15094
17601,16007,15095
14371,16013,15096
199,16013,15097
21456,16013,15098
17601,16014,15099
1340,16015,15100
12216,16015,15101
12345,16015,15102
19989,16017,15103
17601,16019,15104
17601,16020,15105
13745,16022,15106
16394,16022,15107
20518,16022,15108
17601,16023,15109
17601,16025,15110
17601,16030,15111
12977,16031,15112
8592,16031,15113
4896,16031,15114
17034,16033,15115
16457,16033,15116
2847,16033,15117
17601,16034,15118
17601,16040,15119
12514,16041,15120
1730,16041,15121
15841,16041,15122
22287,16045,15123
10684,16045,15124
20641,16045,15125
24851,16046,15126
12001,16046,15127
15427,16046,15128
18041,16051,15129
10096,16051,15130
18224,16051,15131
5844,16052,15132
3943,16052,15133
2726,16052,15134
22823,16054,15135
13744,16054,15136
20229,16054,15137
9284,16056,15138
11551,16056,15139
21442,16056,15140
199,16059,15141
13441,16059,15142
20859,16059,15143
3637,16060,15144
23302,16060,15145
19138,16060,15146
23138,16062,15147
23322,16062,15148
17601,16063,15149
17601,16066,15150
17601,16067,15151
17601,16069,15152
7474,16070,15153
6471,16070,15154
17601,16071,15155
17601,16074,15156
22,16075,15157
16163,16075,15158
23284,16075,15159
3473,16075,15160
21262,16075,15161
3493,16075,15162
9859,16078,15163
9951,16078,15164
22633,16078,15165
18501,16078,15166
4196,16078,15167
17601,16079,15168
5963,16080,15169
313,16080,15170
312,16080,15171
11141,16080,15172
20929,16081,15173
18460,16081,15174
22915,16081,15175
2040,16081,15176
11779,16083,15177
24052,16083,15178
7220,16085,15179
21235,16085,15180
20987,16085,15181
20235,16085,15182
8011,16085,15183
21366,16085,15184
4868,16085,15185
16375,16085,15186
1810,16085,15187
9220,16085,15188
4370,16085,15189
16845,16086,15190
11778,16086,15191
20508,16086,15192
1105,16086,15193
8175,16086,15194
2159,16088,15195
14605,16088,15196
13126,16088,15197
4173,16088,15198
21841,16088,15199
1913,16094,15200
1191,16095,15201
1361,16095,15202
16588,16095,15203
17510,16095,15204
1426,16095,15205
2176,16095,15206
23013,16095,15207
8021,16095,15208
13066,16095,15209
21505,16095,15210
17601,16102,15211
17601,16103,15212
17601,16104,15213
20919,16105,15214
2409,16105,15215
18593,16105,15216
12941,16105,15217
21807,16105,15218
21213,16105,15219
8121,16105,15220
4404,16105,15221
5175,16105,15222
21980,16105,15223
1509,16106,15224
6841,16106,15225
17601,16107,15226
17601,16108,15227
16922,16110,15228
16148,16110,15229
3130,16110,15230
14488,16110,15231
21966,16110,15232
4981,16110,15233
18820,16111,15234
8458,16111,15235
22240,16111,15236
23086,16111,15237
6652,16111,15238
446,16111,15239
17601,16114,15240
17601,16118,15241
9307,16119,15242
2544,16119,15243
17601,16123,15244
3938,16124,15245
3107,16124,15246
3062,16125,15247
6167,16125,15248
23177,16125,15249
3309,16128,15250
16525,16128,15251
3497,16128,15252
4472,16129,15253
9505,16129,15254
21235,16129,15255
17702,16131,15256
7208,16131,15257
15937,16131,15258
17601,16133,15259
3272,16136,15260
1730,16136,15261
8916,16136,15262
525,16136,15263
12133,16136,15264
17601,16137,15265
10681,16138,15266
13631,16138,15267
20073,16138,15268
20336,16140,15269
1541,16140,15270
900,16140,15271
14989,16146,15272
16682,16146,15273
19089,16146,15274
3354,16146,15275
10631,16148,15276
11827,16148,15277
19476,16148,15278
10607,16148,15279
17601,16150,15280
6668,16152,15281
19379,16152,15282
10202,16152,15283
14208,16152,15284
9975,16153,15285
22217,16153,15286
23283,16153,15287
4682,16153,15288
23326,16155,15289
19499,16155,15290
17319,16157,15291
1175,16174,15292
24023,16174,15293
12036,16174,15294
21939,16174,15295
8593,16174,15296
17601,16179,15297
22206,16182,15298
20243,16182,15299
20433,16182,15300
20628,16182,15301
2939,16200,15302
12249,16200,15303
8260,16200,15304
2675,16200,15305
2546,16200,15306
14284,16200,15307
8714,16200,15308
11821,16200,15309
18664,16200,15310
23401,16200,15311
20174,16200,15312
11498,16220,15313
17804,16220,15314
22915,16220,15315
22497,16226,15316
10345,16226,15317
13000,16226,15318
4844,16227,15319
17375,16227,15320
18842,16227,15321
11359,16229,15322
7616,16229,15323
17601,16230,15324
17601,16231,15325
6155,16232,15326
12812,16232,15327
11585,16232,15328
6473,16236,15329
6270,16236,15330
1861,16236,15331
24223,16237,15332
24236,16237,15333
10963,16237,15334
10878,16238,15335
2595,16239,15336
4472,16239,15337
20643,16239,15338
10803,16240,15339
7471,16240,15340
2497,16240,15341
7291,16240,15342
7681,16240,15343
23994,16240,15344
24533,16240,15345
13759,16240,15346
6104,16240,15347
3951,16240,15348
17401,16241,15349
6275,16241,15350
19960,16242,15351
22915,16242,15352
11160,16242,15353
9468,16250,15354
16541,16250,15355
20737,16250,15356
17601,16251,15357
6544,16258,15358
16892,16258,15359
14961,16258,15360
7747,16258,15361
6562,16258,15362
5090,16258,15363
17601,16260,15364
17601,16273,15365
17601,16274,15366
8404,16276,15367
16174,16276,15368
1050,16276,15369
17601,16277,15370
11866,16279,15371
11778,16279,15372
22806,16281,15373
20508,16281,15374
24327,16281,15375
17601,16282,15376
4956,16283,15377
11692,16283,15378
2880,16283,15379
17601,16284,15380
19782,16286,15381
11479,16286,15382
17601,16288,15383
20628,16290,15384
7276,16290,15385
5443,16290,15386
20636,16293,15387
16674,16293,15388
21019,16296,15389
5204,16296,15390
17601,16297,15391
21080,16298,15392
17553,16298,15393
20469,16298,15394
10458,16299,15395
23138,16299,15396
1801,16301,15397
4897,16301,15398
20508,16301,15399
1536,16301,15400
10921,16303,15401
20321,16303,15402
3862,16303,15403
4740,16303,15404
17601,16305,15405
17601,16306,15406
6268,16309,15407
12627,16309,15408
21312,16309,15409
18051,16309,15410
4407,16311,15411
14062,16311,15412
14449,16311,15413
11866,16314,15414
12523,16314,15415
13000,16314,15416
11848,16316,15417
3101,16316,15418
11025,16316,15419
4898,16318,15420
9504,16318,15421
19860,16318,15422
14107,16319,15423
2734,16319,15424
2880,16319,15425
11819,16319,15426
17601,16321,15427
17601,16323,15428
19009,16327,15429
8992,16327,15430
20181,16327,15431
17601,16328,15432
23635,16329,15433
17649,16330,15434
21343,16330,15435
2662,16330,15436
10962,16332,15437
3210,16332,15438
9253,16332,15439
22313,16332,15440
10320,16333,15441
18812,16333,15442
20643,16333,15443
17601,16334,15444
14449,16338,15445
17601,16339,15446
17601,16340,15447
21354,16346,15448
17601,16350,15449
17601,16351,15450
10000,16352,15451
9604,16352,15452
1536,16352,15453
14143,16355,15454
15144,16355,15455
15706,16355,15456
17601,16360,15457
21113,16365,15458
13550,16365,15459
5151,16365,15460
2573,16366,15461
5540,16366,15462
4341,16368,15463
15770,16368,15464
17071,16368,15465
9502,16370,15466
20518,16370,15467
19094,16370,15468
13022,16371,15469
8476,16371,15470
20204,16372,15471
3887,16372,15472
2159,16372,15473
13224,16374,15474
13476,16374,15475
15859,16374,15476
17601,16375,15477
23329,16377,15478
19068,16377,15479
10345,16377,15480
14839,16379,15481
14107,16379,15482
10872,16379,15483
24665,16380,15484
19009,16380,15485
24223,16380,15486
17601,16382,15487
17601,16385,15488
17601,16388,15489
17601,16389,15490
24798,16390,15491
12141,16390,15492
17474,16391,15493
6447,16391,15494
10305,16391,15495
20628,16393,15496
7276,16393,15497
5443,16393,15498
8694,16395,15499
23129,16395,15500
17601,16396,15501
17601,16399,15502
1861,16400,15503
16493,16400,15504
11498,16400,15505
17601,16405,15506
1801,16407,15507
23326,16407,15508
17707,16407,15509
4382,16407,15510
23514,16408,15511
13184,16408,15512
18083,16408,15513
13411,16408,15514
13392,16408,15515
16039,16408,15516
16599,16408,15517
1420,16408,15518
1977,16408,15519
10316,16408,15520
11421,16408,15521
17601,16411,15522
17601,16412,15523
17601,16413,15524
17601,16414,15525
17601,16416,15526
17601,16417,15527
11778,16418,15528
12173,16418,15529
16457,16418,15530
3898,16423,15531
12977,16423,15532
11187,16423,15533
17601,16424,15534
17601,16425,15535
17601,16427,15536
3119,16431,15537
14449,16431,15538
21562,16431,15539
15254,16432,15540
24495,16432,15541
1657,16432,15542
11448,16433,15543
16547,16433,15544
13068,16433,15545
17601,16434,15546
17601,16435,15547
6080,16438,15548
21133,16438,15549
298,16438,15550
4897,16441,15551
888,16441,15552
18588,16442,15553
14238,16442,15554
12400,16442,15555
17601,16446,15556
8029,16447,15557
19690,16447,15558
354,16447,15559
1471,16447,15560
18162,16447,15561
16862,16447,15562
8826,16447,15563
16846,16447,15564
3526,16447,15565
7276,16448,15566
17997,16448,15567
10988,16448,15568
1801,16448,15569
14749,16448,15570
20643,16448,15571
20040,16453,15572
7368,16453,15573
23645,16453,15574
23213,16453,15575
22332,16453,15576
5860,16455,15577
17115,16455,15578
5033,16455,15579
4691,16455,15580
17601,16457,15581
17601,16458,15582
5828,16460,15583
18690,16460,15584
1045,16460,15585
21070,16460,15586
7524,16460,15587
4408,16461,15588
18429,16461,15589
19647,16461,15590
9604,16461,15591
17985,16461,15592
10189,16464,15593
21487,16464,15594
13000,16464,15595
22998,16464,15596
17601,16466,15597
12514,16470,15598
7937,16470,15599
12007,16470,15600
10910,16470,15601
778,16472,15602
12618,16472,15603
3031,16472,15604
842,16472,15605
16644,16472,15606
22319,16472,15607
2895,16472,15608
17601,16480,15609
17601,16483,15610
23815,16484,15611
12622,16484,15612
3174,16484,15613
13948,16484,15614
7394,16484,15615
13578,16484,15616
15041,16488,15617
2041,16488,15618
3448,16488,15619
5184,16488,15620
19688,16488,15621
19692,16488,15622
6622,16488,15623
4073,16488,15624
7099,16488,15625
292,16488,15626
3537,16488,15627
17601,16490,15628
15585,16491,15629
916,16491,15630
23170,16491,15631
11160,16496,15632
1471,16496,15633
10935,16496,15634
2476,16498,15635
11156,16498,15636
132,16498,15637
20731,16498,15638
17601,16499,15639
11492,16500,15640
10867,16500,15641
11025,16500,15642
17601,16501,15643
17601,16502,15644
17601,16504,15645
17601,16505,15646
14062,16506,15647
20296,16506,15648
14405,16506,15649
14062,16507,15650
12552,16507,15651
20628,16507,15652
5386,16508,15653
23250,16508,15654
21010,16508,15655
11676,16509,15656
20228,16509,15657
13244,16509,15658
6746,16511,15659
1995,16511,15660
1091,16511,15661
23043,16512,15662
17601,16513,15663
17034,16514,15664
22038,16514,15665
662,16514,15666
7631,16518,15667
13387,16518,15668
21343,16518,15669
12370,16518,15670
7944,16518,15671
8905,16522,15672
18051,16522,15673
10560,16522,15674
17601,16525,15675
12006,16531,15676
5925,16531,15677
12021,16531,15678
2655,16531,15679
22508,16531,15680
17005,16531,15681
17601,16532,15682
12400,16533,15683
6690,16533,15684
10684,16533,15685
17998,16536,15686
8220,16536,15687
6817,16536,15688
24235,16536,15689
8923,16536,15690
6304,16536,15691
298,16537,15692
14989,16537,15693
4532,16537,15694
15495,16537,15695
3579,16540,15696
2054,16540,15697
14246,16540,15698
10691,16540,15699
7681,16545,15700
9830,16545,15701
8347,16545,15702
18105,16545,15703
10647,16545,15704
1810,16551,15705
13419,16551,15706
18344,16551,15707
8564,16551,15708
17601,16553,15709
17601,16554,15710
22779,16557,15711
20987,16557,15712
16683,16557,15713
4898,16557,15714
4740,16559,15715
1873,16559,15716
20321,16559,15717
23334,16559,15718
2830,16559,15719
17601,16561,15720
16242,16574,15721
7349,16574,15722
9082,16574,15723
22235,16574,15724
16528,16574,15725
13845,16574,15726
189,16574,15727
5395,16574,15728
5745,16578,15729
16344,16578,15730
770,16578,15731
10294,16578,15732
5732,16578,15733
18606,16578,15734
23255,16578,15735
11757,16578,15736
23125,16579,15737
9628,16579,15738
13436,16579,15739
18451,16579,15740
2668,16579,15741
3441,16579,15742
13294,16579,15743
4934,16580,15744
13294,16580,15745
20135,16580,15746
2848,16580,15747
9248,16580,15748
8192,16586,15749
20429,16586,15750
4327,16586,15751
2399,16586,15752
16279,16586,15753
15283,16586,15754
18004,16586,15755
13544,16590,15756
21623,16590,15757
14385,16590,15758
7899,16590,15759
11957,16590,15760
7003,16590,15761
14449,16590,15762
18786,16590,15763
20380,16590,15764
20905,16590,15765
23842,16590,15766
4741,16590,15767
1483,16590,15768
5291,16590,15769
5997,16590,15770
19511,16597,15771
24379,16597,15772
17822,16597,15773
12110,16597,15774
15537,16597,15775
14209,16597,15776
22770,16597,15777
20125,16597,15778
18582,16597,15779
15719,16597,15780
7418,16597,15781
679,16597,15782
2882,16597,15783
5529,16597,15784
258,16597,15785
5721,16597,15786
10185,16597,15787
17601,16609,15788
15353,16614,15789
23669,16614,15790
21302,16614,15791
13259,16616,15792
13404,16616,15793
11730,16616,15794
17601,16617,15795
7814,16618,15796
12534,16618,15797
17051,16618,15798
17571,16619,15799
10686,16619,15800
11272,16619,15801
16046,16621,15802
20474,16621,15803
20987,16622,15804
12190,16622,15805
5367,16624,15806
20019,16624,15807
21235,16625,15808
14062,16625,15809
4658,16626,15810
5306,16626,15811
8416,16626,15812
11931,16627,15813
23549,16627,15814
22699,16627,15815
17601,16628,15816
3937,16631,15817
16825,16637,15818
7788,16637,15819
23174,16637,15820
13434,16637,15821
10317,16637,15822
8790,16637,15823
21313,16637,15824
17639,16637,15825
6710,16637,15826
7070,16637,15827
15964,16653,15828
13350,16653,15829
3832,16653,15830
17601,16654,15831
17649,16658,15832
17601,16659,15833
4844,16660,15834
23969,16660,15835
10977,16660,15836
17601,16662,15837
21139,16663,15838
17601,16665,15839
17601,16667,15840
12572,16668,15841
16347,16668,15842
7885,16668,15843
19960,16668,15844
1,16671,15845
12310,16671,15846
17601,16675,15847
3668,16677,15848
19138,16677,15849
18715,16677,15850
20859,16682,15851
24360,16682,15852
19259,16682,15853
16777,16683,15854
23322,16683,15855
17601,16685,15856
17601,16687,15857
11447,16688,15858
7714,16688,15859
11075,16688,15860
17601,16690,15861
17601,16694,15862
13286,16698,15863
13284,16698,15864
24235,16699,15865
3003,16699,15866
6778,16699,15867
21343,16700,15868
4721,16700,15869
11479,16700,15870
17601,16701,15871
14130,16704,15872
6689,16705,15873
1801,16705,15874
18083,16705,15875
8300,16705,15876
17601,16706,15877
17601,16707,15878
4328,16708,15879
9212,16708,15880
22336,16708,15881
4103,16711,15882
17734,16711,15883
10673,16711,15884
17601,16712,15885
1631,16714,15886
19796,16714,15887
4173,16714,15888
17601,16715,15889
20181,16716,15890
16493,16716,15891
20297,16716,15892
6920,16719,15893
621,16719,15894
1536,16721,15895
4844,16721,15896
14626,16721,15897
11099,16722,15898
20023,16722,15899
11479,16722,15900
6720,16723,15901
12514,16723,15902
22215,16723,15903
19513,16725,15904
24601,16725,15905
12007,16725,15906
9387,16728,15907
15742,16728,15908
11692,16728,15909
17601,16731,15910
21681,16733,15911
9130,16733,15912
3938,16733,15913
1280,16735,15914
23951,16735,15915
7486,16735,15916
2571,16744,15917
8455,16744,15918
21902,16744,15919
2175,16746,15920
3637,16746,15921
17601,16748,15922
17601,16751,15923
12240,16752,15924
1001,16752,15925
15789,16752,15926
20793,16753,15927
20271,16757,15928
7757,16757,15929
14336,16757,15930
14051,16757,15931
16002,16757,15932
23413,16757,15933
24125,16757,15934
20336,16757,15935
7064,16757,15936
7988,16757,15937
18892,16758,15938
9213,16758,15939
12366,16760,15940
11686,16760,15941
17908,16760,15942
12453,16765,15943
18998,16765,15944
6103,16766,15945
11762,16766,15946
10313,16769,15947
17468,16769,15948
21720,16769,15949
11091,16775,15950
3285,16775,15951
1810,16775,15952
13064,16777,15953
16991,16777,15954
20626,16777,15955
17601,16779,15956
17601,16784,15957
17601,16785,15958
17601,16790,15959
17601,16791,15960
23961,16792,15961
18910,16792,15962
6622,16792,15963
11333,16793,15964
5072,16793,15965
17890,16798,15966
5043,16798,15967
5679,16798,15968
17601,16799,15969
16233,16800,15970
14251,16800,15971
10457,16800,15972
2175,16801,15973
13022,16801,15974
17601,16802,15975
11938,16806,15976
20641,16806,15977
10223,16809,15978
2605,16809,15979
8347,16809,15980
17601,16811,15981
18058,16813,15982
1450,16813,15983
5558,16813,15984
17601,16815,15985
11160,16817,15986
16721,16817,15987
22497,16817,15988
3637,16818,15989
6714,16818,15990
17105,16818,15991
17601,16819,15992
13754,16820,15993
13550,16820,15994
21113,16820,15995
17601,16821,15996
24236,16823,15997
23746,16823,15998
13745,16823,15999
21235,16828,16000
24176,16829,16001
23670,16829,16002
17904,16829,16003
4870,16829,16004
24820,16829,16005
1194,16829,16006
7312,16830,16007
13730,16830,16008
10640,16830,16009
17601,16831,16010
17601,16832,16011
17601,16836,16012
17601,16841,16013
961,16843,16014
13053,16843,16015
20372,16843,16016
10622,16843,16017
17601,16844,16018
9131,16845,16019
19598,16845,16020
19582,16845,16021
16782,16845,16022
13518,16845,16023
40,16845,16024
4295,16845,16025
9695,16845,16026
6402,16845,16027
5230,16845,16028
17601,16853,16029
24810,16855,16030
12246,16855,16031
22784,16855,16032
23647,16855,16033
6679,16858,16034
24003,16858,16035
9380,16859,16036
12817,16859,16037
8947,16859,16038
14444,16860,16039
14118,16860,16040
6084,16860,16041
22904,16860,16042
16319,16860,16043
24370,16860,16044
4395,16860,16045
2289,16860,16046
382,16860,16047
8673,16861,16048
23213,16861,16049
18891,16861,16050
17672,16861,16051
3119,16863,16052
7586,16863,16053
20703,16863,16054
17415,16865,16055
8476,16865,16056
2143,16865,16057
20191,16865,16058
1505,16865,16059
24,16865,16060
17601,16866,16061
5262,16870,16062
6572,16870,16063
17601,16871,16064
5433,16872,16065
15853,16872,16066
19128,16872,16067
10382,16872,16068
1338,16872,16069
5859,16872,16070
11870,16872,16071
18786,16876,16072
10988,16876,16073
10073,16876,16074
13000,16876,16075
17601,16881,16076
17601,16883,16077
17601,16886,16078
167,16887,16079
5878,16887,16080
14599,16887,16081
17027,16887,16082
10900,16887,16083
19148,16887,16084
19629,16887,16085
19326,16887,16086
18832,16887,16087
22003,16887,16088
8436,16888,16089
2880,16890,16090
11912,16890,16091
9990,16890,16092
2027,16892,16093
12457,16892,16094
14527,16892,16095
17601,16893,16096
4073,16898,16097
11938,16898,16098
9628,16898,16099
6714,16899,16100
17601,16900,16101
12465,16903,16102
7387,16903,16103
7006,16903,16104
209,16903,16105
17601,16904,16106
22434,16906,16107
11414,16906,16108
17601,16908,16109
17601,16909,16110
13753,16912,16111
7616,16912,16112
16394,16912,16113
6928,16912,16114
1701,16915,16115
11867,16915,16116
24089,16916,16117
17601,16917,16118
17601,16918,16119
17601,16922,16120
17601,16923,16121
17384,16931,16122
21772,16931,16123
17601,16936,16124
8655,16957,16125
8818,16957,16126
5002,16957,16127
23144,16957,16128
13744,16957,16129
20927,16957,16130
14213,16964,16131
13638,16964,16132
5909,16964,16133
5341,16964,16134
12242,16964,16135
344,16964,16136
6929,16964,16137
12237,16964,16138
6473,16964,16139
6286,16964,16140
8199,16964,16141
9277,16964,16142
9284,16964,16143
10532,16964,16144
4240,16964,16145
3996,16964,16146
4505,16964,16147
3716,16964,16148
3573,16981,16149
13622,16981,16150
575,16981,16151
22947,16981,16152
22069,16981,16153
2304,16981,16154
10706,16981,16155
3435,16981,16156
14553,16981,16157
14261,16981,16158
9016,16981,16159
15520,16981,16160
12216,16981,16161
1551,16981,16162
15394,16986,16163
23368,16986,16164
2885,16986,16165
17601,16989,16166
11938,16992,16167
4641,16992,16168
16688,16992,16169
11319,16995,16170
21626,16995,16171
18958,16995,16172
4898,16998,16173
2605,16998,16174
390,16998,16175
298,17000,16176
17649,17000,16177
10000,17000,16178
4420,17001,16179
15965,17001,16180
17601,17021,16181
8296,17029,16182
2099,17029,16183
3734,17029,16184
3389,17029,16185
8267,17031,16186
24662,17031,16187
11441,17031,16188
17601,17032,16189
13396,17034,16190
17789,17034,16191
3913,17034,16192
9468,17035,16193
16683,17035,16194
17945,17035,16195
18051,17035,16196
3537,17037,16197
14619,17037,16198
5816,17039,16199
2072,17039,16200
16599,17040,16201
3477,17040,16202
23715,17040,16203
12761,17041,16204
839,17041,16205
1873,17042,16206
3976,17042,16207
17601,17044,16208
10681,17046,16209
22313,17046,16210
4721,17046,16211
17601,17047,16212
15460,17050,16213
7656,17052,16214
17649,17052,16215
20703,17052,16216
19893,17053,16217
5386,17053,16218
20950,17053,16219
18083,17057,16220
3632,17057,16221
14099,17057,16222
6180,17058,16223
10443,17058,16224
6212,17058,16225
12198,17058,16226
2570,17059,16227
3965,17059,16228
4527,17059,16229
10345,17059,16230
19183,17060,16231
11831,17060,16232
20457,17060,16233
1661,17062,16234
804,17062,16235
18779,17062,16236
21017,17063,16237
24025,17063,16238
18842,17063,16239
23052,17063,16240
17601,17064,16241
17601,17065,16242
10300,17066,16243
21967,17066,16244
4754,17066,16245
10659,17067,16246
9446,17067,16247
5081,17067,16248
20987,17067,16249
4472,17068,16250
394,17068,16251
11002,17068,16252
17253,17070,16253
16476,17070,16254
17254,17070,16255
17601,17072,16256
8360,17076,16257
11692,17076,16258
19499,17076,16259
13095,17077,16260
6167,17077,16261
18715,17077,16262
18415,17077,16263
8702,17078,16264
22668,17078,16265
1715,17078,16266
5386,17081,16267
14978,17081,16268
17601,17082,16269
17601,17083,16270
11974,17085,16271
18512,17085,16272
4831,17085,16273
23684,17085,16274
17354,17086,16275
14436,17086,16276
2699,17087,16277
22538,17087,16278
17536,17087,16279
17756,17087,16280
11768,17088,16281
12552,17090,16282
9284,17090,16283
19003,17090,16284
8404,17091,16285
2880,17091,16286
3976,17091,16287
17601,17092,16288
17601,17095,16289
7140,17097,16290
17601,17101,16291
17601,17103,16292
17601,17104,16293
17601,17105,16294
17601,17106,16295
7200,17110,16296
4306,17110,16297
6102,17112,16298
20950,17112,16299
6304,17112,16300
18749,17115,16301
16985,17115,16302
17601,17117,16303
22915,17118,16304
20181,17118,16305
8916,17118,16306
16457,17119,16307
12182,17119,16308
21681,17119,16309
16688,17120,16310
18459,17120,16311
10000,17120,16312
21010,17121,16313
20737,17121,16314
13986,17122,16315
7616,17122,16316
17601,17123,16317
17601,17125,16318
17601,17129,16319
20914,17135,16320
17601,17137,16321
16848,17138,16322
7384,17138,16323
6714,17140,16324
23052,17140,16325
17601,17143,16326
519,17144,16327
15652,17144,16328
23978,17144,16329
17601,17147,16330
17601,17149,16331
17601,17151,16332
17601,17155,16333
24798,17159,16334
10340,17159,16335
5540,17159,16336
8416,17163,16337
11160,17163,16338
1701,17163,16339
17601,17166,16340
17601,17167,16341
17601,17168,16342
5378,17169,16343
22284,17169,16344
1698,17169,16345
23713,17169,16346
12627,17170,16347
11160,17170,16348
5515,17170,16349
17601,17171,16350
1689,17172,16351
9281,17172,16352
6143,17172,16353
17601,17178,16354
17601,17180,16355
8220,17181,16356
1059,17181,16357
23811,17181,16358
4942,17182,16359
19413,17182,16360
18935,17182,16361
17601,17183,16362
17601,17186,16363
17601,17188,16364
13392,17189,16365
1730,17189,16366
17649,17189,16367
17601,17190,16368
17601,17191,16369
9994,17192,16370
24270,17192,16371
23305,17192,16372
17601,17194,16373
17034,17196,16374
8916,17196,16375
20181,17196,16376
14453,17198,16377
9131,17198,16378
10068,17198,16379
15572,17199,16380
9201,17199,16381
2504,17199,16382
17601,17202,16383
17601,17204,16384
17601,17207,16385
6798,17208,16386
24262,17208,16387
21058,17208,16388
12374,17208,16389
19568,17208,16390
16139,17208,16391
15146,17208,16392
298,17208,16393
2847,17208,16394
10879,17208,16395
7671,17208,16396
9180,17208,16397
3604,17210,16398
5944,17210,16399
7576,17210,16400
9091,17210,16401
10049,17210,16402
22439,17210,16403
24510,17210,16404
20336,17210,16405
1431,17210,16406
14288,17210,16407
1087,17212,16408
6347,17212,16409
17601,17213,16410
17601,17215,16411
17601,17216,16412
17601,17221,16413
17601,17222,16414
18160,17223,16415
18301,17223,16416
9788,17223,16417
14507,17223,16418
17601,17224,16419
22659,17227,16420
10489,17227,16421
13167,17227,16422
13193,17227,16423
13267,17227,16424
21683,17227,16425
17037,17227,16426
7200,17227,16427
4532,17227,16428
17963,17227,16429
20737,17228,16430
3958,17228,16431
7269,17228,16432
18051,17228,16433
18459,17231,16434
455,17231,16435
16111,17231,16436
16759,17231,16437
10345,17231,16438
22284,17231,16439
11329,17231,16440
15074,17231,16441
22287,17231,16442
10740,17231,16443
8992,17234,16444
12291,17234,16445
98,17234,16446
7650,17234,16447
17440,17234,16448
12676,17234,16449
5871,17234,16450
20386,17234,16451
16731,17234,16452
16768,17234,16453
11741,17235,16454
8295,17235,16455
10602,17235,16456
24307,17235,16457
20343,17235,16458
18819,17235,16459
21883,17235,16460
17601,17238,16461
17601,17240,16462
10340,17241,16463
17001,17241,16464
19499,17241,16465
17138,17241,16466
17601,17243,16467
17601,17244,16468
17601,17245,16469
17601,17249,16470
17601,17253,16471
17601,17255,16472
3962,17257,16473
12005,17257,16474
5386,17257,16475
11871,17259,16476
22338,17259,16477
4416,17259,16478
10788,17261,16479
10340,17261,16480
12366,17264,16481
2411,17264,16482
13722,17264,16483
17805,17264,16484
21343,17265,16485
12374,17265,16486
13000,17265,16487
17601,17266,16488
9597,17269,16489
13903,17273,16490
8363,17273,16491
12195,17274,16492
14444,17274,16493
11010,17274,16494
17601,17286,16495
2616,17293,16496
12374,17293,16497
5927,17293,16498
21239,17293,16499
20180,17294,16500
5232,17294,16501
12514,17294,16502
14497,17294,16503
18455,17294,16504
18830,17294,16505
4699,17301,16506
10988,17301,16507
17537,17301,16508
8916,17306,16509
18451,17306,16510
7656,17306,16511
11866,17306,16512
21993,17308,16513
18559,17308,16514
6395,17308,16515
885,17308,16516
17601,17310,16517
23055,17312,16518
11861,17312,16519
3477,17312,16520
3448,17312,16521
4198,17312,16522
1096,17312,16523
13436,17313,16524
12187,17313,16525
12790,17313,16526
17172,17315,16527
21957,17315,16528
6420,17315,16529
9468,17315,16530
16644,17315,16531
10616,17315,16532
10686,17315,16533
16325,17315,16534
22108,17315,16535
13642,17316,16536
7222,17316,16537
4908,17316,16538
22779,17316,16539
885,17316,16540
6418,17316,16541
18552,17322,16542
22190,17322,16543
17692,17322,16544
7328,17322,16545
7094,17323,16546
14670,17323,16547
16397,17323,16548
22136,17323,16549
15004,17323,16550
3371,17326,16551
22481,17326,16552
1000,17326,16553
24303,17326,16554
14472,17326,16555
4966,17326,16556
21334,17326,16557
21580,17326,16558
14241,17326,16559
3417,17326,16560
11722,17335,16561
11730,17335,16562
16025,17335,16563
21775,17339,16564
4149,17339,16565
4721,17339,16566
6919,17340,16567
19885,17340,16568
10626,17340,16569
4436,17341,16570
10070,17341,16571
1644,17343,16572
19773,17343,16573
17601,17345,16574
18272,17346,16575
21596,17346,16576
21200,17346,16577
17500,17346,16578
665,17346,16579
17698,17346,16580
17601,17349,16581
5125,17353,16582
18891,17356,16583
24337,17356,16584
9604,17357,16585
9874,17357,16586
1487,17357,16587
19080,17359,16588
10659,17359,16589
1155,17359,16590
8802,17363,16591
15362,17363,16592
12522,17363,16593
7944,17364,16594
11091,17364,16595
4181,17364,16596
17601,17365,16597
20181,17366,16598
16985,17366,16599
23746,17366,16600
17601,17368,16601
6622,17370,16602
20502,17370,16603
12908,17370,16604
5227,17372,16605
13824,17372,16606
18347,17372,16607
916,17374,16608
4898,17374,16609
13404,17374,16610
17601,17375,16611
16918,17376,16612
21734,17376,16613
17601,17377,16614
17601,17378,16615
18535,17381,16616
13631,17381,16617
22497,17381,16618
24838,17382,16619
17034,17382,16620
13198,17382,16621
3770,17383,16622
14342,17383,16623
24416,17383,16624
1631,17385,16625
11721,17385,16626
20737,17385,16627
17601,17392,16628
8583,17393,16629
17299,17393,16630
13238,17393,16631
17601,17394,16632
23570,17395,16633
16220,17395,16634
7049,17395,16635
17214,17396,16636
10313,17396,16637
20296,17396,16638
2436,17397,16639
11992,17397,16640
5679,17397,16641
1730,17399,16642
16745,17399,16643
11075,17399,16644
7750,17402,16645
23456,17402,16646
24769,17402,16647
17601,17403,16648
4721,17404,16649
2885,17404,16650
11156,17405,16651
20073,17405,16652
19690,17405,16653
9029,17405,16654
4658,17407,16655
16683,17407,16656
11935,17407,16657
12198,17407,16658
9387,17408,16659
19723,17408,16660
11686,17408,16661
10729,17409,16662
2880,17409,16663
6167,17409,16664
14921,17409,16665
5921,17410,16666
1255,17410,16667
3899,17410,16668
21505,17410,16669
14130,17414,16670
13404,17414,16671
14062,17414,16672
21343,17414,16673
23177,17414,16674
7299,17414,16675
9692,17416,16676
23628,17419,16677
3550,17419,16678
24247,17419,16679
10052,17421,16680
4837,17421,16681
18715,17422,16682
3021,17422,16683
19080,17422,16684
2270,17423,16685
12888,17423,16686
18664,17426,16687
18483,17426,16688
6450,17426,16689
6270,17427,16690
19625,17427,16691
21017,17427,16692
17601,17428,16693
6622,17429,16694
4658,17429,16695
20508,17429,16696
21354,17429,16697
15841,17430,16698
21133,17430,16699
21295,17430,16700
14343,17430,16701
14815,17431,16702
15448,17431,16703
8575,17431,16704
19153,17434,16705
3455,17434,16706
12138,17434,16707
804,17434,16708
2638,17436,16709
6581,17436,16710
6829,17436,16711
24489,17437,16712
18357,17437,16713
2197,17437,16714
11778,17440,16715
24262,17440,16716
19128,17442,16717
24196,17442,16718
2662,17443,16719
16721,17443,16720
23715,17445,16721
8926,17445,16722
13419,17446,16723
3439,17446,16724
17601,17450,16725
17601,17451,16726
17601,17452,16727
9281,17453,16728
4898,17453,16729
2769,17453,16730
17601,17455,16731
19749,17456,16732
7714,17458,16733
6432,17458,16734
11682,17459,16735
17852,17459,16736
12779,17459,16737
7656,17461,16738
9505,17461,16739
1182,17465,16740
21781,17465,16741
23213,17465,16742
20219,17467,16743
21391,17467,16744
4513,17467,16745
17426,17468,16746
17601,17469,16747
23715,17472,16748
7570,17472,16749
7616,17472,16750
1017,17473,16751
17172,17473,16752
13195,17473,16753
17601,17474,16754
17601,17475,16755
17908,17476,16756
19952,17476,16757
19468,17476,16758
5540,17479,16759
24235,17479,16760
1634,17479,16761
17601,17480,16762
17601,17481,16763
16394,17484,16764
11757,17484,16765
961,17484,16766
3119,17485,16767
24665,17485,16768
12627,17485,16769
17601,17486,16770
17601,17487,16771
17601,17490,16772
17601,17493,16773
12062,17494,16774
11816,17494,16775
6778,17494,16776
17601,17496,16777
12656,17497,16778
916,17497,16779
20667,17497,16780
21058,17498,16781
3938,17498,16782
7338,17498,16783
17601,17501,16784
17601,17505,16785
17601,17508,16786
16985,17509,16787
23842,17509,16788
10223,17509,16789
17601,17510,16790
19554,17511,16791
14697,17511,16792
7081,17511,16793
17601,17518,16794
7008,17520,16795
20641,17520,16796
10378,17520,16797
17601,17524,16798
17601,17525,16799
19733,17526,16800
3958,17526,16801
18415,17526,16802
17601,17527,16803
17601,17528,16804
16683,17535,16805
7200,17535,16806
5704,17535,16807
6088,17538,16808
15370,17538,16809
11544,17538,16810
11618,17538,16811
10053,17538,16812
6622,17538,16813
10909,17538,16814
10229,17538,16815
10661,17538,16816
10420,17538,16817
16184,17538,16818
15887,17538,16819
3190,17538,16820
24257,17538,16821
18596,17538,16822
17650,17538,16823
3210,17539,16824
3421,17539,16825
17601,17540,16826
24783,17543,16827
9639,17543,16828
10909,17543,16829
17601,17547,16830
660,17548,16831
11011,17548,16832
17601,17549,16833
11692,17552,16834
20180,17552,16835
5093,17552,16836
6413,17552,16837
22379,17552,16838
19722,17552,16839
10572,17557,16840
13642,17557,16841
240,17557,16842
11226,17557,16843
13520,17557,16844
3876,17557,16845
7175,17557,16846
6860,17558,16847
10345,17558,16848
23213,17558,16849
525,17558,16850
23547,17559,16851
7616,17559,16852
21295,17559,16853
12960,17559,16854
9970,17559,16855
17601,17560,16856
4956,17566,16857
1079,17566,16858
8954,17566,16859
13419,17566,16860
16491,17568,16861
23645,17568,16862
14371,17568,16863
961,17568,16864
22210,17568,16865
22257,17568,16866
16326,17568,16867
17601,17570,16868
6052,17574,16869
2035,17574,16870
11969,17574,16871
20553,17574,16872
17823,17574,16873
19483,17577,16874
21386,17577,16875
2128,17577,16876
10340,17577,16877
23805,17577,16878
18259,17579,16879
6402,17579,16880
9835,17579,16881
2019,17579,16882
22915,17579,16883
4897,17579,16884
17601,17580,16885
17601,17581,16886
9934,17584,16887
9733,17584,16888
14976,17584,16889
13875,17584,16890
17601,17585,16891
19800,17590,16892
4955,17590,16893
22983,17590,16894
5537,17590,16895
8647,17590,16896
9139,17590,16897
14327,17590,16898
17601,17592,16899
6581,17594,16900
20914,17594,16901
3199,17596,16902
10340,17596,16903
16571,17596,16904
4157,17597,16905
10443,17597,16906
11328,17597,16907
1701,17597,16908
4645,17597,16909
18230,17599,16910
14251,17599,16911
11692,17599,16912
19208,17600,16913
13064,17600,16914
8008,17601,16915
298,17601,16916
3976,17603,16917
19960,17603,16918
19860,17603,16919
4658,17604,16920
14332,17604,16921
23322,17604,16922
17601,17605,16923
23150,17606,16924
7879,17606,16925
9504,17608,16926
887,17608,16927
21010,17608,16928
17601,17609,16929
17107,17615,16930
3275,17617,16931
10248,17617,16932
24211,17617,16933
15284,17618,16934
13759,17618,16935
20562,17618,16936
18780,17618,16937
11218,17619,16938
15955,17619,16939
24417,17620,16940
6622,17620,16941
24,17622,16942
12190,17622,16943
9389,17622,16944
21235,17622,16945
12238,17623,16946
12577,17623,16947
6473,17623,16948
20739,17625,16949
15278,17625,16950
20871,17625,16951
17601,17627,16952
17601,17628,16953
17601,17629,16954
17601,17630,16955
17601,17631,16956
6270,17632,16957
2570,17632,16958
2999,17632,16959
298,17632,16960
10977,17639,16961
18891,17639,16962
15370,17639,16963
17601,17642,16964
24196,17644,16965
1059,17644,16966
10984,17644,16967
7546,17647,16968
10715,17647,16969
918,17647,16970
14473,17647,16971
21354,17647,16972
15284,17648,16973
23368,17648,16974
12376,17648,16975
2848,17648,16976
674,17649,16977
17884,17649,16978
20532,17649,16979
17601,17650,16980
17601,17653,16981
2885,17654,16982
455,17654,16983
8779,17654,16984
14202,17654,16985
8025,17655,16986
12260,17655,16987
9532,17656,16988
12514,17656,16989
21452,17656,16990
12958,17656,16991
21513,17656,16992
525,17656,16993
13744,17656,16994
18051,17658,16995
4691,17658,16996
9639,17658,16997
3771,17662,16998
15742,17662,16999
687,17662,17000
8416,17662,17001
10458,17662,17002
17601,17667,17003
17601,17671,17004
154,17677,17005
499,17677,17006
17601,17705,17007
21919,17708,17008
10533,17708,17009
11435,17711,17010
16174,17711,17011
24838,17711,17012
10382,17712,17013
1701,17712,17014
12552,17712,17015
2807,17713,17016
10917,17713,17017
24,17715,17018
98,17715,17019
3976,17715,17020
15442,17716,17021
17601,17717,17022
17601,17718,17023
17601,17720,17024
7681,17721,17025
14065,17721,17026
20387,17721,17027
17601,17722,17028
22222,17723,17029
23076,17723,17030
11424,17723,17031
9029,17724,17032
9162,17724,17033
24485,17724,17034
5300,17724,17035
12537,17724,17036
17610,17724,17037
17601,17728,17038
19413,17729,17039
3637,17730,17040
23423,17730,17041
6203,17733,17042
23354,17733,17043
16352,17733,17044
18715,17734,17045
8404,17734,17046
5918,17734,17047
17601,17736,17048
17601,17737,17049
17601,17740,17050
19137,17741,17051
9289,17741,17052
19568,17741,17053
17601,17742,17054
4306,17744,17055
8583,17744,17056
17775,17744,17057
17601,17747,17058
22175,17748,17059
17601,17751,17060
17601,17752,17061
17601,17753,17062
11971,17754,17063
16669,17755,17064
13573,17755,17065
22610,17755,17066
9990,17759,17067
11479,17759,17068
11843,17759,17069
11187,17760,17070
18910,17760,17071
2153,17760,17072
21252,17760,17073
5059,17761,17074
1855,17761,17075
11756,17762,17076
12374,17765,17077
15857,17765,17078
14546,17765,17079
17649,17765,17080
6615,17765,17081
10681,17765,17082
17985,17766,17083
21840,17766,17084
12953,17766,17085
6570,17767,17086
17601,17768,17087
17601,17770,17088
17601,17772,17089
8220,17773,17090
20331,17773,17091
16230,17774,17092
525,17774,17093
23423,17774,17094
17601,17775,17095
17601,17776,17096
17601,17778,17097
6418,17780,17098
12514,17780,17099
6842,17783,17100
9411,17783,17101
5125,17784,17102
4956,17785,17103
8575,17785,17104
4328,17785,17105
8980,17786,17106
20183,17786,17107
16683,17786,17108
6143,17787,17109
21577,17787,17110
22217,17787,17111
18567,17788,17112
3432,17788,17113
17601,17789,17114
24356,17790,17115
5523,17790,17116
4540,17790,17117
10628,17790,17118
19408,17792,17119
12858,17792,17120
24169,17792,17121
1873,17794,17122
11866,17794,17123
20859,17794,17124
24262,17794,17125
916,17797,17126
18051,17797,17127
20914,17797,17128
21235,17799,17129
8623,17799,17130
2847,17799,17131
23144,17801,17132
8404,17801,17133
11846,17801,17134
298,17802,17135
17165,17802,17136
21010,17803,17137
16683,17803,17138
8562,17804,17139
5293,17804,17140
17375,17805,17141
8642,17805,17142
2475,17806,17143
8476,17807,17144
12682,17807,17145
12031,17807,17146
23322,17808,17147
17601,17809,17148
21317,17812,17149
20108,17812,17150
6102,17815,17151
4675,17815,17152
6689,17817,17153
15495,17817,17154
16493,17818,17155
9281,17818,17156
2175,17819,17157
21354,17819,17158
11272,17823,17159
10070,17823,17160
16644,17823,17161
17601,17824,17162
17601,17825,17163
5913,17826,17164
11730,17826,17165
17601,17828,17166
2614,17830,17167
434,17830,17168
887,17830,17169
5355,17832,17170
19970,17832,17171
8939,17832,17172
9506,17834,17173
13177,17834,17174
7917,17834,17175
23052,17838,17176
6143,17838,17177
17601,17843,17178
4423,17844,17179
21188,17844,17180
1155,17845,17181
2638,17845,17182
18588,17845,17183
17601,17847,17184
20572,17848,17185
1861,17850,17186
4472,17850,17187
20929,17850,17188
2571,17851,17189
11194,17851,17190
13759,17851,17191
17601,17852,17192
10977,17853,17193
24360,17853,17194
22336,17853,17195
17601,17855,17196
7656,17858,17197
23322,17858,17198
2350,17858,17199
19499,17859,17200
15841,17859,17201
298,17859,17202
8220,17861,17203
6304,17861,17204
24685,17862,17205
21840,17862,17206
4415,17862,17207
17084,17863,17208
17446,17863,17209
6463,17863,17210
10705,17865,17211
16253,17865,17212
20229,17865,17213
2462,17867,17214
17601,17869,17215
17601,17870,17216
8106,17871,17217
24262,17871,17218
9372,17871,17219
17601,17877,17220
21840,17881,17221
17985,17881,17222
21456,17881,17223
17601,17883,17224
17601,17884,17225
16252,17885,17226
64,17888,17227
3119,17888,17228
1634,17888,17229
17601,17889,17230
17601,17894,17231
19259,17895,17232
4829,17897,17233
17331,17897,17234
4238,17897,17235
17601,17899,17236
5750,17900,17237
6091,17900,17238
1079,17900,17239
31,17901,17240
17601,17902,17241
2416,17904,17242
22060,17904,17243
23018,17904,17244
17601,17909,17245
1801,17910,17246
18496,17910,17247
4196,17910,17248
22740,17911,17249
20303,17911,17250
10916,17911,17251
17601,17912,17252
17601,17913,17253
8286,17917,17254
17929,17917,17255
17998,17917,17256
9527,17917,17257
5230,17917,17258
17601,17920,17259
64,17921,17260
11578,17921,17261
16782,17921,17262
20987,17921,17263
16781,17921,17264
10715,17921,17265
10993,17921,17266
6565,17921,17267
8296,17921,17268
10073,17921,17269
11692,17922,17270
4848,17922,17271
7615,17922,17272
7267,17922,17273
17601,17923,17274
10232,17927,17275
11673,17927,17276
22267,17927,17277
8039,17927,17278
24776,17927,17279
20429,17927,17280
21476,17927,17281
24787,17930,17282
21111,17930,17283
5511,17930,17284
6416,17930,17285
18387,17930,17286
20964,17930,17287
8161,17930,17288
14982,17930,17289
3645,17930,17290
17601,17932,17291
2847,17933,17292
16174,17933,17293
11730,17933,17294
6327,17933,17295
8404,17933,17296
3938,17933,17297
2987,17933,17298
9501,17933,17299
10783,17933,17300
16688,17934,17301
10678,17934,17302
16644,17934,17303
15859,17934,17304
11485,17934,17305
21545,17934,17306
9890,17934,17307
2232,17934,17308
842,17934,17309
1059,17934,17310
17601,17935,17311
17601,17937,17312
17601,17938,17313
17161,17939,17314
21156,17939,17315
11994,17939,17316
12635,17939,17317
17601,17943,17318
17601,17944,17319
16241,17945,17320
6180,17945,17321
18083,17945,17322
16624,17945,17323
2848,17950,17324
9604,17950,17325
7656,17950,17326
17945,17950,17327
22108,17950,17328
10704,17952,17329
2570,17952,17330
19488,17952,17331
18387,17952,17332
17601,17953,17333
15742,17954,17334
18347,17954,17335
7694,17954,17336
3064,17954,17337
20774,17954,17338
722,17954,17339
11188,17954,17340
12238,17954,17341
17601,17956,17342
15006,17958,17343
17237,17958,17344
15051,17958,17345
15417,17958,17346
2664,17958,17347
3928,17958,17348
6385,17958,17349
12122,17958,17350
11481,17958,17351
19816,17958,17352
4280,17959,17353
10672,17959,17354
19682,17959,17355
20950,17961,17356
13037,17961,17357
14589,17961,17358
6148,17963,17359
6167,17963,17360
12310,17963,17361
3637,17964,17362
5390,17964,17363
14332,17964,17364
2476,17965,17365
19208,17965,17366
6798,17965,17367
3234,17966,17368
18779,17966,17369
11982,17966,17370
24173,17967,17371
13370,17967,17372
1488,17968,17373
11011,17971,17374
19568,17971,17375
17737,17971,17376
19488,17973,17377
20135,17973,17378
1631,17973,17379
9468,17975,17380
6180,17975,17381
10047,17975,17382
19259,17976,17383
12512,17976,17384
17601,17977,17385
22806,17978,17386
4472,17978,17387
7222,17978,17388
21312,17978,17389
18537,17979,17390
17972,17979,17391
24783,17979,17392
22362,17980,17393
23248,17980,17394
22822,17980,17395
21366,17980,17396
17601,17984,17397
7052,17986,17398
18051,17986,17399
14251,17986,17400
13614,17987,17401
16220,17987,17402
13579,17987,17403
17601,17988,17404
17601,17989,17405
17601,17990,17406
5973,17993,17407
16394,17993,17408
15076,17993,17409
3778,17994,17410
10686,17994,17411
1194,17994,17412
24201,17997,17413
24157,17997,17414
1810,17997,17415
6742,17998,17416
6963,17998,17417
3654,17998,17418
23862,17999,17419
15741,17999,17420
3801,17999,17421
17601,18000,17422
10933,18003,17423
17145,18003,17424
17131,18003,17425
3084,18003,17426
17210,18003,17427
23323,18005,17428
4415,18005,17429
19782,18005,17430
16744,18010,17431
4556,18010,17432
5881,18010,17433
23901,18010,17434
23728,18010,17435
17601,18012,17436
3130,18016,17437
1225,18016,17438
2662,18016,17439
12195,18016,17440
3756,18016,17441
4793,18016,17442
4382,18020,17443
14247,18020,17444
24168,18020,17445
24013,18020,17446
17601,18021,17447
17601,18022,17448
3734,18030,17449
18779,18030,17450
16248,18030,17451
24175,18037,17452
3796,18037,17453
5872,18037,17454
4942,18037,17455
14824,18037,17456
8623,18037,17457
1300,18037,17458
23368,18037,17459
23178,18037,17460
11194,18038,17461
199,18038,17462
13441,18038,17463
10704,18040,17464
22148,18040,17465
17707,18040,17466
21313,18042,17467
7145,18042,17468
21775,18052,17469
22284,18052,17470
5443,18058,17471
17601,18060,17472
6919,18061,17473
22215,18061,17474
9468,18062,17475
654,18062,17476
3668,18062,17477
6963,18063,17478
19387,18063,17479
5407,18063,17480
17601,18065,17481
16426,18066,17482
3091,18066,17483
17972,18066,17484
17601,18068,17485
3958,18069,17486
19208,18069,17487
2461,18072,17488
17601,18076,17489
17601,18077,17490
17601,18078,17491
11498,18079,17492
21312,18079,17493
19138,18079,17494
16644,18081,17495
10443,18081,17496
4410,18081,17497
918,18081,17498
2857,18081,17499
11871,18082,17500
16991,18083,17501
21343,18083,17502
13785,18085,17503
18515,18085,17504
7222,18086,17505
11866,18086,17506
9289,18086,17507
16782,18088,17508
15448,18088,17509
13095,18088,17510
1536,18090,17511
20180,18090,17512
24253,18090,17513
19860,18090,17514
11905,18091,17515
18812,18091,17516
13631,18091,17517
8920,18092,17518
9917,18092,17519
1635,18092,17520
1536,18093,17521
8916,18093,17522
12374,18093,17523
4359,18094,17524
14883,18095,17525
4410,18095,17526
19858,18095,17527
24237,18095,17528
2734,18096,17529
1505,18096,17530
17601,18097,17531
17601,18098,17532
17601,18099,17533
418,18100,17534
2217,18100,17535
22714,18100,17536
22402,18102,17537
4181,18102,17538
19009,18102,17539
21391,18103,17540
23514,18103,17541
4383,18103,17542
64,18106,17543
15116,18106,17544
20929,18106,17545
2339,18108,17546
1192,18109,17547
16792,18109,17548
944,18109,17549
17601,18110,17550
17601,18111,17551
24107,18112,17552
22209,18112,17553
19411,18112,17554
21663,18112,17555
21545,18113,17556
15762,18113,17557
9239,18113,17558
17601,18116,17559
3530,18117,17560
23883,18117,17561
7427,18117,17562
16046,18118,17563
1017,18118,17564
5913,18118,17565
7771,18121,17566
17480,18121,17567
20122,18121,17568
20170,18122,17569
13065,18122,17570
19893,18122,17571
17601,18123,17572
8868,18125,17573
7463,18125,17574
18974,18125,17575
17687,18125,17576
17601,18128,17577
17446,18129,17578
14683,18129,17579
17545,18129,17580
21231,18130,17581
22984,18130,17582
4079,18130,17583
23129,18132,17584
4407,18133,17585
2855,18133,17586
21268,18133,17587
17825,18134,17588
3668,18134,17589
17601,18135,17590
20643,18136,17591
16447,18136,17592
5860,18136,17593
12674,18138,17594
24781,18138,17595
11075,18138,17596
15761,18139,17597
23451,18139,17598
22096,18139,17599
2268,18140,17600
4866,18140,17601
5628,18141,17602
8894,18141,17603
17005,18145,17604
24769,18145,17605
24601,18145,17606
24289,18146,17607
17890,18146,17608
17601,18153,17609
14449,18156,17610
15277,18156,17611
7710,18156,17612
20987,18157,17613
3448,18157,17614
17601,18160,17615
11498,18161,17616
8476,18161,17617
98,18161,17618
17020,18163,17619
13218,18163,17620
17707,18164,17621
18273,18164,17622
12374,18164,17623
12013,18165,17624
10948,18165,17625
21602,18165,17626
8404,18166,17627
11757,18166,17628
11187,18167,17629
24,18167,17630
14749,18167,17631
20731,18176,17632
64,18176,17633
12141,18176,17634
6576,18180,17635
14372,18180,17636
21070,18180,17637
17601,18181,17638
9029,18184,17639
22972,18184,17640
21840,18184,17641
9505,18186,17642
14473,18186,17643
20737,18186,17644
9799,18189,17645
17601,18190,17646
7269,18193,17647
10995,18193,17648
16252,18193,17649
17114,18195,17650
3958,18198,17651
20181,18198,17652
10453,18198,17653
17601,18199,17654
833,18200,17655
2790,18200,17656
9639,18200,17657
17601,18205,17658
2825,18208,17659
1672,18208,17660
21453,18209,17661
11441,18209,17662
5306,18209,17663
17601,18210,17664
1059,18211,17665
8296,18211,17666
15034,18211,17667
17601,18212,17668
17601,18213,17669
17601,18215,17670
17601,18216,17671
4658,18218,17672
23971,18218,17673
19692,18218,17674
6720,18220,17675
3706,18220,17676
13570,18220,17677
21312,18220,17678
3349,18224,17679
24,18224,17680
16993,18224,17681
15857,18226,17682
23213,18226,17683
22287,18226,17684
17601,18227,17685
10542,18231,17686
11317,18231,17687
23670,18231,17688
14920,18232,17689
6426,18232,17690
8550,18232,17691
17601,18233,17692
6798,18234,17693
17601,18235,17694
23052,18236,17695
6950,18236,17696
16538,18236,17697
17601,18239,17698
17601,18240,17699
16730,18242,17700
20572,18242,17701
11760,18242,17702
17601,18248,17703
10715,18249,17704
8476,18249,17705
4641,18249,17706
12133,18251,17707
13999,18251,17708
2662,18251,17709
8578,18251,17710
16139,18251,17711
21840,18252,17712
18841,18252,17713
4751,18252,17714
17601,18253,17715
17601,18254,17716
19086,18255,17717
19772,18255,17718
20734,18255,17719
19961,18255,17720
12473,18255,17721
16880,18255,17722
17601,18259,17723
4417,18260,17724
14449,18260,17725
1044,18260,17726
1789,18260,17727
912,18260,17728
4151,18260,17729
6978,18260,17730
5064,18260,17731
24235,18260,17732
5709,18260,17733
24223,18260,17734
17415,18260,17735
17998,18260,17736
17601,18264,17737
16651,18267,17738
17161,18267,17739
24658,18267,17740
17601,18270,17741
5094,18272,17742
20940,18272,17743
6810,18272,17744
6193,18272,17745
10252,18274,17746
12189,18274,17747
12730,18274,17748
13378,18274,17749
5228,18274,17750
9970,18274,17751
13892,18274,17752
17515,18274,17753
19915,18274,17754
1755,18274,17755
17601,18275,17756
17601,18277,17757
17601,18282,17758
20180,18284,17759
2886,18284,17760
14660,18284,17761
21113,18285,17762
11187,18285,17763
3210,18285,17764
10345,18285,17765
16599,18290,17766
4359,18290,17767
18051,18290,17768
13335,18291,17769
7643,18291,17770
23100,18291,17771
7273,18292,17772
12141,18292,17773
15987,18292,17774
8404,18293,17775
17722,18293,17776
23713,18293,17777
14075,18294,17778
15448,18294,17779
20135,18296,17780
199,18296,17781
10081,18296,17782
2288,18296,17783
3210,18297,17784
16683,18297,17785
17601,18298,17786
6221,18299,17787
3352,18299,17788
20612,18299,17789
9628,18304,17790
17084,18304,17791
11853,18304,17792
7140,18305,17793
13448,18305,17794
19259,18306,17795
8992,18306,17796
20502,18306,17797
22915,18308,17798
2807,18308,17799
17601,18309,17800
18899,18310,17801
22311,18310,17802
13438,18310,17803
10718,18310,17804
7422,18310,17805
17601,18311,17806
169,18312,17807
8994,18312,17808
15040,18312,17809
17601,18313,17810
3677,18314,17811
16627,18314,17812
17789,18315,17813
12512,18315,17814
20987,18315,17815
9387,18316,17816
9231,18316,17817
1584,18316,17818
12514,18317,17819
5750,18317,17820
2885,18317,17821
15278,18317,17822
17601,18319,17823
6798,18320,17824
11194,18320,17825
18842,18320,17826
16177,18321,17827
14497,18321,17828
15742,18321,17829
11938,18322,17830
12656,18322,17831
2956,18322,17832
3109,18324,17833
10378,18324,17834
8623,18324,17835
4073,18331,17836
10961,18331,17837
4537,18333,17838
20019,18333,17839
13730,18333,17840
17601,18334,17841
19488,18336,17842
4073,18336,17843
20905,18336,17844
8220,18337,17845
13064,18337,17846
19080,18337,17847
12977,18337,17848
9880,18338,17849
11640,18338,17850
21788,18338,17851
8391,18338,17852
1850,18338,17853
7905,18338,17854
9037,18338,17855
1835,18338,17856
17601,18340,17857
20228,18341,17858
20737,18341,17859
6148,18341,17860
4691,18343,17861
5443,18343,17862
17601,18344,17863
17601,18346,17864
17649,18347,17865
23715,18347,17866
13000,18347,17867
4320,18347,17868
8476,18347,17869
7269,18347,17870
6978,18347,17871
9505,18347,17872
19960,18347,17873
13256,18350,17874
18690,18350,17875
21070,18350,17876
17601,18354,17877
17601,18363,17878
20229,18364,17879
11692,18364,17880
12514,18364,17881
16624,18364,17882
17601,18372,17883
11757,18373,17884
20296,18373,17885
15394,18373,17886
3199,18375,17887
13496,18375,17888
7238,18375,17889
12182,18376,17890
16457,18376,17891
21681,18376,17892
3455,18380,17893
7685,18380,17894
22884,18380,17895
4721,18381,17896
23423,18381,17897
23811,18381,17898
17601,18382,17899
14837,18385,17900
18797,18385,17901
3102,18385,17902
17601,18387,17903
3448,18388,17904
12656,18388,17905
23201,18388,17906
23695,18390,17907
2605,18390,17908
16821,18391,17909
1536,18392,17910
5308,18392,17911
1947,18392,17912
17601,18393,17913
14107,18394,17914
22287,18394,17915
17415,18394,17916
17601,18396,17917
17601,18397,17918
14839,18399,17919
23971,18399,17920
18483,18400,17921
18886,18400,17922
19085,18400,17923
18051,18404,17924
10576,18404,17925
17601,18405,17926
16211,18406,17927
9030,18406,17928
1407,18406,17929
6635,18406,17930
3479,18406,17931
7544,18407,17932
6932,18407,17933
3085,18407,17934
4259,18409,17935
2941,18409,17936
20005,18409,17937
17601,18412,17938
17601,18415,17939
17601,18416,17940
20235,18419,17941
17415,18419,17942
11011,18419,17943
3938,18420,17944
8992,18422,17945
2880,18422,17946
12190,18423,17947
15284,18425,17948
20731,18425,17949
9505,18426,17950
16447,18426,17951
13476,18427,17952
12514,18427,17953
12376,18427,17954
15964,18431,17955
11329,18431,17956
23138,18432,17957
6018,18433,17958
20132,18433,17959
19768,18434,17960
16602,18434,17961
20643,18435,17962
6689,18435,17963
8360,18436,17964
8916,18436,17965
2668,18437,17966
19009,18438,17967
23302,18438,17968
4682,18439,17969
10201,18439,17970
6932,18440,17971
1488,18440,17972
9194,18442,17973
17865,18442,17974
8099,18443,17975
17890,18443,17976
8084,18443,17977
1808,18444,17978
3230,18445,17979
8599,18445,17980
17601,18446,17981
15588,18447,17982
13746,18447,17983
18144,18447,17984
17601,18448,17985
18347,18451,17986
21774,18451,17987
17165,18451,17988
17601,18452,17989
6268,18453,17990
12190,18453,17991
16248,18453,17992
13547,18454,17993
4370,18454,17994
17601,18455,17995
24173,18457,17996
13533,18457,17997
9979,18458,17998
10955,18458,17999
19433,18458,18000
17601,18459,18001
17601,18460,18002
20294,18461,18003
4885,18461,18004
6132,18461,18005
2605,18462,18006
24,18462,18007
3876,18462,18008
17601,18463,18009
19782,18464,18010
8161,18464,18011
20410,18464,18012
12007,18464,18013
21249,18466,18014
23794,18466,18015
11931,18466,18016
17601,18471,18017
14230,18472,18018
4724,18472,18019
10070,18472,18020
11894,18474,18021
15763,18474,18022
16800,18474,18023
17354,18474,18024
2175,18474,18025
23668,18474,18026
22765,18474,18027
20747,18474,18028
1486,18474,18029
22899,18474,18030
17601,18478,18031
6872,18479,18032
1776,18479,18033
1194,18479,18034
21681,18479,18035
18136,18480,18036
7616,18480,18037
9446,18480,18038
21948,18481,18039
7299,18481,18040
10654,18481,18041
24081,18482,18042
22147,18482,18043
107,18483,18044
6304,18483,18045
13419,18483,18046
20183,18483,18047
19932,18487,18048
5289,18487,18049
14660,18487,18050
20186,18489,18051
13297,18489,18052
13263,18489,18053
5227,18490,18054
3386,18490,18055
9253,18490,18056
11182,18490,18057
21558,18492,18058
18842,18492,18059
9181,18492,18060
17601,18493,18061
13918,18495,18062
14184,18495,18063
11479,18497,18064
8390,18497,18065
13000,18497,18066
16683,18497,18067
24598,18498,18068
24640,18498,18069
9377,18498,18070
8655,18499,18071
8926,18499,18072
11440,18500,18073
16721,18501,18074
1589,18501,18075
5372,18504,18076
15642,18504,18077
21036,18505,18078
22629,18505,18079
2570,18511,18080
8916,18511,18081
16230,18512,18082
14062,18512,18083
7286,18513,18084
20783,18513,18085
2040,18514,18086
16853,18514,18087
23746,18515,18088
3876,18515,18089
17601,18516,18090
21689,18517,18091
20180,18519,18092
5125,18519,18093
17601,18521,18094
17601,18525,18095
17601,18527,18096
17601,18529,18097
10369,18533,18098
19454,18533,18099
12238,18533,18100
17601,18534,18101
22708,18536,18102
23670,18536,18103
1505,18536,18104
17601,18538,18105
17601,18540,18106
17601,18542,18107
17601,18543,18108
2880,18544,18109
13547,18544,18110
18588,18545,18111
17601,18549,18112
17601,18550,18113
18143,18553,18114
24807,18553,18115
17415,18553,18116
18387,18553,18117
23302,18553,18118
1338,18553,18119
16538,18553,18120
10131,18554,18121
14342,18554,18122
15012,18554,18123
17601,18556,18124
20643,18557,18125
2570,18557,18126
19488,18557,18127
16683,18560,18128
2844,18560,18129
24248,18563,18130
18069,18563,18131
803,18563,18132
17601,18564,18133
14371,18567,18134
16262,18567,18135
24658,18567,18136
12718,18568,18137
21895,18568,18138
21850,18568,18139
6495,18568,18140
9874,18571,18141
11866,18571,18142
23201,18571,18143
17601,18572,18144
1631,18574,18145
23478,18574,18146
5306,18574,18147
12209,18576,18148
24776,18576,18149
15370,18576,18150
7172,18579,18151
16174,18579,18152
662,18585,18153
16064,18585,18154
23805,18585,18155
17601,18589,18156
9619,18590,18157
4691,18590,18158
362,18590,18159
17601,18591,18160
10687,18592,18161
4527,18592,18162
18588,18592,18163
14449,18593,18164
1059,18593,18165
12514,18593,18166
20113,18594,18167
11692,18594,18168
5078,18594,18169
17601,18599,18170
12374,18601,18171
847,18601,18172
7917,18601,18173
16874,18603,18174
5227,18603,18175
13744,18603,18176
17601,18607,18177
1471,18609,18178
12512,18609,18179
22362,18609,18180
19447,18610,18181
24678,18610,18182
20169,18610,18183
8808,18611,18184
2638,18611,18185
8476,18614,18186
10977,18614,18187
22645,18615,18188
1471,18615,18189
23356,18615,18190
17929,18615,18191
23842,18615,18192
22070,18615,18193
17601,18618,18194
24236,18620,18195
6796,18620,18196
16379,18620,18197
10895,18623,18198
20137,18623,18199
2848,18625,18200
24,18625,18201
17226,18625,18202
24029,18625,18203
17601,18629,18204
17601,18632,18205
24013,18636,18206
855,18636,18207
7273,18636,18208
9773,18641,18209
12513,18641,18210
18220,18641,18211
5845,18641,18212
20289,18641,18213
17180,18641,18214
12182,18641,18215
7323,18645,18216
11976,18645,18217
4156,18645,18218
11736,18645,18219
12606,18645,18220
21188,18645,18221
3392,18645,18222
10906,18645,18223
14751,18645,18224
13991,18645,18225
12374,18647,18226
3976,18647,18227
4073,18647,18228
20471,18647,18229
17601,18648,18230
13032,18649,18231
4173,18649,18232
2847,18649,18233
10681,18649,18234
20518,18650,18235
10647,18650,18236
22241,18650,18237
18114,18650,18238
19533,18650,18239
22897,18650,18240
17202,18650,18241
10506,18650,18242
649,18650,18243
10622,18658,18244
1050,18658,18245
16541,18658,18246
11682,18658,18247
17601,18659,18248
11535,18663,18249
9998,18663,18250
23722,18663,18251
20628,18666,18252
5443,18666,18253
7276,18666,18254
19697,18669,18255
19848,18669,18256
6638,18669,18257
4093,18670,18258
3229,18670,18259
16160,18672,18260
9979,18672,18261
3447,18672,18262
22361,18672,18263
17440,18672,18264
17601,18673,18265
17601,18678,18266
12514,18679,18267
6143,18679,18268
6135,18679,18269
17601,18680,18270
19073,18682,18271
1873,18682,18272
19752,18682,18273
13547,18683,18274
3386,18683,18275
16488,18683,18276
7223,18683,18277
20703,18685,18278
21555,18685,18279
10048,18688,18280
12840,18688,18281
16793,18688,18282
16206,18688,18283
9289,18689,18284
24,18689,18285
11668,18691,18286
24235,18691,18287
23423,18696,18288
20475,18696,18289
20296,18696,18290
17601,18698,18291
17601,18700,18292
17601,18701,18293
6581,18703,18294
11757,18703,18295
5455,18716,18296
13022,18716,18297
10670,18716,18298
20929,18717,18299
10443,18717,18300
6180,18719,18301
8011,18719,18302
14449,18719,18303
17601,18723,18304
17601,18731,18305
17601,18733,18306
7710,18735,18307
15277,18735,18308
14449,18735,18309
7917,18735,18310
9440,18736,18311
20873,18736,18312
23329,18736,18313
16336,18736,18314
6551,18736,18315
11196,18736,18316
17601,18739,18317
20987,18749,18318
11692,18749,18319
16046,18749,18320
17601,18753,18321
17601,18756,18322
22788,18758,18323
16359,18758,18324
7267,18758,18325
2884,18761,18326
3876,18761,18327
13397,18761,18328
10935,18763,18329
14792,18763,18330
5074,18763,18331
4370,18764,18332
9757,18764,18333
11187,18764,18334
16691,18764,18335
6213,18765,18336
21092,18765,18337
10201,18765,18338
17601,18767,18339
7546,18770,18340
20987,18770,18341
17046,18770,18342
17601,18771,18343
4724,18775,18344
6932,18775,18345
4157,18775,18346
17601,18776,18347
10686,18778,18348
1094,18778,18349
12987,18778,18350
582,18778,18351
15538,18779,18352
19568,18780,18353
19499,18780,18354
5531,18780,18355
2605,18781,18356
6781,18781,18357
3962,18781,18358
21602,18785,18359
13249,18785,18360
17601,18786,18361
21545,18787,18362
3869,18787,18363
13604,18787,18364
17601,18790,18365
17601,18791,18366
4030,18794,18367
9735,18794,18368
19838,18795,18369
3178,18795,18370
3107,18797,18371
8404,18797,18372
22388,18798,18373
12462,18798,18374
24704,18799,18375
9478,18799,18376
23574,18800,18377
23978,18800,18378
6103,18801,18379
20426,18803,18380
10531,18804,18381
11135,18804,18382
19449,18805,18383
10427,18805,18384
21813,18806,18385
9389,18806,18386
5677,18807,18387
21632,18807,18388
23368,18810,18389
21890,18810,18390
9248,18813,18391
6781,18813,18392
20235,18814,18393
3107,18814,18394
15912,18815,18395
15965,18815,18396
15125,18816,18397
10435,18816,18398
6772,18817,18399
15741,18817,18400
7882,18818,18401
5745,18818,18402
17601,18820,18403
17601,18821,18404
23978,18822,18405
4269,18822,18406
4328,18822,18407
7540,18823,18408
12731,18823,18409
17440,18823,18410
16248,18825,18411
21453,18825,18412
5973,18825,18413
13113,18826,18414
12687,18826,18415
22547,18826,18416
15618,18826,18417
3816,18827,18418
23972,18827,18419
10829,18827,18420
21282,18828,18421
20712,18828,18422
20475,18828,18423
6304,18830,18424
20489,18830,18425
15919,18830,18426
19527,18830,18427
5408,18830,18428
17601,18831,18429
4391,18833,18430
17747,18833,18431
18015,18833,18432
22148,18834,18433
17601,18836,18434
5293,18837,18435
22206,18837,18436
7200,18837,18437
3668,18846,18438
6103,18846,18439
9468,18846,18440
2570,18849,18441
12627,18849,18442
11011,18849,18443
17649,18851,18444
12977,18851,18445
23020,18853,18446
11075,18853,18447
18724,18853,18448
1006,18854,18449
21354,18854,18450
10628,18854,18451
7546,18854,18452
17601,18856,18453
5627,18857,18454
1873,18857,18455
3734,18857,18456
688,18857,18457
15024,18858,18458
10704,18858,18459
12292,18858,18460
1536,18859,18461
4339,18859,18462
8476,18859,18463
4002,18860,18464
3782,18860,18465
13810,18860,18466
2019,18861,18467
6275,18861,18468
9461,18866,18469
24415,18866,18470
12919,18868,18471
2168,18868,18472
2847,18870,18473
6581,18870,18474
14989,18870,18475
3637,18870,18476
24253,18871,18477
16174,18871,18478
20081,18873,18479
2597,18873,18480
5529,18875,18481
1505,18875,18482
17601,18878,18483
23380,18879,18484
14634,18879,18485
18007,18888,18486
4181,18888,18487
1689,18888,18488
6368,18891,18489
21321,18891,18490
11329,18894,18491
22287,18894,18492
17649,18895,18493
23178,18895,18494
16846,18895,18495
19885,18896,18496
20737,18897,18497
7200,18897,18498
22402,18897,18499
1631,18899,18500
21456,18899,18501
19682,18899,18502
21775,18901,18503
19138,18901,18504
11907,18901,18505
17601,18903,18506
12634,18904,18507
10379,18904,18508
24601,18904,18509
18361,18906,18510
12817,18906,18511
22271,18907,18512
20140,18907,18513
23233,18907,18514
814,18909,18515
5259,18912,18516
3272,18912,18517
12138,18912,18518
17601,18915,18519
10972,18918,18520
7378,18918,18521
20228,18918,18522
17601,18920,18523
22972,18923,18524
11762,18923,18525
9212,18923,18526
14449,18927,18527
6268,18927,18528
10560,18927,18529
17601,18929,18530
17601,18932,18531
23201,18934,18532
662,18934,18533
6277,18934,18534
17601,18935,18535
17601,18936,18536
17601,18938,18537
3170,18939,18538
15965,18939,18539
7917,18944,18540
3768,18944,18541
1105,18944,18542
20229,18945,18543
7149,18945,18544
856,18947,18545
10715,18947,18546
17601,18949,18547
16174,18950,18548
17601,18951,18549
17021,18952,18550
7611,18952,18551
3211,18952,18552
13744,18956,18553
24292,18956,18554
15585,18956,18555
6441,18958,18556
7525,18958,18557
19960,18958,18558
17601,18963,18559
11762,18966,18560
9628,18966,18561
23125,18966,18562
13436,18966,18563
17601,18967,18564
8170,18968,18565
3210,18968,18566
24223,18968,18567
21104,18968,18568
22235,18968,18569
16394,18968,18570
13022,18968,18571
10875,18968,18572
14449,18968,18573
13419,18973,18574
4415,18973,18575
13335,18973,18576
13198,18973,18577
6568,18975,18578
14630,18975,18579
20559,18975,18580
23693,18975,18581
24666,18977,18582
964,18977,18583
6791,18982,18584
2326,18983,18585
3803,18983,18586
24421,18983,18587
2318,18983,18588
1108,18983,18589
24618,18983,18590
17932,18985,18591
21104,18985,18592
15353,18985,18593
17876,18985,18594
3593,18985,18595
6562,18985,18596
21639,18985,18597
24181,18985,18598
11552,18985,18599
14636,18985,18600
17601,18986,18601
17601,18989,18602
17945,18990,18603
22904,18990,18604
11778,18990,18605
17601,18995,18606
4224,18997,18607
4740,18997,18608
20126,18997,18609
18842,18997,18610
17997,18999,18611
11011,18999,18612
4829,18999,18613
16691,18999,18614
10686,18999,18615
11091,19001,18616
19149,19001,18617
8347,19001,18618
6996,19002,18619
12198,19002,18620
21343,19002,18621
21133,19002,18622
3962,19002,18623
10448,19003,18624
20124,19003,18625
12522,19003,18626
3876,19003,18627
20001,19003,18628
17601,19004,18629
17601,19005,18630
17601,19007,18631
23138,19008,18632
7374,19008,18633
5833,19008,18634
22063,19008,18635
24181,19008,18636
7004,19008,18637
7710,19009,18638
6714,19009,18639
18588,19009,18640
4181,19010,18641
2880,19010,18642
18780,19010,18643
17737,19010,18644
4792,19011,18645
935,19011,18646
3668,19012,18647
9824,19012,18648
11160,19012,18649
22972,19015,18650
15857,19015,18651
6522,19017,18652
1721,19017,18653
6832,19017,18654
18272,19017,18655
11871,19018,18656
2413,19018,18657
4416,19018,18658
18887,19019,18659
13407,19019,18660
12565,19019,18661
20859,19020,18662
804,19020,18663
23206,19021,18664
20671,19021,18665
14357,19021,18666
17601,19024,18667
17601,19025,18668
7206,19027,18669
11162,19027,18670
11176,19030,18671
22009,19030,18672
2106,19030,18673
1995,19030,18674
23702,19034,18675
6710,19034,18676
16192,19034,18677
9166,19035,18678
15073,19035,18679
17601,19036,18680
18051,19038,18681
12457,19038,18682
18842,19038,18683
8396,19039,18684
47,19040,18685
11973,19041,18686
17271,19041,18687
16684,19041,18688
11934,19041,18689
22287,19042,18690
8779,19042,18691
23423,19042,18692
23715,19043,18693
15076,19043,18694
1631,19043,18695
13474,19045,18696
10665,19045,18697
3308,19045,18698
20508,19045,18699
10866,19045,18700
18842,19046,18701
3492,19046,18702
17601,19047,18703
17601,19051,18704
17601,19052,18705
7656,19054,18706
16736,19054,18707
8571,19054,18708
17601,19056,18709
17601,19057,18710
17601,19059,18711
17601,19060,18712
19217,19062,18713
17601,19068,18714
17601,19070,18715
14106,19079,18716
2811,19079,18717
9255,19079,18718
3107,19082,18719
8404,19082,18720
16174,19082,18721
13419,19090,18722
6091,19090,18723
24292,19090,18724
21456,19092,18725
18891,19092,18726
13022,19092,18727
1427,19094,18728
6950,19094,18729
3791,19094,18730
16174,19095,18731
9239,19095,18732
17440,19096,18733
19313,19096,18734
4885,19096,18735
17601,19097,18736
20040,19098,18737
7656,19098,18738
17601,19099,18739
6978,19100,18740
19080,19100,18741
16878,19100,18742
3272,19101,18743
19488,19101,18744
4699,19101,18745
17601,19103,18746
18891,19104,18747
22287,19104,18748
3958,19104,18749
22303,19106,18750
17115,19106,18751
22009,19106,18752
1113,19108,18753
23208,19108,18754
7616,19110,18755
20429,19110,18756
2668,19111,18757
10340,19111,18758
17737,19113,18759
21325,19113,18760
16006,19113,18761
9602,19113,18762
20603,19116,18763
17541,19116,18764
10787,19116,18765
17601,19117,18766
6708,19118,18767
20135,19118,18768
22313,19119,18769
9289,19119,18770
3668,19121,18771
11025,19121,18772
144,19121,18773
16703,19122,18774
21269,19122,18775
1739,19123,18776
9835,19123,18777
6572,19124,18778
5443,19125,18779
4825,19126,18780
11762,19126,18781
10000,19127,18782
8916,19127,18783
17601,19131,18784
21452,19133,18785
6625,19133,18786
11730,19134,18787
2886,19134,18788
20241,19135,18789
7525,19135,18790
9799,19137,18791
7584,19137,18792
17601,19138,18793
7742,19139,18794
2242,19139,18795
11843,19142,18796
5669,19143,18797
11700,19143,18798
20158,19143,18799
19893,19147,18800
12679,19147,18801
17226,19147,18802
12518,19148,18803
1701,19148,18804
3609,19148,18805
7658,19151,18806
13949,19151,18807
21003,19151,18808
19625,19151,18809
5866,19152,18810
23055,19152,18811
6228,19152,18812
17601,19153,18813
21212,19154,18814
5459,19154,18815
2964,19154,18816
21875,19155,18817
22658,19155,18818
22624,19155,18819
20429,19156,18820
3386,19156,18821
9446,19156,18822
13064,19156,18823
6552,19157,18824
17601,19158,18825
23302,19159,18826
10161,19159,18827
15841,19159,18828
10453,19159,18829
23177,19160,18830
20950,19160,18831
18484,19160,18832
17601,19163,18833
12400,19165,18834
298,19165,18835
24292,19165,18836
11479,19165,18837
21781,19165,18838
3492,19165,18839
5427,19170,18840
11459,19170,18841
6442,19170,18842
17601,19171,18843
17586,19173,18844
9378,19173,18845
16104,19173,18846
17252,19173,18847
19009,19174,18848
15076,19174,18849
2992,19174,18850
10867,19174,18851
11730,19174,18852
11222,19174,18853
23549,19175,18854
15394,19175,18855
6631,19175,18856
17601,19176,18857
13517,19178,18858
19253,19178,18859
16395,19178,18860
6953,19179,18861
7466,19179,18862
23776,19179,18863
24253,19180,18864
15965,19180,18865
8213,19180,18866
4306,19181,18867
22038,19181,18868
2242,19181,18869
11479,19182,18870
6689,19182,18871
1661,19182,18872
17601,19184,18873
17601,19185,18874
3201,19186,18875
4691,19186,18876
3938,19186,18877
17601,19187,18878
17601,19188,18879
14130,19189,18880
6673,19189,18881
17601,19191,18882
17601,19192,18883
11843,19194,18884
14660,19194,18885
9393,19195,18886
14093,19195,18887
3673,19196,18888
6465,19196,18889
7402,19197,18890
22195,19197,18891
10911,19197,18892
17601,19199,18893
8980,19201,18894
13476,19201,18895
9281,19201,18896
17601,19202,18897
17601,19203,18898
9432,19204,18899
10070,19204,18900
15857,19206,18901
11479,19206,18902
4181,19206,18903
5428,19207,18904
22827,19207,18905
8152,19207,18906
16644,19208,18907
20914,19208,18908
12955,19208,18909
17601,19209,18910
4691,19211,18911
7944,19211,18912
1155,19211,18913
17601,19212,18914
4359,19213,18915
18715,19213,18916
19488,19213,18917
15965,19214,18918
19664,19214,18919
17601,19215,18920
17601,19216,18921
13651,19217,18922
22209,19217,18923
17601,19220,18924
17601,19226,18925
24235,19228,18926
24360,19228,18927
17601,19229,18928
17601,19232,18929
17601,19233,18930
17601,19234,18931
17601,19235,18932
19554,19236,18933
22210,19236,18934
19782,19236,18935
19766,19240,18936
22058,19240,18937
17601,19242,18938
11676,19244,18939
2153,19244,18940
18945,19250,18941
17601,19253,18942
17601,19257,18943
17601,19259,18944
12629,19263,18945
17601,19264,18946
10382,19267,18947
15284,19267,18948
7172,19267,18949
4073,19269,18950
6473,19269,18951
10443,19269,18952
17601,19270,18953
1702,19273,18954
6690,19273,18955
11668,19273,18956
17601,19277,18957
17601,19278,18958
23524,19279,18959
3448,19279,18960
17601,19280,18961
14332,19282,18962
7200,19282,18963
15841,19282,18964
17601,19284,18965
21289,19287,18966
778,19287,18967
3477,19287,18968
20073,19290,18969
6091,19290,18970
7051,19290,18971
18664,19290,18972
17601,19291,18973
17601,19294,18974
860,19296,18975
22530,19296,18976
21893,19296,18977
22452,19296,18978
14888,19296,18979
3517,19296,18980
17601,19297,18981
17601,19298,18982
17601,19300,18983
11479,19301,18984
4417,19301,18985
21235,19301,18986
1155,19301,18987
20471,19301,18988
20950,19301,18989
18459,19301,18990
21242,19305,18991
8230,19305,18992
13227,19305,18993
20568,19305,18994
17601,19309,18995
17601,19311,18996
19939,19312,18997
8674,19312,18998
17342,19312,18999
1397,19312,19000
5120,19312,19001
8214,19312,19002
23747,19316,19003
3219,19316,19004
3110,19316,19005
4510,19316,19006
10340,19316,19007
6135,19324,19008
5529,19324,19009
16852,19324,19010
4942,19324,19011
13844,19327,19012
10928,19327,19013
3976,19327,19014
2476,19327,19015
20643,19327,19016
15857,19327,19017
11806,19331,19018
7917,19331,19019
2040,19331,19020
11871,19331,19021
6772,19331,19022
11199,19332,19023
9838,19332,19024
18143,19332,19025
16452,19332,19026
19762,19333,19027
6180,19333,19028
4356,19333,19029
4532,19333,19030
1105,19341,19031
15088,19341,19032
9743,19341,19033
15957,19342,19034
3272,19342,19035
17649,19342,19036
17601,19343,19037
17601,19344,19038
7200,19345,19039
20170,19345,19040
20987,19345,19041
6491,19346,19042
8634,19346,19043
22016,19346,19044
11979,19346,19045
20991,19346,19046
14788,19346,19047
4094,19346,19048
15422,19346,19049
862,19346,19050
2521,19346,19051
16558,19346,19052
9593,19346,19053
11988,19346,19054
7862,19346,19055
11204,19346,19056
79,19346,19057
17601,19347,19058
20089,19348,19059
8779,19348,19060
20428,19348,19061
15585,19348,19062
24262,19348,19063
2668,19349,19064
4157,19349,19065
13095,19349,19066
17601,19351,19067
778,19353,19068
11992,19353,19069
21890,19353,19070
24292,19353,19071
17601,19354,19072
295,19355,19073
3439,19355,19074
15251,19355,19075
19408,19356,19076
10686,19356,19077
16215,19356,19078
199,19357,19079
7222,19357,19080
9611,19359,19081
10427,19359,19082
21545,19359,19083
6136,19362,19084
23961,19362,19085
17601,19364,19086
16177,19367,19087
12977,19367,19088
18588,19367,19089
18136,19368,19090
525,19368,19091
3876,19368,19092
18664,19369,19093
5523,19369,19094
18891,19369,19095
6781,19370,19096
3386,19370,19097
16248,19370,19098
21612,19371,19099
15896,19371,19100
13392,19371,19101
17601,19373,19102
17601,19375,19103
24289,19377,19104
11545,19377,19105
20181,19379,19106
24337,19379,19107
13177,19379,19108
8612,19380,19109
16177,19380,19110
18999,19380,19111
13224,19384,19112
6380,19384,19113
19413,19384,19114
17601,19385,19115
17601,19386,19116
17601,19387,19117
17601,19388,19118
17601,19389,19119
17601,19391,19120
17601,19395,19121
17601,19400,19122
17601,19401,19123
3524,19402,19124
14593,19402,19125
17601,19404,19126
17601,19407,19127
17601,19409,19128
10285,19410,19129
20049,19410,19130
23486,19412,19131
13123,19412,19132
16474,19412,19133
2143,19413,19134
9143,19413,19135
16874,19413,19136
17601,19416,19137
13198,19418,19138
11866,19418,19139
18535,19418,19140
14059,19419,19141
5524,19419,19142
23171,19419,19143
17601,19420,19144
17601,19421,19145
1094,19423,19146
16782,19423,19147
3210,19423,19148
8655,19424,19149
19568,19424,19150
10443,19424,19151
20475,19424,19152
7586,19425,19153
15076,19425,19154
21469,19425,19155
3292,19426,19156
2847,19428,19157
12526,19428,19158
21354,19429,19159
11871,19429,19160
11248,19429,19161
7129,19430,19162
585,19430,19163
12198,19432,19164
10453,19432,19165
11194,19432,19166
7008,19434,19167
11692,19434,19168
6270,19434,19169
16644,19435,19170
13259,19435,19171
13824,19435,19172
17601,19438,19173
17601,19440,19174
23465,19441,19175
21533,19441,19176
15983,19442,19177
13945,19443,19178
11606,19443,19179
17522,19444,19180
7283,19444,19181
13448,19445,19182
9212,19445,19183
10223,19446,19184
16047,19446,19185
17601,19448,19186
17601,19449,19187
21932,19451,19188
18631,19451,19189
22525,19452,19190
5944,19452,19191
10345,19454,19192
20235,19454,19193
11866,19456,19194
9248,19456,19195
6581,19458,19196
22336,19458,19197
5624,19460,19198
4185,19460,19199
1810,19461,19200
7051,19461,19201
13392,19461,19202
17601,19464,19203
12779,19465,19204
11682,19465,19205
2855,19466,19206
17601,19469,19207
17707,19473,19208
24662,19473,19209
19138,19473,19210
21890,19474,19211
20297,19474,19212
5250,19474,19213
4897,19474,19214
17601,19475,19215
17601,19477,19216
16174,19479,19217
12462,19479,19218
11435,19479,19219
3272,19479,19220
8031,19479,19221
2668,19481,19222
8992,19481,19223
21577,19481,19224
17997,19484,19225
1792,19484,19226
6600,19484,19227
10827,19489,19228
24841,19489,19229
17601,19490,19230
23954,19492,19231
1735,19492,19232
23944,19492,19233
18535,19495,19234
12005,19495,19235
8390,19495,19236
11866,19495,19237
13198,19495,19238
14999,19497,19239
4204,19497,19240
4106,19497,19241
3976,19498,19242
12138,19498,19243
3107,19498,19244
16991,19498,19245
20852,19499,19246
19782,19499,19247
3003,19499,19248
17601,19500,19249
17601,19502,19250
15142,19503,19251
7877,19503,19252
15477,19503,19253
2040,19504,19254
18007,19504,19255
13729,19504,19256
3210,19506,19257
6996,19506,19258
17601,19507,19259
11272,19508,19260
3734,19508,19261
17601,19509,19262
2580,19511,19263
24337,19511,19264
19960,19513,19265
11435,19514,19266
10867,19514,19267
8296,19514,19268
17601,19515,19269
10443,19518,19270
12552,19518,19271
18106,19520,19272
4897,19521,19273
17601,19523,19274
17601,19525,19275
11222,19527,19276
13064,19527,19277
11435,19527,19278
17997,19528,19279
10928,19528,19280
20576,19528,19281
17601,19530,19282
6143,19532,19283
7917,19532,19284
16238,19532,19285
17446,19539,19286
10000,19539,19287
5529,19539,19288
20181,19540,19289
9468,19540,19290
1861,19540,19291
16986,19547,19292
21611,19547,19293
12229,19547,19294
18051,19550,19295
4059,19550,19296
20518,19550,19297
4902,19551,19298
23322,19551,19299
11778,19551,19300
18891,19552,19301
19647,19552,19302
23368,19553,19303
12457,19553,19304
4844,19553,19305
17601,19555,19306
24646,19556,19307
13880,19556,19308
22941,19556,19309
17601,19557,19310
1155,19558,19311
7172,19558,19312
455,19558,19313
19639,19560,19314
24664,19560,19315
23565,19560,19316
6622,19561,19317
1689,19561,19318
3734,19561,19319
13198,19564,19320
23323,19568,19321
9798,19570,19322
10240,19570,19323
17601,19571,19324
18786,19572,19325
10073,19572,19326
3734,19572,19327
4590,19573,19328
19896,19573,19329
960,19573,19330
17601,19574,19331
17601,19575,19332
3627,19576,19333
14262,19576,19334
17200,19576,19335
17601,19580,19336
17601,19587,19337
4911,19588,19338
1801,19588,19339
4691,19588,19340
688,19592,19341
3654,19592,19342
10704,19593,19343
6689,19595,19344
4897,19595,19345
17601,19598,19346
10453,19599,19347
1701,19599,19348
17601,19600,19349
12773,19603,19350
21485,19603,19351
3474,19606,19352
18124,19606,19353
8833,19606,19354
17601,19608,19355
17601,19614,19356
12007,19617,19357
11843,19617,19358
12182,19620,19359
13730,19620,19360
17601,19624,19361
17601,19626,19362
15896,19628,19363
7488,19628,19364
23071,19629,19365
7581,19629,19366
4801,19629,19367
2880,19629,19368
21131,19630,19369
4399,19630,19370
19917,19630,19371
23346,19630,19372
7269,19631,19373
1810,19631,19374
8623,19631,19375
20228,19631,19376
17997,19631,19377
12173,19631,19378
16845,19631,19379
21343,19631,19380
20703,19631,19381
455,19632,19382
4658,19632,19383
434,19632,19384
23711,19633,19385
10545,19633,19386
2444,19633,19387
2331,19633,19388
23935,19633,19389
17960,19633,19390
12443,19633,19391
13661,19633,19392
16716,19633,19393
11134,19644,19394
17601,19645,19395
17601,19647,19396
22806,19648,19397
17446,19648,19398
21003,19648,19399
16233,19649,19400
3439,19649,19401
24289,19650,19402
8404,19650,19403
20914,19650,19404
17601,19651,19405
6798,19652,19406
1801,19652,19407
19568,19652,19408
17601,19654,19409
17106,19655,19410
19190,19655,19411
15948,19656,19412
16962,19656,19413
1765,19656,19414
17601,19657,19415
23174,19658,19416
10398,19658,19417
17939,19658,19418
10654,19660,19419
10070,19660,19420
11012,19660,19421
19782,19661,19422
18749,19661,19423
12198,19661,19424
7385,19662,19425
8745,19662,19426
17601,19663,19427
22497,19666,19428
10223,19666,19429
6615,19666,19430
17601,19667,19431
20423,19668,19432
15742,19668,19433
13874,19668,19434
17601,19670,19435
13198,19671,19436
11866,19671,19437
18535,19671,19438
14763,19672,19439
19009,19672,19440
3801,19672,19441
17601,19673,19442
17601,19675,19443
17601,19676,19444
16493,19677,19445
15986,19677,19446
1190,19678,19447
16599,19679,19448
268,19679,19449
1701,19679,19450
17601,19681,19451
13476,19683,19452
12958,19683,19453
3162,19683,19454
4699,19684,19455
14440,19684,19456
18614,19684,19457
16426,19685,19458
13974,19685,19459
23682,19685,19460
17175,19686,19461
12014,19686,19462
7989,19686,19463
17601,19687,19464
20096,19689,19465
7724,19689,19466
17601,19692,19467
20613,19693,19468
14326,19693,19469
24252,19694,19470
13285,19694,19471
11928,19694,19472
12955,19696,19473
4658,19696,19474
199,19696,19475
18664,19698,19476
10879,19698,19477
14436,19698,19478
17972,19700,19479
7917,19700,19480
13547,19700,19481
3637,19701,19482
17105,19701,19483
6714,19701,19484
15873,19703,19485
8649,19703,19486
17601,19704,19487
17601,19705,19488
5615,19706,19489
24059,19706,19490
3448,19707,19491
4333,19707,19492
20649,19707,19493
1,19708,19494
11194,19708,19495
20987,19708,19496
14605,19709,19497
10511,19709,19498
7769,19709,19499
17601,19711,19500
6363,19712,19501
2829,19712,19502
14004,19712,19503
17601,19713,19504
17601,19715,19505
24662,19716,19506
4115,19716,19507
1050,19716,19508
20518,19719,19509
20170,19719,19510
11091,19719,19511
17601,19721,19512
15027,19722,19513
8400,19725,19514
21669,19729,19515
2846,19729,19516
21764,19729,19517
22915,19730,19518
1781,19730,19519
14996,19730,19520
17601,19731,19521
17601,19733,19522
4658,19734,19523
19488,19734,19524
23967,19734,19525
18588,19734,19526
17601,19736,19527
15278,19738,19528
22288,19738,19529
14660,19738,19530
17601,19742,19531
11556,19743,19532
15864,19743,19533
13207,19743,19534
17601,19744,19535
17601,19745,19536
5530,19749,19537
6495,19750,19538
20454,19750,19539
4390,19752,19540
19085,19752,19541
1274,19753,19542
20567,19753,19543
5031,19755,19544
20310,19755,19545
503,19758,19546
7270,19759,19547
6888,19759,19548
11692,19762,19549
12955,19762,19550
14251,19764,19551
16583,19765,19552
8738,19765,19553
11126,19766,19554
5780,19766,19555
10497,19767,19556
611,19768,19557
13998,19768,19558
22436,19769,19559
13736,19769,19560
11367,19769,19561
24253,19771,19562
3439,19771,19563
3349,19771,19564
8853,19772,19565
3937,19772,19566
9387,19774,19567
4042,19774,19568
10989,19774,19569
17601,19775,19570
17601,19776,19571
17601,19778,19572
11907,19779,19573
13547,19779,19574
10867,19779,19575
13918,19780,19576
5614,19780,19577
5650,19780,19578
17601,19781,19579
20251,19782,19580
14013,19782,19581
10353,19782,19582
13627,19782,19583
22287,19784,19584
4527,19784,19585
24235,19784,19586
21302,19785,19587
17058,19785,19588
688,19785,19589
9284,19791,19590
20235,19791,19591
24262,19791,19592
7525,19792,19593
12526,19792,19594
17601,19794,19595
6581,19797,19596
3637,19797,19597
14989,19797,19598
17650,19798,19599
4699,19798,19600
17601,19799,19601
20882,19803,19602
10988,19803,19603
7338,19803,19604
13245,19806,19605
12645,19806,19606
22035,19808,19607
12977,19808,19608
15076,19808,19609
5876,19808,19610
17601,19809,19611
23150,19810,19612
17601,19811,19613
11235,19813,19614
14312,19813,19615
8043,19813,19616
12190,19815,19617
9130,19815,19618
9855,19815,19619
2638,19816,19620
20180,19816,19621
22580,19819,19622
19449,19819,19623
10576,19822,19624
7052,19822,19625
21216,19823,19626
10161,19823,19627
16853,19823,19628
5289,19823,19629
23456,19830,19630
15274,19830,19631
17601,19831,19632
17601,19832,19633
8994,19833,19634
17202,19833,19635
3327,19834,19636
3925,19834,19637
20204,19834,19638
21047,19836,19639
16993,19836,19640
10202,19836,19641
24662,19837,19642
5985,19837,19643
23201,19837,19644
10443,19838,19645
20987,19838,19646
9212,19838,19647
8091,19840,19648
5918,19840,19649
21089,19840,19650
17601,19841,19651
14848,19845,19652
15965,19845,19653
11585,19846,19654
18657,19846,19655
4561,19846,19656
3211,19847,19657
4897,19847,19658
17601,19857,19659
939,19858,19660
22336,19858,19661
12656,19858,19662
17601,19860,19663
7769,19861,19664
7044,19861,19665
18715,19861,19666
17601,19865,19667
17601,19867,19668
21432,19870,19669
1934,19870,19670
21428,19870,19671
13757,19871,19672
17822,19871,19673
16694,19871,19674
17601,19874,19675
17601,19875,19676
9130,19879,19677
2143,19879,19678
17601,19880,19679
17601,19881,19680
2175,19883,19681
17707,19883,19682
2570,19888,19683
4359,19888,19684
23403,19888,19685
17601,19889,19686
10719,19894,19687
21456,19894,19688
4577,19894,19689
13441,19899,19690
23967,19899,19691
24337,19899,19692
17601,19903,19693
21139,19910,19694
22284,19910,19695
20402,19910,19696
7907,19911,19697
11632,19911,19698
2693,19911,19699
17601,19912,19700
5531,19916,19701
19693,19916,19702
16493,19916,19703
6622,19922,19704
12518,19922,19705
2143,19922,19706
12253,19923,19707
6067,19923,19708
19621,19923,19709
17601,19926,19710
17601,19927,19711
18812,19928,19712
6143,19928,19713
4127,19928,19714
13378,19929,19715
9130,19929,19716
3210,19929,19717
10988,19931,19718
18812,19931,19719
17601,19935,19720
17601,19937,19721
10418,19938,19722
15278,19938,19723
4181,19941,19724
13404,19941,19725
15857,19942,19726
6978,19942,19727
8779,19942,19728
24196,19945,19729
12977,19945,19730
8390,19947,19731
22497,19947,19732
8689,19947,19733
22685,19949,19734
14989,19949,19735
1873,19949,19736
17601,19950,19737
23320,19951,19738
10659,19951,19739
4475,19952,19740
18421,19952,19741
17434,19952,19742
10879,19953,19743
22497,19953,19744
13525,19953,19745
17601,19954,19746
17601,19955,19747
4006,19958,19748
7626,19958,19749
9628,19958,19750
1222,19961,19751
10000,19961,19752
16586,19962,19753
5427,19962,19754
6309,19962,19755
17601,19964,19756
3192,19967,19757
11012,19967,19758
17601,19970,19759
14921,19973,19760
24688,19973,19761
14546,19975,19762
8266,19975,19763
16599,19975,19764
11668,19975,19765
24360,19975,19766
2859,19978,19767
5597,19978,19768
17601,19981,19769
17601,19982,19770
13631,19985,19771
23478,19985,19772
10340,19985,19773
23052,19985,19774
23239,19985,19775
7338,19986,19776
6581,19986,19777
20183,19986,19778
9589,19988,19779
7710,19988,19780
4367,19988,19781
13489,19989,19782
19108,19989,19783
20001,19989,19784
12031,19990,19785
14050,19990,19786
3272,19990,19787
17601,19992,19788
8699,19993,19789
12523,19993,19790
13378,19994,19791
17775,19994,19792
11095,19994,19793
7172,19996,19794
2174,19996,19795
17601,19997,19796
21781,19999,19797
3876,19999,19798
475,19999,19799
12634,20001,19800
15495,20001,19801
15555,20001,19802
8161,20002,19803
22137,20002,19804
21847,20002,19805
14062,20002,19806
11745,20002,19807
15610,20003,19808
10457,20003,19809
17601,20010,19810
10988,20011,19811
11668,20011,19812
1991,20011,19813
5277,20012,19814
14619,20012,19815
5361,20012,19816
15965,20013,19817
3192,20013,19818
16463,20013,19819
17601,20014,19820
21811,20015,19821
20905,20015,19822
11435,20015,19823
23177,20016,19824
5227,20016,19825
23302,20016,19826
17601,20017,19827
17601,20018,19828
23408,20019,19829
17601,20020,19830
17601,20021,19831
23368,20024,19832
21235,20024,19833
9281,20024,19834
17601,20028,19835
24235,20029,19836
18083,20029,19837
16683,20029,19838
21710,20029,19839
17601,20030,19840
3192,20033,19841
14605,20033,19842
4268,20033,19843
16782,20033,19844
1801,20034,19845
1861,20034,19846
16721,20036,19847
5516,20037,19848
6757,20037,19849
9585,20039,19850
5072,20039,19851
22432,20040,19852
7562,20040,19853
1783,20044,19854
9585,20044,19855
17601,20049,19856
7340,20052,19857
15626,20052,19858
16321,20055,19859
21391,20055,19860
23239,20056,19861
13631,20056,19862
804,20056,19863
8091,20058,19864
8905,20058,19865
10545,20059,19866
11419,20059,19867
3201,20059,19868
8357,20060,19869
10346,20060,19870
19488,20060,19871
20703,20060,19872
11435,20060,19873
2143,20061,19874
13448,20061,19875
12005,20061,19876
15325,20062,19877
21612,20062,19878
3530,20062,19879
15896,20062,19880
12196,20064,19881
3540,20066,19882
1272,20066,19883
8967,20066,19884
9835,20066,19885
18703,20066,19886
17601,20068,19887
17601,20072,19888
4569,20075,19889
2638,20075,19890
23967,20075,19891
11871,20077,19892
4527,20077,19893
15887,20077,19894
6174,20078,19895
7349,20078,19896
7546,20078,19897
17601,20079,19898
13199,20080,19899
19671,20080,19900
23876,20080,19901
4824,20080,19902
11569,20081,19903
5278,20081,19904
8905,20081,19905
19474,20081,19906
19125,20083,19907
8585,20083,19908
15059,20083,19909
18898,20083,19910
16391,20085,19911
18196,20085,19912
18540,20085,19913
17601,20087,19914
17601,20088,19915
4885,20089,19916
18910,20089,19917
23682,20089,19918
11095,20092,19919
6971,20092,19920
7288,20092,19921
585,20093,19922
11187,20093,19923
18664,20093,19924
17601,20094,19925
11161,20097,19926
6855,20097,19927
2037,20097,19928
5768,20097,19929
706,20098,19930
503,20098,19931
7053,20098,19932
23622,20099,19933
22795,20099,19934
17056,20099,19935
9379,20099,19936
13879,20099,19937
11332,20102,19938
6698,20102,19939
22356,20102,19940
13437,20102,19941
23676,20102,19942
3965,20105,19943
7546,20105,19944
11015,20106,19945
19009,20108,19946
17601,20110,19947
23052,20112,19948
18616,20112,19949
20124,20112,19950
14050,20114,19951
17601,20117,19952
2926,20118,19953
3954,20120,19954
6426,20120,19955
18543,20120,19956
14920,20120,19957
8550,20120,19958
21261,20121,19959
5308,20121,19960
4902,20128,19961
12133,20128,19962
6270,20128,19963
21332,20136,19964
13475,20136,19965
21127,20137,19966
7917,20137,19967
13404,20137,19968
1471,20137,19969
3210,20137,19970
12521,20138,19971
22580,20138,19972
3225,20139,19973
23543,20139,19974
11152,20144,19975
17601,20148,19976
17601,20151,19977
21135,20152,19978
7349,20152,19979
17938,20152,19980
4844,20153,19981
23712,20153,19982
2030,20153,19983
17649,20153,19984
10737,20154,19985
17601,20157,19986
24003,20160,19987
8916,20160,19988
11479,20160,19989
3654,20163,19990
4370,20163,19991
5227,20163,19992
9502,20164,19993
9874,20164,19994
13782,20164,19995
7200,20165,19996
22313,20165,19997
10788,20165,19998
13730,20169,19999
10715,20169,20000
5306,20169,20001
17601,20170,20002
22911,20172,20003
5227,20172,20004
11743,20172,20005
4645,20174,20006
10382,20174,20007
9284,20174,20008
13532,20176,20009
13096,20176,20010
6148,20178,20011
19692,20178,20012
17138,20178,20013
17601,20179,20014
16230,20180,20015
21003,20180,20016
16781,20180,20017
200,20181,20018
1155,20181,20019
16241,20181,20020
17601,20182,20021
19349,20183,20022
16688,20183,20023
19682,20183,20024
23138,20187,20025
21781,20187,20026
10850,20187,20027
7525,20188,20028
24262,20188,20029
20905,20188,20030
17601,20190,20031
3997,20197,20032
3459,20197,20033
21702,20198,20034
11156,20198,20035
7427,20198,20036
17601,20199,20037
17601,20200,20038
20180,20201,20039
7944,20201,20040
10340,20201,20041
17601,20202,20042
17601,20206,20043
17722,20207,20044
22217,20207,20045
22248,20207,20046
24005,20208,20047
24203,20208,20048
7616,20211,20049
16644,20211,20050
5772,20211,20051
17601,20212,20052
17980,20213,20053
12525,20213,20054
17601,20214,20055
17601,20215,20056
16262,20217,20057
3432,20217,20058
6996,20217,20059
17601,20219,20060
17601,20220,20061
17601,20222,20062
21282,20225,20063
1194,20225,20064
17997,20225,20065
23967,20227,20066
10977,20227,20067
11905,20227,20068
17601,20228,20069
18779,20231,20070
9505,20231,20071
9602,20231,20072
7710,20231,20073
8992,20231,20074
17601,20233,20075
17601,20234,20076
429,20235,20077
11158,20236,20078
11091,20236,20079
1678,20236,20080
24785,20236,20081
4975,20236,20082
8660,20237,20083
8268,20238,20084
3448,20238,20085
17601,20240,20086
17601,20241,20087
17601,20242,20088
15076,20248,20089
12955,20248,20090
13744,20249,20091
16447,20249,20092
139,20249,20093
23129,20251,20094
23195,20251,20095
1091,20251,20096
17601,20253,20097
17601,20257,20098
14730,20258,20099
11890,20258,20100
19682,20258,20101
17789,20259,20102
17557,20259,20103
6708,20259,20104
17601,20260,20105
3448,20262,20106
8623,20262,20107
8992,20262,20108
19138,20264,20109
11668,20264,20110
17354,20264,20111
17601,20268,20112
12908,20269,20113
4740,20269,20114
18613,20270,20115
7172,20270,20116
17708,20270,20117
17601,20271,20118
4472,20272,20119
16683,20272,20120
13309,20272,20121
17601,20273,20122
17601,20274,20123
139,20276,20124
3107,20276,20125
1536,20276,20126
4006,20278,20127
17084,20278,20128
19796,20278,20129
8213,20278,20130
5679,20282,20131
3989,20282,20132
8416,20282,20133
13754,20282,20134
20180,20283,20135
7671,20283,20136
9180,20283,20137
13064,20283,20138
8161,20283,20139
16408,20284,20140
5160,20284,20141
23758,20286,20142
22408,20286,20143
17601,20288,20144
17601,20289,20145
1876,20290,20146
18528,20290,20147
17440,20291,20148
24059,20291,20149
14251,20292,20150
6270,20292,20151
16549,20293,20152
24196,20293,20153
12633,20294,20154
8485,20295,20155
11144,20296,20156
20820,20296,20157
19646,20299,20158
10268,20299,20159
15857,20302,20160
10977,20302,20161
12462,20303,20162
16488,20303,20163
11194,20305,20164
8092,20305,20165
8580,20306,20166
12656,20306,20167
10147,20307,20168
9262,20307,20169
11598,20308,20170
9506,20308,20171
20421,20309,20172
8013,20309,20173
13474,20312,20174
10665,20312,20175
15742,20313,20176
23971,20313,20177
11910,20315,20178
11912,20315,20179
6817,20315,20180
17601,20317,20181
17601,20319,20182
17601,20320,20183
12376,20322,20184
23961,20322,20185
4932,20322,20186
17601,20323,20187
10502,20324,20188
1107,20324,20189
4297,20324,20190
17601,20326,20191
17601,20327,20192
17601,20328,20193
5443,20329,20194
20628,20329,20195
10948,20331,20196
18755,20331,20197
15167,20331,20198
15394,20331,20199
9255,20331,20200
17601,20332,20201
23277,20333,20202
21932,20333,20203
11441,20337,20204
12977,20337,20205
11686,20337,20206
1671,20338,20207
5386,20338,20208
17601,20340,20209
17415,20341,20210
10977,20341,20211
11329,20341,20212
17601,20343,20213
17601,20347,20214
17601,20348,20215
23858,20351,20216
19450,20351,20217
7391,20351,20218
15213,20351,20219
17601,20353,20220
17601,20354,20221
17601,20356,20222
17601,20359,20223
17601,20360,20224
15681,20361,20225
10818,20361,20226
17601,20362,20227
17601,20364,20228
9500,20365,20229
18842,20365,20230
17601,20366,20231
10453,20367,20232
12376,20368,20233
2885,20370,20234
17601,20371,20235
17601,20372,20236
20731,20377,20237
2662,20377,20238
13177,20378,20239
15742,20378,20240
10418,20378,20241
17601,20380,20242
17415,20381,20243
4420,20381,20244
19860,20381,20245
24491,20383,20246
8857,20383,20247
3952,20383,20248
11226,20384,20249
14726,20384,20250
17115,20384,20251
4897,20385,20252
7656,20385,20253
9220,20385,20254
10378,20391,20255
13022,20391,20256
20433,20393,20257
19682,20393,20258
10686,20393,20259
17601,20401,20260
6781,20406,20261
21545,20406,20262
17601,20413,20263
9143,20416,20264
19860,20416,20265
17601,20421,20266
10313,20423,20267
20433,20423,20268
22019,20423,20269
17601,20427,20270
17601,20428,20271
6965,20430,20272
3210,20430,20273
1488,20430,20274
17920,20431,20275
10205,20431,20276
21754,20431,20277
16894,20434,20278
4956,20434,20279
20296,20434,20280
17726,20435,20281
13874,20435,20282
10909,20435,20283
16001,20436,20284
21435,20436,20285
16369,20436,20286
16993,20437,20287
12958,20437,20288
6714,20439,20289
10740,20439,20290
17601,20441,20291
2181,20442,20292
23961,20442,20293
17665,20444,20294
5159,20444,20295
18891,20445,20296
20402,20445,20297
14296,20446,20298
22288,20446,20299
4830,20447,20300
17601,20449,20301
10223,20450,20302
10977,20450,20303
688,20451,20304
5627,20451,20305
3734,20451,20306
1873,20451,20307
11479,20452,20308
16493,20452,20309
5334,20453,20310
2242,20455,20311
23322,20455,20312
10788,20455,20313
8022,20456,20314
17229,20457,20315
7222,20457,20316
17945,20457,20317
19952,20458,20318
13824,20458,20319
7299,20458,20320
17601,20460,20321
8267,20461,20322
11086,20461,20323
5627,20461,20324
4415,20462,20325
14605,20462,20326
13260,20463,20327
5160,20463,20328
2242,20463,20329
20387,20463,20330
20606,20465,20331
23251,20466,20332
18613,20466,20333
8301,20466,20334
5151,20469,20335
22463,20469,20336
16644,20469,20337
17601,20470,20338
24005,20471,20339
16985,20471,20340
23302,20471,20341
15076,20474,20342
14749,20474,20343
3354,20474,20344
17601,20475,20345
22019,20476,20346
16347,20476,20347
11778,20476,20348
17601,20477,20349
17601,20479,20350
15965,20480,20351
21681,20481,20352
3876,20481,20353
5860,20481,20354
17601,20484,20355
17601,20486,20356
9757,20490,20357
5750,20490,20358
21781,20490,20359
17601,20491,20360
19960,20493,20361
804,20493,20362
5546,20494,20363
20525,20494,20364
9389,20496,20365
5859,20496,20366
1689,20496,20367
3439,20499,20368
12195,20499,20369
3195,20499,20370
9628,20500,20371
17904,20500,20372
11667,20500,20373
9239,20501,20374
23896,20501,20375
7140,20501,20376
11871,20501,20377
17601,20502,20378
8845,20506,20379
5905,20506,20380
11405,20506,20381
15118,20506,20382
2213,20506,20383
3326,20506,20384
17794,20506,20385
16977,20506,20386
11216,20506,20387
11440,20506,20388
1105,20507,20389
778,20507,20390
1091,20507,20391
2956,20507,20392
17601,20508,20393
5897,20509,20394
4420,20509,20395
2638,20509,20396
10161,20509,20397
24137,20510,20398
10102,20513,20399
10170,20513,20400
17601,20515,20401
17601,20516,20402
22148,20517,20403
8175,20517,20404
17601,20521,20405
17601,20522,20406
24356,20523,20407
17601,20525,20408
18289,20526,20409
2886,20526,20410
10511,20526,20411
14060,20527,20412
10223,20528,20413
17601,20529,20414
964,20530,20415
8520,20530,20416
23968,20531,20417
5125,20531,20418
3192,20531,20419
24211,20531,20420
19009,20533,20421
4897,20535,20422
21252,20535,20423
17601,20536,20424
5718,20537,20425
22148,20539,20426
14288,20539,20427
17669,20541,20428
21235,20541,20429
19998,20542,20430
5298,20542,20431
21354,20543,20432
10628,20543,20433
14130,20545,20434
16850,20547,20435
477,20547,20436
14642,20547,20437
17601,20552,20438
17601,20553,20439
12013,20555,20440
322,20555,20441
19449,20555,20442
7299,20556,20443
6143,20556,20444
10223,20556,20445
17601,20562,20446
8619,20564,20447
19625,20564,20448
16127,20564,20449
17105,20565,20450
3637,20565,20451
6714,20565,20452
17601,20566,20453
17601,20567,20454
8099,20568,20455
8084,20568,20456
8818,20568,20457
18891,20568,20458
19499,20568,20459
24328,20569,20460
16061,20569,20461
20904,20569,20462
9792,20569,20463
17601,20570,20464
2848,20573,20465
20410,20573,20466
20518,20573,20467
5804,20578,20468
7656,20578,20469
19860,20578,20470
1584,20580,20471
10878,20580,20472
6714,20580,20473
17601,20582,20474
19208,20584,20475
17202,20584,20476
11746,20584,20477
17601,20585,20478
4810,20588,20479
9387,20588,20480
177,20588,20481
17601,20590,20482
5624,20591,20483
7383,20591,20484
23372,20591,20485
4812,20591,20486
3322,20593,20487
1050,20593,20488
24801,20593,20489
11952,20593,20490
17601,20595,20491
3442,20597,20492
278,20597,20493
4630,20597,20494
9979,20598,20495
19355,20598,20496
17601,20599,20497
17601,20600,20498
17601,20602,20499
22351,20603,20500
6179,20603,20501
7710,20607,20502
11905,20607,20503
13195,20609,20504
13441,20609,20505
6971,20611,20506
13631,20611,20507
5312,20612,20508
3525,20612,20509
19952,20612,20510
21469,20612,20511
5386,20615,20512
10443,20615,20513
14473,20615,20514
14660,20618,20515
7267,20618,20516
10248,20618,20517
6058,20620,20518
4282,20620,20519
426,20620,20520
17440,20622,20521
22770,20622,20522
17601,20629,20523
12457,20630,20524
5804,20630,20525
17601,20633,20526
17601,20634,20527
8980,20636,20528
8343,20637,20529
16772,20637,20530
21356,20638,20531
15954,20638,20532
23127,20638,20533
17577,20638,20534
6517,20638,20535
13659,20638,20536
16285,20638,20537
21781,20639,20538
48,20639,20539
17105,20640,20540
17601,20641,20541
17601,20642,20542
12870,20643,20543
5679,20643,20544
17601,20645,20545
20187,20646,20546
10921,20648,20547
11307,20648,20548
23662,20649,20549
23322,20649,20550
24622,20650,20551
4196,20650,20552
23597,20652,20553
6887,20652,20554
17597,20652,20555
5404,20652,20556
18974,20652,20557
19479,20654,20558
21890,20654,20559
6473,20654,20560
14716,20655,20561
5667,20655,20562
11641,20657,20563
14673,20657,20564
21374,20657,20565
10867,20658,20566
17265,20658,20567
23807,20658,20568
3063,20659,20569
18876,20659,20570
18588,20659,20571
17997,20666,20572
15274,20666,20573
9754,20667,20574
1471,20667,20575
13224,20668,20576
1505,20668,20577
14130,20668,20578
48,20670,20579
11894,20670,20580
1155,20670,20581
7581,20671,20582
13520,20671,20583
13547,20671,20584
16721,20671,20585
17601,20675,20586
24202,20677,20587
5414,20677,20588
10872,20678,20589
16241,20678,20590
12141,20678,20591
17601,20680,20592
11912,20683,20593
1182,20683,20594
24235,20683,20595
24223,20683,20596
17601,20684,20597
17601,20686,20598
6441,20689,20599
199,20689,20600
10161,20689,20601
17601,20690,20602
21619,20693,20603
21809,20693,20604
2346,20693,20605
18913,20694,20606
20136,20694,20607
16894,20698,20608
11011,20698,20609
10511,20698,20610
17601,20699,20611
4513,20701,20612
23746,20701,20613
14730,20701,20614
17601,20703,20615
22386,20705,20616
12443,20705,20617
5378,20705,20618
3520,20705,20619
5386,20706,20620
15562,20707,20621
13527,20707,20622
17601,20711,20623
6950,20712,20624
3130,20712,20625
12141,20712,20626
17601,20713,20627
14449,20714,20628
18535,20714,20629
10485,20717,20630
15987,20717,20631
17601,20721,20632
4436,20722,20633
10070,20722,20634
17601,20723,20635
1701,20725,20636
12518,20725,20637
10531,20726,20638
5804,20726,20639
1873,20727,20640
1536,20727,20641
22525,20732,20642
13256,20732,20643
5624,20733,20644
11910,20733,20645
9284,20735,20646
4844,20735,20647
13389,20736,20648
15843,20736,20649
8905,20739,20650
14497,20739,20651
9785,20739,20652
24572,20740,20653
15585,20740,20654
7286,20741,20655
8311,20741,20656
8839,20741,20657
17601,20745,20658
20266,20747,20659
3938,20747,20660
23366,20747,20661
24106,20748,20662
3564,20748,20663
9289,20749,20664
18812,20749,20665
18460,20749,20666
23851,20750,20667
23087,20750,20668
14065,20752,20669
10704,20752,20670
12344,20752,20671
17601,20754,20672
5918,20755,20673
322,20755,20674
15540,20755,20675
17440,20761,20676
10453,20761,20677
8213,20761,20678
17601,20763,20679
434,20765,20680
23695,20765,20681
20729,20765,20682
17601,20768,20683
17601,20769,20684
6441,20770,20685
12141,20770,20686
24798,20770,20687
16652,20770,20688
24203,20772,20689
3952,20774,20690
23971,20775,20691
11906,20776,20692
23569,20776,20693
9415,20777,20694
17644,20777,20695
17601,20778,20696
23971,20781,20697
23967,20781,20698
11011,20781,20699
17601,20782,20700
13177,20783,20701
3416,20783,20702
8360,20783,20703
17601,20784,20704
22299,20785,20705
5186,20785,20706
2734,20785,20707
4006,20785,20708
17601,20786,20709
13547,20787,20710
20612,20787,20711
11391,20787,20712
22217,20788,20713
16503,20788,20714
17601,20790,20715
24337,20791,20716
19960,20791,20717
3527,20792,20718
10458,20792,20719
22306,20798,20720
22921,20798,20721
17601,20799,20722
1634,20800,20723
17001,20800,20724
17601,20801,20725
10394,20802,20726
22766,20804,20727
3979,20804,20728
4540,20806,20729
9030,20806,20730
3091,20807,20731
11997,20807,20732
24337,20809,20733
199,20809,20734
22552,20810,20735
24047,20810,20736
17601,20811,20737
3199,20812,20738
3958,20812,20739
6143,20814,20740
9504,20814,20741
15394,20814,20742
17601,20817,20743
8818,20821,20744
14497,20821,20745
15407,20822,20746
4506,20822,20747
3539,20822,20748
17601,20823,20749
17601,20826,20750
7081,20827,20751
18786,20827,20752
17601,20829,20753
17601,20831,20754
16793,20833,20755
21702,20833,20756
14351,20833,20757
16655,20834,20758
5486,20834,20759
10131,20834,20760
11569,20835,20761
4306,20835,20762
21160,20835,20763
24282,20836,20764
19313,20836,20765
8905,20836,20766
17601,20837,20767
19554,20838,20768
11598,20838,20769
23195,20838,20770
17601,20842,20771
10682,20844,20772
10729,20844,20773
13810,20844,20774
17601,20846,20775
4420,20847,20776
13392,20847,20777
8583,20847,20778
6494,20849,20779
1094,20849,20780
20716,20849,20781
1512,20851,20782
24735,20851,20783
17769,20851,20784
15254,20852,20785
23712,20852,20786
6585,20854,20787
10346,20854,20788
98,20854,20789
12779,20857,20790
9788,20857,20791
22621,20857,20792
24262,20858,20793
20987,20858,20794
9628,20858,20795
17601,20859,20796
24152,20861,20797
24798,20861,20798
17446,20861,20799
15955,20861,20800
20914,20861,20801
20245,20863,20802
6679,20863,20803
17601,20864,20804
17601,20870,20805
17601,20872,20806
2175,20873,20807
1050,20873,20808
6463,20874,20809
10740,20874,20810
13238,20874,20811
1781,20874,20812
16046,20875,20813
10313,20875,20814
10231,20875,20815
13456,20876,20816
17202,20876,20817
17242,20878,20818
11671,20878,20819
13830,20879,20820
22669,20879,20821
11692,20881,20822
12457,20881,20823
23082,20882,20824
22284,20882,20825
6798,20883,20826
20180,20883,20827
10786,20885,20828
19782,20886,20829
15076,20886,20830
23967,20887,20831
11905,20887,20832
19650,20888,20833
512,20888,20834
18007,20889,20835
3109,20889,20836
11241,20892,20837
19313,20892,20838
11272,20893,20839
3347,20893,20840
9404,20894,20841
23634,20894,20842
525,20895,20843
22284,20895,20844
16102,20896,20845
17601,20897,20846
12266,20898,20847
7590,20898,20848
14626,20899,20849
11734,20899,20850
17601,20901,20851
17601,20903,20852
3107,20904,20853
18535,20904,20854
7338,20904,20855
4420,20906,20856
537,20907,20857
20334,20907,20858
12566,20907,20859
17426,20909,20860
5625,20909,20861
1486,20910,20862
10740,20910,20863
12515,20910,20864
16064,20913,20865
7546,20913,20866
2149,20913,20867
23321,20914,20868
19970,20914,20869
7140,20914,20870
12955,20915,20871
19997,20915,20872
24242,20915,20873
21733,20915,20874
9505,20915,20875
5679,20916,20876
23144,20916,20877
7200,20916,20878
15823,20918,20879
9824,20918,20880
15593,20918,20881
17601,20919,20882
13625,20923,20883
2711,20923,20884
16721,20923,20885
11692,20925,20886
1050,20925,20887
19682,20925,20888
24597,20926,20889
3465,20926,20890
22440,20926,20891
7976,20928,20892
10158,20930,20893
17601,20931,20894
19499,20932,20895
6615,20932,20896
6781,20932,20897
17601,20935,20898
16811,20939,20899
9162,20939,20900
4617,20939,20901
7546,20939,20902
20532,20942,20903
21957,20942,20904
9989,20942,20905
6775,20942,20906
24601,20944,20907
21354,20944,20908
10198,20944,20909
17601,20945,20910
12510,20946,20911
15618,20946,20912
6459,20947,20913
23403,20948,20914
4830,20948,20915
3199,20950,20916
6219,20951,20917
2017,20951,20918
6838,20951,20919
17930,20954,20920
14096,20954,20921
23047,20954,20922
13404,20956,20923
19313,20957,20924
161,20957,20925
17601,20959,20926
17601,20960,20927
12958,20961,20928
12198,20961,20929
23746,20961,20930
6714,20962,20931
525,20964,20932
23810,20965,20933
5372,20965,20934
6742,20968,20935
1505,20968,20936
7338,20970,20937
21833,20970,20938
5659,20971,20939
4422,20971,20940
17601,20972,20941
16360,20974,20942
23302,20974,20943
18051,20978,20944
132,20978,20945
13525,20979,20946
10948,20979,20947
17601,20980,20948
7970,20981,20949
5319,20981,20950
17601,20982,20951
13634,20983,20952
4833,20983,20953
16174,20985,20954
8031,20985,20955
17601,20986,20956
7052,20987,20957
21010,20987,20958
20294,20989,20959
23144,20989,20960
17601,20992,20961
24476,20993,20962
803,20993,20963
1873,20993,20964
20108,20993,20965
17299,20994,20966
13320,20994,20967
19128,20997,20968
2881,20997,20969
3199,20997,20970
17415,20999,20971
2605,20999,20972
3448,20999,20973
14989,20999,20974
12190,20999,20975
17601,21000,20976
11441,21001,20977
10977,21001,20978
7944,21001,20979
3958,21001,20980
5913,21002,20981
20135,21002,20982
11912,21002,20983
17601,21003,20984
17601,21006,20985
17601,21008,20986
15742,21011,20987
20170,21011,20988
11730,21011,20989
19690,21012,20990
11762,21012,20991
6103,21012,20992
17775,21013,20993
16864,21013,20994
6978,21013,20995
15163,21014,20996
2839,21014,20997
5421,21014,20998
17601,21016,20999
3988,21018,21000
20181,21020,21001
15841,21020,21002
10223,21020,21003
2580,21022,21004
20852,21022,21005
12515,21022,21006
11843,21023,21007
15965,21023,21008
23138,21023,21009
20733,21028,21010
22912,21028,21011
12981,21028,21012
12672,21030,21013
20987,21030,21014
4540,21030,21015
15354,21031,21016
18785,21031,21017
20163,21034,21018
23062,21034,21019
13381,21034,21020
5703,21038,21021
2926,21038,21022
10305,21038,21023
17601,21042,21024
8326,21045,21025
24196,21045,21026
8476,21045,21027
17601,21046,21028
17197,21047,21029
4912,21047,21030
21553,21047,21031
3677,21049,21032
10707,21049,21033
12343,21049,21034
17601,21051,21035
17601,21053,21036
18083,21054,21037
3958,21054,21038
21343,21054,21039
20296,21056,21040
23695,21056,21041
5750,21056,21042
22193,21059,21043
7051,21059,21044
1808,21060,21045
48,21060,21046
18276,21062,21047
5283,21062,21048
2511,21062,21049
12693,21063,21050
22410,21063,21051
24292,21066,21052
7945,21066,21053
13477,21066,21054
4761,21066,21055
13298,21066,21056
23313,21066,21057
20912,21066,21058
8980,21066,21059
10249,21066,21060
12374,21066,21061
613,21068,21062
7457,21068,21063
14012,21069,21064
8031,21069,21065
11430,21069,21066
2693,21069,21067
17601,21071,21068
17601,21073,21069
17601,21077,21070
6714,21078,21071
18910,21080,21072
23961,21080,21073
9518,21081,21074
17735,21081,21075
10545,21084,21076
10829,21086,21077
1983,21086,21078
1536,21087,21079
14605,21090,21080
11960,21090,21081
19488,21090,21082
18664,21092,21083
12514,21092,21084
19259,21092,21085
11085,21094,21086
10313,21094,21087
4724,21094,21088
19752,21095,21089
3632,21095,21090
8779,21095,21091
20180,21095,21092
1182,21096,21093
19499,21096,21094
2638,21096,21095
10000,21096,21096
17601,21098,21097
18613,21100,21098
21708,21100,21099
8694,21100,21100
11819,21102,21101
13225,21102,21102
24157,21102,21103
5085,21102,21104
17601,21103,21105
17601,21105,21106
10995,21109,21107
15841,21109,21108
12400,21109,21109
7656,21110,21110
23129,21110,21111
19128,21110,21112
7200,21110,21113
14058,21112,21114
23055,21112,21115
19738,21116,21116
15569,21116,21117
17352,21116,21118
22091,21116,21119
20562,21117,21120
17697,21117,21121
11778,21117,21122
10689,21121,21123
18671,21121,21124
22455,21121,21125
15742,21124,21126
10047,21124,21127
199,21124,21128
7917,21127,21129
19513,21127,21130
13520,21127,21131
13095,21127,21132
4897,21127,21133
13259,21128,21134
1035,21128,21135
4898,21128,21136
13072,21129,21137
1762,21129,21138
15869,21129,21139
14813,21130,21140
2855,21130,21141
17415,21131,21142
9446,21131,21143
2880,21131,21144
13631,21131,21145
6708,21132,21146
21781,21133,21147
1808,21133,21148
9130,21136,21149
16991,21136,21150
17601,21138,21151
10628,21139,21152
16571,21139,21153
17601,21140,21154
17601,21142,21155
14812,21143,21156
22505,21143,21157
13974,21145,21158
23961,21145,21159
23201,21145,21160
6935,21146,21161
12374,21146,21162
23206,21146,21163
17601,21147,21164
17601,21152,21165
17117,21153,21166
4447,21153,21167
6708,21159,21168
6120,21159,21169
2255,21159,21170
2570,21161,21171
17415,21161,21172
19017,21162,21173
22551,21162,21174
17601,21163,21175
16174,21165,21176
11846,21166,21177
11011,21168,21178
5876,21169,21179
5093,21169,21180
20625,21170,21181
4898,21170,21182
11069,21171,21183
1520,21171,21184
17601,21172,21185
14630,21173,21186
20455,21173,21187
22451,21176,21188
20703,21176,21189
21127,21178,21190
268,21178,21191
5859,21179,21192
5925,21179,21193
21577,21179,21194
22611,21181,21195
7619,21181,21196
16226,21182,21197
2926,21182,21198
16426,21183,21199
15034,21183,21200
7149,21183,21201
19996,21183,21202
12141,21183,21203
8038,21184,21204
20931,21184,21205
11907,21184,21206
17601,21186,21207
3898,21187,21208
16039,21187,21209
14697,21187,21210
6148,21188,21211
11498,21188,21212
4844,21188,21213
17601,21189,21214
14004,21191,21215
3203,21192,21216
12130,21192,21217
6628,21192,21218
17601,21194,21219
17601,21195,21220
14570,21199,21221
7917,21199,21222
6473,21199,21223
23447,21199,21224
15495,21199,21225
9518,21200,21226
20627,21200,21227
17707,21200,21228
2880,21201,21229
3436,21201,21230
24025,21201,21231
12838,21203,21232
23750,21203,21233
1258,21203,21234
17985,21212,21235
21840,21212,21236
18051,21214,21237
5160,21217,21238
23785,21217,21239
505,21217,21240
6581,21218,21241
9504,21218,21242
8213,21222,21243
9639,21222,21244
23509,21222,21245
17601,21225,21246
17601,21228,21247
17601,21230,21248
17601,21231,21249
17601,21232,21250
17601,21234,21251
15720,21237,21252
4041,21237,21253
17601,21238,21254
17601,21239,21255
883,21240,21256
19413,21240,21257
17601,21242,21258
2734,21244,21259
24783,21244,21260
2175,21244,21261
7301,21245,21262
9505,21248,21263
11843,21248,21264
19693,21250,21265
2605,21250,21266
3052,21252,21267
5124,21252,21268
10589,21252,21269
23990,21254,21270
21157,21254,21271
21744,21255,21272
15965,21258,21273
5523,21258,21274
4183,21259,21275
9406,21259,21276
11361,21260,21277
16772,21260,21278
461,21261,21279
11002,21261,21280
7385,21264,21281
2097,21264,21282
19065,21265,21283
12955,21266,21284
2570,21266,21285
1667,21268,21286
13392,21268,21287
17908,21270,21288
23423,21270,21289
5750,21270,21290
24769,21271,21291
9460,21271,21292
17601,21273,21293
17601,21274,21294
16262,21276,21295
3448,21276,21296
17729,21276,21297
1050,21276,21298
6963,21281,21299
7140,21281,21300
3893,21282,21301
11465,21282,21302
9502,21282,21303
1701,21282,21304
3091,21285,21305
21533,21285,21306
4006,21285,21307
17601,21286,21308
2361,21287,21309
10847,21287,21310
11871,21288,21311
2153,21288,21312
6622,21288,21313
22309,21290,21314
23474,21290,21315
22220,21290,21316
17601,21291,21317
10279,21292,21318
7308,21292,21319
9698,21292,21320
17997,21293,21321
15128,21294,21322
4420,21294,21323
2734,21294,21324
9389,21296,21325
24,21296,21326
6081,21296,21327
22108,21296,21328
3439,21296,21329
18535,21299,21330
8390,21299,21331
9239,21299,21332
17649,21299,21333
17601,21300,21334
20603,21301,21335
14948,21301,21336
13063,21301,21337
20183,21301,21338
11843,21302,21339
20987,21302,21340
4956,21302,21341
13305,21304,21342
11333,21304,21343
19074,21304,21344
11717,21304,21345
12396,21306,21346
15495,21306,21347
15841,21307,21348
13259,21307,21349
4527,21307,21350
8916,21307,21351
24811,21308,21352
18068,21308,21353
13601,21308,21354
16561,21308,21355
23055,21309,21356
10659,21309,21357
17415,21309,21358
17601,21310,21359
3448,21313,21360
1631,21315,21361
3797,21315,21362
11894,21315,21363
15896,21315,21364
19845,21316,21365
19313,21316,21366
20180,21316,21367
15857,21317,21368
8404,21317,21369
17601,21319,21370
17601,21320,21371
17601,21322,21372
11329,21325,21373
19860,21325,21374
12460,21326,21375
16493,21326,21376
20987,21328,21377
23815,21328,21378
4472,21328,21379
2885,21329,21380
5950,21331,21381
24491,21331,21382
15106,21333,21383
6363,21333,21384
19893,21335,21385
6832,21335,21386
14993,21336,21387
10801,21336,21388
17601,21338,21389
16840,21340,21390
18771,21340,21391
7592,21342,21392
16997,21342,21393
13888,21344,21394
17252,21344,21395
2634,21345,21396
6697,21345,21397
23239,21346,21398
13631,21346,21399
24356,21347,21400
23695,21347,21401
18484,21348,21402
10338,21348,21403
19842,21349,21404
14255,21349,21405
7917,21350,21406
18780,21350,21407
3308,21351,21408
3478,21351,21409
21467,21352,21410
59,21352,21411
22217,21353,21412
3109,21353,21413
22165,21354,21414
11055,21354,21415
23746,21356,21416
21132,21359,21417
877,21359,21418
3632,21364,21419
24,21364,21420
15585,21364,21421
19080,21368,21422
23961,21368,21423
17601,21369,21424
17601,21374,21425
17601,21375,21426
16655,21379,21427
7149,21379,21428
5299,21379,21429
13041,21379,21430
22857,21379,21431
6653,21380,21432
2181,21380,21433
4887,21380,21434
21113,21381,21435
16252,21381,21436
22926,21381,21437
13064,21381,21438
8826,21383,21439
16782,21383,21440
20181,21383,21441
22972,21385,21442
6714,21385,21443
14878,21386,21444
9347,21386,21445
14453,21386,21446
19893,21389,21447
14427,21389,21448
8311,21389,21449
17601,21397,21450
17601,21398,21451
13744,21399,21452
19000,21399,21453
6643,21399,21454
8905,21400,21455
21775,21400,21456
9212,21400,21457
17601,21403,21458
17601,21404,21459
5390,21407,21460
3654,21407,21461
3958,21407,21462
19797,21408,21463
21010,21408,21464
24309,21408,21465
24783,21410,21466
8213,21410,21467
2887,21410,21468
4833,21412,21469
13634,21412,21470
17601,21414,21471
16999,21415,21472
23558,21415,21473
13550,21415,21474
24235,21416,21475
4306,21416,21476
17601,21417,21477
15691,21418,21478
10827,21418,21479
21276,21422,21480
11362,21422,21481
7174,21422,21482
11435,21423,21483
7616,21423,21484
7427,21423,21485
887,21423,21486
13419,21423,21487
13378,21423,21488
8220,21424,21489
7765,21424,21490
10707,21424,21491
8992,21425,21492
16491,21425,21493
17601,21426,21494
618,21428,21495
5218,21428,21496
10398,21428,21497
4540,21429,21498
20882,21430,21499
23752,21430,21500
11435,21430,21501
6714,21433,21502
17105,21433,21503
1648,21434,21504
10455,21434,21505
7656,21435,21506
18083,21435,21507
10616,21436,21508
11011,21437,21509
10313,21437,21510
1702,21439,21511
10879,21439,21512
15762,21444,21513
9239,21444,21514
17601,21445,21515
17153,21446,21516
20399,21446,21517
3060,21447,21518
6082,21447,21519
13013,21448,21520
7203,21448,21521
9454,21449,21522
18995,21449,21523
24600,21449,21524
7059,21450,21525
22934,21450,21526
13476,21451,21527
20703,21451,21528
6441,21451,21529
298,21452,21530
19294,21452,21531
3453,21454,21532
4204,21454,21533
12977,21455,21534
22402,21455,21535
24169,21456,21536
22209,21456,21537
17601,21457,21538
24106,21458,21539
4856,21458,21540
19669,21458,21541
21391,21460,21542
6544,21460,21543
20433,21460,21544
17229,21461,21545
12462,21461,21546
15061,21461,21547
5125,21466,21548
12376,21466,21549
21127,21469,21550
16248,21469,21551
14570,21469,21552
8092,21469,21553
17842,21469,21554
17601,21470,21555
20325,21471,21556
5703,21471,21557
8855,21472,21558
15731,21472,21559
23015,21472,21560
12296,21472,21561
9785,21474,21562
15896,21474,21563
23322,21474,21564
9472,21476,21565
20532,21476,21566
5125,21476,21567
6164,21477,21568
14305,21477,21569
13338,21477,21570
11762,21483,21571
16571,21483,21572
17034,21483,21573
18755,21483,21574
3386,21483,21575
10681,21483,21576
3448,21485,21577
17375,21485,21578
4885,21485,21579
18715,21486,21580
8655,21486,21581
6180,21486,21582
16039,21486,21583
16578,21487,21584
16282,21487,21585
12510,21487,21586
9387,21488,21587
8038,21488,21588
4472,21489,21589
585,21489,21590
12955,21489,21591
7944,21489,21592
22313,21490,21593
19413,21490,21594
7546,21490,21595
19568,21491,21596
17229,21491,21597
8161,21491,21598
15907,21494,21599
4235,21494,21600
16866,21494,21601
19927,21495,21602
23056,21495,21603
1766,21495,21604
17601,21496,21605
17601,21497,21606
8092,21498,21607
4724,21498,21608
17601,21505,21609
17601,21506,21610
17601,21507,21611
17601,21509,21612
17601,21511,21613
17904,21513,21614
15965,21513,21615
6091,21515,21616
14989,21516,21617
10070,21516,21618
18588,21516,21619
24011,21517,21620
1536,21521,21621
6781,21521,21622
14413,21522,21623
12812,21522,21624
12015,21523,21625
1303,21523,21626
21343,21524,21627
2885,21525,21628
12514,21525,21629
17908,21528,21630
16697,21528,21631
21010,21532,21632
23842,21533,21633
10118,21533,21634
20914,21533,21635
12554,21534,21636
22590,21534,21637
6622,21539,21638
23971,21540,21639
18973,21540,21640
20859,21541,21641
4897,21541,21642
24662,21542,21643
19461,21542,21644
9990,21542,21645
3632,21543,21646
17165,21543,21647
17601,21544,21648
17601,21547,21649
11454,21548,21650
21070,21548,21651
7267,21548,21652
17446,21549,21653
5860,21549,21654
3448,21549,21655
14161,21553,21656
5642,21553,21657
17446,21553,21658
17601,21555,21659
17454,21557,21660
9885,21557,21661
19362,21557,21662
6538,21559,21663
12376,21560,21664
11928,21560,21665
5456,21560,21666
17601,21561,21667
17601,21562,21668
17601,21564,21669
17601,21565,21670
17601,21566,21671
19570,21569,21672
18686,21569,21673
9486,21569,21674
14449,21571,21675
1584,21571,21676
19259,21571,21677
6267,21572,21678
15394,21572,21679
8174,21572,21680
19682,21574,21681
11086,21574,21682
20737,21574,21683
24235,21577,21684
24798,21577,21685
6689,21577,21686
23201,21578,21687
13474,21578,21688
10995,21578,21689
18473,21579,21690
9502,21579,21691
322,21579,21692
10989,21582,21693
12779,21582,21694
8085,21582,21695
17601,21584,21696
17601,21589,21697
3211,21591,21698
20987,21591,21699
12572,21591,21700
2719,21594,21701
4934,21594,21702
1315,21594,21703
21588,21594,21704
10320,21595,21705
17687,21595,21706
8220,21595,21707
298,21597,21708
5386,21597,21709
13198,21597,21710
3102,21598,21711
3392,21598,21712
23961,21598,21713
16359,21598,21714
17601,21601,21715
8476,21602,21716
7200,21602,21717
10041,21602,21718
13664,21603,21719
14630,21603,21720
3849,21603,21721
17601,21604,21722
10493,21605,21723
19163,21605,21724
7306,21605,21725
23715,21606,21726
6622,21606,21727
11843,21606,21728
23967,21606,21729
17601,21607,21730
22298,21612,21731
4693,21612,21732
23670,21612,21733
13573,21612,21734
3448,21614,21735
21417,21614,21736
13467,21614,21737
24262,21616,21738
17601,21617,21739
19499,21618,21740
3210,21618,21741
17601,21619,21742
1919,21620,21743
13888,21620,21744
6267,21623,21745
24146,21623,21746
23715,21624,21747
11085,21624,21748
3208,21628,21749
13380,21628,21750
13604,21629,21751
23127,21629,21752
22580,21629,21753
2570,21633,21754
19641,21633,21755
17601,21634,21756
18812,21636,21757
18083,21636,21758
14099,21636,21759
4699,21640,21760
13253,21640,21761
4897,21640,21762
11329,21641,21763
13000,21641,21764
23368,21641,21765
17601,21643,21766
7525,21644,21767
1536,21644,21768
13520,21644,21769
10464,21645,21770
280,21645,21771
14668,21645,21772
21708,21645,21773
6167,21646,21774
23746,21646,21775
8841,21647,21776
9826,21647,21777
8926,21647,21778
24030,21647,21779
11866,21648,21780
11846,21648,21781
15585,21648,21782
17601,21649,21783
17601,21651,21784
13520,21652,21785
17601,21653,21786
17601,21655,21787
6375,21656,21788
15786,21656,21789
11272,21656,21790
8905,21657,21791
9289,21657,21792
19075,21657,21793
17601,21659,21794
18654,21660,21795
21988,21660,21796
15254,21660,21797
18144,21660,21798
23967,21661,21799
24235,21661,21800
15076,21661,21801
13000,21663,21802
13476,21663,21803
14062,21663,21804
23329,21665,21805
2848,21665,21806
6555,21665,21807
22235,21666,21808
10872,21666,21809
20183,21666,21810
21433,21667,21811
10788,21667,21812
12572,21667,21813
21295,21668,21814
13824,21668,21815
24005,21668,21816
6606,21669,21817
24087,21669,21818
17601,21670,21819
17601,21671,21820
17601,21673,21821
11730,21674,21822
23453,21674,21823
8980,21674,21824
17601,21681,21825
17601,21684,21826
23514,21685,21827
24356,21685,21828
3192,21687,21829
1194,21687,21830
18958,21687,21831
6363,21687,21832
21354,21687,21833
23320,21687,21834
3898,21688,21835
16174,21688,21836
20980,21689,21837
5182,21689,21838
12512,21689,21839
17601,21690,21840
17601,21691,21841
7525,21692,21842
13856,21692,21843
17601,21693,21844
2476,21694,21845
11843,21694,21846
7917,21694,21847
17601,21695,21848
17601,21698,21849
2605,21699,21850
17214,21699,21851
3637,21700,21852
23055,21700,21853
4527,21700,21854
16780,21702,21855
13547,21703,21856
2509,21704,21857
6438,21704,21858
16252,21705,21859
2855,21705,21860
18708,21706,21861
23177,21706,21862
22806,21708,21863
6434,21708,21864
20987,21710,21865
2570,21710,21866
12007,21711,21867
18669,21711,21868
13198,21711,21869
13631,21712,21870
3893,21712,21871
14096,21713,21872
11595,21713,21873
17601,21715,21874
2143,21717,21875
17415,21717,21876
10313,21717,21877
23138,21718,21878
10,21721,21879
21632,21721,21880
19474,21723,21881
12005,21723,21882
21182,21728,21883
1057,21728,21884
7528,21728,21885
18910,21729,21886
3439,21729,21887
10628,21729,21888
6742,21730,21889
12514,21730,21890
20987,21730,21891
147,21733,21892
8085,21733,21893
10989,21733,21894
6708,21733,21895
1006,21733,21896
7301,21736,21897
18993,21736,21898
17853,21736,21899
10686,21737,21900
11194,21737,21901
4370,21737,21902
9130,21739,21903
24025,21739,21904
20028,21740,21905
21367,21740,21906
6581,21741,21907
24235,21741,21908
7546,21741,21909
17601,21743,21910
20724,21745,21911
16025,21745,21912
17601,21746,21913
17601,21748,21914
17601,21751,21915
17601,21753,21916
18537,21759,21917
6413,21759,21918
17818,21764,21919
16426,21764,21920
4941,21764,21921
21127,21767,21922
15448,21770,21923
12682,21770,21924
9835,21771,21925
18739,21771,21926
8055,21771,21927
18097,21772,21928
4006,21772,21929
14989,21772,21930
11160,21774,21931
4540,21774,21932
18749,21775,21933
9389,21775,21934
9692,21775,21935
2311,21776,21936
22049,21776,21937
10457,21777,21938
23542,21777,21939
461,21777,21940
9475,21778,21941
12910,21778,21942
9101,21778,21943
17601,21781,21944
11686,21782,21945
1194,21782,21946
15526,21782,21947
17601,21783,21948
13177,21784,21949
6368,21784,21950
19499,21784,21951
4693,21786,21952
10872,21786,21953
5651,21786,21954
1689,21786,21955
7582,21786,21956
11545,21787,21957
1692,21787,21958
19288,21787,21959
17601,21788,21960
19037,21790,21961
23452,21790,21962
11333,21791,21963
13863,21791,21964
3199,21791,21965
9716,21792,21966
1910,21792,21967
390,21792,21968
17572,21792,21969
15957,21792,21970
18197,21792,21971
17600,21792,21972
5407,21792,21973
17804,21792,21974
21973,21792,21975
24253,21794,21976
13441,21794,21977
7586,21794,21978
17601,21795,21979
14587,21796,21980
10010,21798,21981
6180,21798,21982
6041,21798,21983
20073,21799,21984
23320,21799,21985
18850,21800,21986
14584,21800,21987
21509,21801,21988
17352,21801,21989
2411,21801,21990
11846,21802,21991
7222,21802,21992
11027,21804,21993
22201,21804,21994
4898,21805,21995
19860,21805,21996
19085,21807,21997
4109,21807,21998
19449,21808,21999
22765,21808,22000
14730,21809,22001
10161,21809,22002
3379,21811,22003
5913,21811,22004
7391,21812,22005
23858,21812,22006
5326,21815,22007
4527,21816,22008
4481,21816,22009
10788,21816,22010
9193,21817,22011
7733,21817,22012
10572,21818,22013
24572,21818,22014
1781,21819,22015
8038,21819,22016
9070,21819,22017
19954,21820,22018
24217,21820,22019
24262,21824,22020
18812,21824,22021
17601,21826,22022
17601,21828,22023
23967,21829,22024
2638,21829,22025
18588,21829,22026
21932,21829,22027
17601,21830,22028
17601,21831,22029
1471,21832,22030
20987,21832,22031
2143,21832,22032
17601,21834,22033
17601,21835,22034
24821,21836,22035
23938,21836,22036
18499,21836,22037
6304,21837,22038
20410,21837,22039
17601,21840,22040
13438,21842,22041
10718,21842,22042
1873,21843,22043
18460,21843,22044
18715,21844,22045
18896,21844,22046
24798,21844,22047
16694,21846,22048
10995,21846,22049
4897,21846,22050
2570,21846,22051
17601,21847,22052
17601,21848,22053
18588,21850,22054
7713,21850,22055
10070,21850,22056
17601,21851,22057
17601,21852,22058
1631,21854,22059
1506,21854,22060
11095,21854,22061
10331,21854,22062
16252,21855,22063
12977,21855,22064
164,21855,22065
14730,21857,22066
8213,21857,22067
7488,21857,22068
4897,21858,22069
434,21858,22070
3349,21858,22071
10867,21859,22072
22932,21859,22073
505,21863,22074
17375,21863,22075
23969,21863,22076
833,21864,22077
6,21864,22078
23468,21864,22079
6167,21865,22080
14130,21865,22081
18537,21865,22082
17601,21867,22083
17601,21871,22084
17707,21872,22085
10339,21872,22086
23598,21873,22087
1709,21873,22088
3040,21873,22089
11043,21873,22090
17601,21876,22091
17601,21877,22092
10313,21878,22093
6143,21878,22094
13737,21879,22095
15762,21879,22096
22194,21879,22097
1173,21880,22098
1908,21880,22099
19084,21881,22100
13476,21881,22101
5523,21881,22102
9180,21882,22103
2855,21882,22104
16252,21882,22105
12190,21885,22106
13631,21885,22107
17601,21887,22108
17601,21888,22109
13744,21889,22110
11498,21889,22111
21133,21890,22112
20210,21890,22113
18491,21893,22114
21003,21893,22115
18927,21894,22116
8107,21894,22117
11156,21894,22118
6798,21895,22119
20296,21895,22120
2482,21896,22121
9109,21896,22122
13467,21897,22123
9557,21898,22124
19906,21898,22125
13988,21900,22126
6879,21900,22127
17414,21901,22128
8220,21902,22129
15652,21902,22130
17165,21903,22131
16993,21903,22132
17601,21905,22133
6714,21906,22134
20180,21906,22135
11762,21907,22136
6103,21907,22137
6503,21911,22138
1604,21911,22139
8688,21913,22140
21813,21913,22141
21003,21913,22142
17601,21914,22143
22288,21916,22144
11085,21916,22145
7273,21918,22146
1519,21918,22147
4898,21918,22148
17601,21920,22149
15965,21921,22150
7204,21921,22151
17904,21921,22152
17601,21922,22153
6011,21923,22154
12075,21924,22155
10340,21924,22156
6494,21924,22157
17601,21927,22158
24653,21930,22159
2364,21930,22160
9381,21930,22161
17362,21930,22162
17601,21931,22163
17601,21933,22164
1598,21934,22165
13660,21934,22166
15282,21936,22167
16673,21936,22168
14988,21938,22169
2482,21938,22170
7181,21938,22171
17601,21939,22172
17601,21943,22173
17601,21944,22174
22490,21946,22175
19499,21946,22176
19009,21948,22177
11866,21948,22178
17601,21949,22179
17601,21950,22180
21533,21951,22181
11130,21951,22182
1873,21952,22183
5627,21952,22184
3734,21952,22185
688,21952,22186
8390,21953,22187
19259,21953,22188
2143,21955,22189
9505,21955,22190
8779,21955,22191
17383,21956,22192
16906,21956,22193
17415,21956,22194
17601,21957,22195
18682,21958,22196
15463,21958,22197
7156,21959,22198
8220,21959,22199
15380,21960,22200
23841,21960,22201
11012,21966,22202
8360,21966,22203
21781,21966,22204
8905,21967,22205
11550,21967,22206
3876,21967,22207
16301,21969,22208
19690,21969,22209
8360,21969,22210
22361,21970,22211
6375,21970,22212
17601,21972,22213
23373,21974,22214
11429,21974,22215
10127,21976,22216
23541,21976,22217
21282,21976,22218
16999,21976,22219
16457,21978,22220
14605,21978,22221
18491,21981,22222
16447,21981,22223
4127,21981,22224
17601,21986,22225
17375,21987,22226
10313,21987,22227
17601,21988,22228
18499,21989,22229
19267,21989,22230
23063,21992,22231
10638,21992,22232
10522,21992,22233
24308,21992,22234
13419,21992,22235
13064,21992,22236
21631,21992,22237
6780,21992,22238
7173,21992,22239
5770,21992,22240
5987,21992,22241
24360,21992,22242
2903,21992,22243
11157,21992,22244
11673,21992,22245
13554,21992,22246
24098,21992,22247
17601,21993,22248
17601,21996,22249
17601,21997,22250
4068,21999,22251
7242,21999,22252
16141,22000,22253
23710,22000,22254
23713,22000,22255
12462,22005,22256
10659,22005,22257
21391,22005,22258
15965,22006,22259
4932,22006,22260
22336,22006,22261
7498,22007,22262
1781,22007,22263
11130,22007,22264
17601,22008,22265
9825,22010,22266
18470,22010,22267
17421,22010,22268
17601,22011,22269
2175,22012,22270
3386,22012,22271
4499,22012,22272
17601,22014,22273
17601,22020,22274
4844,22021,22275
17601,22022,22276
10962,22023,22277
6798,22023,22278
2638,22023,22279
14575,22024,22280
18876,22024,22281
18484,22027,22282
14565,22027,22283
17601,22028,22284
4472,22029,22285
21010,22033,22286
20987,22035,22287
23403,22035,22288
11028,22038,22289
8905,22040,22290
24439,22040,22291
1768,22041,22292
19459,22041,22293
1292,22042,22294
21247,22042,22295
9589,22047,22296
22451,22047,22297
23478,22048,22298
22497,22048,22299
8542,22048,22300
7052,22048,22301
6473,22048,22302
4622,22048,22303
10254,22049,22304
18715,22049,22305
21607,22050,22306
5524,22050,22307
17601,22052,22308
21545,22053,22309
12190,22053,22310
17658,22054,22311
14507,22054,22312
24010,22055,22313
13335,22056,22314
20297,22056,22315
13419,22057,22316
8,22058,22317
22402,22058,22318
17601,22059,22319
4204,22060,22320
458,22060,22321
21295,22061,22322
2848,22061,22323
12955,22061,22324
7769,22062,22325
13481,22062,22326
503,22063,22327
11673,22063,22328
17601,22064,22329
17601,22065,22330
14843,22066,22331
10026,22066,22332
4034,22066,22333
17601,22068,22334
20612,22070,22335
22019,22070,22336
10340,22070,22337
19413,22071,22338
14730,22071,22339
8655,22072,22340
1701,22072,22341
18783,22072,22342
12198,22074,22343
6167,22074,22344
17601,22075,22345
17601,22076,22346
15629,22078,22347
14570,22079,22348
939,22079,22349
21709,22079,22350
17601,22080,22351
23584,22081,22352
15590,22081,22353
17601,22082,22354
17601,22083,22355
17601,22084,22356
22050,22087,22357
2102,22087,22358
534,22090,22359
17904,22090,22360
19193,22090,22361
9628,22090,22362
14130,22091,22363
7525,22091,22364
17601,22092,22365
7459,22093,22366
14698,22093,22367
12432,22093,22368
3543,22093,22369
8694,22100,22370
24257,22100,22371
10995,22100,22372
8038,22102,22373
20905,22105,22374
6053,22107,22375
20467,22107,22376
18230,22110,22377
22402,22110,22378
6558,22112,22379
21781,22112,22380
329,22113,22381
8068,22113,22382
6781,22114,22383
20180,22114,22384
13270,22114,22385
475,22116,22386
17737,22116,22387
16694,22117,22388
5679,22117,22389
2595,22118,22390
13631,22118,22391
3107,22119,22392
12457,22119,22393
16076,22120,22394
3422,22120,22395
14550,22121,22396
19794,22121,22397
6581,22128,22398
199,22128,22399
21310,22128,22400
20135,22128,22401
7744,22131,22402
13982,22131,22403
3294,22131,22404
13744,22133,22405
20912,22133,22406
10980,22133,22407
16846,22135,22408
7576,22135,22409
14851,22135,22410
19707,22136,22411
14485,22136,22412
9953,22136,22413
18506,22136,22414
5588,22138,22415
4370,22138,22416
7427,22138,22417
3477,22138,22418
21235,22138,22419
14333,22138,22420
7626,22139,22421
9628,22139,22422
4006,22139,22423
19413,22139,22424
16039,22140,22425
10137,22140,22426
22323,22140,22427
1077,22140,22428
24199,22140,22429
17309,22141,22430
24817,22141,22431
15708,22141,22432
17601,22142,22433
17601,22143,22434
17202,22144,22435
5750,22144,22436
17601,22146,22437
17601,22147,22438
13335,22149,22439
20542,22149,22440
13448,22149,22441
12238,22150,22442
17601,22152,22443
11692,22153,22444
16939,22154,22445
8838,22154,22446
6102,22154,22447
17601,22155,22448
17601,22156,22449
17601,22157,22450
15878,22159,22451
21517,22159,22452
10718,22164,22453
13438,22164,22454
6044,22165,22455
2015,22165,22456
2999,22168,22457
16683,22168,22458
17601,22169,22459
10373,22171,22460
16301,22171,22461
4897,22172,22462
3448,22172,22463
10788,22174,22464
4393,22174,22465
8038,22175,22466
1035,22175,22467
11762,22176,22468
2040,22176,22469
6221,22178,22470
19682,22180,22471
23811,22180,22472
18083,22182,22473
23969,22182,22474
16993,22185,22475
16800,22185,22476
16233,22185,22477
13729,22185,22478
2605,22185,22479
19104,22186,22480
16836,22186,22481
3210,22187,22482
3347,22187,22483
4181,22190,22484
13177,22190,22485
13824,22191,22486
13419,22191,22487
1404,22194,22488
20035,22194,22489
12908,22195,22490
5494,22195,22491
4932,22196,22492
20987,22196,22493
10827,22199,22494
1691,22199,22495
22148,22201,22496
4204,22201,22497
10628,22203,22498
22336,22203,22499
17415,22205,22500
18588,22205,22501
21066,22205,22502
8300,22205,22503
23478,22209,22504
12182,22209,22505
12958,22209,22506
17601,22210,22507
3381,22211,22508
15171,22211,22509
11516,22211,22510
12242,22211,22511
14392,22211,22512
19042,22211,22513
30,22211,22514
4492,22211,22515
16273,22211,22516
9936,22211,22517
5732,22211,22518
6551,22211,22519
12725,22211,22520
7452,22211,22521
5464,22211,22522
1016,22211,22523
5048,22211,22524
1194,22212,22525
2175,22212,22526
16565,22212,22527
17601,22214,22528
23486,22215,22529
24548,22215,22530
2338,22215,22531
17601,22216,22532
17601,22217,22533
15957,22218,22534
17371,22218,22535
9628,22218,22536
1781,22222,22537
16768,22222,22538
6708,22222,22539
375,22223,22540
17970,22223,22541
17601,22225,22542
15803,22226,22543
15394,22226,22544
17601,22227,22545
17601,22229,22546
7910,22230,22547
14080,22230,22548
15683,22230,22549
9273,22230,22550
23709,22230,22551
12115,22230,22552
11272,22231,22553
8,22231,22554
17601,22232,22555
12457,22233,22556
506,22233,22557
17601,22239,22558
17601,22241,22559
17601,22242,22560
8018,22243,22561
11866,22243,22562
21391,22244,22563
8300,22245,22564
23177,22245,22565
19960,22247,22566
14062,22247,22567
17633,22249,22568
14065,22249,22569
22316,22250,22570
5062,22251,22571
12695,22251,22572
10315,22256,22573
5125,22256,22574
1595,22257,22575
1285,22257,22576
17601,22259,22577
4902,22260,22578
10000,22260,22579
21503,22261,22580
23971,22261,22581
17601,22262,22582
17895,22270,22583
17815,22270,22584
6120,22272,22585
5701,22272,22586
12080,22274,22587
7821,22274,22588
17601,22275,22589
13624,22277,22590
3104,22277,22591
8092,22278,22592
17383,22278,22593
12075,22279,22594
3637,22279,22595
16252,22281,22596
11011,22281,22597
11069,22283,22598
17165,22283,22599
17601,22286,22600
17601,22288,22601
17601,22289,22602
17601,22290,22603
8268,22291,22604
1730,22291,22605
15887,22292,22606
15878,22292,22607
1050,22294,22608
20429,22294,22609
20625,22296,22610
15251,22296,22611
5523,22297,22612
2769,22297,22613
3293,22299,22614
2570,22300,22615
4181,22300,22616
9345,22301,22617
7917,22301,22618
17601,22304,22619
17601,22305,22620
17601,22308,22621
23239,22310,22622
16721,22310,22623
2662,22319,22624
17601,22328,22625
18537,22329,22626
6708,22329,22627
16262,22330,22628
3448,22330,22629
6267,22334,22630
16447,22334,22631
14660,22334,22632
17601,22336,22633
4272,22337,22634
21238,22337,22635
17601,22339,22636
11333,22340,22637
14332,22341,22638
1674,22342,22639
8623,22343,22640
17890,22346,22641
5043,22346,22642
17601,22348,22643
17601,22350,22644
21010,22351,22645
14449,22351,22646
2769,22352,22647
17783,22352,22648
17601,22354,22649
7656,22355,22650
2143,22355,22651
17601,22356,22652
89,22358,22653
1822,22358,22654
21626,22358,22655
993,22358,22656
20517,22358,22657
3450,22358,22658
16874,22358,22659
11384,22358,22660
3937,22358,22661
3035,22358,22662
12462,22363,22663
8092,22363,22664
10418,22364,22665
19084,22364,22666
20294,22364,22667
9628,22366,22668
8038,22370,22669
13404,22370,22670
6270,22370,22671
17601,22372,22672
7188,22403,22673
2629,22403,22674
13064,22403,22675
21104,22403,22676
4454,22403,22677
1067,22403,22678
10574,22403,22679
13642,22403,22680
17707,22403,22681
2563,22403,22682
10130,22403,22683
22972,22403,22684
22497,22403,22685
16745,22403,22686
17766,22412,22687
9008,22412,22688
18330,22412,22689
19610,22412,22690
8208,22412,22691
10355,22412,22692
12556,22412,22693
10412,22412,22694
19665,22412,22695
723,22412,22696
4352,22412,22697
12604,22412,22698
12828,22412,22699
4181,22412,22700
3004,22412,22701
3095,22412,22702
1488,22412,22703
2324,22412,22704
14729,22423,22705
9539,22423,22706
9199,22423,22707
17813,22423,22708
10736,22426,22709
17601,22430,22710
22769,22434,22711
1338,22434,22712
24774,22434,22713
24308,22434,22714
11682,22434,22715
11572,22434,22716
8035,22434,22717
10068,22434,22718
22188,22434,22719
2777,22434,22720
3124,22434,22721
11749,22434,22722
12615,22434,22723
14553,22434,22724
5707,22434,22725
22125,22434,22726
6094,22434,22727
17623,22434,22728
6601,22434,22729
4291,22460,22730
16964,22460,22731
15115,22460,22732
11098,22460,22733
9332,22460,22734
16252,22460,22735
9504,22460,22736
10697,22460,22737
4612,22460,22738
6940,22460,22739
23370,22460,22740
4157,22460,22741
4897,22460,22742
6283,22470,22743
3808,22470,22744
11864,22470,22745
525,22470,22746
24356,22470,22747
24305,22470,22748
23031,22470,22749
19058,22470,22750
14490,22470,22751
11656,22470,22752
10399,22480,22753
6974,22480,22754
10763,22480,22755
23521,22480,22756
16599,22480,22757
21058,22480,22758
7276,22480,22759
7899,22480,22760
4359,22480,22761
69,22480,22762
14044,22480,22763
23211,22480,22764
14851,22480,22765
3004,22480,22766
5288,22484,22767
4717,22484,22768
1360,22484,22769
137,22484,22770
3111,22484,22771
3549,22484,22772
3475,22484,22773
4167,22484,22774
4660,22484,22775
3354,22484,22776
9219,22484,22777
5600,22484,22778
9991,22484,22779
13621,22484,22780
10453,22484,22781
6592,22484,22782
9955,22484,22783
1866,22497,22784
5108,22497,22785
6773,22497,22786
18646,22497,22787
15634,22497,22788
18931,22497,22789
8526,22497,22790
8220,22497,22791
3936,22497,22792
15632,22497,22793
12120,22497,22794
21046,22497,22795
199,22524,22796
13430,22524,22797
9636,22524,22798
8940,22524,22799
6099,22524,22800
10116,22524,22801
16601,22524,22802
18625,22524,22803
14459,22524,22804
18206,22524,22805
13922,22524,22806
22466,22524,22807
22430,22524,22808
12434,22524,22809
13222,22524,22810
11954,22524,22811
20686,22535,22812
19609,22535,22813
2751,22535,22814
23928,22535,22815
20914,22535,22816
24158,22535,22817
11911,22535,22818
9583,22535,22819
4113,22535,22820
17275,22535,22821
6066,22535,22822
5857,22535,22823
18911,22535,22824
18459,22535,22825
3168,22535,22826
13064,22535,22827
18162,22535,22828
17109,22535,22829
15453,22535,22830
14081,22537,22831
11579,22537,22832
15188,22537,22833
22240,22537,22834
9271,22537,22835
2603,22537,22836
22229,22537,22837
9078,22537,22838
13435,22537,22839
22852,22537,22840
704,22554,22841
3455,22554,22842
2246,22554,22843
8048,22554,22844
23244,22554,22845
12886,22554,22846
12905,22554,22847
11565,22554,22848
12711,22554,22849
23709,22554,22850
23770,22554,22851
16345,22554,22852
16828,22554,22853
15619,22554,22854
16286,22554,22855
15997,22554,22856
15858,22554,22857
3859,22566,22858
5006,22566,22859
6633,22566,22860
3147,22566,22861
12524,22566,22862
5431,22566,22863
14611,22566,22864
11669,22566,22865
2135,22566,22866
10997,22566,22867
17601,22569,22868
4181,22571,22869
489,22571,22870
11015,22571,22871
4954,22571,22872
14693,22571,22873
11767,22571,22874
12983,22571,22875
3422,22571,22876
961,22571,22877
2140,22571,22878
856,22571,22879
15789,22571,22880
3358,22571,22881
17811,22571,22882
15353,22571,22883
6949,22571,22884
5177,22571,22885
15567,22571,22886
3590,22572,22887
3387,22572,22888
21836,22572,22889
9695,22572,22890
17760,22572,22891
795,22572,22892
3893,22572,22893
15210,22572,22894
14530,22572,22895
2574,22572,22896
16500,22616,22897
15276,22616,22898
22142,22616,22899
6196,22616,22900
1136,22616,22901
13927,22616,22902
14357,22616,22903
24063,22616,22904
14449,22616,22905
5947,22616,22906
16042,22616,22907
7482,22616,22908
8472,22616,22909
12270,22619,22910
7793,22619,22911
12354,22619,22912
1338,22628,22913
3593,22628,22914
5847,22628,22915
22633,22628,22916
18694,22628,22917
14645,22628,22918
10715,22628,22919
2848,22628,22920
7841,22628,22921
8849,22628,22922
10021,22628,22923
1526,22628,22924
5424,22628,22925
24228,22628,22926
24776,22628,22927
7481,22628,22928
5744,22628,22929
19662,22630,22930
20247,22630,22931
10428,22630,22932
11209,22630,22933
10266,22630,22934
2238,22630,22935
15687,22630,22936
15693,22630,22937
12952,22630,22938
23649,22630,22939
4739,22630,22940
23161,22630,22941
1794,22630,22942
657,22630,22943
677,22663,22944
2153,22663,22945
4902,22663,22946
2327,22663,22947
10000,22663,22948
5523,22663,22949
13436,22663,22950
15701,22663,22951
15245,22663,22952
5367,22663,22953
6622,22663,22954
5529,22663,22955
21411,22663,22956
17428,22663,22957
17988,22663,22958
19892,22663,22959
12849,22663,22960
9647,22686,22961
14009,22686,22962
10490,22686,22963
16177,22686,22964
17624,22686,22965
23600,22686,22966
21014,22686,22967
8838,22686,22968
7576,22686,22969
24828,22686,22970
15454,22686,22971
566,22686,22972
24039,22686,22973
1782,22722,22974
10290,22722,22975
355,22722,22976
4153,22722,22977
7050,22722,22978
21992,22722,22979
24020,22722,22980
2431,22722,22981
23459,22722,22982
10717,22722,22983
7682,22738,22984
7760,22738,22985
15014,22738,22986
12352,22738,22987
24124,22738,22988
12005,22738,22989
1801,22738,22990
118,22738,22991
23038,22738,22992
18610,22738,22993
12353,22738,22994
5100,22738,22995
16272,22738,22996
14682,22738,22997
19837,22738,22998
21769,22738,22999
16088,22738,23000
12439,22746,23001
2347,22746,23002
3412,22746,23003
7342,22746,23004
14044,22746,23005
8534,22746,23006
5930,22746,23007
2369,22746,23008
508,22746,23009
17035,22746,23010
154,22746,23011
454,22746,23012
12535,22746,23013
16250,22746,23014
16034,22746,23015
19682,22746,23016
16596,22746,23017
15828,22746,23018
13842,22746,23019
4111,22751,23020
11660,22751,23021
17845,22751,23022
15123,22751,23023
3428,22751,23024
19076,22751,23025
10136,22751,23026
17943,22751,23027
1374,22751,23028
22502,22751,23029
22537,22751,23030
23471,22751,23031
17601,22760,23032
8445,22762,23033
14165,22762,23034
18125,22762,23035
12160,22762,23036
23780,22762,23037
24599,22762,23038
24754,22762,23039
24090,22762,23040
6387,22762,23041
14386,22766,23042
4155,22772,23043
4906,22772,23044
13759,22772,23045
9714,22772,23046
5960,22772,23047
8216,22772,23048
8786,22772,23049
1174,22772,23050
14038,22772,23051
22030,22772,23052
7261,22772,23053
21570,22772,23054
20254,22772,23055
13972,22772,23056
12861,22772,23057
10647,22772,23058
19392,22789,23059
2368,22789,23060
4080,22789,23061
20920,22789,23062
21990,22789,23063
4017,22789,23064
8475,22789,23065
8173,22789,23066
1625,22789,23067
13214,22789,23068
22824,22789,23069
11378,22789,23070
10035,22789,23071
14874,22792,23072
4069,22792,23073
13421,22792,23074
23177,22792,23075
2857,22792,23076
2821,22792,23077
1701,22792,23078
5441,22792,23079
15530,22792,23080
15841,22792,23081
21234,22792,23082
17196,22792,23083
23883,22792,23084
24294,22792,23085
23553,22792,23086
3284,22792,23087
22244,22800,23088
12733,22800,23089
12613,22800,23090
13492,22800,23091
11425,22800,23092
21346,22800,23093
16927,22800,23094
7372,22800,23095
12914,22800,23096
20373,22800,23097
8384,22813,23098
20508,22813,23099
13022,22813,23100
5773,22827,23101
14927,22827,23102
12226,22827,23103
9033,22827,23104
19850,22827,23105
17820,22827,23106
13720,22827,23107
2870,22827,23108
22268,22827,23109
683,22827,23110
2322,22827,23111
13274,22827,23112
12662,22827,23113
21768,22827,23114
4829,22827,23115
22832,22827,23116
6204,22829,23117
21898,22829,23118
6164,22829,23119
8665,22829,23120
18494,22829,23121
17164,22829,23122
11493,22829,23123
19437,22829,23124
16012,22829,23125
17797,22829,23126
21977,22829,23127
22560,22829,23128
2090,22829,23129
22924,22829,23130
404,22829,23131
20625,22829,23132
2607,22829,23133
1997,22829,23134
5726,22829,23135
17601,22840,23136
16815,22847,23137
2625,22855,23138
3650,22855,23139
8185,22855,23140
3622,22855,23141
19736,22855,23142
20117,22855,23143
10294,22855,23144
13389,22856,23145
11261,22856,23146
13641,22856,23147
24437,22856,23148
19250,22856,23149
14601,22856,23150
10636,22856,23151
7170,22856,23152
8692,22856,23153
1419,22856,23154
2645,22856,23155
5947,22856,23156
14215,22856,23157
21359,22856,23158
15119,22862,23159
225,22862,23160
1424,22862,23161
11202,22862,23162
12191,22862,23163
11550,22862,23164
21918,22862,23165
19672,22862,23166
15245,22862,23167
18810,22862,23168
20873,22888,23169
12013,22888,23170
17393,22888,23171
6978,22888,23172
18779,22888,23173
15013,22888,23174
13744,22888,23175
17646,22888,23176
17671,22888,23177
15089,22888,23178
4411,22888,23179
18209,22888,23180
7020,22888,23181
8954,22888,23182
6368,22888,23183
14494,22888,23184
21211,22903,23185
17260,22903,23186
1193,22903,23187
11937,22903,23188
19934,22903,23189
4844,22903,23190
6710,22903,23191
22107,22903,23192
23178,22903,23193
3962,22903,23194
16341,22903,23195
12501,22903,23196
8488,22903,23197
4443,22911,23198
3337,22911,23199
2103,22911,23200
13823,22911,23201
10613,22911,23202
4485,22911,23203
11762,22911,23204
11676,22911,23205
13184,22911,23206
7843,22911,23207
6135,22911,23208
5387,22911,23209
15110,22911,23210
12400,22911,23211
21648,22911,23212
23669,22911,23213
23398,22911,23214
9690,22925,23215
9691,22925,23216
7796,22925,23217
1362,22925,23218
13318,22926,23219
8957,22926,23220
7593,22926,23221
7268,22926,23222
12504,22926,23223
17830,22926,23224
11441,22926,23225
17136,22926,23226
21434,22926,23227
7845,22926,23228
14944,22926,23229
18282,22926,23230
19262,22926,23231
9970,22926,23232
2402,22926,23233
19647,22926,23234
10681,22926,23235
10180,22926,23236
4223,22941,23237
16704,22941,23238
13082,22941,23239
17160,22941,23240
10281,22941,23241
5432,22941,23242
9060,22941,23243
7702,22941,23244
8831,22941,23245
18777,22941,23246
1368,22941,23247
17771,22941,23248
4674,22941,23249
10142,22941,23250
16056,22941,23251
1376,22941,23252
5833,22943,23253
21298,22943,23254
13060,22943,23255
15060,22943,23256
12194,22943,23257
3349,22943,23258
23055,22943,23259
10289,22943,23260
21686,22943,23261
7727,22943,23262
7256,22943,23263
6223,22943,23264
656,22943,23265
3077,22945,23266
1852,22945,23267
767,22945,23268
22798,22945,23269
3087,22945,23270
14340,22945,23271
9650,22945,23272
17128,22945,23273
15606,22945,23274
24076,22945,23275
12777,22952,23276
2389,22952,23277
15688,22952,23278
1231,22952,23279
1233,22952,23280
8608,22952,23281
20778,22952,23282
22695,22952,23283
18183,22952,23284
14390,22952,23285
8602,22952,23286
14389,22952,23287
5193,22952,23288
7143,22969,23289
15244,22969,23290
16320,22969,23291
15539,22969,23292
5861,22969,23293
19048,22969,23294
18792,22969,23295
15102,22969,23296
14990,22969,23297
17005,22969,23298
17662,22969,23299
7273,22969,23300
3080,22969,23301
10162,22969,23302
9744,22969,23303
2812,22969,23304
9332,22969,23305
14632,22969,23306
11856,22969,23307
17601,22977,23308
22543,22987,23309
72,22987,23310
10942,22987,23311
6030,22987,23312
13795,22987,23313
4261,22987,23314
11446,22987,23315
18793,22987,23316
850,22987,23317
9348,22987,23318
15702,23006,23319
4659,23006,23320
5714,23006,23321
2208,23006,23322
16920,23006,23323
16757,23006,23324
11339,23006,23325
12218,23006,23326
19882,23006,23327
17637,23023,23328
18025,23023,23329
885,23023,23330
5113,23023,23331
414,23023,23332
13364,23023,23333
10030,23023,23334
13539,23023,23335
4284,23023,23336
17648,23023,23337
13328,23023,23338
24610,23023,23339
24552,23023,23340
13165,23023,23341
13312,23023,23342
20061,23023,23343
2824,23041,23344
7474,23041,23345
6474,23041,23346
9397,23041,23347
22230,23041,23348
4622,23043,23349
4432,23043,23350
4450,23043,23351
17149,23043,23352
6272,23043,23353
17750,23043,23354
17294,23043,23355
2776,23043,23356
1722,23043,23357
7525,23043,23358
6856,23043,23359
1713,23044,23360
24714,23044,23361
23990,23044,23362
14404,23044,23363
23301,23044,23364
23171,23044,23365
6720,23044,23366
23028,23044,23367
9402,23044,23368
7770,23044,23369
12477,23044,23370
12802,23044,23371
19731,23044,23372
20195,23044,23373
19237,23044,23374
5634,23061,23375
8002,23061,23376
23180,23061,23377
24681,23061,23378
2114,23061,23379
19234,23061,23380
12175,23061,23381
22304,23061,23382
23348,23061,23383
4437,23061,23384
11398,23061,23385
7409,23061,23386
12480,23061,23387
17601,23071,23388
9699,23073,23389
24033,23073,23390
23840,23073,23391
7985,23073,23392
15425,23073,23393
15704,23073,23394
9756,23094,23395
12842,23094,23396
20692,23094,23397
7411,23094,23398
2577,23094,23399
19977,23094,23400
15772,23094,23401
3012,23094,23402
19929,23094,23403
1614,23094,23404
23547,23105,23405
3105,23105,23406
9347,23105,23407
7568,23105,23408
3435,23105,23409
3187,23105,23410
3310,23105,23411
10411,23105,23412
22690,23105,23413
24256,23105,23414
24175,23116,23415
7305,23116,23416
7435,23116,23417
6431,23116,23418
5143,23116,23419
3138,23116,23420
12852,23116,23421
7612,23154,23422
15064,23154,23423
13042,23154,23424
23065,23154,23425
647,23154,23426
15522,23154,23427
1381,23154,23428
20229,23170,23429
23775,23170,23430
24262,23170,23431
16174,23177,23432
21530,23177,23433
16528,23177,23434
20508,23177,23435
8756,23177,23436
9112,23177,23437
5740,23177,23438
6293,23177,23439
10659,23177,23440
10427,23177,23441
10665,23177,23442
11544,23177,23443
12656,23177,23444
11610,23177,23445
13474,23177,23446
12984,23177,23447
4382,23177,23448
2570,23177,23449
23079,23179,23450
796,23179,23451
20914,23179,23452
21235,23179,23453
19762,23179,23454
23923,23179,23455
22241,23179,23456
21892,23179,23457
22642,23179,23458
1950,23179,23459
8158,23179,23460
2755,23179,23461
15042,23179,23462
20397,23179,23463
4306,23191,23464
3264,23201,23465
182,23201,23466
1633,23201,23467
173,23201,23468
20130,23201,23469
18570,23201,23470
18417,23201,23471
723,23201,23472
9592,23201,23473
17672,23201,23474
12018,23201,23475
5177,23203,23476
12212,23203,23477
12485,23203,23478
2541,23203,23479
11790,23203,23480
11333,23203,23481
2111,23203,23482
11487,23203,23483
21052,23203,23484
6534,23203,23485
10551,23203,23486
5965,23203,23487
16033,23203,23488
14095,23203,23489
17840,23203,23490
22497,23204,23491
20785,23204,23492
8673,23204,23493
4658,23204,23494
23143,23204,23495
20488,23204,23496
11846,23204,23497
14281,23204,23498
11911,23204,23499
13054,23204,23500
22600,23204,23501
15546,23204,23502
3021,23204,23503
16653,23204,23504
10774,23204,23505
2242,23204,23506
4125,23204,23507
19042,23204,23508
746,23243,23509
152,23243,23510
4214,23243,23511
12646,23243,23512
15480,23243,23513
16845,23243,23514
24140,23243,23515
20424,23243,23516
8325,23243,23517
21284,23243,23518
21407,23243,23519
17652,23243,23520
20518,23243,23521
13095,23251,23522
13177,23251,23523
3938,23251,23524
8369,23252,23525
240,23252,23526
24661,23252,23527
22995,23252,23528
5291,23252,23529
8848,23252,23530
5038,23252,23531
10205,23252,23532
1602,23252,23533
23293,23252,23534
21911,23252,23535
11697,23252,23536
18879,23252,23537
14242,23252,23538
12955,23252,23539
13184,23259,23540
5078,23259,23541
22611,23259,23542
23232,23259,23543
2479,23259,23544
4248,23259,23545
13669,23259,23546
20417,23259,23547
17084,23259,23548
14777,23259,23549
10272,23259,23550
21932,23259,23551
5191,23259,23552
5846,23259,23553
24203,23259,23554
4420,23259,23555
6714,23259,23556
19457,23261,23557
1481,23261,23558
3345,23261,23559
11068,23261,23560
19340,23261,23561
9161,23261,23562
21505,23261,23563
21652,23261,23564
5990,23261,23565
3145,23261,23566
2831,23261,23567
10570,23261,23568
10085,23261,23569
9961,23261,23570
17991,23280,23571
19337,23280,23572
7111,23280,23573
378,23280,23574
961,23280,23575
15286,23280,23576
4181,23280,23577
4247,23280,23578
15987,23280,23579
4327,23280,23580
18559,23280,23581
17122,23280,23582
7852,23280,23583
2769,23280,23584
3965,23280,23585
21932,23280,23586
5133,23291,23587
23158,23291,23588
22922,23291,23589
17844,23291,23590
5181,23293,23591
10596,23293,23592
21349,23293,23593
23561,23293,23594
1380,23293,23595
8413,23293,23596
2683,23293,23597
4591,23293,23598
19828,23293,23599
13300,23293,23600
16951,23294,23601
15692,23294,23602
19257,23294,23603
24384,23294,23604
9127,23294,23605
3944,23294,23606
8164,23294,23607
1845,23294,23608
752,23294,23609
1700,23294,23610
245,23294,23611
4964,23294,23612
3661,23294,23613
20982,23294,23614
1703,23296,23615
22792,23296,23616
1180,23296,23617
23883,23296,23618
5722,23296,23619
14604,23296,23620
14644,23296,23621
21034,23296,23622
16023,23296,23623
11703,23296,23624
2951,23385,23625
8303,23385,23626
1653,23385,23627
2870,23385,23628
5702,23385,23629
14935,23385,23630
12051,23385,23631
15192,23385,23632
14229,23385,23633
12553,23385,23634
15006,23385,23635
16822,23385,23636
1172,23385,23637
7866,23395,23638
14424,23395,23639
16412,23395,23640
14874,23395,23641
2376,23395,23642
22207,23395,23643
24280,23395,23644
22683,23395,23645
6717,23395,23646
6216,23395,23647
9623,23405,23648
8337,23405,23649
6111,23405,23650
10004,23405,23651
11642,23405,23652
10754,23405,23653
6095,23405,23654
17949,23405,23655
19644,23405,23656
20675,23405,23657
22638,23405,23658
20868,23405,23659
23641,23405,23660
24479,23405,23661
14185,23405,23662
20009,23437,23663
12643,23437,23664
12974,23437,23665
17643,23437,23666
11558,23437,23667
4401,23437,23668
5801,23437,23669
21828,23437,23670
11836,23437,23671
1028,23437,23672
7271,23437,23673
1483,23437,23674
6909,23459,23675
14373,23459,23676
13991,23459,23677
18096,23459,23678
13950,23459,23679
13598,23459,23680
16768,23459,23681
520,23459,23682
4503,23459,23683
11480,23459,23684
6378,23463,23685
24524,23463,23686
8877,23463,23687
19440,23463,23688
5488,23463,23689
24490,23463,23690
1268,23463,23691
1137,23463,23692
6870,23463,23693
21896,23463,23694
19178,23470,23695
18443,23470,23696
17898,23470,23697
6761,23470,23698
18665,23470,23699
9431,23470,23700
9332,23470,23701
24278,23470,23702
17349,23470,23703
5929,23470,23704
24096,23470,23705
15143,23470,23706
13928,23470,23707
6474,23478,23708
13281,23478,23709
20913,23478,23710
20574,23478,23711
2447,23478,23712
20365,23478,23713
22322,23478,23714
12151,23478,23715
1714,23478,23716
383,23480,23717
12494,23480,23718
247,23480,23719
5327,23480,23720
12376,23480,23721
14371,23480,23722
7145,23480,23723
9874,23480,23724
10336,23480,23725
21831,23480,23726
1529,23484,23727
2980,23484,23728
19686,23484,23729
4740,23484,23730
4641,23484,23731
3703,23484,23732
10989,23484,23733
14163,23484,23734
139,23484,23735
912,23484,23736
22314,23484,23737
23193,23484,23738
20910,23484,23739
17354,23484,23740
4619,23486,23741
4348,23486,23742
1477,23486,23743
1682,23486,23744
10927,23486,23745
11842,23486,23746
5144,23486,23747
4674,23486,23748
4834,23486,23749
5795,23486,23750
3220,23486,23751
9296,23486,23752
7968,23486,23753
7001,23486,23754
8077,23486,23755
10899,23486,23756
9958,23486,23757
1801,23490,23758
20612,23490,23759
18460,23490,23760
257,23490,23761
15797,23490,23762
19674,23490,23763
18429,23490,23764
9695,23490,23765
7651,23490,23766
11798,23491,23767
10275,23491,23768
7736,23491,23769
9198,23491,23770
84,23491,23771
1802,23491,23772
5805,23491,23773
18485,23491,23774
23637,23491,23775
24103,23491,23776
7697,23491,23777
15036,23518,23778
24809,23518,23779
20401,23518,23780
17513,23518,23781
22154,23518,23782
6143,23518,23783
3867,23518,23784
9599,23518,23785
3196,23518,23786
14533,23518,23787
9918,23518,23788
10055,23518,23789
11974,23518,23790
8319,23518,23791
10340,23518,23792
7551,23543,23793
8294,23543,23794
6137,23543,23795
18901,23543,23796
4114,23543,23797
19120,23543,23798
17957,23543,23799
16051,23543,23800
10728,23543,23801
8635,23543,23802
16848,23543,23803
14808,23543,23804
12382,23543,23805
18800,23543,23806
20378,23543,23807
2052,23543,23808
1433,23543,23809
2860,23543,23810
3354,23543,23811
21672,23554,23812
19277,23554,23813
7549,23554,23814
5529,23554,23815
24293,23554,23816
3484,23554,23817
4786,23554,23818
14298,23554,23819
23054,23556,23820
21456,23556,23821
21292,23556,23822
10068,23556,23823
8888,23556,23824
15472,23556,23825
11608,23556,23826
5078,23556,23827
17111,23556,23828
17971,23556,23829
24235,23556,23830
23964,23556,23831
16457,23556,23832
5647,23556,23833
9472,23556,23834
10340,23556,23835
5540,23556,23836
9897,23563,23837
314,23563,23838
12393,23563,23839
22053,23563,23840
21854,23563,23841
8125,23563,23842
23704,23563,23843
6257,23563,23844
15712,23563,23845
7413,23566,23846
8166,23566,23847
6221,23566,23848
22448,23566,23849
2961,23566,23850
10167,23566,23851
12907,23566,23852
14101,23566,23853
18007,23566,23854
3667,23566,23855
17003,23586,23856
10357,23586,23857
12142,23586,23858
17031,23586,23859
19914,23586,23860
21131,23586,23861
4309,23586,23862
23617,23586,23863
6710,23586,23864
511,23586,23865
22882,23586,23866
17655,23587,23867
7737,23587,23868
24705,23587,23869
9191,23587,23870
22124,23591,23871
7200,23591,23872
10994,23591,23873
6565,23591,23874
15417,23591,23875
13055,23591,23876
4718,23591,23877
4321,23591,23878
16789,23591,23879
17699,23591,23880
18585,23591,23881
8296,23591,23882
8828,23591,23883
11930,23635,23884
7172,23635,23885
1670,23635,23886
6004,23635,23887
5507,23635,23888
15953,23635,23889
99,23635,23890
10452,23635,23891
6458,23635,23892
4658,23635,23893
4749,23635,23894
11911,23635,23895
5599,23635,23896
15103,23635,23897
24064,23641,23898
2218,23641,23899
8127,23641,23900
9416,23641,23901
20810,23641,23902
18248,23641,23903
8374,23641,23904
23378,23641,23905
14369,23641,23906
12616,23641,23907
21270,23650,23908
24482,23650,23909
24496,23650,23910
7388,23650,23911
24248,23650,23912
22369,23650,23913
18239,23650,23914
5617,23650,23915
7513,23650,23916
479,23650,23917
22406,23656,23918
23696,23656,23919
9344,23656,23920
12577,23656,23921
22993,23656,23922
2203,23656,23923
22240,23656,23924
14658,23656,23925
17412,23656,23926
8860,23656,23927
5567,23656,23928
2435,23656,23929
9019,23656,23930
17601,23658,23931
17601,23659,23932
22919,23678,23933
24236,23678,23934
20076,23678,23935
16048,23678,23936
2481,23678,23937
3868,23678,23938
15262,23678,23939
4791,23678,23940
7243,23678,23941
10442,23678,23942
8659,23703,23943
11544,23703,23944
12135,23703,23945
13526,23703,23946
15018,23703,23947
15164,23703,23948
18895,23703,23949
4618,23703,23950
1138,23703,23951
24794,23703,23952
1191,23703,23953
21913,23703,23954
12999,23713,23955
12161,23713,23956
14924,23713,23957
18865,23713,23958
18881,23713,23959
3494,23713,23960
7699,23713,23961
7705,23713,23962
7977,23713,23963
8187,23713,23964
9574,23713,23965
8567,23713,23966
22471,23713,23967
21830,23713,23968
19601,23713,23969
1188,23724,23970
18004,23724,23971
2977,23724,23972
4961,23724,23973
3272,23724,23974
8779,23724,23975
10501,23724,23976
15544,23724,23977
16570,23724,23978
22879,23724,23979
23801,23724,23980
21082,23724,23981
5784,23755,23982
7003,23755,23983
16241,23755,23984
16324,23755,23985
14034,23755,23986
19029,23755,23987
16964,23755,23988
19003,23755,23989
944,23755,23990
3207,23755,23991
15284,23755,23992
868,23755,23993
14358,23755,23994
9692,23755,23995
11472,23755,23996
12992,23755,23997
9501,23755,23998
8471,23755,23999
22247,23763,24000
21170,23763,24001
14100,23763,24002
24226,23763,24003
194,23763,24004
11152,23763,24005
4160,23763,24006
11456,23763,24007
5439,23763,24008
5037,23763,24009
17426,23776,24010
11967,23776,24011
21474,23777,24012
2055,23777,24013
21116,23777,24014
9595,23777,24015
9126,23777,24016
7410,23777,24017
6835,23777,24018
4951,23777,24019
21320,23777,24020
20600,23777,24021
14709,23777,24022
17350,23777,24023
19748,23777,24024
3978,23777,24025
1571,23777,24026
4750,23777,24027
14600,23785,24028
14834,23785,24029
18648,23785,24030
21104,23785,24031
21539,23785,24032
709,23785,24033
2232,23785,24034
4585,23785,24035
8963,23785,24036
11007,23785,24037
8761,23785,24038
16847,23798,24039
19752,23798,24040
17083,23798,24041
9222,23798,24042
10908,23798,24043
20597,23798,24044
24210,23798,24045
397,23798,24046
9072,23798,24047
1955,23798,24048
12059,23798,24049
11130,23798,24050
4766,23798,24051
22318,23801,24052
5922,23801,24053
6165,23801,24054
7467,23801,24055
11475,23801,24056
7413,23801,24057
21131,23801,24058
18513,23801,24059
13522,23801,24060
18690,23801,24061
21073,23801,24062
2922,23801,24063
4943,23801,24064
21566,23801,24065
3886,23801,24066
4764,23801,24067
3124,23801,24068
24031,23811,24069
22735,23811,24070
23111,23811,24071
3350,23811,24072
810,23811,24073
12257,23811,24074
10217,23811,24075
15814,23811,24076
18345,23811,24077
19442,23811,24078
9242,23811,24079
5115,23811,24080
9748,23811,24081
5046,23811,24082
24154,23811,24083
979,23811,24084
3366,23811,24085
22544,23811,24086
3065,23837,24087
5774,23837,24088
15612,23837,24089
6380,23837,24090
39,23837,24091
10089,23837,24092
6444,23837,24093
3636,23837,24094
7301,23837,24095
14594,23837,24096
14734,23842,24097
15467,23842,24098
7947,23842,24099
9304,23842,24100
14072,23842,24101
24389,23842,24102
23003,23842,24103
2418,23842,24104
3932,23842,24105
17399,23842,24106
22863,23860,24107
7069,23860,24108
6581,23860,24109
275,23860,24110
9439,23860,24111
16956,23860,24112
16912,23860,24113
1420,23860,24114
14284,23860,24115
22614,23860,24116
24183,23860,24117
4140,23860,24118
3516,23866,24119
9484,23866,24120
8412,23866,24121
11763,23866,24122
9614,23866,24123
850,23866,24124
18862,23866,24125
18633,23866,24126
17097,23866,24127
17020,23866,24128
15855,23866,24129
8236,23866,24130
8030,23866,24131
5789,23866,24132
5703,23866,24133
13033,23866,24134
13996,23866,24135
3430,23866,24136
2048,23866,24137
1444,23908,24138
2438,23908,24139
1630,23908,24140
15330,23908,24141
15359,23908,24142
15532,23908,24143
15753,23908,24144
24731,23908,24145
13786,23908,24146
13789,23908,24147
15266,23908,24148
5435,23908,24149
1447,23908,24150
1576,23908,24151
3952,23923,24152
14999,23923,24153
15410,23923,24154
12572,23923,24155
7525,23923,24156
448,23923,24157
14137,23923,24158
4864,23923,24159
20366,23923,24160
10069,23923,24161
4488,23923,24162
2295,23924,24163
24001,23924,24164
15508,23924,24165
19289,23924,24166
6122,23924,24167
14916,23924,24168
3745,23924,24169
6954,23924,24170
11200,23924,24171
3802,23924,24172
18858,23946,24173
17518,23946,24174
9115,23946,24175
1476,23946,24176
14581,23946,24177
11343,23946,24178
4119,23946,24179
15559,23946,24180
16009,23946,24181
1705,23946,24182
19485,23946,24183
23557,23968,24184
13181,23968,24185
14867,23968,24186
21171,23968,24187
21471,23968,24188
17129,23968,24189
7284,23968,24190
3970,23968,24191
3233,23968,24192
5296,23968,24193
13198,23974,24194
9716,23974,24195
9021,23974,24196
22725,23974,24197
13026,23974,24198
11085,23974,24199
16218,23974,24200
13338,23974,24201
21587,23974,24202
19893,23974,24203
19568,23974,24204
17377,23974,24205
10018,23974,24206
16241,23974,24207
4951,23974,24208
17500,23974,24209
9203,23974,24210
12577,23977,24211
5740,23977,24212
5630,23977,24213
20709,23977,24214
18351,23977,24215
8623,23977,24216
23276,23977,24217
50,23977,24218
1468,23977,24219
7540,23977,24220
4124,23977,24221
2880,23977,24222
4157,23977,24223
20793,23978,24224
1059,23978,24225
6720,23978,24226
20643,23978,24227
9289,23978,24228
1701,23978,24229
9505,23978,24230
20350,23980,24231
17028,23980,24232
23145,23980,24233
2810,23980,24234
2335,23980,24235
24296,23980,24236
20351,23980,24237
23853,23980,24238
9340,23980,24239
2612,23980,24240
16131,23990,24241
12917,23990,24242
7547,23990,24243
15970,23990,24244
679,23990,24245
4942,23990,24246
4844,23990,24247
12265,23990,24248
6322,23990,24249
2081,23990,24250
2355,23990,24251
10970,23990,24252
10562,23990,24253
11578,23990,24254
12093,23990,24255
1221,23990,24256
19366,23990,24257
20102,23990,24258
17662,23990,24259
20741,24002,24260
23452,24002,24261
23410,24002,24262
449,24002,24263
19701,24002,24264
19203,24002,24265
11695,24002,24266
12409,24002,24267
8011,24002,24268
6724,24002,24269
18051,24002,24270
16045,24002,24271
15906,24002,24272
15655,24002,24273
20052,24002,24274
20034,24002,24275
19079,24006,24276
20380,24006,24277
18811,24006,24278
1394,24006,24279
281,24006,24280
5512,24006,24281
5192,24006,24282
23612,24006,24283
6315,24006,24284
4714,24006,24285
15769,24006,24286
2246,24006,24287
19948,24006,24288
18441,24006,24289
16161,24006,24290
12903,24006,24291
8905,24006,24292
13551,24006,24293
3536,24017,24294
5872,24017,24295
17506,24017,24296
5442,24017,24297
22390,24017,24298
21691,24017,24299
18493,24017,24300
3321,24017,24301
804,24017,24302
22970,24020,24303
21167,24020,24304
20822,24020,24305
17402,24020,24306
24557,24020,24307
4277,24020,24308
4054,24020,24309
19242,24020,24310
22892,24020,24311
21174,24020,24312
12449,24023,24313
2427,24023,24314
24329,24023,24315
12032,24023,24316
23027,24023,24317
21800,24023,24318
950,24023,24319
22975,24023,24320
3759,24023,24321
1896,24023,24322
4365,24023,24323
14949,24023,24324
12895,24023,24325
3320,24023,24326
22600,24023,24327
20588,24023,24328
23702,24023,24329
16022,24024,24330
20877,24024,24331
22157,24024,24332
12101,24024,24333
9064,24024,24334
10945,24024,24335
17078,24024,24336
18521,24024,24337
2347,24024,24338
525,24024,24339
15395,24024,24340
14564,24024,24341
19364,24024,24342
20615,24024,24343
16110,24024,24344
2572,24024,24345
3788,24024,24346
2947,24024,24347
17165,24028,24348
16254,24028,24349
7267,24028,24350
12464,24028,24351
11616,24028,24352
11076,24028,24353
14353,24028,24354
14499,24028,24355
6844,24028,24356
2032,24028,24357
9534,24028,24358
8273,24028,24359
5501,24028,24360
12892,24028,24361
5418,24028,24362
2327,24028,24363
574,24038,24364
21699,24038,24365
18525,24038,24366
17564,24038,24367
7648,24038,24368
22718,24038,24369
22791,24038,24370
17249,24038,24371
8462,24038,24372
6735,24038,24373
15742,24057,24374
12694,24057,24375
18677,24057,24376
3783,24057,24377
3211,24057,24378
8779,24057,24379
1214,24057,24380
15592,24057,24381
17063,24057,24382
9835,24057,24383
24004,24057,24384
21398,24057,24385
2006,24057,24386
21395,24063,24387
5507,24063,24388
10029,24063,24389
16809,24063,24390
11955,24063,24391
11160,24063,24392
18392,24063,24393
6674,24063,24394
21498,24063,24395
5174,24063,24396
14505,24063,24397
9695,24063,24398
17350,24063,24399
13106,24069,24400
797,24069,24401
16363,24069,24402
21636,24069,24403
9122,24069,24404
13712,24069,24405
4169,24069,24406
4624,24069,24407
19895,24069,24408
20546,24069,24409
14572,24069,24410
15781,24069,24411
6013,24069,24412
12486,24069,24413
6062,24076,24414
12482,24076,24415
24330,24076,24416
12860,24076,24417
21931,24076,24418
21941,24076,24419
14036,24076,24420
18829,24076,24421
12515,24076,24422
17331,24076,24423
4267,24081,24424
20419,24081,24425
12576,24081,24426
14233,24081,24427
24165,24081,24428
9354,24081,24429
19424,24081,24430
17155,24081,24431
22103,24081,24432
2775,24081,24433
11380,24081,24434
11385,24081,24435
7879,24081,24436
3776,24081,24437
7444,24081,24438
3724,24081,24439
2144,24081,24440
8296,24091,24441
14392,24091,24442
20925,24091,24443
4106,24091,24444
14527,24091,24445
23292,24091,24446
23252,24091,24447
23636,24091,24448
23349,24091,24449
2015,24091,24450
1059,24091,24451
10460,24091,24452
12466,24105,24453
11184,24105,24454
8901,24105,24455
12158,24105,24456
2575,24105,24457
18069,24105,24458
16729,24105,24459
24311,24105,24460
18794,24105,24461
20090,24105,24462
13450,24105,24463
16636,24105,24464
18180,24105,24465
12913,24105,24466
16900,24109,24467
11420,24109,24468
2294,24109,24469
17978,24109,24470
6164,24125,24471
8848,24125,24472
2301,24125,24473
16683,24125,24474
5782,24125,24475
19774,24125,24476
13197,24125,24477
1536,24125,24478
20345,24125,24479
5872,24125,24480
4765,24125,24481
3891,24125,24482
1623,24125,24483
5263,24125,24484
11035,24125,24485
11985,24125,24486
12063,24125,24487
21152,24131,24488
24187,24131,24489
8351,24131,24490
21058,24131,24491
9182,24131,24492
16329,24131,24493
20908,24131,24494
13000,24131,24495
14452,24131,24496
10381,24131,24497
7864,24131,24498
530,24131,24499
4734,24131,24500
1900,24134,24501
18189,24134,24502
1134,24134,24503
20190,24134,24504
22437,24134,24505
17601,24147,24506
5683,24174,24507
8159,24174,24508
1155,24174,24509
22463,24174,24510
8106,24174,24511
2981,24174,24512
11157,24174,24513
8976,24174,24514
24300,24174,24515
8655,24174,24516
6636,24174,24517
18581,24174,24518
13373,24174,24519
22234,24174,24520
15482,24174,24521
21798,24180,24522
16587,24180,24523
23527,24180,24524
15863,24180,24525
13173,24180,24526
11036,24180,24527
3983,24180,24528
24728,24180,24529
12311,24180,24530
2605,24200,24531
729,24200,24532
17775,24200,24533
17469,24200,24534
21076,24200,24535
3209,24200,24536
6914,24200,24537
7274,24200,24538
9323,24200,24539
17200,24200,24540
22108,24200,24541
16624,24201,24542
14994,24201,24543
13640,24201,24544
9988,24201,24545
22936,24201,24546
8565,24201,24547
1162,24201,24548
24024,24201,24549
18852,24201,24550
23291,24201,24551
5285,24201,24552
6440,24201,24553
6705,24201,24554
2653,24201,24555
7864,24225,24556
13611,24225,24557
17679,24225,24558
22702,24225,24559
18325,24225,24560
16825,24225,24561
23504,24225,24562
1854,24225,24563
4322,24225,24564
10039,24225,24565
6790,24225,24566
16700,24230,24567
10435,24230,24568
10687,24230,24569
14238,24230,24570
5002,24230,24571
7450,24230,24572
24588,24230,24573
12400,24230,24574
9801,24230,24575
22767,24230,24576
12627,24230,24577
9635,24230,24578
17831,24231,24579
5136,24231,24580
5201,24231,24581
10474,24231,24582
15252,24231,24583
8933,24231,24584
20348,24231,24585
9087,24231,24586
19270,24231,24587
20172,24231,24588
9392,24231,24589
12399,24237,24590
16346,24237,24591
2665,24237,24592
1264,24237,24593
4044,24237,24594
6506,24237,24595
21241,24237,24596
3877,24237,24597
11923,24237,24598
24170,24237,24599
7336,24237,24600
19006,24237,24601
22977,24237,24602
21823,24237,24603
17601,24244,24604
2728,24246,24605
12477,24246,24606
3867,24246,24607
15517,24246,24608
12762,24246,24609
12374,24246,24610
10397,24246,24611
16928,24246,24612
229,24246,24613
22743,24246,24614
1675,24246,24615
71,24246,24616
19332,24246,24617
22796,24246,24618
18520,24246,24619
4174,24246,24620
1713,24246,24621
16702,24246,24622
8983,24279,24623
8737,24279,24624
10585,24279,24625
14315,24279,24626
12468,24279,24627
9713,24279,24628
17293,24279,24629
906,24279,24630
4940,24279,24631
4319,24279,24632
2164,24279,24633
17924,24279,24634
22517,24279,24635
5331,24279,24636
16381,24279,24637
15544,24279,24638
20326,24290,24639
13153,24290,24640
11706,24290,24641
20714,24290,24642
22678,24291,24643
15029,24291,24644
20503,24291,24645
10760,24291,24646
20504,24291,24647
23813,24291,24648
1441,24291,24649
4504,24291,24650
8132,24291,24651
3565,24291,24652
2868,24298,24653
4055,24298,24654
6029,24298,24655
24139,24298,24656
21584,24298,24657
18956,24298,24658
16979,24298,24659
12044,24298,24660
15647,24298,24661
16493,24298,24662
24692,24316,24663
24493,24316,24664
11899,24316,24665
11735,24316,24666
17019,24316,24667
5230,24316,24668
10241,24316,24669
23052,24316,24670
21681,24316,24671
3436,24316,24672
21385,24316,24673
14781,24320,24674
11294,24320,24675
19004,24320,24676
3314,24320,24677
11066,24322,24678
23113,24322,24679
16541,24322,24680
10294,24322,24681
15560,24322,24682
7523,24322,24683
875,24322,24684
8182,24322,24685
3273,24322,24686
2821,24322,24687
4942,24322,24688
6395,24322,24689
1678,24322,24690
6947,24322,24691
24159,24322,24692
13645,24334,24693
14225,24334,24694
16439,24334,24695
17861,24334,24696
18126,24334,24697
13800,24334,24698
8036,24334,24699
5791,24334,24700
5997,24334,24701
20110,24334,24702
20437,24334,24703
44,24334,24704
24045,24334,24705
22755,24334,24706
2879,24334,24707
2885,24355,24708
2369,24355,24709
12514,24355,24710
6516,24355,24711
8811,24355,24712
6841,24355,24713
17001,24355,24714
22477,24355,24715
69,24355,24716
24233,24355,24717
617,24355,24718
609,24355,24719
24188,24401,24720
12605,24401,24721
16711,24401,24722
8179,24401,24723
19481,24401,24724
2262,24401,24725
15890,24415,24726
18051,24415,24727
1861,24415,24728
24262,24415,24729
9579,24415,24730
9966,24415,24731
21940,24415,24732
18831,24415,24733
11522,24415,24734
11682,24415,24735
12545,24435,24736
15702,24435,24737
16492,24435,24738
15117,24435,24739
16637,24435,24740
17194,24435,24741
4365,24435,24742
23345,24435,24743
7021,24435,24744
24379,24435,24745
14069,24446,24746
19292,24446,24747
7550,24446,24748
7493,24446,24749
6941,24446,24750
7495,24446,24751
7756,24446,24752
23760,24446,24753
18607,24446,24754
14947,24446,24755
17601,24458,24756
3725,24479,24757
15943,24479,24758
14177,24479,24759
10452,24479,24760
9208,24479,24761
12950,24479,24762
13078,24479,24763
973,24479,24764
2853,24479,24765
6224,24479,24766
16273,24479,24767
1810,24479,24768
17740,24479,24769
21502,24479,24770
19584,24479,24771
22032,24479,24772
28,24479,24773
2766,24479,24774
525,24482,24775
7327,24482,24776
5626,24482,24777
2600,24482,24778
20476,24482,24779
21358,24482,24780
18430,24482,24781
17826,24482,24782
7925,24482,24783
18428,24482,24784
13625,24510,24785
2768,24510,24786
2852,24510,24787
13996,24510,24788
17116,24510,24789
6873,24510,24790
14325,24510,24791
23067,24510,24792
20860,24510,24793
10143,24510,24794
2345,24510,24795
6802,24510,24796
11709,24510,24797
11714,24510,24798
17026,24510,24799
11864,24510,24800
23129,24522,24801
14094,24560,24802
21677,24560,24803
16958,24560,24804
16367,24560,24805
22320,24560,24806
22334,24560,24807
6526,24560,24808
5620,24560,24809
24804,24560,24810
2589,24560,24811
4372,24560,24812
20930,24567,24813
24101,24567,24814
9007,24567,24815
21009,24573,24816
4932,24573,24817
13724,24573,24818
11445,24573,24819
11018,24573,24820
8745,24573,24821
17181,24573,24822
18956,24573,24823
2053,24573,24824
15136,24573,24825
19952,24573,24826
20012,24573,24827
24106,24605,24828
15986,24605,24829
6770,24605,24830
20471,24605,24831
20037,24605,24832
8186,24605,24833
8557,24640,24834
5256,24640,24835
5717,24640,24836
6531,24640,24837
18921,24640,24838
716,24640,24839
3385,24640,24840
3817,24640,24841
18847,24640,24842
12502,24640,24843
10441,24640,24844
9596,24640,24845
7252,24640,24846
21724,24640,24847
22277,24640,24848
19667,24640,24849
4661,24640,24850
18118,24642,24851
20370,24642,24852
21958,24642,24853
21227,24642,24854
20558,24642,24855
24430,24642,24856
7704,24642,24857
7752,24642,24858
9186,24642,24859
17551,24642,24860
23206,24644,24861
23811,24644,24862
8628,24644,24863
11908,24644,24864
16785,24644,24865
24186,24644,24866
22236,24644,24867
11643,24644,24868
11474,24644,24869
5893,24644,24870
20526,24644,24871
4992,24653,24872
6637,24653,24873
69,24653,24874
895,24653,24875
2150,24653,24876
18458,24653,24877
14751,24653,24878
23545,24653,24879
1175,24653,24880
12315,24653,24881
956,24661,24882
1076,24661,24883
21608,24661,24884
5664,24661,24885
5513,24661,24886
5121,24661,24887
4533,24661,24888
3974,24661,24889
1204,24661,24890
1485,24661,24891
18764,24661,24892
16740,24661,24893
21106,24661,24894
14027,24661,24895
6168,24661,24896
7608,24661,24897
19733,24661,24898
20938,24661,24899
22025,24669,24900
1029,24669,24901
139,24669,24902
12019,24669,24903
5245,24669,24904
22037,24669,24905
19116,24669,24906
21145,24669,24907
23694,24669,24908
24181,24669,24909
11178,24669,24910
16309,24669,24911
14678,24669,24912
132,24688,24913
2327,24688,24914
5972,24688,24915
15299,24688,24916
14243,24688,24917
18322,24688,24918
17650,24688,24919
8655,24688,24920
10767,24688,24921
15043,24688,24922
8814,24710,24923
17601,24727,24924
5230,24748,24925
20302,24748,24926
18869,24748,24927
499,24748,24928
5205,24748,24929
88,24748,24930
6689,24748,24931
10018,24748,24932
7072,24748,24933
11259,24748,24934
18644,24748,24935
19138,24748,24936
24503,24748,24937
18429,24748,24938
18410,24748,24939
14508,24753,24940
11634,24753,24941
12456,24753,24942
14904,24753,24943
17576,24753,24944
10476,24753,24945
5734,24764,24946
9327,24764,24947
9326,24764,24948
8747,24764,24949
17853,24764,24950
10481,24764,24951
20362,24764,24952
22255,24764,24953
10089,24764,24954
3636,24764,24955
22284,24792,24956
6368,24792,24957
7656,24792,24958
21235,24792,24959
11846,24795,24960
11042,24795,24961
15904,24795,24962
6742,24795,24963
69,24795,24964
7851,24795,24965
12050,24795,24966
10723,24795,24967
9713,24795,24968
818,24795,24969
102,24824,24970
16874,24824,24971
5858,24824,24972
14720,24824,24973
16249,24824,24974
5276,24824,24975
5070,24824,24976
14846,24824,24977
2685,24824,24978
17921,24824,24979
4977,24824,24980
7244,24824,24981
4024,24824,24982
13031,24824,24983
2652,24824,24984
1179,24824,24985
17611,24824,24986
1527,24832,24987
4373,24832,24988
3751,24832,24989
11600,24832,24990
10533,24832,24991
24661,24832,24992
21593,24832,24993
7698,24832,24994
9177,24832,24995
21365,24832,24996
11991,24832,24997
19528,24836,24998
15449,24836,24999
10144,24836,25000
20404,24836,25001
14802,24836,25002
9261,24836,25003
10031,24836,25004
12281,24836,25005
3766,24836,25006
1317,24836,25007
7922,24840,25008
16675,24846,25009
9066,24846,25010
4740,24846,25011
3227,24846,25012
3569,24846,25013
4558,24846,25014
17075,24846,25015
6731,24846,25016
10112,24846,25017
23587,24846,25018
10130,24895,25019
21033,24895,25020
8507,24895,25021
7237,24895,25022
6230,24895,25023
16394,24895,25024
11816,24895,25025
11339,24895,25026
7950,24895,25027
10025,24895,25028
8596,24895,25029
6641,24913,25030
3612,24913,25031
8151,24913,25032
12864,24913,25033
16916,24913,25034
5827,24913,25035
20176,24913,25036
21253,24913,25037
22703,24913,25038
22777,24913,25039
7767,24920,25040
7587,24920,25041
9241,24920,25042
8896,24920,25043
19375,24920,25044
21537,24920,25045
14437,24920,25046
14463,24920,25047
13271,24920,25048
2011,24920,25049
13348,24920,25050
22493,24920,25051
15383,24920,25052
14201,24920,25053
5236,24920,25054
1773,24939,25055
13840,24939,25056
12170,24939,25057
10470,24939,25058
1977,24939,25059
22681,24939,25060
1229,24939,25061
5134,24939,25062
5672,24939,25063
3273,24939,25064
5002,24939,25065
7667,24939,25066
15206,24939,25067
20081,24939,25068
19502,24939,25069
10455,24939,25070
17086,24939,25071
2299,24965,25072
4178,24965,25073
12187,24965,25074
6312,24965,25075
10634,24965,25076
9342,24965,25077
8658,24965,25078
7787,24965,25079
17566,24965,25080
22606,24965,25081
703,24965,25082
22246,24965,25083
19542,24965,25084
21198,24965,25085
15089,24965,25086
12939,24965,25087
15917,24965,25088
15152,24965,25089
12141,24987,25090
20792,24987,25091
3572,24987,25092
12571,24987,25093
13274,24987,25094
16782,24987,25095
9964,24987,25096
11098,24987,25097
11673,24987,25098
11704,24987,25099
2631,24987,25100
6720,24987,25101
670,24987,25102
861,24987,25103
8018,24987,25104
15843,24987,25105
980,24989,25106
6812,24989,25107
11463,24989,25108
10263,24989,25109
21546,24989,25110
13727,24989,25111
12774,24989,25112
14479,24989,25113
20185,24989,25114
24218,24989,25115
11422,24997,25116
2633,24997,25117
8298,24997,25118
1190,24997,25119
24738,24997,25120
11628,24997,25121
22461,24997,25122
11817,24997,25123
11707,24997,25124
22233,24997,25125
8779,25031,25126
7326,25031,25127
7200,25031,25128
21258,25031,25129
22833,25031,25130
21101,25031,25131
13818,25031,25132
15076,25031,25133
16452,25031,25134
20191,25031,25135
10723,25031,25136
10593,25031,25137
1929,25031,25138
3129,25031,25139
20008,25033,25140
20422,25033,25141
2888,25033,25142
11833,25033,25143
10905,25033,25144
17609,25033,25145
17970,25033,25146
14326,25033,25147
12395,25033,25148
11766,25033,25149
9789,25033,25150
9301,25033,25151
15646,25033,25152
2323,25033,25153
6449,25033,25154
12531,25033,25155
16765,25038,25156
9753,25038,25157
18941,25038,25158
9291,25038,25159
2996,25038,25160
8564,25104,25161
8136,25104,25162
23798,25104,25163
16988,25104,25164
22768,25104,25165
19239,25104,25166
19984,25104,25167
12079,25104,25168
16917,25104,25169
8909,25104,25170
22845,25104,25171
1582,25104,25172
3047,25104,25173
2252,25104,25174
1831,25104,25175
7702,25104,25176
6034,25125,25177
13669,25125,25178
7848,25125,25179
1481,25125,25180
27,25125,25181
20716,25125,25182
16223,25125,25183
14250,25125,25184
4236,25125,25185
21002,25125,25186
5265,25125,25187
1506,25130,25188
3419,25130,25189
5679,25130,25190
4314,25130,25191
6620,25130,25192
13646,25130,25193
18120,25130,25194
22764,25130,25195
17019,25130,25196
23306,25130,25197
22615,25154,25198
12154,25154,25199
20669,25154,25200
21130,25154,25201
22435,25154,25202
18112,25154,25203
23303,25154,25204
8256,25154,25205
10723,25154,25206
13854,25154,25207
13015,25154,25208
22792,25154,25209
1549,25172,25210
1640,25172,25211
22687,25172,25212
6281,25172,25213
3154,25172,25214
8160,25172,25215
24668,25172,25216
16565,25172,25217
18755,25172,25218
7257,25172,25219
6672,25173,25220
24301,25173,25221
7179,25173,25222
14987,25173,25223
23638,25178,25224
17408,25178,25225
14538,25178,25226
15521,25178,25227
10993,25178,25228
10931,25178,25229
7700,25178,25230
14532,25178,25231
3726,25178,25232
22664,25178,25233
20543,25178,25234
18205,25178,25235
23310,25214,25236
21358,25214,25237
5219,25214,25238
4844,25214,25239
5221,25214,25240
6222,25214,25241
10008,25214,25242
6408,25214,25243
16622,25214,25244
17649,25214,25245
1665,25214,25246
9896,25214,25247
8418,25214,25248
12473,25226,25249
15647,25226,25250
2464,25226,25251
22925,25226,25252
24814,25226,25253
19934,25226,25254
22513,25226,25255
22317,25226,25256
8912,25226,25257
9230,25226,25258
6028,25226,25259
7740,25226,25260
10756,25226,25261
21834,25226,25262
21772,25226,25263
3833,25226,25264
14305,25226,25265
5041,25235,25266
4122,25235,25267
2873,25235,25268
23432,25235,25269
8050,25248,25270
11512,25248,25271
15028,25248,25272
13427,25248,25273
3736,25248,25274
2803,25248,25275
20629,25248,25276
10320,25248,25277
11328,25248,25278
5579,25248,25279
6710,25248,25280
5895,25248,25281
15624,25248,25282
18113,25248,25283
12376,25248,25284
9160,25299,25285
10316,25299,25286
7087,25299,25287
11571,25299,25288
9402,25299,25289
23960,25299,25290
1221,25299,25291
22010,25299,25292
3659,25299,25293
6699,25299,25294
3656,25299,25295
14537,25299,25296
691,25299,25297
16787,25299,25298
21041,25299,25299
16441,25299,25300
12983,25299,25301
12918,25299,25302
13935,25299,25303
15798,25300,25304
13067,25300,25305
11826,25300,25306
13281,25300,25307
7433,25300,25308
10038,25300,25309
3570,25300,25310
20449,25300,25311
17632,25300,25312
17032,25300,25313
9400,25301,25314
19140,25301,25315
7720,25301,25316
23425,25301,25317
20197,25301,25318
20639,25301,25319
7932,25301,25320
18524,25301,25321
1509,25301,25322
24132,25301,25323
19492,25312,25324
19741,25312,25325
19620,25312,25326
6260,25312,25327
9576,25312,25328
5191,25312,25329
6044,25312,25330
13557,25312,25331
4051,25312,25332
130,25312,25333
15216,25312,25334
18710,25312,25335
7616,25312,25336
8581,25312,25337
2764,25312,25338
2962,25312,25339
15807,25312,25340
22123,25326,25341
2309,25326,25342
3436,25326,25343
14290,25326,25344
12564,25326,25345
3895,25326,25346
3950,25326,25347
6960,25326,25348
19050,25326,25349
23475,25326,25350
751,25326,25351
19666,25326,25352
15035,25326,25353
16423,25326,25354
6266,25342,25355
3822,25342,25356
221,25342,25357
19666,25342,25358
24324,25342,25359
11202,25342,25360
11762,25342,25361
16080,25342,25362
16313,25342,25363
1541,25342,25364
19877,25342,25365
22163,25342,25366
10763,25347,25367
12606,25347,25368
22369,25347,25369
2510,25347,25370
1189,25347,25371
19970,25347,25372
7350,25352,25373
3510,25352,25374
3297,25352,25375
8676,25352,25376
1409,25352,25377
23438,25352,25378
2871,25352,25379
17020,25352,25380
22533,25352,25381
2996,25352,25382
6268,25357,25383
13939,25357,25384
20079,25357,25385
20559,25357,25386
15955,25357,25387
12989,25357,25388
8239,25357,25389
5463,25357,25390
1728,25357,25391
3896,25357,25392
24528,25357,25393
24524,25357,25394
12461,25357,25395
570,25374,25396
17601,25411,25397
23772,25419,25398
22812,25419,25399
10130,25419,25400
8677,25419,25401
22470,25419,25402
1996,25419,25403
11236,25419,25404
21185,25419,25405
10682,25419,25406
16006,25419,25407
19598,25419,25408
23842,25419,25409
24025,25419,25410
3739,25435,25411
3321,25435,25412
16610,25435,25413
13761,25435,25414
15893,25435,25415
15801,25435,25416
23169,25435,25417
18065,25435,25418
8160,25435,25419
5839,25435,25420
9051,25435,25421
23829,25435,25422
24703,25435,25423
1092,25435,25424
23646,25435,25425
23551,25435,25426
2232,25435,25427
2518,25435,25428
18736,25479,25429
18185,25479,25430
18326,25479,25431
16145,25479,25432
15178,25479,25433
8591,25479,25434
20775,25479,25435
14881,25479,25436
24342,25479,25437
21228,25479,25438
248,25479,25439
13077,25479,25440
12273,25484,25441
14125,25484,25442
11203,25484,25443
9799,25484,25444
20987,25484,25445
22586,25484,25446
19996,25484,25447
20146,25484,25448
746,25484,25449
2209,25484,25450
11264,25484,25451
11233,25484,25452
16191,25484,25453
23230,25484,25454
2309,25484,25455
16602,25484,25456
19796,25484,25457
11898,25501,25458
11509,25501,25459
16388,25501,25460
6684,25501,25461
7234,25501,25462
13531,25501,25463
2541,25501,25464
597,25501,25465
10979,25501,25466
10053,25501,25467
6139,25514,25468
19586,25514,25469
16557,25514,25470
22684,25514,25471
18340,25514,25472
9986,25514,25473
10274,25514,25474
12498,25514,25475
6188,25514,25476
3563,25522,25477
3051,25522,25478
2847,25522,25479
5293,25522,25480
4009,25522,25481
3867,25522,25482
1749,25522,25483
7468,25522,25484
18891,25522,25485
7852,25522,25486
14748,25522,25487
18402,25522,25488
16416,25522,25489
21781,25522,25490
15893,25522,25491
8372,25529,25492
21330,25529,25493
23079,25529,25494
13206,25529,25495
2652,25529,25496
11181,25529,25497
132,25529,25498
13631,25529,25499
13669,25529,25500
7937,25529,25501
867,25529,25502
12909,25529,25503
7464,25548,25504
15431,25548,25505
12087,25548,25506
6306,25548,25507
6295,25548,25508
5251,25548,25509
5098,25548,25510
5371,25548,25511
8622,25548,25512
8524,25548,25513
8516,25548,25514
6305,25548,25515
7823,25548,25516
4796,25548,25517
5022,25548,25518
10895,25557,25519
11578,25557,25520
15247,25557,25521
17176,25557,25522
12736,25557,25523
14981,25557,25524
20091,25557,25525
18259,25557,25526
5848,25557,25527
23922,25557,25528
1191,25557,25529
4399,25557,25530
6682,25557,25531
10090,25557,25532
8895,25578,25533
2995,25578,25534
3730,25578,25535
3324,25578,25536
6457,25578,25537
6145,25578,25538
3446,25578,25539
7112,25578,25540
14591,25578,25541
22816,25578,25542
22356,25578,25543
17988,25578,25544
10258,25578,25545
11344,25578,25546
810,25591,25547
22005,25591,25548
21846,25591,25549
18429,25591,25550
12205,25591,25551
18351,25591,25552
4898,25591,25553
6003,25591,25554
8653,25591,25555
7919,25591,25556
3842,25591,25557
4165,25591,25558
3952,25596,25559
13905,25596,25560
19266,25596,25561
24628,25596,25562
14887,25596,25563
4532,25601,25564
24251,25601,25565
21910,25601,25566
15273,25601,25567
15272,25601,25568
15192,25601,25569
18690,25601,25570
40,25601,25571
357,25601,25572
21775,25601,25573
1177,25601,25574
658,25601,25575
13248,25601,25576
7615,25628,25577
15207,25628,25578
21473,25628,25579
17338,25628,25580
6774,25628,25581
6619,25628,25582
8887,25628,25583
7933,25628,25584
4412,25628,25585
9420,25628,25586
5501,25628,25587
20086,25628,25588
18039,25628,25589
16231,25628,25590
16913,25628,25591
14441,25628,25592
12067,25628,25593
8113,25646,25594
18398,25646,25595
4691,25646,25596
10452,25646,25597
12264,25646,25598
12373,25646,25599
12376,25646,25600
3582,25646,25601
4139,25646,25602
14408,25646,25603
17879,25646,25604
19351,25663,25605
22719,25663,25606
22778,25663,25607
22561,25663,25608
22923,25663,25609
16948,25663,25610
9697,25663,25611
13672,25667,25612
24819,25667,25613
4841,25667,25614
12279,25667,25615
19374,25667,25616
19329,25667,25617
17873,25667,25618
19185,25667,25619
22076,25667,25620
3070,25667,25621
22373,25667,25622
14953,25667,25623
18094,25667,25624
24176,25670,25625
3574,25670,25626
546,25670,25627
9772,25670,25628
6891,25670,25629
21581,25670,25630
23386,25670,25631
16166,25670,25632
23285,25670,25633
16877,25670,25634
10739,25671,25635
4501,25671,25636
17103,25671,25637
14442,25671,25638
6012,25671,25639
5320,25671,25640
6589,25671,25641
5665,25671,25642
17601,25694,25643
17601,25696,25644
20621,25705,25645
17009,25705,25646
15284,25705,25647
13745,25705,25648
11328,25705,25649
24779,25705,25650
21873,25705,25651
22241,25705,25652
23250,25705,25653
20854,25705,25654
5996,25724,25655
12178,25724,25656
21471,25724,25657
24291,25724,25658
12180,25724,25659
10656,25724,25660
5332,25724,25661
525,25724,25662
17407,25724,25663
16862,25724,25664
16335,25743,25665
15462,25743,25666
2779,25743,25667
13103,25743,25668
13752,25743,25669
14048,25743,25670
12009,25743,25671
12421,25743,25672
1800,25743,25673
21659,25743,25674
3235,25743,25675
18026,25743,25676
7210,25743,25677
8347,25744,25678
8496,25744,25679
12911,25744,25680
19086,25744,25681
20476,25744,25682
7133,25744,25683
9824,25744,25684
6988,25744,25685
20630,25744,25686
162,25744,25687
20436,25762,25688
20367,25762,25689
24555,25762,25690
18994,25762,25691
17872,25762,25692
14427,25762,25693
11272,25762,25694
10682,25762,25695
6536,25762,25696
6495,25762,25697
4676,25762,25698
24508,25762,25699
20496,25762,25700
23694,25762,25701
24377,25762,25702
12598,25762,25703
23732,25762,25704
11399,25762,25705
12912,25834,25706
13186,25834,25707
13196,25834,25708
24534,25834,25709
1078,25834,25710
23603,25834,25711
20129,25834,25712
18990,25834,25713
10414,25834,25714
14244,25834,25715
21325,25838,25716
20746,25838,25717
23206,25838,25718
18386,25838,25719
16732,25838,25720
13744,25838,25721
20000,25838,25722
1178,25838,25723
20854,25838,25724
10018,25838,25725
16800,25882,25726
6778,25882,25727
644,25882,25728
5401,25882,25729
22704,25882,25730
3741,25882,25731
7943,25882,25732
5967,25882,25733
2712,25882,25734
1780,25882,25735
18517,25883,25736
17537,25891,25737
21104,25891,25738
10223,25891,25739
9824,25891,25740
18143,25908,25741
8905,25908,25742
18049,25908,25743
7039,25908,25744
7457,25908,25745
9727,25908,25746
6437,25908,25747
1951,25908,25748
3706,25908,25749
6310,25908,25750
23077,25908,25751
10744,25908,25752
10262,25908,25753
22472,25908,25754
22605,25908,25755
18654,25908,25756
17601,25923,25757
18344,25928,25758
16415,25928,25759
17263,25928,25760
15048,25928,25761
9254,25928,25762
12577,25928,25763
22749,25928,25764
4998,25928,25765
1414,25928,25766
6258,25928,25767
13838,25928,25768
8525,25928,25769
6399,25928,25770
23902,25928,25771
5552,25928,25772
961,25928,25773
8923,25931,25774
23991,25931,25775
16318,25931,25776
6985,25948,25777
16794,25948,25778
8662,25948,25779
21583,25948,25780
15527,25948,25781
12879,25948,25782
17953,25948,25783
3433,25948,25784
24193,25948,25785
19168,25948,25786
2415,25952,25787
2147,25952,25788
866,25952,25789
17408,25952,25790
19003,25952,25791
18848,25952,25792
5925,25952,25793
20854,25952,25794
20233,25952,25795
20157,25952,25796
2877,25952,25797
15041,25955,25798
12670,25955,25799
24678,25955,25800
6129,25955,25801
3060,25955,25802
18451,25955,25803
11350,25955,25804
7397,25955,25805
23267,25955,25806
19103,25955,25807
510,25962,25808
3389,25970,25809
1005,25970,25810
1059,25970,25811
5609,25970,25812
18842,25970,25813
10984,25970,25814
12189,25970,25815
1173,25970,25816
16748,25970,25817
7851,25970,25818
13978,25978,25819
13268,25978,25820
10561,25978,25821
17617,25978,25822
23981,25978,25823
22492,25978,25824
14674,25978,25825
4531,25978,25826
3123,25978,25827
4222,25978,25828
573,25984,25829
841,25984,25830
14189,25984,25831
15722,25984,25832
9923,25984,25833
10614,25984,25834
7225,25984,25835
7460,25984,25836
21038,25984,25837
21068,25984,25838
17601,25987,25839
24028,25988,25840
120,25988,25841
297,25988,25842
2068,25988,25843
8311,25988,25844
10835,25988,25845
14088,25988,25846
17723,25988,25847
18105,25988,25848
18845,25988,25849
21014,25988,25850
1109,25993,25851
18237,25993,25852
17847,25993,25853
13125,25993,25854
11884,25993,25855
11711,25993,25856
5092,25993,25857
2893,25993,25858
22952,25993,25859
22647,25993,25860
22283,25993,25861
1940,25993,25862
16531,25993,25863
16103,25993,25864
13326,25993,25865
20056,25993,25866
13314,25993,25867
8865,25995,25868
2680,25995,25869
8351,25995,25870
3492,25995,25871
4171,25995,25872
4206,25995,25873
2710,25995,25874
910,25995,25875
10440,25995,25876
11151,25995,25877
11395,25995,25878
13641,25995,25879
12802,25995,25880
15075,25995,25881
6721,25995,25882
14187,25995,25883
9126,25995,25884
10443,25995,25885
10569,26001,25886
14737,26001,25887
17352,26001,25888
19171,26001,25889
22832,26001,25890
4166,26001,25891
2750,26001,25892
6214,26001,25893
24139,26001,25894
1471,26001,25895
1689,26001,25896
6592,26001,25897
7621,26001,25898
11339,26002,25899
12189,26002,25900
12898,26002,25901
14757,26002,25902
14995,26002,25903
10426,26002,25904
6907,26002,25905
15085,26002,25906
5821,26002,25907
6493,26002,25908
6679,26002,25909
5297,26002,25910
9055,26002,25911
9594,26002,25912
7525,26002,25913
7631,26002,25914
13856,26002,25915
15988,26016,25916
17250,26016,25917
10500,26016,25918
15998,26016,25919
9917,26016,25920
12620,26016,25921
11415,26016,25922
15531,26016,25923
12119,26016,25924
11431,26016,25925
13900,26016,25926
4795,26016,25927
10590,26016,25928
10495,26016,25929
2455,26016,25930
15974,26016,25931
16438,26036,25932
22454,26036,25933
21740,26036,25934
16308,26046,25935
19551,26046,25936
23891,26046,25937
5049,26046,25938
882,26046,25939
22751,26046,25940
14333,26046,25941
8264,26046,25942
21123,26046,25943
15984,26046,25944
64,26046,25945
991,26063,25946
18687,26063,25947
17581,26063,25948
15736,26063,25949
14719,26063,25950
11590,26063,25951
12843,26063,25952
4421,26063,25953
17621,26063,25954
2991,26063,25955
1372,26106,25956
14667,26106,25957
1915,26106,25958
1157,26106,25959
4601,26106,25960
377,26106,25961
14227,26106,25962
11434,26106,25963
6981,26106,25964
10402,26106,25965
11262,26106,25966
13121,26106,25967
12934,26106,25968
4958,26106,25969
5063,26106,25970
6255,26106,25971
4906,26106,25972
11539,26130,25973
12243,26130,25974
13858,26130,25975
8037,26130,25976
3843,26130,25977
14162,26130,25978
5679,26130,25979
19716,26130,25980
21197,26130,25981
17257,26130,25982
4636,26152,25983
6999,26152,25984
14170,26152,25985
15778,26152,25986
20434,26152,25987
20059,26152,25988
16677,26152,25989
15822,26152,25990
1126,26152,25991
632,26152,25992
24719,26152,25993
20983,26152,25994
4414,26152,25995
3412,26152,25996
17808,26176,25997
18314,26176,25998
19384,26176,25999
149,26176,26000
18342,26176,26001
22688,26176,26002
2895,26176,26003
2710,26176,26004
16016,26176,26005
12063,26176,26006
11601,26176,26007
8028,26176,26008
17646,26176,26009
17661,26176,26010
12802,26176,26011
24097,26176,26012
18137,26176,26013
481,26176,26014
2229,26176,26015
16570,26176,26016
4572,26178,26017
8883,26207,26018
8812,26207,26019
20229,26207,26020
20909,26207,26021
9159,26207,26022
5744,26207,26023
8250,26207,26024
2844,26207,26025
15843,26207,26026
11866,26207,26027
20335,26208,26028
15615,26208,26029
19254,26208,26030
4276,26209,26031
4811,26209,26032
9,26209,26033
4253,26209,26034
4707,26209,26035
3303,26209,26036
3216,26209,26037
13941,26209,26038
8416,26209,26039
18247,26209,26040
19986,26209,26041
21681,26209,26042
12109,26209,26043
3035,26209,26044
7106,26209,26045
12274,26224,26046
19064,26224,26047
12430,26224,26048
10451,26226,26049
4725,26226,26050
18429,26226,26051
2652,26226,26052
380,26226,26053
229,26226,26054
1338,26226,26055
22642,26226,26056
22010,26226,26057
22095,26226,26058
23250,26226,26059
18475,26226,26060
15146,26227,26061
14473,26227,26062
16139,26227,26063
15108,26227,26064
2987,26227,26065
17404,26227,26066
4577,26227,26067
5160,26227,26068
13000,26227,26069
10928,26227,26070
7944,26227,26071
7871,26227,26072
6947,26227,26073
6798,26227,26074
2662,26227,26075
2847,26227,26076
298,26227,26077
1584,26227,26078
10160,26233,26079
19806,26234,26080
22657,26234,26081
9414,26234,26082
20057,26234,26083
24550,26234,26084
22624,26234,26085
24592,26234,26086
22672,26234,26087
22655,26234,26088
21690,26234,26089
24730,26237,26090
6081,26237,26091
22646,26237,26092
22289,26237,26093
20098,26237,26094
19797,26237,26095
13922,26237,26096
6740,26237,26097
11999,26237,26098
9639,26237,26099
20129,26242,26100
10606,26242,26101
13274,26242,26102
15911,26242,26103
4077,26242,26104
9888,26242,26105
5045,26242,26106
4252,26242,26107
24419,26242,26108
14521,26242,26109
22960,26242,26110
13344,26242,26111
13922,26242,26112
8564,26264,26113
7920,26264,26114
12984,26264,26115
23430,26264,26116
12103,26264,26117
9060,26264,26118
10935,26264,26119
11005,26264,26120
24773,26264,26121
12218,26264,26122
23129,26265,26123
5195,26276,26124
2711,26276,26125
17773,26276,26126
19235,26276,26127
23732,26276,26128
17345,26276,26129
22433,26276,26130
22825,26276,26131
21386,26276,26132
21639,26276,26133
2081,26276,26134
6820,26276,26135
16456,26276,26136
8475,26276,26137
20928,26282,26138
21877,26282,26139
9751,26282,26140
4976,26282,26141
11984,26282,26142
14266,26282,26143
2578,26282,26144
4137,26282,26145
11848,26286,26146
22270,26286,26147
943,26286,26148
14836,26286,26149
16062,26286,26150
16305,26286,26151
13894,26286,26152
12008,26286,26153
16594,26286,26154
11949,26286,26155
2447,26286,26156
1197,26286,26157
11670,26286,26158
10089,26286,26159
6549,26286,26160
5527,26286,26161
23700,26302,26162
5898,26302,26163
8114,26302,26164
11146,26302,26165
16943,26302,26166
22204,26302,26167
10467,26315,26168
12360,26315,26169
10975,26315,26170
2091,26315,26171
14319,26315,26172
19069,26315,26173
2799,26315,26174
1724,26315,26175
7239,26315,26176
7132,26315,26177
1659,26335,26178
518,26335,26179
19396,26335,26180
1860,26335,26181
7762,26335,26182
18365,26335,26183
23823,26335,26184
16993,26338,26185
23634,26338,26186
10504,26338,26187
12198,26338,26188
12979,26338,26189
211,26338,26190
13078,26338,26191
18436,26338,26192
13369,26338,26193
11007,26338,26194
4399,26338,26195
16976,26339,26196
24357,26339,26197
7439,26339,26198
16183,26339,26199
17360,26343,26200
14671,26343,26201
20586,26343,26202
22122,26343,26203
22995,26343,26204
12157,26343,26205
6162,26343,26206
7098,26343,26207
7144,26343,26208
16306,26343,26209
16826,26376,26210
13781,26376,26211
12401,26376,26212
23231,26376,26213
6523,26376,26214
13432,26376,26215
2117,26376,26216
20447,26376,26217
17601,26383,26218
8015,26389,26219
10068,26389,26220
907,26389,26221
19249,26389,26222
18718,26389,26223
18631,26389,26224
11245,26389,26225
6527,26389,26226
6267,26389,26227
8594,26389,26228
4018,26389,26229
4175,26389,26230
19874,26389,26231
3441,26389,26232
20352,26391,26233
21268,26391,26234
21290,26391,26235
18040,26391,26236
17407,26391,26237
20027,26391,26238
12242,26391,26239
4717,26391,26240
8476,26391,26241
5745,26391,26242
19604,26391,26243
1369,26391,26244
3161,26391,26245
474,26391,26246
8304,26391,26247
8507,26396,26248
14181,26396,26249
22619,26396,26250
14852,26396,26251
1226,26396,26252
21720,26396,26253
18384,26396,26254
21712,26396,26255
11994,26396,26256
14111,26396,26257
17601,26397,26258
9855,26400,26259
13007,26400,26260
21495,26400,26261
13182,26400,26262
20129,26400,26263
6844,26400,26264
11585,26400,26265
7525,26400,26266
22611,26400,26267
1360,26400,26268
6089,26400,26269
22915,26400,26270
6149,26400,26271
24203,26400,26272
4318,26401,26273
11130,26401,26274
12198,26401,26275
22572,26401,26276
24529,26401,26277
361,26401,26278
4018,26401,26279
21110,26401,26280
20933,26401,26281
13119,26401,26282
13095,26401,26283
11152,26408,26284
11778,26408,26285
11199,26408,26286
11440,26408,26287
9757,26408,26288
10535,26408,26289
8343,26408,26290
17555,26408,26291
6814,26408,26292
6258,26408,26293
4942,26408,26294
4897,26408,26295
3152,26434,26296
9915,26434,26297
10154,26434,26298
22264,26434,26299
22571,26434,26300
20327,26434,26301
15245,26434,26302
11821,26434,26303
19233,26434,26304
2182,26434,26305
18617,26458,26306
18667,26458,26307
20060,26458,26308
22868,26458,26309
22477,26458,26310
17677,26458,26311
4470,26458,26312
6490,26458,26313
8200,26458,26314
17508,26458,26315
907,26458,26316
965,26458,26317
23204,26458,26318
16194,26458,26319
8329,26458,26320
11739,26458,26321
7956,26458,26322
971,26462,26323
18560,26462,26324
9511,26462,26325
14304,26462,26326
14989,26462,26327
6874,26462,26328
21938,26462,26329
3599,26462,26330
10068,26462,26331
1827,26462,26332
268,26462,26333
13362,26462,26334
17499,26462,26335
20267,26464,26336
12969,26464,26337
1639,26464,26338
21510,26464,26339
15805,26464,26340
2835,26464,26341
18419,26464,26342
22873,26464,26343
2226,26464,26344
14895,26464,26345
1812,26465,26346
11064,26465,26347
21642,26465,26348
23249,26465,26349
5327,26465,26350
12306,26465,26351
912,26465,26352
9305,26469,26353
1672,26469,26354
9824,26469,26355
3952,26469,26356
4204,26469,26357
8722,26469,26358
15643,26469,26359
4792,26469,26360
17929,26474,26361
3441,26474,26362
24010,26474,26363
5380,26474,26364
14303,26474,26365
5862,26474,26366
3166,26474,26367
20433,26474,26368
15353,26474,26369
14392,26474,26370
16174,26476,26371
16006,26476,26372
11496,26476,26373
16806,26476,26374
2791,26476,26375
154,26476,26376
645,26476,26377
3686,26476,26378
4750,26476,26379
18403,26476,26380
3089,26476,26381
2269,26476,26382
17797,26476,26383
9126,26476,26384
12478,26476,26385
2570,26476,26386
9609,26476,26387
20887,26476,26388
4846,26476,26389
18879,26477,26390
14858,26477,26391
7105,26477,26392
24535,26477,26393
530,26477,26394
318,26477,26395
3736,26477,26396
4193,26477,26397
1053,26477,26398
1249,26477,26399
9692,26477,26400
12123,26477,26401
23282,26477,26402
19032,26477,26403
10149,26477,26404
17601,26491,26405
16263,26516,26406
17341,26516,26407
11679,26516,26408
9886,26538,26409
16786,26538,26410
24372,26538,26411
12749,26538,26412
7138,26538,26413
2450,26538,26414
4960,26538,26415
20058,26538,26416
16275,26538,26417
19817,26538,26418
17601,26539,26419
6958,26540,26420
13239,26540,26421
12686,26540,26422
8115,26540,26423
5876,26540,26424
4702,26540,26425
18381,26540,26426
5324,26540,26427
9752,26540,26428
8562,26540,26429
11216,26540,26430
11042,26540,26431
4350,26540,26432
670,26540,26433
24665,26540,26434
17601,26553,26435
19268,26586,26436
19228,26586,26437
6349,26586,26438
8876,26586,26439
10822,26586,26440
10817,26586,26441
17640,26586,26442
13372,26586,26443
850,26586,26444
21577,26586,26445
21592,26589,26446
24448,26589,26447
13845,26589,26448
21538,26589,26449
21914,26589,26450
24051,26589,26451
476,26589,26452
3236,26589,26453
23000,26589,26454
2905,26589,26455
12794,26589,26456
693,26589,26457
17772,26589,26458
19729,26589,26459
16265,26589,26460
13912,26589,26461
14348,26594,26462
17451,26594,26463
20438,26594,26464
15119,26594,26465
15372,26594,26466
16572,26594,26467
14199,26594,26468
17798,26594,26469
22073,26594,26470
5652,26594,26471
6608,26594,26472
6815,26594,26473
8078,26594,26474
9364,26594,26475
21441,26616,26476
20787,26616,26477
6261,26616,26478
7315,26616,26479
20614,26616,26480
18983,26616,26481
16086,26616,26482
18600,26616,26483
15290,26616,26484
16312,26616,26485
12356,26616,26486
15437,26616,26487
24018,26619,26488
14117,26619,26489
21244,26619,26490
19734,26619,26491
7536,26619,26492
12966,26619,26493
7303,26619,26494
1661,26619,26495
12756,26619,26496
9440,26619,26497
8791,26619,26498
14097,26619,26499
24721,26619,26500
2881,26619,26501
2576,26619,26502
4411,26645,26503
5803,26645,26504
1487,26645,26505
5099,26645,26506
5232,26645,26507
16589,26645,26508
12606,26645,26509
10147,26645,26510
3649,26645,26511
23662,26645,26512
23419,26645,26513
19094,26645,26514
9970,26645,26515
10035,26652,26516
23746,26652,26517
10295,26670,26518
17133,26670,26519
19555,26670,26520
15548,26670,26521
17126,26670,26522
13687,26670,26523
24076,26670,26524
24193,26670,26525
14339,26670,26526
8430,26670,26527
24606,26670,26528
20443,26670,26529
14221,26670,26530
752,26688,26531
20556,26688,26532
11657,26688,26533
14186,26688,26534
8227,26688,26535
5925,26688,26536
2050,26688,26537
22879,26688,26538
15076,26688,26539
21808,26688,26540
22705,26688,26541
22426,26688,26542
16804,26699,26543
17991,26716,26544
21932,26716,26545
4181,26716,26546
10710,26716,26547
2834,26716,26548
4327,26716,26549
18559,26716,26550
2769,26716,26551
1905,26716,26552
810,26721,26553
6692,26721,26554
7533,26721,26555
11265,26721,26556
21319,26721,26557
18339,26721,26558
19808,26721,26559
21303,26721,26560
18989,26721,26561
20106,26721,26562
17650,26721,26563
21758,26721,26564
16970,26721,26565
17001,26721,26566
24212,26721,26567
23323,26721,26568
22222,26721,26569
1089,26721,26570
16495,26721,26571
14133,26721,26572
17243,26732,26573
22478,26732,26574
21908,26732,26575
9285,26732,26576
5207,26732,26577
1960,26732,26578
24134,26732,26579
11972,26732,26580
19279,26732,26581
20672,26732,26582
14344,26732,26583
11448,26732,26584
11774,26732,26585
4347,26752,26586
2558,26752,26587
20305,26752,26588
4538,26752,26589
11097,26752,26590
7200,26752,26591
11661,26752,26592
3955,26752,26593
20290,26752,26594
22321,26752,26595
3030,26755,26596
691,26755,26597
10128,26755,26598
22819,26755,26599
18535,26755,26600
17171,26755,26601
12022,26755,26602
21264,26755,26603
4020,26755,26604
3593,26755,26605
5028,26755,26606
10362,26755,26607
10034,26755,26608
17601,26761,26609
20862,26783,26610
19571,26783,26611
8646,26783,26612
7963,26783,26613
18545,26783,26614
18038,26783,26615
18035,26783,26616
16314,26783,26617
1881,26783,26618
515,26783,26619
586,26783,26620
294,26783,26621
10257,26783,26622
3744,26783,26623
1572,26783,26624
16126,26783,26625
6143,26789,26626
6045,26789,26627
3857,26789,26628
16729,26789,26629
4962,26789,26630
996,26789,26631
16426,26789,26632
14496,26789,26633
3846,26789,26634
7399,26789,26635
13817,26789,26636
12158,26789,26637
14243,26789,26638
22398,26812,26639
19765,26812,26640
23479,26812,26641
20665,26812,26642
18948,26812,26643
5797,26812,26644
6130,26812,26645
19035,26812,26646
17504,26812,26647
22980,26812,26648
20361,26812,26649
17503,26812,26650
15184,26832,26651
6041,26832,26652
24251,26832,26653
3551,26832,26654
3232,26832,26655
7629,26832,26656
4359,26832,26657
10638,26832,26658
13452,26832,26659
4113,26832,26660
23478,26832,26661
453,26832,26662
17734,26832,26663
23335,26832,26664
22287,26832,26665
20518,26832,26666
5191,26838,26667
4543,26838,26668
7525,26838,26669
5719,26838,26670
20061,26838,26671
6909,26838,26672
19138,26838,26673
18830,26838,26674
10223,26838,26675
6741,26838,26676
4517,26838,26677
2530,26838,26678
275,26838,26679
2820,26838,26680
4940,26841,26681
2621,26841,26682
14711,26841,26683
12514,26841,26684
18117,26841,26685
5543,26841,26686
12770,26841,26687
6085,26841,26688
9797,26841,26689
1063,26841,26690
1155,26841,26691
2312,26841,26692
14044,26858,26693
13274,26858,26694
13744,26858,26695
1953,26858,26696
172,26858,26697
7381,26858,26698
5057,26858,26699
11359,26858,26700
5707,26858,26701
22141,26858,26702
880,26858,26703
1363,26858,26704
5073,26858,26705
10362,26858,26706
6268,26858,26707
21743,26864,26708
8116,26864,26709
22622,26864,26710
23877,26864,26711
19757,26864,26712
2975,26864,26713
12902,26864,26714
5345,26864,26715
13026,26864,26716
6966,26864,26717
23532,26878,26718
17866,26878,26719
4546,26878,26720
7515,26878,26721
13625,26878,26722
6877,26878,26723
2832,26878,26724
10456,26878,26725
5246,26878,26726
5648,26878,26727
3112,26881,26728
20369,26881,26729
8648,26881,26730
4655,26881,26731
14675,26881,26732
21535,26881,26733
14923,26889,26734
6359,26889,26735
19003,26889,26736
6410,26889,26737
11214,26889,26738
8347,26889,26739
21900,26889,26740
20857,26889,26741
23301,26889,26742
8848,26889,26743
5802,26889,26744
1047,26889,26745
1056,26889,26746
18069,26938,26747
19246,26938,26748
14713,26938,26749
14689,26938,26750
14811,26938,26751
424,26938,26752
779,26938,26753
13324,26938,26754
15547,26938,26755
15523,26938,26756
16134,26938,26757
7490,26948,26758
16982,26948,26759
19847,26948,26760
22048,26948,26761
24693,26948,26762
2616,26948,26763
7169,26948,26764
6974,26948,26765
4116,26948,26766
1320,26948,26767
19376,26948,26768
12668,26948,26769
23256,26948,26770
8459,26948,26771
2008,26948,26772
7461,26963,26773
16050,26963,26774
21984,26963,26775
6382,26963,26776
15558,26963,26777
3395,26963,26778
20499,26963,26779
20657,26963,26780
18711,26963,26781
6878,26963,26782
15861,26977,26783
11505,26977,26784
13576,26977,26785
14849,26977,26786
23971,26977,26787
8101,26977,26788
4265,26977,26789
4890,26977,26790
1390,26977,26791
4062,26977,26792
8180,26977,26793
11199,26977,26794
20893,26977,26795
19609,26977,26796
22178,26977,26797
17100,27012,26798
5546,27012,26799
7485,27012,26800
22354,27012,26801
10067,27012,26802
3000,27012,26803
452,27012,26804
12736,27012,26805
10598,27012,26806
15283,27012,26807
20786,27012,26808
20653,27012,26809
14615,27012,26810
5364,27012,26811
10784,27012,26812
14800,27016,26813
9856,27016,26814
3013,27016,26815
24504,27016,26816
1751,27016,26817
18526,27016,26818
17459,27016,26819
24766,27016,26820
18511,27016,26821
23671,27016,26822
7396,27035,26823
7664,27035,26824
3866,27035,26825
22871,27035,26826
21148,27035,26827
22083,27035,26828
5230,27035,26829
6583,27035,26830
23271,27035,26831
21331,27035,26832
4338,27035,26833
16737,27066,26834
22393,27066,26835
5731,27066,26836
6624,27066,26837
20837,27066,26838
11277,27066,26839
15351,27066,26840
3993,27066,26841
14960,27066,26842
4050,27066,26843
15381,27066,26844
16904,27066,26845
17937,27066,26846
16477,27066,26847
5052,27066,26848
2890,27066,26849
6690,27069,26850
22330,27078,26851
18534,27078,26852
18878,27078,26853
6947,27078,26854
23458,27078,26855
14749,27078,26856
17344,27078,26857
18351,27078,26858
16886,27078,26859
20740,27078,26860
2920,27078,26861
6799,27078,26862
946,27078,26863
2306,27078,26864
20260,27078,26865
236,27078,26866
7180,27078,26867
23068,27078,26868
23866,27078,26869
1411,27079,26870
16501,27079,26871
9518,27079,26872
23427,27079,26873
464,27079,26874
23919,27079,26875
9225,27079,26876
7930,27079,26877
3146,27079,26878
3053,27079,26879
16067,27083,26880
1712,27083,26881
18922,27083,26882
8668,27083,26883
7311,27083,26884
12435,27083,26885
19532,27083,26886
12277,27083,26887
8048,27083,26888
10123,27083,26889
15081,27085,26890
13441,27085,26891
11695,27085,26892
11582,27085,26893
1034,27085,26894
10384,27085,26895
4065,27085,26896
8226,27085,26897
20223,27085,26898
20720,27085,26899
17081,27085,26900
10547,27121,26901
10349,27121,26902
11259,27121,26903
10464,27121,26904
10526,27121,26905
2154,27121,26906
186,27121,26907
2940,27121,26908
16170,27121,26909
14355,27121,26910
8352,27121,26911
16303,27121,26912
3813,27121,26913
5382,27121,26914
5220,27121,26915
5076,27121,26916
12552,27121,26917
19470,27133,26918
22981,27133,26919
9162,27133,26920
22269,27133,26921
166,27133,26922
436,27133,26923
19739,27146,26924
4996,27146,26925
22288,27146,26926
12836,27146,26927
19945,27146,26928
4729,27146,26929
23198,27146,26930
20110,27146,26931
15918,27146,26932
12642,27146,26933
6726,27149,26934
4813,27149,26935
16891,27149,26936
24358,27149,26937
9492,27149,26938
24108,27149,26939
23617,27149,26940
15107,27149,26941
24435,27149,26942
16119,27149,26943
2454,27150,26944
9736,27153,26945
4273,27153,26946
3434,27153,26947
17335,27153,26948
8233,27153,26949
8801,27153,26950
21778,27153,26951
15373,27153,26952
10225,27153,26953
15767,27153,26954
3169,27153,26955
153,27153,26956
10654,27157,26957
15857,27157,26958
8028,27157,26959
23524,27157,26960
24658,27157,26961
9565,27157,26962
1979,27157,26963
13530,27157,26964
13294,27157,26965
6912,27157,26966
24236,27157,26967
16416,27157,26968
1059,27157,26969
8581,27157,26970
1927,27182,26971
22496,27182,26972
8436,27182,26973
3070,27182,26974
2833,27182,26975
1793,27182,26976
23046,27182,26977
7975,27182,26978
4553,27182,26979
14150,27182,26980
23435,27208,26981
20577,27208,26982
14586,27208,26983
11644,27208,26984
10512,27208,26985
21142,27213,26986
9120,27213,26987
8110,27213,26988
16876,27213,26989
8347,27213,26990
3971,27213,26991
7273,27213,26992
6779,27213,26993
4408,27213,26994
4818,27213,26995
796,27213,26996
6662,27213,26997
2510,27213,26998
14152,27213,26999
14992,27213,27000
10283,27213,27001
11469,27213,27002
18613,27213,27003
8006,27213,27004
21347,27214,27005
20995,27214,27006
4221,27214,27007
18572,27214,27008
19593,27214,27009
24231,27214,27010
922,27214,27011
21998,27214,27012
22571,27214,27013
3658,27214,27014
8793,27214,27015
14049,27214,27016
16434,27214,27017
14498,27214,27018
7373,27215,27019
10536,27215,27020
23419,27215,27021
15900,27215,27022
13530,27215,27023
20157,27215,27024
14528,27215,27025
8155,27215,27026
10948,27215,27027
6224,27215,27028
10030,27215,27029
10507,27218,27030
6789,27218,27031
18612,27218,27032
22474,27218,27033
20608,27218,27034
21089,27218,27035
15173,27218,27036
1428,27218,27037
21880,27218,27038
3687,27218,27039
23905,27220,27040
17321,27220,27041
11978,27220,27042
6782,27220,27043
21251,27220,27044
6713,27220,27045
2564,27220,27046
23767,27220,27047
16400,27220,27048
15021,27220,27049
2966,27221,27050
8194,27221,27051
11857,27221,27052
10472,27221,27053
12365,27221,27054
13406,27221,27055
24724,27221,27056
19957,27221,27057
19311,27221,27058
2370,27221,27059
23856,27232,27060
21295,27232,27061
8027,27232,27062
16683,27232,27063
6863,27232,27064
3893,27232,27065
2232,27232,27066
742,27232,27067
23930,27232,27068
7061,27232,27069
24621,27235,27070
760,27235,27071
7064,27235,27072
3799,27235,27073
7688,27235,27074
8560,27235,27075
12355,27235,27076
12362,27235,27077
18609,27235,27078
22415,27235,27079
15470,27236,27080
3261,27236,27081
19814,27236,27082
631,27236,27083
19127,27236,27084
21515,27264,27085
22562,27264,27086
12167,27264,27087
13486,27264,27088
21391,27264,27089
20989,27264,27090
19094,27264,27091
19252,27264,27092
10980,27264,27093
12273,27264,27094
9361,27264,27095
6630,27264,27096
16425,27264,27097
9704,27264,27098
17080,27279,27099
170,27279,27100
5721,27283,27101
4550,27283,27102
3275,27283,27103
2819,27283,27104
9048,27283,27105
9453,27283,27106
10003,27283,27107
10326,27283,27108
14929,27283,27109
22011,27283,27110
22098,27283,27111
23656,27283,27112
10990,27283,27113
11122,27283,27114
11273,27283,27115
11529,27283,27116
21129,27286,27117
20601,27286,27118
13697,27286,27119
307,27286,27120
21518,27286,27121
22802,27286,27122
3514,27286,27123
1257,27286,27124
14185,27286,27125
5176,27286,27126
7076,27290,27127
2892,27290,27128
3852,27290,27129
16683,27290,27130
16241,27290,27131
18935,27290,27132
2126,27290,27133
22861,27290,27134
20641,27290,27135
19315,27290,27136
13639,27305,27137
3434,27305,27138
3490,27305,27139
7595,27305,27140
23518,27305,27141
16755,27305,27142
14646,27305,27143
12958,27305,27144
13670,27305,27145
142,27305,27146
23740,27315,27147
19002,27315,27148
22038,27315,27149
21190,27315,27150
23052,27315,27151
15620,27315,27152
13768,27315,27153
9604,27315,27154
15849,27315,27155
17165,27315,27156
5787,27315,27157
5388,27315,27158
1244,27315,27159
924,27315,27160
2710,27315,27161
2139,27315,27162
3286,27315,27163
17579,27315,27164
24449,27327,27165
20846,27327,27166
24564,27327,27167
12761,27327,27168
2170,27327,27169
14191,27327,27170
1103,27327,27171
17568,27327,27172
15321,27327,27173
14906,27327,27174
2970,27338,27175
22808,27338,27176
5005,27338,27177
18926,27338,27178
20664,27340,27179
23818,27340,27180
5234,27340,27181
5739,27340,27182
12655,27340,27183
15541,27340,27184
13088,27340,27185
4387,27340,27186
1959,27340,27187
1568,27340,27188
10514,27341,27189
4203,27341,27190
19536,27341,27191
24720,27341,27192
15374,27341,27193
17009,27341,27194
12573,27341,27195
13243,27341,27196
9769,27341,27197
9832,27341,27198
6114,27341,27199
5758,27341,27200
7628,27341,27201
373,27341,27202
19062,27353,27203
18284,27353,27204
19123,27353,27205
23439,27353,27206
19839,27353,27207
14863,27353,27208
14796,27353,27209
11742,27353,27210
11525,27353,27211
22507,27353,27212
23029,27353,27213
21848,27353,27214
14719,27353,27215
22077,27353,27216
20276,27353,27217
19141,27353,27218
15271,27353,27219
1191,27381,27220
4982,27381,27221
14930,27381,27222
1010,27381,27223
17641,27381,27224
18341,27381,27225
21983,27381,27226
9721,27381,27227
8027,27381,27228
9516,27381,27229
2406,27381,27230
11276,27381,27231
14445,27381,27232
11767,27381,27233
15602,27381,27234
10635,27381,27235
10120,27381,27236
22515,27424,27237
18745,27424,27238
19501,27424,27239
8439,27424,27240
1680,27424,27241
4482,27424,27242
10146,27424,27243
10785,27424,27244
1119,27424,27245
9732,27424,27246
10210,27424,27247
15203,27424,27248
11919,27424,27249
18933,27424,27250
17012,27424,27251
21755,27473,27252
20502,27473,27253
21843,27473,27254
9125,27473,27255
20911,27473,27256
9715,27473,27257
7745,27473,27258
1915,27473,27259
23183,27473,27260
19400,27473,27261
6587,27473,27262
1495,27473,27263
3690,27473,27264
5000,27473,27265
17247,27473,27266
16753,27473,27267
11955,27473,27268
19566,27473,27269
14062,27474,27270
13074,27474,27271
17152,27474,27272
20859,27474,27273
10704,27474,27274
3177,27474,27275
6324,27474,27276
32,27474,27277
7044,27474,27278
20780,27474,27279
6021,27474,27280
14542,27479,27281
11259,27479,27282
13198,27479,27283
12775,27479,27284
5457,27479,27285
8779,27479,27286
22203,27479,27287
20590,27479,27288
12666,27479,27289
2264,27486,27290
6060,27486,27291
14379,27486,27292
13564,27486,27293
20879,27486,27294
5708,27486,27295
6593,27486,27296
5379,27486,27297
4483,27486,27298
3821,27486,27299
3256,27486,27300
1198,27486,27301
20519,27486,27302
6118,27486,27303
8899,27486,27304
6921,27486,27305
21564,27486,27306
20697,27486,27307
10040,27493,27308
1747,27493,27309
22250,27493,27310
17974,27493,27311
18204,27493,27312
15452,27493,27313
2632,27493,27314
8264,27493,27315
8810,27493,27316
13730,27493,27317
14469,27493,27318
13615,27493,27319
6767,27493,27320
11582,27493,27321
2536,27493,27322
18911,27493,27323
23967,27493,27324
9187,27524,27325
1240,27524,27326
23079,27524,27327
13418,27524,27328
1188,27524,27329
8710,27524,27330
8161,27524,27331
17339,27524,27332
2293,27524,27333
5996,27524,27334
20494,27524,27335
19775,27524,27336
18519,27524,27337
14766,27524,27338
17242,27524,27339
4100,27525,27340
12618,27525,27341
3262,27525,27342
20240,27525,27343
21840,27525,27344
19735,27525,27345
22751,27525,27346
10455,27525,27347
729,27525,27348
10121,27525,27349
8757,27525,27350
5545,27525,27351
5217,27525,27352
13083,27527,27353
3950,27527,27354
25,27527,27355
20085,27527,27356
18897,27527,27357
17691,27527,27358
20542,27527,27359
7060,27527,27360
6492,27527,27361
7383,27527,27362
9867,27535,27363
15305,27535,27364
15689,27546,27365
14931,27546,27366
4123,27546,27367
16128,27546,27368
18062,27546,27369
23493,27546,27370
6825,27546,27371
23625,27546,27372
13353,27546,27373
12007,27546,27374
2666,27558,27375
2965,27558,27376
7127,27558,27377
15502,27558,27378
8336,27558,27379
15146,27558,27380
10711,27558,27381
14964,27558,27382
12510,27558,27383
18297,27558,27384
15447,27558,27385
5700,27569,27386
3469,27569,27387
10211,27569,27388
8034,27569,27389
11961,27569,27390
10247,27569,27391
9598,27569,27392
17952,27569,27393
2957,27569,27394
2021,27569,27395
20985,27569,27396
19042,27591,27397
23030,27591,27398
22475,27591,27399
7165,27591,27400
22571,27591,27401
15171,27591,27402
11902,27591,27403
18519,27591,27404
12445,27591,27405
16718,27591,27406
8827,27591,27407
3355,27591,27408
17112,27591,27409
947,27591,27410
368,27591,27411
7492,27591,27412
17601,27611,27413
16450,27621,27414
172,27621,27415
5232,27621,27416
12173,27621,27417
9470,27621,27418
10175,27621,27419
21342,27621,27420
19797,27621,27421
17161,27621,27422
10411,27621,27423
6649,27621,27424
6712,27621,27425
18275,27621,27426
17276,27621,27427
2401,27621,27428
2542,27621,27429
4884,27621,27430
13032,27621,27431
226,27621,27432
23922,27653,27433
17614,27653,27434
22099,27653,27435
20188,27653,27436
2837,27653,27437
8930,27653,27438
3668,27653,27439
7003,27653,27440
7060,27653,27441
12973,27653,27442
12016,27653,27443
2977,27653,27444
16201,27653,27445
8981,27653,27446
17226,27653,27447
16419,27653,27448
22230,27659,27449
13361,27659,27450
8609,27659,27451
7831,27659,27452
18111,27659,27453
1965,27659,27454
24465,27659,27455
21311,27659,27456
21559,27659,27457
22290,27659,27458
5314,27659,27459
14090,27659,27460
14286,27659,27461
18741,27659,27462
14845,27659,27463
19541,27659,27464
18861,27659,27465
23969,27662,27466
10382,27662,27467
20508,27662,27468
6566,27666,27469
18482,27666,27470
6922,27666,27471
9360,27666,27472
10028,27666,27473
5202,27666,27474
1951,27666,27475
4956,27666,27476
18166,27672,27477
19742,27672,27478
2621,27672,27479
16570,27672,27480
8542,27672,27481
8368,27672,27482
5754,27672,27483
21295,27672,27484
14103,27672,27485
12652,27672,27486
10993,27672,27487
9008,27672,27488
5259,27672,27489
21477,27677,27490
22776,27677,27491
18263,27677,27492
18249,27677,27493
17659,27677,27494
18264,27677,27495
19561,27677,27496
17135,27677,27497
13494,27677,27498
5196,27677,27499
13484,27677,27500
22972,27687,27501
22913,27687,27502
20903,27687,27503
22972,27687,27504
4824,27687,27505
3246,27687,27506
23045,27687,27507
1525,27687,27508
19855,27687,27509
17703,27687,27510
9013,27687,27511
8624,27687,27512
15705,27687,27513
12416,27687,27514
17332,27687,27515
9505,27687,27516
19727,27687,27517
5466,27687,27518
1234,27707,27519
23512,27707,27520
17754,27707,27521
302,27707,27522
6997,27707,27523
19455,27707,27524
19568,27716,27525
4675,27716,27526
14857,27716,27527
120,27716,27528
15432,27716,27529
19633,27716,27530
18474,27716,27531
18377,27716,27532
24661,27716,27533
21429,27716,27534
16345,27731,27535
14933,27731,27536
21430,27731,27537
1353,27731,27538
23931,27731,27539
20024,27731,27540
20598,27731,27541
12,27731,27542
854,27731,27543
7907,27731,27544
17601,27733,27545
4542,27738,27546
19987,27738,27547
15118,27738,27548
23121,27738,27549
2325,27738,27550
3388,27738,27551
13325,27738,27552
409,27738,27553
13249,27738,27554
1611,27738,27555
842,27739,27556
23259,27739,27557
4809,27739,27558
11755,27739,27559
7658,27739,27560
6652,27739,27561
22859,27739,27562
8287,27739,27563
15424,27739,27564
21294,27739,27565
19856,27739,27566
18531,27739,27567
18747,27739,27568
10857,27739,27569
14535,27739,27570
23250,27739,27571
11777,27739,27572
5948,27741,27573
8758,27741,27574
9585,27741,27575
5464,27741,27576
210,27741,27577
10838,27741,27578
15818,27741,27579
15941,27741,27580
192,27741,27581
22228,27741,27582
5443,27741,27583
17787,27741,27584
19328,27741,27585
19654,27741,27586
18693,27744,27587
18336,27744,27588
7875,27744,27589
6988,27744,27590
7677,27744,27591
13102,27744,27592
6473,27744,27593
4714,27744,27594
17020,27744,27595
19652,27744,27596
20498,27744,27597
774,27744,27598
580,27744,27599
6278,27748,27600
20212,27748,27601
8456,27748,27602
6547,27748,27603
727,27748,27604
13357,27748,27605
15962,27748,27606
10319,27751,27607
249,27751,27608
18664,27751,27609
6140,27751,27610
7932,27751,27611
12639,27751,27612
8331,27751,27613
22476,27751,27614
5696,27751,27615
11334,27751,27616
23605,27757,27617
17336,27757,27618
15879,27757,27619
18582,27757,27620
5394,27757,27621
13413,27757,27622
1170,27757,27623
7404,27757,27624
7558,27757,27625
7146,27757,27626
11719,27757,27627
7795,27757,27628
5044,27757,27629
14784,27757,27630
8792,27789,27631
11264,27789,27632
4934,27789,27633
1810,27789,27634
4373,27789,27635
22813,27789,27636
10638,27789,27637
10330,27789,27638
20987,27789,27639
16758,27789,27640
19882,27789,27641
17904,27789,27642
17945,27789,27643
21272,27789,27644
18810,27789,27645
4554,27796,27646
9218,27796,27647
2604,27796,27648
8678,27796,27649
4346,27796,27650
9748,27796,27651
431,27796,27652
4120,27796,27653
3597,27796,27654
2570,27796,27655
10765,27796,27656
7131,27796,27657
10400,27796,27658
10553,27796,27659
5190,27796,27660
3173,27796,27661
4541,27796,27662
7819,27796,27663
10473,27825,27664
9565,27825,27665
19624,27825,27666
5973,27825,27667
19610,27825,27668
17387,27825,27669
15908,27825,27670
14514,27825,27671
23670,27825,27672
13578,27825,27673
24456,27825,27674
24230,27825,27675
11386,27825,27676
20432,27825,27677
9965,27830,27678
23450,27830,27679
14928,27830,27680
15239,27830,27681
17690,27830,27682
19427,27830,27683
232,27830,27684
12827,27830,27685
12078,27830,27686
15370,27830,27687
4968,27830,27688
1435,27830,27689
23216,27830,27690
21626,27830,27691
14453,27830,27692
14574,27832,27693
16893,27832,27694
1744,27832,27695
23702,27832,27696
23286,27832,27697
20537,27832,27698
10989,27832,27699
9765,27832,27700
7357,27832,27701
5656,27832,27702
15119,27840,27703
6064,27840,27704
20475,27840,27705
5715,27840,27706
24253,27856,27707
14079,27866,27708
11360,27866,27709
14541,27866,27710
19587,27866,27711
8936,27866,27712
7978,27866,27713
3115,27866,27714
19760,27866,27715
4080,27866,27716
24279,27866,27717
13258,27866,27718
23793,27866,27719
16483,27866,27720
16340,27866,27721
16073,27866,27722
9395,27868,27723
5338,27868,27724
3215,27868,27725
13090,27868,27726
12232,27868,27727
19610,27868,27728
14068,27868,27729
14746,27868,27730
18590,27868,27731
23516,27868,27732
2765,27868,27733
10415,27868,27734
13296,27868,27735
18430,27887,27736
14716,27887,27737
8024,27887,27738
6700,27887,27739
2863,27887,27740
23144,27887,27741
14585,27887,27742
13858,27887,27743
12714,27887,27744
11659,27887,27745
20173,27887,27746
20165,27887,27747
12979,27889,27748
20475,27889,27749
14600,27889,27750
16690,27889,27751
10277,27889,27752
2200,27889,27753
3912,27889,27754
22403,27889,27755
10227,27889,27756
10164,27889,27757
15360,27901,27758
17240,27901,27759
17790,27901,27760
23815,27901,27761
20,27901,27762
2314,27901,27763
22960,27901,27764
23468,27901,27765
3299,27901,27766
24428,27901,27767
3923,27901,27768
5305,27901,27769
13851,27901,27770
4936,27901,27771
19755,27901,27772
3717,27901,27773
17562,27901,27774
9997,27937,27775
11384,27937,27776
2756,27937,27777
10573,27937,27778
23469,27937,27779
3485,27937,27780
12242,27937,27781
24248,27937,27782
4062,27937,27783
6949,27937,27784
17601,27964,27785
1597,27972,27786
21799,27972,27787
17241,27972,27788
11629,27972,27789
16505,27972,27790
2927,27972,27791
20298,27972,27792
20095,27972,27793
16105,27972,27794
15549,27972,27795
1761,27972,27796
18890,27988,27797
20901,27988,27798
23137,27988,27799
7140,27988,27800
5547,27988,27801
18885,27988,27802
2947,27988,27803
1863,27988,27804
1697,27988,27805
14712,27988,27806
11692,27988,27807
6660,27988,27808
4909,28000,27809
10145,28000,27810
9021,28000,27811
17733,28000,27812
19456,28000,27813
19892,28000,27814
21447,28000,27815
20958,28000,27816
12211,28000,27817
5443,28000,27818
17170,28000,27819
9956,28000,27820
16294,28000,27821
15840,28000,27822
17826,28000,27823
8754,28000,27824
10056,28000,27825
17601,28010,27826
5785,28013,27827
2988,28013,27828
5026,28013,27829
10403,28013,27830
11128,28013,27831
12126,28013,27832
11124,28013,27833
10948,28013,27834
10857,28013,27835
5348,28013,27836
19428,28013,27837
4058,28013,27838
15127,28013,27839
18606,28013,27840
20781,28013,27841
12251,28013,27842
8816,28013,27843
20698,28013,27844
21173,28018,27845
2471,28018,27846
9290,28018,27847
11504,28018,27848
885,28018,27849
19569,28018,27850
6200,28018,27851
7449,28018,27852
2208,28018,27853
18193,28018,27854
12966,28018,27855
21325,28018,27856
22761,28018,27857
18245,28018,27858
1276,28018,27859
11569,28018,27860
17875,28020,27861
11594,28020,27862
4603,28020,27863
7448,28031,27864
3660,28031,27865
5712,28031,27866
8299,28031,27867
8590,28031,27868
5999,28031,27869
14520,28031,27870
13850,28031,27871
12644,28031,27872
20230,28031,27873
16174,28031,27874
17466,28031,27875
20726,28031,27876
14681,28031,27877
7388,28031,27878
98,28031,27879
1933,28031,27880
10162,28045,27881
10404,28045,27882
4656,28045,27883
15285,28045,27884
16424,28045,27885
18240,28045,27886
20922,28045,27887
21154,28045,27888
4477,28045,27889
23636,28045,27890
23743,28045,27891
5433,28045,27892
5791,28045,27893
5649,28045,27894
2352,28046,27895
723,28046,27896
8027,28046,27897
11160,28046,27898
11620,28046,27899
16803,28046,27900
13833,28046,27901
15846,28046,27902
20859,28046,27903
21106,28046,27904
15857,28062,27905
16845,28062,27906
19885,28062,27907
12224,28065,27908
10594,28065,27909
3011,28065,27910
789,28065,27911
16442,28065,27912
22784,28065,27913
17002,28065,27914
24100,28065,27915
24800,28065,27916
9689,28065,27917
3890,28065,27918
3995,28065,27919
6121,28065,27920
11861,28067,27921
2274,28067,27922
1221,28067,27923
5187,28067,27924
11611,28067,27925
8046,28067,27926
4704,28067,27927
9863,28067,27928
18629,28067,27929
11762,28067,27930
9624,28067,27931
23654,28067,27932
24136,28067,27933
9281,28067,27934
10135,28067,27935
7350,28070,27936
10557,28070,27937
19092,28070,27938
22649,28070,27939
2992,28070,27940
3446,28070,27941
5774,28070,27942
15983,28070,27943
23789,28070,27944
20017,28070,27945
20147,28070,27946
14066,28075,27947
2581,28075,27948
3765,28075,27949
2570,28075,27950
16497,28075,27951
6740,28075,27952
5932,28075,27953
18514,28075,27954
20542,28075,27955
2105,28075,27956
24262,28075,27957
23250,28075,27958
1701,28075,27959
17601,28100,27960
11244,28105,27961
10301,28105,27962
1623,28105,27963
2031,28105,27964
4908,28105,27965
10058,28105,27966
11571,28105,27967
20291,28105,27968
8148,28105,27969
19250,28105,27970
9354,28116,27971
16706,28116,27972
6186,28116,27973
1095,28116,27974
2051,28116,27975
18273,28116,27976
11685,28116,27977
14833,28116,27978
17155,28116,27979
20194,28116,27980
16368,28118,27981
14851,28118,27982
5170,28118,27983
7993,28118,27984
23362,28118,27985
8054,28118,27986
4889,28118,27987
9367,28118,27988
14487,28118,27989
2234,28118,27990
3341,28118,27991
3541,28118,27992
22028,28121,27993
2189,28121,27994
2099,28121,27995
22221,28121,27996
21526,28121,27997
21708,28121,27998
24253,28121,27999
22288,28121,28000
10444,28121,28001
12035,28121,28002
18978,28121,28003
6342,28121,28004
7324,28121,28005
9874,28121,28006
5855,28121,28007
4148,28121,28008
21143,28121,28009
17601,28142,28010
15034,28145,28011
15171,28145,28012
10072,28145,28013
16658,28145,28014
16457,28145,28015
3448,28145,28016
22562,28145,28017
7140,28145,28018
3567,28145,28019
21891,28145,28020
994,28158,28021
12387,28158,28022
8409,28158,28023
20878,28170,28024
10356,28170,28025
16954,28170,28026
12666,28170,28027
1399,28170,28028
18776,28170,28029
7034,28170,28030
10465,28170,28031
10333,28170,28032
20885,28170,28033
19924,28170,28034
23472,28170,28035
23520,28176,28036
17616,28176,28037
18688,28176,28038
7998,28176,28039
9483,28176,28040
11681,28176,28041
11423,28176,28042
10952,28176,28043
17064,28176,28044
3454,28176,28045
2993,28176,28046
1515,28176,28047
23971,28182,28048
17438,28182,28049
13211,28182,28050
14263,28182,28051
7525,28182,28052
4417,28182,28053
10245,28182,28054
22646,28182,28055
9482,28182,28056
4834,28182,28057
5357,28182,28058
4146,28182,28059
4036,28182,28060
2590,28182,28061
129,28182,28062
11034,28182,28063
4348,28182,28064
17991,28202,28065
769,28202,28066
17424,28202,28067
8886,28202,28068
2825,28205,28069
21113,28205,28070
2212,28212,28071
24153,28212,28072
4433,28212,28073
1188,28212,28074
808,28212,28075
6669,28212,28076
3864,28212,28077
21736,28212,28078
22679,28212,28079
23900,28212,28080
24826,28212,28081
22788,28212,28082
16782,28212,28083
14028,28212,28084
22108,28212,28085
24773,28261,28086
17573,28261,28087
24235,28261,28088
12448,28261,28089
17226,28261,28090
24672,28261,28091
13581,28261,28092
13771,28261,28093
12484,28261,28094
9559,28261,28095
16195,28261,28096
8638,28261,28097
1142,28261,28098
12854,28264,28099
15687,28264,28100
10531,28264,28101
12868,28264,28102
12275,28264,28103
11004,28264,28104
9214,28264,28105
6072,28264,28106
5223,28264,28107
3554,28264,28108
8155,28264,28109
8759,28264,28110
15931,28264,28111
19668,28264,28112
22803,28266,28113
24207,28266,28114
17991,28266,28115
24778,28266,28116
8659,28266,28117
14750,28266,28118
3029,28266,28119
3561,28266,28120
8073,28266,28121
7852,28266,28122
23660,28281,28123
13648,28281,28124
12957,28281,28125
10471,28281,28126
9434,28281,28127
2904,28281,28128
1145,28281,28129
24699,28281,28130
20690,28281,28131
21916,28281,28132
6931,28282,28133
677,28282,28134
126,28282,28135
3315,28282,28136
12428,28282,28137
8816,28282,28138
5589,28282,28139
5238,28282,28140
18051,28282,28141
18163,28282,28142
17601,28284,28143
9105,28298,28144
16481,28298,28145
18191,28298,28146
19514,28298,28147
21767,28298,28148
11356,28298,28149
6200,28298,28150
24222,28307,28151
20745,28307,28152
16374,28307,28153
19719,28307,28154
19606,28307,28155
15249,28307,28156
6297,28307,28157
21704,28307,28158
5815,28307,28159
3399,28307,28160
20136,28307,28161
19793,28307,28162
12986,28308,28163
12400,28308,28164
3311,28308,28165
15091,28308,28166
10189,28308,28167
14825,28308,28168
3900,28308,28169
6894,28308,28170
10376,28308,28171
18962,28308,28172
11107,28308,28173
10762,28308,28174
18222,28308,28175
24787,28308,28176
626,28308,28177
19695,28308,28178
17933,28308,28179
6906,28316,28180
10378,28316,28181
10841,28316,28182
14641,28316,28183
6045,28316,28184
7999,28316,28185
7263,28316,28186
193,28316,28187
16762,28316,28188
2404,28316,28189
2630,28316,28190
17739,28316,28191
3189,28316,28192
17821,28316,28193
14544,28316,28194
16562,28316,28195
14216,28316,28196
14234,28316,28197
11329,28316,28198
14754,28339,28199
2655,28339,28200
1988,28339,28201
3175,28339,28202
2863,28339,28203
3592,28339,28204
7382,28339,28205
8470,28339,28206
22266,28339,28207
19033,28339,28208
23449,28339,28209
22772,28339,28210
10914,28339,28211
14676,28339,28212
7017,28339,28213
6970,28339,28214
5890,28339,28215
7231,28366,28216
7332,28366,28217
7785,28366,28218
13011,28366,28219
9089,28366,28220
20659,28366,28221
16907,28366,28222
6898,28366,28223
13047,28366,28224
21773,28366,28225
5611,28369,28226
13856,28369,28227
22179,28369,28228
17915,28369,28229
18454,28369,28230
22818,28369,28231
3881,28369,28232
19132,28369,28233
15585,28369,28234
7610,28369,28235
12218,28369,28236
13512,28369,28237
8959,28369,28238
10871,28369,28239
1418,28373,28240
5800,28373,28241
6318,28373,28242
20998,28373,28243
15421,28373,28244
317,28392,28245
1273,28392,28246
90,28392,28247
17758,28392,28248
17525,28392,28249
6429,28392,28250
13932,28392,28251
15434,28392,28252
23091,28392,28253
23984,28392,28254
4097,28398,28255
7447,28398,28256
2989,28398,28257
4032,28398,28258
4005,28398,28259
8081,28398,28260
7876,28398,28261
3917,28398,28262
8463,28398,28263
7339,28398,28264
3483,28398,28265
4300,28398,28266
8170,28398,28267
6185,28398,28268
5576,28398,28269
6441,28398,28270
1668,28398,28271
16624,28399,28272
8149,28399,28273
16523,28399,28274
18562,28399,28275
8713,28399,28276
1280,28399,28277
7778,28399,28278
1588,28399,28279
4745,28399,28280
11591,28399,28281
9006,28399,28282
24363,28399,28283
23878,28399,28284
22888,28399,28285
23178,28399,28286
21888,28399,28287
22380,28399,28288
1918,28402,28289
2365,28402,28290
8129,28402,28291
21725,28402,28292
13652,28402,28293
13702,28402,28294
9555,28402,28295
13122,28402,28296
1505,28403,28297
6685,28403,28298
11458,28403,28299
14288,28403,28300
16880,28403,28301
19569,28403,28302
8108,28403,28303
17005,28403,28304
18842,28403,28305
4311,28403,28306
187,28403,28307
3734,28403,28308
12849,28403,28309
17601,28413,28310
2524,28428,28311
4306,28428,28312
7872,28428,28313
16382,28428,28314
7782,28428,28315
14523,28428,28316
20473,28428,28317
20154,28428,28318
18253,28428,28319
8102,28428,28320
14278,28428,28321
12147,28428,28322
9368,28428,28323
13276,28428,28324
2377,28428,28325
16696,28431,28326
4108,28431,28327
3531,28431,28328
10537,28431,28329
4828,28431,28330
11436,28431,28331
9999,28431,28332
17837,28431,28333
11864,28431,28334
24126,28431,28335
21822,28456,28336
19643,28456,28337
20684,28456,28338
15220,28456,28339
16880,28456,28340
18512,28456,28341
22240,28456,28342
15952,28456,28343
6932,28456,28344
930,28456,28345
8257,28456,28346
22240,28456,28347
23411,28461,28348
19994,28461,28349
3814,28461,28350
9684,28461,28351
2445,28461,28352
10194,28497,28353
10282,28497,28354
4427,28497,28355
10563,28497,28356
22848,28497,28357
3179,28519,28358
9113,28519,28359
22302,28519,28360
16895,28519,28361
12479,28519,28362
8625,28519,28363
24838,28519,28364
7362,28519,28365
1221,28519,28366
8220,28519,28367
14337,28519,28368
18564,28519,28369
23462,28519,28370
24106,28519,28371
19009,28519,28372
18252,28519,28373
17601,28534,28374
17601,28562,28375
663,28563,28376
10654,28563,28377
253,28563,28378
6341,28563,28379
15405,28563,28380
20323,28563,28381
1062,28563,28382
17733,28563,28383
20798,28563,28384
12825,28563,28385
23128,28563,28386
22428,28563,28387
17812,28563,28388
6200,28563,28389
1550,28563,28390
1910,28563,28391
2027,28563,28392
1150,28563,28393
2866,28567,28394
18430,28567,28395
16891,28567,28396
19826,28567,28397
4251,28567,28398
21480,28567,28399
24315,28567,28400
18883,28567,28401
9396,28567,28402
4414,28567,28403
20096,28567,28404
23333,28567,28405
6393,28567,28406
5681,28567,28407
10454,28567,28408
14122,28567,28409
16139,28567,28410
1133,28571,28411
7090,28571,28412
8380,28571,28413
2850,28571,28414
9920,28571,28415
10042,28571,28416
10162,28571,28417
19933,28571,28418
21499,28571,28419
16155,28571,28420
2956,28571,28421
5751,28571,28422
5433,28571,28423
16325,28571,28424
9625,28571,28425
18310,28571,28426
17664,28571,28427
12374,28571,28428
6061,28571,28429
19708,28571,28430
1216,28586,28431
7496,28586,28432
4029,28586,28433
10985,28586,28434
12332,28586,28435
7320,28586,28436
11279,28586,28437
498,28586,28438
15408,28586,28439
3764,28586,28440
17601,28590,28441
22881,28599,28442
22522,28599,28443
541,28599,28444
1227,28599,28445
1222,28599,28446
12233,28599,28447
8804,28599,28448
12198,28599,28449
3248,28599,28450
20970,28599,28451
1812,28599,28452
7876,28599,28453
14392,28599,28454
3920,28599,28455
6788,28599,28456
7219,28599,28457
24221,28599,28458
23854,28599,28459
17601,28635,28460
18225,28642,28461
19394,28642,28462
12436,28642,28463
22417,28642,28464
12505,28642,28465
3198,28642,28466
698,28642,28467
5205,28642,28468
12033,28642,28469
4748,28642,28470
13770,28642,28471
6215,28642,28472
15334,28642,28473
16249,28642,28474
14835,28642,28475
2575,28651,28476
18986,28651,28477
1101,28651,28478
17855,28651,28479
17929,28651,28480
22300,28651,28481
6141,28651,28482
23615,28651,28483
10666,28651,28484
16459,28651,28485
23443,28651,28486
1968,28651,28487
20061,28651,28488
22839,28651,28489
3718,28651,28490
4936,28651,28491
17663,28651,28492
8397,28671,28493
20910,28671,28494
4275,28671,28495
8656,28671,28496
9179,28671,28497
16690,28671,28498
3950,28671,28499
19736,28671,28500
17147,28671,28501
24159,28671,28502
21091,28671,28503
16917,28671,28504
18673,28729,28505
1942,28729,28506
16994,28729,28507
2022,28729,28508
4515,28729,28509
16969,28729,28510
19712,28729,28511
24836,28729,28512
24424,28729,28513
15004,28729,28514
6200,28754,28515
7868,28754,28516
8912,28754,28517
516,28754,28518
23129,28754,28519
2655,28754,28520
23641,28754,28521
17408,28754,28522
20497,28754,28523
18110,28754,28524
1655,28754,28525
2645,28754,28526
1495,28754,28527
9506,28754,28528
22036,28754,28529
18128,28754,28530
19068,28754,28531
2354,28762,28532
18983,28762,28533
16086,28762,28534
15554,28762,28535
12583,28762,28536
20787,28762,28537
16083,28762,28538
12356,28762,28539
7329,28766,28540
6689,28766,28541
6269,28766,28542
11076,28766,28543
11824,28766,28544
4645,28766,28545
14626,28766,28546
3129,28766,28547
2111,28766,28548
1177,28766,28549
921,28766,28550
16768,28766,28551
21366,28766,28552
14680,28766,28553
21410,28766,28554
19089,28766,28555
20987,28766,28556
20773,28788,28557
10482,28788,28558
4514,28788,28559
17375,28788,28560
17596,28788,28561
5981,28788,28562
13671,28788,28563
24429,28788,28564
15450,28788,28565
5585,28788,28566
18032,28799,28567
15153,28799,28568
13942,28799,28569
12928,28799,28570
9984,28799,28571
24248,28799,28572
22358,28799,28573
20874,28827,28574
8890,28827,28575
24326,28827,28576
11932,28827,28577
1790,28827,28578
20475,28827,28579
21910,28827,28580
7302,28827,28581
10035,28827,28582
23782,28827,28583
1403,28827,28584
14942,28827,28585
11958,28827,28586
1032,28831,28587
23394,28831,28588
15212,28831,28589
11598,28831,28590
12485,28831,28591
7078,28831,28592
3213,28831,28593
12176,28831,28594
3260,28831,28595
19405,28831,28596
18051,28831,28597
16544,28831,28598
12846,28841,28599
13545,28841,28600
11598,28841,28601
2440,28841,28602
3424,28841,28603
5594,28841,28604
6126,28841,28605
15806,28841,28606
15184,28841,28607
17909,28841,28608
7852,28841,28609
8614,28850,28610
4468,28850,28611
20430,28850,28612
7879,28850,28613
18003,28850,28614
5991,28850,28615
8073,28850,28616
17105,28850,28617
20646,28850,28618
18797,28850,28619
10529,28850,28620
23470,28850,28621
22310,28850,28622
24170,28850,28623
2714,28850,28624
2540,28850,28625
9111,28850,28626
637,28850,28627
17843,28850,28628
17415,28851,28629
12676,28851,28630
14554,28851,28631
12859,28851,28632
20081,28851,28633
17282,28851,28634
9262,28851,28635
24211,28851,28636
8401,28851,28637
7580,28851,28638
7147,28854,28639
15644,28854,28640
15679,28854,28641
5,28854,28642
12379,28854,28643
7897,28854,28644
18836,28854,28645
1816,28859,28646
672,28859,28647
17392,28859,28648
3699,28859,28649
9213,28881,28650
7170,28881,28651
23856,28881,28652
9284,28881,28653
6304,28881,28654
6277,28881,28655
13198,28881,28656
11359,28881,28657
17034,28881,28658
10961,28881,28659
15076,28881,28660
14771,28887,28661
16186,28887,28662
16867,28887,28663
7887,28887,28664
9602,28887,28665
8109,28887,28666
6876,28887,28667
6539,28887,28668
10006,28887,28669
19186,28887,28670
20883,28887,28671
12376,28887,28672
13061,28887,28673
13335,28887,28674
7001,28895,28675
2385,28895,28676
8976,28895,28677
18082,28895,28678
14125,28895,28679
13919,28895,28680
24655,28895,28681
2289,28895,28682
5880,28895,28683
6106,28895,28684
17601,28900,28685
24347,28927,28686
17386,28927,28687
15535,28927,28688
9089,28927,28689
9315,28927,28690
7707,28927,28691
21014,28927,28692
1757,28927,28693
12712,28927,28694
5327,28927,28695
11651,28982,28696
21486,28982,28697
22696,28982,28698
17130,28982,28699
19146,28982,28700
14476,28982,28701
242,28982,28702
22716,28982,28703
18198,28982,28704
8181,28982,28705
12162,29033,28706
11550,29033,28707
12273,29033,28708
10192,29033,28709
6185,29033,28710
9100,29033,28711
3760,29033,28712
4121,29033,28713
5185,29033,28714
5857,29033,28715
7217,29033,28716
1812,29033,28717
2209,29033,28718
712,29033,28719
10978,29033,28720
9926,29033,28721
10128,29033,28722
3255,29042,28723
2583,29042,28724
17945,29042,28725
4785,29042,28726
21330,29042,28727
18538,29042,28728
14855,29042,28729
4713,29042,28730
8418,29042,28731
10110,29042,28732
6675,29042,28733
7490,29042,28734
17298,29042,28735
20643,29042,28736
4157,29042,28737
2195,29042,28738
23079,29042,28739
15897,29042,28740
24097,29042,28741
15833,29045,28742
23062,29045,28743
19543,29045,28744
20569,29045,28745
13381,29045,28746
5058,29045,28747
4214,29045,28748
11725,29045,28749
10588,29045,28750
16116,29045,28751
1394,29048,28752
5535,29048,28753
4752,29048,28754
7454,29048,28755
16322,29048,28756
7772,29048,28757
23976,29048,28758
282,29048,28759
17969,29048,28760
17913,29048,28761
17931,29048,28762
22015,29048,28763
16880,29048,28764
22968,29050,28765
23007,29050,28766
21214,29050,28767
18481,29050,28768
3444,29050,28769
21721,29050,28770
20460,29050,28771
23867,29050,28772
3157,29050,28773
6484,29050,28774
20531,29058,28775
3007,29058,28776
10181,29058,28777
16643,29058,28778
2157,29058,28779
9967,29058,28780
7631,29058,28781
11846,29058,28782
17002,29058,28783
16540,29058,28784
12245,29058,28785
21666,29058,28786
5001,29058,28787
6541,29058,28788
3581,29058,28789
4328,29058,28790
4399,29058,28791
16599,29060,28792
24003,29066,28793
23547,29066,28794
14394,29066,28795
14981,29066,28796
24161,29066,28797
24671,29066,28798
15076,29066,28799
15986,29066,28800
13596,29066,28801
20472,29066,28802
13247,29066,28803
13956,29066,28804
3786,29066,28805
10122,29066,28806
10213,29066,28807
20183,29066,28808
21270,29066,28809
12512,29083,28810
24139,29083,28811
22250,29083,28812
19080,29083,28813
13467,29083,28814
4197,29083,28815
10390,29083,28816
3129,29083,28817
19960,29083,28818
10505,29083,28819
20859,29145,28820
20518,29145,28821
23108,29145,28822
17739,29145,28823
6198,29145,28824
10119,29145,28825
20706,29145,28826
13104,29145,28827
12834,29145,28828
14660,29145,28829
16550,29145,28830
11388,29145,28831
10989,29145,28832
16536,29145,28833
11249,29145,28834
1963,29145,28835
2901,29145,28836
3827,29145,28837
10569,29150,28838
8142,29150,28839
2936,29150,28840
3436,29150,28841
15555,29150,28842
3114,29150,28843
5630,29150,28844
4063,29150,28845
23781,29150,28846
12190,29150,28847
22754,29150,28848
18585,29150,28849
3541,29178,28850
23103,29178,28851
7965,29178,28852
1987,29178,28853
15556,29178,28854
10169,29178,28855
5166,29178,28856
19220,29178,28857
15936,29178,28858
3968,29178,28859
7266,29181,28860
18806,29181,28861
15886,29181,28862
20196,29181,28863
20528,29181,28864
21490,29181,28865
18311,29181,28866
6356,29181,28867
15847,29181,28868
15607,29181,28869
8337,29181,28870
1158,29181,28871
4743,29181,28872
1585,29181,28873
4143,29181,28874
17601,29206,28875
1873,29214,28876
23327,29214,28877
21386,29214,28878
3796,29214,28879
19582,29214,28880
15731,29214,28881
7273,29214,28882
11676,29214,28883
18344,29214,28884
19568,29214,28885
11328,29214,28886
11259,29214,28887
9142,29214,28888
12931,29214,28889
13801,29214,28890
20181,29214,28891
19569,29214,28892
16876,29214,28893
8212,29245,28894
12297,29245,28895
12294,29245,28896
7913,29245,28897
15564,29245,28898
18172,29245,28899
22414,29245,28900
8907,29245,28901
19111,29276,28902
4257,29276,28903
7238,29276,28904
578,29276,28905
17238,29276,28906
8429,29276,28907
15391,29276,28908
5216,29276,28909
22686,29276,28910
21392,29276,28911
4355,29304,28912
7068,29304,28913
81,29304,28914
9003,29304,28915
9582,29304,28916
2645,29304,28917
3043,29304,28918
14133,29304,28919
10609,29304,28920
22092,29304,28921
20721,29304,28922
18813,29304,28923
17478,29304,28924
3126,29304,28925
10051,29304,28926
19727,29317,28927
14846,29317,28928
13482,29317,28929
18253,29317,28930
5986,29317,28931
1548,29317,28932
17994,29317,28933
18779,29317,28934
19880,29317,28935
10222,29317,28936
11601,29317,28937
6828,29317,28938
15774,29317,28939
17790,29317,28940
6114,29317,28941
24654,29317,28942
23360,29317,28943
21912,29317,28944
7423,29354,28945
7232,29354,28946
3127,29354,28947
4074,29354,28948
5781,29354,28949
7848,29354,28950
14909,29354,28951
8390,29354,28952
10189,29354,28953
17430,29354,28954
17741,29354,28955
23562,29354,28956
17992,29354,28957
22607,29354,28958
21856,29354,28959
8393,29358,28960
1509,29358,28961
6902,29358,28962
24178,29358,28963
20841,29358,28964
5015,29358,28965
24266,29358,28966
21804,29358,28967
2201,29358,28968
13929,29388,28969
23526,29388,28970
14780,29388,28971
17899,29388,28972
17901,29388,28973
17900,29388,28974
15313,29388,28975
9385,29412,28976
13389,29412,28977
12029,29412,28978
11892,29412,28979
14305,29412,28980
5925,29412,28981
1863,29412,28982
845,29412,28983
23568,29412,28984
2877,29412,28985
17400,29412,28986
14537,29412,28987
23257,29412,28988
20485,29412,28989
7215,29412,28990
24547,29433,28991
24694,29433,28992
22464,29433,28993
19815,29433,28994
23225,29433,28995
19169,29433,28996
6482,29433,28997
17118,29433,28998
2000,29433,28999
4945,29433,29000
595,29433,29001
844,29434,29002
19344,29434,29003
14756,29434,29004
18056,29434,29005
11598,29434,29006
23811,29434,29007
11917,29434,29008
17433,29434,29009
12007,29434,29010
2441,29434,29011
10101,29504,29012
7251,29504,29013
20943,29504,29014
5800,29504,29015
3642,29504,29016
2044,29520,29017
2315,29520,29018
7666,29520,29019
3438,29520,29020
4361,29520,29021
11936,29520,29022
4801,29520,29023
18218,29520,29024
21406,29520,29025
2449,29520,29026
5316,29523,29027
10764,29523,29028
18233,29523,29029
4999,29523,29030
18956,29523,29031
5882,29523,29032
1115,29523,29033
3848,29523,29034
23811,29523,29035
4577,29523,29036
1730,29523,29037
21438,29523,29038
20427,29523,29039
14043,29523,29040
21115,29523,29041
16753,29560,29042
9221,29560,29043
13493,29560,29044
10475,29560,29045
11625,29560,29046
8930,29560,29047
22626,29560,29048
17826,29560,29049
7361,29560,29050
22747,29560,29051
14497,29562,29052
16325,29562,29053
16707,29562,29054
6000,29562,29055
9529,29562,29056
10987,29562,29057
9606,29562,29058
19174,29562,29059
22120,29562,29060
23347,29562,29061
5880,29562,29062
10864,29563,29063
11871,29563,29064
18680,29563,29065
17982,29563,29066
12787,29563,29067
16390,29563,29068
12058,29563,29069
17672,29563,29070
15915,29563,29071
10564,29563,29072
10681,29563,29073
683,29563,29074
4920,29563,29075
3917,29563,29076
1390,29563,29077
21686,29571,29078
11455,29571,29079
13448,29571,29080
14028,29571,29081
14874,29571,29082
2886,29571,29083
19005,29571,29084
2473,29571,29085
23113,29571,29086
21577,29571,29087
3073,29594,29088
1536,29594,29089
358,29594,29090
14785,29594,29091
11899,29594,29092
10364,29594,29093
10254,29594,29094
16431,29594,29095
17945,29594,29096
23488,29594,29097
23670,29594,29098
7848,29594,29099
14066,29594,29100
14264,29607,29101
21166,29607,29102
19170,29607,29103
19728,29612,29104
3733,29612,29105
24017,29612,29106
16766,29612,29107
22250,29612,29108
8191,29612,29109
4039,29612,29110
12240,29612,29111
8655,29612,29112
17138,29612,29113
1199,29626,29114
1914,29626,29115
11776,29626,29116
10421,29626,29117
10791,29626,29118
21325,29626,29119
10688,29626,29120
11196,29626,29121
171,29626,29122
18115,29626,29123
4878,29626,29124
21062,29626,29125
21306,29626,29126
11737,29626,29127
11444,29641,29128
11341,29641,29129
7155,29641,29130
5738,29641,29131
7995,29641,29132
14569,29641,29133
18294,29641,29134
7636,29641,29135
4602,29641,29136
5526,29641,29137
7928,29641,29138
11929,29641,29139
24179,29642,29140
22534,29642,29141
14148,29642,29142
2532,29642,29143
6075,29642,29144
6859,29642,29145
14157,29642,29146
18953,29642,29147
16071,29642,29148
5563,29642,29149
4742,29642,29150
7066,29679,29151
15747,29679,29152
15337,29679,29153
6114,29679,29154
6813,29679,29155
7649,29679,29156
6329,29679,29157
6436,29679,29158
4324,29679,29159
1349,29679,29160
8618,29679,29161
13692,29679,29162
1345,29679,29163
8617,29679,29164
9667,29679,29165
12517,29679,29166
18779,29684,29167
1566,29689,29168
22483,29689,29169
22251,29689,29170
13779,29689,29171
4303,29689,29172
5048,29689,29173
24243,29689,29174
5445,29689,29175
12107,29689,29176
21705,29689,29177
22953,29695,29178
3684,29695,29179
24562,29695,29180
4695,29695,29181
10190,29695,29182
10920,29695,29183
18051,29695,29184
21940,29695,29185
8717,29695,29186
14860,29695,29187
20830,29695,29188
17974,29695,29189
17656,29695,29190
4112,29695,29191
2846,29695,29192
22652,29695,29193
22662,29695,29194
24783,29713,29195
18072,29713,29196
18627,29713,29197
24521,29713,29198
14554,29713,29199
16864,29713,29200
14365,29713,29201
18456,29713,29202
8669,29713,29203
13099,29713,29204
12342,29713,29205
3321,29713,29206
24732,29730,29207
23376,29730,29208
15268,29730,29209
12946,29730,29210
563,29730,29211
6421,29730,29212
12500,29730,29213
24214,29730,29214
14220,29730,29215
15269,29730,29216
11232,29734,29217
9424,29734,29218
5434,29734,29219
4298,29734,29220
11560,29734,29221
22624,29734,29222
21889,29734,29223
14032,29734,29224
14998,29734,29225
16152,29734,29226
16494,29734,29227
12197,29734,29228
14410,29734,29229
16478,29734,29230
9793,29735,29231
4077,29735,29232
1949,29735,29233
7866,29735,29234
19431,29735,29235
14549,29735,29236
4897,29735,29237
1946,29735,29238
24045,29735,29239
15243,29735,29240
23654,29735,29241
22962,29742,29242
15335,29742,29243
11129,29742,29244
523,29742,29245
21151,29742,29246
16058,29742,29247
21886,29742,29248
23618,29742,29249
22963,29742,29250
21794,29742,29251
17932,29750,29252
1966,29750,29253
1143,29750,29254
20100,29750,29255
19132,29750,29256
5761,29750,29257
15982,29750,29258
2313,29750,29259
4867,29750,29260
5964,29778,29261
3839,29778,29262
10717,29778,29263
5178,29778,29264
18943,29778,29265
19547,29778,29266
13516,29778,29267
11584,29778,29268
24015,29778,29269
22643,29778,29270
13183,29786,29271
14296,29786,29272
5221,29786,29273
5241,29786,29274
5285,29786,29275
5872,29786,29276
5960,29786,29277
6395,29786,29278
6988,29786,29279
7659,29786,29280
9220,29786,29281
10316,29786,29282
379,29786,29283
16465,29786,29284
4907,29786,29285
1472,29786,29286
20514,29786,29287
17891,29786,29288
15567,29786,29289
19458,29865,29290
21597,29865,29291
21223,29865,29292
2437,29865,29293
22214,29865,29294
10445,29865,29295
12244,29865,29296
15365,29865,29297
24264,29865,29298
16992,29871,29299
21917,29871,29300
21511,29871,29301
4076,29871,29302
4621,29871,29303
4654,29871,29304
3831,29871,29305
12459,29871,29306
3149,29871,29307
13954,29871,29308
3740,29871,29309
11839,29871,29310
13144,29871,29311
15877,29871,29312
22865,29871,29313
2275,29871,29314
6897,29871,29315
3627,29878,29316
18812,29878,29317
15281,29878,29318
16635,29879,29319
18302,29879,29320
7375,29879,29321
23727,29879,29322
21706,29879,29323
2260,29879,29324
12496,29879,29325
18319,29879,29326
1574,29879,29327
4388,29879,29328
21093,29894,29329
2145,29894,29330
20584,29894,29331
12485,29894,29332
13203,29894,29333
14598,29894,29334
18786,29894,29335
19743,29894,29336
20459,29894,29337
1309,29894,29338
11795,29894,29339
7556,29894,29340
16449,29894,29341
17275,29894,29342
4084,29894,29343
9732,29894,29344
3823,29943,29345
20843,29943,29346
22006,29943,29347
23122,29943,29348
14601,29943,29349
12701,29943,29350
5378,29943,29351
8347,29943,29352
12433,29943,29353
24070,29943,29354
12526,29943,29355
13376,29943,29356
19923,29943,29357
18169,29943,29358
18758,29943,29359
4686,29946,29360
5441,29946,29361
10926,29946,29362
10446,29946,29363
13233,29946,29364
19338,29946,29365
18079,29946,29366
16862,29946,29367
16746,29946,29368
14443,29946,29369
19360,29946,29370
5290,29946,29371
182,29946,29372
10055,29946,29373
7920,29946,29374
7865,29946,29375
6793,29946,29376
15034,29972,29377
19743,29972,29378
19706,29972,29379
15872,29972,29380
16035,29972,29381
10185,29972,29382
8730,29972,29383
5089,29972,29384
12066,29972,29385
12303,29972,29386
13585,29972,29387
13078,29980,29388
5389,29980,29389
11369,29980,29390
18004,29980,29391
18816,29980,29392
746,29980,29393
5600,29980,29394
11030,29980,29395
13345,29980,29396
10635,29980,29397
14635,29985,29398
14180,29985,29399
6520,29985,29400
6156,29985,29401
5385,29985,29402
16187,29985,29403
12930,29985,29404
23689,29985,29405
23109,29985,29406
9303,29985,29407
20858,29985,29408
18685,29985,29409
17601,29988,29410
17793,29996,29411
18516,29996,29412
8881,29996,29413
17377,29996,29414
14354,29996,29415
7082,29996,29416
20110,29996,29417
18870,29996,29418
866,29996,29419
22725,29996,29420
8721,29996,29421
18818,29996,29422
6675,29996,29423
16493,29997,29424
16425,29997,29425
17005,29997,29426
8011,29997,29427
13294,29997,29428
1680,29997,29429
24251,29997,29430
21389,29997,29431
20118,29997,29432
16144,29997,29433
17649,29997,29434
21627,29997,29435
14454,30009,29436
4585,30009,29437
23806,30009,29438
1355,30009,29439
3898,30009,29440
21018,30009,29441
5377,30009,29442
10375,30009,29443
9755,30009,29444
12893,30009,29445
13031,30009,29446
16555,30013,29447
8309,30013,29448
15661,30013,29449
16407,30013,29450
2328,30013,29451
3961,30013,29452
12694,30013,29453
18306,30013,29454
23899,30013,29455
8062,30013,29456
17487,30013,29457
16362,30013,29458
9870,30024,29459
19080,30024,29460
21239,30024,29461
6844,30024,29462
5266,30024,29463
6280,30024,29464
887,30024,29465
4010,30024,29466
4399,30024,29467
20502,30024,29468
17948,30024,29469
15192,30024,29470
10535,30024,29471
14707,30024,29472
23769,30028,29473
16991,30028,29474
12472,30028,29475
9799,30028,29476
9695,30028,29477
14927,30028,29478
22480,30028,29479
23521,30028,29480
5501,30028,29481
6709,30028,29482
5391,30028,29483
4849,30048,29484
5564,30048,29485
5725,30048,29486
18474,30048,29487
14877,30048,29488
13931,30048,29489
771,30048,29490
4204,30048,29491
24028,30048,29492
21209,30048,29493
19416,30048,29494
8852,30048,29495
9366,30048,29496
10049,30059,29497
20444,30059,29498
15181,30059,29499
5837,30059,29500
20554,30059,29501
21959,30059,29502
17693,30059,29503
19713,30059,29504
18430,30059,29505
9247,30059,29506
14099,30063,29507
10738,30063,29508
8424,30063,29509
18291,30063,29510
8561,30084,29511
6279,30084,29512
4690,30084,29513
10814,30084,29514
1989,30084,29515
4478,30084,29516
13478,30084,29517
14956,30084,29518
15254,30090,29519
6094,30090,29520
9135,30090,29521
13825,30090,29522
5872,30090,29523
24850,30090,29524
18481,30090,29525
17988,30090,29526
17514,30090,29527
19685,30090,29528
22762,30090,29529
23328,30090,29530
5145,30090,29531
5221,30090,29532
2756,30090,29533
20681,30108,29534
22901,30108,29535
1524,30108,29536
22558,30108,29537
3727,30108,29538
18721,30108,29539
14588,30108,29540
7944,30108,29541
8330,30108,29542
12872,30108,29543
6554,30108,29544
3010,30108,29545
5918,30108,29546
21952,30122,29547
19582,30122,29548
17705,30122,29549
10655,30122,29550
10576,30122,29551
6148,30122,29552
4340,30122,29553
168,30122,29554
23331,30122,29555
22170,30122,29556
22934,30122,29557
961,30123,29558
2327,30123,29559
7051,30123,29560
11369,30123,29561
4395,30123,29562
4829,30123,29563
20969,30123,29564
19796,30123,29565
16256,30123,29566
17138,30123,29567
24140,30123,29568
22608,30123,29569
12577,30123,29570
13373,30123,29571
9945,30137,29572
7225,30137,29573
10614,30137,29574
3080,30137,29575
19815,30137,29576
22955,30137,29577
11620,30137,29578
6345,30137,29579
3084,30137,29580
19703,30137,29581
19207,30149,29582
21443,30149,29583
23826,30149,29584
24037,30149,29585
14690,30149,29586
21444,30149,29587
1443,30149,29588
13009,30149,29589
9652,30149,29590
14536,30149,29591
2353,30149,29592
19027,30180,29593
54,30180,29594
19383,30180,29595
17599,30180,29596
18655,30180,29597
2089,30180,29598
97,30180,29599
220,30180,29600
1778,30180,29601
9170,30180,29602
20772,30180,29603
21005,30180,29604
19576,30180,29605
19557,30180,29606
15301,30180,29607
15300,30180,29608
14758,30180,29609
12805,30180,29610
22059,30203,29611
11338,30203,29612
5855,30203,29613
12064,30203,29614
9718,30203,29615
17601,30206,29616
8829,30212,29617
7489,30212,29618
7779,30212,29619
1408,30212,29620
14250,30212,29621
87,30212,29622
19478,30212,29623
17649,30212,29624
19614,30212,29625
14656,30212,29626
7538,30212,29627
8489,30212,29628
8502,30212,29629
10068,30212,29630
4838,30212,29631
11980,30216,29632
14293,30216,29633
21472,30216,29634
24446,30216,29635
3504,30216,29636
4932,30216,29637
9008,30216,29638
15544,30216,29639
23092,30216,29640
24397,30216,29641
21781,30216,29642
8318,30216,29643
6551,30216,29644
15950,30218,29645
10341,30218,29646
8370,30218,29647
7338,30218,29648
11540,30218,29649
11080,30218,29650
11812,30218,29651
2533,30218,29652
13195,30218,29653
3445,30218,29654
16258,30218,29655
12427,30218,29656
20875,30218,29657
24316,30218,29658
18974,30220,29659
17415,30220,29660
11938,30220,29661
17601,30221,29662
22362,30222,29663
15506,30222,29664
3654,30222,29665
23907,30223,29666
9399,30223,29667
17601,30224,29668
17601,30225,29669
68,30226,29670
17601,30227,29671
17601,30228,29672
17601,30229,29673
12981,30230,29674
10340,30230,29675
1091,30230,29676
17601,30231,29677
5956,30232,29678
20767,30232,29679
21832,30232,29680
3520,30232,29681
13012,30232,29682
15969,30232,29683
4491,30232,29684
5016,30232,29685
11626,30232,29686
7781,30232,29687
17601,30233,29688
17601,30234,29689
17601,30235,29690
17601,30236,29691
7509,30237,29692
12574,30237,29693
14879,30237,29694
20566,30237,29695
17601,30238,29696
19919,30239,29697
17549,30239,29698
18904,30239,29699
11744,30239,29700
8418,30239,29701
8488,30239,29702
5997,30239,29703
281,30239,29704
2652,30239,29705
1464,30239,29706
5433,30239,29707
4440,30239,29708
4898,30239,29709
8157,30239,29710
1425,30239,29711
15853,30239,29712
12116,30239,29713
19307,30239,29714
17822,30240,29715
18142,30240,29716
18763,30240,29717
20103,30240,29718
22064,30240,29719
22746,30240,29720
23055,30240,29721
3431,30240,29722
7371,30240,29723
8740,30240,29724
17352,30240,29725
12768,30240,29726
3273,30240,29727
2994,30240,29728
1650,30240,29729
6651,30240,29730
5498,30240,29731
17601,30241,29732
5870,30242,29733
3480,30242,29734
15518,30242,29735
16691,30242,29736
10448,30242,29737
5032,30242,29738
2836,30242,29739
659,30242,29740
23216,30242,29741
20732,30242,29742
24025,30242,29743
16712,30242,29744
360,30242,29745
22828,30243,29746
8956,30243,29747
15814,30243,29748
1325,30243,29749
4011,30243,29750
18071,30243,29751
11136,30243,29752
4804,30243,29753
17642,30243,29754
5133,30243,29755
459,30243,29756
22482,30243,29757
9041,30243,29758
8556,30243,29759
6678,30243,29760
17601,30244,29761
164,30245,29762
12526,30245,29763
17601,30246,29764
17601,30247,29765
17601,30248,29766
17601,30249,29767
11359,30250,29768
13476,30250,29769
12958,30250,29770
5233,30251,29771
23248,30251,29772
10461,30251,29773
10581,30251,29774
12134,30251,29775
11688,30251,29776
13209,30251,29777
22822,30251,29778
8283,30251,29779
16646,30251,29780
21775,30251,29781
22152,30251,29782
4497,30251,29783
9970,30251,29784
722,30251,29785
14849,30251,29786
23914,30251,29787
4045,30251,29788
24204,30252,29789
5028,30252,29790
15768,30252,29791
22044,30252,29792
18529,30252,29793
16660,30252,29794
6621,30252,29795
1036,30252,29796
18051,30252,29797
16852,30252,29798
17601,30253,29799
17601,30254,29800
17601,30255,29801
17601,30256,29802
4157,30257,29803
4408,30257,29804
14726,30257,29805
20433,30257,29806
4405,30257,29807
17601,30258,29808
17601,30259,29809
16077,30260,29810
17653,30260,29811
10183,30260,29812
15260,30260,29813
2551,30260,29814
22788,30261,29815
17649,30261,29816
22497,30261,29817
7044,30261,29818
17601,30262,29819
21463,30263,29820
8476,30264,29821
5944,30264,29822
14288,30264,29823
15353,30265,29824
19933,30265,29825
21669,30265,29826
10908,30265,29827
14179,30265,29828
12398,30265,29829
10509,30265,29830
14403,30265,29831
17601,30266,29832
10797,30267,29833
13906,30267,29834
2744,30267,29835
7676,30267,29836
2070,30267,29837
17763,30267,29838
15677,30267,29839
14502,30267,29840
18675,30267,29841
6530,30267,29842
24067,30268,29843
1253,30268,29844
1300,30269,29845
20724,30269,29846
4638,30269,29847
9002,30269,29848
14921,30269,29849
4045,30269,29850
22616,30269,29851
481,30269,29852
18069,30269,29853
9130,30269,29854
18849,30270,29855
17734,30270,29856
21549,30270,29857
24262,30270,29858
5661,30271,29859
17904,30271,29860
3339,30271,29861
5011,30271,29862
2330,30271,29863
21891,30271,29864
13504,30271,29865
11686,30271,29866
22037,30271,29867
3191,30271,29868
17601,30272,29869
17601,30273,29870
23169,30274,29871
10945,30274,29872
9270,30274,29873
10516,30274,29874
12046,30274,29875
15227,30274,29876
16388,30274,29877
19689,30274,29878
5601,30274,29879
4192,30274,29880
62,30274,29881
7202,30274,29882
5961,30274,29883
5647,30274,29884
20737,30275,29885
261,30275,29886
21364,30275,29887
24607,30275,29888
21730,30275,29889
15417,30275,29890
17537,30275,29891
19170,30275,29892
21892,30275,29893
10393,30275,29894
5647,30275,29895
4999,30275,29896
14631,30275,29897
9559,30275,29898
2600,30275,29899
2392,30275,29900
2,30276,29901
2935,30277,29902
22782,30277,29903
17601,30278,29904
17601,30279,29905
14931,30280,29906
24041,30280,29907
20336,30280,29908
4504,30280,29909
20909,30281,29910
10049,30281,29911
18805,30281,29912
4164,30281,29913
21325,30281,29914
20888,30281,29915
18882,30281,29916
17601,30282,29917
18184,30283,29918
18684,30283,29919
18509,30283,29920
2258,30283,29921
12141,30283,29922
9374,30283,29923
2356,30283,29924
5014,30283,29925
3748,30283,29926
7837,30283,29927
17483,30283,29928
16355,30283,29929
18919,30283,29930
17601,30284,29931
15503,30285,29932
6975,30285,29933
6192,30285,29934
10458,30285,29935
5525,30285,29936
1168,30285,29937
12628,30285,29938
12394,30285,29939
12378,30285,29940
15942,30285,29941
18987,30285,29942
8033,30285,29943
8866,30285,29944
19038,30285,29945
457,30285,29946
14965,30285,29947
19015,30285,29948
14361,30285,29949
17601,30286,29950
7286,30287,29951
3952,30287,29952
9835,30287,29953
7714,30287,29954
5495,30287,29955
11837,30288,29956
24055,30288,29957
1052,30288,29958
19336,30288,29959
23423,30288,29960
16234,30288,29961
24834,30289,29962
3801,30289,29963
21004,30289,29964
17601,30290,29965
9212,30291,29966
5727,30291,29967
3945,30291,29968
3016,30291,29969
6995,30291,29970
12958,30291,29971
9499,30291,29972
17601,30292,29973
17601,30293,29974
7139,30294,29975
2715,30294,29976
2501,30294,29977
5172,30294,29978
4481,30294,29979
6510,30294,29980
7110,30294,29981
18739,30294,29982
9670,30294,29983
13400,30294,29984
15201,30295,29985
23322,30295,29986
5117,30295,29987
24182,30295,29988
22486,30295,29989
4560,30295,29990
3795,30295,29991
4359,30295,29992
16070,30295,29993
13450,30295,29994
16266,30295,29995
7312,30295,29996
22721,30295,29997
18215,30295,29998
19758,30295,29999
20832,30295,30000
17601,30296,30001
17601,30297,30002
14723,30298,30003
17605,30299,30004
10379,30299,30005
19202,30299,30006
8439,30299,30007
6945,30299,30008
10531,30299,30009
10541,30299,30010
11242,30299,30011
23567,30299,30012
24686,30299,30013
6854,30299,30014
8679,30299,30015
23678,30299,30016
3307,30299,30017
1161,30299,30018
17605,30300,30019
19202,30300,30020
23567,30300,30021
11242,30300,30022
23678,30300,30023
24686,30300,30024
6945,30300,30025
1734,30300,30026
4358,30300,30027
8439,30300,30028
10314,30300,30029
8679,30300,30030
10541,30300,30031
10379,30300,30032
3307,30300,30033
17601,30301,30034
15464,30302,30035
20993,30302,30036
16144,30302,30037
19514,30302,30038
21124,30302,30039
1421,30302,30040
22101,30302,30041
13913,30302,30042
14626,30302,30043
20556,30302,30044
17601,30303,30045
17601,30304,30046
16139,30305,30047
3952,30305,30048
10825,30305,30049
17601,30306,30050
17601,30307,30051
17376,30308,30052
19712,30308,30053
19612,30309,30054
18810,30309,30055
8568,30309,30056
6689,30309,30057
19917,30309,30058
2244,30309,30059
4829,30309,30060
16822,30309,30061
18040,30309,30062
11472,30309,30063
23429,30309,30064
1177,30309,30065
1040,30309,30066
10638,30310,30067
4490,30310,30068
3406,30310,30069
10569,30310,30070
9965,30310,30071
8825,30310,30072
3953,30310,30073
6114,30310,30074
2547,30310,30075
4460,30310,30076
16865,30310,30077
21013,30310,30078
1425,30310,30079
9577,30311,30080
10233,30311,30081
11868,30311,30082
12187,30311,30083
15536,30311,30084
13416,30311,30085
13059,30311,30086
1522,30311,30087
2012,30311,30088
2777,30311,30089
5470,30311,30090
6143,30311,30091
7275,30311,30092
9341,30311,30093
70,30311,30094
13955,30312,30095
2143,30312,30096
2482,30312,30097
2684,30312,30098
3302,30312,30099
746,30312,30100
6792,30312,30101
4340,30312,30102
3492,30312,30103
11937,30312,30104
7728,30312,30105
10996,30312,30106
11675,30312,30107
14307,30312,30108
14941,30312,30109
17453,30312,30110
13586,30312,30111
4028,30312,30112
12137,30313,30113
14549,30313,30114
14851,30313,30115
6262,30313,30116
5239,30313,30117
2408,30313,30118
2070,30313,30119
13514,30313,30120
24079,30313,30121
13905,30313,30122
4693,30314,30123
277,30314,30124
3237,30314,30125
19244,30314,30126
17767,30314,30127
10433,30314,30128
16478,30314,30129
21013,30314,30130
5119,30314,30131
23670,30314,30132
17601,30315,30133
899,30316,30134
1147,30316,30135
1869,30316,30136
542,30316,30137
7990,30316,30138
5481,30316,30139
15014,30316,30140
23581,30316,30141
18327,30316,30142
18100,30316,30143
17601,30317,30144
17601,30318,30145
11542,30319,30146
11916,30319,30147
17416,30319,30148
18895,30319,30149
15973,30319,30150
7299,30319,30151
2592,30319,30152
1731,30319,30153
6395,30319,30154
5939,30319,30155
3662,30319,30156
9151,30319,30157
7851,30319,30158
8010,30319,30159
21453,30319,30160
17734,30319,30161
23062,30319,30162
24236,30319,30163
21976,30320,30164
5203,30320,30165
13332,30320,30166
14710,30320,30167
16414,30320,30168
19976,30320,30169
3898,30320,30170
2460,30320,30171
8836,30320,30172
20471,30320,30173
14414,30321,30174
11373,30321,30175
9531,30321,30176
17280,30322,30177
17290,30322,30178
9426,30322,30179
13368,30322,30180
15690,30322,30181
17065,30322,30182
22601,30322,30183
19823,30322,30184
17590,30322,30185
11179,30323,30186
13904,30323,30187
17968,30323,30188
18844,30323,30189
7414,30323,30190
12230,30323,30191
19201,30323,30192
646,30323,30193
17601,30324,30194
10189,30325,30195
3448,30325,30196
20181,30326,30197
21681,30326,30198
17601,30327,30199
17601,30328,30200
23938,30329,30201
6689,30329,30202
15585,30329,30203
17601,30330,30204
20258,30331,30205
22071,30331,30206
22707,30331,30207
11604,30331,30208
23796,30331,30209
15490,30331,30210
16651,30331,30211
10269,30331,30212
8823,30331,30213
10604,30331,30214
22495,30331,30215
1676,30331,30216
4822,30331,30217
6516,30331,30218
4077,30331,30219
1592,30332,30220
14311,30332,30221
21598,30332,30222
19383,30332,30223
12465,30332,30224
13246,30332,30225
14222,30332,30226
11352,30332,30227
4721,30332,30228
4702,30332,30229
57,30332,30230
1175,30332,30231
18344,30332,30232
24403,30333,30233
13495,30333,30234
15086,30333,30235
6006,30333,30236
19162,30333,30237
24580,30333,30238
13275,30333,30239
10060,30333,30240
8417,30333,30241
1291,30333,30242
9869,30333,30243
17601,30334,30244
17601,30335,30245
17601,30336,30246
17601,30337,30247
17601,30338,30248
10830,30339,30249
2718,30339,30250
17601,30340,30251
20471,30341,30252
10073,30341,30253
13845,30341,30254
17601,30342,30255
18157,30343,30256
11945,30343,30257
14828,30343,30258
18370,30343,30259
23945,30343,30260
9436,30343,30261
13287,30344,30262
23299,30344,30263
19558,30344,30264
15631,30344,30265
10867,30344,30266
17601,30345,30267
17601,30346,30268
11268,30347,30269
11063,30347,30270
9401,30347,30271
8882,30347,30272
10452,30347,30273
9693,30347,30274
5000,30347,30275
8786,30347,30276
740,30347,30277
7695,30347,30278
7748,30347,30279
1043,30347,30280
19577,30347,30281
20502,30347,30282
17730,30347,30283
18128,30347,30284
19439,30347,30285
22082,30347,30286
22633,30348,30287
14323,30349,30288
18217,30349,30289
17166,30349,30290
3555,30349,30291
6516,30349,30292
7172,30349,30293
7663,30349,30294
7623,30349,30295
19883,30349,30296
11757,30349,30297
3321,30350,30298
18217,30350,30299
11757,30350,30300
2443,30350,30301
7172,30350,30302
6368,30350,30303
2138,30350,30304
14127,30350,30305
21795,30350,30306
15515,30350,30307
21239,30350,30308
18364,30350,30309
2951,30350,30310
17166,30350,30311
21667,30350,30312
24158,30350,30313
4699,30350,30314
6925,30351,30315
22542,30351,30316
12374,30351,30317
18426,30351,30318
14473,30351,30319
4265,30351,30320
8830,30351,30321
23211,30351,30322
19733,30351,30323
22433,30351,30324
2644,30351,30325
6304,30351,30326
7044,30351,30327
8884,30351,30328
21386,30351,30329
13262,30351,30330
17601,30352,30331
17601,30353,30332
17601,30354,30333
13555,30355,30334
6244,30355,30335
15557,30355,30336
22723,30355,30337
22930,30355,30338
18691,30355,30339
11835,30355,30340
11666,30355,30341
10066,30355,30342
24639,30355,30343
16782,30356,30344
20183,30356,30345
17601,30357,30346
23498,30358,30347
21060,30358,30348
20797,30358,30349
24586,30358,30350
24648,30358,30351
1921,30358,30352
17289,30358,30353
16473,30358,30354
16403,30358,30355
13359,30358,30356
17601,30359,30357
17903,30360,30358
24396,30360,30359
5208,30360,30360
17601,30361,30361
2697,30362,30362
5164,30362,30363
787,30362,30364
10804,30362,30365
16365,30362,30366
20445,30362,30367
17601,30363,30368
19538,30364,30369
3068,30364,30370
1821,30364,30371
5183,30364,30372
3119,30364,30373
525,30364,30374
24259,30364,30375
20882,30364,30376
15897,30364,30377
16758,30364,30378
13902,30364,30379
1384,30364,30380
5642,30364,30381
8775,30364,30382
6708,30364,30383
23060,30365,30384
5419,30365,30385
9547,30365,30386
8914,30365,30387
12602,30365,30388
9553,30365,30389
12817,30365,30390
12339,30366,30391
17601,30367,30392
8311,30368,30393
2242,30368,30394
11498,30368,30395
18459,30369,30396
4270,30369,30397
4666,30369,30398
5907,30369,30399
13843,30369,30400
18439,30369,30401
23476,30369,30402
2763,30369,30403
17425,30369,30404
5114,30369,30405
7497,30369,30406
12404,30369,30407
3551,30369,30408
11337,30369,30409
14449,30370,30410
3094,30370,30411
2205,30370,30412
5327,30370,30413
5787,30370,30414
6682,30371,30415
4244,30371,30416
4629,30371,30417
5828,30371,30418
15574,30371,30419
13469,30371,30420
19825,30371,30421
21671,30371,30422
2398,30371,30423
12936,30371,30424
20025,30372,30425
2216,30372,30426
10713,30372,30427
2219,30372,30428
13168,30372,30429
9399,30373,30430
9746,30373,30431
24848,30373,30432
9102,30373,30433
2933,30373,30434
21787,30373,30435
2036,30373,30436
14024,30373,30437
21064,30373,30438
7091,30373,30439
17601,30374,30440
17601,30375,30441
10798,30376,30442
10821,30376,30443
1642,30376,30444
17601,30377,30445
14399,30378,30446
19782,30378,30447
16845,30378,30448
17193,30378,30449
18524,30378,30450
22390,30378,30451
20563,30378,30452
1300,30378,30453
4415,30378,30454
6178,30378,30455
5430,30378,30456
775,30378,30457
2566,30378,30458
8848,30378,30459
24665,30378,30460
17601,30379,30461
21642,30380,30462
24685,30380,30463
15702,30380,30464
19098,30380,30465
5235,30380,30466
22252,30380,30467
23475,30380,30468
11042,30380,30469
11911,30380,30470
9992,30380,30471
5436,30381,30472
1975,30381,30473
8487,30381,30474
5205,30381,30475
22863,30381,30476
15822,30381,30477
20844,30381,30478
708,30381,30479
21457,30381,30480
18227,30381,30481
23887,30381,30482
23340,30381,30483
12184,30381,30484
13990,30381,30485
17601,30382,30486
17601,30383,30487
9504,30384,30488
17601,30385,30489
4973,30386,30490
7902,30386,30491
2740,30386,30492
8672,30386,30493
13766,30386,30494
14356,30386,30495
9728,30386,30496
11223,30386,30497
10492,30386,30498
10496,30386,30499
2659,30386,30500
1853,30386,30501
1575,30386,30502
1559,30386,30503
1281,30386,30504
1041,30386,30505
12880,30386,30506
11542,30387,30507
198,30387,30508
12310,30387,30509
18935,30387,30510
19796,30387,30511
13436,30387,30512
4637,30387,30513
16729,30387,30514
3471,30387,30515
23082,30388,30516
2278,30388,30517
22034,30388,30518
10030,30388,30519
13425,30388,30520
18488,30388,30521
12899,30388,30522
11871,30388,30523
7143,30388,30524
3301,30388,30525
17601,30389,30526
5194,30390,30527
8532,30390,30528
8536,30390,30529
5008,30390,30530
8451,30390,30531
14940,30390,30532
5097,30390,30533
6599,30390,30534
19372,30390,30535
19902,30390,30536
23779,30390,30537
18101,30390,30538
17054,30390,30539
15474,30390,30540
17601,30391,30541
4760,30392,30542
10520,30392,30543
200,30392,30544
1182,30392,30545
19970,30392,30546
11187,30392,30547
3965,30392,30548
16025,30392,30549
19665,30393,30550
14697,30393,30551
17958,30393,30552
1008,30393,30553
8770,30393,30554
6944,30393,30555
6493,30393,30556
6473,30393,30557
13573,30393,30558
13592,30393,30559
11801,30393,30560
3107,30393,30561
1711,30393,30562
3032,30393,30563
14791,30393,30564
5448,30393,30565
10457,30393,30566
8997,30393,30567
14680,30393,30568
11718,30393,30569
10879,30394,30570
24262,30394,30571
4390,30395,30572
18664,30395,30573
15350,30395,30574
5068,30395,30575
17601,30396,30576
17601,30397,30577
17601,30398,30578
13744,30399,30579
11160,30399,30580
2221,30400,30581
7573,30400,30582
17601,30401,30583
21190,30402,30584
3608,30402,30585
18449,30402,30586
20954,30402,30587
5996,30402,30588
14727,30402,30589
15317,30402,30590
11539,30402,30591
11064,30402,30592
20679,30402,30593
21396,30402,30594
15742,30402,30595
6181,30402,30596
8575,30402,30597
17601,30403,30598
17601,30404,30599
17601,30405,30600
17601,30406,30601
21772,30407,30602
15254,30407,30603
20384,30407,30604
9766,30408,30605
18946,30408,30606
15752,30408,30607
13791,30408,30608
3407,30408,30609
562,30408,30610
24791,30408,30611
555,30408,30612
3045,30408,30613
22594,30408,30614
12656,30409,30615
14449,30409,30616
4540,30409,30617
17601,30410,30618
17601,30411,30619
17601,30412,30620
17601,30413,30621
3434,30414,30622
4345,30414,30623
8587,30414,30624
24716,30414,30625
17340,30414,30626
21324,30414,30627
9226,30414,30628
4432,30414,30629
19497,30414,30630
10225,30414,30631
9351,30415,30632
17434,30415,30633
15996,30415,30634
23354,30415,30635
13113,30415,30636
1348,30416,30637
350,30416,30638
17601,30417,30639
17601,30418,30640
9812,30419,30641
2921,30419,30642
11455,30419,30643
5468,30419,30644
5393,30419,30645
16638,30419,30646
13051,30419,30647
18116,30419,30648
12222,30419,30649
12744,30419,30650
3118,30419,30651
4469,30419,30652
3204,30419,30653
13572,30419,30654
15230,30419,30655
1750,30419,30656
1887,30419,30657
2347,30419,30658
12374,30420,30659
5335,30421,30660
17529,30421,30661
6403,30421,30662
3755,30421,30663
11154,30421,30664
7159,30421,30665
8279,30421,30666
8577,30421,30667
20793,30421,30668
10139,30421,30669
17601,30422,30670
12420,30423,30671
7531,30423,30672
12578,30423,30673
20167,30423,30674
15991,30423,30675
1982,30423,30676
6967,30423,30677
4580,30423,30678
4326,30423,30679
19216,30423,30680
7152,30423,30681
5728,30423,30682
18050,30423,30683
16624,30424,30684
11866,30424,30685
17601,30425,30686
17601,30426,30687
6170,30427,30688
20491,30427,30689
12092,30427,30690
13182,30427,30691
13937,30427,30692
16993,30427,30693
6700,30427,30694
10877,30427,30695
3908,30427,30696
4577,30427,30697
7046,30427,30698
10073,30427,30699
15299,30427,30700
10988,30427,30701
9634,30427,30702
6844,30427,30703
17601,30428,30704
17601,30429,30705
9210,30430,30706
21749,30430,30707
4942,30431,30708
4812,30431,30709
17195,30431,30710
16025,30431,30711
2527,30431,30712
1539,30431,30713
12965,30431,30714
10740,30431,30715
3671,30431,30716
4033,30431,30717
17084,30432,30718
9628,30432,30719
16869,30433,30720
9849,30433,30721
10928,30433,30722
10270,30433,30723
2177,30433,30724
4639,30433,30725
24428,30433,30726
21489,30433,30727
19801,30433,30728
1321,30433,30729
19591,30433,30730
12782,30433,30731
13250,30433,30732
8559,30434,30733
21577,30434,30734
21384,30434,30735
3572,30434,30736
7052,30434,30737
23447,30434,30738
9168,30434,30739
7397,30434,30740
7710,30434,30741
14342,30434,30742
15436,30434,30743
10649,30434,30744
14718,30434,30745
6020,30435,30746
22085,30435,30747
10757,30435,30748
14109,30435,30749
15494,30435,30750
16839,30435,30751
21328,30435,30752
7360,30435,30753
3807,30435,30754
1434,30435,30755
6197,30435,30756
14938,30435,30757
7941,30435,30758
17601,30436,30759
22799,30437,30760
1175,30437,30761
20854,30437,30762
195,30437,30763
18891,30437,30764
18842,30437,30765
3819,30438,30766
870,30438,30767
4981,30438,30768
18674,30438,30769
18453,30438,30770
13117,30438,30771
23881,30438,30772
864,30438,30773
18814,30438,30774
15676,30438,30775
13179,30439,30776
20178,30439,30777
13840,30440,30778
17348,30440,30779
7639,30440,30780
10743,30440,30781
11246,30440,30782
15684,30440,30783
9163,30440,30784
11927,30440,30785
12172,30440,30786
13176,30440,30787
1578,30440,30788
4457,30440,30789
17601,30441,30790
17601,30442,30791
3691,30443,30792
4330,30443,30793
9909,30443,30794
8792,30443,30795
6801,30443,30796
6040,30443,30797
11793,30443,30798
11686,30443,30799
11185,30443,30800
5824,30443,30801
22372,30443,30802
2467,30443,30803
18761,30443,30804
17511,30443,30805
17872,30443,30806
8593,30444,30807
7044,30444,30808
17196,30444,30809
13184,30444,30810
21945,30444,30811
12625,30444,30812
7783,30444,30813
13930,30444,30814
746,30444,30815
18079,30444,30816
13235,30444,30817
15076,30444,30818
9347,30445,30819
19009,30445,30820
16174,30445,30821
20191,30446,30822
12173,30446,30823
11435,30446,30824
1297,30446,30825
10872,30446,30826
8300,30446,30827
3051,30446,30828
1661,30446,30829
5897,30446,30830
24163,30446,30831
17601,30447,30832
17353,30448,30833
20902,30448,30834
22074,30448,30835
20845,30448,30836
10936,30448,30837
10773,30448,30838
9112,30448,30839
6925,30448,30840
5819,30448,30841
20512,30448,30842
3273,30448,30843
6171,30448,30844
3213,30448,30845
17601,30449,30846
8073,30450,30847
7224,30450,30848
19877,30450,30849
22831,30450,30850
3809,30450,30851
3554,30450,30852
2344,30450,30853
8466,30450,30854
8986,30450,30855
12406,30450,30856
1805,30450,30857
12676,30450,30858
2253,30450,30859
17601,30451,30860
17601,30452,30861
12012,30453,30862
16366,30453,30863
12459,30453,30864
22905,30453,30865
11518,30453,30866
6106,30453,30867
17966,30453,30868
24387,30453,30869
24457,30453,30870
7616,30453,30871
13964,30453,30872
17601,30454,30873
1071,30455,30874
4895,30455,30875
2252,30455,30876
21265,30455,30877
24773,30455,30878
11299,30455,30879
10235,30455,30880
20928,30455,30881
16956,30455,30882
13733,30455,30883
17601,30456,30884
17601,30457,30885
22765,30458,30886
4513,30458,30887
22217,30458,30888
4902,30459,30889
1218,30459,30890
6041,30460,30891
19208,30460,30892
10977,30460,30893
2638,30460,30894
525,30460,30895
13847,30461,30896
17883,30461,30897
17745,30461,30898
19381,30461,30899
18754,30461,30900
11044,30461,30901
16580,30461,30902
14861,30461,30903
15499,30461,30904
22062,30461,30905
16788,30461,30906
13669,30461,30907
12699,30461,30908
17415,30461,30909
14342,30461,30910
4540,30462,30911
9213,30462,30912
12656,30462,30913
7140,30463,30914
12672,30463,30915
2002,30464,30916
22112,30464,30917
11883,30464,30918
318,30464,30919
1985,30464,30920
10659,30465,30921
9757,30466,30922
16745,30466,30923
506,30466,30924
2720,30467,30925
1957,30467,30926
707,30467,30927
4746,30467,30928
17020,30467,30929
22570,30467,30930
2721,30467,30931
4671,30467,30932
19867,30467,30933
4177,30467,30934
3552,30467,30935
16141,30468,30936
2242,30468,30937
17601,30469,30938
4073,30470,30939
10663,30470,30940
12400,30470,30941
1487,30470,30942
3031,30470,30943
1083,30470,30944
14971,30470,30945
21840,30470,30946
13431,30470,30947
5640,30470,30948
24236,30470,30949
19627,30470,30950
18451,30470,30951
13542,30470,30952
2471,30471,30953
1592,30471,30954
2955,30471,30955
7615,30471,30956
10568,30471,30957
5060,30471,30958
6594,30471,30959
8277,30471,30960
13966,30471,30961
13450,30471,30962
10632,30471,30963
10522,30471,30964
24159,30471,30965
23702,30471,30966
24208,30471,30967
17601,30472,30968
17601,30473,30969
12584,30474,30970
10321,30474,30971
11758,30474,30972
24352,30475,30973
21673,30475,30974
21614,30475,30975
20155,30475,30976
12617,30475,30977
5639,30475,30978
11687,30475,30979
10873,30475,30980
2277,30475,30981
4329,30475,30982
5148,30475,30983
11723,30475,30984
20119,30475,30985
11311,30475,30986
6148,30476,30987
20643,30476,30988
4141,30477,30989
22439,30477,30990
21924,30477,30991
22584,30477,30992
19078,30477,30993
9970,30477,30994
7658,30477,30995
4816,30477,30996
6281,30477,30997
6327,30477,30998
12236,30477,30999
18086,30478,31000
18505,30478,31001
2530,30478,31002
23000,30478,31003
17149,30478,31004
14003,30478,31005
6398,30478,31006
16898,30478,31007
21515,30478,31008
17751,30478,31009
7545,30479,31010
13392,30479,31011
7545,30479,31012
22357,30479,31013
11077,30479,31014
17601,30480,31015
17432,30481,31016
24683,30481,31017
21411,30481,31018
18331,30481,31019
2151,30481,31020
129,30481,31021
4056,30481,31022
3489,30481,31023
3441,30481,31024
6143,30481,31025
1661,30481,31026
3259,30481,31027
17601,30482,31028
17601,30483,31029
17601,30484,31030
3455,30485,31031
5010,30485,31032
14732,30485,31033
16352,30485,31034
15936,30485,31035
7571,30485,31036
7801,30485,31037
7903,30485,31038
8134,30485,31039
15668,30485,31040
17601,30486,31041
10882,30487,31042
23125,30487,31043
823,30487,31044
675,30487,31045
1005,30487,31046
2639,30487,31047
4765,30487,31048
5753,30487,31049
5999,30487,31050
10458,30487,31051
17601,30488,31052
8550,30489,31053
18543,30489,31054
8066,30489,31055
7167,30490,31056
8386,30490,31057
5850,30490,31058
3812,30490,31059
4126,30490,31060
1003,30490,31061
6938,30490,31062
196,30490,31063
15911,30490,31064
13463,30490,31065
11219,30490,31066
10908,30490,31067
12103,30490,31068
11455,30490,31069
12786,30490,31070
17343,30490,31071
16388,30490,31072
2699,30491,31073
13920,30491,31074
9313,30491,31075
17189,30491,31076
17025,30491,31077
14841,30491,31078
14687,30491,31079
4849,30491,31080
5163,30491,31081
24700,30491,31082
18315,30491,31083
18029,30491,31084
24167,30492,31085
4949,30492,31086
11409,30492,31087
24395,30492,31088
24405,30492,31089
24574,30492,31090
24579,30492,31091
24744,30492,31092
16626,30492,31093
23733,30492,31094
2232,30493,31095
5078,30493,31096
24663,30493,31097
16164,30493,31098
15584,30493,31099
21909,30493,31100
16708,30493,31101
10132,30493,31102
7140,30493,31103
11756,30493,31104
10935,30493,31105
17601,30494,31106
24076,30495,31107
15507,30495,31108
11756,30495,31109
23353,30495,31110
429,30495,31111
6474,30495,31112
8436,30495,31113
1521,30495,31114
2419,30495,31115
9386,30495,31116
17601,30496,31117
20164,30497,31118
19142,30497,31119
17173,30497,31120
9350,30497,31121
21923,30497,31122
24071,30497,31123
3046,30497,31124
2605,30497,31125
6755,30497,31126
3048,30497,31127
17601,30498,31128
20368,30499,31129
4184,30499,31130
23568,30499,31131
18518,30499,31132
19191,30499,31133
13972,30499,31134
8469,30499,31135
7700,30499,31136
5935,30499,31137
16472,30499,31138
17685,30499,31139
18891,30500,31140
4527,30500,31141
24235,30500,31142
22287,30500,31143
17601,30501,31144
17601,30502,31145
19313,30503,31146
4345,30503,31147
5531,30503,31148
8098,30503,31149
20307,30503,31150
21061,30503,31151
13134,30503,31152
13950,30503,31153
17997,30503,31154
17415,30503,31155
16789,30503,31156
14582,30503,31157
18529,30503,31158
12152,30503,31159
10161,30503,31160
10608,30503,31161
9146,30503,31162
8476,30503,31163
7186,30504,31164
7848,30504,31165
20112,30504,31166
9708,30504,31167
1760,30504,31168
24638,30504,31169
19308,30504,31170
18259,30504,31171
17248,30504,31172
15048,30504,31173
19472,30504,31174
19720,30504,31175
19997,30504,31176
23522,30504,31177
24171,30505,31178
23875,30505,31179
24410,30505,31180
16576,30505,31181
24584,30505,31182
2414,30505,31183
11411,30505,31184
13174,30505,31185
16485,30505,31186
14194,30505,31187
17601,30506,31188
17601,30507,31189
4699,30508,31190
1646,30508,31191
7361,30508,31192
718,30508,31193
568,30508,31194
14345,30508,31195
21191,30508,31196
21192,30508,31197
9284,30508,31198
18127,30508,31199
15048,30508,31200
15349,30509,31201
7026,30509,31202
3615,30509,31203
4632,30509,31204
7025,30509,31205
21318,30509,31206
21146,30509,31207
11852,30509,31208
15771,30509,31209
18856,30509,31210
15888,30509,31211
2646,30509,31212
12374,30510,31213
16249,30510,31214
31,30510,31215
13198,30510,31216
18786,30511,31217
13107,30511,31218
18833,30511,31219
6711,30511,31220
3383,30511,31221
21071,30511,31222
13371,30511,31223
14914,30511,31224
11457,30511,31225
15245,30511,31226
16842,30511,31227
16693,30511,31228
16416,30511,31229
7173,30511,31230
20957,30511,31231
20801,30511,31232
22082,30511,31233
10433,30511,31234
17680,30512,31235
154,30512,31236
17544,30512,31237
14104,30512,31238
13540,30512,31239
6225,30512,31240
4522,30512,31241
15731,30512,31242
16949,30512,31243
17670,30512,31244
9687,30512,31245
8051,30512,31246
6427,30512,31247
13478,30512,31248
12764,30512,31249
1553,30512,31250
1271,30512,31251
19493,30513,31252
21363,30513,31253
9635,30513,31254
11552,30513,31255
4932,30513,31256
4844,30513,31257
1059,30513,31258
308,30513,31259
7530,30513,31260
12004,30513,31261
10919,30513,31262
10423,30513,31263
23505,30513,31264
21998,30513,31265
17410,30513,31266
15828,30513,31267
17601,30514,31268
17601,30515,31269
15254,30516,31270
15292,30516,31271
16649,30516,31272
15588,30516,31273
9298,30516,31274
3926,30516,31275
22526,30516,31276
23033,30516,31277
14011,30516,31278
18566,30516,31279
17601,30517,31280
17601,30518,31281
2016,30519,31282
1490,30519,31283
15105,30519,31284
13378,30519,31285
8745,30519,31286
21222,30519,31287
1177,30519,31288
21270,30519,31289
11181,30519,31290
4873,30519,31291
11102,30519,31292
20474,30519,31293
17601,30520,31294
16468,30521,31295
4782,30521,31296
15565,30521,31297
22738,30521,31298
3414,30521,31299
10651,30521,31300
11673,30521,31301
16301,30521,31302
16166,30521,31303
16669,30521,31304
3631,30522,31305
9806,30522,31306
1415,30522,31307
22038,30523,31308
7944,30523,31309
4181,30523,31310
17601,30524,31311
15889,30525,31312
15986,30525,31313
15820,30526,31314
16876,30526,31315
14975,30526,31316
13770,30526,31317
18846,30526,31318
11849,30526,31319
1726,30526,31320
2844,30526,31321
3986,30526,31322
2959,30526,31323
6885,30526,31324
5327,30526,31325
11796,30526,31326
20551,30526,31327
8256,30526,31328
9758,30526,31329
19894,30526,31330
19302,30526,31331
19956,30526,31332
17601,30527,31333
24590,30528,31334
349,30528,31335
17601,30529,31336
17601,30530,31337
5372,30531,31338
12283,30531,31339
15698,30531,31340
21027,30531,31341
17601,30532,31342
17601,30533,31343
3702,30534,31344
5350,30534,31345
5657,30534,31346
18083,30535,31347
22635,30535,31348
14261,30535,31349
18786,30535,31350
18745,30535,31351
24262,30535,31352
22874,30535,31353
16658,30535,31354
24428,30535,31355
8746,30535,31356
6388,30535,31357
14998,30535,31358
19610,30535,31359
1079,30535,31360
12518,30535,31361
6368,30535,31362
10667,30535,31363
17601,30536,31364
17601,30537,31365
17601,30538,31366
17601,30539,31367
19830,30540,31368
8680,30540,31369
17488,30540,31370
19833,30540,31371
2003,30540,31372
17601,30541,31373
17601,30542,31374
17601,30543,31375
17601,30544,31376
5540,30545,31377
14773,30545,31378
13479,30545,31379
5127,30545,31380
5668,30545,31381
12765,30545,31382
10165,30545,31383
2243,30545,31384
21456,30545,31385
20533,30545,31386
23533,30545,31387
6992,30545,31388
15076,30545,31389
18771,30546,31390
24059,30546,31391
10133,30546,31392
9612,30546,31393
10870,30546,31394
4760,30546,31395
6730,30546,31396
3114,30546,31397
4060,30546,31398
2477,30546,31399
14444,30546,31400
16784,30546,31401
11778,30546,31402
23967,30546,31403
17601,30547,31404
16696,30548,31405
17837,30548,31406
20016,30548,31407
5654,30548,31408
7997,30548,31409
8491,30548,31410
9130,30548,31411
4628,30548,31412
16670,30548,31413
15764,30548,31414
10537,30548,31415
23118,30549,31416
23000,30549,31417
20946,30549,31418
18505,30549,31419
18265,30549,31420
16686,30549,31421
16287,30549,31422
15132,30549,31423
5636,30549,31424
1222,30549,31425
8261,30549,31426
7032,30549,31427
9424,30549,31428
16287,30550,31429
11975,30550,31430
2441,30550,31431
23550,30550,31432
22400,30550,31433
20598,30550,31434
18308,30550,31435
17759,30550,31436
11663,30550,31437
8908,30550,31438
17601,30551,31439
11328,30552,31440
22288,30552,31441
10070,30552,31442
4002,30553,31443
7567,30553,31444
20486,30553,31445
24246,30553,31446
3798,30553,31447
16342,30553,31448
15008,30553,31449
15920,30553,31450
10709,30553,31451
9292,30553,31452
16886,30554,31453
11091,30554,31454
1155,30554,31455
7917,30554,31456
17601,30555,31457
12241,30556,31458
12187,30556,31459
21860,30556,31460
18257,30556,31461
19456,30556,31462
12376,30556,31463
16867,30556,31464
7794,30556,31465
4897,30556,31466
17228,30556,31467
281,30556,31468
18121,30556,31469
11549,30556,31470
9453,30556,31471
8718,30556,31472
7840,30556,31473
8725,30556,31474
10219,30556,31475
20666,30556,31476
10995,30557,31477
9284,30557,31478
20641,30557,31479
16616,30558,31480
8091,30558,31481
17601,30559,31482
20827,30560,31483
13887,30560,31484
7429,30560,31485
13886,30560,31486
17256,30560,31487
20072,30560,31488
16093,30560,31489
5209,30560,31490
24502,30561,31491
24505,30561,31492
24748,30561,31493
7711,30561,31494
3907,30561,31495
11290,30561,31496
24413,30561,31497
24764,30561,31498
11291,30561,31499
24400,30561,31500
22752,30561,31501
12816,30561,31502
19090,30562,31503
14664,30562,31504
23197,30562,31505
22028,30562,31506
282,30562,31507
15995,30562,31508
11937,30562,31509
20888,30562,31510
2552,30562,31511
10317,30562,31512
17450,30563,31513
17457,30563,31514
9103,30564,31515
11582,30564,31516
16299,30564,31517
18351,30564,31518
106,30564,31519
1564,30564,31520
2563,30564,31521
2863,30564,31522
22433,30564,31523
5545,30564,31524
4872,30564,31525
4936,30564,31526
17601,30565,31527
20626,30566,31528
16139,30566,31529
15254,30566,31530
7291,30566,31531
456,30566,31532
1698,30566,31533
1132,30566,31534
23893,30566,31535
23990,30566,31536
18559,30566,31537
18744,30566,31538
18104,30566,31539
14772,30566,31540
22146,30566,31541
24262,30566,31542
17601,30567,31543
17901,30568,31544
23526,30568,31545
17601,30569,31546
18471,30570,31547
5883,30570,31548
3451,30570,31549
23784,30570,31550
9841,30570,31551
22597,30570,31552
23984,30570,31553
10152,30570,31554
10819,30570,31555
17538,30570,31556
17720,30571,31557
22585,30571,31558
17601,30572,31559
23528,30573,31560
1116,30573,31561
2383,30573,31562
15379,30573,31563
77,30573,31564
6276,30573,31565
9627,30573,31566
18089,30573,31567
16410,30573,31568
10625,30574,31569
7480,30574,31570
20949,30574,31571
18752,30574,31572
14075,30575,31573
13774,30575,31574
20130,30575,31575
8754,30576,31576
22833,30576,31577
4756,30577,31578
20751,30578,31579
6824,30578,31580
200,30579,31581
17650,30579,31582
12190,30579,31583
17601,30580,31584
17601,30581,31585
17601,30582,31586
9479,30583,31587
15311,30583,31588
21620,30583,31589
18670,30583,31590
21081,30583,31591
14268,30583,31592
2390,30583,31593
17366,30583,31594
23742,30583,31595
3354,30584,31596
3119,30584,31597
7006,30584,31598
9220,30584,31599
11091,30584,31600
11905,30584,31601
12173,30584,31602
12849,30584,31603
2652,30584,31604
4045,30584,31605
6441,30584,31606
4382,30584,31607
5636,30584,31608
4370,30584,31609
8916,30584,31610
14192,30584,31611
7624,30584,31612
13027,30584,31613
19811,30585,31614
22357,30585,31615
2476,30586,31616
7847,30586,31617
21363,30586,31618
11002,30586,31619
21496,30586,31620
21438,30586,31621
1979,30586,31622
7940,30586,31623
8542,30586,31624
8581,30586,31625
214,30587,31626
17080,30587,31627
170,30587,31628
6414,30588,31629
23055,30588,31630
6417,30588,31631
15225,30588,31632
648,30588,31633
22087,30588,31634
22858,30588,31635
20926,30588,31636
9196,30588,31637
7359,30588,31638
6509,30588,31639
18716,30588,31640
15287,30588,31641
18139,30588,31642
14839,30588,31643
2545,30588,31644
658,30588,31645
18567,30589,31646
15727,30589,31647
12310,30589,31648
17904,30589,31649
3367,30590,31650
1948,30590,31651
2784,30590,31652
5863,30590,31653
3267,30590,31654
1594,30590,31655
23898,30590,31656
23563,30590,31657
12901,30590,31658
2786,30590,31659
5510,30591,31660
23309,30591,31661
21909,30591,31662
20228,30591,31663
662,30591,31664
20221,30591,31665
12577,30591,31666
18041,30591,31667
8972,30591,31668
4286,30591,31669
11015,30591,31670
8058,30592,31671
19304,30592,31672
7898,30592,31673
1225,30592,31674
7347,30592,31675
10813,30592,31676
22957,30592,31677
16089,30592,31678
10812,30592,31679
24432,30592,31680
17601,30593,31681
17601,30594,31682
1801,30595,31683
4420,30595,31684
17601,30596,31685
22173,30597,31686
1684,30597,31687
8475,30597,31688
13049,30597,31689
12669,30597,31690
11393,30597,31691
9505,30597,31692
3950,30597,31693
3621,30597,31694
13160,30597,31695
24172,30597,31696
677,30597,31697
961,30597,31698
18690,30597,31699
22456,30597,31700
22253,30597,31701
19690,30597,31702
7047,30598,31703
12391,30598,31704
10743,30598,31705
10427,30598,31706
2130,30598,31707
14291,30598,31708
15215,30598,31709
2941,30598,31710
5012,30598,31711
16973,30598,31712
17449,30598,31713
22337,30598,31714
14163,30598,31715
24725,30598,31716
23815,30598,31717
24422,30598,31718
18033,30599,31719
4784,30599,31720
13763,30599,31721
23632,30599,31722
1290,30599,31723
766,30599,31724
5475,30599,31725
9673,30599,31726
13075,30599,31727
18395,30599,31728
2880,30600,31729
8779,30600,31730
15495,30600,31731
3144,30601,31732
23513,30601,31733
23445,30601,31734
20243,30601,31735
20131,30601,31736
19105,30601,31737
14638,30601,31738
13387,30601,31739
6079,30601,31740
5348,30601,31741
5924,30601,31742
7195,30601,31743
3742,30601,31744
2279,30601,31745
10138,30601,31746
9045,30601,31747
10677,30601,31748
2426,30602,31749
521,30602,31750
12654,30602,31751
6937,30602,31752
14624,30602,31753
16343,30602,31754
8637,30602,31755
23383,30602,31756
8178,30602,31757
9666,30602,31758
11911,30603,31759
2758,30603,31760
11350,30603,31761
5230,30603,31762
12018,30603,31763
996,30603,31764
21626,30603,31765
17998,30603,31766
24384,30603,31767
15828,30603,31768
21140,30603,31769
3561,30603,31770
4382,30603,31771
15402,30603,31772
14409,30603,31773
13013,30603,31774
5145,30603,31775
10867,30603,31776
185,30604,31777
934,30604,31778
14521,30604,31779
16885,30604,31780
16914,30604,31781
16947,30604,31782
8464,30604,31783
8784,30604,31784
10204,30604,31785
7336,30604,31786
13410,30604,31787
12785,30604,31788
22353,30604,31789
5025,30604,31790
4113,30604,31791
2459,30604,31792
1803,30604,31793
19754,30604,31794
17601,30605,31795
24415,30606,31796
24480,30606,31797
13807,30606,31798
10107,30607,31799
10114,30607,31800
23658,30607,31801
15071,30607,31802
11216,30607,31803
3885,30607,31804
3948,30607,31805
22783,30607,31806
9060,30607,31807
8984,30607,31808
8767,30607,31809
14453,30607,31810
18133,30607,31811
7192,30607,31812
16427,30607,31813
224,30607,31814
6653,30607,31815
19668,30608,31816
19863,30608,31817
3423,30608,31818
8073,30608,31819
193,30608,31820
1539,30608,31821
22524,30608,31822
9069,30608,31823
24778,30608,31824
15331,30608,31825
2880,30609,31826
3448,30609,31827
3938,30609,31828
17601,30610,31829
4180,30611,31830
18051,30611,31831
21484,30611,31832
18967,30612,31833
19359,30612,31834
10686,30613,31835
20813,30613,31836
1747,30614,31837
13832,30614,31838
15808,30614,31839
9583,30614,31840
23338,30614,31841
19869,30614,31842
20515,30614,31843
23798,30614,31844
5290,30614,31845
24176,30614,31846
12043,30614,31847
18738,30614,31848
19491,30614,31849
13745,30614,31850
10452,30614,31851
274,30614,31852
16761,30614,31853
9433,30615,31854
9380,30615,31855
11052,30615,31856
20340,30615,31857
22418,30615,31858
22458,30615,31859
6597,30615,31860
17601,30616,31861
5043,30617,31862
5529,30617,31863
13441,30617,31864
20882,30617,31865
15006,30618,31866
17394,30618,31867
11484,30618,31868
13993,30618,31869
6127,30618,31870
1540,30618,31871
22737,30618,31872
967,30618,31873
21621,30618,31874
22041,30618,31875
17601,30619,31876
23984,30620,31877
16939,30620,31878
14761,30620,31879
12520,30620,31880
4289,30620,31881
6439,30621,31882
4304,30621,31883
5838,30621,31884
22335,30621,31885
7891,30621,31886
22500,30621,31887
21649,30621,31888
10934,30621,31889
15987,30621,31890
16563,30621,31891
17601,30622,31892
22287,30623,31893
17705,30623,31894
11232,30623,31895
21139,30623,31896
15932,30623,31897
1338,30623,31898
2857,30623,31899
7269,30623,31900
7349,30623,31901
6950,30623,31902
461,30623,31903
8073,30623,31904
4412,30623,31905
324,30623,31906
17601,30624,31907
17601,30625,31908
3282,30626,31909
19480,30626,31910
20550,30626,31911
17848,30626,31912
15951,30626,31913
20699,30626,31914
22239,30626,31915
1178,30626,31916
14818,30626,31917
5096,30626,31918
13453,30626,31919
14050,30626,31920
17601,30627,31921
17601,30628,31922
17463,30629,31923
17313,30629,31924
1565,30629,31925
18258,30629,31926
15627,30629,31927
17832,30629,31928
8497,30629,31929
4237,30629,31930
17601,30630,31931
17182,30631,31932
24166,30631,31933
17601,30632,31934
19130,30633,31935
11728,30633,31936
19937,30633,31937
3094,30634,31938
5561,30634,31939
9822,30634,31940
8617,30634,31941
11699,30634,31942
14338,30634,31943
18644,30634,31944
23878,30634,31945
885,30634,31946
18391,30634,31947
14289,30634,31948
14287,30635,31949
3556,30635,31950
21179,30635,31951
24123,30635,31952
9498,30635,31953
17695,30635,31954
5306,30635,31955
9817,30635,31956
17379,30635,31957
9223,30635,31958
2419,30636,31959
19239,30636,31960
16990,30636,31961
7358,30637,31962
2931,30637,31963
496,30637,31964
15580,30637,31965
15253,30637,31966
21946,30637,31967
18367,30637,31968
17212,30637,31969
15598,30637,31970
15751,30637,31971
14695,30637,31972
14014,30637,31973
3906,30637,31974
15291,30637,31975
15588,30637,31976
9319,30637,31977
23579,30637,31978
17601,30638,31979
17601,30639,31980
13301,30640,31981
2215,30640,31982
13169,30640,31983
16093,30640,31984
22660,30640,31985
15304,30640,31986
16099,30640,31987
20754,30640,31988
21690,30640,31989
9410,30640,31990
13880,30640,31991
12778,30641,31992
9563,30641,31993
19653,30641,31994
17601,30642,31995
8360,30643,31996
18588,30643,31997
12280,30644,31998
20336,30644,31999
24415,30645,32000
14552,30645,32001
17601,30646,32002
9839,30647,32003
5445,30647,32004
638,30647,32005
11255,30647,32006
14751,30647,32007
11339,30647,32008
1637,30647,32009
20949,30647,32010
16973,30647,32011
7134,30647,32012
8229,30647,32013
5493,30647,32014
18083,30648,32015
11822,30648,32016
10704,30648,32017
14585,30648,32018
842,30648,32019
10229,30648,32020
18162,30648,32021
20464,30648,32022
4761,30648,32023
20231,30648,32024
9970,30648,32025
23450,30648,32026
21626,30649,32027
20502,30649,32028
15830,30649,32029
14425,30649,32030
13999,30649,32031
11911,30649,32032
5992,30649,32033
6556,30649,32034
983,30649,32035
11976,30649,32036
12972,30649,32037
3952,30650,32038
4289,30650,32039
18896,30650,32040
14999,30650,32041
7909,30651,32042
4789,30651,32043
9314,30651,32044
9056,30651,32045
15329,30651,32046
16907,30651,32047
20446,30651,32048
17601,30652,32049
3678,30653,32050
3869,30653,32051
11759,30653,32052
3441,30653,32053
9119,30653,32054
5293,30653,32055
14822,30653,32056
4272,30653,32057
19007,30653,32058
16647,30653,32059
10510,30653,32060
10297,30653,32061
11650,30653,32062
11530,30653,32063
2350,30654,32064
10030,30654,32065
17415,30654,32066
17812,30654,32067
11624,30654,32068
16016,30654,32069
20336,30654,32070
21939,30654,32071
23251,30654,32072
5045,30655,32073
741,30655,32074
7702,30655,32075
3674,30655,32076
11486,30655,32077
16551,30655,32078
16617,30655,32079
5953,30655,32080
10209,30655,32081
12457,30655,32082
13058,30655,32083
14927,30655,32084
15905,30655,32085
8249,30655,32086
11255,30655,32087
16734,30655,32088
17516,30655,32089
17601,30656,32090
17601,30657,32091
17601,30658,32092
5828,30659,32093
6847,30659,32094
21645,30659,32095
15259,30659,32096
14120,30659,32097
13187,30659,32098
2566,30659,32099
17625,30659,32100
11355,30659,32101
19973,30659,32102
21184,30659,32103
17601,30660,32104
17601,30661,32105
17601,30662,32106
10552,30663,32107
8954,30663,32108
8588,30663,32109
11295,30663,32110
16252,30663,32111
14114,30663,32112
16054,30663,32113
17077,30663,32114
16165,30663,32115
13177,30663,32116
11911,30663,32117
3354,30663,32118
8169,30663,32119
17295,30663,32120
18450,30663,32121
2652,30663,32122
17095,30663,32123
23412,30664,32124
23497,30664,32125
20752,30664,32126
22669,30664,32127
9502,30665,32128
11746,30665,32129
5104,30666,32130
23778,30666,32131
5351,30666,32132
5036,30666,32133
17019,30667,32134
22931,30667,32135
10241,30667,32136
17601,30668,32137
12958,30669,32138
11730,30669,32139
13476,30669,32140
12467,30670,32141
12259,30670,32142
24570,30671,32143
23418,30671,32144
17601,30672,32145
17601,30673,32146
24404,30674,32147
23187,30674,32148
21732,30674,32149
11297,30674,32150
8847,30674,32151
14475,30674,32152
24752,30674,32153
24577,30674,32154
11418,30674,32155
21521,30674,32156
17601,30675,32157
17601,30676,32158
22985,30677,32159
24082,30677,32160
14484,30677,32161
21308,30677,32162
7701,30677,32163
7456,30678,32164
10759,30678,32165
9439,30678,32166
20958,30678,32167
13177,30678,32168
11320,30678,32169
13742,30678,32170
21284,30678,32171
2541,30678,32172
1788,30678,32173
24308,30678,32174
1196,30678,32175
676,30678,32176
3358,30678,32177
8970,30678,32178
21578,30679,32179
10680,30679,32180
20644,30679,32181
2872,30680,32182
8836,30681,32183
12239,30681,32184
286,30681,32185
8540,30681,32186
13257,30681,32187
19933,30681,32188
13891,30681,32189
2741,30681,32190
4807,30681,32191
5814,30681,32192
23329,30682,32193
5501,30682,32194
4937,30682,32195
2506,30682,32196
21010,30682,32197
23554,30682,32198
20491,30682,32199
15171,30682,32200
18669,30682,32201
14521,30682,32202
11778,30682,32203
5740,30682,32204
10068,30682,32205
21131,30682,32206
22815,30682,32207
15651,30683,32208
18317,30683,32209
12268,30683,32210
12088,30683,32211
1307,30683,32212
7588,30683,32213
12269,30683,32214
11909,30683,32215
8135,30683,32216
9658,30683,32217
17601,30684,32218
1188,30685,32219
6798,30685,32220
1338,30685,32221
16782,30685,32222
24665,30685,32223
17649,30685,32224
7269,30685,32225
3841,30686,32226
11103,30686,32227
10137,30686,32228
9559,30686,32229
17667,30686,32230
7579,30686,32231
5381,30686,32232
6258,30686,32233
13770,30686,32234
20346,30686,32235
22111,30686,32236
851,30686,32237
12336,30687,32238
17683,30687,32239
12271,30687,32240
12290,30687,32241
8807,30687,32242
2193,30687,32243
3806,30687,32244
11281,30687,32245
21437,30687,32246
17052,30687,32247
3049,30688,32248
12402,30688,32249
6412,30688,32250
6177,30688,32251
15021,30688,32252
12622,30688,32253
15567,30688,32254
4084,30688,32255
4399,30688,32256
840,30688,32257
10950,30688,32258
7027,30688,32259
16025,30688,32260
7656,30688,32261
5931,30688,32262
8806,30688,32263
5344,30688,32264
5697,30688,32265
15149,30688,32266
21961,30689,32267
13599,30689,32268
2184,30689,32269
19821,30689,32270
20071,30689,32271
15640,30689,32272
3359,30689,32273
14478,30689,32274
3824,30689,32275
10200,30689,32276
10664,30689,32277
10678,30689,32278
10198,30689,32279
7356,30689,32280
14984,30690,32281
23682,30690,32282
23846,30690,32283
13443,30690,32284
14970,30690,32285
17869,30690,32286
17650,30690,32287
17585,30690,32288
17078,30690,32289
6098,30690,32290
8011,30690,32291
8040,30690,32292
10391,30690,32293
16835,30690,32294
2530,30690,32295
3884,30690,32296
13344,30690,32297
19808,30690,32298
13209,30691,32299
23005,30691,32300
65,30691,32301
20971,30691,32302
8040,30691,32303
7689,30691,32304
12159,30691,32305
6176,30691,32306
5082,30691,32307
2191,30691,32308
16350,30692,32309
18766,30692,32310
2925,30692,32311
6154,30692,32312
8965,30692,32313
9568,30692,32314
7803,30692,32315
4724,30692,32316
3587,30692,32317
16213,30692,32318
5903,30692,32319
15185,30692,32320
13000,30692,32321
21361,30693,32322
23026,30693,32323
3706,30693,32324
15385,30694,32325
18320,30694,32326
19244,30694,32327
1038,30694,32328
9013,30694,32329
6475,30694,32330
17594,30694,32331
23500,30694,32332
23604,30694,32333
4215,30694,32334
13102,30695,32335
12007,30695,32336
8601,30695,32337
91,30695,32338
734,30695,32339
1873,30695,32340
23992,30695,32341
19313,30695,32342
19611,30695,32343
17922,30695,32344
17762,30695,32345
13896,30696,32346
16025,30696,32347
16999,30696,32348
2790,30697,32349
3228,30698,32350
15145,30698,32351
14889,30698,32352
15899,30698,32353
10742,30699,32354
3721,30699,32355
1774,30699,32356
12958,30699,32357
24227,30699,32358
13078,30699,32359
13921,30699,32360
22722,30700,32361
18406,30700,32362
17786,30700,32363
17601,30701,32364
18074,30702,32365
1804,30702,32366
2678,30702,32367
1024,30702,32368
20619,30702,32369
22394,30702,32370
1647,30702,32371
14872,30702,32372
11232,30702,32373
15062,30702,32374
18475,30703,32375
15981,30703,32376
19499,30703,32377
20713,30703,32378
21235,30703,32379
14632,30703,32380
21810,30703,32381
342,30703,32382
5787,30703,32383
17631,30703,32384
16980,30703,32385
10166,30703,32386
20181,30703,32387
7638,30703,32388
7899,30703,32389
18387,30703,32390
18332,30703,32391
19693,30703,32392
19554,30704,32393
22497,30704,32394
2789,30704,32395
1775,30704,32396
20905,30704,32397
14601,30704,32398
16624,30704,32399
13000,30704,32400
2394,30705,32401
20823,30705,32402
2551,30705,32403
13714,30706,32404
24203,30706,32405
9020,30707,32406
9210,30707,32407
13166,30707,32408
7434,30707,32409
4285,30707,32410
22674,30707,32411
13295,30707,32412
21690,30707,32413
24643,30707,32414
22602,30707,32415
17601,30708,32416
4399,30709,32417
17556,30709,32418
8364,30709,32419
18583,30709,32420
15069,30709,32421
15493,30709,32422
22788,30709,32423
21125,30709,32424
23576,30709,32425
22946,30709,32426
19429,30709,32427
17601,30710,32428
17604,30711,32429
9844,30711,32430
8565,30711,32431
6886,30711,32432
6250,30711,32433
5274,30711,32434
3604,30711,32435
7406,30711,32436
10703,30711,32437
3205,30711,32438
3092,30711,32439
12769,30711,32440
13559,30711,32441
21727,30711,32442
16810,30711,32443
18389,30711,32444
22875,30711,32445
7075,30711,32446
10070,30711,32447
17601,30712,32448
9983,30713,32449
8020,30713,32450
6733,30713,32451
19523,30713,32452
19859,30713,32453
12850,30713,32454
11665,30713,32455
10383,30713,32456
24043,30713,32457
525,30713,32458
6525,30713,32459
6643,30713,32460
6091,30713,32461
21905,30713,32462
17601,30714,32463
17601,30715,32464
17601,30716,32465
23529,30717,32466
17601,30718,32467
17601,30719,32468
20463,30720,32469
16585,30720,32470
17880,30720,32471
22337,30720,32472
6181,30720,32473
12240,30720,32474
18588,30720,32475
20859,30720,32476
15232,30720,32477
12092,30720,32478
17601,30721,32479
9640,30722,32480
8315,30722,32481
10930,30722,32482
8815,30722,32483
16005,30722,32484
19873,30722,32485
19832,30722,32486
23953,30722,32487
18573,30722,32488
19545,30722,32489
17601,30723,32490
7050,30724,32491
7920,30724,32492
13602,30724,32493
16755,30724,32494
6202,30724,32495
18454,30724,32496
8287,30724,32497
22389,30724,32498
3157,30724,32499
24267,30724,32500
2885,30725,32501
17138,30725,32502
4844,30725,32503
15731,30725,32504
16286,30725,32505
14497,30725,32506
10307,30725,32507
18213,30725,32508
24783,30725,32509
8905,30726,32510
12699,30726,32511
6844,30726,32512
628,30726,32513
13935,30726,32514
22692,30726,32515
23251,30726,32516
23681,30726,32517
21766,30726,32518
23961,30726,32519
20890,30726,32520
598,30726,32521
16271,30727,32522
16444,30727,32523
23534,30727,32524
22013,30727,32525
2620,30727,32526
3835,30727,32527
5796,30727,32528
12225,30727,32529
2115,30727,32530
10019,30727,32531
15560,30728,32532
8333,30728,32533
22034,30728,32534
15478,30728,32535
12606,30728,32536
6679,30728,32537
212,30728,32538
24231,30728,32539
5879,30728,32540
5729,30728,32541
1731,30728,32542
21907,30728,32543
16590,30728,32544
17423,30728,32545
15844,30728,32546
22568,30729,32547
12635,30729,32548
14620,30729,32549
15828,30729,32550
15943,30729,32551
885,30729,32552
22583,30729,32553
19854,30729,32554
7302,30729,32555
8473,30729,32556
23517,30729,32557
11340,30729,32558
17601,30730,32559
15087,30731,32560
21729,30731,32561
2984,30731,32562
2270,30732,32563
21007,30732,32564
2686,30732,32565
120,30732,32566
17368,30732,32567
978,30732,32568
11063,30732,32569
1708,30732,32570
20847,30732,32571
3968,30732,32572
15146,30732,32573
2696,30732,32574
15789,30733,32575
21131,30733,32576
5354,30734,32577
4365,30734,32578
8009,30734,32579
1796,30734,32580
9791,30734,32581
22296,30734,32582
3441,30734,32583
6143,30734,32584
19696,30734,32585
17768,30734,32586
7809,30734,32587
17042,30734,32588
11384,30734,32589
13552,30735,32590
17115,30735,32591
20706,30735,32592
20146,30735,32593
11388,30735,32594
18662,30735,32595
16845,30735,32596
4202,30735,32597
15281,30735,32598
19349,30735,32599
16864,30735,32600
14985,30735,32601
7602,30735,32602
2289,30735,32603
3136,30736,32604
13954,30736,32605
14985,30736,32606
2263,30736,32607
17419,30736,32608
18251,30736,32609
22022,30736,32610
23297,30736,32611
23672,30736,32612
24021,30736,32613
8274,30736,32614
20900,30736,32615
9214,30736,32616
3006,30737,32617
17601,30738,32618
17601,30739,32619
3619,30740,32620
12003,30740,32621
10078,30740,32622
6360,30740,32623
6043,30740,32624
21722,30740,32625
6607,30740,32626
1811,30740,32627
20482,30740,32628
4082,30740,32629
24135,30740,32630
3897,30741,32631
11713,30741,32632
11727,30741,32633
3402,30741,32634
17216,30741,32635
16210,30741,32636
22479,30741,32637
7162,30741,32638
12890,30741,32639
15989,30741,32640
20643,30742,32641
15853,30742,32642
14332,30742,32643
34,30743,32644
8915,30743,32645
14786,30743,32646
16965,30743,32647
19582,30743,32648
17105,30743,32649
23329,30743,32650
11265,30743,32651
14975,30743,32652
16322,30743,32653
115,30743,32654
358,30743,32655
944,30743,32656
2600,30743,32657
11151,30743,32658
12149,30743,32659
9075,30744,32660
24004,30744,32661
22840,30744,32662
15343,30744,32663
14890,30744,32664
14159,30744,32665
24833,30744,32666
857,30744,32667
19687,30744,32668
22222,30744,32669
10647,30744,32670
9946,30744,32671
6335,30745,32672
19544,30745,32673
14673,30745,32674
17465,30745,32675
17601,30746,32676
15340,30747,32677
8344,30747,32678
1069,30747,32679
5139,30747,32680
8258,30747,32681
21711,30747,32682
1911,30747,32683
23830,30747,32684
1135,30747,32685
19559,30747,32686
17601,30748,32687
17601,30749,32688
14717,30750,32689
18705,30750,32690
1299,30750,32691
14422,30750,32692
23670,30750,32693
3918,30750,32694
6241,30750,32695
13510,30750,32696
24565,30750,32697
12092,30751,32698
19341,30751,32699
6391,30751,32700
22836,30751,32701
22291,30751,32702
19034,30751,32703
17102,30751,32704
18639,30751,32705
5645,30751,32706
22839,30751,32707
10511,30752,32708
19952,30752,32709
16055,30752,32710
6446,30752,32711
6267,30752,32712
6684,30752,32713
24120,30752,32714
1471,30752,32715
3678,30752,32716
5081,30752,32717
883,30752,32718
24594,30753,32719
20774,30753,32720
21307,30753,32721
3389,30753,32722
7725,30753,32723
19538,30753,32724
3258,30753,32725
1634,30753,32726
5029,30753,32727
7532,30753,32728
2876,30754,32729
11257,30754,32730
6258,30754,32731
6767,30754,32732
10687,30754,32733
2510,30754,32734
12770,30754,32735
23929,30754,32736
17345,30754,32737
16112,30754,32738
22187,30754,32739
14660,30754,32740
24236,30754,32741
21918,30754,32742
20579,30755,32743
2393,30755,32744
13288,30756,32745
20793,30756,32746
15583,30757,32747
17108,30757,32748
20793,30757,32749
20606,30757,32750
15001,30757,32751
9777,30757,32752
22149,30758,32753
23374,30758,32754
16291,30758,32755
13655,30758,32756
19562,30758,32757
12703,30758,32758
23950,30758,32759
6811,30758,32760
1350,30758,32761
7585,30758,32762
1605,30758,32763
11433,30758,32764
14882,30759,32765
13907,30759,32766
6102,30759,32767
10359,30759,32768
6567,30759,32769
18462,30759,32770
21866,30759,32771
3440,30759,32772
5559,30759,32773
9880,30759,32774
17415,30760,32775
2918,30760,32776
5566,30760,32777
17601,30761,32778
6412,30762,32779
11544,30762,32780
15594,30762,32781
21957,30762,32782
24439,30762,32783
23989,30762,32784
3526,30762,32785
6420,30762,32786
10377,30762,32787
16862,30762,32788
20144,30762,32789
16802,30762,32790
6106,30762,32791
14407,30763,32792
6243,30763,32793
4634,30763,32794
13742,30763,32795
8654,30763,32796
23842,30763,32797
21568,30763,32798
6983,30763,32799
19089,30763,32800
20371,30763,32801
3021,30763,32802
4645,30763,32803
6381,30763,32804
24428,30763,32805
8366,30763,32806
14639,30763,32807
15501,30764,32808
24008,30764,32809
14900,30764,32810
11503,30765,32811
11171,30765,32812
18083,30765,32813
24384,30765,32814
11569,30765,32815
7879,30765,32816
7190,30765,32817
15234,30765,32818
3397,30765,32819
6210,30765,32820
4265,30765,32821
5819,30765,32822
20643,30765,32823
23608,30765,32824
14927,30765,32825
5748,30765,32826
16167,30765,32827
19609,30765,32828
23886,30765,32829
21829,30766,32830
1990,30766,32831
3972,30766,32832
17534,30766,32833
234,30766,32834
986,30766,32835
17592,30766,32836
20775,30766,32837
2032,30766,32838
1846,30766,32839
21817,30766,32840
8139,30766,32841
4118,30767,32842
4605,30767,32843
5562,30767,32844
1580,30767,32845
18416,30767,32846
13095,30767,32847
18580,30767,32848
19569,30767,32849
13374,30767,32850
17704,30767,32851
11473,30767,32852
11596,30767,32853
7071,30767,32854
10667,30768,32855
8261,30768,32856
3209,30768,32857
22846,30768,32858
20840,30768,32859
11319,30768,32860
10350,30768,32861
8071,30768,32862
21194,30768,32863
22235,30768,32864
24701,30768,32865
20731,30769,32866
4359,30769,32867
6135,30769,32868
14466,30770,32869
3455,30770,32870
405,30771,32871
5275,30771,32872
8213,30771,32873
2883,30771,32874
14398,30771,32875
21450,30771,32876
15795,30771,32877
4462,30771,32878
19939,30771,32879
10696,30771,32880
17601,30772,32881
23906,30773,32882
6135,30773,32883
20924,30773,32884
4458,30773,32885
4672,30773,32886
837,30773,32887
17623,30773,32888
17078,30773,32889
19756,30773,32890
12198,30773,32891
14648,30773,32892
22168,30773,32893
23478,30773,32894
15476,30773,32895
20345,30774,32896
9452,30774,32897
17228,30774,32898
10432,30774,32899
9501,30774,32900
22238,30774,32901
23329,30774,32902
6701,30774,32903
1302,30774,32904
1390,30774,32905
2611,30774,32906
3656,30774,32907
4725,30774,32908
5710,30774,32909
5997,30774,32910
6255,30774,32911
1136,30774,32912
6801,30775,32913
4256,30775,32914
6511,30775,32915
8104,30775,32916
8597,30775,32917
8779,30775,32918
5727,30775,32919
4091,30775,32920
21670,30775,32921
16027,30775,32922
11019,30775,32923
16160,30775,32924
16510,30775,32925
17391,30775,32926
17528,30775,32927
520,30775,32928
9137,30775,32929
3626,30775,32930
5987,30775,32931
20228,30776,32932
24798,30776,32933
12195,30776,32934
1689,30776,32935
17601,30777,32936
9656,30778,32937
10729,30778,32938
9100,30778,32939
18259,30778,32940
11569,30778,32941
24253,30778,32942
22974,30778,32943
653,30778,32944
3114,30778,32945
5966,30778,32946
14982,30778,32947
24838,30778,32948
17601,30779,32949
17601,30780,32950
5745,30781,32951
6978,30781,32952
6979,30781,32953
16188,30781,32954
108,30781,32955
7295,30781,32956
2547,30781,32957
8792,30781,32958
11000,30781,32959
22272,30781,32960
4490,30781,32961
16589,30781,32962
10087,30781,32963
22199,30781,32964
17601,30782,32965
17601,30783,32966
13952,30784,32967
18478,30784,32968
18156,30784,32969
21783,30784,32970
19100,30784,32971
1284,30784,32972
15368,30784,32973
15310,30784,32974
19024,30784,32975
22144,30784,32976
23843,30784,32977
6348,30784,32978
4000,30784,32979
9085,30784,32980
7029,30784,32981
20192,30785,32982
7492,30785,32983
17121,30785,32984
16917,30785,32985
8572,30785,32986
7939,30785,32987
10992,30785,32988
7401,30785,32989
23731,30785,32990
11320,30785,32991
12621,30785,32992
18698,30785,32993
16349,30785,32994
12952,30785,32995
865,30785,32996
203,30785,32997
4989,30785,32998
5297,30785,32999
8359,30785,33000
19009,30786,33001
14733,30786,33002
2963,30786,33003
18664,30787,33004
16566,30787,33005
8357,30787,33006
20990,30788,33007
15786,30788,33008
4956,30789,33009
23712,30789,33010
18144,30789,33011
5071,30790,33012
23137,30790,33013
16286,30790,33014
1862,30790,33015
7786,30790,33016
18108,30790,33017
18896,30790,33018
15317,30790,33019
11578,30790,33020
10397,30790,33021
20731,30790,33022
3780,30790,33023
17936,30790,33024
16807,30790,33025
3446,30791,33026
21613,30792,33027
21635,30792,33028
6146,30792,33029
20769,30792,33030
5519,30792,33031
19670,30792,33032
12579,30792,33033
8992,30792,33034
9268,30792,33035
21297,30792,33036
21496,30792,33037
10111,30792,33038
18141,30792,33039
12915,30792,33040
15783,30792,33041
291,30792,33042
218,30792,33043
15482,30792,33044
14273,30792,33045
17601,30793,33046
17601,30794,33047
11848,30795,33048
23454,30795,33049
16814,30795,33050
4701,30795,33051
20574,30795,33052
17783,30795,33053
7802,30796,33054
5155,30796,33055
19484,30796,33056
651,30796,33057
15010,30796,33058
19011,30796,33059
7822,30796,33060
12099,30796,33061
8172,30796,33062
19212,30796,33063
23890,30796,33064
6227,30797,33065
10638,30797,33066
8263,30797,33067
23368,30797,33068
2278,30797,33069
1626,30797,33070
1338,30797,33071
23729,30797,33072
22943,30797,33073
7917,30797,33074
5119,30797,33075
4113,30797,33076
17601,30798,33077
3050,30799,33078
21459,30799,33079
336,30799,33080
9980,30799,33081
9549,30799,33082
22369,30799,33083
12028,30799,33084
22001,30799,33085
22002,30799,33086
12041,30799,33087
21405,30799,33088
17403,30799,33089
16609,30799,33090
17601,30800,33091
17601,30801,33092
17601,30802,33093
6772,30803,33094
14337,30803,33095
17601,30804,33096
17601,30805,33097
21028,30806,33098
4812,30807,33099
17734,30807,33100
23659,30808,33101
23673,30808,33102
20715,30808,33103
1517,30808,33104
2280,30808,33105
20152,30808,33106
23661,30808,33107
21643,30808,33108
12746,30808,33109
19883,30808,33110
24220,30808,33111
3108,30808,33112
8232,30808,33113
4922,30808,33114
13764,30808,33115
17601,30809,33116
15419,30810,33117
7817,30810,33118
23738,30810,33119
12528,30811,33120
16566,30811,33121
16004,30811,33122
7347,30811,33123
8057,30811,33124
22559,30811,33125
18469,30811,33126
2722,30811,33127
8065,30811,33128
9561,30811,33129
1206,30811,33130
12261,30811,33131
6104,30811,33132
11431,30812,33133
1270,30812,33134
24091,30812,33135
19397,30812,33136
23181,30812,33137
9089,30812,33138
1836,30812,33139
17434,30812,33140
10852,30812,33141
15807,30812,33142
17601,30813,33143
17601,30814,33144
5372,30815,33145
12572,30815,33146
17601,30816,33147
17601,30817,33148
17601,30818,33149
11160,30819,33150
22287,30819,33151
15970,30820,33152
11515,30820,33153
10039,30820,33154
9609,30820,33155
8394,30820,33156
23009,30820,33157
23441,30820,33158
12959,30820,33159
13649,30820,33160
3640,30820,33161
5947,30821,33162
17913,30821,33163
17826,30821,33164
20375,30821,33165
9236,30821,33166
14439,30821,33167
3277,30821,33168
23426,30821,33169
20722,30821,33170
21861,30821,33171
1831,30821,33172
2471,30821,33173
5038,30821,33174
20953,30822,33175
19414,30822,33176
11240,30822,33177
16565,30822,33178
15226,30822,33179
18698,30822,33180
16717,30822,33181
7886,30822,33182
9688,30822,33183
6207,30822,33184
17601,30823,33185
2865,30824,33186
10510,30825,33187
15452,30825,33188
11028,30825,33189
8800,30825,33190
16707,30825,33191
16541,30825,33192
12519,30825,33193
19919,30825,33194
1627,30825,33195
2593,30825,33196
4508,30825,33197
19390,30825,33198
11455,30825,33199
861,30825,33200
7418,30825,33201
6381,30825,33202
9239,30826,33203
8390,30826,33204
64,30826,33205
18296,30827,33206
20968,30827,33207
24707,30827,33208
24543,30827,33209
439,30827,33210
3054,30827,33211
6918,30827,33212
7693,30827,33213
8499,30827,33214
8961,30827,33215
12143,30827,33216
13139,30827,33217
13140,30827,33218
17569,30827,33219
17674,30828,33220
8219,30828,33221
8161,30828,33222
5171,30828,33223
14702,30828,33224
16177,30829,33225
6738,30829,33226
23323,30829,33227
10039,30829,33228
8595,30829,33229
13856,30829,33230
24164,30829,33231
13049,30829,33232
14570,30829,33233
16113,30829,33234
16151,30829,33235
22420,30829,33236
18242,30829,33237
435,30829,33238
4594,30829,33239
20517,30829,33240
15401,30829,33241
14018,30830,33242
3354,30830,33243
5287,30830,33244
6226,30830,33245
4761,30830,33246
4899,30830,33247
20621,30830,33248
20213,30830,33249
12374,30830,33250
814,30830,33251
2616,30830,33252
1730,30830,33253
6368,30830,33254
8349,30830,33255
16416,30830,33256
4673,30830,33257
20769,30830,33258
19658,30830,33259
14238,30830,33260
13346,30830,33261
20861,30831,33262
1541,30831,33263
17183,30832,33264
12981,30832,33265
5872,30832,33266
16781,30832,33267
14342,30832,33268
14728,30833,33269
11730,30833,33270
11999,30833,33271
2587,30833,33272
2177,30833,33273
478,30833,33274
13440,30833,33275
15171,30833,33276
3325,30833,33277
10080,30833,33278
5182,30833,33279
13537,30833,33280
15226,30833,33281
10407,30833,33282
23842,30833,33283
13425,30833,33284
8632,30834,33285
17569,30834,33286
11466,30834,33287
3443,30835,33288
3701,30835,33289
17741,30835,33290
21862,30835,33291
1798,30835,33292
5781,30835,33293
11599,30835,33294
13716,30835,33295
15955,30835,33296
22525,30835,33297
4577,30836,33298
13000,30836,33299
11498,30836,33300
12514,30837,33301
4320,30837,33302
12376,30838,33303
5386,30838,33304
10928,30838,33305
7576,30838,33306
17601,30839,33307
6496,30840,33308
22110,30840,33309
677,30840,33310
12736,30840,33311
15680,30840,33312
13194,30840,33313
23303,30840,33314
9695,30840,33315
17890,30840,33316
13602,30840,33317
1690,30840,33318
17601,30841,33319
17601,30842,33320
17601,30843,33321
19693,30844,33322
13983,30844,33323
17636,30844,33324
16604,30844,33325
10639,30844,33326
14350,30844,33327
10316,30844,33328
19762,30844,33329
9639,30844,33330
10193,30844,33331
5520,30844,33332
5478,30844,33333
9602,30844,33334
7952,30844,33335
12376,30844,33336
14136,30844,33337
14149,30844,33338
11001,30844,33339
20150,30844,33340
17601,30845,33341
17601,30846,33342
17601,30847,33343
17601,30848,33344
12195,30849,33345
6622,30849,33346
16683,30849,33347
17601,30850,33348
17601,30851,33349
17601,30852,33350
17601,30853,33351
17601,30854,33352
1536,30855,33353
4932,30855,33354
17897,30856,33355
17896,30856,33356
21136,30856,33357
15177,30856,33358
22935,30856,33359
1295,30856,33360
17601,30857,33361
5826,30858,33362
11866,30858,33363
8091,30858,33364
22433,30859,33365
1681,30859,33366
3344,30859,33367
9710,30859,33368
14602,30859,33369
13160,30859,33370
13592,30859,33371
16218,30859,33372
15649,30859,33373
22055,30859,33374
16596,30859,33375
9062,30859,33376
8729,30859,33377
4033,30859,33378
17601,30860,33379
12457,30861,33380
23322,30861,33381
19208,30861,33382
5227,30862,33383
18524,30862,33384
12457,30862,33385
10840,30863,33386
2042,30863,33387
13923,30863,33388
6406,30863,33389
6483,30863,33390
8576,30863,33391
4061,30863,33392
4105,30863,33393
5662,30863,33394
16433,30863,33395
15874,30863,33396
16506,30863,33397
9362,30863,33398
13483,30863,33399
10185,30863,33400
13321,30863,33401
17601,30864,33402
17601,30865,33403
9387,30866,33404
3063,30866,33405
22313,30866,33406
4994,30867,33407
3950,30867,33408
3547,30867,33409
241,30867,33410
2271,30867,33411
21536,30867,33412
21114,30867,33413
3427,30867,33414
14494,30867,33415
12830,30867,33416
11920,30867,33417
9968,30867,33418
16445,30867,33419
16380,30867,33420
20174,30867,33421
9079,30868,33422
7093,30868,33423
2337,30868,33424
16371,30868,33425
8690,30869,33426
6760,30869,33427
16139,30869,33428
15593,30869,33429
17601,30870,33430
2014,30871,33431
10807,30871,33432
22444,30872,33433
15387,30872,33434
6115,30872,33435
2681,30872,33436
2528,30872,33437
1579,30872,33438
24645,30872,33439
24334,30872,33440
21055,30872,33441
17184,30872,33442
15468,30872,33443
23699,30872,33444
12863,30872,33445
21380,30872,33446
8701,30872,33447
9382,30872,33448
15114,30872,33449
17601,30873,33450
17601,30874,33451
2242,30875,33452
13260,30875,33453
21026,30875,33454
20387,30875,33455
5160,30875,33456
17601,30876,33457
21706,30877,33458
24126,30877,33459
804,30878,33460
17601,30879,33461
18825,30880,33462
20345,30880,33463
19068,30880,33464
3102,30880,33465
281,30880,33466
11697,30880,33467
11333,30880,33468
9220,30880,33469
7656,30880,33470
4408,30880,33471
3409,30880,33472
20456,30880,33473
13128,30880,33474
17994,30880,33475
15797,30880,33476
13302,30880,33477
18407,30880,33478
16783,30881,33479
5357,30881,33480
16651,30881,33481
668,30881,33482
11762,30882,33483
17601,30883,33484
13252,30884,33485
22661,30884,33486
1479,30884,33487
21462,30885,33488
9552,30885,33489
17601,30886,33490
14537,30887,33491
17202,30888,33492
11792,30888,33493
15200,30888,33494
9636,30888,33495
4207,30888,33496
3648,30888,33497
10316,30888,33498
2901,30888,33499
17940,30888,33500
20407,30888,33501
19860,30889,33502
20643,30889,33503
5065,30889,33504
17601,30890,33505
768,30891,33506
19486,30891,33507
8627,30891,33508
10896,30891,33509
12857,30891,33510
13989,30891,33511
16631,30891,33512
18961,30891,33513
12201,30891,33514
6452,30891,33515
492,30891,33516
2897,30891,33517
2474,30891,33518
7810,30891,33519
8088,30891,33520
7055,30891,33521
4396,30892,33522
11668,30892,33523
20859,30892,33524
9602,30893,33525
11683,30894,33526
7403,30894,33527
9654,30894,33528
5243,30894,33529
22012,30894,33530
15093,30894,33531
10848,30895,33532
2874,30895,33533
11862,30895,33534
6845,30895,33535
11787,30895,33536
9147,30895,33537
6462,30895,33538
23882,30895,33539
23098,30895,33540
22167,30895,33541
14804,30895,33542
4855,30896,33543
5850,30896,33544
16010,30897,33545
17722,30898,33546
10307,30898,33547
16177,30898,33548
759,30899,33549
16133,30899,33550
17839,30900,33551
23249,30900,33552
24379,30900,33553
21496,30900,33554
11866,30900,33555
14132,30900,33556
16499,30900,33557
5978,30900,33558
21626,30900,33559
7917,30900,33560
14854,30900,33561
17601,30901,33562
5591,30902,33563
11989,30902,33564
6561,30902,33565
24573,30903,33566
6495,30903,33567
4927,30903,33568
13936,30903,33569
14859,30903,33570
19683,30903,33571
22630,30904,33572
21483,30904,33573
17185,30904,33574
15831,30904,33575
24542,30904,33576
24143,30904,33577
11408,30904,33578
9835,30904,33579
16608,30904,33580
17601,30905,33581
8980,30906,33582
2557,30906,33583
1591,30906,33584
9871,30906,33585
18934,30906,33586
3343,30906,33587
3960,30906,33588
7973,30906,33589
4368,30906,33590
67,30906,33591
17864,30907,33592
24111,30907,33593
22773,30907,33594
9026,30907,33595
15307,30907,33596
9477,30907,33597
6852,30907,33598
2207,30907,33599
343,30907,33600
74,30907,33601
14449,30908,33602
20929,30908,33603
19568,30908,33604
20502,30909,33605
14449,30909,33606
20929,30909,33607
10683,30910,33608
4375,30910,33609
11386,30910,33610
11871,30910,33611
23848,30911,33612
520,30911,33613
20001,30911,33614
5492,30911,33615
13933,30911,33616
979,30911,33617
803,30911,33618
24175,30911,33619
6134,30911,33620
18295,30911,33621
16831,30911,33622
6014,30911,33623
19964,30911,33624
16957,30911,33625
24500,30912,33626
24475,30912,33627
8960,30912,33628
9371,30912,33629
23450,30913,33630
11220,30913,33631
9942,30913,33632
11684,30913,33633
9472,30913,33634
18889,30913,33635
21774,30913,33636
20647,30913,33637
20651,30913,33638
12855,30913,33639
13316,30913,33640
20542,30913,33641
5569,30913,33642
24459,30913,33643
5668,30913,33644
10065,30913,33645
17601,30914,33646
18446,30915,33647
75,30915,33648
20286,30915,33649
21169,30915,33650
9541,30915,33651
9716,30915,33652
7328,30915,33653
8410,30915,33654
417,30915,33655
4134,30915,33656
4648,30915,33657
22037,30915,33658
4264,30915,33659
18259,30915,33660
17179,30915,33661
21929,30916,33662
17548,30916,33663
17601,30917,33664
17601,30918,33665
24061,30919,33666
15245,30919,33667
17514,30919,33668
20786,30919,33669
22448,30919,33670
17890,30919,33671
14521,30919,33672
22129,30919,33673
23309,30919,33674
6634,30919,33675
10668,30919,33676
12444,30920,33677
15859,30920,33678
11874,30920,33679
16750,30920,33680
18076,30920,33681
23105,30920,33682
7427,30920,33683
11894,30920,33684
11252,30920,33685
10254,30920,33686
24361,30921,33687
13485,30921,33688
12951,30921,33689
13344,30921,33690
3163,30921,33691
3602,30921,33692
17358,30921,33693
16052,30921,33694
21239,30921,33695
17498,30921,33696
4991,30921,33697
6858,30921,33698
11479,30921,33699
9985,30921,33700
8217,30921,33701
20987,30922,33702
20237,30922,33703
20019,30922,33704
2700,30923,33705
2242,30923,33706
585,30923,33707
12572,30924,33708
23021,30924,33709
20941,30925,33710
21423,30925,33711
20468,30925,33712
22770,30925,33713
22917,30925,33714
24263,30925,33715
2777,30925,33716
11166,30925,33717
6690,30925,33718
6764,30925,33719
8071,30925,33720
8257,30925,33721
5668,30925,33722
4055,30925,33723
1369,30925,33724
3903,30926,33725
11987,30926,33726
5002,30926,33727
5995,30926,33728
6106,30926,33729
23599,30926,33730
5232,30926,33731
8063,30927,33732
11504,30927,33733
21121,30927,33734
13008,30927,33735
20189,30927,33736
20936,30927,33737
9655,30927,33738
10788,30927,33739
1619,30927,33740
5782,30927,33741
14044,30928,33742
12444,30928,33743
14449,30928,33744
17006,30928,33745
19627,30928,33746
3125,30928,33747
16731,30928,33748
2603,30928,33749
552,30928,33750
23279,30928,33751
5866,30928,33752
11704,30928,33753
7122,30928,33754
6391,30928,33755
7176,30928,33756
7299,30928,33757
11357,30928,33758
17944,30928,33759
4268,30929,33760
21998,30929,33761
887,30929,33762
23934,30929,33763
19058,30929,33764
17601,30930,33765
2225,30931,33766
6289,30931,33767
19687,30931,33768
19753,30931,33769
20151,30931,33770
17531,30931,33771
6114,30931,33772
13198,30931,33773
437,30931,33774
396,30931,33775
3830,30931,33776
16107,30931,33777
1937,30931,33778
6418,30931,33779
6881,30931,33780
10221,30931,33781
12848,30931,33782
9948,30931,33783
7864,30931,33784
17601,30932,33785
3933,30933,33786
17234,30933,33787
22866,30933,33788
24068,30933,33789
19710,30933,33790
6576,30934,33791
13420,30934,33792
1380,30934,33793
17601,30935,33794
8981,30936,33795
7437,30936,33796
16967,30936,33797
18664,30936,33798
24374,30936,33799
20475,30936,33800
11336,30936,33801
11682,30936,33802
988,30936,33803
3571,30936,33804
2204,30937,33805
11363,30937,33806
19406,30937,33807
7221,30937,33808
5980,30937,33809
3558,30937,33810
10956,30937,33811
19167,30937,33812
11574,30937,33813
23455,30937,33814
6680,30938,33815
5252,30938,33816
8322,30938,33817
8564,30938,33818
10755,30938,33819
9866,30938,33820
11722,30938,33821
487,30938,33822
24338,30938,33823
12970,30938,33824
19500,30938,33825
2369,30938,33826
1210,30938,33827
1412,30939,33828
23511,30939,33829
22090,30939,33830
15986,30939,33831
13922,30939,33832
13594,30939,33833
10684,30939,33834
5529,30939,33835
4948,30939,33836
4306,30939,33837
21385,30939,33838
23417,30939,33839
19900,30939,33840
956,30939,33841
3996,30939,33842
8477,30939,33843
12346,30939,33844
17601,30940,33845
20560,30941,33846
3231,30941,33847
2048,30941,33848
21556,30941,33849
8253,30941,33850
4835,30941,33851
15001,30941,33852
14842,30941,33853
5836,30941,33854
14367,30941,33855
11107,30941,33856
11645,30941,33857
13537,30941,33858
6714,30941,33859
18808,30941,33860
23524,30941,33861
23799,30941,33862
22959,30941,33863
10332,30941,33864
9521,30942,33865
5560,30942,33866
22750,30942,33867
11288,30942,33868
18995,30942,33869
14427,30942,33870
17903,30942,33871
2396,30942,33872
4678,30942,33873
11765,30943,33874
12635,30943,33875
14254,30943,33876
4535,30943,33877
10071,30943,33878
24611,30944,33879
24595,30944,33880
21377,30944,33881
8244,30944,33882
23381,30944,33883
17717,30944,33884
19331,30944,33885
6337,30944,33886
24074,30944,33887
13691,30944,33888
17601,30945,33889
20433,30946,33890
10667,30946,33891
20525,30946,33892
4132,30947,33893
9925,30947,33894
10469,30947,33895
10983,30947,33896
3533,30947,33897
3594,30947,33898
14824,30947,33899
14714,30947,33900
16887,30947,33901
16602,30947,33902
13772,30947,33903
12736,30947,33904
11280,30947,33905
9639,30947,33906
6406,30947,33907
20769,30947,33908
18769,30947,33909
7196,30948,33910
11860,30948,33911
20295,30948,33912
10532,30948,33913
2631,30948,33914
12530,30948,33915
15283,30948,33916
17601,30949,33917
17601,30950,33918
17601,30951,33919
7516,30952,33920
22595,30952,33921
17601,30953,33922
2026,30954,33923
9974,30954,33924
4038,30954,33925
8522,30954,33926
8476,30954,33927
8011,30954,33928
6231,30954,33929
5934,30954,33930
15916,30954,33931
13211,30954,33932
20253,30954,33933
20728,30954,33934
12111,30954,33935
786,30954,33936
23249,30954,33937
22646,30954,33938
12772,30954,33939
23510,30954,33940
15930,30955,33941
17661,30955,33942
5294,30955,33943
3619,30955,33944
6690,30955,33945
6091,30955,33946
12834,30955,33947
9870,30955,33948
11007,30955,33949
11257,30955,33950
17601,30956,33951
7313,30957,33952
7964,30957,33953
20390,30958,33954
23758,30958,33955
20790,30958,33956
8550,30958,33957
6317,30959,33958
16193,30959,33959
23105,30959,33960
18596,30959,33961
12049,30959,33962
6998,30959,33963
4162,30959,33964
1718,30959,33965
2292,30959,33966
23355,30959,33967
19084,30959,33968
13940,30959,33969
22687,30959,33970
21552,30960,33971
19568,30960,33972
13379,30960,33973
12470,30960,33974
940,30960,33975
2171,30960,33976
9263,30960,33977
7475,30960,33978
6624,30960,33979
5923,30960,33980
17329,30960,33981
15347,30960,33982
24340,30960,33983
24133,30960,33984
22632,30960,33985
22231,30960,33986
17601,30961,33987
17601,30962,33988
16531,30963,33989
2526,30963,33990
8287,30964,33991
11320,30964,33992
3008,30964,33993
4361,30964,33994
22336,30964,33995
21189,30964,33996
11648,30964,33997
11817,30964,33998
400,30964,33999
1592,30964,34000
1194,30965,34001
4829,30965,34002
10686,30965,34003
6441,30966,34004
21010,30966,34005
17408,30967,34006
13145,30967,34007
1775,30967,34008
20545,30967,34009
23217,30967,34010
22081,30967,34011
1110,30967,34012
12112,30967,34013
2476,30967,34014
8431,30967,34015
1686,30967,34016
3975,30968,34017
18663,30968,34018
14044,30968,34019
19936,30968,34020
6524,30968,34021
11410,30969,34022
11388,30969,34023
14665,30969,34024
13294,30969,34025
2327,30969,34026
4411,30969,34027
17005,30969,34028
9332,30969,34029
8349,30969,34030
9163,30969,34031
4983,30969,34032
21993,30969,34033
17601,30970,34034
10729,30971,34035
13631,30971,34036
5730,30972,34037
5584,30972,34038
5447,30972,34039
16680,30972,34040
16651,30972,34041
19243,30972,34042
13762,30972,34043
15821,30972,34044
10104,30972,34045
9926,30972,34046
16871,30972,34047
7908,30972,34048
6388,30972,34049
17509,30972,34050
17380,30972,34051
15870,30972,34052
1305,30972,34053
17172,30972,34054
2472,30973,34055
10865,30973,34056
24162,30973,34057
5079,30973,34058
14378,30973,34059
13627,30973,34060
11446,30973,34061
14301,30973,34062
850,30973,34063
3636,30973,34064
17601,30974,34065
6304,30975,34066
11668,30975,34067
15278,30975,34068
8296,30976,34069
13419,30976,34070
23403,30976,34071
856,30976,34072
8240,30976,34073
20737,30976,34074
10372,30977,34075
13980,30977,34076
14629,30977,34077
11678,30977,34078
12383,30977,34079
7620,30977,34080
6128,30977,34081
6123,30977,34082
6687,30977,34083
9449,30977,34084
16620,30978,34085
15048,30978,34086
14549,30978,34087
9716,30978,34088
8904,30978,34089
8779,30978,34090
23856,30978,34091
21284,30978,34092
16648,30978,34093
16993,30978,34094
7624,30978,34095
2027,30978,34096
8296,30978,34097
11762,30979,34098
5024,30979,34099
10929,30979,34100
19460,30979,34101
16784,30979,34102
12092,30979,34103
19592,30979,34104
24799,30979,34105
24239,30979,34106
1499,30979,34107
1607,30980,34108
8490,30980,34109
3070,30980,34110
11866,30980,34111
16311,30980,34112
21512,30980,34113
21881,30980,34114
22986,30980,34115
3025,30980,34116
23926,30980,34117
17601,30981,34118
1776,30982,34119
3373,30982,34120
14618,30983,34121
13615,30983,34122
13161,30983,34123
8522,30983,34124
7651,30983,34125
10451,30983,34126
11785,30983,34127
11571,30983,34128
11854,30983,34129
15853,30983,34130
7269,30983,34131
12982,30983,34132
7273,30983,34133
109,30983,34134
131,30983,34135
2710,30983,34136
9173,30983,34137
4325,30983,34138
7170,30983,34139
9692,30984,34140
1292,30984,34141
17686,30985,34142
18802,30985,34143
6627,30985,34144
1241,30985,34145
1081,30985,34146
9906,30985,34147
9471,30985,34148
6771,30985,34149
21373,30985,34150
7809,30985,34151
745,30985,34152
4830,30985,34153
5461,30985,34154
3503,30985,34155
10578,30986,34156
12491,30986,34157
14616,30986,34158
13921,30987,34159
19149,30987,34160
16688,30987,34161
318,30987,34162
23056,30987,34163
14874,30987,34164
10681,30987,34165
7179,30987,34166
8734,30987,34167
8217,30988,34168
12331,30988,34169
12105,30988,34170
16688,30988,34171
334,30988,34172
17601,30989,34173
17601,30990,34174
24601,30991,34175
14427,30991,34176
10719,30991,34177
7892,30992,34178
22040,30992,34179
7151,30992,34180
16142,30992,34181
15144,30992,34182
6104,30992,34183
23048,30992,34184
20775,30992,34185
16143,30992,34186
4995,30992,34187
2813,30993,34188
16430,30993,34189
17523,30993,34190
16409,30993,34191
16406,30993,34192
15378,30993,34193
6086,30993,34194
7510,30993,34195
9664,30993,34196
7735,30993,34197
10962,30994,34198
16181,30994,34199
2616,30995,34200
19080,30995,34201
21266,30995,34202
8976,30995,34203
2489,30995,34204
13274,30995,34205
853,30996,34206
9648,30996,34207
14955,30996,34208
18470,30996,34209
16146,30996,34210
6432,30996,34211
4863,30996,34212
23074,30996,34213
23337,30996,34214
21811,30996,34215
11938,30997,34216
11668,30997,34217
15742,30997,34218
24420,30998,34219
10701,30998,34220
18911,30998,34221
4765,30998,34222
10788,30998,34223
9870,30998,34224
8511,30998,34225
6081,30998,34226
4045,30998,34227
11876,30998,34228
11999,30998,34229
18281,30998,34230
17539,30998,34231
22974,30998,34232
17601,30999,34233
17601,31000,34234
15857,31001,34235
24235,31001,34236
14570,31001,34237
17601,31002,34238
17420,31003,34239
19681,31003,34240
20229,31003,34241
20191,31003,34242
20300,31003,34243
5949,31003,34244
8146,31003,34245
5955,31003,34246
17792,31003,34247
16624,31003,34248
12128,31003,34249
8282,31003,34250
6104,31004,34251
22726,31004,34252
21959,31004,34253
4163,31004,34254
8060,31004,34255
1052,31004,34256
8311,31004,34257
17539,31004,34258
14549,31004,34259
14873,31004,34260
17601,31005,34261
21184,31006,34262
18002,31006,34263
11264,31006,34264
10448,31006,34265
7084,31006,34266
3649,31006,34267
3627,31006,34268
3331,31006,34269
8257,31006,34270
23564,31006,34271
24067,31007,34272
20255,31007,34273
1663,31007,34274
12437,31007,34275
19306,31007,34276
4196,31007,34277
24732,31007,34278
13072,31007,34279
16006,31007,34280
11329,31007,34281
312,31007,34282
17601,31008,34283
17601,31009,34284
17601,31010,34285
17601,31011,34286
7608,31012,34287
7615,31012,34288
10382,31012,34289
11010,31012,34290
11199,31012,34291
13669,31012,34292
16736,31012,34293
17945,31012,34294
5387,31012,34295
2213,31012,34296
18451,31012,34297
22047,31012,34298
23654,31012,34299
746,31012,34300
21570,31013,34301
14768,31013,34302
21861,31013,34303
1256,31013,34304
7613,31013,34305
2481,31013,34306
9607,31013,34307
14160,31013,34308
7865,31013,34309
7278,31013,34310
17601,31014,34311
16941,31015,34312
23702,31015,34313
23765,31015,34314
16946,31015,34315
16121,31015,34316
7126,31015,34317
8641,31015,34318
499,31015,34319
21063,31015,34320
14431,31015,34321
17601,31016,34322
5711,31017,34323
17601,31018,34324
10254,31019,34325
21133,31019,34326
16488,31019,34327
24005,31019,34328
13689,31020,34329
15756,31020,34330
24075,31020,34331
17601,31021,34332
17601,31022,34333
1767,31023,34334
12818,31023,34335
21000,31024,34336
20510,31024,34337
20963,31024,34338
22881,31025,34339
1956,31025,34340
10708,31025,34341
12272,31025,34342
21978,31025,34343
15728,31025,34344
13749,31025,34345
3756,31025,34346
23764,31025,34347
17601,31026,34348
17601,31027,34349
9099,31028,34350
5890,31028,34351
1943,31028,34352
14428,31028,34353
16115,31028,34354
24055,31028,34355
24730,31028,34356
11053,31029,34357
11041,31029,34358
4195,31029,34359
24855,31030,34360
9738,31030,34361
11487,31030,34362
15990,31030,34363
23832,31030,34364
22381,31030,34365
17601,31031,34366
17601,31032,34367
10436,31033,34368
17908,31033,34369
10774,31033,34370
10878,31033,34371
3004,31033,34372
8575,31033,34373
13381,31033,34374
19973,31033,34375
22272,31033,34376
6786,31034,34377
2187,31034,34378
8935,31034,34379
13048,31034,34380
11143,31034,34381
12956,31034,34382
22341,31034,34383
24596,31035,34384
1436,31035,34385
21426,31035,34386
24080,31035,34387
24597,31035,34388
713,31035,34389
19970,31036,34390
1059,31036,34391
4073,31036,34392
7658,31037,34393
16249,31037,34394
19080,31037,34395
4598,31038,34396
16109,31038,34397
16246,31038,34398
18868,31038,34399
17704,31038,34400
18874,31038,34401
21626,31038,34402
24262,31038,34403
15544,31038,34404
17672,31038,34405
16873,31038,34406
10015,31038,34407
10661,31038,34408
13922,31038,34409
23682,31039,34410
10686,31039,34411
11435,31039,34412
5992,31040,34413
3650,31040,34414
23971,31040,34415
20459,31040,34416
17084,31040,34417
14280,31040,34418
13613,31040,34419
13573,31040,34420
6950,31040,34421
10034,31040,34422
3448,31040,34423
2530,31040,34424
17601,31041,34425
12075,31042,34426
11316,31042,34427
6213,31042,34428
16426,31042,34429
21066,31042,34430
17601,31043,34431
17601,31044,34432
17601,31045,34433
23129,31046,34434
6461,31046,34435
10310,31047,34436
234,31048,34437
504,31048,34438
3850,31048,34439
4995,31048,34440
7992,31048,34441
18641,31048,34442
22409,31048,34443
19275,31048,34444
10783,31048,34445
8925,31048,34446
15658,31048,34447
14144,31048,34448
20737,31049,34449
17601,31050,34450
18935,31051,34451
10313,31051,34452
6148,31051,34453
17601,31052,34454
17601,31053,34455
17601,31054,34456
17601,31055,34457
17601,31056,34458
5213,31057,34459
3498,31057,34460
21060,31057,34461
21207,31057,34462
24554,31057,34463
24660,31057,34464
407,31057,34465
73,31057,34466
421,31057,34467
550,31057,34468
9408,31057,34469
12619,31057,34470
17799,31057,34471
12738,31057,34472
4449,31058,34473
1306,31058,34474
16771,31058,34475
17601,31059,34476
16094,31060,34477
20753,31060,34478
23623,31060,34479
846,31061,34480
12240,31061,34481
15595,31061,34482
18583,31061,34483
4319,31061,34484
1232,31061,34485
225,31061,34486
4406,31061,34487
5715,31061,34488
602,31061,34489
17601,31062,34490
6157,31063,34491
5939,31063,34492
14005,31063,34493
23157,31063,34494
3290,31063,34495
2833,31063,34496
1687,31063,34497
6161,31063,34498
15703,31063,34499
22856,31064,34500
11376,31064,34501
24131,31064,34502
13935,31065,34503
1621,31065,34504
20142,31065,34505
20333,31065,34506
9248,31065,34507
9949,31065,34508
3482,31065,34509
11198,31065,34510
17297,31065,34511
8397,31065,34512
21293,31065,34513
21091,31065,34514
17661,31065,34515
17676,31066,34516
10364,31066,34517
10168,31066,34518
3129,31066,34519
2530,31066,34520
18083,31066,34521
23249,31066,34522
21366,31066,34523
21239,31066,34524
23251,31066,34525
21496,31066,34526
22792,31066,34527
17601,31067,34528
23654,31068,34529
7302,31068,34530
2552,31068,34531
22242,31068,34532
2620,31069,34533
813,31069,34534
10666,31069,34535
1810,31069,34536
24249,31069,34537
10119,31069,34538
10055,31069,34539
9062,31069,34540
12770,31069,34541
11659,31069,34542
17601,31070,34543
20191,31071,34544
6494,31071,34545
17601,31072,34546
8188,31073,34547
18017,31073,34548
12274,31073,34549
6252,31073,34550
873,31073,34551
1455,31074,34552
3437,31074,34553
7443,31074,34554
4398,31074,34555
12403,31074,34556
10845,31074,34557
8255,31074,34558
17784,31074,34559
20339,31074,34560
24659,31074,34561
8679,31075,34562
10229,31075,34563
10990,31075,34564
1334,31075,34565
1391,31075,34566
7501,31075,34567
6311,31075,34568
6248,31075,34569
6064,31075,34570
4015,31075,34571
5644,31075,34572
13388,31075,34573
12319,31075,34574
14402,31075,34575
14797,31075,34576
16028,31075,34577
16039,31075,34578
23984,31076,34579
4851,31076,34580
9366,31076,34581
15146,31076,34582
20169,31077,34583
24678,31077,34584
6214,31077,34585
13632,31078,34586
23825,31078,34587
1228,31078,34588
6287,31078,34589
17601,31079,34590
17601,31080,34591
17601,31081,34592
21275,31082,34593
6332,31082,34594
17601,31083,34595
22564,31084,34596
12463,31084,34597
13253,31084,34598
2299,31084,34599
4380,31084,34600
8263,31084,34601
11237,31084,34602
43,31084,34603
5329,31084,34604
5944,31084,34605
10109,31084,34606
7804,31084,34607
8420,31084,34608
17601,31085,34609
17601,31086,34610
7369,31087,34611
18222,31087,34612
23636,31087,34613
46,31087,34614
23142,31087,34615
5733,31087,34616
15681,31087,34617
9055,31087,34618
5316,31087,34619
1482,31087,34620
10943,31088,34621
4233,31088,34622
23227,31088,34623
14163,31088,34624
23546,31088,34625
24438,31088,34626
3681,31088,34627
22501,31088,34628
10449,31088,34629
14518,31088,34630
725,31088,34631
17964,31088,34632
21011,31088,34633
21408,31088,34634
3306,31088,34635
16708,31088,34636
2801,31088,34637
17601,31089,34638
19499,31090,34639
933,31090,34640
180,31090,34641
793,31090,34642
5766,31090,34643
3695,31090,34644
2728,31090,34645
2732,31090,34646
14017,31090,34647
6397,31090,34648
1854,31090,34649
17960,31090,34650
22293,31090,34651
585,31090,34652
19488,31090,34653
15851,31090,34654
23506,31090,34655
22008,31090,34656
17601,31091,34657
5157,31092,34658
5693,31092,34659
5157,31093,34660
5693,31093,34661
4808,31094,34662
22546,31094,34663
22851,31094,34664
22967,31094,34665
22975,31094,34666
20588,31094,34667
15635,31094,34668
14952,31094,34669
23466,31094,34670
12710,31094,34671
7307,31094,34672
6352,31094,34673
1889,31094,34674
17601,31095,34675
10130,31096,34676
7656,31096,34677
2756,31096,34678
731,31096,34679
13104,31096,34680
11485,31096,34681
20220,31096,34682
13873,31096,34683
17950,31096,34684
3700,31096,34685
3724,31096,34686
4824,31096,34687
4254,31096,34688
5536,31096,34689
7163,31096,34690
19727,31096,34691
3439,31096,34692
16886,31097,34693
4306,31097,34694
2655,31097,34695
19488,31097,34696
15254,31097,34697
21242,31097,34698
2652,31097,34699
2668,31097,34700
23129,31097,34701
8494,31098,34702
8391,31098,34703
4471,31098,34704
15603,31098,34705
805,31098,34706
4788,31098,34707
4555,31098,34708
7408,31098,34709
19846,31098,34710
23897,31098,34711
23946,31098,34712
8052,31098,34713
17601,31099,34714
17601,31100,34715
17601,31101,34716
16041,31102,34717
23547,31102,34718
12213,31102,34719
16244,31102,34720
21383,31102,34721
6380,31102,34722
6560,31102,34723
10843,31102,34724
10955,31102,34725
4545,31102,34726
17601,31103,34727
17601,31104,34728
15544,31105,34729
16641,31105,34730
5862,31105,34731
18690,31105,34732
11006,31105,34733
5568,31105,34734
10360,31105,34735
10294,31105,34736
8011,31105,34737
10443,31105,34738
13421,31105,34739
12405,31105,34740
1287,31105,34741
1569,31105,34742
130,31105,34743
4345,31105,34744
19889,31105,34745
6237,31106,34746
4516,31106,34747
3217,31106,34748
3033,31106,34749
215,31106,34750
7862,31106,34751
15236,31106,34752
22161,31106,34753
22235,31106,34754
22131,31106,34755
20435,31106,34756
20307,31106,34757
17601,31107,34758
1012,31108,34759
4274,31108,34760
10340,31108,34761
21257,31108,34762
10926,31108,34763
11059,31108,34764
19647,31108,34765
24698,31108,34766
9335,31108,34767
8974,31108,34768
23178,31109,34769
20916,31109,34770
1922,31110,34771
6189,31110,34772
4188,31110,34773
22217,31110,34774
15053,31110,34775
16532,31110,34776
21825,31110,34777
13927,31110,34778
8716,31110,34779
8324,31110,34780
15816,31111,34781
13927,31111,34782
9288,31111,34783
12926,31111,34784
1653,31111,34785
5853,31111,34786
20433,31112,34787
8575,31112,34788
16599,31112,34789
16511,31112,34790
15843,31112,34791
16262,31112,34792
3938,31112,34793
4370,31112,34794
23211,31112,34795
11010,31112,34796
14332,31112,34797
1978,31112,34798
11938,31112,34799
23211,31112,34800
17601,31113,34801
4375,31114,34802
8564,31114,34803
12984,31114,34804
17073,31114,34805
13184,31114,34806
22713,31114,34807
2748,31115,34808
20458,31115,34809
3866,31115,34810
13558,31115,34811
15859,31115,34812
11938,31115,34813
11479,31115,34814
23448,31115,34815
20471,31115,34816
23702,31115,34817
18442,31115,34818
7159,31115,34819
10000,31115,34820
3563,31116,34821
286,31116,34822
863,31116,34823
15194,31116,34824
2662,31116,34825
8987,31116,34826
9810,31116,34827
7580,31116,34828
3815,31116,34829
4626,31116,34830
5546,31116,34831
6047,31116,34832
7351,31116,34833
7558,31116,34834
9864,31116,34835
10926,31116,34836
12650,31116,34837
15135,31116,34838
17601,31117,34839
17601,31118,34840
17601,31119,34841
6433,31120,34842
10834,31120,34843
10137,31120,34844
7716,31120,34845
1838,31120,34846
10824,31120,34847
12694,31120,34848
15718,31120,34849
17521,31120,34850
13200,31120,34851
17601,31121,34852
5860,31122,34853
6798,31122,34854
7616,31122,34855
4420,31123,34856
736,31124,34857
23709,31124,34858
3455,31124,34859
5009,31124,34860
12510,31124,34861
20134,31125,34862
2782,31125,34863
24658,31125,34864
22835,31125,34865
6690,31125,34866
5523,31125,34867
6495,31126,34868
22668,31126,34869
17601,31127,34870
6247,31128,34871
7811,31128,34872
17245,31128,34873
22131,31129,34874
463,31129,34875
1815,31129,34876
2107,31129,34877
3892,31129,34878
5608,31129,34879
6235,31129,34880
23423,31129,34881
11467,31129,34882
5259,31129,34883
19077,31129,34884
18586,31129,34885
17939,31129,34886
15109,31129,34887
13025,31129,34888
12903,31129,34889
19890,31129,34890
21900,31129,34891
19499,31130,34892
5386,31130,34893
17649,31130,34894
17601,31131,34895
8764,31132,34896
8589,31132,34897
13723,31132,34898
10108,31132,34899
10530,31132,34900
11510,31132,34901
15567,31132,34902
13387,31132,34903
9086,31132,34904
23531,31132,34905
8263,31132,34906
14766,31132,34907
5569,31132,34908
7846,31132,34909
23164,31132,34910
18599,31132,34911
22216,31132,34912
14359,31133,34913
22279,31133,34914
24390,31133,34915
20304,31133,34916
20929,31133,34917
17512,31133,34918
27,31133,34919
18051,31134,34920
1079,31134,34921
24282,31134,34922
9379,31135,34923
19031,31135,34924
16096,31135,34925
19810,31135,34926
21206,31135,34927
21987,31135,34928
5197,31135,34929
24541,31135,34930
23697,31135,34931
1596,31135,34932
24499,31136,34933
17004,31136,34934
14859,31136,34935
9460,31136,34936
1076,31137,34937
4175,31137,34938
8017,31137,34939
8639,31137,34940
21125,31137,34941
19298,31137,34942
5648,31137,34943
24663,31137,34944
24236,31137,34945
23414,31137,34946
22567,31137,34947
15979,31137,34948
12827,31137,34949
10722,31137,34950
17601,31138,34951
17601,31139,34952
17601,31140,34953
17601,31141,34954
18031,31142,34955
21575,31142,34956
6152,31142,34957
5523,31142,34958
7842,31142,34959
11426,31142,34960
7576,31142,34961
4897,31142,34962
2710,31142,34963
455,31142,34964
12139,31142,34965
12802,31142,34966
14009,31142,34967
16680,31142,34968
14980,31142,34969
16782,31142,34970
20536,31142,34971
21033,31142,34972
13070,31143,34973
15200,31143,34974
15040,31143,34975
18353,31143,34976
12221,31143,34977
9117,31143,34978
10977,31143,34979
8453,31143,34980
6569,31143,34981
5501,31143,34982
2789,31143,34983
20907,31143,34984
21569,31144,34985
22205,31144,34986
18823,31144,34987
22148,31144,34988
10704,31144,34989
12173,31144,34990
8671,31144,34991
10667,31144,34992
5636,31144,34993
2388,31144,34994
4204,31144,34995
5740,31144,34996
4255,31144,34997
19727,31144,34998
18559,31144,34999
18418,31144,35000
16825,31144,35001
14364,31145,35002
3362,31145,35003
15274,31145,35004
5270,31146,35005
23323,31146,35006
10039,31146,35007
2471,31146,35008
23317,31146,35009
10301,31146,35010
14223,31146,35011
9165,31146,35012
7866,31146,35013
1495,31146,35014
15843,31146,35015
17601,31147,35016
12155,31148,35017
24537,31148,35018
17601,31149,35019
8237,31150,35020
606,31150,35021
22449,31150,35022
9962,31150,35023
14744,31150,35024
18642,31150,35025
23035,31150,35026
22817,31150,35027
19955,31150,35028
13678,31150,35029
17601,31151,35030
6575,31152,35031
16149,31152,35032
15310,31152,35033
14655,31152,35034
11578,31152,35035
17601,31153,35036
21094,31154,35037
18911,31154,35038
20142,31154,35039
6963,31154,35040
7292,31154,35041
23450,31154,35042
481,31154,35043
13867,31154,35044
13935,31154,35045
5492,31154,35046
22979,31155,35047
22978,31155,35048
14830,31155,35049
2540,31155,35050
3511,31155,35051
7350,31155,35052
12678,31155,35053
10163,31155,35054
7855,31155,35055
10089,31155,35056
17601,31156,35057
4532,31157,35058
8338,31157,35059
5667,31157,35060
9128,31157,35061
1005,31157,35062
1621,31157,35063
8773,31158,35064
6039,31158,35065
9689,31158,35066
7207,31158,35067
8005,31158,35068
8077,31158,35069
7111,31158,35070
12189,31158,35071
15068,31158,35072
10243,31158,35073
12189,31158,35074
15571,31158,35075
8468,31158,35076
17691,31158,35077
5468,31158,35078
18268,31158,35079
17266,31158,35080
3966,31158,35081
23287,31159,35082
12546,31159,35083
16188,31159,35084
8803,31159,35085
4095,31159,35086
23268,31159,35087
40,31159,35088
11957,31159,35089
13992,31159,35090
11181,31159,35091
15883,31160,35092
3028,31160,35093
378,31160,35094
260,31160,35095
19713,31160,35096
23294,31160,35097
23155,31160,35098
12111,31160,35099
20269,31160,35100
5719,31160,35101
14739,31160,35102
12965,31160,35103
17601,31161,35104
8868,31162,35105
17542,31162,35106
7321,31162,35107
24753,31163,35108
1027,31163,35109
522,31163,35110
21057,31163,35111
17552,31163,35112
17601,31164,35113
16469,31165,35114
17601,31166,35115
17601,31167,35116
60,31168,35117
6631,31168,35118
16227,31168,35119
4691,31168,35120
3734,31168,35121
17601,31169,35122
19990,31170,35123
3914,31170,35124
17178,31171,35125
4113,31171,35126
22217,31171,35127
15659,31171,35128
7876,31171,35129
10727,31171,35130
12927,31171,35131
7010,31171,35132
6594,31171,35133
6463,31171,35134
6460,31171,35135
5611,31171,35136
2298,31171,35137
16899,31171,35138
6592,31171,35139
21229,31171,35140
23685,31171,35141
18151,31172,35142
3368,31172,35143
1874,31172,35144
10475,31172,35145
18098,31172,35146
24474,31172,35147
15003,31172,35148
364,31173,35149
8354,31173,35150
4322,31173,35151
3613,31173,35152
1548,31173,35153
1075,31173,35154
6783,31173,35155
1915,31173,35156
11867,31173,35157
12205,31173,35158
22747,31173,35159
17519,31173,35160
20627,31173,35161
2848,31173,35162
16618,31173,35163
14387,31173,35164
4448,31173,35165
17222,31173,35166
17601,31174,35167
22663,31175,35168
23497,31175,35169
21745,31175,35170
16106,31175,35171
16107,31175,35172
9861,31175,35173
16238,31175,35174
23403,31175,35175
4909,31175,35176
7436,31175,35177
6120,31176,35178
19138,31176,35179
11762,31176,35180
17601,31177,35181
11248,31178,35182
5356,31178,35183
5973,31178,35184
8379,31179,35185
8552,31179,35186
8553,31179,35187
19907,31179,35188
7812,31179,35189
5109,31179,35190
802,31179,35191
94,31179,35192
544,31179,35193
6766,31179,35194
17601,31180,35195
13221,31181,35196
254,31181,35197
1883,31181,35198
20096,31181,35199
18344,31181,35200
2827,31181,35201
3226,31181,35202
10553,31181,35203
14946,31181,35204
20474,31181,35205
24849,31182,35206
11735,31182,35207
13848,31182,35208
24827,31182,35209
18336,31182,35210
5779,31182,35211
6101,31182,35212
14749,31182,35213
16048,31182,35214
4587,31182,35215
5778,31182,35216
21333,31182,35217
21089,31182,35218
13927,31182,35219
1330,31182,35220
1165,31182,35221
21600,31182,35222
17601,31183,35223
9279,31184,35224
19585,31184,35225
12335,31184,35226
17541,31184,35227
15650,31184,35228
10424,31185,35229
13874,31185,35230
13240,31185,35231
10549,31185,35232
21674,31185,35233
24177,31185,35234
21366,31185,35235
19361,31185,35236
18299,31185,35237
14607,31185,35238
21496,31185,35239
21487,31185,35240
10452,31185,35241
15039,31185,35242
14760,31185,35243
16242,31185,35244
3439,31186,35245
20228,31186,35246
662,31186,35247
8204,31186,35248
2495,31187,35249
3410,31187,35250
817,31187,35251
3860,31187,35252
14214,31187,35253
219,31187,35254
11060,31187,35255
545,31187,35256
18635,31187,35257
12425,31187,35258
12374,31188,35259
6689,31188,35260
12138,31188,35261
10262,31189,35262
22774,31189,35263
9887,31189,35264
21845,31189,35265
76,31189,35266
6604,31189,35267
24854,31189,35268
12168,31189,35269
16678,31189,35270
1974,31189,35271
6566,31190,35272
13000,31190,35273
7864,31191,35274
3523,31191,35275
22506,31191,35276
5688,31191,35277
20873,31191,35278
17167,31191,35279
14868,31191,35280
7938,31191,35281
9203,31191,35282
9323,31191,35283
229,31191,35284
9289,31191,35285
17601,31192,35286
1191,31193,35287
16688,31193,35288
14827,31193,35289
23654,31193,35290
11668,31193,35291
17844,31193,35292
4897,31194,35293
12195,31194,35294
1059,31194,35295
2790,31194,35296
1637,31195,35297
10404,31195,35298
5065,31195,35299
15540,31195,35300
1005,31195,35301
21124,31195,35302
17748,31195,35303
17850,31196,35304
704,31196,35305
17965,31196,35306
24467,31196,35307
18387,31196,35308
5690,31196,35309
7361,31196,35310
8265,31196,35311
24,31196,35312
14453,31196,35313
8893,31197,35314
23735,31197,35315
17601,31198,35316
21693,31199,35317
10339,31200,35318
7606,31200,35319
16179,31200,35320
21255,31200,35321
5007,31200,35322
6023,31200,35323
14751,31200,35324
10761,31200,35325
10725,31200,35326
10466,31200,35327
3742,31200,35328
22606,31200,35329
22748,31200,35330
9438,31200,35331
2319,31200,35332
1851,31200,35333
9833,31200,35334
9720,31200,35335
1024,31200,35336
17601,31201,35337
9005,31202,35338
17601,31203,35339
13801,31204,35340
6480,31204,35341
8349,31204,35342
8543,31204,35343
3321,31204,35344
2471,31204,35345
14434,31204,35346
1536,31204,35347
13642,31204,35348
20859,31204,35349
8939,31204,35350
19984,31204,35351
14122,31204,35352
12699,31205,35353
11885,31205,35354
19258,31205,35355
17061,31205,35356
16552,31205,35357
24849,31205,35358
18328,31205,35359
17743,31205,35360
11917,31205,35361
6090,31205,35362
8748,31205,35363
5327,31205,35364
2932,31205,35365
10451,31205,35366
9665,31206,35367
10586,31206,35368
12299,31206,35369
16292,31206,35370
21054,31206,35371
9077,31206,35372
9272,31206,35373
896,31206,35374
19290,31206,35375
19583,31206,35376
16475,31207,35377
13703,31207,35378
16474,31207,35379
24652,31207,35380
17456,31207,35381
24609,31207,35382
8126,31207,35383
1772,31207,35384
15161,31207,35385
421,31207,35386
17601,31208,35387
17601,31209,35388
17601,31210,35389
17601,31211,35390
17601,31212,35391
23977,31213,35392
5373,31213,35393
3898,31213,35394
7163,31213,35395
23856,31213,35396
9709,31213,35397
14516,31213,35398
9407,31213,35399
20873,31213,35400
13499,31213,35401
16985,31213,35402
4394,31213,35403
5073,31213,35404
17601,31214,35405
17601,31215,35406
19597,31216,35407
3731,31216,35408
7114,31216,35409
6762,31216,35410
20349,31216,35411
9749,31216,35412
3538,31216,35413
10199,31216,35414
21074,31216,35415
10704,31216,35416
19009,31216,35417
19906,31216,35418
17601,31217,35419
20111,31218,35420
9474,31218,35421
12056,31218,35422
11278,31218,35423
9681,31218,35424
8501,31218,35425
19350,31218,35426
15191,31218,35427
7870,31218,35428
14482,31218,35429
17601,31219,35430
17601,31220,35431
11226,31221,35432
14839,31221,35433
21685,31221,35434
6982,31221,35435
10519,31221,35436
18495,31222,35437
21173,31222,35438
1578,31222,35439
2724,31222,35440
22461,31222,35441
2100,31222,35442
19579,31222,35443
13561,31222,35444
14282,31222,35445
12806,31222,35446
17601,31223,35447
17979,31224,35448
1833,31224,35449
7982,31224,35450
10475,31225,35451
21927,31225,35452
18143,31225,35453
18979,31225,35454
11632,31225,35455
21988,31225,35456
1284,31225,35457
23640,31225,35458
23865,31225,35459
13146,31225,35460
12953,31225,35461
16603,31225,35462
20157,31225,35463
17601,31226,35464
17601,31227,35465
3501,31228,35466
8690,31228,35467
9233,31228,35468
4382,31228,35469
15451,31228,35470
17208,31228,35471
6167,31228,35472
5787,31228,35473
8345,31228,35474
56,31228,35475
19385,31228,35476
19357,31228,35477
19325,31228,35478
135,31228,35479
19602,31228,35480
18774,31228,35481
4386,31228,35482
18643,31228,35483
11177,31229,35484
16513,31229,35485
8093,31229,35486
1577,31229,35487
3378,31229,35488
8542,31229,35489
15172,31230,35490
3285,31230,35491
14527,31230,35492
6631,31230,35493
11352,31230,35494
11778,31230,35495
1525,31230,35496
13145,31230,35497
10911,31230,35498
10353,31230,35499
22573,31230,35500
19971,31230,35501
24658,31230,35502
17422,31230,35503
12648,31230,35504
2303,31230,35505
8980,31230,35506
14411,31231,35507
4875,31231,35508
4181,31231,35509
7317,31231,35510
7846,31231,35511
16011,31231,35512
13787,31231,35513
14996,31231,35514
16993,31231,35515
14921,31231,35516
17759,31231,35517
22455,31231,35518
12075,31231,35519
16864,31231,35520
9284,31231,35521
11676,31231,35522
11351,31231,35523
1089,31231,35524
3698,31231,35525
24624,31232,35526
23979,31232,35527
15662,31232,35528
9973,31232,35529
1072,31232,35530
12327,31232,35531
14142,31232,35532
10854,31232,35533
10810,31232,35534
4771,31232,35535
4772,31232,35536
10820,31232,35537
329,31232,35538
17601,31233,35539
2119,31234,35540
20342,31234,35541
5800,31234,35542
3411,31234,35543
8436,31234,35544
10858,31234,35545
11511,31234,35546
6474,31234,35547
16821,31234,35548
12308,31234,35549
2425,31234,35550
24345,31234,35551
22230,31234,35552
22278,31234,35553
20530,31234,35554
11654,31234,35555
11655,31234,35556
763,31234,35557
8436,31235,35558
3096,31236,35559
3707,31236,35560
2983,31236,35561
5733,31236,35562
7028,31236,35563
7532,31236,35564
8145,31236,35565
9055,31236,35566
13949,31236,35567
23938,31236,35568
2305,31236,35569
14062,31236,35570
22554,31236,35571
22928,31236,35572
10831,31237,35573
8444,31237,35574
8082,31237,35575
9835,31237,35576
2722,31237,35577
3515,31237,35578
15411,31237,35579
14851,31237,35580
22577,31237,35581
24625,31237,35582
12670,31238,35583
19259,31238,35584
13242,31238,35585
14995,31238,35586
20782,31238,35587
9662,31238,35588
22009,31238,35589
22438,31238,35590
8818,31238,35591
12189,31238,35592
16463,31239,35593
13270,31239,35594
2535,31239,35595
17601,31240,35596
17601,31241,35597
17601,31242,35598
10374,31243,35599
22313,31243,35600
921,31244,35601
3796,31244,35602
5306,31244,35603
24344,31244,35604
12374,31244,35605
11866,31244,35606
11257,31244,35607
12802,31244,35608
3613,31244,35609
5891,31244,35610
23937,31244,35611
7668,31244,35612
24849,31244,35613
13434,31244,35614
13031,31244,35615
6720,31244,35616
22000,31244,35617
6175,31244,35618
16691,31245,35619
11187,31245,35620
9002,31245,35621
9757,31245,35622
4370,31245,35623
6366,31246,35624
10806,31246,35625
24451,31246,35626
1847,31246,35627
9200,31246,35628
23938,31246,35629
23987,31246,35630
19767,31246,35631
18055,31246,35632
17601,31247,35633
17601,31248,35634
17601,31249,35635
17601,31250,35636
17601,31251,35637
928,31252,35638
5918,31252,35639
10642,31252,35640
16728,31252,35641
19978,31252,35642
4608,31252,35643
20683,31252,35644
14824,31252,35645
14397,31252,35646
11110,31252,35647
22589,31252,35648
22786,31252,35649
8848,31252,35650
21037,31252,35651
11506,31253,35652
9284,31253,35653
6915,31253,35654
5396,31253,35655
1066,31253,35656
160,31253,35657
2728,31253,35658
2332,31253,35659
11845,31253,35660
4824,31253,35661
4950,31253,35662
5861,31253,35663
6712,31253,35664
9293,31253,35665
9639,31253,35666
10389,31253,35667
10686,31253,35668
6622,31253,35669
6844,31253,35670
1886,31253,35671
17601,31254,35672
2880,31255,35673
6622,31255,35674
15277,31255,35675
13497,31256,35676
22198,31256,35677
16396,31256,35678
10698,31256,35679
18491,31256,35680
3861,31256,35681
8096,31256,35682
2228,31256,35683
7499,31256,35684
17904,31256,35685
6113,31257,35686
9389,31257,35687
23683,31257,35688
5543,31257,35689
12791,31257,35690
16078,31257,35691
20877,31257,35692
18335,31257,35693
13951,31257,35694
17078,31257,35695
5244,31257,35696
12507,31257,35697
16729,31257,35698
8389,31257,35699
5799,31257,35700
5255,31257,35701
17601,31258,35702
3281,31259,35703
1788,31260,35704
4620,31260,35705
18886,31260,35706
4562,31260,35707
6226,31260,35708
9721,31260,35709
13436,31260,35710
14384,31260,35711
11748,31260,35712
12475,31260,35713
18803,31260,35714
14521,31260,35715
16559,31260,35716
6024,31260,35717
8035,31260,35718
803,31260,35719
20324,31260,35720
7056,31261,35721
16968,31261,35722
12091,31262,35723
497,31262,35724
6339,31262,35725
11452,31262,35726
7589,31262,35727
536,31262,35728
7832,31262,35729
8694,31262,35730
12321,31262,35731
3732,31262,35732
9807,31262,35733
9180,31262,35734
15148,31262,35735
1235,31262,35736
11451,31262,35737
7092,31262,35738
15431,31262,35739
11478,31262,35740
17601,31263,35741
12455,31264,35742
13512,31264,35743
16279,31264,35744
12084,31264,35745
13403,31264,35746
8077,31264,35747
7209,31264,35748
18208,31264,35749
8564,31264,35750
2163,31264,35751
4084,31264,35752
6274,31264,35753
2677,31264,35754
5938,31264,35755
5600,31264,35756
16390,31264,35757
7173,31264,35758
2163,31265,35759
5600,31265,35760
2677,31265,35761
4084,31265,35762
8077,31265,35763
7209,31265,35764
20739,31265,35765
19609,31265,35766
15766,31265,35767
16279,31265,35768
12455,31265,35769
13512,31265,35770
11071,31265,35771
8564,31265,35772
18458,31265,35773
7013,31265,35774
2163,31266,35775
13512,31266,35776
2677,31266,35777
7209,31266,35778
6592,31266,35779
8564,31266,35780
20739,31266,35781
16851,31266,35782
20805,31266,35783
4286,31266,35784
18458,31266,35785
16279,31266,35786
16471,31266,35787
11272,31267,35788
635,31268,35789
7189,31268,35790
20159,31268,35791
16182,31268,35792
22210,31268,35793
11789,31268,35794
11570,31268,35795
9397,31268,35796
14654,31268,35797
20934,31268,35798
17601,31269,35799
17601,31270,35800
17601,31271,35801
15165,31272,35802
8863,31272,35803
8486,31272,35804
8867,31272,35805
6384,31272,35806
16089,31272,35807
15487,31272,35808
11889,31272,35809
5100,31272,35810
7161,31272,35811
6581,31273,35812
11381,31273,35813
3625,31274,35814
2284,31274,35815
9901,31274,35816
9118,31274,35817
7932,31274,35818
21649,31274,35819
16666,31274,35820
14554,31274,35821
17601,31275,35822
17601,31276,35823
4073,31277,35824
15016,31277,35825
22915,31277,35826
1935,31278,35827
22241,31278,35828
2710,31278,35829
7899,31278,35830
9067,31278,35831
13560,31278,35832
10039,31278,35833
6910,31278,35834
18424,31278,35835
6622,31278,35836
14288,31278,35837
14205,31278,35838
17322,31278,35839
21164,31278,35840
18917,31278,35841
17985,31278,35842
4312,31278,35843
12204,31278,35844
22218,31278,35845
24425,31279,35846
19709,31279,35847
8941,31279,35848
9784,31279,35849
9384,31279,35850
9638,31279,35851
19831,31279,35852
4232,31279,35853
24509,31279,35854
17601,31280,35855
690,31281,35856
11904,31281,35857
14785,31281,35858
15217,31281,35859
13329,31281,35860
20969,31281,35861
15672,31281,35862
790,31281,35863
1327,31281,35864
18555,31281,35865
21903,31281,35866
20750,31281,35867
21304,31281,35868
7193,31281,35869
3793,31281,35870
4614,31281,35871
6476,31281,35872
3593,31281,35873
11855,31282,35874
21543,31282,35875
17601,31283,35876
3180,31284,35877
13249,31284,35878
15430,31284,35879
4412,31284,35880
20039,31284,35881
18587,31284,35882
24375,31284,35883
20707,31284,35884
15452,31284,35885
11993,31284,35886
10253,31285,35887
19891,31285,35888
11718,31285,35889
14543,31285,35890
19454,31285,35891
7917,31285,35892
8601,31285,35893
24282,31285,35894
23531,31285,35895
17351,31285,35896
11788,31285,35897
14862,31285,35898
17689,31286,35899
8917,31286,35900
18734,31286,35901
10861,31286,35902
21059,31286,35903
23309,31286,35904
23811,31286,35905
12385,31286,35906
20527,31286,35907
13028,31286,35908
15733,31286,35909
7857,31286,35910
1247,31286,35911
20357,31287,35912
22455,31287,35913
17601,31288,35914
15420,31289,35915
992,31289,35916
17628,31289,35917
12287,31289,35918
1021,31289,35919
5282,31289,35920
5741,31289,35921
2656,31289,35922
6896,31289,35923
9705,31289,35924
18902,31290,35925
21844,31290,35926
18194,31290,35927
6546,31290,35928
10477,31290,35929
8902,31290,35930
8133,31290,35931
16437,31290,35932
4843,31290,35933
24193,31290,35934
12026,31290,35935
14131,31290,35936
11918,31290,35937
17010,31291,35938
16097,31291,35939
12807,31291,35940
17281,31291,35941
21693,31291,35942
15384,31291,35943
21696,31291,35944
22656,31291,35945
23498,31291,35946
22654,31291,35947
22545,31291,35948
24589,31291,35949
17601,31292,35950
20736,31293,35951
5653,31293,35952
11170,31293,35953
14204,31293,35954
23691,31293,35955
1504,31293,35956
21263,31293,35957
21644,31293,35958
18070,31293,35959
20975,31293,35960
23651,31294,35961
16461,31294,35962
21625,31294,35963
23665,31294,35964
8496,31294,35965
6005,31294,35966
9212,31294,35967
24275,31294,35968
3448,31294,35969
15288,31294,35970
5002,31295,35971
4585,31295,35972
4691,31295,35973
4725,31295,35974
3273,31295,35975
19195,31295,35976
19023,31295,35977
18606,31295,35978
18442,31295,35979
15034,31295,35980
13844,31295,35981
18755,31295,35982
5032,31295,35983
2259,31295,35984
11899,31295,35985
7524,31295,35986
10635,31295,35987
20702,31295,35988
10837,31296,35989
11382,31296,35990
11280,31296,35991
13138,31296,35992
23539,31296,35993
6841,31296,35994
12801,31296,35995
945,31296,35996
4936,31296,35997
13562,31296,35998
17473,31296,35999
10575,31296,36000
7115,31296,36001
24428,31296,36002
22516,31297,36003
18405,31297,36004
19955,31297,36005
17541,31297,36006
18113,31297,36007
21090,31297,36008
12492,31297,36009
17601,31298,36010
1059,31299,36011
23787,31299,36012
15296,31299,36013
13783,31299,36014
16748,31299,36015
8026,31299,36016
16816,31299,36017
19198,31299,36018
20440,31299,36019
21204,31299,36020
23921,31299,36021
4006,31299,36022
6865,31299,36023
13760,31299,36024
2837,31299,36025
7525,31299,36026
8292,31299,36027
9628,31300,36028
23524,31300,36029
13126,31300,36030
21176,31301,36031
9310,31301,36032
17477,31301,36033
19241,31301,36034
18578,31301,36035
22553,31301,36036
22976,31301,36037
21168,31301,36038
13501,31301,36039
20620,31301,36040
9473,31301,36041
4724,31302,36042
4887,31302,36043
5146,31302,36044
13575,31302,36045
16813,31302,36046
3999,31302,36047
3243,31302,36048
17331,31302,36049
1980,31302,36050
8304,31302,36051
8981,31302,36052
13192,31302,36053
12783,31302,36054
11340,31302,36055
9930,31302,36056
7183,31302,36057
18668,31302,36058
17601,31303,36059
17601,31304,36060
16683,31305,36061
6091,31305,36062
17807,31306,36063
19645,31306,36064
20802,31306,36065
2553,31306,36066
17139,31306,36067
8950,31306,36068
7721,31306,36069
8392,31306,36070
24706,31306,36071
5423,31306,36072
6853,31306,36073
17601,31307,36074
1006,31308,36075
2630,31308,36076
2676,31308,36077
3031,31308,36078
5544,31308,36079
5073,31308,36080
1627,31308,36081
7263,31308,36082
11754,31308,36083
12984,31308,36084
5581,31308,36085
4564,31308,36086
16153,31308,36087
17622,31308,36088
200,31309,36089
13053,31309,36090
16389,31309,36091
17809,31309,36092
6637,31309,36093
7356,31309,36094
11575,31309,36095
11612,31309,36096
6769,31309,36097
20411,31309,36098
20872,31309,36099
24787,31309,36100
16998,31309,36101
5254,31309,36102
23158,31309,36103
6678,31309,36104
17601,31310,36105
23560,31311,36106
19193,31311,36107
5776,31311,36108
24289,31312,36109
14044,31312,36110
17601,31313,36111
17601,31314,36112
17601,31315,36113
16252,31316,36114
12977,31316,36115
13358,31317,36116
12513,31317,36117
6143,31317,36118
929,31318,36119
21716,31318,36120
14630,31318,36121
14898,31319,36122
18312,31319,36123
18466,31319,36124
4865,31319,36125
8066,31319,36126
12550,31319,36127
14089,31319,36128
7097,31319,36129
18951,31319,36130
24072,31319,36131
1564,31320,36132
10542,31320,36133
24211,31320,36134
18559,31321,36135
3937,31321,36136
1471,31321,36137
21046,31321,36138
17601,31322,36139
17601,31323,36140
17601,31324,36141
11637,31325,36142
13771,31325,36143
14664,31325,36144
4747,31325,36145
23998,31325,36146
5954,31326,36147
10700,31326,36148
7140,31326,36149
19868,31326,36150
22166,31326,36151
16493,31326,36152
22562,31326,36153
23665,31326,36154
24272,31326,36155
12958,31326,36156
11419,31327,36157
19818,31327,36158
10950,31327,36159
20262,31327,36160
22121,31327,36161
24119,31327,36162
23521,31327,36163
24368,31327,36164
184,31327,36165
4472,31327,36166
3582,31327,36167
5244,31327,36168
9584,31327,36169
19685,31327,36170
18217,31327,36171
16174,31327,36172
11899,31327,36173
11996,31327,36174
12198,31327,36175
17601,31328,36176
19066,31329,36177
14110,31329,36178
17409,31329,36179
70,31329,36180
667,31329,36181
8568,31329,36182
10406,31329,36183
11246,31329,36184
11651,31329,36185
23674,31329,36186
10684,31330,36187
18891,31330,36188
13730,31330,36189
23682,31331,36190
15857,31331,36191
8263,31331,36192
17601,31332,36193
17601,31333,36194
24323,31334,36195
13683,31334,36196
22691,31334,36197
6642,31334,36198
3545,31334,36199
2635,31334,36200
7600,31334,36201
21267,31334,36202
18285,31334,36203
14790,31334,36204
5918,31335,36205
1801,31335,36206
20703,31335,36207
15154,31336,36208
4228,31336,36209
21178,31336,36210
6395,31337,36211
16736,31337,36212
15278,31337,36213
6722,31338,36214
9606,31338,36215
14163,31338,36216
6516,31338,36217
1689,31338,36218
4610,31338,36219
4018,31338,36220
16837,31338,36221
17035,31338,36222
24258,31338,36223
645,31338,36224
98,31338,36225
2769,31338,36226
17601,31339,36227
17601,31340,36228
1969,31341,36229
3436,31341,36230
2308,31341,36231
1040,31341,36232
552,31341,36233
16295,31341,36234
14421,31341,36235
16971,31341,36236
5226,31341,36237
8727,31341,36238
13834,31341,36239
7140,31341,36240
5994,31341,36241
20099,31341,36242
23721,31342,36243
23967,31342,36244
17275,31342,36245
13058,31342,36246
13091,31342,36247
6066,31342,36248
6616,31342,36249
5338,31342,36250
4113,31342,36251
478,31342,36252
14605,31343,36253
10458,31343,36254
15803,31343,36255
17601,31344,36256
9505,31345,36257
3372,31345,36258
3164,31345,36259
671,31345,36260
4073,31345,36261
6622,31345,36262
9266,31345,36263
14481,31345,36264
53,31345,36265
3663,31345,36266
13577,31345,36267
13157,31345,36268
11757,31345,36269
10271,31345,36270
10535,31345,36271
11496,31345,36272
11539,31345,36273
14209,31345,36274
13962,31345,36275
17601,31346,36276
17601,31347,36277
17601,31348,36278
3641,31349,36279
22445,31349,36280
14535,31349,36281
15077,31349,36282
13720,31349,36283
20227,31349,36284
20742,31349,36285
8021,31349,36286
8425,31349,36287
11689,31349,36288
16983,31349,36289
17601,31350,36290
1055,31351,36291
6170,31351,36292
10578,31351,36293
4897,31352,36294
1861,31352,36295
5924,31352,36296
2245,31353,36297
3940,31353,36298
807,31353,36299
12094,31353,36300
9914,31353,36301
15023,31353,36302
11105,31353,36303
12085,31353,36304
8824,31353,36305
17601,31354,36306
17601,31355,36307
3363,31356,36308
14851,31356,36309
5437,31356,36310
1497,31356,36311
11300,31356,36312
986,31356,36313
24830,31356,36314
23894,31356,36315
15731,31356,36316
23879,31356,36317
8562,31357,36318
21089,31357,36319
16845,31358,36320
6689,31358,36321
7581,31358,36322
1177,31358,36323
7580,31358,36324
8018,31359,36325
16876,31359,36326
13404,31359,36327
13481,31360,36328
21602,31360,36329
7234,31360,36330
11095,31361,36331
11987,31361,36332
10678,31361,36333
21053,31361,36334
19487,31361,36335
22268,31361,36336
9636,31361,36337
13730,31361,36338
12187,31361,36339
804,31361,36340
4691,31361,36341
7616,31361,36342
481,31361,36343
15933,31361,36344
2884,31362,36345
6582,31362,36346
17601,31363,36347
21713,31364,36348
310,31364,36349
831,31364,36350
19805,31364,36351
21374,31364,36352
20677,31364,36353
19071,31364,36354
2090,31364,36355
18158,31364,36356
5786,31364,36357
3151,31364,36358
18536,31364,36359
2486,31365,36360
5312,31365,36361
23883,31365,36362
5038,31365,36363
6070,31365,36364
14175,31365,36365
19874,31365,36366
11066,31365,36367
12031,31365,36368
5528,31365,36369
7506,31365,36370
14749,31366,36371
21681,31366,36372
3114,31366,36373
3107,31366,36374
11899,31366,36375
10654,31366,36376
16845,31366,36377
17601,31367,36378
15469,31368,36379
3253,31368,36380
9973,31368,36381
1478,31368,36382
21451,31368,36383
8206,31368,36384
9979,31368,36385
16692,31368,36386
16018,31368,36387
16420,31368,36388
10627,31368,36389
2896,31368,36390
20986,31368,36391
21714,31368,36392
3825,31369,36393
12323,31369,36394
19648,31369,36395
15426,31369,36396
11729,31369,36397
15063,31369,36398
596,31369,36399
19888,31369,36400
14329,31369,36401
17601,31370,36402
11532,31371,36403
21008,31371,36404
6478,31371,36405
13902,31371,36406
21547,31371,36407
5147,31371,36408
15884,31371,36409
15839,31371,36410
2972,31371,36411
2425,31371,36412
1326,31371,36413
7901,31371,36414
8398,31371,36415
23432,31371,36416
3019,31371,36417
17601,31372,36418
2595,31373,36419
16089,31373,36420
7044,31373,36421
238,31373,36422
2527,31373,36423
10913,31373,36424
4589,31373,36425
16855,31373,36426
20150,31373,36427
1763,31373,36428
10721,31373,36429
14494,31373,36430
11371,31373,36431
8143,31373,36432
9267,31373,36433
10284,31373,36434
15804,31373,36435
17728,31374,36436
3659,31374,36437
19488,31374,36438
10622,31374,36439
10420,31374,36440
5531,31374,36441
2895,31374,36442
11181,31374,36443
12725,31374,36444
12242,31374,36445
4252,31374,36446
13935,31374,36447
16682,31374,36448
13867,31374,36449
13844,31374,36450
21570,31374,36451
11056,31375,36452
1282,31375,36453
10451,31375,36454
17822,31375,36455
4012,31375,36456
22424,31375,36457
20910,31375,36458
22303,31375,36459
5451,31375,36460
4310,31375,36461
152,31375,36462
4848,31375,36463
7176,31375,36464
14433,31375,36465
15164,31375,36466
14738,31375,36467
2336,31375,36468
8378,31375,36469
1369,31375,36470
2945,31375,36471
17601,31376,36472
17601,31377,36473
17601,31378,36474
17601,31379,36475
11012,31380,36476
3192,31380,36477
22257,31380,36478
23969,31381,36479
23633,31381,36480
18854,31381,36481
15444,31381,36482
15363,31381,36483
5165,31381,36484
21230,31381,36485
20984,31381,36486
19389,31381,36487
19025,31381,36488
15758,31382,36489
9702,31382,36490
12885,31382,36491
13565,31382,36492
11432,31382,36493
15665,31382,36494
9302,31382,36495
8999,31382,36496
12267,31382,36497
1352,31382,36498
1735,31382,36499
2192,31382,36500
6836,31382,36501
6751,31382,36502
7491,31382,36503
1098,31382,36504
17601,31383,36505
17601,31384,36506
16773,31385,36507
17357,31385,36508
1313,31385,36509
24411,31385,36510
18851,31385,36511
21193,31385,36512
8809,31386,36513
10407,31386,36514
11240,31386,36515
11682,31386,36516
16967,31386,36517
14766,31386,36518
19783,31386,36519
17871,31386,36520
24809,31386,36521
20036,31386,36522
7807,31387,36523
9669,31387,36524
9680,31387,36525
12649,31387,36526
747,31387,36527
1341,31387,36528
6556,31387,36529
5857,31387,36530
5446,31387,36531
5370,31387,36532
4844,31387,36533
4652,31387,36534
4376,31387,36535
6668,31387,36536
13356,31387,36537
2929,31387,36538
2655,31387,36539
2179,31387,36540
1843,31388,36541
1984,31388,36542
7147,31388,36543
3247,31388,36544
15445,31388,36545
19257,31388,36546
15666,31388,36547
18306,31388,36548
24844,31388,36549
24840,31388,36550
18801,31388,36551
17601,31389,36552
123,31390,36553
2622,31390,36554
3439,31390,36555
3496,31390,36556
3700,31390,36557
3734,31390,36558
23315,31390,36559
8913,31390,36560
11895,31390,36561
10335,31390,36562
13571,31390,36563
12993,31390,36564
17709,31390,36565
4286,31390,36566
23920,31390,36567
22392,31390,36568
4665,31390,36569
9347,31390,36570
10317,31391,36571
11955,31391,36572
12966,31391,36573
13434,31391,36574
866,31391,36575
6710,31391,36576
24022,31391,36577
14406,31391,36578
19899,31391,36579
20977,31391,36580
16189,31392,36581
10923,31392,36582
10521,31392,36583
18863,31392,36584
24155,31392,36585
23627,31392,36586
20365,31392,36587
635,31392,36588
6474,31392,36589
9164,31392,36590
3129,31393,36591
969,31393,36592
3958,31393,36593
5422,31393,36594
17088,31394,36595
20789,31394,36596
18165,31394,36597
16846,31395,36598
21235,31395,36599
14016,31395,36600
5556,31395,36601
4298,31395,36602
11624,31395,36603
22669,31395,36604
24616,31395,36605
12572,31395,36606
17601,31396,36607
8779,31397,36608
20040,31397,36609
18293,31398,36610
19473,31398,36611
20763,31398,36612
10815,31398,36613
6271,31398,36614
9496,31398,36615
12293,31398,36616
20226,31398,36617
11490,31398,36618
13977,31398,36619
3871,31399,36620
17941,31399,36621
5955,31399,36622
1537,31399,36623
22315,31399,36624
22061,31399,36625
22805,31399,36626
23999,31399,36627
20221,31399,36628
9977,31399,36629
17601,31400,36630
18631,31401,36631
9628,31401,36632
17729,31401,36633
18460,31402,36634
19259,31402,36635
7656,31402,36636
6143,31403,36637
4073,31403,36638
15896,31403,36639
17601,31404,36640
22675,31405,36641
14534,31405,36642
17613,31405,36643
539,31405,36644
22146,31405,36645
10032,31405,36646
8147,31405,36647
13998,31405,36648
2604,31405,36649
14762,31405,36650
1025,31405,36651
11618,31405,36652
17601,31406,36653
11730,31407,36654
24798,31407,36655
18830,31407,36656
17601,31408,36657
17601,31409,36658
13218,31410,36659
16008,31410,36660
4177,31410,36661
17020,31410,36662
17023,31410,36663
2871,31410,36664
3210,31411,36665
23805,31411,36666
20508,31411,36667
10332,31411,36668
15685,31412,36669
2196,31412,36670
6238,31412,36671
14603,31412,36672
12871,31412,36673
12841,31413,36674
9872,31413,36675
7285,31414,36676
1938,31414,36677
2550,31414,36678
17905,31414,36679
24767,31414,36680
24829,31414,36681
20582,31414,36682
21870,31414,36683
8690,31414,36684
7472,31414,36685
15316,31414,36686
15577,31414,36687
7652,31414,36688
20643,31415,36689
11479,31415,36690
4956,31415,36691
15150,31416,36692
18161,31416,36693
1915,31416,36694
13582,31416,36695
3448,31416,36696
10525,31416,36697
4083,31416,36698
151,31416,36699
15737,31416,36700
4132,31416,36701
6258,31416,36702
15059,31416,36703
14826,31416,36704
10382,31416,36705
4893,31416,36706
13865,31416,36707
16996,31416,36708
17601,31417,36709
17601,31418,36710
7431,31419,36711
11430,31419,36712
22128,31419,36713
15095,31420,36714
18947,31420,36715
21440,31420,36716
542,31420,36717
6301,31420,36718
7679,31420,36719
14501,31420,36720
23692,31421,36721
16688,31421,36722
10850,31421,36723
9439,31421,36724
20089,31421,36725
21310,31421,36726
12514,31421,36727
3102,31421,36728
489,31421,36729
11846,31421,36730
3701,31421,36731
3919,31421,36732
4402,31421,36733
17601,31422,36734
17601,31423,36735
585,31424,36736
13810,31424,36737
17601,31425,36738
15455,31426,36739
8137,31426,36740
3541,31426,36741
2076,31426,36742
8842,31426,36743
14851,31426,36744
10832,31426,36745
20388,31426,36746
16634,31426,36747
22095,31426,36748
23732,31427,36749
11320,31427,36750
9874,31427,36751
19530,31427,36752
10510,31427,36753
22263,31427,36754
16024,31427,36755
12606,31427,36756
21046,31427,36757
2058,31427,36758
3575,31428,36759
3507,31428,36760
18131,31428,36761
21499,31428,36762
17074,31428,36763
11686,31428,36764
11024,31428,36765
8792,31428,36766
5848,31428,36767
5663,31428,36768
15845,31428,36769
20937,31428,36770
1707,31428,36771
2466,31428,36772
4711,31428,36773
12375,31428,36774
2682,31428,36775
17601,31429,36776
17601,31430,36777
23064,31431,36778
23842,31431,36779
7000,31431,36780
10661,31431,36781
5918,31431,36782
3129,31431,36783
388,31431,36784
1821,31431,36785
19609,31431,36786
20854,31431,36787
13309,31431,36788
4106,31431,36789
13844,31431,36790
14417,31431,36791
17167,31431,36792
18330,31431,36793
3991,31431,36794
24769,31432,36795
22785,31432,36796
21735,31432,36797
12476,31432,36798
11217,31432,36799
7473,31432,36800
6844,31432,36801
13844,31432,36802
23788,31432,36803
17167,31432,36804
13950,31432,36805
1916,31432,36806
723,31432,36807
6094,31432,36808
19733,31432,36809
3321,31432,36810
5355,31432,36811
17601,31433,36812
4196,31434,36813
24000,31434,36814
8338,31435,36815
15911,31435,36816
1514,31435,36817
488,31435,36818
13502,31435,36819
10771,31435,36820
8427,31435,36821
21925,31435,36822
6809,31435,36823
5530,31435,36824
8514,31436,36825
20863,31436,36826
23428,31436,36827
6689,31437,36828
17415,31437,36829
3898,31437,36830
18051,31438,36831
1536,31438,36832
9942,31439,36833
3134,31439,36834
4055,31439,36835
4873,31439,36836
12814,31439,36837
10354,31439,36838
14481,31439,36839
13213,31439,36840
10130,31439,36841
2663,31439,36842
9586,31439,36843
9206,31439,36844
7479,31439,36845
12177,31439,36846
11489,31439,36847
41,31439,36848
7310,31439,36849
17601,31440,36850
8213,31441,36851
23670,31441,36852
22972,31441,36853
5356,31442,36854
5306,31442,36855
18171,31443,36856
1461,31443,36857
17887,31443,36858
4696,31443,36859
17048,31443,36860
15759,31443,36861
9845,31443,36862
8554,31443,36863
7775,31443,36864
6768,31443,36865
17601,31444,36866
19750,31445,36867
19724,31445,36868
19761,31445,36869
9676,31445,36870
20706,31445,36871
22825,31445,36872
22944,31445,36873
4643,31445,36874
15538,31445,36875
3374,31445,36876
13588,31445,36877
16200,31445,36878
719,31445,36879
2749,31445,36880
9530,31445,36881
183,31445,36882
14761,31446,36883
21368,31446,36884
5378,31447,36885
7907,31447,36886
4675,31447,36887
13118,31447,36888
8934,31448,36889
19943,31448,36890
11206,31448,36891
4493,31448,36892
24805,31448,36893
12798,31448,36894
17601,31449,36895
3491,31450,36896
11186,31450,36897
13323,31450,36898
15245,31450,36899
18353,31450,36900
19176,31450,36901
21556,31450,36902
22566,31450,36903
10000,31450,36904
2619,31450,36905
5056,31450,36906
4490,31450,36907
4412,31450,36908
3598,31450,36909
5583,31450,36910
11089,31450,36911
6592,31450,36912
13294,31450,36913
4392,31451,36914
15101,31451,36915
4402,31451,36916
15009,31451,36917
7022,31451,36918
12072,31451,36919
16461,31451,36920
16908,31451,36921
2136,31451,36922
2137,31451,36923
3325,31451,36924
11843,31451,36925
13259,31451,36926
19386,31451,36927
18735,31451,36928
6110,31451,36929
14313,31451,36930
17601,31452,36931
17601,31453,36932
11408,31454,36933
17185,31454,36934
20808,31454,36935
12038,31454,36936
10178,31454,36937
7959,31455,36938
24000,31455,36939
23765,31455,36940
17601,31456,36941
17601,31457,36942
23861,31458,36943
10484,31458,36944
15299,31459,36945
6455,31459,36946
18180,31459,36947
18596,31459,36948
18014,31459,36949
15943,31459,36950
17091,31459,36951
9763,31459,36952
20042,31459,36953
14570,31459,36954
12132,31459,36955
5410,31459,36956
21362,31459,36957
15280,31459,36958
23363,31459,36959
6323,31459,36960
3312,31459,36961
10968,31459,36962
2956,31460,36963
19138,31460,36964
15853,31460,36965
20737,31460,36966
1861,31461,36967
9695,31461,36968
842,31461,36969
18779,31461,36970
10868,31462,36971
10251,31462,36972
8765,31462,36973
16370,31462,36974
16279,31462,36975
16185,31462,36976
15417,31462,36977
14237,31462,36978
5082,31462,36979
643,31462,36980
124,31462,36981
11368,31462,36982
5652,31462,36983
5848,31462,36984
6207,31462,36985
6950,31462,36986
12899,31462,36987
12156,31462,36988
17601,31463,36989
11607,31464,36990
139,31464,36991
18658,31465,36992
16644,31465,36993
21562,31465,36994
478,31465,36995
1059,31465,36996
2489,31465,36997
13336,31465,36998
5872,31465,36999
16564,31465,37000
20329,31465,37001
4181,31465,37002
22972,31465,37003
15500,31465,37004
11569,31465,37005
8661,31465,37006
6298,31465,37007
9166,31465,37008
17601,31466,37009
17601,31467,37010
11818,31468,37011
22305,31468,37012
6037,31468,37013
10059,31468,37014
4104,31468,37015
6026,31468,37016
14878,31468,37017
6282,31468,37018
15440,31468,37019
14044,31468,37020
17601,31469,37021
17601,31470,37022
7172,31471,37023
10000,31471,37024
10684,31471,37025
17601,31472,37026
23679,31473,37027
11137,31473,37028
16659,31473,37029
6314,31474,37030
16371,31474,37031
14672,31474,37032
18188,31475,37033
410,31476,37034
23221,31476,37035
19568,31477,37036
21235,31477,37037
23129,31477,37038
8404,31477,37039
11938,31477,37040
12173,31477,37041
519,31477,37042
4073,31477,37043
7944,31477,37044
18130,31478,37045
19413,31478,37046
11843,31478,37047
12291,31479,37048
981,31479,37049
9217,31479,37050
2516,31479,37051
4959,31479,37052
9482,31479,37053
21700,31479,37054
23995,31479,37055
12689,31479,37056
15013,31479,37057
17601,31480,37058
15353,31481,37059
21302,31481,37060
23669,31481,37061
4104,31482,37062
1288,31482,37063
20221,31482,37064
18492,31482,37065
1811,31482,37066
6630,31482,37067
10365,31482,37068
12400,31482,37069
13861,31482,37070
10458,31482,37071
17975,31482,37072
4882,31483,37073
8796,31483,37074
2236,31483,37075
2948,31483,37076
208,31483,37077
23207,31483,37078
8978,31483,37079
20889,31483,37080
15045,31483,37081
8201,31483,37082
5658,31484,37083
7298,31484,37084
4385,31484,37085
1821,31484,37086
18364,31484,37087
19235,31484,37088
19850,31484,37089
14554,31484,37090
14373,31484,37091
10606,31484,37092
11987,31484,37093
5975,31485,37094
5131,31485,37095
10694,31485,37096
13968,31485,37097
15828,31485,37098
22237,31485,37099
23585,31485,37100
4967,31485,37101
23874,31485,37102
2584,31485,37103
24248,31485,37104
24253,31486,37105
4181,31486,37106
10622,31486,37107
24057,31487,37108
434,31487,37109
16203,31487,37110
12908,31487,37111
18350,31487,37112
16835,31487,37113
12417,31487,37114
11504,31487,37115
21138,31487,37116
22291,31487,37117
4240,31487,37118
3392,31487,37119
11109,31487,37120
17162,31488,37121
7201,31489,37122
2902,31489,37123
17162,31489,37124
1801,31490,37125
12514,31490,37126
15184,31491,37127
16033,31491,37128
16055,31491,37129
10234,31491,37130
16956,31491,37131
13744,31491,37132
4812,31491,37133
912,31491,37134
1224,31491,37135
2232,31491,37136
3522,31491,37137
5317,31491,37138
23883,31491,37139
21165,31491,37140
431,31492,37141
4214,31492,37142
3192,31492,37143
18895,31492,37144
17714,31492,37145
17705,31492,37146
13615,31492,37147
3188,31492,37148
2878,31492,37149
13384,31492,37150
11968,31492,37151
22250,31492,37152
11582,31492,37153
21544,31492,37154
296,31493,37155
5577,31493,37156
5694,31493,37157
6953,31493,37158
5957,31493,37159
14912,31493,37160
21433,31493,37161
23237,31493,37162
15198,31493,37163
3749,31493,37164
1897,31493,37165
583,31493,37166
499,31493,37167
325,31493,37168
18093,31493,37169
17715,31493,37170
3596,31494,37171
4090,31494,37172
24184,31494,37173
11246,31494,37174
10141,31494,37175
9883,31494,37176
8538,31494,37177
20597,31494,37178
19487,31494,37179
22876,31494,37180
22583,31494,37181
22470,31494,37182
22337,31494,37183
21158,31494,37184
21088,31494,37185
19181,31494,37186
14040,31494,37187
18594,31495,37188
20296,31495,37189
6932,31495,37190
17601,31496,37191
14474,31497,37192
2703,31497,37193
17601,31498,37194
17601,31499,37195
13177,31500,37196
6270,31500,37197
17601,31501,37198
6180,31502,37199
1100,31502,37200
9240,31502,37201
9719,31502,37202
14974,31502,37203
8320,31502,37204
3311,31502,37205
16565,31502,37206
16377,31502,37207
22987,31502,37208
22814,31502,37209
22009,31502,37210
19605,31502,37211
17066,31502,37212
16720,31502,37213
7383,31502,37214
17601,31503,37215
17601,31504,37216
17364,31505,37217
15690,31505,37218
12820,31505,37219
12810,31505,37220
22641,31505,37221
22653,31505,37222
22624,31505,37223
17601,31506,37224
11503,31507,37225
12145,31507,37226
14373,31507,37227
18492,31507,37228
4765,31507,37229
5145,31507,37230
17967,31507,37231
17275,31507,37232
4717,31507,37233
10536,31507,37234
9336,31507,37235
6024,31507,37236
23156,31507,37237
23488,31507,37238
23800,31507,37239
24085,31507,37240
11017,31507,37241
21433,31508,37242
14143,31508,37243
16745,31509,37244
20628,31509,37245
5443,31509,37246
7276,31509,37247
24025,31510,37248
6919,31510,37249
15952,31510,37250
17601,31511,37251
17998,31512,37252
20542,31512,37253
21139,31512,37254
200,31512,37255
170,31512,37256
24755,31513,37257
7790,31513,37258
8962,31513,37259
9457,31513,37260
24399,31513,37261
24501,31513,37262
24441,31513,37263
24408,31513,37264
5189,31513,37265
12745,31513,37266
11292,31513,37267
3685,31513,37268
24571,31513,37269
9463,31513,37270
24783,31514,37271
18535,31514,37272
2855,31514,37273
322,31514,37274
17601,31515,37275
20990,31516,37276
9831,31516,37277
2242,31516,37278
21760,31517,37279
2917,31517,37280
22592,31518,37281
18143,31518,37282
13878,31518,37283
425,31518,37284
12547,31518,37285
17601,31519,37286
17601,31520,37287
17601,31521,37288
17601,31522,37289
23810,31523,37290
12532,31523,37291
20387,31523,37292
17601,31524,37293
13530,31525,37294
1335,31525,37295
2977,31525,37296
22853,31525,37297
23423,31525,37298
17998,31525,37299
16637,31525,37300
21190,31525,37301
666,31525,37302
19423,31525,37303
8623,31526,37304
3938,31526,37305
4293,31527,37306
11635,31527,37307
1904,31527,37308
23484,31527,37309
21874,31527,37310
20999,31527,37311
19319,31527,37312
1777,31527,37313
23956,31527,37314
23955,31527,37315
17201,31527,37316
16348,31527,37317
12748,31527,37318
16007,31527,37319
23053,31528,37320
19749,31529,37321
8360,31529,37322
11303,31530,37323
10951,31530,37324
20738,31530,37325
2484,31530,37326
22949,31530,37327
24691,31530,37328
14708,31530,37329
18871,31530,37330
19347,31530,37331
19872,31530,37332
2209,31531,37333
2161,31531,37334
1170,31531,37335
881,31531,37336
2689,31531,37337
4498,31531,37338
2789,31531,37339
3415,31531,37340
16203,31531,37341
16117,31531,37342
7045,31531,37343
5048,31531,37344
16890,31531,37345
19809,31531,37346
20299,31531,37347
22212,31531,37348
23468,31531,37349
17601,31532,37350
6544,31533,37351
20433,31533,37352
21391,31533,37353
17601,31534,37354
17601,31535,37355
17601,31536,37356
6847,31537,37357
6637,31537,37358
5327,31537,37359
3692,31537,37360
335,31537,37361
1079,31537,37362
2128,31537,37363
1501,31537,37364
24025,31537,37365
8333,31537,37366
7389,31537,37367
6947,31537,37368
9055,31537,37369
14600,31537,37370
9604,31538,37371
12138,31538,37372
11746,31538,37373
6622,31538,37374
20612,31538,37375
5117,31539,37376
6516,31539,37377
16849,31539,37378
10137,31539,37379
16020,31539,37380
19235,31539,37381
19860,31539,37382
4942,31539,37383
8884,31539,37384
21113,31539,37385
21813,31539,37386
22821,31539,37387
24112,31539,37388
17601,31540,37389
7984,31541,37390
14035,31541,37391
17015,31541,37392
5682,31541,37393
472,31541,37394
10215,31542,37395
9134,31542,37396
19504,31542,37397
15773,31542,37398
8177,31542,37399
1592,31542,37400
3333,31542,37401
8161,31542,37402
677,31542,37403
4664,31542,37404
2286,31542,37405
15375,31542,37406
11720,31542,37407
10597,31542,37408
15694,31542,37409
17420,31542,37410
17169,31542,37411
23422,31542,37412
17601,31543,37413
1413,31544,37414
19175,31544,37415
19865,31544,37416
6404,31544,37417
23803,31544,37418
22738,31544,37419
223,31544,37420
1743,31544,37421
16248,31544,37422
19449,31544,37423
17520,31544,37424
15248,31544,37425
9816,31544,37426
13707,31544,37427
12198,31545,37428
2350,31545,37429
11930,31545,37430
10318,31545,37431
17601,31546,37432
17601,31547,37433
17601,31548,37434
16567,31549,37435
3011,31549,37436
21541,31549,37437
21989,31549,37438
24684,31549,37439
21906,31549,37440
3594,31549,37441
7719,31549,37442
8656,31549,37443
11138,31549,37444
12316,31549,37445
16725,31549,37446
12647,31549,37447
13856,31549,37448
6725,31549,37449
16952,31549,37450
2828,31549,37451
1300,31549,37452
311,31550,37453
7657,31550,37454
20229,31550,37455
12572,31550,37456
21236,31550,37457
8671,31550,37458
4736,31550,37459
1449,31550,37460
16618,31550,37461
14009,31550,37462
15048,31551,37463
11075,31551,37464
23326,31551,37465
21775,31551,37466
17601,31552,37467
17601,31553,37468
17188,31554,37469
24496,31554,37470
24563,31554,37471
21935,31554,37472
20752,31554,37473
12329,31554,37474
11049,31554,37475
7560,31554,37476
17601,31555,37477
17601,31556,37478
10706,31557,37479
1472,31557,37480
13451,31557,37481
8246,31557,37482
5021,31557,37483
3117,31557,37484
19841,31557,37485
16605,31557,37486
16304,31557,37487
15799,31557,37488
15344,31557,37489
14767,31557,37490
7215,31557,37491
16218,31557,37492
20239,31557,37493
24418,31557,37494
22005,31557,37495
24065,31557,37496
24366,31557,37497
24060,31557,37498
23277,31558,37499
13753,31558,37500
5828,31558,37501
5973,31558,37502
2527,31558,37503
3119,31558,37504
13730,31558,37505
19058,31559,37506
16139,31559,37507
5763,31559,37508
24195,31559,37509
17601,31560,37510
21781,31561,37511
21681,31561,37512
11931,31561,37513
5153,31562,37514
13753,31562,37515
15041,31562,37516
16432,31562,37517
7940,31562,37518
10233,31562,37519
1369,31562,37520
17062,31562,37521
11197,31562,37522
7267,31562,37523
655,31562,37524
15397,31562,37525
13375,31563,37526
23913,31563,37527
23022,31563,37528
17008,31563,37529
21215,31563,37530
16519,31563,37531
13909,31563,37532
2979,31563,37533
13693,31563,37534
16137,31563,37535
17601,31564,37536
2272,31565,37537
8885,31565,37538
18632,31565,37539
13995,31565,37540
8723,31565,37541
23559,31565,37542
11189,31565,37543
11533,31565,37544
2544,31565,37545
2562,31566,37546
9506,31566,37547
24235,31566,37548
20110,31566,37549
22288,31566,37550
19568,31566,37551
19733,31566,37552
14114,31566,37553
18630,31566,37554
13253,31566,37555
18217,31566,37556
3408,31566,37557
11668,31566,37558
12215,31567,37559
6734,31567,37560
11927,31567,37561
18596,31567,37562
19255,31567,37563
17672,31567,37564
19808,31567,37565
20139,31567,37566
4570,31567,37567
6381,31567,37568
3678,31567,37569
14764,31567,37570
16876,31567,37571
18620,31567,37572
13921,31567,37573
19782,31567,37574
17601,31568,37575
17601,31569,37576
391,31570,37577
974,31570,37578
1950,31570,37579
7069,31570,37580
13316,31570,37581
16337,31570,37582
19044,31570,37583
13079,31570,37584
20114,31570,37585
23205,31570,37586
6100,31571,37587
14462,31571,37588
14449,31572,37589
10911,31572,37590
10606,31572,37591
10189,31572,37592
20228,31572,37593
18798,31572,37594
22841,31572,37595
207,31572,37596
1821,31572,37597
2916,31572,37598
6217,31572,37599
9356,31572,37600
12110,31572,37601
12997,31572,37602
17601,31573,37603
3533,31574,37604
4829,31574,37605
5080,31574,37606
6508,31574,37607
7874,31574,37608
14077,31574,37609
14927,31574,37610
15317,31574,37611
15725,31574,37612
15990,31574,37613
17734,31574,37614
18217,31574,37615
18944,31574,37616
21681,31574,37617
17601,31575,37618
18783,31576,37619
8655,31576,37620
9213,31576,37621
1611,31577,37622
13841,31577,37623
3334,31577,37624
3392,31577,37625
10630,31577,37626
1181,31577,37627
12075,31577,37628
10968,31577,37629
10720,31577,37630
24059,31577,37631
21867,31577,37632
16661,31577,37633
14022,31577,37634
18814,31577,37635
20128,31577,37636
20910,31577,37637
21585,31577,37638
782,31577,37639
7065,31578,37640
806,31578,37641
6839,31578,37642
6837,31578,37643
1314,31578,37644
6333,31578,37645
5454,31578,37646
22148,31578,37647
8644,31578,37648
22134,31578,37649
17927,31579,37650
22355,31579,37651
23182,31579,37652
1730,31579,37653
396,31579,37654
10662,31579,37655
20721,31579,37656
20856,31579,37657
17931,31579,37658
18177,31579,37659
11517,31579,37660
12205,31579,37661
12736,31579,37662
20521,31579,37663
6183,31579,37664
2848,31579,37665
7844,31579,37666
17601,31580,37667
2411,31581,37668
2974,31581,37669
3348,31581,37670
4328,31581,37671
17191,31581,37672
20804,31581,37673
8983,31581,37674
23195,31581,37675
7229,31581,37676
5747,31582,37677
735,31582,37678
6017,31583,37679
11801,31583,37680
6637,31583,37681
912,31583,37682
20294,31583,37683
18886,31583,37684
17354,31583,37685
16589,31583,37686
16242,31583,37687
23249,31583,37688
17601,31584,37689
17601,31585,37690
10729,31586,37691
6174,31586,37692
7662,31586,37693
11651,31587,37694
11999,31587,37695
18805,31587,37696
19128,31587,37697
19405,31587,37698
5854,31587,37699
8762,31587,37700
11181,31587,37701
21294,31587,37702
20502,31587,37703
4472,31587,37704
2595,31587,37705
20474,31587,37706
2300,31587,37707
23136,31587,37708
22138,31587,37709
22235,31587,37710
21296,31587,37711
21957,31588,37712
19782,31588,37713
10844,31589,37714
10034,31589,37715
7302,31589,37716
3953,31589,37717
15317,31589,37718
15315,31589,37719
667,31589,37720
14434,31589,37721
24282,31589,37722
23211,31589,37723
23055,31589,37724
19770,31589,37725
3827,31589,37726
12037,31590,37727
8946,31590,37728
21404,31590,37729
17185,31590,37730
12601,31590,37731
12329,31590,37732
17601,31591,37733
12844,31592,37734
21764,31592,37735
17601,31593,37736
11075,31594,37737
3660,31594,37738
10576,31594,37739
10030,31594,37740
20859,31594,37741
154,31594,37742
19783,31594,37743
13902,31594,37744
15197,31594,37745
434,31594,37746
20808,31595,37747
11283,31595,37748
9700,31595,37749
21464,31595,37750
17601,31596,37751
17601,31597,37752
17601,31598,37753
4042,31599,37754
6963,31599,37755
18657,31599,37756
17601,31600,37757
11329,31601,37758
17601,31602,37759
4641,31603,37760
13745,31603,37761
8476,31603,37762
5072,31603,37763
1105,31603,37764
3938,31603,37765
11938,31603,37766
10715,31603,37767
10715,31604,37768
13745,31604,37769
3938,31604,37770
7671,31604,37771
1105,31604,37772
4641,31604,37773
22614,31604,37774
24849,31604,37775
13642,31604,37776
6368,31604,37777
8476,31604,37778
5072,31604,37779
11938,31604,37780
2841,31605,37781
6133,31605,37782
473,31605,37783
17089,31605,37784
18619,31605,37785
20344,31605,37786
19139,31605,37787
20420,31605,37788
20572,31605,37789
21105,31605,37790
11494,31605,37791
9480,31605,37792
10918,31605,37793
19615,31605,37794
21703,31605,37795
17601,31606,37796
22794,31607,37797
4292,31607,37798
22674,31607,37799
13441,31608,37800
4299,31608,37801
199,31608,37802
19174,31608,37803
19682,31608,37804
22284,31608,37805
16691,31608,37806
20135,31608,37807
12522,31608,37808
13233,31608,37809
16394,31608,37810
17601,31609,37811
8101,31610,37812
15742,31610,37813
677,31610,37814
18900,31610,37815
14473,31610,37816
57,31610,37817
19138,31610,37818
4521,31610,37819
16390,31610,37820
2776,31610,37821
20328,31611,37822
8402,31611,37823
23619,31611,37824
7791,31611,37825
8131,31611,37826
16710,31611,37827
8407,31611,37828
927,31611,37829
11305,31611,37830
11428,31611,37831
10991,31611,37832
1892,31611,37833
990,31611,37834
7287,31611,37835
5687,31611,37836
24318,31612,37837
9741,31612,37838
15595,31612,37839
20535,31612,37840
10935,31612,37841
19379,31612,37842
7084,31612,37843
11615,31612,37844
14193,31612,37845
1749,31612,37846
17601,31613,37847
4942,31614,37848
22807,31614,37849
9333,31614,37850
3841,31614,37851
5038,31614,37852
5000,31614,37853
173,31614,37854
16892,31614,37855
14570,31614,37856
8296,31614,37857
6096,31614,37858
7518,31614,37859
21516,31614,37860
16828,31614,37861
20723,31614,37862
8476,31614,37863
8163,31614,37864
4915,31614,37865
10128,31614,37866
17601,31615,37867
17601,31616,37868
24108,31617,37869
15226,31617,37870
23508,31617,37871
16604,31617,37872
8029,31617,37873
23796,31617,37874
2809,31617,37875
22391,31617,37876
15529,31617,37877
3698,31617,37878
14725,31617,37879
4983,31617,37880
13224,31617,37881
14494,31617,37882
2808,31617,37883
12462,31617,37884
11011,31617,37885
7233,31617,37886
17849,31618,37887
17500,31618,37888
6942,31618,37889
8697,31618,37890
22222,31618,37891
19951,31618,37892
19086,31618,37893
18539,31618,37894
23461,31618,37895
17601,31619,37896
7878,31620,37897
23129,31620,37898
6758,31620,37899
15204,31621,37900
22636,31621,37901
11864,31621,37902
9237,31621,37903
15055,31621,37904
10125,31621,37905
20518,31621,37906
9389,31621,37907
22450,31621,37908
4744,31621,37909
17601,31622,37910
19377,31623,37911
4848,31623,37912
4886,31623,37913
5865,31623,37914
6143,31623,37915
18329,31623,37916
3403,31623,37917
15795,31623,37918
8521,31623,37919
8573,31623,37920
9957,31623,37921
9976,31623,37922
10631,31623,37923
12309,31623,37924
14778,31623,37925
15228,31623,37926
7412,31623,37927
701,31623,37928
9761,31624,37929
9759,31624,37930
5333,31624,37931
9672,31624,37932
3931,31624,37933
4784,31624,37934
9762,31624,37935
601,31624,37936
263,31624,37937
765,31624,37938
17601,31625,37939
17601,31626,37940
17601,31627,37941
16298,31628,37942
23879,31628,37943
8966,31628,37944
9375,31628,37945
800,31628,37946
19415,31628,37947
842,31628,37948
8438,31628,37949
6200,31628,37950
2565,31628,37951
18746,31628,37952
18077,31628,37953
17524,31628,37954
17601,31629,37955
17601,31630,37956
14464,31631,37957
11930,31631,37958
7424,31631,37959
962,31631,37960
175,31631,37961
12368,31631,37962
18585,31631,37963
10998,31631,37964
9281,31631,37965
8792,31631,37966
18374,31632,37967
12443,31632,37968
9904,31632,37969
17601,31633,37970
20635,31634,37971
21524,31634,37972
22745,31634,37973
19864,31634,37974
3389,31634,37975
3630,31634,37976
16548,31634,37977
8988,31634,37978
12717,31634,37979
17099,31634,37980
18045,31634,37981
17954,31634,37982
17788,31634,37983
1583,31634,37984
1013,31634,37985
100,31634,37986
8798,31634,37987
8300,31634,37988
4196,31635,37989
7044,31635,37990
19080,31635,37991
18842,31635,37992
23932,31636,37993
397,31636,37994
21290,31636,37995
11780,31636,37996
22479,31636,37997
20564,31636,37998
33,31636,37999
10062,31636,38000
11485,31636,38001
4432,31636,38002
17601,31637,38003
680,31638,38004
4983,31638,38005
23147,31638,38006
12821,31638,38007
17872,31638,38008
13853,31638,38009
22307,31638,38010
9204,31638,38011
3072,31638,38012
4067,31638,38013
15535,31639,38014
5358,31639,38015
14925,31639,38016
7504,31639,38017
24348,31639,38018
15947,31639,38019
10932,31639,38020
23083,31639,38021
15475,31639,38022
10259,31639,38023
17601,31640,38024
17601,31641,38025
4663,31642,38026
12312,31642,38027
24484,31642,38028
2340,31642,38029
15118,31642,38030
17085,31642,38031
22720,31642,38032
8684,31642,38033
2341,31642,38034
10889,31642,38035
13676,31643,38036
18359,31643,38037
5550,31644,38038
4283,31644,38039
9491,31644,38040
17199,31644,38041
16944,31644,38042
24512,31644,38043
9011,31644,38044
16482,31644,38045
9493,31644,38046
2417,31644,38047
23456,31644,38048
17601,31645,38049
17601,31646,38050
7395,31647,38051
7596,31647,38052
18891,31647,38053
17388,31647,38054
918,31647,38055
3916,31647,38056
22097,31647,38057
21128,31647,38058
22288,31647,38059
10234,31647,38060
11034,31647,38061
10023,31647,38062
12997,31647,38063
14785,31647,38064
11173,31647,38065
7942,31647,38066
12349,31648,38067
5806,31648,38068
16581,31648,38069
6304,31649,38070
19797,31649,38071
3321,31649,38072
5647,31649,38073
2255,31649,38074
18985,31649,38075
16658,31649,38076
22960,31649,38077
13537,31649,38078
4936,31649,38079
7851,31649,38080
6700,31649,38081
6681,31649,38082
22152,31649,38083
7206,31649,38084
6435,31649,38085
17601,31650,38086
17601,31651,38087
4844,31652,38088
15353,31652,38089
12007,31652,38090
17601,31653,38091
17601,31654,38092
17601,31655,38093
17601,31656,38094
15394,31657,38095
5828,31657,38096
16331,31657,38097
21366,31657,38098
11082,31657,38099
9970,31657,38100
15317,31657,38101
9256,31657,38102
9117,31657,38103
9565,31657,38104
6343,31658,38105
8611,31658,38106
394,31658,38107
17601,31659,38108
19711,31660,38109
4002,31660,38110
10707,31660,38111
14763,31660,38112
3754,31660,38113
3800,31660,38114
19010,31660,38115
1873,31660,38116
18974,31660,38117
19009,31660,38118
11479,31661,38119
17601,31662,38120
23423,31663,38121
2165,31663,38122
8944,31663,38123
8900,31663,38124
69,31663,38125
1823,31663,38126
8884,31663,38127
5925,31663,38128
11181,31663,38129
10674,31663,38130
22863,31663,38131
4881,31663,38132
11259,31663,38133
8035,31664,38134
1999,31664,38135
2836,31664,38136
8979,31664,38137
5420,31664,38138
15911,31664,38139
19096,31664,38140
15478,31664,38141
10387,31664,38142
19465,31664,38143
14332,31665,38144
21260,31665,38145
12713,31665,38146
17601,31666,38147
10724,31667,38148
15032,31667,38149
7267,31667,38150
8434,31667,38151
8809,31667,38152
10546,31667,38153
18757,31667,38154
8333,31667,38155
1301,31667,38156
6580,31667,38157
4349,31667,38158
16644,31667,38159
16565,31667,38160
17601,31668,38161
6916,31669,38162
21475,31669,38163
21001,31669,38164
820,31669,38165
2113,31669,38166
17458,31669,38167
18192,31669,38168
17235,31669,38169
15308,31669,38170
9320,31669,38171
24823,31670,38172
15628,31670,38173
5633,31670,38174
15318,31670,38175
14480,31670,38176
1237,31670,38177
17601,31671,38178
17434,31672,38179
4519,31672,38180
3455,31673,38181
10260,31673,38182
17601,31674,38183
17601,31675,38184
22133,31676,38185
16882,31676,38186
1351,31676,38187
4815,31676,38188
9311,31676,38189
19588,31676,38190
8048,31676,38191
8479,31676,38192
19109,31676,38193
21014,31676,38194
21181,31676,38195
16281,31676,38196
17601,31677,38197
17601,31678,38198
17601,31679,38199
24561,31680,38200
4025,31680,38201
6268,31680,38202
20966,31680,38203
18314,31680,38204
11636,31680,38205
9034,31680,38206
23708,31680,38207
24455,31680,38208
23713,31680,38209
6105,31680,38210
21791,31680,38211
23367,31681,38212
21391,31681,38213
15277,31681,38214
17601,31682,38215
9875,31683,38216
15630,31683,38217
17316,31683,38218
9024,31683,38219
838,31683,38220
2493,31683,38221
2491,31683,38222
13493,31683,38223
9215,31683,38224
13914,31683,38225
17601,31684,38226
17601,31685,38227
17601,31686,38228
17601,31687,38229
11282,31688,38230
6355,31688,38231
8208,31688,38232
20605,31688,38233
12447,31688,38234
19482,31688,38235
15927,31688,38236
16682,31688,38237
19425,31688,38238
20680,31688,38239
21101,31688,38240
4821,31688,38241
432,31688,38242
3051,31688,38243
2900,31688,38244
3094,31688,38245
17601,31689,38246
19500,31690,38247
24232,31690,38248
23114,31690,38249
2317,31690,38250
14186,31690,38251
9131,31690,38252
18786,31690,38253
5215,31691,38254
13608,31691,38255
23264,31691,38256
24553,31691,38257
16473,31691,38258
17203,31691,38259
17608,31691,38260
17800,31691,38261
2433,31691,38262
18254,31691,38263
14071,31691,38264
16404,31691,38265
21684,31691,38266
4565,31691,38267
22877,31691,38268
22021,31692,38269
4529,31692,38270
20075,31692,38271
15398,31692,38272
16508,31692,38273
6059,31692,38274
7217,31692,38275
7601,31692,38276
12806,31692,38277
13509,31692,38278
15326,31692,38279
246,31692,38280
1570,31692,38281
2148,31692,38282
2173,31692,38283
19920,31692,38284
17448,31692,38285
8515,31693,38286
15509,31693,38287
1890,31693,38288
8223,31693,38289
1510,31693,38290
1868,31693,38291
19016,31693,38292
23424,31693,38293
16123,31693,38294
15638,31693,38295
1479,31694,38296
23456,31694,38297
1833,31694,38298
20626,31695,38299
15857,31695,38300
24121,31695,38301
22028,31695,38302
1163,31695,38303
12699,31695,38304
11452,31695,38305
4306,31695,38306
6648,31695,38307
10663,31695,38308
14706,31695,38309
23331,31695,38310
14495,31695,38311
23250,31695,38312
12737,31695,38313
15793,31695,38314
14146,31696,38315
5018,31696,38316
9731,31697,38317
20273,31697,38318
11534,31698,38319
16658,31698,38320
12203,31698,38321
15900,31698,38322
4373,31698,38323
21840,31698,38324
14527,31698,38325
526,31698,38326
4033,31698,38327
19718,31698,38328
18783,31698,38329
4956,31698,38330
9137,31698,38331
4530,31698,38332
17601,31699,38333
4087,31700,38334
12427,31700,38335
16174,31701,38336
17601,31702,38337
20518,31703,38338
18786,31703,38339
23652,31703,38340
9389,31704,38341
434,31704,38342
20296,31704,38343
17601,31705,38344
23118,31706,38345
9676,31706,38346
9810,31706,38347
23355,31706,38348
976,31706,38349
15857,31706,38350
15560,31706,38351
8897,31706,38352
7630,31706,38353
12535,31706,38354
18344,31706,38355
3880,31706,38356
3377,31706,38357
20518,31706,38358
12511,31706,38359
4162,31706,38360
14337,31707,38361
16360,31707,38362
7567,31707,38363
21024,31708,38364
7681,31708,38365
17601,31709,38366
17601,31710,38367
23464,31711,38368
3136,31711,38369
20248,31711,38370
10895,31711,38371
10294,31711,38372
21288,31711,38373
5848,31711,38374
8011,31711,38375
15570,31711,38376
5713,31711,38377
1323,31711,38378
15054,31711,38379
20127,31711,38380
21391,31712,38381
17601,31713,38382
23178,31714,38383
12298,31714,38384
7877,31715,38385
18145,31715,38386
20996,31715,38387
8569,31715,38388
9515,31715,38389
8805,31715,38390
12709,31715,38391
14905,31715,38392
15608,31715,38393
7916,31715,38394
3810,31715,38395
5105,31715,38396
1907,31715,38397
7808,31715,38398
17601,31716,38399
17601,31717,38400
17601,31718,38401
12754,31719,38402
17114,31719,38403
13360,31719,38404
6495,31719,38405
12720,31719,38406
11406,31719,38407
12865,31719,38408
18781,31719,38409
15122,31719,38410
17779,31720,38411
12719,31720,38412
5818,31720,38413
11347,31720,38414
13360,31720,38415
285,31720,38416
10676,31720,38417
8715,31720,38418
6495,31720,38419
18042,31720,38420
13836,31720,38421
4357,31720,38422
24581,31720,38423
15852,31720,38424
23819,31720,38425
23792,31720,38426
21242,31720,38427
17601,31721,38428
17601,31722,38429
17601,31723,38430
17601,31724,38431
24663,31725,38432
8848,31725,38433
4726,31725,38434
8656,31725,38435
4658,31725,38436
23205,31725,38437
22707,31725,38438
22288,31725,38439
8333,31725,38440
11260,31725,38441
10068,31725,38442
17009,31725,38443
12983,31725,38444
7871,31726,38445
5045,31726,38446
2847,31726,38447
2987,31726,38448
10879,31726,38449
12827,31726,38450
7671,31726,38451
23093,31726,38452
21235,31726,38453
6798,31726,38454
13708,31726,38455
14473,31726,38456
8808,31726,38457
9180,31726,38458
422,31726,38459
3472,31726,38460
13809,31726,38461
7944,31726,38462
16139,31727,38463
4196,31727,38464
20967,31727,38465
499,31727,38466
3964,31727,38467
15141,31727,38468
9404,31727,38469
10157,31727,38470
15731,31727,38471
14851,31727,38472
19623,31728,38473
19762,31728,38474
21742,31728,38475
23275,31728,38476
6516,31728,38477
19383,31728,38478
21220,31728,38479
14951,31728,38480
11023,31728,38481
10142,31728,38482
7702,31728,38483
7553,31728,38484
14444,31728,38485
152,31728,38486
641,31728,38487
2777,31728,38488
2808,31728,38489
3165,31728,38490
17601,31729,38491
11089,31730,38492
22367,31730,38493
22016,31730,38494
24369,31730,38495
10706,31730,38496
17942,31730,38497
7852,31730,38498
4331,31730,38499
2863,31730,38500
10246,31730,38501
10181,31730,38502
10025,31730,38503
18585,31730,38504
16452,31730,38505
17601,31731,38506
17916,31732,38507
10382,31732,38508
10407,31732,38509
10706,31732,38510
10748,31732,38511
11089,31732,38512
10025,31732,38513
10097,31732,38514
10181,31732,38515
9851,31732,38516
7852,31732,38517
10253,31732,38518
2863,31732,38519
11152,31732,38520
11199,31732,38521
12964,31732,38522
1465,31732,38523
2834,31732,38524
4331,31732,38525
15555,31733,38526
20240,31733,38527
202,31733,38528
6580,31733,38529
22788,31733,38530
13369,31733,38531
18271,31733,38532
16986,31733,38533
1527,31733,38534
12103,31733,38535
24381,31734,38536
9312,31734,38537
58,31734,38538
697,31734,38539
14471,31734,38540
15938,31734,38541
11114,31734,38542
11483,31734,38543
24331,31734,38544
24269,31735,38545
23969,31735,38546
7141,31735,38547
2062,31735,38548
1839,31735,38549
15146,31735,38550
21195,31735,38551
17756,31735,38552
15731,31735,38553
8311,31735,38554
17601,31736,38555
17601,31737,38556
13759,31738,38557
7110,31738,38558
21421,31738,38559
13852,31739,38560
842,31739,38561
1749,31739,38562
13922,31739,38563
8980,31739,38564
15184,31739,38565
14120,31739,38566
3867,31739,38567
3170,31739,38568
668,31739,38569
21106,31739,38570
20120,31739,38571
20739,31739,38572
16524,31739,38573
17601,31740,38574
2413,31741,38575
11871,31741,38576
22338,31741,38577
17601,31742,38578
17601,31743,38579
17601,31744,38580
17601,31745,38581
3553,31746,38582
2428,31746,38583
3059,31746,38584
10721,31746,38585
15811,31746,38586
21121,31746,38587
18324,31746,38588
20238,31746,38589
18497,31746,38590
13988,31746,38591
10512,31747,38592
10443,31748,38593
16736,31748,38594
16624,31748,38595
17764,31749,38596
10511,31749,38597
18939,31749,38598
16043,31749,38599
23324,31749,38600
20235,31749,38601
22860,31749,38602
23602,31749,38603
6283,31749,38604
14546,31749,38605
19988,31749,38606
17601,31750,38607
10453,31751,38608
14921,31751,38609
10223,31751,38610
2880,31752,38611
19692,31752,38612
23226,31752,38613
20183,31752,38614
21615,31752,38615
20228,31752,38616
11746,31752,38617
13404,31752,38618
17601,31753,38619
20760,31754,38620
18057,31754,38621
14686,31754,38622
898,31754,38623
1275,31754,38624
14963,31754,38625
23925,31754,38626
8495,31754,38627
10851,31754,38628
6956,31754,38629
18018,31755,38630
11965,31755,38631
19694,31755,38632
7494,31756,38633
542,31756,38634
18099,31756,38635
21369,31756,38636
8314,31756,38637
4987,31756,38638
17601,31757,38639
23117,31758,38640
24784,31758,38641
3024,31758,38642
20314,31758,38643
20074,31758,38644
18313,31758,38645
22196,31758,38646
11153,31758,38647
3250,31758,38648
6138,31758,38649
17601,31759,38650
18820,31760,38651
23214,31760,38652
14081,31760,38653
16208,31760,38654
3611,31760,38655
3378,31760,38656
3067,31760,38657
15393,31760,38658
6803,31760,38659
21979,31760,38660
23246,31760,38661
4857,31760,38662
9052,31760,38663
16671,31760,38664
12255,31760,38665
19608,31761,38666
17174,31761,38667
20431,31761,38668
2048,31761,38669
19059,31761,38670
23442,31761,38671
3811,31761,38672
11329,31761,38673
1470,31761,38674
9507,31761,38675
7112,31761,38676
5523,31761,38677
18842,31761,38678
12370,31761,38679
8428,31761,38680
6535,31761,38681
17601,31762,38682
11376,31763,38683
20500,31763,38684
20506,31764,38685
15211,31764,38686
8270,31764,38687
20500,31764,38688
11374,31764,38689
16705,31764,38690
11376,31764,38691
23280,31764,38692
2992,31764,38693
3070,31764,38694
14647,31765,38695
13184,31765,38696
18137,31765,38697
15195,31765,38698
19244,31765,38699
1564,31765,38700
9501,31765,38701
12638,31765,38702
109,31765,38703
7917,31765,38704
7505,31765,38705
23215,31765,38706
20041,31765,38707
19265,31765,38708
21576,31765,38709
21892,31765,38710
23289,31766,38711
5788,31766,38712
8826,31766,38713
23446,31766,38714
19247,31766,38715
19430,31766,38716
21657,31766,38717
9130,31766,38718
11732,31766,38719
11442,31766,38720
11335,31766,38721
1184,31766,38722
3956,31766,38723
6284,31766,38724
9400,31766,38725
14138,31767,38726
2701,31767,38727
12696,31767,38728
14686,31767,38729
2673,31767,38730
1736,31767,38731
443,31767,38732
12559,31767,38733
21422,31767,38734
12680,31767,38735
17352,31768,38736
23975,31768,38737
20682,31768,38738
4829,31768,38739
5528,31768,38740
15895,31768,38741
14742,31768,38742
411,31768,38743
17331,31768,38744
15945,31768,38745
8937,31769,38746
545,31769,38747
3410,31769,38748
18063,31769,38749
16938,31769,38750
6590,31769,38751
20004,31769,38752
4371,31769,38753
6208,31769,38754
18051,31770,38755
23654,31770,38756
16338,31771,38757
19807,31771,38758
17418,31771,38759
15857,31771,38760
12333,31771,38761
22754,31771,38762
9641,31771,38763
8300,31771,38764
21301,31771,38765
4993,31771,38766
2152,31771,38767
4954,31771,38768
4117,31771,38769
2937,31771,38770
2619,31772,38771
16682,31772,38772
14962,31772,38773
22645,31772,38774
10993,31772,38775
8449,31772,38776
22698,31772,38777
4174,31772,38778
20947,31772,38779
18637,31772,38780
22822,31773,38781
24262,31773,38782
15120,31773,38783
11787,31774,38784
16139,31774,38785
9908,31774,38786
6148,31775,38787
17601,31776,38788
1584,31777,38789
2183,31777,38790
5053,31777,38791
7702,31777,38792
13177,31777,38793
13141,31777,38794
4942,31777,38795
1341,31777,38796
18817,31777,38797
9424,31777,38798
13950,31777,38799
14130,31777,38800
15786,31777,38801
20141,31777,38802
9604,31777,38803
8992,31777,38804
11762,31777,38805
11115,31777,38806
10663,31777,38807
12612,31778,38808
165,31778,38809
798,31778,38810
2618,31778,38811
10605,31778,38812
173,31778,38813
10333,31778,38814
5861,31778,38815
6715,31778,38816
9767,31778,38817
8435,31778,38818
7273,31778,38819
4106,31778,38820
6784,31778,38821
10229,31778,38822
17220,31778,38823
16745,31778,38824
13427,31778,38825
13322,31778,38826
3021,31779,38827
22497,31779,38828
18529,31779,38829
12955,31779,38830
10189,31779,38831
14163,31779,38832
22108,31779,38833
14495,31779,38834
4985,31779,38835
5704,31779,38836
4477,31779,38837
17988,31780,38838
13444,31780,38839
11538,31780,38840
22058,31781,38841
18715,31781,38842
982,31781,38843
491,31781,38844
21736,31781,38845
12542,31781,38846
16166,31781,38847
1773,31781,38848
10884,31781,38849
11526,31781,38850
6556,31781,38851
9615,31781,38852
22433,31781,38853
12220,31782,38854
12195,31783,38855
3210,31783,38856
24573,31784,38857
21692,31784,38858
19408,31784,38859
21727,31784,38860
24742,31784,38861
2982,31784,38862
2912,31784,38863
21790,31784,38864
17601,31785,38865
2177,31786,38866
14521,31786,38867
15986,31786,38868
20221,31786,38869
5422,31786,38870
11107,31786,38871
6435,31786,38872
13922,31786,38873
22891,31786,38874
813,31786,38875
6428,31786,38876
5600,31786,38877
11181,31786,38878
19919,31787,38879
7851,31787,38880
7788,31787,38881
14993,31787,38882
11697,31787,38883
14404,31787,38884
11259,31787,38885
19860,31787,38886
19227,31787,38887
8355,31787,38888
8230,31787,38889
5571,31787,38890
5383,31787,38891
19186,31787,38892
16745,31787,38893
6242,31787,38894
1483,31787,38895
2562,31787,38896
17601,31788,38897
17601,31789,38898
14542,31790,38899
18593,31790,38900
16689,31790,38901
18174,31790,38902
18813,31790,38903
608,31790,38904
2362,31790,38905
13650,31790,38906
2369,31790,38907
11630,31790,38908
8457,31790,38909
4408,31790,38910
11388,31790,38911
6114,31790,38912
7525,31790,38913
7894,31790,38914
14525,31790,38915
16454,31790,38916
13665,31790,38917
8636,31791,38918
21016,31791,38919
7285,31792,38920
18307,31792,38921
11959,31792,38922
20901,31792,38923
2496,31792,38924
6763,31792,38925
9633,31792,38926
23519,31792,38927
22249,31792,38928
18212,31792,38929
17601,31793,38930
17601,31794,38931
7172,31795,38932
11181,31795,38933
12781,31795,38934
10065,31795,38935
7876,31795,38936
5365,31795,38937
10433,31795,38938
9663,31795,38939
1758,31795,38940
4441,31795,38941
5301,31795,38942
24838,31795,38943
6622,31795,38944
7197,31795,38945
5836,31795,38946
1483,31795,38947
13202,31795,38948
4157,31796,38949
11057,31796,38950
11691,31796,38951
11189,31796,38952
10049,31796,38953
7931,31796,38954
11863,31796,38955
17588,31796,38956
17996,31796,38957
16891,31796,38958
13086,31796,38959
18767,31796,38960
5928,31796,38961
11999,31796,38962
18582,31796,38963
16590,31796,38964
20905,31797,38965
23695,31797,38966
24289,31797,38967
5489,31798,38968
10318,31798,38969
8469,31798,38970
23250,31798,38971
22857,31798,38972
19533,31798,38973
2506,31798,38974
5453,31798,38975
4417,31798,38976
3492,31798,38977
12802,31798,38978
10879,31798,38979
12625,31798,38980
17601,31799,38981
17601,31800,38982
17601,31801,38983
17601,31802,38984
1631,31803,38985
1194,31803,38986
20737,31803,38987
199,31804,38988
3423,31804,38989
10977,31804,38990
15841,31805,38991
19782,31805,38992
6459,31805,38993
9323,31806,38994
8240,31806,38995
7668,31806,38996
1155,31806,38997
11075,31806,38998
6270,31806,38999
10667,31806,39000
20297,31806,39001
19679,31806,39002
2885,31806,39003
4956,31806,39004
2570,31806,39005
1079,31806,39006
17041,31807,39007
13476,31808,39008
10867,31808,39009
17601,31809,39010
13631,31810,39011
1584,31810,39012
19967,31810,39013
17601,31811,39014
10173,31812,39015
22770,31812,39016
10070,31812,39017
17601,31813,39018
17009,31814,39019
16025,31814,39020
22624,31814,39021
18774,31814,39022
17134,31814,39023
17286,31814,39024
9422,31814,39025
8348,31814,39026
1099,31814,39027
7329,31814,39028
7122,31814,39029
2299,31814,39030
15578,31814,39031
13171,31814,39032
24359,31814,39033
23705,31814,39034
12595,31814,39035
4585,31815,39036
4395,31815,39037
10297,31815,39038
17438,31815,39039
17724,31815,39040
18430,31815,39041
17748,31815,39042
16055,31815,39043
17233,31815,39044
13194,31815,39045
602,31815,39046
23980,31816,39047
15455,31816,39048
10849,31816,39049
18527,31816,39050
17589,31816,39051
19218,31816,39052
8840,31816,39053
1272,31816,39054
2700,31816,39055
10099,31816,39056
615,31817,39057
23389,31817,39058
4528,31817,39059
3159,31817,39060
20942,31817,39061
11860,31817,39062
7622,31817,39063
23104,31817,39064
11256,31817,39065
10982,31817,39066
21974,31817,39067
17601,31818,39068
449,31819,39069
8571,31819,39070
10802,31819,39071
5636,31819,39072
24235,31820,39073
20183,31820,39074
12195,31820,39075
5679,31821,39076
11964,31821,39077
11037,31821,39078
9116,31821,39079
15865,31821,39080
2411,31821,39081
12661,31821,39082
21964,31821,39083
3265,31821,39084
22217,31821,39085
17601,31822,39086
3794,31823,39087
10696,31823,39088
4592,31823,39089
8992,31823,39090
4397,31823,39091
20817,31823,39092
14403,31823,39093
13829,31823,39094
2045,31823,39095
3340,31823,39096
17601,31824,39097
17601,31825,39098
17601,31826,39099
5624,31827,39100
23715,31827,39101
16800,31827,39102
5716,31827,39103
14989,31827,39104
5716,31828,39105
23715,31828,39106
16800,31828,39107
5624,31828,39108
21840,31829,39109
22904,31829,39110
847,31829,39111
15057,31829,39112
22439,31829,39113
17601,31830,39114
13147,31831,39115
10013,31831,39116
7542,31831,39117
6528,31831,39118
21926,31831,39119
23238,31831,39120
1507,31831,39121
4101,31831,39122
6078,31831,39123
9329,31831,39124
10433,31832,39125
22340,31832,39126
1786,31832,39127
11677,31832,39128
7302,31832,39129
6266,31832,39130
24623,31832,39131
22470,31832,39132
22387,31832,39133
14444,31832,39134
18021,31832,39135
15361,31832,39136
17102,31832,39137
15516,31832,39138
19640,31832,39139
18487,31832,39140
23391,31832,39141
22058,31832,39142
1130,31833,39143
9069,31833,39144
11579,31833,39145
614,31833,39146
967,31833,39147
4868,31833,39148
22804,31833,39149
2040,31833,39150
6983,31833,39151
55,31833,39152
20700,31833,39153
19107,31833,39154
3031,31833,39155
22771,31833,39156
21281,31833,39157
22276,31833,39158
13198,31834,39159
4844,31834,39160
22215,31834,39161
17601,31835,39162
17601,31836,39163
14473,31837,39164
4271,31837,39165
11899,31837,39166
5484,31837,39167
12380,31837,39168
14182,31837,39169
2255,31837,39170
13119,31837,39171
5082,31837,39172
11397,31837,39173
15155,31837,39174
7432,31837,39175
1465,31837,39176
1475,31837,39177
8414,31837,39178
7441,31837,39179
6643,31837,39180
9045,31837,39181
6092,31837,39182
21418,31838,39183
19115,31838,39184
19477,31838,39185
19769,31838,39186
20029,31838,39187
6563,31838,39188
5386,31838,39189
8306,31838,39190
9891,31838,39191
13409,31838,39192
13623,31838,39193
12721,31838,39194
13930,31838,39195
8992,31838,39196
3602,31838,39197
3992,31838,39198
367,31838,39199
17601,31839,39200
3351,31840,39201
5604,31840,39202
13624,31840,39203
22600,31841,39204
24292,31841,39205
19659,31841,39206
17601,31842,39207
16621,31843,39208
8016,31843,39209
15528,31843,39210
3905,31843,39211
3905,31844,39212
21859,31844,39213
16621,31844,39214
8016,31844,39215
21797,31845,39216
8442,31845,39217
4946,31845,39218
23014,31846,39219
18305,31846,39220
19283,31846,39221
8139,31846,39222
11070,31846,39223
20849,31846,39224
2498,31846,39225
2743,31846,39226
13490,31846,39227
11986,31846,39228
23810,31846,39229
19273,31846,39230
17583,31846,39231
12985,31846,39232
18059,31846,39233
6741,31847,39234
10458,31847,39235
6446,31847,39236
13922,31847,39237
16874,31847,39238
23423,31847,39239
20055,31847,39240
13027,31847,39241
10181,31847,39242
1221,31847,39243
8023,31847,39244
5386,31847,39245
4645,31847,39246
4370,31847,39247
21492,31848,39248
20814,31848,39249
18929,31848,39250
18928,31848,39251
11521,31848,39252
20062,31848,39253
20826,31848,39254
5003,31848,39255
20633,31848,39256
5618,31848,39257
9881,31848,39258
12320,31848,39259
24795,31848,39260
1201,31848,39261
763,31848,39262
23957,31849,39263
13747,31849,39264
517,31849,39265
4000,31849,39266
12878,31849,39267
23241,31849,39268
2660,31849,39269
720,31849,39270
4182,31849,39271
7136,31849,39272
17601,31850,39273
24073,31851,39274
6689,31851,39275
24181,31851,39276
7006,31851,39277
1034,31851,39278
3439,31851,39279
21363,31851,39280
2508,31851,39281
10687,31851,39282
8496,31851,39283
20136,31851,39284
433,31851,39285
6135,31851,39286
9524,31851,39287
17601,31852,39288
23942,31853,39289
17601,31854,39290
17601,31855,39291
17601,31856,39292
17634,31857,39293
21771,31857,39294
6745,31857,39295
11117,31857,39296
13826,31857,39297
14566,31857,39298
5450,31857,39299
5835,31857,39300
17436,31857,39301
2723,31857,39302
15856,31857,39303
891,31858,39304
24627,31858,39305
17601,31859,39306
17601,31860,39307
17601,31861,39308
15731,31862,39309
22590,31862,39310
4761,31863,39311
8316,31863,39312
13000,31863,39313
12173,31863,39314
1459,31864,39315
704,31864,39316
8117,31864,39317
11636,31864,39318
17601,31865,39319
20395,31866,39320
20396,31866,39321
13294,31866,39322
12670,31866,39323
17746,31866,39324
17755,31866,39325
14045,31866,39326
13530,31866,39327
275,31866,39328
2655,31866,39329
2142,31866,39330
2081,31866,39331
4740,31866,39332
20881,31866,39333
10298,31866,39334
7671,31866,39335
10536,31866,39336
2510,31867,39337
13731,31867,39338
14063,31867,39339
14154,31867,39340
1468,31867,39341
14927,31867,39342
23521,31867,39343
18353,31867,39344
23211,31867,39345
22226,31867,39346
21058,31867,39347
5501,31867,39348
14757,31867,39349
12070,31867,39350
13058,31867,39351
10234,31867,39352
17601,31868,39353
17601,31869,39354
2932,31870,39355
18259,31870,39356
15138,31870,39357
9746,31870,39358
9399,31870,39359
8872,31870,39360
23006,31870,39361
2043,31870,39362
21785,31870,39363
7502,31870,39364
17601,31871,39365
4589,31872,39366
17331,31872,39367
16567,31872,39368
12092,31872,39369
7669,31872,39370
15171,31872,39371
17562,31872,39372
19538,31872,39373
2121,31872,39374
20208,31872,39375
17601,31873,39376
11565,31874,39377
24786,31874,39378
14857,31874,39379
17132,31874,39380
20380,31874,39381
14033,31874,39382
11702,31875,39383
24175,31875,39384
17001,31875,39385
21813,31876,39386
11762,31876,39387
2181,31876,39388
4567,31877,39389
15789,31877,39390
6190,31877,39391
17705,31877,39392
22273,31878,39393
11777,31878,39394
10072,31878,39395
9180,31878,39396
7197,31878,39397
5813,31878,39398
5713,31878,39399
983,31878,39400
17200,31878,39401
22088,31878,39402
21513,31878,39403
5515,31878,39404
20929,31878,39405
1689,31878,39406
11776,31879,39407
20950,31879,39408
19130,31879,39409
17601,31880,39410
2181,31881,39411
15034,31881,39412
16846,31881,39413
2586,31882,39414
24187,31882,39415
23952,31882,39416
1603,31882,39417
7770,31882,39418
17549,31882,39419
11201,31882,39420
11503,31882,39421
17817,31882,39422
10113,31882,39423
21487,31882,39424
3613,31882,39425
7230,31882,39426
6253,31882,39427
4477,31882,39428
13198,31883,39429
7586,31883,39430
20929,31883,39431
19208,31884,39432
13448,31885,39433
20180,31885,39434
17415,31885,39435
16721,31885,39436
17601,31886,39437
9502,31887,39438
18911,31887,39439
6106,31887,39440
1188,31887,39441
9656,31887,39442
8996,31887,39443
7702,31887,39444
7273,31887,39445
19808,31887,39446
11287,31887,39447
11707,31887,39448
11767,31887,39449
17193,31887,39450
16448,31887,39451
16325,31887,39452
15069,31887,39453
6392,31888,39454
8613,31888,39455
12572,31888,39456
14831,31888,39457
13260,31889,39458
20387,31889,39459
2242,31889,39460
12381,31889,39461
17601,31890,39462
21681,31891,39463
23323,31891,39464
8905,31891,39465
17601,31892,39466
16925,31893,39467
12557,31893,39468
10788,31893,39469
19636,31893,39470
16633,31893,39471
22918,31894,39472
21723,31894,39473
6863,31894,39474
3790,31894,39475
15206,31894,39476
12538,31894,39477
11554,31894,39478
7044,31894,39479
5357,31894,39480
22717,31894,39481
24287,31895,39482
17376,31896,39483
8898,31896,39484
16723,31897,39485
1014,31897,39486
20710,31897,39487
23079,31897,39488
6166,31897,39489
2344,31897,39490
9854,31897,39491
10903,31897,39492
7419,31897,39493
19105,31897,39494
13959,31897,39495
13864,31897,39496
10885,31897,39497
19144,31897,39498
5348,31897,39499
5232,31897,39500
2595,31897,39501
24622,31898,39502
13759,31898,39503
21433,31898,39504
5872,31899,39505
14473,31899,39506
20296,31899,39507
18524,31899,39508
16538,31899,39509
22915,31899,39510
5125,31899,39511
475,31899,39512
7917,31899,39513
11692,31899,39514
14302,31899,39515
23811,31899,39516
23323,31900,39517
7175,31900,39518
22779,31900,39519
17601,31901,39520
5293,31902,39521
2711,31902,39522
13270,31902,39523
10297,31902,39524
14200,31902,39525
17601,31903,39526
17601,31904,39527
12694,31905,39528
6660,31905,39529
17601,31906,39530
7286,31907,39531
4098,31907,39532
788,31908,39533
10846,31908,39534
6367,31908,39535
5270,31908,39536
205,31909,39537
6270,31909,39538
10911,31909,39539
8780,31909,39540
13160,31909,39541
3141,31909,39542
24231,31909,39543
20727,31909,39544
20687,31909,39545
18574,31909,39546
14357,31909,39547
13419,31909,39548
3071,31909,39549
3125,31909,39550
4962,31909,39551
13606,31910,39552
2711,31910,39553
17601,31911,39554
901,31912,39555
9367,31912,39556
6533,31912,39557
19282,31912,39558
2733,31912,39559
15717,31912,39560
6935,31912,39561
22407,31912,39562
16945,31912,39563
15444,31912,39564
19018,31913,39565
13881,31913,39566
14558,31913,39567
18053,31914,39568
21025,31914,39569
24383,31914,39570
613,31914,39571
3458,31914,39572
19221,31914,39573
14140,31914,39574
12261,31914,39575
18814,31914,39576
12572,31914,39577
6280,31915,39578
16599,31915,39579
3678,31915,39580
14927,31915,39581
19045,31915,39582
21199,31915,39583
8349,31915,39584
17601,31916,39585
24078,31917,39586
20398,31917,39587
570,31917,39588
24494,31917,39589
19371,31918,39590
23379,31918,39591
3076,31918,39592
16129,31918,39593
20376,31918,39594
23382,31918,39595
10548,31918,39596
15031,31918,39597
17141,31918,39598
16057,31918,39599
17601,31919,39600
5080,31920,39601
16394,31920,39602
2638,31920,39603
4209,31920,39604
1812,31920,39605
486,31920,39606
24780,31920,39607
3119,31920,39608
12133,31920,39609
21918,31920,39610
21343,31920,39611
17749,31920,39612
11668,31920,39613
16024,31920,39614
23366,31920,39615
2627,31920,39616
7162,31920,39617
5998,31920,39618
7248,31920,39619
975,31921,39620
961,31921,39621
21708,31921,39622
12874,31922,39623
85,31922,39624
20815,31922,39625
17530,31922,39626
8766,31922,39627
7926,31922,39628
24193,31923,39629
20355,31923,39630
15983,31923,39631
8362,31923,39632
4234,31923,39633
7474,31923,39634
17601,31924,39635
6947,31925,39636
23395,31925,39637
9490,31925,39638
3898,31925,39639
1662,31925,39640
14731,31925,39641
17395,31925,39642
23210,31925,39643
18763,31925,39644
11169,31925,39645
23287,31925,39646
13696,31925,39647
17601,31926,39648
2883,31927,39649
8160,31927,39650
700,31927,39651
15585,31927,39652
22904,31927,39653
17601,31928,39654
3390,31929,39655
1080,31929,39656
5496,31929,39657
13270,31929,39658
13589,31929,39659
11907,31929,39660
13730,31929,39661
3250,31929,39662
3304,31929,39663
21455,31929,39664
19565,31929,39665
18908,31929,39666
18452,31929,39667
10946,31929,39668
14300,31929,39669
6948,31929,39670
6846,31929,39671
661,31929,39672
24530,31930,39673
16092,31930,39674
15170,31930,39675
14531,31930,39676
17300,31931,39677
23744,31931,39678
18964,31932,39679
2085,31932,39680
18365,31932,39681
17601,31933,39682
6671,31934,39683
9808,31934,39684
15827,31934,39685
16243,31934,39686
16451,31934,39687
18595,31934,39688
15119,31934,39689
14388,31934,39690
9929,31934,39691
1331,31934,39692
21686,31934,39693
4568,31934,39694
1958,31934,39695
17601,31935,39696
13351,31936,39697
13135,31937,39698
15058,31937,39699
23416,31937,39700
23509,31937,39701
23629,31937,39702
65,31937,39703
3591,31937,39704
9076,31937,39705
9888,31937,39706
10776,31937,39707
12024,31937,39708
12646,31937,39709
13003,31937,39710
15908,31937,39711
17121,31937,39712
18277,31937,39713
19796,31937,39714
22966,31937,39715
21183,31938,39716
17601,31939,39717
17601,31940,39718
23002,31941,39719
10993,31941,39720
18947,31941,39721
8779,31941,39722
16657,31941,39723
22679,31941,39724
199,31942,39725
18708,31942,39726
15731,31943,39727
2699,31943,39728
10783,31943,39729
8059,31943,39730
8558,31943,39731
17432,31944,39732
792,31944,39733
22950,31944,39734
20312,31944,39735
3160,31944,39736
8303,31944,39737
7002,31944,39738
4168,31944,39739
11096,31944,39740
11557,31944,39741
13950,31944,39742
10294,31944,39743
14178,31944,39744
15059,31944,39745
14939,31944,39746
14537,31944,39747
17601,31945,39748
17601,31946,39749
13554,31947,39750
14084,31947,39751
10731,31947,39752
10894,31947,39753
4328,31947,39754
2179,31947,39755
10435,31947,39756
7864,31947,39757
11101,31947,39758
11502,31947,39759
22763,31947,39760
23361,31947,39761
6106,31947,39762
5582,31947,39763
13744,31947,39764
2605,31948,39765
22241,31948,39766
2638,31948,39767
10772,31948,39768
14975,31948,39769
15797,31948,39770
1701,31948,39771
6605,31948,39772
4306,31948,39773
17193,31948,39774
17601,31949,39775
20859,31950,39776
10576,31950,39777
11843,31950,39778
24168,31951,39779
16484,31951,39780
14428,31951,39781
12407,31951,39782
7764,31951,39783
24539,31951,39784
4679,31951,39785
24450,31951,39786
9458,31951,39787
22582,31951,39788
14700,31951,39789
23300,31952,39790
17030,31952,39791
19188,31952,39792
2840,31952,39793
13210,31952,39794
11126,31952,39795
11807,31952,39796
20208,31952,39797
20876,31952,39798
6488,31952,39799
17601,31953,39800
3889,31954,39801
22197,31954,39802
11355,31954,39803
11149,31954,39804
7851,31954,39805
5290,31954,39806
7088,31954,39807
24176,31954,39808
3903,31954,39809
24773,31954,39810
6676,31955,39811
12348,31955,39812
11773,31955,39813
24174,31955,39814
22744,31955,39815
5132,31955,39816
2094,31955,39817
16721,31955,39818
16019,31955,39819
11652,31955,39820
17601,31956,39821
19913,31957,39822
7565,31957,39823
7684,31957,39824
1616,31957,39825
6901,31957,39826
5586,31957,39827
23428,31957,39828
8621,31957,39829
12931,31957,39830
20268,31957,39831
18025,31958,39832
5632,31958,39833
24569,31958,39834
15690,31958,39835
1423,31958,39836
729,31958,39837
9175,31958,39838
2206,31958,39839
7333,31958,39840
17269,31958,39841
24471,31958,39842
19118,31958,39843
1260,31958,39844
22667,31958,39845
3706,31958,39846
6946,31958,39847
12968,31958,39848
8856,31959,39849
8123,31959,39850
5874,31959,39851
7297,31959,39852
6423,31959,39853
7290,31959,39854
7860,31959,39855
19284,31959,39856
4194,31959,39857
5169,31959,39858
21058,31960,39859
4532,31960,39860
16218,31960,39861
9567,31960,39862
7586,31960,39863
10287,31961,39864
7951,31961,39865
4408,31961,39866
1292,31961,39867
20411,31961,39868
21449,31961,39869
18859,31961,39870
20691,31961,39871
15881,31961,39872
1371,31961,39873
17601,31962,39874
7058,31963,39875
5274,31963,39876
5304,31963,39877
6648,31963,39878
11217,31963,39879
22785,31963,39880
16518,31963,39881
16864,31963,39882
13985,31963,39883
21397,31963,39884
22730,31963,39885
18611,31963,39886
1979,31963,39887
23544,31963,39888
1024,31963,39889
17601,31964,39890
17601,31965,39891
17972,31966,39892
4537,31966,39893
17601,31967,39894
17601,31968,39895
5602,31969,39896
5581,31969,39897
19756,31969,39898
18166,31969,39899
11388,31969,39900
16295,31969,39901
10412,31969,39902
14738,31969,39903
9163,31969,39904
17062,31969,39905
17601,31970,39906
17601,31971,39907
4850,31972,39908
14999,31972,39909
14851,31972,39910
18451,31973,39911
937,31973,39912
705,31973,39913
391,31973,39914
6881,31973,39915
18652,31973,39916
10018,31973,39917
8106,31973,39918
23168,31973,39919
11571,31973,39920
20873,31973,39921
4066,31974,39922
1369,31974,39923
15277,31974,39924
6267,31974,39925
6131,31974,39926
23267,31974,39927
6296,31974,39928
19974,31974,39929
16522,31974,39930
11175,31974,39931
11075,31974,39932
17601,31975,39933
21425,31976,39934
16367,31976,39935
16068,31976,39936
15715,31976,39937
15714,31976,39938
16296,31976,39939
19331,31976,39940
17718,31976,39941
7644,31976,39942
2087,31976,39943
1636,31976,39944
5578,31976,39945
1267,31976,39946
23821,31976,39947
569,31976,39948
1442,31976,39949
566,31976,39950
15670,31977,39951
16930,31977,39952
14877,31977,39953
7347,31977,39954
18048,31977,39955
18905,31977,39956
7509,31977,39957
12677,31977,39958
19632,31977,39959
8137,31977,39960
3668,31978,39961
13874,31978,39962
6415,31978,39963
17601,31979,39964
17601,31980,39965
11569,31981,39966
20668,31981,39967
13770,31982,39968
10181,31982,39969
13182,31982,39970
5518,31982,39971
5468,31982,39972
3651,31982,39973
10401,31982,39974
17925,31982,39975
22863,31982,39976
16713,31982,39977
21626,31982,39978
17092,31982,39979
658,31982,39980
24106,31983,39981
847,31983,39982
15142,31983,39983
8163,31984,39984
17397,31984,39985
18244,31984,39986
23000,31984,39987
3481,31984,39988
6094,31984,39989
16528,31984,39990
7580,31984,39991
1820,31984,39992
24632,31984,39993
21970,31985,39994
3150,31985,39995
21688,31985,39996
4565,31985,39997
18236,31985,39998
5210,31985,39999
21747,31985,40000
17192,31985,40001
12822,31985,40002
4685,31985,40003
24615,31985,40004
420,31985,40005
22599,31985,40006
2205,31986,40007
15911,31986,40008
18344,31986,40009
18275,31986,40010
23178,31986,40011
13274,31986,40012
18214,31986,40013
18489,31986,40014
17649,31986,40015
1310,31986,40016
17601,31987,40017
13135,31988,40018
24464,31988,40019
13985,31988,40020
8733,31988,40021
9526,31988,40022
6234,31988,40023
13768,31988,40024
14269,31988,40025
18120,31988,40026
4305,31988,40027
3188,31988,40028
1917,31988,40029
4607,31989,40030
4936,31989,40031
17707,31989,40032
18977,31989,40033
23118,31989,40034
11911,31989,40035
5327,31989,40036
17998,31989,40037
7052,31989,40038
11058,31989,40039
10911,31989,40040
24730,31989,40041
17601,31990,40042
17601,31991,40043
15336,31992,40044
22781,31992,40045
13653,31992,40046
6826,31992,40047
9630,31992,40048
13884,31992,40049
22443,31992,40050
8703,31992,40051
24472,31992,40052
22623,31992,40053
11440,31993,40054
24168,31993,40055
23456,31993,40056
17601,31994,40057
19689,31995,40058
22651,31995,40059
2001,31995,40060
22998,31995,40061
23139,31995,40062
16612,31995,40063
11513,31995,40064
8078,31995,40065
23304,31995,40066
5959,31995,40067
7205,31995,40068
7805,31995,40069
8003,31995,40070
20315,31995,40071
17601,31996,40072
17601,31997,40073
4045,31998,40074
12235,31998,40075
6610,31998,40076
4936,31998,40077
8678,31998,40078
11976,31998,40079
11094,31998,40080
24013,31998,40081
22839,31998,40082
16849,31998,40083
5546,31999,40084
20180,31999,40085
16993,31999,40086
17601,32000,40087
17601,32001,40088
17601,32002,40089
17601,32003,40090
10161,32004,40091
2638,32004,40092
5897,32004,40093
4420,32004,40094
17601,32005,40095
17601,32006,40096
23670,32007,40097
6167,32007,40098
13395,32007,40099
23670,32008,40100
3091,32008,40101
14805,32008,40102
15128,32009,40103
23670,32009,40104
2941,32009,40105
7546,32010,40106
23670,32010,40107
23277,32010,40108
6120,32010,40109
17601,32011,40110
17601,32012,40111
17601,32013,40112
17601,32014,40113
19967,32015,40114
4212,32015,40115
17601,32016,40116
11699,32017,40117
24736,32017,40118
22902,32018,40119
1536,32018,40120
5782,32018,40121
20911,32018,40122
6700,32018,40123
7044,32018,40124
20218,32018,40125
4306,32018,40126
12618,32018,40127
12737,32018,40128
10958,32018,40129
12392,32018,40130
14357,32018,40131
16991,32018,40132
9692,32018,40133
9127,32018,40134
17286,32018,40135
2941,32019,40136
10457,32019,40137
20729,32019,40138
6430,32020,40139
19634,32020,40140
17462,32020,40141
19508,32020,40142
24452,32020,40143
19746,32020,40144
16924,32020,40145
17575,32020,40146
9835,32020,40147
7726,32020,40148
9404,32020,40149
9782,32020,40150
17461,32020,40151
14503,32020,40152
24566,32020,40153
17601,32021,40154
4537,32022,40155
23403,32022,40156
13234,32022,40157
6148,32023,40158
5227,32023,40159
4658,32023,40160
11869,32024,40161
10805,32024,40162
10789,32024,40163
17601,32025,40164
17601,32026,40165
20413,32027,40166
8840,32027,40167
9712,32027,40168
19634,32027,40169
8308,32027,40170
23032,32027,40171
5849,32027,40172
3457,32027,40173
120,32027,40174
5641,32027,40175
4995,32027,40176
18880,32028,40177
19933,32028,40178
14617,32028,40179
4859,32028,40180
18051,32028,40181
18482,32028,40182
17826,32028,40183
14626,32028,40184
1338,32028,40185
9903,32028,40186
9229,32028,40187
2828,32028,40188
783,32028,40189
22751,32029,40190
22265,32029,40191
22671,32029,40192
16092,32029,40193
17607,32029,40194
1530,32029,40195
17651,32029,40196
11286,32029,40197
12595,32029,40198
9097,32029,40199
9423,32029,40200
24470,32029,40201
18265,32030,40202
16455,32030,40203
10478,32030,40204
6932,32030,40205
1106,32030,40206
17601,32031,40207
12833,32032,40208
12916,32032,40209
13385,32032,40210
11651,32032,40211
15649,32032,40212
16218,32032,40213
15826,32032,40214
3166,32032,40215
3313,32032,40216
3863,32032,40217
9103,32032,40218
16418,32032,40219
20561,32032,40220
23212,32032,40221
16640,32032,40222
17601,32033,40223
24641,32034,40224
24589,32034,40225
348,32034,40226
24553,32034,40227
20068,32034,40228
9409,32034,40229
15389,32034,40230
17292,32034,40231
17289,32034,40232
17255,32034,40233
17601,32035,40234
17601,32036,40235
17415,32037,40236
17601,32038,40237
17601,32039,40238
8564,32040,40239
14202,32040,40240
13233,32040,40241
18349,32040,40242
18117,32040,40243
8984,32040,40244
2625,32040,40245
9224,32040,40246
11542,32040,40247
7514,32040,40248
14722,32041,40249
23019,32041,40250
8441,32041,40251
17757,32041,40252
18396,32041,40253
21701,32041,40254
1745,32041,40255
16407,32041,40256
3462,32041,40257
7531,32041,40258
9843,32041,40259
18476,32042,40260
15968,32042,40261
14467,32042,40262
13765,32042,40263
1558,32042,40264
3709,32042,40265
3981,32042,40266
17060,32042,40267
10822,32042,40268
17601,32043,40269
20589,32044,40270
20759,32044,40271
14846,32044,40272
21695,32044,40273
9383,32044,40274
13000,32044,40275
24647,32044,40276
7334,32044,40277
11328,32044,40278
8128,32044,40279
9020,32044,40280
11416,32044,40281
13313,32044,40282
2645,32045,40283
12552,32045,40284
5942,32045,40285
4898,32045,40286
7172,32045,40287
11567,32045,40288
7200,32045,40289
17793,32045,40290
19324,32045,40291
6288,32045,40292
1519,32045,40293
16599,32045,40294
14554,32045,40295
6551,32046,40296
7044,32046,40297
23357,32046,40298
22215,32046,40299
9508,32046,40300
11472,32046,40301
4687,32046,40302
2600,32046,40303
15323,32046,40304
2552,32046,40305
17601,32047,40306
10654,32048,40307
19775,32048,40308
3669,32048,40309
3197,32048,40310
1592,32048,40311
15933,32048,40312
16987,32048,40313
16903,32048,40314
12740,32048,40315
11406,32049,40316
13414,32049,40317
16140,32049,40318
18781,32049,40319
23452,32049,40320
24433,32049,40321
17005,32049,40322
230,32049,40323
3318,32049,40324
4456,32049,40325
5636,32049,40326
17601,32050,40327
15151,32051,40328
17601,32052,40329
17601,32053,40330
17601,32054,40331
5250,32055,40332
18140,32055,40333
13389,32055,40334
15794,32055,40335
3834,32055,40336
4722,32055,40337
1451,32055,40338
22369,32055,40339
20958,32055,40340
22342,32055,40341
17490,32056,40342
19039,32057,40343
4227,32057,40344
17601,32058,40345
9518,32059,40346
12202,32059,40347
4524,32059,40348
4775,32059,40349
6518,32059,40350
5416,32059,40351
7751,32059,40352
11662,32059,40353
8467,32059,40354
9131,32059,40355
15818,32059,40356
16465,32059,40357
17601,32060,40358
17601,32061,40359
17601,32062,40360
22399,32063,40361
20626,32063,40362
11026,32063,40363
14622,32063,40364
630,32063,40365
17601,32064,40366
17601,32065,40367
3838,32066,40368
7280,32066,40369
8839,32066,40370
2666,32066,40371
17539,32066,40372
18765,32066,40373
21731,32066,40374
11462,32066,40375
2699,32066,40376
1720,32066,40377
17601,32067,40378
23129,32068,40379
12358,32068,40380
11142,32068,40381
5408,32068,40382
4986,32068,40383
321,32068,40384
7018,32068,40385
10846,32068,40386
5458,32068,40387
17601,32069,40388
17601,32070,40389
24253,32071,40390
23403,32071,40391
23403,32072,40392
24253,32072,40393
12173,32072,40394
1466,32073,40395
1560,32073,40396
1270,32073,40397
4382,32073,40398
22260,32073,40399
22945,32073,40400
19001,32073,40401
17662,32073,40402
19727,32073,40403
19533,32073,40404
7273,32073,40405
14449,32073,40406
13161,32073,40407
11151,32073,40408
13801,32073,40409
13983,32073,40410
5960,32073,40411
14136,32073,40412
17601,32074,40413
2693,32075,40414
8855,32075,40415
6268,32075,40416
5160,32076,40417
8926,32076,40418
23969,32076,40419
16139,32077,40420
14999,32077,40421
23969,32077,40422
17601,32078,40423
17601,32079,40424
23494,32080,40425
13642,32081,40426
10993,32081,40427
19087,32081,40428
17601,32082,40429
4897,32083,40430
14427,32083,40431
10453,32083,40432
17601,32084,40433
17601,32085,40434
17601,32086,40435
14098,32087,40436
12929,32087,40437
13031,32087,40438
4694,32087,40439
17547,32087,40440
6236,32087,40441
7830,32087,40442
20749,32087,40443
683,32087,40444
18373,32087,40445
14927,32087,40446
11120,32087,40447
14455,32087,40448
15543,32087,40449
22155,32087,40450
8600,32087,40451
10712,32087,40452
17601,32088,40453
18283,32089,40454
22436,32089,40455
10957,32089,40456
2282,32089,40457
2563,32089,40458
20134,32089,40459
17935,32089,40460
13308,32089,40461
18778,32089,40462
19429,32089,40463
18868,32089,40464
23106,32089,40465
1673,32090,40466
14696,32090,40467
10055,32090,40468
9834,32090,40469
9318,32090,40470
14885,32090,40471
12454,32090,40472
1278,32090,40473
1946,32090,40474
23952,32090,40475
24249,32090,40476
8873,32090,40477
24294,32090,40478
7899,32090,40479
7089,32090,40480
2927,32090,40481
5200,32090,40482
712,32091,40483
3634,32091,40484
24,32091,40485
15048,32091,40486
15060,32091,40487
13182,32091,40488
10254,32091,40489
10311,32091,40490
6700,32091,40491
15394,32091,40492
17988,32091,40493
22624,32091,40494
24360,32091,40495
5603,32091,40496
8778,32091,40497
18786,32091,40498
6143,32091,40499
10233,32091,40500
17601,32092,40501
2232,32093,40502
152,32093,40503
1644,32093,40504
24658,32093,40505
17727,32094,40506
18141,32094,40507
19056,32094,40508
19340,32094,40509
19663,32094,40510
20453,32094,40511
5773,32094,40512
15857,32094,40513
14119,32094,40514
14102,32094,40515
9659,32094,40516
11203,32094,40517
11778,32094,40518
13203,32094,40519
749,32094,40520
3743,32094,40521
4046,32094,40522
17287,32095,40523
17601,32096,40524
17601,32097,40525
6994,32098,40526
13473,32098,40527
4832,32098,40528
6594,32098,40529
15766,32098,40530
7445,32098,40531
7971,32098,40532
22940,32098,40533
987,32098,40534
1754,32098,40535
17791,32099,40536
18715,32099,40537
13824,32099,40538
8356,32100,40539
11682,32100,40540
10174,32100,40541
5092,32100,40542
17279,32100,40543
23866,32100,40544
5388,32100,40545
16879,32100,40546
22184,32100,40547
19733,32100,40548
17333,32100,40549
13888,32100,40550
13802,32100,40551
16092,32100,40552
7405,32100,40553
9171,32100,40554
7446,32100,40555
11561,32100,40556
1189,32101,40557
12369,32101,40558
24211,32101,40559
17258,32102,40560
22835,32103,40561
5473,32104,40562
5281,32104,40563
19903,32104,40564
21370,32104,40565
16191,32104,40566
9878,32104,40567
8581,32104,40568
18486,32104,40569
24225,32104,40570
24049,32104,40571
23040,32104,40572
8218,32104,40573
2451,32104,40574
5106,32104,40575
393,32104,40576
1810,32104,40577
24617,32105,40578
1717,32105,40579
7273,32106,40580
5940,32106,40581
9505,32106,40582
22221,32106,40583
4301,32106,40584
1152,32106,40585
24783,32106,40586
24665,32106,40587
16196,32106,40588
23201,32106,40589
23302,32107,40590
17601,32108,40591
17601,32109,40592
17601,32110,40593
17601,32111,40594
8278,32112,40595
17302,32112,40596
21665,32112,40597
5844,32112,40598
5703,32112,40599
12543,32112,40600
17601,32113,40601
9536,32114,40602
11306,32114,40603
13611,32114,40604
17278,32114,40605
17549,32114,40606
6379,32114,40607
822,32114,40608
20096,32114,40609
1581,32114,40610
81,32114,40611
396,32114,40612
1020,32114,40613
22419,32114,40614
17601,32115,40615
16453,32116,40616
18432,32116,40617
18051,32116,40618
8411,32116,40619
13949,32116,40620
12135,32116,40621
1545,32116,40622
1718,32116,40623
24698,32116,40624
14794,32116,40625
15693,32116,40626
20948,32116,40627
20247,32116,40628
19489,32116,40629
2919,32116,40630
21391,32116,40631
17601,32117,40632
17601,32118,40633
20297,32119,40634
11938,32119,40635
3107,32119,40636
13503,32120,40637
1022,32120,40638
22624,32120,40639
17601,32121,40640
6511,32122,40641
11699,32122,40642
13273,32122,40643
10993,32122,40644
10928,32122,40645
3720,32122,40646
13274,32122,40647
18810,32122,40648
17122,32122,40649
19563,32122,40650
24317,32122,40651
20270,32122,40652
23144,32122,40653
11280,32122,40654
543,32122,40655
11001,32122,40656
20900,32123,40657
22069,32123,40658
17273,32123,40659
24117,32124,40660
6857,32124,40661
24365,32124,40662
3074,32124,40663
2397,32124,40664
21237,32125,40665
23452,32125,40666
22611,32125,40667
20433,32125,40668
17165,32125,40669
16426,32125,40670
6296,32125,40671
15,32125,40672
10559,32125,40673
9414,32125,40674
11402,32125,40675
12191,32125,40676
17917,32125,40677
17626,32125,40678
16725,32126,40679
18069,32126,40680
12258,32126,40681
13274,32126,40682
8639,32126,40683
19,32126,40684
1499,32126,40685
3691,32126,40686
3912,32126,40687
9978,32126,40688
20961,32126,40689
4077,32126,40690
17601,32127,40691
17601,32128,40692
17601,32129,40693
17601,32130,40694
9518,32131,40695
15824,32131,40696
3701,32131,40697
4914,32131,40698
8032,32131,40699
9350,32131,40700
18768,32131,40701
19788,32131,40702
20243,32131,40703
11298,32131,40704
20450,32131,40705
22235,32131,40706
1405,32131,40707
24555,32131,40708
3617,32131,40709
14263,32131,40710
11592,32131,40711
17601,32132,40712
16372,32133,40713
2244,32133,40714
4211,32133,40715
2530,32133,40716
21375,32133,40717
18473,32133,40718
10034,32133,40719
8951,32133,40720
6422,32133,40721
5217,32133,40722
624,32134,40723
1040,32134,40724
1848,32134,40725
12190,32134,40726
15782,32134,40727
13961,32134,40728
8027,32134,40729
9964,32134,40730
6450,32134,40731
10208,32134,40732
17567,32134,40733
16339,32134,40734
22240,32134,40735
20529,32134,40736
6390,32134,40737
5030,32134,40738
11339,32134,40739
18563,32135,40740
13515,32135,40741
18582,32135,40742
19713,32135,40743
22360,32135,40744
813,32135,40745
14448,32135,40746
10579,32135,40747
12110,32135,40748
12954,32135,40749
4327,32135,40750
17601,32136,40751
7529,32137,40752
14371,32137,40753
7871,32137,40754
16784,32137,40755
8848,32137,40756
12207,32137,40757
24262,32137,40758
5250,32137,40759
4265,32137,40760
6798,32137,40761
525,32137,40762
3448,32137,40763
3021,32137,40764
10198,32138,40765
3327,32138,40766
21602,32138,40767
19723,32138,40768
24262,32139,40769
24741,32140,40770
17601,32141,40771
1488,32142,40772
3938,32142,40773
2652,32142,40774
20372,32142,40775
19128,32142,40776
4472,32142,40777
17650,32142,40778
23329,32142,40779
6712,32142,40780
10055,32142,40781
8106,32142,40782
16266,32142,40783
9969,32143,40784
8944,32143,40785
9656,32143,40786
13423,32143,40787
18027,32143,40788
20788,32143,40789
18778,32143,40790
12167,32143,40791
14124,32143,40792
7191,32143,40793
15495,32143,40794
4761,32143,40795
1002,32143,40796
22569,32143,40797
1586,32143,40798
17601,32144,40799
24262,32145,40800
20562,32145,40801
12148,32146,40802
11708,32146,40803
23806,32146,40804
19138,32146,40805
16921,32146,40806
10399,32146,40807
7788,32146,40808
2513,32146,40809
4024,32146,40810
13791,32146,40811
15944,32146,40812
13338,32146,40813
12489,32146,40814
222,32147,40815
20565,32147,40816
20387,32147,40817
12283,32147,40818
18709,32147,40819
19280,32147,40820
9835,32147,40821
1554,32147,40822
2556,32147,40823
8862,32147,40824
11322,32148,40825
17775,32148,40826
7931,32148,40827
4761,32148,40828
1154,32148,40829
780,32148,40830
17601,32149,40831
18627,32150,40832
15600,32150,40833
18323,32150,40834
24322,32150,40835
24130,32150,40836
19657,32150,40837
2772,32150,40838
14169,32150,40839
9928,32150,40840
2814,32150,40841
11957,32151,40842
6977,32151,40843
6630,32151,40844
5814,32151,40845
3703,32151,40846
10666,32151,40847
10635,32151,40848
8473,32151,40849
8263,32151,40850
13386,32151,40851
14981,32151,40852
16035,32151,40853
20129,32151,40854
13274,32151,40855
14058,32152,40856
17649,32152,40857
12670,32152,40858
7338,32153,40859
15681,32153,40860
5386,32153,40861
8347,32154,40862
199,32154,40863
229,32154,40864
5558,32154,40865
5940,32154,40866
15013,32154,40867
15048,32154,40868
24849,32154,40869
21698,32154,40870
9559,32154,40871
10081,32154,40872
10977,32154,40873
11751,32154,40874
22423,32154,40875
22899,32154,40876
13335,32155,40877
14975,32155,40878
7080,32155,40879
11866,32155,40880
12376,32155,40881
12187,32155,40882
24469,32155,40883
2101,32155,40884
5676,32155,40885
5221,32155,40886
18429,32155,40887
18598,32155,40888
19009,32155,40889
24262,32155,40890
16867,32155,40891
16016,32155,40892
16991,32155,40893
3167,32156,40894
2630,32156,40895
2761,32156,40896
2942,32156,40897
3137,32156,40898
7352,32156,40899
9262,32156,40900
12577,32156,40901
1535,32156,40902
15206,32156,40903
14373,32156,40904
4008,32156,40905
12977,32156,40906
19574,32156,40907
18672,32156,40908
16120,32156,40909
16039,32156,40910
6246,32156,40911
17601,32157,40912
7537,32158,40913
723,32158,40914
21470,32158,40915
5399,32158,40916
3849,32158,40917
7893,32158,40918
20544,32158,40919
14042,32158,40920
10567,32158,40921
8551,32158,40922
18135,32158,40923
14699,32158,40924
14395,32158,40925
18240,32158,40926
18891,32158,40927
20243,32158,40928
12670,32158,40929
17601,32159,40930
17601,32160,40931
12533,32161,40932
5558,32161,40933
5372,32161,40934
17601,32162,40935
10198,32163,40936
13380,32163,40937
11046,32163,40938
17601,32164,40939
19085,32165,40940
13714,32165,40941
21658,32165,40942
23177,32165,40943
19782,32165,40944
20731,32165,40945
11668,32165,40946
13745,32165,40947
14965,32165,40948
24211,32165,40949
503,32165,40950
11479,32165,40951
9446,32165,40952
8592,32165,40953
7117,32165,40954
17601,32166,40955
19417,32167,40956
16139,32167,40957
14838,32167,40958
5161,32167,40959
6337,32167,40960
23620,32168,40961
15628,32168,40962
8606,32168,40963
9562,32168,40964
8708,32168,40965
16578,32168,40966
14480,32168,40967
6328,32168,40968
8605,32168,40969
2738,32168,40970
4593,32169,40971
14939,32169,40972
13654,32169,40973
12631,32169,40974
12637,32169,40975
5362,32169,40976
7766,32169,40977
4921,32169,40978
4827,32169,40979
11884,32169,40980
10151,32170,40981
6706,32170,40982
15473,32170,40983
1458,32170,40984
8443,32170,40985
2745,32170,40986
4769,32170,40987
10821,32170,40988
19626,32170,40989
23017,32170,40990
16931,32170,40991
17601,32171,40992
17601,32172,40993
17601,32173,40994
22766,32174,40995
23739,32174,40996
22806,32174,40997
3376,32174,40998
13753,32174,40999
2118,32174,41000
1332,32174,41001
133,32174,41002
7172,32174,41003
16845,32174,41004
14473,32174,41005
24783,32174,41006
3276,32174,41007
21751,32174,41008
16963,32174,41009
11043,32175,41010
10964,32175,41011
9829,32175,41012
23723,32175,41013
14621,32175,41014
14009,32175,41015
18168,32175,41016
17435,32175,41017
23066,32175,41018
18959,32175,41019
15936,32175,41020
17601,32176,41021
17601,32177,41022
17601,32178,41023
17601,32179,41024
17601,32180,41025
7353,32181,41026
6603,32181,41027
23069,32181,41028
10491,32181,41029
17601,32182,41030
3637,32183,41031
525,32183,41032
98,32183,41033
17601,32184,41034
12891,32185,41035
8770,32185,41036
10185,32185,41037
13229,32185,41038
13294,32185,41039
14039,32185,41040
13742,32185,41041
828,32185,41042
4311,32185,41043
6201,32185,41044
5636,32185,41045
288,32185,41046
18134,32185,41047
18037,32185,41048
18211,32185,41049
14606,32185,41050
16984,32185,41051
17225,32185,41052
17601,32186,41053
17601,32187,41054
9938,32188,41055
1456,32188,41056
2913,32188,41057
326,32188,41058
1270,32188,41059
8706,32188,41060
3460,32188,41061
15936,32188,41062
10123,32188,41063
17601,32189,41064
17601,32190,41065
17601,32191,41066
17601,32192,41067
17601,32193,41068
22284,32194,41069
1338,32194,41070
9960,32194,41071
1592,32194,41072
20973,32194,41073
15716,32194,41074
10438,32194,41075
18479,32194,41076
18583,32194,41077
14797,32194,41078
11762,32194,41079
24782,32195,41080
14585,32195,41081
14085,32195,41082
22016,32195,41083
11900,32195,41084
1308,32195,41085
10433,32195,41086
20924,32195,41087
15187,32195,41088
7597,32195,41089
11157,32195,41090
1414,32195,41091
11021,32195,41092
15278,32196,41093
19568,32196,41094
7273,32196,41095
23144,32197,41096
712,32197,41097
23201,32197,41098
23739,32197,41099
5828,32197,41100
1369,32197,41101
13753,32197,41102
14521,32197,41103
9970,32197,41104
10911,32197,41105
7001,32198,41106
11112,32198,41107
22226,32198,41108
2177,32198,41109
5668,32198,41110
21003,32198,41111
18004,32198,41112
15544,32198,41113
13930,32198,41114
13537,32198,41115
2444,32198,41116
2121,32198,41117
2821,32198,41118
17601,32199,41119
17601,32200,41120
7016,32201,41121
584,32201,41122
11633,32201,41123
8707,32201,41124
10176,32201,41125
10368,32201,41126
14186,32201,41127
18535,32201,41128
14373,32201,41129
23706,32201,41130
9407,32201,41131
4128,32201,41132
8106,32201,41133
5145,32201,41134
17601,32202,41135
20518,32203,41136
24658,32203,41137
14660,32203,41138
21456,32203,41139
17601,32204,41140
17601,32205,41141
17601,32206,41142
6375,32207,41143
5679,32207,41144
16729,32207,41145
17011,32208,41146
2220,32208,41147
24593,32208,41148
9209,32208,41149
18235,32208,41150
23495,32208,41151
24585,32208,41152
14710,32209,41153
2004,32209,41154
16332,32209,41155
4599,32209,41156
4354,32209,41157
2124,32209,41158
2208,32209,41159
3650,32209,41160
5069,32209,41161
13858,32209,41162
11564,32209,41163
15315,32209,41164
24194,32210,41165
532,32210,41166
312,32210,41167
15037,32210,41168
15174,32210,41169
15330,32210,41170
18372,32210,41171
13788,32210,41172
12947,32210,41173
10592,32210,41174
1444,32210,41175
18412,32211,41176
15862,32211,41177
3559,32211,41178
9703,32211,41179
23714,32211,41180
18922,32211,41181
21202,32211,41182
21361,32211,41183
23354,32211,41184
24498,32211,41185
17593,32212,41186
1252,32212,41187
17376,32212,41188
7816,32212,41189
6924,32212,41190
6296,32212,41191
24713,32212,41192
20272,32212,41193
18712,32212,41194
5587,32212,41195
16242,32213,41196
19840,32213,41197
19337,32213,41198
17945,32213,41199
13911,32213,41200
15039,32213,41201
11217,32213,41202
7654,32213,41203
5900,32213,41204
1058,32213,41205
5531,32213,41206
5049,32213,41207
7574,32213,41208
7107,32213,41209
507,32213,41210
12514,32214,41211
18051,32214,41212
11194,32214,41213
17601,32215,41214
17601,32216,41215
17601,32217,41216
17668,32218,41217
21204,32218,41218
22797,32218,41219
6009,32218,41220
5140,32218,41221
14892,32218,41222
14167,32218,41223
14128,32218,41224
12563,32218,41225
12301,32218,41226
6428,32218,41227
6102,32219,41228
15169,32219,41229
10780,32219,41230
13908,32219,41231
78,32219,41232
22326,32219,41233
19650,32219,41234
24822,32219,41235
9859,32219,41236
2407,32219,41237
10584,32220,41238
2152,32220,41239
12092,32220,41240
6017,32220,41241
3467,32220,41242
14982,32220,41243
796,32220,41244
15883,32220,41245
712,32220,41246
22571,32220,41247
20215,32220,41248
19713,32220,41249
17629,32220,41250
16457,32220,41251
15756,32221,41252
13689,32221,41253
24075,32221,41254
17601,32222,41255
20471,32223,41256
13968,32223,41257
18805,32223,41258
19116,32223,41259
5918,32223,41260
3938,32223,41261
16055,32223,41262
15832,32223,41263
3119,32223,41264
23423,32223,41265
24260,32223,41266
4829,32223,41267
19970,32223,41268
20409,32223,41269
9450,32223,41270
23144,32223,41271
20433,32223,41272
2554,32224,41273
14918,32224,41274
16307,32224,41275
22732,32224,41276
17034,32224,41277
19942,32224,41278
18546,32224,41279
163,32224,41280
13428,32224,41281
7379,32224,41282
17601,32225,41283
17198,32226,41284
24054,32226,41285
14249,32226,41286
13175,32226,41287
10947,32226,41288
14430,32226,41289
13587,32226,41290
19299,32226,41291
21520,32226,41292
24513,32226,41293
9446,32227,41294
14651,32227,41295
20297,32227,41296
8313,32228,41297
19906,32228,41298
23407,32229,41299
23538,32229,41300
11088,32229,41301
8788,32229,41302
8220,32230,41303
10203,32230,41304
15014,32230,41305
15496,32230,41306
17544,32230,41307
18678,32230,41308
807,32230,41309
1869,32230,41310
24710,32231,41311
9264,32231,41312
1120,32231,41313
17806,32231,41314
20811,32231,41315
904,32231,41316
22969,32232,41317
20819,32232,41318
22729,32232,41319
19259,32232,41320
4229,32232,41321
13921,32232,41322
18262,32232,41323
12811,32232,41324
18588,32232,41325
9639,32233,41326
22770,32233,41327
4891,32234,41328
16961,32234,41329
7171,32235,41330
6932,32235,41331
8551,32235,41332
9512,32235,41333
15059,32235,41334
15164,32235,41335
24238,32235,41336
553,32235,41337
4482,32235,41338
20228,32235,41339
21023,32236,41340
12086,32236,41341
1292,32236,41342
8416,32236,41343
10212,32236,41344
8011,32236,41345
12568,32236,41346
7484,32236,41347
648,32236,41348
594,32236,41349
18355,32236,41350
17601,32237,41351
6441,32238,41352
16174,32238,41353
18217,32238,41354
13525,32238,41355
12434,32238,41356
19682,32238,41357
2662,32238,41358
11911,32238,41359
5787,32238,41360
3210,32238,41361
6940,32239,41362
19582,32239,41363
19568,32239,41364
19522,32239,41365
20478,32239,41366
4577,32239,41367
5386,32239,41368
5744,32239,41369
15146,32239,41370
10928,32239,41371
17650,32239,41372
14018,32239,41373
12273,32239,41374
2645,32239,41375
1221,32239,41376
2895,32239,41377
17892,32240,41378
13735,32240,41379
570,32240,41380
1941,32240,41381
2894,32240,41382
9971,32240,41383
16769,32240,41384
18621,32240,41385
172,32240,41386
3079,32240,41387
7413,32240,41388
9524,32240,41389
16450,32240,41390
8227,32240,41391
4634,32240,41392
3004,32240,41393
4914,32240,41394
4956,32240,41395
17601,32241,41396
6474,32242,41397
17983,32242,41398
9522,32242,41399
19009,32243,41400
22497,32243,41401
23696,32244,41402
24859,32244,41403
7123,32244,41404
18453,32245,41405
18677,32245,41406
14628,32245,41407
14145,32245,41408
8855,32245,41409
18047,32245,41410
23985,32245,41411
18267,32245,41412
12572,32245,41413
4464,32245,41414
21782,32245,41415
1776,32246,41416
15089,32246,41417
5002,32246,41418
12514,32246,41419
14449,32246,41420
16964,32246,41421
17751,32246,41422
21239,32246,41423
17601,32247,41424
21965,32248,41425
1531,32248,41426
1944,32248,41427
21765,32248,41428
17154,32248,41429
15320,32248,41430
17601,32249,41431
17601,32250,41432
2750,32251,41433
4314,32251,41434
23112,32251,41435
18797,32251,41436
1685,32251,41437
1091,32251,41438
9512,32251,41439
10373,32251,41440
11461,32251,41441
7052,32251,41442
3436,32251,41443
3958,32251,41444
17998,32251,41445
14612,32251,41446
11911,32251,41447
2097,32251,41448
21691,32251,41449
17601,32252,41450
17205,32253,41451
24745,32253,41452
9520,32253,41453
17601,32254,41454
17601,32255,41455
6167,32256,41456
10280,32256,41457
17601,32257,41458
2092,32258,41459
16435,32258,41460
19715,32258,41461
12943,32258,41462
6313,32258,41463
11275,32258,41464
22617,32258,41465
12702,32258,41466
9982,32258,41467
9274,32258,41468
17601,32259,41469
10443,32260,41470
21681,32260,41471
22095,32260,41472
24262,32260,41473
4196,32260,41474
22148,32260,41475
23715,32260,41476
16618,32260,41477
4513,32260,41478
22148,32261,41479
24262,32261,41480
23715,32261,41481
10443,32261,41482
21681,32261,41483
4196,32261,41484
4956,32261,41485
17601,32262,41486
17601,32263,41487
3508,32264,41488
5490,32265,41489
5227,32265,41490
8350,32265,41491
6063,32265,41492
1701,32265,41493
13023,32265,41494
8955,32265,41495
13095,32265,41496
16174,32265,41497
13870,32265,41498
17193,32265,41499
9289,32265,41500
2327,32265,41501
18422,32265,41502
10198,32265,41503
3296,32265,41504
3938,32265,41505
8826,32265,41506
17601,32266,41507
17407,32267,41508
21544,32267,41509
10082,32267,41510
10229,32267,41511
10510,32267,41512
202,32267,41513
6370,32267,41514
6691,32267,41515
7086,32267,41516
661,32267,41517
15955,32267,41518
16546,32267,41519
10617,32267,41520
17601,32268,41521
113,32269,41522
2358,32269,41523
18550,32269,41524
17601,32270,41525
24138,32271,41526
10276,32271,41527
17601,32272,41528
7487,32273,41529
2381,32273,41530
8500,32273,41531
45,32274,41532
677,32274,41533
7129,32274,41534
60,32274,41535
8220,32274,41536
18128,32274,41537
23079,32274,41538
6974,32274,41539
13298,32274,41540
20612,32274,41541
23878,32274,41542
23144,32275,41543
13363,32275,41544
21270,32275,41545
16377,32275,41546
8321,32275,41547
3100,32275,41548
20002,32275,41549
22217,32275,41550
23507,32275,41551
17601,32276,41552
9545,32277,41553
11285,32277,41554
17187,32277,41555
3816,32278,41556
3660,32278,41557
2666,32278,41558
13680,32278,41559
4163,32278,41560
22412,32278,41561
23983,32278,41562
15674,32278,41563
4289,32278,41564
4727,32278,41565
9129,32278,41566
24815,32279,41567
24797,32279,41568
726,32279,41569
24846,32279,41570
7476,32279,41571
12707,32279,41572
20762,32279,41573
9899,32279,41574
22727,32279,41575
8929,32279,41576
17601,32280,41577
4402,32281,41578
13064,32281,41579
20927,32281,41580
20657,32281,41581
12670,32281,41582
22156,32281,41583
20439,32281,41584
10055,32281,41585
8305,32281,41586
8208,32281,41587
11813,32281,41588
7983,32281,41589
5964,32281,41590
7770,32281,41591
2027,32281,41592
3561,32281,41593
1511,32281,41594
16719,32281,41595
8946,32282,41596
22453,32282,41597
10179,32282,41598
12897,32282,41599
13685,32282,41600
17185,32282,41601
21404,32282,41602
24563,32282,41603
10178,32282,41604
21405,32282,41605
6584,32283,41606
2847,32284,41607
12505,32284,41608
14703,32284,41609
737,32284,41610
1624,32284,41611
7625,32284,41612
11042,32284,41613
11217,32284,41614
17494,32284,41615
17558,32284,41616
15896,32284,41617
19647,32284,41618
2424,32284,41619
12421,32284,41620
9117,32285,41621
9803,32285,41622
12189,32285,41623
3107,32286,41624
2863,32286,41625
24729,32286,41626
17407,32286,41627
20114,32286,41628
21698,32286,41629
20737,32286,41630
22929,32286,41631
10034,32286,41632
9228,32286,41633
6712,32286,41634
3337,32286,41635
16174,32286,41636
14410,32286,41637
22614,32286,41638
22117,32286,41639
12173,32286,41640
12476,32286,41641
12834,32286,41642
14376,32286,41643
17601,32287,41644
7525,32288,41645
10378,32288,41646
7140,32288,41647
434,32288,41648
5227,32288,41649
6579,32288,41650
5285,32288,41651
5259,32288,41652
3107,32288,41653
2287,32288,41654
2254,32288,41655
13824,32288,41656
3436,32288,41657
4829,32288,41658
3525,32288,41659
12429,32288,41660
10408,32288,41661
9112,32288,41662
4102,32289,41663
9328,32289,41664
23064,32290,41665
11210,32290,41666
16308,32290,41667
17509,32290,41668
10667,32290,41669
7710,32290,41670
11730,32290,41671
12788,32290,41672
3448,32290,41673
7207,32290,41674
13163,32291,41675
2342,32291,41676
22673,32291,41677
9417,32291,41678
9176,32291,41679
20831,32291,41680
22665,32291,41681
15388,32291,41682
15429,32291,41683
24620,32291,41684
1701,32292,41685
11359,32292,41686
18715,32292,41687
17601,32293,41688
17601,32294,41689
17601,32295,41690
16177,32296,41691
14697,32296,41692
4072,32297,41693
7535,32297,41694
1964,32297,41695
15096,32297,41696
17601,32298,41697
17601,32299,41698
17601,32300,41699
8082,32301,41700
11033,32301,41701
20381,32301,41702
4910,32301,41703
17563,32301,41704
2496,32301,41705
6104,32301,41706
5270,32301,41707
14088,32301,41708
23758,32301,41709
22822,32302,41710
10988,32302,41711
12173,32302,41712
8384,32302,41713
10867,32302,41714
10294,32302,41715
10239,32302,41716
1292,32302,41717
668,32302,41718
2600,32302,41719
14212,32302,41720
14785,32302,41721
15080,32302,41722
17161,32302,41723
21270,32302,41724
22964,32302,41725
17696,32302,41726
8789,32303,41727
22694,32303,41728
20145,32303,41729
20287,32303,41730
5382,32303,41731
9827,32303,41732
11515,32303,41733
12205,32303,41734
13911,32303,41735
17688,32303,41736
15412,32304,41737
9377,32304,41738
4417,32305,41739
11816,32305,41740
12448,32305,41741
23328,32305,41742
8425,32305,41743
840,32305,41744
14291,32305,41745
8822,32305,41746
13842,32305,41747
16497,32305,41748
18344,32305,41749
23514,32305,41750
2175,32306,41751
15965,32306,41752
6041,32306,41753
1865,32307,41754
16648,32307,41755
16662,32307,41756
2605,32307,41757
17991,32307,41758
17537,32307,41759
14631,32307,41760
11503,32307,41761
8981,32307,41762
8812,32307,41763
8777,32307,41764
19403,32307,41765
18559,32307,41766
18357,32307,41767
19150,32307,41768
23480,32307,41769
14346,32308,41770
16256,32308,41771
21095,32308,41772
13310,32308,41773
17601,32309,41774
23842,32310,41775
19138,32310,41776
9833,32310,41777
9742,32311,41778
1280,32311,41779
9092,32311,41780
17601,32312,41781
17601,32313,41782
17601,32314,41783
17601,32315,41784
6338,32316,41785
6032,32316,41786
6424,32316,41787
20870,32316,41788
10550,32316,41789
24556,32316,41790
8498,32316,41791
18430,32317,41792
5575,32317,41793
1219,32317,41794
2796,32317,41795
6562,32317,41796
17601,32318,41797
17601,32319,41798
17601,32320,41799
17601,32321,41800
17601,32322,41801
9820,32323,41802
10236,32323,41803
19776,32323,41804
24019,32323,41805
2372,32323,41806
8912,32323,41807
10623,32323,41808
10684,32323,41809
4265,32323,41810
11784,32323,41811
5230,32323,41812
347,32323,41813
3898,32323,41814
15684,32323,41815
6151,32323,41816
16835,32323,41817
11118,32323,41818
22545,32324,41819
9174,32324,41820
12741,32324,41821
16099,32324,41822
7246,32325,41823
6739,32325,41824
6294,32325,41825
12587,32325,41826
23888,32325,41827
12856,32325,41828
16085,32325,41829
15654,32325,41830
22992,32325,41831
18727,32325,41832
2257,32325,41833
2022,32325,41834
12400,32326,41835
10511,32326,41836
1834,32326,41837
19249,32326,41838
2243,32326,41839
3436,32326,41840
9207,32326,41841
20235,32326,41842
16286,32326,41843
16796,32326,41844
14212,32326,41845
13876,32326,41846
9565,32326,41847
20654,32327,41848
19182,32327,41849
24426,32327,41850
15601,32327,41851
17681,32327,41852
6883,32327,41853
3773,32327,41854
23101,32328,41855
15156,32328,41856
15157,32328,41857
24747,32328,41858
15357,32328,41859
6002,32329,41860
11893,32329,41861
6716,32329,41862
22106,32329,41863
24415,32329,41864
24118,32329,41865
21894,32329,41866
24750,32329,41867
23457,32329,41868
22750,32329,41869
17601,32330,41870
1277,32331,41871
23483,32331,41872
23415,32331,41873
2934,32331,41874
23245,32331,41875
21901,32331,41876
22148,32331,41877
8254,32331,41878
19399,32331,41879
11926,32331,41880
5368,32331,41881
18051,32332,41882
9212,32332,41883
50,32333,41884
494,32333,41885
2891,32333,41886
3604,32333,41887
6609,32333,41888
2582,32333,41889
7899,32333,41890
10459,32333,41891
10317,32333,41892
12034,32333,41893
16219,32333,41894
19751,32333,41895
18815,32333,41896
22345,32333,41897
23441,32333,41898
22215,32333,41899
4415,32333,41900
20918,32333,41901
17601,32334,41902
2630,32335,41903
1001,32335,41904
14856,32335,41905
22223,32335,41906
20825,32335,41907
12770,32335,41908
7178,32335,41909
10723,32335,41910
16,32335,41911
6742,32335,41912
17601,32336,41913
3030,32337,41914
16783,32337,41915
5291,32337,41916
1810,32337,41917
11624,32337,41918
9331,32337,41919
7324,32337,41920
7170,32337,41921
7077,32337,41922
23834,32337,41923
13769,32337,41924
3384,32338,41925
15538,32338,41926
11682,32338,41927
12257,32338,41928
13294,32338,41929
13589,32338,41930
9771,32338,41931
3499,32338,41932
8785,32338,41933
8650,32338,41934
7007,32338,41935
6743,32338,41936
4979,32338,41937
3977,32338,41938
19235,32338,41939
10422,32338,41940
21017,32338,41941
20674,32338,41942
7580,32339,41943
7176,32339,41944
8285,32339,41945
9063,32339,41946
4003,32339,41947
7558,32339,41948
5150,32339,41949
16497,32339,41950
23247,32339,41951
18972,32339,41952
22262,32339,41953
22563,32339,41954
11734,32339,41955
1631,32339,41956
4012,32339,41957
1019,32339,41958
12213,32339,41959
14031,32340,41960
7365,32340,41961
3980,32340,41962
16139,32340,41963
15667,32340,41964
18676,32340,41965
17537,32340,41966
15466,32340,41967
15363,32340,41968
1561,32340,41969
15098,32340,41970
17601,32341,41971
9145,32342,41972
2924,32342,41973
21707,32342,41974
19690,32342,41975
16168,32342,41976
4570,32342,41977
9050,32342,41978
24531,32342,41979
10944,32342,41980
14901,32342,41981
6097,32342,41982
484,32342,41983
725,32342,41984
15789,32342,41985
15570,32342,41986
22245,32342,41987
24271,32342,41988
21777,32342,41989
12732,32342,41990
17601,32343,41991
4280,32344,41992
24355,32344,41993
16488,32344,41994
19009,32345,41995
18269,32345,41996
12569,32345,41997
14337,32345,41998
5173,32345,41999
7583,32345,42000
4002,32345,42001
12593,32345,42002
333,32345,42003
2186,32345,42004
1873,32345,42005
2185,32345,42006
20501,32345,42007
22521,32345,42008
19711,32345,42009
804,32346,42010
10545,32346,42011
17618,32346,42012
13288,32346,42013
11820,32346,42014
1679,32346,42015
7206,32346,42016
19896,32346,42017
18748,32346,42018
842,32346,42019
10214,32347,42020
11157,32347,42021
5996,32347,42022
908,32347,42023
4216,32347,42024
9965,32347,42025
12606,32347,42026
13947,32347,42027
12672,32347,42028
20748,32347,42029
17356,32347,42030
12618,32347,42031
24373,32347,42032
11395,32348,42033
9505,32348,42034
20471,32348,42035
14399,32348,42036
8263,32348,42037
1973,32349,42038
9919,32349,42039
21433,32349,42040
9775,32350,42041
8415,32350,42042
4480,32350,42043
10257,32350,42044
19218,32350,42045
19109,32350,42046
10782,32350,42047
24597,32350,42048
19588,32350,42049
23039,32350,42050
23947,32350,42051
17601,32351,42052
17601,32352,42053
17601,32353,42054
235,32354,42055
9750,32354,42056
394,32354,42057
5480,32354,42058
12569,32354,42059
12284,32354,42060
19009,32354,42061
17151,32354,42062
9884,32354,42063
20557,32354,42064
8296,32355,42065
14444,32355,42066
9130,32355,42067
17342,32356,42068
13089,32356,42069
16632,32356,42070
4904,32357,42071
20379,32357,42072
5318,32357,42073
7168,32357,42074
13865,32357,42075
11302,32357,42076
8875,32357,42077
9321,32357,42078
23345,32357,42079
24200,32357,42080
24353,32358,42081
12817,32358,42082
12815,32358,42083
12608,32358,42084
12607,32358,42085
11284,32358,42086
21934,32358,42087
10182,32358,42088
18622,32358,42089
1347,32358,42090
9554,32358,42091
17501,32358,42092
21400,32358,42093
21403,32358,42094
11050,32358,42095
11048,32358,42096
14232,32358,42097
9546,32358,42098
9542,32358,42099
17601,32359,42100
17601,32360,42101
8928,32361,42102
4853,32361,42103
12729,32361,42104
17601,32362,42105
17601,32363,42106
17601,32364,42107
21453,32365,42108
15167,32365,42109
24325,32365,42110
2951,32366,42111
11922,32366,42112
20705,32366,42113
12493,32366,42114
5860,32367,42115
1701,32367,42116
18786,32367,42117
13388,32368,42118
12685,32368,42119
20668,32368,42120
8338,32368,42121
7519,32368,42122
22950,32368,42123
6516,32368,42124
1300,32368,42125
1849,32368,42126
723,32368,42127
2821,32368,42128
6176,32368,42129
2162,32368,42130
17601,32369,42131
19548,32370,42132
12922,32370,42133
19488,32370,42134
18805,32370,42135
18259,32370,42136
17601,32371,42137
17601,32372,42138
17601,32373,42139
281,32374,42140
19077,32374,42141
17148,32374,42142
8351,32374,42143
7166,32374,42144
11023,32374,42145
2523,32374,42146
2716,32374,42147
4262,32374,42148
6700,32374,42149
7146,32374,42150
16441,32374,42151
23282,32374,42152
17601,32375,42153
24147,32376,42154
21766,32376,42155
18737,32376,42156
3982,32376,42157
5501,32376,42158
15186,32376,42159
6632,32376,42160
16412,32376,42161
3346,32376,42162
15385,32376,42163
17601,32377,42164
17601,32378,42165
17601,32379,42166
17601,32380,42167
17601,32381,42168
17601,32382,42169
20771,32383,42170
5668,32383,42171
5078,32383,42172
13392,32383,42173
514,32384,42174
18603,32384,42175
12350,32384,42176
17601,32385,42177
17601,32386,42178
17601,32387,42179
17601,32388,42180
3562,32389,42181
16602,32389,42182
16822,32389,42183
23692,32389,42184
11801,32389,42185
1742,32389,42186
7440,32389,42187
6723,32389,42188
10882,32389,42189
11658,32389,42190
10995,32389,42191
11722,32389,42192
19939,32389,42193
12357,32389,42194
18998,32389,42195
14749,32390,42196
13455,32390,42197
22288,32390,42198
7465,32391,42199
24774,32391,42200
1319,32391,42201
4658,32391,42202
17387,32391,42203
15952,32391,42204
18699,32391,42205
24149,32391,42206
24662,32391,42207
20261,32391,42208
132,32391,42209
15637,32392,42210
8044,32392,42211
3652,32392,42212
15417,32392,42213
4003,32392,42214
17049,32392,42215
3450,32392,42216
1218,32392,42217
17601,32393,42218
19713,32394,42219
5819,32394,42220
2329,32394,42221
3346,32394,42222
5327,32394,42223
16974,32394,42224
19733,32394,42225
8053,32394,42226
10687,32394,42227
8575,32394,42228
13874,32395,42229
7698,32395,42230
18664,32395,42231
17601,32396,42232
10971,32397,42233
13793,32397,42234
6411,32397,42235
18460,32398,42236
15125,32398,42237
11100,32398,42238
10654,32398,42239
10316,32399,42240
4907,32399,42241
2728,32399,42242
6038,32399,42243
5221,32399,42244
6395,32399,42245
6988,32399,42246
7751,32399,42247
7259,32399,42248
15567,32399,42249
11306,32399,42250
23828,32399,42251
20905,32399,42252
23319,32399,42253
21751,32399,42254
20518,32399,42255
16196,32399,42256
22900,32399,42257
18333,32400,42258
24196,32400,42259
18519,32400,42260
3492,32400,42261
29,32400,42262
20235,32400,42263
9870,32400,42264
12908,32400,42265
15520,32400,42266
2256,32401,42267
8857,32401,42268
18080,32401,42269
22093,32402,42270
13740,32402,42271
140,32402,42272
16245,32402,42273
784,32402,42274
20206,32402,42275
18195,32402,42276
23203,32402,42277
20015,32402,42278
16260,32402,42279
17601,32403,42280
5205,32404,42281
5750,32404,42282
21340,32404,42283
24282,32404,42284
6689,32404,42285
10625,32404,42286
12469,32404,42287
13949,32404,42288
10650,32404,42289
11861,32404,42290
17601,32405,42291
18168,32406,42292
18169,32406,42293
23614,32406,42294
20446,32406,42295
23736,32406,42296
9694,32406,42297
7784,32406,42298
16801,32406,42299
5638,32407,42300
13418,32407,42301
14649,32407,42302
1544,32407,42303
10373,32407,42304
6293,32407,42305
19870,32407,42306
15022,32407,42307
10188,32407,42308
11155,32407,42309
17601,32408,42310
23806,32409,42311
2627,32409,42312
6390,32409,42313
7052,32409,42314
23814,32409,42315
9676,32409,42316
11370,32409,42317
17352,32409,42318
21141,32409,42319
21681,32409,42320
13911,32410,42321
5231,32410,42322
15595,32410,42323
15702,32410,42324
24175,32410,42325
18425,32410,42326
16624,32410,42327
4585,32410,42328
17601,32411,42329
17601,32412,42330
23328,32413,42331
22109,32413,42332
18149,32413,42333
11899,32413,42334
19923,32413,42335
20766,32413,42336
6491,32413,42337
9508,32413,42338
415,32413,42339
11776,32413,42340
17601,32414,42341
890,32415,42342
5958,32415,42343
7759,32415,42344
20309,32415,42345
15718,32415,42346
16125,32415,42347
8539,32415,42348
20266,32415,42349
591,32415,42350
15614,32415,42351
19952,32416,42352
11130,32416,42353
6950,32416,42354
14917,32417,42355
3805,32417,42356
7962,32417,42357
16293,32417,42358
18683,32417,42359
24056,32417,42360
4709,32417,42361
1936,32417,42362
811,32417,42363
4710,32417,42364
2848,32418,42365
19208,32418,42366
17985,32418,42367
17601,32419,42368
19513,32420,42369
23961,32420,42370
4885,32420,42371
17601,32421,42372
9289,32422,42373
15857,32422,42374
11194,32423,42375
6143,32423,42376
8476,32423,42377
17601,32424,42378
23774,32425,42379
12863,32426,42380
5321,32426,42381
11339,32426,42382
1915,32426,42383
1683,32426,42384
13628,32426,42385
14623,32426,42386
13220,32426,42387
13228,32426,42388
11495,32426,42389
9591,32426,42390
6344,32426,42391
4706,32426,42392
5443,32426,42393
178,32426,42394
13316,32426,42395
8160,32426,42396
2591,32426,42397
17601,32427,42398
17601,32428,42399
17601,32429,42400
3792,32430,42401
3529,32430,42402
1810,32430,42403
159,32430,42404
15868,32430,42405
15495,32430,42406
14198,32430,42407
17196,32430,42408
22960,32430,42409
22396,32430,42410
2998,32430,42411
3086,32430,42412
4486,32430,42413
8011,32430,42414
19792,32430,42415
21519,32430,42416
4816,32431,42417
24838,32431,42418
19693,32431,42419
22904,32431,42420
16149,32431,42421
15041,32431,42422
23858,32432,42423
13058,32433,42424
8452,32433,42425
4374,32433,42426
19897,32433,42427
18490,32433,42428
19382,32433,42429
10092,32433,42430
9902,32433,42431
12834,32433,42432
12060,32433,42433
12169,32433,42434
13309,32433,42435
2728,32433,42436
2848,32433,42437
9660,32433,42438
2710,32433,42439
540,32433,42440
12625,32433,42441
12734,32433,42442
17601,32434,42443
21808,32435,42444
13032,32435,42445
11871,32435,42446
7763,32435,42447
9724,32435,42448
12495,32435,42449
1259,32435,42450
1797,32435,42451
5812,32435,42452
12181,32435,42453
15254,32435,42454
16196,32435,42455
20223,32435,42456
23805,32435,42457
20598,32435,42458
14894,32435,42459
17906,32435,42460
17601,32436,42461
17601,32437,42462
13835,32438,42463
10070,32438,42464
15274,32438,42465
24583,32438,42466
3362,32438,42467
2867,32438,42468
4147,32438,42469
9108,32438,42470
9403,32438,42471
4281,32438,42472
13399,32439,42473
13835,32439,42474
11680,32439,42475
2867,32439,42476
15274,32439,42477
2606,32439,42478
4147,32439,42479
24583,32439,42480
10070,32439,42481
4279,32439,42482
17601,32440,42483
1263,32441,42484
17040,32441,42485
13794,32441,42486
12572,32441,42487
11061,32441,42488
21439,32441,42489
18105,32441,42490
18530,32441,42491
564,32441,42492
23860,32441,42493
20914,32442,42494
13330,32442,42495
21224,32442,42496
20533,32442,42497
13843,32442,42498
17601,32443,42499
19135,32444,42500
8664,32444,42501
11323,32444,42502
14001,32444,42503
13004,32444,42504
2952,32444,42505
2856,32444,42506
7599,32444,42507
5680,32444,42508
20148,32444,42509
1084,32444,42510
234,32445,42511
17014,32445,42512
18307,32445,42513
23765,32445,42514
2020,32445,42515
5162,32445,42516
4465,32445,42517
8903,32445,42518
15097,32445,42519
4860,32445,42520
11085,32446,42521
10993,32446,42522
8916,32446,42523
24,32446,42524
9078,32447,42525
9489,32447,42526
21312,32447,42527
19624,32447,42528
23636,32447,42529
19445,32447,42530
12819,32447,42531
4585,32447,42532
1338,32447,42533
4623,32447,42534
20556,32447,42535
11002,32447,42536
16239,32447,42537
5438,32447,42538
8208,32447,42539
5646,32448,42540
23847,32448,42541
17601,32449,42542
6833,32450,42543
5806,32450,42544
22908,32450,42545
535,32450,42546
16401,32450,42547
16066,32450,42548
8193,32450,42549
18448,32450,42550
1220,32450,42551
16569,32450,42552
18286,32450,42553
8155,32451,42554
18935,32451,42555
17299,32451,42556
298,32452,42557
23478,32452,42558
14130,32452,42559
1094,32453,42560
21010,32453,42561
12490,32453,42562
12706,32454,42563
1293,32454,42564
17721,32454,42565
2224,32454,42566
19402,32454,42567
24813,32454,42568
2657,32454,42569
20761,32454,42570
14590,32454,42571
23943,32454,42572
23850,32455,42573
15674,32455,42574
2242,32455,42575
8219,32455,42576
18613,32456,42577
9692,32456,42578
6418,32456,42579
2848,32456,42580
18213,32457,42581
4897,32457,42582
6798,32457,42583
12153,32458,42584
21465,32458,42585
16768,32458,42586
18051,32458,42587
10197,32458,42588
13426,32458,42589
23410,32458,42590
6577,32458,42591
3317,32458,42592
13933,32458,42593
11084,32458,42594
11764,32458,42595
19868,32458,42596
7710,32458,42597
3182,32458,42598
17601,32459,42599
4779,32460,42600
9831,32460,42601
20783,32460,42602
1450,32460,42603
13931,32460,42604
14065,32460,42605
19264,32460,42606
18842,32461,42607
6106,32461,42608
3845,32461,42609
1185,32461,42610
21750,32461,42611
14727,32461,42612
13160,32461,42613
18008,32461,42614
9369,32461,42615
8210,32461,42616
6194,32461,42617
15201,32461,42618
7207,32461,42619
11673,32461,42620
13053,32461,42621
7957,32461,42622
15392,32461,42623
17354,32461,42624
17601,32462,42625
17601,32463,42626
6688,32464,42627
17087,32464,42628
5315,32464,42629
23365,32464,42630
16870,32464,42631
11527,32464,42632
23748,32465,42633
23010,32465,42634
7103,32465,42635
15664,32465,42636
9441,32465,42637
7241,32465,42638
4544,32465,42639
1128,32465,42640
14865,32465,42641
17429,32465,42642
12998,32465,42643
13231,32465,42644
9776,32465,42645
21623,32465,42646
1175,32466,42647
1360,32466,42648
945,32466,42649
16889,32466,42650
3902,32466,42651
4937,32466,42652
5045,32466,42653
6428,32466,42654
22646,32466,42655
24547,32466,42656
20336,32466,42657
10453,32466,42658
12141,32466,42659
15171,32466,42660
13613,32467,42661
11977,32467,42662
785,32467,42663
5970,32467,42664
23063,32467,42665
18402,32467,42666
3392,32468,42667
8969,32469,42668
16174,32469,42669
7944,32469,42670
11757,32469,42671
1801,32470,42672
8916,32470,42673
9468,32470,42674
10223,32470,42675
15067,32471,42676
18985,32471,42677
21642,32471,42678
23575,32471,42679
13726,32471,42680
10723,32471,42681
6542,32471,42682
3288,32471,42683
1912,32471,42684
2063,32471,42685
652,32471,42686
22045,32471,42687
1304,32471,42688
4642,32471,42689
17601,32472,42690
23478,32473,42691
14062,32473,42692
15495,32473,42693
9143,32474,42694
9389,32474,42695
8476,32474,42696
14776,32475,42697
22297,32475,42698
5152,32475,42699
3882,32476,42700
15810,32476,42701
17227,32476,42702
20548,32476,42703
12185,32476,42704
11072,32476,42705
13988,32476,42706
16202,32476,42707
10439,32476,42708
10360,32476,42709
2127,32476,42710
10908,32476,42711
11866,32477,42712
4472,32477,42713
13709,32478,42714
9172,32478,42715
13802,32478,42716
24770,32479,42717
3408,32479,42718
335,32479,42719
19946,32479,42720
17601,32480,42721
17601,32481,42722
17601,32482,42723
2082,32483,42724
8168,32483,42725
16084,32483,42726
972,32484,42727
18129,32484,42728
5811,32484,42729
9448,32484,42730
9243,32484,42731
1382,32484,42732
3509,32484,42733
2222,32484,42734
2276,32484,42735
18404,32484,42736
16960,32484,42737
13458,32484,42738
13216,32484,42739
12434,32484,42740
19154,32484,42741
17601,32485,42742
14805,32486,42743
10307,32486,42744
20044,32486,42745
528,32486,42746
1610,32486,42747
8107,32486,42748
7052,32486,42749
7004,32486,42750
4634,32486,42751
16225,32486,42752
10510,32486,42753
8100,32487,42754
7035,32487,42755
3738,32487,42756
23580,32487,42757
14692,32487,42758
8892,32487,42759
15291,32487,42760
19358,32487,42761
22384,32487,42762
21796,32487,42763
17601,32488,42764
2742,32489,42765
2664,32489,42766
3487,32489,42767
3626,32489,42768
8752,32489,42769
9720,32489,42770
10185,32489,42771
4328,32489,42772
4880,32489,42773
6358,32489,42774
5422,32489,42775
6400,32489,42776
12632,32489,42777
11500,32489,42778
7879,32489,42779
3051,32489,42780
17601,32490,42781
5691,32491,42782
9847,32491,42783
19369,32491,42784
18597,32491,42785
24314,32491,42786
4571,32491,42787
4646,32491,42788
244,32491,42789
10299,32491,42790
18073,32491,42791
17601,32492,42792
17601,32493,42793
16683,32494,42794
18988,32494,42795
2790,32494,42796
4308,32494,42797
19424,32494,42798
19647,32494,42799
16035,32494,42800
12835,32494,42801
8991,32494,42802
4755,32494,42803
24253,32494,42804
20987,32494,42805
13902,32494,42806
23322,32494,42807
23432,32494,42808
5642,32494,42809
14556,32494,42810
21525,32495,42811
10687,32495,42812
6909,32495,42813
3706,32495,42814
22152,32495,42815
9653,32496,42816
22114,32496,42817
20901,32496,42818
23037,32496,42819
7354,32496,42820
17550,32496,42821
10796,32496,42822
120,32496,42823
8878,32496,42824
4997,32496,42825
16286,32496,42826
13376,32496,42827
17765,32496,42828
7675,32496,42829
8334,32496,42830
6044,32497,42831
6689,32497,42832
20771,32497,42833
5125,32497,42834
17601,32498,42835
17601,32499,42836
11668,32500,42837
10520,32500,42838
9518,32500,42839
9636,32500,42840
9768,32500,42841
1239,32500,42842
804,32500,42843
481,32500,42844
11494,32500,42845
10659,32500,42846
8240,32500,42847
6695,32500,42848
13017,32500,42849
1789,32500,42850
6077,32500,42851
1564,32500,42852
2253,32500,42853
8592,32500,42854
10316,32500,42855
10040,32500,42856
22580,32501,42857
21641,32501,42858
24850,32501,42859
18673,32501,42860
17959,32501,42861
15504,32501,42862
11228,32501,42863
6661,32501,42864
24631,32501,42865
699,32501,42866
11481,32501,42867
14864,32501,42868
18974,32501,42869
21442,32501,42870
286,32501,42871
8375,32501,42872
18,32501,42873
15817,32502,42874
23625,32502,42875
10836,32502,42876
22954,32502,42877
21378,32502,42878
21719,32502,42879
22671,32502,42880
2515,32502,42881
2112,32503,42882
24156,32503,42883
24245,32503,42884
2110,32503,42885
2778,32503,42886
9225,32503,42887
7031,32503,42888
20905,32503,42889
23536,32503,42890
13605,32503,42891
14318,32503,42892
17229,32503,42893
16687,32503,42894
17906,32504,42895
12075,32504,42896
9852,32504,42897
10715,32504,42898
21839,32504,42899
7380,32504,42900
11184,32504,42901
17915,32504,42902
23933,32504,42903
4759,32504,42904
19535,32505,42905
12853,32505,42906
21017,32506,42907
20547,32506,42908
14966,32506,42909
13254,32506,42910
11933,32506,42911
9942,32506,42912
3924,32506,42913
2655,32506,42914
2327,32506,42915
481,32506,42916
22966,32506,42917
18790,32506,42918
8349,32506,42919
5388,32506,42920
23523,32507,42921
8681,32507,42922
17226,32507,42923
16515,32508,42924
15828,32508,42925
20958,32508,42926
13748,32508,42927
18022,32508,42928
11813,32508,42929
9324,32508,42930
139,32508,42931
1292,32508,42932
7121,32508,42933
19525,32509,42934
3463,32509,42935
625,32509,42936
2481,32509,42937
12585,32509,42938
8683,32509,42939
5418,32509,42940
23331,32509,42941
18518,32509,42942
4200,32509,42943
14537,32510,42944
13759,32510,42945
23318,32510,42946
2585,32510,42947
2027,32510,42948
22039,32510,42949
3502,32510,42950
2854,32510,42951
15660,32510,42952
19317,32510,42953
1592,32510,42954
13185,32510,42955
10781,32510,42956
15820,32510,42957
10153,32510,42958
10518,32510,42959
20911,32510,42960
17601,32511,42961
12195,32512,42962
9804,32512,42963
4382,32512,42964
17601,32513,42965
20180,32514,42966
21781,32514,42967
7006,32514,42968
4699,32514,42969
3223,32515,42970
4363,32515,42971
4604,32515,42972
6622,32515,42973
3017,32515,42974
16536,32515,42975
11054,32515,42976
13162,32515,42977
18679,32515,42978
20077,32515,42979
18208,32515,42980
3158,32515,42981
9913,32515,42982
10747,32515,42983
3116,32515,42984
8240,32515,42985
17497,32515,42986
23948,32516,42987
9481,32516,42988
22365,32516,42989
18613,32517,42990
14659,32517,42991
5859,32517,42992
4439,32517,42993
10338,32517,42994
1390,32517,42995
20880,32518,42996
15894,32518,42997
22532,32518,42998
21841,32518,42999
12401,32518,43000
14610,32518,43001
3396,32518,43002
7521,32518,43003
3194,32518,43004
3155,32518,43005
3200,32518,43006
17601,32519,43007
10686,32520,43008
17601,32521,43009
17601,32522,43010
4472,32523,43011
16252,32523,43012
250,32524,43013
12227,32524,43014
11504,32524,43015
10862,32524,43016
5740,32524,43017
15302,32524,43018
15238,32524,43019
1301,32524,43020
1070,32524,43021
17601,32525,43022
6148,32526,43023
1187,32527,43024
266,32527,43025
12877,32527,43026
13035,32527,43027
24215,32527,43028
21078,32527,43029
15070,32527,43030
18444,32527,43031
12214,32527,43032
3300,32527,43033
4896,32528,43034
3448,32528,43035
23718,32528,43036
24153,32528,43037
17684,32528,43038
17675,32528,43039
18433,32528,43040
23665,32528,43041
8011,32528,43042
11861,32528,43043
4472,32529,43044
17601,32530,43045
22191,32531,43046
23330,32531,43047
20142,32531,43048
15710,32531,43049
17773,32531,43050
17822,32531,43051
4043,32531,43052
2309,32531,43053
9058,32531,43054
6459,32531,43055
14533,32531,43056
13178,32531,43057
13145,32531,43058
3959,32532,43059
1713,32533,43060
4150,32533,43061
6038,32533,43062
9711,32533,43063
10416,32533,43064
10546,32533,43065
13860,32533,43066
12204,32533,43067
16689,32533,43068
17731,32533,43069
19180,32533,43070
619,32533,43071
18535,32533,43072
20480,32533,43073
9124,32534,43074
2968,32534,43075
17601,32535,43076
17601,32536,43077
16861,32537,43078
300,32537,43079
19983,32538,43080
14627,32538,43081
17601,32539,43082
17601,32540,43083
17601,32541,43084
22497,32542,43085
9970,32542,43086
5177,32542,43087
10232,32542,43088
20067,32543,43089
11613,32543,43090
13367,32543,43091
16592,32543,43092
16779,32543,43093
21083,32543,43094
9464,32543,43095
20757,32543,43096
18049,32544,43097
1695,32544,43098
8892,32544,43099
1329,32544,43100
20380,32544,43101
18498,32544,43102
18144,32544,43103
15254,32544,43104
14008,32544,43105
509,32544,43106
21694,32545,43107
13307,32545,43108
13533,32545,43109
17601,32546,43110
17601,32547,43111
17601,32548,43112
17601,32549,43113
17601,32550,43114
17601,32551,43115
17601,32552,43116
17601,32553,43117
1784,32554,43118
20643,32555,43119
16249,32555,43120
3938,32555,43121
6582,32556,43122
3038,32556,43123
2066,32556,43124
2886,32556,43125
12962,32556,43126
11650,32556,43127
18628,32556,43128
14405,32556,43129
11329,32556,43130
6867,32556,43131
7367,32556,43132
8400,32556,43133
5915,32556,43134
5838,32556,43135
20296,32556,43136
20156,32556,43137
20530,32556,43138
22274,32556,43139
23431,32556,43140
22313,32556,43141
22498,32557,43142
20296,32557,43143
1739,32558,43144
442,32558,43145
19836,32558,43146
1899,32559,43147
17172,32559,43148
22580,32559,43149
24175,32560,43150
762,32561,43151
17601,32562,43152
13979,32563,43153
2992,32563,43154
943,32563,43155
10347,32563,43156
11437,32563,43157
20916,32563,43158
21232,32563,43159
18795,32563,43160
15994,32563,43161
19578,32563,43162
20362,32563,43163
1469,32564,43164
3772,32564,43165
17615,32564,43166
15705,32564,43167
15505,32564,43168
7818,32564,43169
5474,32564,43170
6299,32564,43171
24431,32564,43172
23863,32564,43173
17601,32565,43174
10025,32566,43175
15525,32566,43176
13868,32566,43177
13563,32566,43178
12625,32566,43179
10380,32566,43180
24665,32566,43181
23692,32566,43182
23030,32566,43183
20114,32566,43184
2239,32566,43185
2307,32566,43186
6690,32566,43187
5126,32566,43188
2705,32566,43189
9618,32566,43190
18429,32566,43191
19908,32566,43192
10382,32567,43193
20410,32567,43194
10042,32568,43195
18532,32568,43196
12555,32568,43197
14524,32568,43198
1677,32568,43199
1608,32568,43200
469,32568,43201
20806,32568,43202
358,32568,43203
9046,32568,43204
3973,32568,43205
11471,32568,43206
17601,32569,43207
4702,32570,43208
17904,32570,43209
17274,32570,43210
18107,32570,43211
13755,32570,43212
17076,32570,43213
15299,32570,43214
11106,32570,43215
13466,32570,43216
22606,32570,43217
4077,32570,43218
15134,32570,43219
5134,32570,43220
7116,32570,43221
8484,32570,43222
170,32570,43223
21345,32570,43224
21662,32570,43225
17532,32571,43226
8202,32571,43227
12940,32571,43228
16176,32571,43229
9935,32571,43230
9334,32571,43231
24712,32571,43232
8922,32571,43233
19113,32571,43234
18809,32571,43235
5123,32571,43236
4266,32572,43237
6986,32572,43238
4547,32572,43239
13753,32573,43240
20296,32573,43241
4268,32573,43242
18910,32574,43243
3632,32574,43244
4235,32574,43245
14362,32575,43246
19084,32575,43247
21128,32575,43248
18051,32575,43249
4885,32575,43250
2476,32575,43251
164,32575,43252
4829,32575,43253
14130,32575,43254
17683,32575,43255
22646,32575,43256
17601,32576,43257
4382,32577,43258
5378,32577,43259
18459,32577,43260
17601,32578,43261
15731,32579,43262
16286,32579,43263
6112,32580,43264
9360,32580,43265
10228,32580,43266
5441,32580,43267
16628,32580,43268
11073,32580,43269
14055,32580,43270
10742,32580,43271
11781,32580,43272
21338,32580,43273
3958,32581,43274
19493,32581,43275
434,32581,43276
17601,32582,43277
3472,32583,43278
14998,32583,43279
6978,32583,43280
5195,32583,43281
2834,32583,43282
20098,32583,43283
17646,32583,43284
2545,32583,43285
2910,32584,43286
24401,32584,43287
24414,32584,43288
24558,32584,43289
5492,32585,43290
10615,32585,43291
13213,32585,43292
5896,32585,43293
4797,32585,43294
16511,32585,43295
22018,32585,43296
23445,32585,43297
22867,32585,43298
23450,32585,43299
24122,32585,43300
5023,32585,43301
2670,32585,43302
12671,32585,43303
11722,32585,43304
3946,32586,43305
4424,32586,43306
10686,32586,43307
23345,32587,43308
5011,32587,43309
15072,32587,43310
16240,32587,43311
19882,32587,43312
23260,32587,43313
13828,32587,43314
9787,32587,43315
1048,32587,43316
3100,32587,43317
8160,32588,43318
14252,32588,43319
2629,32588,43320
803,32588,43321
804,32588,43322
4942,32588,43323
19108,32588,43324
24112,32588,43325
17506,32588,43326
16985,32588,43327
17601,32589,43328
1148,32590,43329
13759,32590,43330
7172,32590,43331
7656,32590,43332
17601,32591,43333
17601,32592,43334
1350,32593,43335
9032,32593,43336
1279,32593,43337
16614,32593,43338
14292,32593,43339
7142,32593,43340
12591,32593,43341
15328,32593,43342
2512,32593,43343
15367,32593,43344
18478,32593,43345
24520,32593,43346
12944,32593,43347
17601,32594,43348
20918,32595,43349
8651,32595,43350
17839,32595,43351
2530,32595,43352
14750,32595,43353
9323,32595,43354
17945,32595,43355
17601,32596,43356
17601,32597,43357
2023,32598,43358
11270,32598,43359
17601,32599,43360
17601,32600,43361
17601,32601,43362
2371,32602,43363
8139,32602,43364
10828,32602,43365
9197,32602,43366
14922,32602,43367
16480,32602,43368
17405,32602,43369
19224,32602,43370
18966,32602,43371
19215,32602,43372
18298,32602,43373
17493,32602,43374
18052,32602,43375
15671,32602,43376
3665,32602,43377
7341,32602,43378
17601,32603,43379
21341,32604,43380
12462,32604,43381
5529,32605,43382
14261,32605,43383
3893,32605,43384
23246,32606,43385
5039,32606,43386
2767,32606,43387
7292,32607,43388
6494,32607,43389
2787,32607,43390
8043,32607,43391
1549,32608,43392
21615,32608,43393
23246,32608,43394
12657,32609,43395
23246,32609,43396
21287,32609,43397
21287,32610,43398
5039,32610,43399
23246,32610,43400
5039,32611,43401
23246,32611,43402
15838,32611,43403
4393,32612,43404
9248,32612,43405
24427,32613,43406
24113,32613,43407
816,32613,43408
17330,32613,43409
2492,32613,43410
7734,32613,43411
9621,32613,43412
83,32613,43413
20047,32613,43414
18551,32613,43415
12212,32614,43416
4418,32614,43417
2336,32614,43418
19725,32614,43419
14123,32614,43420
5345,32615,43421
5353,32615,43422
21414,32615,43423
21175,32615,43424
15750,32615,43425
765,32615,43426
764,32615,43427
1357,32615,43428
3041,32615,43429
14945,32615,43430
21949,32615,43431
5264,32615,43432
3931,32615,43433
8184,32615,43434
9922,32615,43435
1631,32616,43436
19796,32616,43437
15850,32617,43438
14824,32617,43439
8542,32617,43440
5992,32617,43441
13040,32617,43442
2271,32617,43443
10523,32617,43444
10706,32617,43445
2292,32617,43446
8182,32617,43447
24779,32617,43448
17694,32617,43449
22164,32617,43450
16747,32617,43451
17601,32618,43452
9996,32619,43453
21127,32620,43454
14570,32620,43455
8092,32620,43456
16248,32620,43457
7944,32621,43458
22108,32621,43459
17601,32622,43460
17601,32623,43461
10867,32624,43462
4359,32624,43463
9704,32625,43464
4826,32625,43465
10167,32625,43466
15239,32625,43467
7040,32625,43468
16450,32625,43469
6369,32625,43470
21307,32625,43471
22188,32625,43472
22433,32625,43473
8225,32626,43474
11682,32626,43475
12144,32626,43476
21073,32626,43477
16978,32626,43478
20569,32626,43479
23030,32626,43480
22587,32626,43481
16462,32626,43482
13837,32626,43483
8165,32626,43484
6405,32626,43485
3097,32626,43486
633,32626,43487
6041,32626,43488
16619,32627,43489
12432,32627,43490
14698,32627,43491
15551,32627,43492
8874,32627,43493
3779,32627,43494
10799,32627,43495
13110,32627,43496
8215,32627,43497
20088,32627,43498
18461,32627,43499
20587,32627,43500
4725,32628,43501
20433,32628,43502
18051,32628,43503
17601,32629,43504
24730,32630,43505
10364,32630,43506
24622,32630,43507
4934,32630,43508
13744,32630,43509
22250,32630,43510
21411,32630,43511
8183,32630,43512
20293,32630,43513
1810,32630,43514
15544,32630,43515
10168,32630,43516
10049,32630,43517
23967,32630,43518
23908,32630,43519
7739,32630,43520
453,32631,43521
4214,32631,43522
1684,32631,43523
5646,32631,43524
23805,32631,43525
8093,32631,43526
11011,32631,43527
13998,32631,43528
14210,32631,43529
17738,32631,43530
17172,32631,43531
23547,32631,43532
5298,32631,43533
17601,32632,43534
18434,32633,43535
18154,32633,43536
18220,32633,43537
21914,32633,43538
7709,32633,43539
19172,32633,43540
20906,32633,43541
949,32633,43542
2146,32633,43543
9813,32633,43544
12544,32633,43545
7099,32633,43546
8770,32633,43547
17601,32634,43548
14958,32635,43549
22689,32636,43550
5553,32636,43551
18702,32636,43552
13487,32636,43553
9615,32636,43554
15911,32636,43555
16772,32636,43556
17517,32636,43557
11859,32636,43558
8014,32636,43559
6732,32636,43560
3249,32636,43561
3753,32636,43562
5255,32636,43563
19705,32636,43564
2205,32636,43565
24114,32636,43566
17601,32637,43567
17854,32638,43568
7955,32638,43569
7617,32638,43570
19520,32638,43571
8583,32638,43572
1236,32638,43573
11184,32638,43574
9336,32638,43575
13719,32638,43576
4009,32638,43577
2669,32638,43578
6007,32638,43579
11280,32638,43580
14893,32638,43581
16241,32639,43582
6167,32639,43583
17703,32639,43584
2605,32639,43585
20737,32639,43586
23883,32639,43587
17601,32640,43588
17601,32641,43589
17601,32642,43590
5710,32643,43591
16860,32643,43592
4189,32643,43593
19529,32643,43594
6270,32643,43595
1701,32643,43596
10635,32643,43597
16252,32643,43598
13341,32643,43599
20203,32643,43600
6729,32643,43601
6368,32643,43602
8259,32643,43603
11098,32643,43604
18982,32644,43605
19434,32644,43606
20960,32644,43607
10208,32644,43608
10618,32644,43609
8261,32644,43610
3129,32644,43611
843,32644,43612
24234,32644,43613
3504,32644,43614
4758,32644,43615
24040,32644,43616
24106,32644,43617
4816,32644,43618
1221,32644,43619
11815,32645,43620
434,32645,43621
17601,32646,43622
11449,32647,43623
22806,32647,43624
23232,32647,43625
10142,32647,43626
11927,32647,43627
24787,32647,43628
10242,32647,43629
18225,32647,43630
8651,32647,43631
7614,32647,43632
19042,32647,43633
21742,32647,43634
16589,32647,43635
14989,32647,43636
20508,32648,43637
24253,32648,43638
24360,32648,43639
17601,32649,43640
17601,32650,43641
17601,32651,43642
2109,32652,43643
18004,32652,43644
2783,32652,43645
3604,32652,43646
2654,32652,43647
22819,32652,43648
3534,32652,43649
4327,32652,43650
11563,32652,43651
14447,32652,43652
22497,32653,43653
22108,32653,43654
19960,32653,43655
11011,32653,43656
24030,32654,43657
16695,32654,43658
12533,32654,43659
23178,32655,43660
16574,32655,43661
7908,32655,43662
13232,32655,43663
17005,32655,43664
24107,32655,43665
18909,32655,43666
7706,32655,43667
5247,32655,43668
1480,32655,43669
3620,32655,43670
21868,32655,43671
20496,32655,43672
20463,32655,43673
23456,32655,43674
2655,32655,43675
2605,32655,43676
2327,32655,43677
754,32655,43678
5593,32656,43679
5539,32656,43680
4487,32656,43681
9964,32656,43682
19881,32656,43683
19340,32656,43684
13590,32656,43685
17940,32656,43686
4166,32656,43687
14893,32656,43688
20009,32657,43689
12974,32657,43690
12643,32657,43691
18508,32657,43692
11836,32657,43693
15853,32658,43694
139,32658,43695
3911,32658,43696
5810,32658,43697
12304,32658,43698
2108,32658,43699
5184,32658,43700
4988,32658,43701
1289,32658,43702
9577,32658,43703
10025,32658,43704
14894,32658,43705
17678,32658,43706
16955,32658,43707
7703,32658,43708
6368,32658,43709
19436,32658,43710
15922,32658,43711
16426,32658,43712
8719,32658,43713
17601,32659,43714
11866,32660,43715
13241,32660,43716
15284,32660,43717
16035,32660,43718
20495,32660,43719
18592,32660,43720
8281,32660,43721
16683,32660,43722
4306,32660,43723
10451,32660,43724
12580,32660,43725
7172,32660,43726
10382,32660,43727
8252,32660,43728
22241,32660,43729
20181,32661,43730
19488,32661,43731
12374,32661,43732
14074,32662,43733
4073,32662,43734
1035,32662,43735
17601,32663,43736
6277,32664,43737
6035,32664,43738
8078,32664,43739
19494,32664,43740
19333,32664,43741
17345,32664,43742
10075,32664,43743
21974,32664,43744
24062,32664,43745
5522,32664,43746
17165,32665,43747
22171,32665,43748
20133,32665,43749
11194,32665,43750
12961,32665,43751
15072,32665,43752
24360,32665,43753
10378,32665,43754
435,32665,43755
23403,32665,43756
15561,32665,43757
20001,32665,43758
22913,32665,43759
22291,32665,43760
22898,32665,43761
4307,32666,43762
5214,32666,43763
420,32666,43764
14531,32666,43765
13327,32666,43766
13620,32666,43767
17291,32666,43768
16403,32666,43769
24650,32666,43770
17305,32666,43771
22601,32666,43772
20835,32666,43773
13164,32666,43774
24642,32666,43775
12690,32666,43776
4013,32667,43777
10301,32667,43778
3646,32667,43779
9689,32667,43780
11544,32667,43781
23062,32667,43782
23414,32667,43783
17990,32667,43784
18449,32667,43785
7042,32667,43786
9294,32667,43787
6893,32667,43788
17601,32668,43789
17601,32669,43790
461,32670,43791
14996,32670,43792
12081,32670,43793
20457,32670,43794
1282,32670,43795
17734,32670,43796
18490,32670,43797
1466,32670,43798
5103,32670,43799
4814,32670,43800
24223,32670,43801
22108,32670,43802
21553,32670,43803
20623,32670,43804
8170,32670,43805
6076,32670,43806
2710,32670,43807
5408,32671,43808
6567,32671,43809
5101,32671,43810
1632,32671,43811
23754,32671,43812
21835,32671,43813
7678,32671,43814
14135,32671,43815
19189,32671,43816
24262,32671,43817
17601,32672,43818
11612,32673,43819
14202,32673,43820
865,32673,43821
16053,32673,43822
14805,32673,43823
18209,32673,43824
21722,32673,43825
21540,32673,43826
4458,32673,43827
478,32673,43828
8610,32673,43829
20098,32673,43830
24304,32673,43831
2178,32673,43832
3171,32673,43833
13770,32673,43834
13118,32674,43835
24362,32674,43836
12411,32674,43837
12921,32674,43838
18421,32674,43839
4790,32674,43840
3520,32674,43841
21356,32674,43842
20341,32674,43843
23712,32674,43844
21312,32675,43845
14151,32675,43846
19513,32675,43847
17601,32676,43848
14992,32677,43849
16241,32677,43850
13198,32677,43851
13615,32677,43852
9443,32677,43853
23609,32677,43854
20611,32677,43855
1680,32677,43856
20397,32677,43857
14549,32677,43858
22005,32677,43859
17601,32678,43860
17601,32679,43861
19743,32680,43862
11351,32680,43863
11315,32680,43864
11092,32680,43865
19778,32680,43866
10012,32680,43867
4369,32680,43868
5441,32680,43869
10325,32680,43870
5545,32680,43871
17601,32681,43872
11001,32682,43873
23482,32682,43874
21235,32682,43875
21454,32682,43876
11023,32682,43877
11668,32682,43878
16252,32682,43879
19782,32682,43880
22779,32682,43881
8271,32683,43882
8995,32683,43883
11023,32683,43884
145,32683,43885
2348,32683,43886
3021,32683,43887
7336,32683,43888
7876,32683,43889
14385,32683,43890
4252,32683,43891
3070,32683,43892
16252,32683,43893
23482,32683,43894
21454,32683,43895
22779,32683,43896
21235,32683,43897
17991,32683,43898
19782,32683,43899
10407,32684,43900
7525,32684,43901
12564,32684,43902
17601,32685,43903
17601,32686,43904
17601,32687,43905
22639,32688,43906
3420,32688,43907
19553,32688,43908
17601,32689,43909
5596,32690,43910
22784,32690,43911
19506,32690,43912
12726,32690,43913
22965,32690,43914
20994,32690,43915
22814,32690,43916
13666,32690,43917
7279,32690,43918
11805,32690,43919
12367,32690,43920
10173,32690,43921
12419,32690,43922
1952,32690,43923
23275,32690,43924
3222,32690,43925
7012,32690,43926
18027,32690,43927
17601,32691,43928
23842,32692,43929
24779,32692,43930
5501,32692,43931
17078,32692,43932
4879,32692,43933
5416,32692,43934
10443,32692,43935
13872,32692,43936
14874,32692,43937
2821,32692,43938
21533,32693,43939
18631,32693,43940
15353,32693,43941
21351,32693,43942
15696,32693,43943
23515,32693,43944
7383,32693,43945
13729,32693,43946
14567,32693,43947
4026,32693,43948
17601,32694,43949
17601,32695,43950
17601,32696,43951
21239,32697,43952
16985,32697,43953
10453,32697,43954
6180,32697,43955
8213,32697,43956
17601,32698,43957
13019,32699,43958
4057,32699,43959
2291,32699,43960
23152,32699,43961
19755,32699,43962
19521,32699,43963
9082,32699,43964
13236,32699,43965
13924,32699,43966
24730,32699,43967
24229,32699,43968
24419,32699,43969
18895,32699,43970
15693,32699,43971
8290,32699,43972
4412,32699,43973
11539,32699,43974
23824,32700,43975
20516,32700,43976
4781,32700,43977
2240,32700,43978
18054,32700,43979
16075,32700,43980
1828,32700,43981
623,32700,43982
15568,32700,43983
20400,32700,43984
24290,32701,43985
21679,32701,43986
7077,32701,43987
1389,32701,43988
15709,32702,43989
11358,32702,43990
11659,32702,43991
12313,32702,43992
15980,32702,43993
22327,32702,43994
23686,32702,43995
4692,32702,43996
3614,32702,43997
22203,32702,43998
7085,32703,43999
12733,32703,44000
16927,32703,44001
1068,32703,44002
5403,32703,44003
15519,32703,44004
7980,32703,44005
12252,32703,44006
13180,32703,44007
21527,32703,44008
21590,32704,44009
20918,32704,44010
20313,32704,44011
8280,32704,44012
12252,32704,44013
10749,32704,44014
11493,32704,44015
15343,32704,44016
8492,32704,44017
14385,32704,44018
22896,32705,44019
24711,32705,44020
23687,32705,44021
10716,32706,44022
23308,32706,44023
24680,32706,44024
11020,32706,44025
21534,32706,44026
12078,32706,44027
22066,32706,44028
21626,32706,44029
4686,32706,44030
11811,32706,44031
10967,32706,44032
11821,32706,44033
12191,32706,44034
11899,32706,44035
16857,32706,44036
12223,32706,44037
2164,32706,44038
3335,32706,44039
16894,32707,44040
4829,32707,44041
10370,32707,44042
11087,32707,44043
6443,32707,44044
11735,32707,44045
5455,32707,44046
20191,32707,44047
1781,32707,44048
18344,32707,44049
7118,32708,44050
24736,32708,44051
24456,32708,44052
5523,32708,44053
4942,32708,44054
4073,32708,44055
14218,32708,44056
10316,32708,44057
8581,32708,44058
11393,32708,44059
17601,32709,44060
7333,32710,44061
9173,32710,44062
9332,32710,44063
9659,32710,44064
19124,32710,44065
24856,32710,44066
20958,32710,44067
3616,32710,44068
1402,32710,44069
21822,32710,44070
22667,32710,44071
22339,32710,44072
20981,32710,44073
3107,32711,44074
10686,32711,44075
1189,32712,44076
9656,32712,44077
8689,32712,44078
5375,32712,44079
19610,32712,44080
13084,32712,44081
13549,32712,44082
15011,32712,44083
15020,32712,44084
19661,32712,44085
19538,32713,44086
6622,32713,44087
11899,32713,44088
22497,32713,44089
17601,32714,44090
24488,32715,44091
17601,32716,44092
11015,32717,44093
7222,32717,44094
13730,32717,44095
17541,32717,44096
139,32717,44097
24776,32717,44098
5777,32718,44099
3392,32718,44100
2632,32718,44101
20864,32718,44102
655,32718,44103
22606,32718,44104
19747,32718,44105
20508,32718,44106
6226,32718,44107
19154,32718,44108
7702,32718,44109
11543,32718,44110
9985,32718,44111
8581,32718,44112
13339,32718,44113
13922,32718,44114
16956,32718,44115
16458,32718,44116
17601,32719,44117
14761,32720,44118
9514,32720,44119
7777,32720,44120
13890,32720,44121
9713,32720,44122
3818,32720,44123
1458,32720,44124
15966,32720,44125
4712,32720,44126
16138,32720,44127
7044,32721,44128
22217,32721,44129
10745,32722,44130
10587,32722,44131
18305,32722,44132
12363,32722,44133
22881,32722,44134
18945,32722,44135
1538,32722,44136
1555,32722,44137
7194,32722,44138
6884,32722,44139
8153,32722,44140
776,32722,44141
24299,32722,44142
2844,32723,44143
23724,32724,44144
14393,32724,44145
23262,32724,44146
8930,32724,44147
23588,32725,44148
11939,32725,44149
13105,32725,44150
7043,32725,44151
21554,32725,44152
21920,32725,44153
20896,32725,44154
11190,32725,44155
4731,32725,44156
17711,32725,44157
13864,32725,44158
4221,32725,44159
7674,32726,44160
12443,32726,44161
303,32727,44162
6107,32727,44163
19419,32727,44164
23983,32727,44165
23049,32727,44166
19271,32727,44167
23589,32727,44168
15885,32727,44169
22033,32727,44170
14915,32727,44171
4861,32727,44172
22950,32728,44173
11107,32728,44174
22369,32728,44175
5529,32728,44176
18505,32728,44177
16909,32728,44178
2027,32728,44179
15480,32728,44180
5735,32728,44181
12956,32728,44182
13922,32728,44183
22929,32728,44184
18797,32728,44185
19926,32729,44186
11816,32729,44187
20899,32729,44188
12606,32729,44189
395,32729,44190
847,32729,44191
1505,32729,44192
2373,32729,44193
5658,32729,44194
10453,32729,44195
8748,32729,44196
346,32729,44197
19244,32729,44198
19478,32729,44199
6492,32729,44200
23213,32729,44201
10671,32729,44202
17018,32730,44203
23350,32730,44204
23552,32730,44205
17601,32731,44206
1073,32732,44207
23216,32732,44208
16840,32732,44209
8777,32732,44210
10687,32732,44211
17078,32732,44212
11066,32732,44213
21626,32732,44214
7624,32732,44215
2602,32732,44216
17601,32733,44217
17601,32734,44218
17601,32735,44219
23302,32736,44220
6167,32737,44221
24209,32737,44222
17084,32737,44223
3796,32737,44224
12081,32737,44225
17601,32738,44226
17601,32739,44227
17601,32740,44228
22080,32741,44229
19655,32741,44230
18968,32741,44231
23766,32741,44232
21039,32741,44233
21726,32741,44234
10191,32741,44235
18618,32741,44236
2172,32741,44237
10150,32741,44238
10330,32742,44239
9676,32742,44240
16748,32742,44241
19350,32742,44242
24341,32742,44243
3925,32742,44244
15857,32742,44245
4920,32742,44246
9469,32742,44247
9090,32742,44248
2285,32742,44249
3051,32742,44250
15461,32742,44251
455,32742,44252
16782,32743,44253
1546,32743,44254
19819,32743,44255
18314,32743,44256
1820,32743,44257
11905,32743,44258
10223,32743,44259
10107,32743,44260
9970,32743,44261
4868,32743,44262
15742,32743,44263
20987,32743,44264
23328,32743,44265
15990,32743,44266
24736,32743,44267
14057,32743,44268
5960,32743,44269
9306,32743,44270
10774,32743,44271
21495,32744,44272
18559,32744,44273
18051,32744,44274
3321,32744,44275
10232,32744,44276
8954,32744,44277
14125,32744,44278
15299,32744,44279
16504,32744,44280
14473,32744,44281
17479,32744,44282
14546,32744,44283
13053,32744,44284
13589,32744,44285
4415,32744,44286
22100,32744,44287
11792,32744,44288
17987,32744,44289
24808,32744,44290
10453,32745,44291
9970,32745,44292
2652,32745,44293
23328,32745,44294
1546,32745,44295
24736,32745,44296
1820,32745,44297
804,32745,44298
15990,32745,44299
10107,32745,44300
15742,32745,44301
16109,32746,44302
3735,32746,44303
15839,32746,44304
24253,32746,44305
19717,32746,44306
2616,32746,44307
4720,32746,44308
4735,32746,44309
9427,32746,44310
5185,32746,44311
22121,32746,44312
23487,32746,44313
23328,32746,44314
10595,32746,44315
23496,32746,44316
12849,32746,44317
19465,32746,44318
19647,32746,44319
18226,32747,44320
10457,32747,44321
17202,32747,44322
6972,32747,44323
18353,32747,44324
19259,32747,44325
8905,32747,44326
746,32747,44327
22267,32747,44328
3751,32747,44329
1746,32747,44330
21314,32747,44331
4761,32747,44332
20101,32747,44333
8112,32747,44334
18401,32748,44335
17565,32748,44336
22487,32748,44337
22829,32748,44338
23578,32748,44339
13447,32748,44340
1171,32748,44341
4252,32748,44342
4142,32748,44343
2823,32748,44344
5886,32748,44345
8119,32748,44346
13633,32748,44347
13706,32748,44348
12199,32748,44349
12017,32748,44350
12980,32748,44351
17601,32749,44352
16347,32750,44353
14265,32750,44354
15744,32750,44355
12715,32750,44356
6744,32750,44357
4653,32750,44358
830,32750,44359
5323,32750,44360
17816,32750,44361
24793,32750,44362
20987,32750,44363
17413,32750,44364
4420,32750,44365
11841,32750,44366
9810,32751,44367
12514,32751,44368
8272,32751,44369
24139,32751,44370
10223,32751,44371
15908,32751,44372
16416,32751,44373
6844,32751,44374
17289,32752,44375
10382,32753,44376
1915,32753,44377
8981,32753,44378
11250,32753,44379
2773,32753,44380
18971,32754,44381
10690,32754,44382
4428,32754,44383
4239,32754,44384
5499,32754,44385
4840,32754,44386
13916,32754,44387
16554,32754,44388
6504,32754,44389
6383,32754,44390
13027,32754,44391
12768,32754,44392
9224,32754,44393
4166,32754,44394
15898,32754,44395
15094,32754,44396
16562,32754,44397
10264,32755,44398
12949,32755,44399
327,32755,44400
23375,32755,44401
24213,32755,44402
17251,32755,44403
15497,32755,44404
1445,32755,44405
3088,32755,44406
18732,32755,44407
17559,32756,44408
14839,32756,44409
6425,32757,44410
22539,32757,44411
8070,32757,44412
2065,32757,44413
19746,32757,44414
2032,32757,44415
8124,32757,44416
18955,32757,44417
7900,32757,44418
19229,32757,44419
17601,32758,44420
24497,32759,44421
13507,32759,44422
12027,32759,44423
11086,32760,44424
11582,32760,44425
11187,32760,44426
2902,32761,44427
10070,32761,44428
1094,32761,44429
20259,32762,44430
15209,32762,44431
22830,32762,44432
18075,32762,44433
19613,32762,44434
17601,32763,44435
22753,32764,44436
9154,32764,44437
22172,32764,44438
14972,32764,44439
19012,32764,44440
22288,32764,44441
22529,32764,44442
19940,32764,44443
21708,32764,44444
20611,32764,44445
21042,32764,44446
18162,32764,44447
11668,32764,44448
11741,32764,44449
13215,32764,44450
5531,32764,44451
7030,32764,44452
8771,32764,44453
2699,32765,44454
3952,32765,44455
21065,32765,44456
20317,32765,44457
14328,32766,44458
5719,32766,44459
3576,32766,44460
2886,32766,44461
2630,32766,44462
17748,32766,44463
11649,32766,44464
7101,32766,44465
8720,32766,44466
11310,32766,44467
17707,32767,44468
7656,32767,44469
9212,32768,44470
17707,32768,44471
7656,32768,44472
1488,32769,44473
3869,32769,44474
5221,32769,44475
2876,32769,44476
1789,32769,44477
6411,32769,44478
16217,32769,44479
15089,32769,44480
15801,32769,44481
154,32769,44482
13378,32769,44483
6395,32769,44484
2887,32769,44485
11659,32769,44486
12040,32769,44487
8775,32769,44488
13254,32769,44489
9600,32769,44490
9130,32770,44491
15801,32770,44492
11659,32770,44493
154,32770,44494
18559,32770,44495
5221,32770,44496
3869,32770,44497
6395,32770,44498
1488,32771,44499
1789,32771,44500
154,32771,44501
2876,32771,44502
3869,32771,44503
8912,32771,44504
6395,32771,44505
5221,32771,44506
11659,32771,44507
2662,32771,44508
12141,32771,44509
14044,32771,44510
15089,32771,44511
15801,32771,44512
18559,32771,44513
23323,32771,44514
19944,32772,44515
20104,32772,44516
20685,32772,44517
10948,32772,44518
8695,32772,44519
11392,32772,44520
46,32772,44521
17382,32772,44522
15461,32772,44523
13967,32772,44524
18956,32772,44525
12495,32772,44526
11867,32772,44527
951,32772,44528
6172,32772,44529
1795,32772,44530
12102,32772,44531
2057,32773,44532
1682,32773,44533
968,32773,44534
13584,32773,44535
12831,32773,44536
18091,32773,44537
16375,32773,44538
21646,32773,44539
12589,32773,44540
8750,32773,44541
8731,32773,44542
8327,32773,44543
8511,32773,44544
5263,32773,44545
5570,32773,44546
4926,32773,44547
17601,32774,44548
17601,32775,44549
10382,32776,44550
19733,32776,44551
12784,32777,44552
23325,32777,44553
3751,32778,44554
12538,32778,44555
9559,32778,44556
2983,32778,44557
22948,32778,44558
13031,32778,44559
15048,32778,44560
16039,32778,44561
15828,32778,44562
16874,32778,44563
17489,32778,44564
8433,32778,44565
17009,32778,44566
19500,32778,44567
17601,32779,44568
17601,32780,44569
17601,32781,44570
17601,32782,44571
5270,32783,44572
4476,32783,44573
9712,32783,44574
19635,32783,44575
17601,32784,44576
158,32785,44577
20022,32785,44578
21563,32785,44579
17601,32786,44580
17601,32787,44581
10872,32788,44582
13000,32788,44583
21456,32788,44584
16736,32788,44585
17601,32789,44586
17601,32790,44587
17601,32791,44588
17601,32792,44589
16171,32793,44590
20433,32793,44591
11076,32793,44592
11608,32793,44593
3593,32793,44594
5737,32793,44595
12030,32793,44596
24069,32793,44597
21279,32794,44598
23423,32794,44599
1644,32794,44600
5388,32794,44601
21496,32794,44602
5295,32794,44603
17601,32795,44604
17601,32796,44605
17601,32797,44606
17601,32798,44607
17601,32799,44608
17601,32800,44609
17601,32801,44610
21686,32802,44611
20973,32802,44612
20534,32802,44613
20157,32802,44614
24630,32802,44615
8345,32802,44616
10893,32802,44617
1015,32802,44618
11825,32802,44619
5151,32802,44620
18435,32802,44621
19395,32802,44622
513,32802,44623
13277,32802,44624
17601,32803,44625
2430,32804,44626
5706,32804,44627
6686,32804,44628
9183,32804,44629
13459,32804,44630
14105,32804,44631
24438,32804,44632
24283,32804,44633
24284,32804,44634
2429,32804,44635
24285,32804,44636
17601,32805,44637
12849,32806,44638
12242,32806,44639
11393,32806,44640
13801,32806,44641
9659,32806,44642
22303,32806,44643
5636,32806,44644
2777,32806,44645
15132,32806,44646
17705,32806,44647
18718,32806,44648
19844,32806,44649
17214,32806,44650
21274,32806,44651
17601,32807,44652
216,32808,44653
722,32808,44654
19767,32808,44655
10559,32808,44656
9178,32808,44657
8682,32808,44658
885,32808,44659
4862,32808,44660
4024,32808,44661
1328,32808,44662
10382,32808,44663
12558,32808,44664
14898,32808,44665
17317,32808,44666
11150,32808,44667
2160,32809,44668
911,32809,44669
225,32809,44670
4881,32809,44671
10531,32809,44672
9346,32809,44673
5878,32809,44674
22108,32809,44675
20090,32809,44676
16157,32809,44677
13874,32809,44678
12341,32809,44679
24762,32810,44680
16115,32810,44681
9495,32810,44682
17601,32811,44683
7175,32812,44684
64,32812,44685
23805,32812,44686
13910,32813,44687
5935,32813,44688
18937,32813,44689
2739,32813,44690
3449,32813,44691
17398,32813,44692
18924,32813,44693
9805,32813,44694
7801,32813,44695
7534,32813,44696
17601,32814,44697
12634,32815,44698
13937,32815,44699
6893,32815,44700
7042,32815,44701
16520,32815,44702
7025,32815,44703
2844,32815,44704
1251,32815,44705
23924,32815,44706
12133,32815,44707
9606,32815,44708
9214,32815,44709
3603,32815,44710
5027,32816,44711
3591,32816,44712
19917,32816,44713
15777,32816,44714
8750,32816,44715
9133,32816,44716
23106,32816,44717
21595,32816,44718
12368,32816,44719
10650,32816,44720
9954,32816,44721
24297,32816,44722
3457,32817,44723
2687,32817,44724
2265,32817,44725
23758,32817,44726
19231,32817,44727
16566,32817,44728
8138,32817,44729
24523,32817,44730
14139,32817,44731
9837,32817,44732
20839,32818,44733
18173,32818,44734
17365,32818,44735
2378,32818,44736
5887,32818,44737
11167,32818,44738
15297,32818,44739
16354,32818,44740
61,32818,44741
22373,32818,44742
17601,32819,44743
17239,32820,44744
20244,32820,44745
13700,32820,44746
17601,32821,44747
3488,32822,44748
15903,32822,44749
8698,32822,44750
3557,32822,44751
1074,32822,44752
2650,32822,44753
12326,32822,44754
15314,32822,44755
8190,32822,44756
2273,32822,44757
24127,32822,44758
17137,32822,44759
22736,32823,44760
20470,32823,44761
17324,32823,44762
21497,32823,44763
20812,32823,44764
10702,32823,44765
15396,32823,44766
827,32823,44767
105,32823,44768
836,32823,44769
17601,32824,44770
17543,32825,44771
23734,32825,44772
23724,32825,44773
22520,32825,44774
19400,32825,44775
12692,32825,44776
7633,32825,44777
24796,32825,44778
14393,32825,44779
15498,32825,44780
12441,32825,44781
12423,32825,44782
12377,32825,44783
2929,32825,44784
4494,32825,44785
2412,32825,44786
24067,32825,44787
20518,32826,44788
4699,32826,44789
4370,32826,44790
19568,32827,44791
16541,32828,44792
16658,32828,44793
12689,32828,44794
12834,32828,44795
19496,32828,44796
11249,32828,44797
10790,32828,44798
10316,32828,44799
10209,32828,44800
5286,32828,44801
4113,32828,44802
3321,32828,44803
3021,32828,44804
2593,32828,44805
1432,32828,44806
12273,32828,44807
11491,32828,44808
19117,32829,44809
12536,32829,44810
22108,32829,44811
9580,32829,44812
21155,32829,44813
19315,32829,44814
14807,32829,44815
18170,32829,44816
4898,32829,44817
23215,32829,44818
5360,32829,44819
10328,32829,44820
24775,32830,44821
14196,32830,44822
14178,32830,44823
11174,32830,44824
10373,32830,44825
7015,32830,44826
8981,32830,44827
13725,32830,44828
10498,32830,44829
6637,32830,44830
3423,32830,44831
1049,32830,44832
21622,32830,44833
23884,32830,44834
19796,32830,44835
1600,32830,44836
15019,32830,44837
11912,32831,44838
24798,32831,44839
21681,32831,44840
13349,32832,44841
13038,32832,44842
482,32832,44843
17601,32833,44844
16993,32834,44845
18473,32834,44846
20987,32834,44847
14730,32834,44848
4897,32834,44849
17601,32835,44850
15417,32836,44851
19789,32836,44852
13131,32836,44853
14412,32836,44854
17871,32836,44855
12627,32836,44856
1159,32836,44857
16856,32836,44858
261,32836,44859
3294,32836,44860
9810,32836,44861
10667,32836,44862
9494,32837,44863
24568,32837,44864
9519,32837,44865
14457,32837,44866
19300,32837,44867
22432,32838,44868
17187,32838,44869
23249,32839,44870
24205,32839,44871
11320,32839,44872
11898,32839,44873
16843,32839,44874
16917,32839,44875
15461,32839,44876
5294,32839,44877
428,32839,44878
15126,32839,44879
23202,32839,44880
7883,32840,44881
499,32840,44882
3464,32840,44883
9675,32840,44884
7182,32840,44885
14009,32840,44886
14902,32840,44887
17601,32841,44888
22950,32842,44889
20725,32842,44890
20424,32842,44891
24176,32842,44892
23630,32842,44893
19642,32842,44894
401,32842,44895
7580,32842,44896
10936,32842,44897
490,32842,44898
13950,32842,44899
23416,32842,44900
19788,32842,44901
11777,32842,44902
18202,32842,44903
7400,32842,44904
13369,32843,44905
15779,32843,44906
11603,32843,44907
7330,32843,44908
22591,32843,44909
502,32843,44910
1102,32843,44911
17038,32843,44912
22280,32843,44913
22737,32843,44914
17601,32844,44915
17601,32845,44916
18472,32846,44917
23720,32846,44918
19417,32846,44919
8332,32846,44920
8238,32846,44921
8335,32846,44922
4453,32846,44923
11963,32846,44924
9632,32846,44925
11830,32846,44926
6378,32846,44927
14877,32846,44928
23342,32846,44929
24486,32846,44930
6364,32846,44931
17601,32847,44932
17601,32848,44933
9082,32849,44934
9874,32849,44935
3275,32849,44936
3183,32849,44937
1680,32849,44938
6690,32849,44939
10232,32849,44940
19647,32849,44941
14521,32849,44942
22281,32849,44943
11091,32849,44944
18266,32849,44945
11911,32849,44946
14362,32849,44947
17601,32850,44948
17601,32851,44949
17601,32852,44950
17601,32853,44951
17601,32854,44952
18910,32855,44953
16177,32855,44954
9639,32855,44955
9212,32855,44956
4344,32855,44957
21708,32856,44958
20859,32856,44959
23250,32856,44960
23969,32856,44961
11668,32856,44962
24262,32857,44963
23192,32857,44964
17601,32858,44965
17601,32859,44966
17601,32860,44967
17601,32861,44968
10707,32862,44969
20509,32862,44970
5628,32862,44971
6441,32863,44972
4306,32863,44973
17601,32864,44974
11213,32865,44975
13748,32865,44976
14111,32865,44977
828,32865,44978
13,32865,44979
1261,32865,44980
4762,32865,44981
7769,32865,44982
19209,32865,44983
18481,32865,44984
17261,32866,44985
19556,32866,44986
8607,32866,44987
14277,32866,44988
7096,32866,44989
17601,32867,44990
23025,32868,44991
14774,32868,44992
12808,32868,44993
997,32868,44994
970,32868,44995
1688,32868,44996
3268,32868,44997
4023,32868,44998
9823,32868,44999
9543,32868,45000
8482,32868,45001
9833,32868,45002
7627,32868,45003
10480,32869,45004
23869,32869,45005
4780,32869,45006
1430,32869,45007
7867,32869,45008
17601,32870,45009
8626,32871,45010
19413,32871,45011
11381,32871,45012
16905,32872,45013
20363,32872,45014
12376,32872,45015
11447,32872,45016
20628,32872,45017
16650,32872,45018
23811,32872,45019
15284,32872,45020
6827,32872,45021
2999,32872,45022
8008,32872,45023
458,32872,45024
8408,32872,45025
17783,32873,45026
21589,32873,45027
5867,32873,45028
22467,32874,45029
4218,32874,45030
22139,32874,45031
16858,32875,45032
18397,32876,45033
19733,32876,45034
1864,32876,45035
1946,32876,45036
17168,32876,45037
4744,32876,45038
9044,32876,45039
7044,32876,45040
6981,32876,45041
22150,32876,45042
4161,32876,45043
12071,32876,45044
15851,32876,45045
1387,32876,45046
326,32876,45047
19898,32876,45048
20584,32876,45049
11772,32876,45050
11074,32877,45051
18242,32877,45052
16457,32877,45053
24211,32877,45054
5548,32877,45055
24282,32877,45056
24223,32877,45057
16457,32878,45058
24223,32878,45059
23670,32878,45060
14062,32878,45061
17601,32879,45062
17601,32880,45063
17601,32881,45064
11699,32882,45065
10901,32882,45066
11970,32882,45067
13335,32882,45068
14155,32882,45069
12408,32882,45070
6150,32882,45071
3708,32882,45072
4858,32882,45073
9402,32882,45074
1396,32882,45075
7858,32882,45076
6988,32882,45077
6331,32882,45078
15813,32882,45079
9927,32882,45080
50,32882,45081
3976,32883,45082
4280,32883,45083
23322,32883,45084
14819,32884,45085
8945,32884,45086
3244,32884,45087
7314,32884,45088
874,32884,45089
14579,32884,45090
8173,32884,45091
8072,32884,45092
7826,32884,45093
2040,32884,45094
15183,32884,45095
2929,32884,45096
6785,32884,45097
6296,32884,45098
3917,32884,45099
2013,32884,45100
4794,32884,45101
17601,32885,45102
17601,32886,45103
10159,32887,45104
13658,32887,45105
23839,32888,45106
2214,32888,45107
1649,32888,45108
5622,32888,45109
17814,32888,45110
18385,32888,45111
16534,32889,45112
13130,32889,45113
2609,32889,45114
3391,32889,45115
6585,32889,45116
3829,32889,45117
8231,32889,45118
24229,32889,45119
1046,32889,45120
1065,32889,45121
17601,32890,45122
17601,32891,45123
22550,32892,45124
9937,32892,45125
16623,32892,45126
20199,32892,45127
466,32892,45128
5946,32892,45129
5901,32892,45130
2799,32892,45131
11044,32892,45132
17601,32893,45133
6840,32894,45134
7355,32894,45135
12007,32894,45136
9556,32894,45137
724,32894,45138
5405,32894,45139
15656,32894,45140
15257,32894,45141
23832,32894,45142
23051,32894,45143
8304,32895,45144
3996,32895,45145
9772,32895,45146
9559,32895,45147
10265,32895,45148
10963,32895,45149
14513,32895,45150
12400,32895,45151
18596,32895,45152
19677,32895,45153
16225,32895,45154
16714,32895,45155
548,32895,45156
1825,32895,45157
21876,32895,45158
3495,32895,45159
22072,32895,45160
22192,32895,45161
14803,32896,45162
17294,32896,45163
401,32896,45164
2489,32896,45165
5137,32896,45166
11346,32896,45167
23500,32896,45168
23525,32896,45169
17506,32896,45170
23052,32896,45171
17601,32897,45172
17601,32898,45173
20963,32899,45174
18697,32899,45175
726,32900,45176
1769,32900,45177
7598,32900,45178
9032,32900,45179
13415,32900,45180
18390,32900,45181
19166,32900,45182
22620,32900,45183
4714,32900,45184
3270,32900,45185
17601,32901,45186
6143,32902,45187
10672,32902,45188
2880,32902,45189
7156,32902,45190
17601,32903,45191
3381,32904,45192
5185,32904,45193
8955,32904,45194
7343,32904,45195
12206,32904,45196
16237,32904,45197
14275,32904,45198
13617,32904,45199
7205,32904,45200
1036,32904,45201
5356,32904,45202
18657,32904,45203
23402,32904,45204
24380,32904,45205
11373,32905,45206
16532,32905,45207
20737,32905,45208
16752,32906,45209
15730,32906,45210
14562,32906,45211
10024,32906,45212
19245,32906,45213
19040,32906,45214
9138,32906,45215
3001,32906,45216
8975,32906,45217
20851,32906,45218
6445,32907,45219
6569,32907,45220
4446,32907,45221
2834,32907,45222
13751,32907,45223
1817,32907,45224
12187,32907,45225
12211,32907,45226
4928,32907,45227
5540,32907,45228
10687,32907,45229
9587,32907,45230
3424,32907,45231
2541,32907,45232
2327,32907,45233
6047,32907,45234
13739,32907,45235
11887,32907,45236
7558,32907,45237
17601,32908,45238
17601,32909,45239
3456,32910,45240
3679,32910,45241
4778,32910,45242
879,32910,45243
1270,32910,45244
18746,32910,45245
23984,32910,45246
8927,32910,45247
6935,32910,45248
8243,32910,45249
19155,32911,45250
11113,32911,45251
10475,32911,45252
19507,32911,45253
20901,32911,45254
13442,32911,45255
24058,32911,45256
23831,32911,45257
7361,32911,45258
17601,32912,45259
12851,32913,45260
8286,32913,45261
1059,32913,45262
20713,32913,45263
14529,32913,45264
17172,32913,45265
15952,32913,45266
1364,32913,45267
435,32913,45268
13419,32913,45269
13063,32913,45270
585,32914,45271
11160,32914,45272
10631,32914,45273
9695,32914,45274
22325,32914,45275
14274,32914,45276
19232,32914,45277
12641,32914,45278
12186,32914,45279
5955,32914,45280
5245,32914,45281
3826,32914,45282
9205,32914,45283
1926,32914,45284
10656,32915,45285
13824,32915,45286
13032,32915,45287
10715,32915,45288
22899,32915,45289
16177,32915,45290
4363,32915,45291
13349,32915,45292
17601,32916,45293
17601,32917,45294
17535,32918,45295
23973,32918,45296
19214,32918,45297
8841,32918,45298
17601,32919,45299
17601,32920,45300
17601,32921,45301
6384,32922,45302
15423,32922,45303
19906,32922,45304
24343,32923,45305
13792,32923,45306
556,32923,45307
19131,32923,45308
16919,32923,45309
18241,32923,45310
12803,32923,45311
4573,32923,45312
9987,32923,45313
11734,32923,45314
17601,32924,45315
3938,32925,45316
14332,32925,45317
12955,32925,45318
19733,32926,45319
14977,32926,45320
9692,32926,45321
6418,32926,45322
11832,32926,45323
7108,32927,45324
11632,32928,45325
17434,32928,45326
17577,32928,45327
16001,32928,45328
17601,32929,45329
13127,32930,45330
5833,32930,45331
3211,32930,45332
10340,32930,45333
14449,32930,45334
4740,32930,45335
9159,32930,45336
5541,32930,45337
23366,32930,45338
23677,32930,45339
23144,32930,45340
23078,32930,45341
23151,32930,45342
6666,32930,45343
23351,32930,45344
22250,32930,45345
19569,32930,45346
16277,32930,45347
546,32930,45348
20455,32931,45349
21203,32931,45350
20843,32931,45351
24492,32932,45352
13690,32932,45353
9764,32932,45354
9651,32932,45355
24036,32932,45356
6373,32932,45357
557,32932,45358
571,32932,45359
15341,32932,45360
15588,32932,45361
15681,32933,45362
20764,32933,45363
6529,32933,45364
22413,32933,45365
17601,32934,45366
22120,32935,45367
21932,32935,45368
24658,32935,45369
15965,32935,45370
12247,32935,45371
11938,32935,45372
16252,32935,45373
4836,32935,45374
6499,32935,45375
9874,32935,45376
11123,32935,45377
11374,32935,45378
5695,32935,45379
17601,32936,45380
18104,32937,45381
20387,32937,45382
7289,32937,45383
2256,32937,45384
12023,32937,45385
14620,32937,45386
17601,32938,45387
17601,32939,45388
7350,32940,45389
18243,32940,45390
15079,32940,45391
1473,32940,45392
17503,32940,45393
15839,32940,45394
2468,32940,45395
16310,32940,45396
23966,32940,45397
19063,32940,45398
20281,32940,45399
23965,32940,45400
1546,32941,45401
4897,32941,45402
7044,32941,45403
224,32941,45404
16221,32941,45405
24164,32941,45406
18519,32941,45407
18083,32941,45408
13631,32941,45409
7255,32941,45410
17601,32942,45411
590,32943,45412
15002,32943,45413
10612,32943,45414
6473,32944,45415
22584,32944,45416
11359,32944,45417
8390,32944,45418
17601,32945,45419
17601,32946,45420
17601,32947,45421
17601,32948,45422
14235,32949,45423
20171,32949,45424
15801,32949,45425
17601,32950,45426
21918,32951,45427
24708,32951,45428
15923,32951,45429
8729,32951,45430
23967,32951,45431
6227,32951,45432
7492,32951,45433
6830,32951,45434
6767,32951,45435
3382,32951,45436
15775,32952,45437
17751,32952,45438
2255,32952,45439
4936,32952,45440
10073,32952,45441
19000,32952,45442
2027,32952,45443
17601,32953,45444
17601,32954,45445
2400,32955,45446
23702,32955,45447
3193,32955,45448
11753,32955,45449
6180,32955,45450
3786,32955,45451
14713,32955,45452
21959,32955,45453
24003,32955,45454
22007,32955,45455
20087,32956,45456
22258,32956,45457
20166,32956,45458
1542,32956,45459
22669,32957,45460
24587,32957,45461
22624,32957,45462
17601,32958,45463
20492,32959,45464
13819,32959,45465
15882,32959,45466
7137,32959,45467
9084,32959,45468
2976,32960,45469
24093,32960,45470
17367,32960,45471
14145,32960,45472
22415,32960,45473
18857,32960,45474
21419,32960,45475
15144,32960,45476
16139,32960,45477
21340,32961,45478
18292,32961,45479
2884,32961,45480
18088,32962,45481
18906,32962,45482
8735,32962,45483
10378,32962,45484
19869,32962,45485
7876,32962,45486
10386,32962,45487
10879,32962,45488
19628,32962,45489
14660,32962,45490
11386,32962,45491
7580,32962,45492
1979,32962,45493
1190,32962,45494
525,32962,45495
8120,32963,45496
11043,32963,45497
19095,32963,45498
17601,32964,45499
9952,32965,45500
2099,32966,45501
5925,32966,45502
16166,32967,45503
11352,32967,45504
4145,32967,45505
1420,32967,45506
20278,32967,45507
16663,32967,45508
23626,32967,45509
11701,32967,45510
3295,32967,45511
24685,32967,45512
17601,32968,45513
17601,32969,45514
17601,32970,45515
17601,32971,45516
17601,32972,45517
17601,32973,45518
5327,32974,45519
9130,32974,45520
107,32974,45521
3129,32974,45522
3694,32974,45523
4917,32974,45524
18501,32974,45525
16764,32974,45526
24197,32974,45527
22938,32974,45528
22168,32974,45529
16629,32974,45530
12849,32974,45531
10785,32974,45532
19363,32974,45533
21278,32974,45534
10687,32975,45535
24235,32975,45536
24665,32975,45537
2731,32976,45538
16334,32976,45539
9308,32976,45540
7559,32976,45541
8097,32976,45542
704,32976,45543
17143,32976,45544
24351,32976,45545
24110,32976,45546
20981,32976,45547
6848,32977,45548
9195,32977,45549
692,32977,45550
23113,32977,45551
1205,32977,45552
2903,32977,45553
3626,32977,45554
3398,32977,45555
24262,32977,45556
23654,32977,45557
18559,32977,45558
11583,32977,45559
17601,32978,45560
22063,32979,45561
17105,32979,45562
5227,32979,45563
412,32980,45564
15573,32980,45565
13365,32980,45566
13804,32980,45567
9429,32980,45568
24549,32980,45569
4307,32980,45570
24644,32980,45571
22953,32980,45572
22666,32980,45573
9424,32981,45574
10872,32981,45575
15853,32981,45576
18842,32981,45577
8512,32981,45578
4956,32981,45579
9559,32981,45580
21775,32981,45581
8905,32981,45582
21626,32981,45583
18891,32981,45584
23368,32981,45585
17601,32982,45586
1064,32983,45587
20848,32983,45588
22908,32984,45589
331,32984,45590
8189,32984,45591
17601,32985,45592
23367,32986,45593
729,32986,45594
15277,32986,45595
22904,32986,45596
2688,32986,45597
6894,32987,45598
13156,32987,45599
10897,32987,45600
11090,32987,45601
5569,32987,45602
95,32987,45603
11163,32987,45604
13824,32987,45605
13935,32987,45606
12767,32987,45607
14103,32987,45608
13585,32987,45609
11995,32987,45610
12368,32987,45611
10001,32987,45612
5829,32987,45613
18408,32987,45614
15982,32987,45615
13824,32988,45616
12476,32988,45617
13585,32988,45618
22958,32988,45619
18756,32988,45620
10186,32988,45621
23682,32988,45622
12368,32988,45623
5569,32988,45624
1039,32988,45625
16934,32988,45626
8689,32988,45627
16074,32989,45628
17654,32989,45629
17601,32990,45630
7276,32991,45631
11659,32991,45632
23322,32991,45633
17601,32992,45634
8056,32993,45635
17601,32994,45636
13775,32995,45637
8438,32995,45638
13857,32995,45639
16590,32995,45640
16645,32995,45641
5487,32995,45642
12381,32995,45643
8333,32995,45644
23261,32995,45645
22679,32995,45646
24765,32995,45647
5053,32995,45648
21974,32995,45649
6736,32995,45650
5372,32996,45651
8926,32996,45652
14198,32997,45653
12025,32997,45654
4166,32997,45655
3224,32997,45656
21096,32997,45657
20949,32997,45658
6643,32997,45659
16579,32997,45660
15239,32997,45661
17079,32997,45662
13946,32997,45663
5872,32998,45664
5378,32998,45665
24769,32998,45666
6988,32998,45667
425,32998,45668
11801,32998,45669
20354,32998,45670
4852,32998,45671
8848,32998,45672
4408,32998,45673
17601,32999,45674
17601,33000,45675
21399,33001,45676
19812,33001,45677
16290,33001,45678
9167,33001,45679
4732,33001,45680
1837,33001,45681
3142,33001,45682
119,33001,45683
13112,33001,45684
8376,33001,45685
16828,33002,45686
19143,33002,45687
4898,33002,45688
2923,33002,45689
2246,33002,45690
16360,33002,45691
22364,33002,45692
24770,33002,45693
11565,33002,45694
16286,33002,45695
16287,33002,45696
15146,33002,45697
15292,33002,45698
2059,33002,45699
24378,33003,45700
18468,33003,45701
7150,33003,45702
7281,33003,45703
4466,33003,45704
440,33003,45705
16923,33003,45706
15675,33003,45707
12324,33003,45708
4719,33003,45709
6371,33004,45710
564,33004,45711
17537,33004,45712
17601,33005,45713
18786,33006,45714
23842,33006,45715
17601,33007,45716
8911,33008,45717
14779,33008,45718
18051,33008,45719
10408,33008,45720
942,33008,45721
8797,33008,45722
19960,33008,45723
8075,33008,45724
6270,33008,45725
2999,33008,45726
10313,33009,45727
8905,33009,45728
17601,33010,45729
2034,33011,45730
24858,33011,45731
9739,33011,45732
21780,33011,45733
24837,33011,45734
22549,33011,45735
24857,33011,45736
6703,33011,45737
5413,33011,45738
8949,33011,45739
7661,33012,45740
7264,33012,45741
8076,33012,45742
2710,33012,45743
2652,33012,45744
10413,33012,45745
11259,33012,45746
11990,33012,45747
5690,33012,45748
6934,33012,45749
17159,33012,45750
15755,33012,45751
13619,33012,45752
16578,33012,45753
1437,33012,45754
1552,33012,45755
1854,33012,45756
14893,33013,45757
9054,33013,45758
12484,33013,45759
5750,33013,45760
6467,33013,45761
8533,33013,45762
16985,33013,45763
17940,33013,45764
24788,33013,45765
3561,33013,45766
4130,33013,45767
5504,33014,45768
23201,33014,45769
19513,33014,45770
17601,33015,45771
1218,33016,45772
21004,33016,45773
8220,33016,45774
10788,33017,45775
23969,33017,45776
4422,33018,45777
18051,33018,45778
12757,33018,45779
7269,33018,45780
13254,33018,45781
14371,33018,45782
19080,33018,45783
3958,33018,45784
4848,33018,45785
4760,33018,45786
20737,33018,45787
10766,33019,45788
14570,33019,45789
15219,33019,45790
19696,33019,45791
21341,33019,45792
18731,33019,45793
18399,33019,45794
15745,33019,45795
18889,33019,45796
20392,33019,45797
19910,33019,45798
6074,33019,45799
11781,33019,45800
1432,33019,45801
9770,33019,45802
17601,33020,45803
9568,33021,45804
1661,33021,45805
14290,33021,45806
17284,33022,45807
15828,33022,45808
15394,33022,45809
15333,33022,45810
9127,33022,45811
956,33022,45812
1063,33022,45813
18757,33022,45814
19176,33022,45815
24104,33022,45816
21913,33022,45817
4965,33022,45818
6592,33022,45819
8688,33022,45820
3953,33022,45821
3129,33022,45822
3880,33022,45823
8912,33022,45824
20808,33023,45825
17185,33023,45826
13506,33023,45827
24605,33023,45828
8946,33023,45829
17601,33024,45830
1644,33025,45831
151,33025,45832
17160,33025,45833
1359,33025,45834
17464,33025,45835
18996,33025,45836
3586,33025,45837
15352,33025,45838
13161,33025,45839
6586,33025,45840
11339,33025,45841
15490,33025,45842
5135,33025,45843
6106,33025,45844
5492,33025,45845
10287,33025,45846
12636,33026,45847
17017,33026,45848
20493,33026,45849
17374,33026,45850
14797,33026,45851
16387,33026,45852
7515,33026,45853
1015,33026,45854
154,33026,45855
9642,33026,45856
4328,33026,45857
3811,33026,45858
3711,33026,45859
10185,33026,45860
3593,33026,45861
2847,33026,45862
2287,33026,45863
5529,33026,45864
6707,33027,45865
11375,33027,45866
7936,33027,45867
16654,33027,45868
15910,33027,45869
19866,33027,45870
16180,33027,45871
22588,33027,45872
10156,33027,45873
23916,33027,45874
20578,33028,45875
9590,33028,45876
4600,33028,45877
10534,33028,45878
16637,33028,45879
11152,33028,45880
5449,33028,45881
24027,33028,45882
22461,33028,45883
21087,33028,45884
1301,33028,45885
10462,33028,45886
19343,33028,45887
17601,33029,45888
17601,33030,45889
5551,33031,45890
17601,33032,45891
17601,33033,45892
17601,33034,45893
16174,33035,45894
14332,33035,45895
10047,33035,45896
17601,33036,45897
4799,33037,45898
18947,33037,45899
2863,33038,45900
7160,33038,45901
23275,33038,45902
20229,33038,45903
21366,33038,45904
13756,33038,45905
10635,33038,45906
9159,33038,45907
8976,33038,45908
8167,33038,45909
6470,33038,45910
6974,33038,45911
4370,33038,45912
16624,33038,45913
16618,33038,45914
16656,33038,45915
20061,33038,45916
20128,33039,45917
18606,33039,45918
20838,33039,45919
22637,33039,45920
8980,33039,45921
6792,33039,45922
12095,33039,45923
13078,33039,45924
804,33039,45925
16762,33039,45926
15986,33039,45927
12958,33039,45928
5918,33039,45929
999,33039,45930
4305,33039,45931
13100,33039,45932
17601,33040,45933
17601,33041,45934
17601,33042,45935
17601,33043,45936
24013,33044,45937
11199,33044,45938
9835,33044,45939
4691,33044,45940
24292,33044,45941
2834,33044,45942
10382,33044,45943
17601,33045,45944
18453,33046,45945
20860,33046,45946
16942,33046,45947
15999,33046,45948
2651,33046,45949
1492,33046,45950
14112,33046,45951
3784,33046,45952
3680,33046,45953
2661,33046,45954
19356,33047,45955
17834,33047,45956
255,33047,45957
96,33047,45958
22446,33047,45959
13777,33047,45960
15332,33047,45961
2088,33047,45962
6057,33047,45963
13612,33047,45964
17601,33048,45965
16373,33049,45966
19091,33049,45967
15924,33049,45968
7850,33049,45969
2770,33049,45970
18238,33049,45971
19464,33049,45972
21763,33049,45973
15668,33049,45974
23008,33049,45975
16139,33050,45976
15681,33050,45977
7291,33050,45978
18507,33051,45979
19763,33051,45980
4930,33051,45981
11712,33051,45982
11301,33051,45983
9848,33051,45984
7665,33051,45985
6469,33051,45986
22956,33051,45987
20109,33051,45988
17601,33052,45989
17601,33053,45990
17601,33054,45991
17601,33055,45992
17601,33056,45993
10432,33057,45994
16241,33057,45995
21756,33057,45996
11737,33057,45997
1655,33057,45998
11328,33057,45999
9284,33057,46000
384,33057,46001
4207,33057,46002
7866,33057,46003
4110,33057,46004
6320,33058,46005
14426,33058,46006
12282,33058,46007
15488,33058,46008
12302,33058,46009
18960,33058,46010
18799,33058,46011
17882,33058,46012
16940,33058,46013
15739,33058,46014
3763,33058,46015
10793,33058,46016
14597,33058,46017
15078,33058,46018
10207,33058,46019
6765,33058,46020
6083,33058,46021
17601,33059,46022
8954,33060,46023
13874,33060,46024
24360,33060,46025
8981,33060,46026
2955,33060,46027
24032,33061,46028
9098,33061,46029
24365,33061,46030
19409,33061,46031
4258,33061,46032
4677,33061,46033
24750,33061,46034
24740,33061,46035
24500,33061,46036
21899,33061,46037
17601,33062,46038
9589,33063,46039
9619,33063,46040
17601,33064,46041
24012,33065,46042
10364,33065,46043
37,33065,46044
3606,33065,46045
5724,33065,46046
12628,33065,46047
21502,33065,46048
13610,33065,46049
7199,33065,46050
14403,33065,46051
19070,33065,46052
19901,33065,46053
22789,33065,46054
14449,33066,46055
17601,33067,46056
10853,33068,46057
11419,33068,46058
23812,33068,46059
23082,33068,46060
3272,33068,46061
4535,33068,46062
23547,33068,46063
19595,33068,46064
23169,33068,46065
12508,33068,46066
12215,33068,46067
20358,33068,46068
19073,33068,46069
20505,33068,46070
21720,33069,46071
14062,33069,46072
23368,33069,46073
17601,33070,46074
3541,33071,46075
2618,33071,46076
21161,33071,46077
13142,33071,46078
6233,33071,46079
2457,33071,46080
7450,33071,46081
1153,33071,46082
8928,33071,46083
92,33071,46084
1534,33072,46085
14168,33072,46086
7860,33073,46087
6423,33073,46088
19223,33073,46089
3461,33073,46090
3967,33074,46091
15735,33074,46092
16364,33074,46093
1770,33074,46094
4777,33074,46095
12575,33074,46096
8373,33074,46097
10359,33074,46098
14866,33074,46099
758,33074,46100
2343,33074,46101
2698,33074,46102
430,33074,46103
8312,33074,46104
24843,33074,46105
7895,33074,46106
17016,33075,46107
19572,33075,46108
17601,33076,46109
15978,33077,46110
13340,33077,46111
19843,33077,46112
15009,33077,46113
11843,33077,46114
12210,33077,46115
11254,33077,46116
10401,33077,46117
10870,33077,46118
6221,33077,46119
10115,33077,46120
1226,33077,46121
15921,33077,46122
17601,33078,46123
9394,33079,46124
19537,33079,46125
24734,33079,46126
14391,33079,46127
929,33079,46128
9661,33079,46129
24545,33079,46130
17601,33080,46131
17945,33081,46132
15797,33081,46133
14519,33081,46134
11040,33081,46135
11772,33081,46136
11503,33081,46137
11029,33081,46138
23196,33081,46139
2490,33081,46140
10417,33081,46141
6116,33081,46142
7245,33081,46143
9862,33081,46144
7746,33081,46145
7269,33081,46146
10061,33081,46147
18429,33081,46148
18903,33081,46149
19499,33081,46150
17601,33082,46151
19318,33083,46152
9981,33083,46153
23726,33083,46154
18860,33083,46155
12039,33083,46156
15582,33083,46157
17533,33083,46158
1609,33083,46159
14258,33083,46160
12724,33083,46161
13618,33083,46162
12751,33083,46163
9309,33083,46164
6869,33083,46165
6819,33083,46166
894,33083,46167
14277,33083,46168
14477,33083,46169
17601,33084,46170
18166,33085,46171
712,33085,46172
842,33085,46173
22645,33085,46174
152,33085,46175
23064,33085,46176
15370,33085,46177
17601,33086,46178
17601,33087,46179
24409,33088,46180
4472,33088,46181
17902,33088,46182
24415,33089,46183
11272,33089,46184
13807,33089,46185
20225,33090,46186
19988,33090,46187
7828,33090,46188
11714,33090,46189
17601,33091,46190
17601,33092,46191
17601,33093,46192
9187,33094,46193
22612,33094,46194
19775,33094,46195
9689,33094,46196
24172,33094,46197
19512,33094,46198
19160,33094,46199
18991,33094,46200
17190,33094,46201
16770,33094,46202
10124,33094,46203
1888,33094,46204
6516,33094,46205
17601,33095,46206
17601,33096,46207
17601,33097,46208
21461,33098,46209
10777,33098,46210
8938,33098,46211
4070,33098,46212
21999,33098,46213
21070,33099,46214
638,33099,46215
804,33099,46216
9970,33099,46217
23842,33099,46218
23397,33099,46219
12172,33099,46220
11009,33099,46221
13467,33099,46222
12770,33099,46223
10966,33099,46224
23249,33099,46225
15828,33099,46226
17342,33099,46227
9505,33099,46228
5051,33099,46229
1963,33099,46230
2820,33099,46231
4361,33099,46232
5077,33100,46233
21386,33100,46234
18891,33100,46235
16781,33101,46236
20001,33101,46237
11222,33101,46238
11730,33101,46239
15857,33101,46240
3354,33101,46241
17471,33102,46242
6480,33102,46243
22460,33102,46244
12347,33103,46245
24830,33103,46246
8867,33103,46247
462,33103,46248
6308,33103,46249
17682,33103,46250
17601,33104,46251
14999,33105,46252
8055,33105,46253
2699,33105,46254
17601,33106,46255
17601,33107,46256
17601,33108,46257
3952,33109,46258
16929,33109,46259
24841,33109,46260
14285,33110,46261
16828,33110,46262
18259,33110,46263
18259,33111,46264
16828,33111,46265
20471,33112,46266
20297,33112,46267
22148,33112,46268
5386,33112,46269
20794,33113,46270
6935,33113,46271
8069,33113,46272
1272,33113,46273
18464,33113,46274
12693,33113,46275
19222,33113,46276
13694,33114,46277
15081,33114,46278
14824,33114,46279
8675,33114,46280
885,33114,46281
20713,33114,46282
23195,33114,46283
18992,33114,46284
12514,33114,46285
13574,33114,46286
5857,33114,46287
17296,33114,46288
17508,33114,46289
23351,33114,46290
10536,33114,46291
2769,33114,46292
22982,33115,46293
22377,33115,46294
8582,33115,46295
10529,33115,46296
4191,33115,46297
13071,33115,46298
2555,33115,46299
19330,33115,46300
434,33116,46301
1471,33116,46302
6267,33116,46303
17601,33117,46304
5225,33118,46305
5386,33118,46306
18083,33118,46307
17601,33119,46308
9276,33120,46309
13114,33120,46310
136,33120,46311
23737,33120,46312
9107,33120,46313
8813,33120,46314
23590,33120,46315
19211,33120,46316
15456,33120,46317
15550,33120,46318
16000,33120,46319
11944,33120,46320
14134,33120,46321
23935,33120,46322
18083,33121,46323
19103,33121,46324
10928,33121,46325
15060,33121,46326
2120,33121,46327
6106,33121,46328
1773,33121,46329
1495,33121,46330
11615,33121,46331
7852,33121,46332
21131,33121,46333
24258,33121,46334
15076,33121,46335
18333,33121,46336
17601,33122,46337
11330,33123,46338
16701,33123,46339
14943,33123,46340
15820,33123,46341
14529,33123,46342
9284,33123,46343
9602,33123,46344
554,33123,46345
12699,33123,46346
12477,33123,46347
2747,33123,46348
10148,33123,46349
4022,33123,46350
6346,33123,46351
14149,33123,46352
10184,33123,46353
17601,33124,46354
24354,33125,46355
3537,33125,46356
12817,33125,46357
18255,33126,46358
3083,33126,46359
9639,33126,46360
17601,33127,46361
12630,33128,46362
1567,33128,46363
5129,33129,46364
19410,33129,46365
4255,33129,46366
23456,33129,46367
11406,33129,46368
24769,33129,46369
2703,33129,46370
9548,33129,46371
17601,33130,46372
24517,33131,46373
9963,33131,46374
24604,33131,46375
2414,33131,46376
17546,33131,46377
13811,33131,46378
21550,33131,46379
14317,33131,46380
5088,33131,46381
24582,33131,46382
5138,33132,46383
2834,33132,46384
2838,33132,46385
17991,33132,46386
19058,33132,46387
10366,33132,46388
18835,33132,46389
19981,33132,46390
16491,33132,46391
3728,33132,46392
3528,33132,46393
6283,33132,46394
8107,33132,46395
19418,33132,46396
24193,33132,46397
17601,33133,46398
17601,33134,46399
14332,33135,46400
10635,33135,46401
11569,33135,46402
3703,33135,46403
23239,33135,46404
17601,33136,46405
17601,33137,46406
17601,33138,46407
17447,33139,46408
9330,33140,46409
18519,33140,46410
17086,33140,46411
24185,33140,46412
23567,33140,46413
19468,33140,46414
21995,33140,46415
22997,33140,46416
4358,33140,46417
10960,33140,46418
23592,33141,46419
18938,33141,46420
19647,33141,46421
15129,33141,46422
20899,33141,46423
21233,33141,46424
12413,33141,46425
19179,33141,46426
19591,33141,46427
13316,33141,46428
3647,33141,46429
398,33141,46430
12771,33141,46431
1519,33141,46432
2652,33141,46433
2334,33142,46434
2333,33142,46435
2730,33142,46436
6409,33142,46437
19251,33142,46438
23770,33142,46439
16317,33142,46440
16577,33142,46441
16953,33142,46442
15446,33142,46443
21327,33143,46444
9363,33143,46445
20153,33143,46446
2175,33144,46447
13419,33144,46448
14078,33145,46449
8547,33145,46450
24388,33145,46451
17756,33145,46452
16147,33145,46453
18474,33145,46454
18055,33145,46455
9782,33145,46456
15682,33145,46457
5156,33145,46458
17601,33146,46459
21814,33147,46460
11623,33147,46461
10256,33147,46462
10839,33147,46463
10262,33147,46464
11205,33147,46465
13109,33147,46466
14033,33147,46467
17442,33147,46468
18498,33147,46469
2544,33148,46470
4927,33148,46471
24349,33148,46472
3950,33148,46473
531,33148,46474
610,33148,46475
794,33148,46476
5392,33148,46477
14206,33148,46478
8983,33148,46479
7319,33148,46480
15176,33148,46481
23428,33149,46482
2780,33149,46483
4708,33149,46484
2794,33149,46485
15026,33149,46486
7838,33149,46487
16122,33149,46488
15892,33149,46489
19835,33149,46490
22907,33149,46491
17601,33150,46492
17185,33151,46493
12611,33151,46494
11407,33151,46495
8948,33151,46496
21935,33151,46497
22628,33151,46498
3119,33152,46499
24665,33152,46500
6690,33152,46501
17601,33153,46502
17601,33154,46503
11025,33155,46504
15912,33155,46505
6714,33155,46506
20688,33156,46507
11960,33156,46508
15100,33156,46509
23667,33156,46510
7873,33156,46511
2560,33156,46512
2615,33156,46513
9387,33156,46514
18969,33156,46515
17601,33157,46516
15370,33158,46517
16985,33158,46518
2638,33158,46519
17601,33159,46520
17601,33160,46521
16082,33161,46522
16428,33161,46523
20555,33161,46524
2760,33161,46525
18152,33161,46526
1212,33161,46527
878,33161,46528
15553,33161,46529
1215,33161,46530
1230,33161,46531
22656,33162,46532
16104,33162,46533
17601,33163,46534
11983,33164,46535
2857,33164,46536
9628,33164,46537
2610,33164,46538
5230,33164,46539
7543,33164,46540
6125,33164,46541
14283,33164,46542
12604,33164,46543
24773,33164,46544
6710,33164,46545
23509,33164,46546
13274,33164,46547
15452,33164,46548
24682,33165,46549
22009,33165,46550
21312,33165,46551
8296,33166,46552
8454,33166,46553
20859,33166,46554
19731,33166,46555
17415,33166,46556
22374,33166,46557
8011,33166,46558
16751,33166,46559
8638,33166,46560
19955,33166,46561
1873,33166,46562
20987,33166,46563
20737,33166,46564
18261,33166,46565
17127,33166,46566
3841,33166,46567
8205,33166,46568
8976,33167,46569
22912,33167,46570
4396,33167,46571
17776,33167,46572
22331,33168,46573
7328,33168,46574
10317,33168,46575
10405,33168,46576
13072,33168,46577
21108,33168,46578
21472,33168,46579
2691,33168,46580
5736,33168,46581
21861,33168,46582
24292,33169,46583
21058,33169,46584
10210,33169,46585
6268,33169,46586
16336,33169,46587
5832,33170,46588
2099,33170,46589
677,33170,46590
17998,33170,46591
16299,33170,46592
6008,33170,46593
7300,33170,46594
8073,33170,46595
8993,33170,46596
7052,33170,46597
10044,33171,46598
3455,33171,46599
6701,33171,46600
5686,33171,46601
21878,33171,46602
21954,33171,46603
23715,33171,46604
11069,33171,46605
11285,33171,46606
16177,33171,46607
20061,33171,46608
17601,33172,46609
2167,33173,46610
2134,33173,46611
6313,33173,46612
17601,33174,46613
17601,33175,46614
20224,33176,46615
6144,33176,46616
8245,33176,46617
15960,33176,46618
5426,33176,46619
35,33176,46620
17601,33177,46621
22526,33178,46622
23033,33178,46623
18375,33178,46624
743,33178,46625
14020,33178,46626
1709,33178,46627
15254,33178,46628
14011,33178,46629
1759,33178,46630
22913,33179,46631
9389,33179,46632
12646,33179,46633
12991,33179,46634
1177,33179,46635
9964,33179,46636
15192,33179,46637
2777,33179,46638
4592,33179,46639
9656,33179,46640
7267,33179,46641
7529,33179,46642
24159,33179,46643
22403,33179,46644
8659,33179,46645
17601,33180,46646
20905,33181,46647
24262,33181,46648
9988,33181,46649
17430,33181,46650
4578,33182,46651
3905,33182,46652
18593,33182,46653
9744,33182,46654
16436,33182,46655
6003,33182,46656
6054,33182,46657
38,33182,46658
622,33182,46659
4021,33182,46660
6550,33182,46661
2147,33182,46662
1701,33182,46663
670,33182,46664
7986,33182,46665
7100,33182,46666
7244,33182,46667
13806,33182,46668
1082,33183,46669
9450,33183,46670
16214,33183,46671
15984,33183,46672
16199,33183,46673
14449,33183,46674
15526,33183,46675
18837,33183,46676
14101,33183,46677
2688,33183,46678
172,33183,46679
4035,33183,46680
14130,33183,46681
17601,33184,46682
17601,33185,46683
10800,33186,46684
8122,33186,46685
6291,33186,46686
6750,33186,46687
10810,33187,46688
3528,33187,46689
6325,33187,46690
17601,33188,46691
20737,33189,46692
16721,33189,46693
14607,33189,46694
503,33189,46695
4408,33190,46696
24655,33190,46697
7622,33190,46698
18309,33190,46699
13922,33190,46700
22689,33190,46701
24254,33190,46702
18729,33190,46703
7376,33190,46704
11257,33190,46705
17601,33191,46706
12799,33192,46707
20080,33192,46708
22677,33192,46709
20050,33192,46710
12446,33192,46711
231,33192,46712
4548,33192,46713
3757,33192,46714
3666,33192,46715
6240,33192,46716
18501,33193,46717
8059,33193,46718
1706,33193,46719
19851,33194,46720
9121,33194,46721
6947,33194,46722
15065,33194,46723
18410,33194,46724
17989,33194,46725
17660,33194,46726
520,33194,46727
2653,33194,46728
20917,33194,46729
24722,33194,46730
22390,33194,46731
1832,33194,46732
16720,33194,46733
2804,33194,46734
1024,33194,46735
3305,33194,46736
1661,33195,46737
5629,33195,46738
10224,33195,46739
11551,33195,46740
19690,33195,46741
20180,33195,46742
13049,33195,46743
3021,33195,46744
22222,33195,46745
11181,33195,46746
22329,33195,46747
22173,33195,46748
21362,33195,46749
553,33195,46750
434,33195,46751
10030,33195,46752
9180,33195,46753
824,33196,46754
17827,33196,46755
2281,33196,46756
9196,33196,46757
23594,33196,46758
936,33196,46759
13956,33196,46760
8799,33196,46761
6497,33196,46762
23199,33196,46763
21653,33196,46764
22872,33196,46765
20472,33196,46766
8303,33196,46767
14403,33196,46768
18148,33197,46769
13682,33197,46770
15754,33197,46771
17446,33198,46772
10686,33198,46773
6798,33198,46774
21453,33198,46775
15857,33198,46776
6473,33198,46777
4181,33198,46778
17601,33199,46779
1339,33200,46780
13566,33200,46781
4204,33200,46782
12694,33201,46783
23042,33201,46784
5160,33201,46785
7688,33201,46786
18470,33201,46787
6821,33201,46788
17601,33202,46789
17601,33203,46790
7226,33204,46791
7525,33204,46792
525,33204,46793
20506,33204,46794
19517,33204,46795
16030,33204,46796
23434,33204,46797
7135,33204,46798
4667,33204,46799
15275,33204,46800
13938,33204,46801
10312,33204,46802
18719,33204,46803
7301,33204,46804
23316,33205,46805
5997,33205,46806
8921,33205,46807
22346,33205,46808
23211,33205,46809
22756,33205,46810
22219,33205,46811
23079,33205,46812
6777,33205,46813
9907,33205,46814
2616,33205,46815
21325,33205,46816
14549,33205,46817
20229,33205,46818
11569,33205,46819
1394,33205,46820
23311,33205,46821
22333,33206,46822
2898,33206,46823
18632,33207,46824
2820,33207,46825
6391,33207,46826
13418,33207,46827
11393,33207,46828
9031,33207,46829
15742,33207,46830
16299,33207,46831
3787,33207,46832
15171,33207,46833
19041,33207,46834
18950,33207,46835
17331,33207,46836
2552,33207,46837
1809,33207,46838
14840,33207,46839
15046,33207,46840
1547,33207,46841
17601,33208,46842
23640,33209,46843
7416,33209,46844
2067,33209,46845
12905,33209,46846
11147,33209,46847
13012,33209,46848
13398,33209,46849
22548,33209,46850
12510,33209,46851
1277,33209,46852
8347,33210,46853
19893,33210,46854
9127,33210,46855
4106,33210,46856
3177,33210,46857
920,33210,46858
5378,33210,46859
19161,33210,46860
19568,33210,46861
6368,33210,46862
20149,33210,46863
17846,33210,46864
736,33210,46865
18475,33210,46866
50,33210,46867
11565,33210,46868
16241,33210,46869
14449,33210,46870
16467,33211,46871
3883,33211,46872
11608,33211,46873
2798,33211,46874
3657,33211,46875
3710,33211,46876
7946,33211,46877
11566,33211,46878
2797,33211,46879
12231,33211,46880
15322,33211,46881
17353,33211,46882
12371,33211,46883
16236,33211,46884
12749,33211,46885
10112,33211,46886
15322,33212,46887
2797,33212,46888
3657,33212,46889
11608,33212,46890
11566,33212,46891
10112,33212,46892
7946,33212,46893
16467,33212,46894
22838,33212,46895
17353,33212,46896
23172,33213,46897
17601,33214,46898
13177,33215,46899
21010,33215,46900
23063,33216,46901
23900,33216,46902
23904,33216,46903
21153,33216,46904
12207,33216,46905
2616,33216,46906
17695,33216,46907
16748,33216,46908
4954,33216,46909
4175,33216,46910
7001,33216,46911
2821,33216,46912
6742,33216,46913
11370,33217,46914
7851,33217,46915
20129,33217,46916
23473,33217,46917
23082,33217,46918
23105,33217,46919
11803,33217,46920
11999,33217,46921
17084,33217,46922
10278,33217,46923
5529,33217,46924
24320,33217,46925
17601,33218,46926
18287,33219,46927
16846,33219,46928
17785,33219,46929
5402,33219,46930
24838,33219,46931
3699,33219,46932
9566,33219,46933
23436,33219,46934
9726,33219,46935
22709,33219,46936
11188,33219,46937
20203,33219,46938
17835,33219,46939
12990,33219,46940
3143,33219,46941
21562,33219,46942
21316,33219,46943
1617,33219,46944
2127,33220,46945
24790,33221,46946
15265,33221,46947
10591,33221,46948
889,33221,46949
328,33221,46950
1446,33221,46951
5557,33221,46952
563,33221,46953
1444,33221,46954
5963,33221,46955
1644,33222,46956
11077,33222,46957
8261,33223,46958
23447,33223,46959
17383,33223,46960
8562,33224,46961
7917,33224,46962
10382,33224,46963
17601,33225,46964
7370,33226,46965
17667,33226,46966
23783,33226,46967
18576,33226,46968
500,33226,46969
2196,33226,46970
17090,33226,46971
17206,33226,46972
18782,33226,46973
10802,33226,46974
17601,33227,46975
15193,33228,46976
3525,33228,46977
4760,33228,46978
1993,33228,46979
23269,33228,46980
17359,33228,46981
4272,33228,46982
13039,33228,46983
12684,33228,46984
7042,33228,46985
21656,33228,46986
438,33228,46987
18130,33228,46988
17601,33229,46989
23707,33230,46990
19024,33230,46991
11147,33230,46992
2930,33230,46993
2915,33231,46994
5191,33231,46995
5549,33231,46996
6695,33231,46997
7164,33231,46998
10874,33231,46999
11724,33231,47000
19970,33231,47001
967,33231,47002
21515,33231,47003
17162,33232,47004
14444,33232,47005
17053,33233,47006
17687,33233,47007
10488,33233,47008
15159,33233,47009
12426,33233,47010
24835,33233,47011
16013,33233,47012
15871,33233,47013
20377,33233,47014
18383,33233,47015
21710,33234,47016
11587,33234,47017
8341,33234,47018
1764,33234,47019
23309,33234,47020
23070,33234,47021
19192,33234,47022
1059,33234,47023
24629,33234,47024
17601,33235,47025
2047,33236,47026
8296,33236,47027
20769,33236,47028
1873,33236,47029
10890,33236,47030
10928,33236,47031
10524,33236,47032
10318,33236,47033
5897,33236,47034
399,33236,47035
20496,33236,47036
21577,33236,47037
16599,33236,47038
20228,33236,47039
16546,33236,47040
16286,33236,47041
662,33236,47042
14991,33236,47043
11809,33237,47044
12151,33237,47045
11733,33237,47046
11693,33237,47047
22616,33237,47048
5804,33237,47049
13401,33237,47050
14512,33237,47051
5775,33237,47052
11439,33237,47053
5820,33237,47054
8655,33237,47055
2078,33237,47056
23336,33237,47057
8042,33237,47058
5151,33237,47059
24685,33237,47060
17601,33238,47061
22402,33239,47062
23441,33239,47063
10647,33239,47064
21517,33239,47065
21317,33239,47066
19036,33239,47067
17396,33240,47068
20481,33240,47069
21239,33240,47070
3867,33240,47071
23392,33240,47072
24105,33240,47073
12173,33240,47074
13433,33240,47075
9442,33240,47076
5540,33240,47077
5060,33240,47078
23191,33240,47079
23113,33241,47080
24223,33241,47081
16394,33241,47082
15567,33241,47083
6978,33241,47084
10667,33241,47085
8240,33241,47086
912,33241,47087
4073,33241,47088
4151,33241,47089
24235,33241,47090
22163,33241,47091
17998,33241,47092
11938,33241,47093
4417,33241,47094
17601,33242,47095
24838,33243,47096
3896,33244,47097
17947,33244,47098
11608,33244,47099
6202,33244,47100
20332,33244,47101
19138,33244,47102
5363,33244,47103
482,33244,47104
17233,33244,47105
18791,33244,47106
2384,33245,47107
110,33245,47108
19835,33245,47109
9626,33245,47110
22017,33245,47111
16123,33245,47112
7960,33245,47113
803,33246,47114
10332,33246,47115
7893,33246,47116
7336,33246,47117
6464,33246,47118
4306,33246,47119
2889,33246,47120
2790,33246,47121
10776,33246,47122
11800,33246,47123
21479,33246,47124
13184,33246,47125
1190,33246,47126
11751,33246,47127
21456,33246,47128
17601,33247,47129
16001,33248,47130
21361,33248,47131
23710,33248,47132
19518,33249,47133
9646,33249,47134
18965,33249,47135
14320,33249,47136
13698,33249,47137
3176,33249,47138
22627,33249,47139
9910,33249,47140
18300,33249,47141
22701,33249,47142
19923,33250,47143
753,33250,47144
20061,33250,47145
10181,33250,47146
14769,33250,47147
883,33250,47148
5533,33250,47149
14434,33250,47150
13005,33250,47151
19726,33250,47152
12984,33251,47153
12254,33251,47154
20429,33252,47155
5742,33252,47156
1820,33252,47157
3879,33252,47158
3903,33252,47159
4686,33252,47160
5153,33252,47161
22645,33252,47162
18638,33252,47163
14785,33252,47164
14600,33252,47165
14217,33252,47166
10663,33252,47167
8720,33252,47168
6158,33252,47169
3525,33253,47170
199,33253,47171
4420,33253,47172
3607,33254,47173
14362,33254,47174
2166,33254,47175
15483,33254,47176
18266,33254,47177
12182,33254,47178
3789,33254,47179
9870,33254,47180
13402,33254,47181
9355,33254,47182
8448,33254,47183
21571,33254,47184
17601,33255,47185
17449,33256,47186
2936,33256,47187
13257,33256,47188
13344,33256,47189
13801,33256,47190
13842,33256,47191
15298,33256,47192
11516,33256,47193
10584,33256,47194
2478,33256,47195
1621,33256,47196
1360,33256,47197
18900,33256,47198
17961,33256,47199
3947,33256,47200
9888,33256,47201
16267,33256,47202
17601,33257,47203
17601,33258,47204
14053,33259,47205
923,33259,47206
6903,33259,47207
6477,33259,47208
1573,33259,47209
22514,33259,47210
24014,33259,47211
21415,33259,47212
15617,33259,47213
21855,33259,47214
17601,33260,47215
8837,33261,47216
17537,33261,47217
16003,33261,47218
23786,33261,47219
14831,33261,47220
2687,33261,47221
5166,33261,47222
5172,33261,47223
1458,33261,47224
4582,33261,47225
4995,33261,47226
7285,33261,47227
17601,33262,47228
3537,33263,47229
23971,33263,47230
19138,33263,47231
7525,33263,47232
4417,33263,47233
15984,33263,47234
15417,33263,47235
6148,33263,47236
8976,33263,47237
22218,33264,47238
14648,33264,47239
14957,33264,47240
6485,33264,47241
21450,33264,47242
2754,33264,47243
17363,33264,47244
23105,33264,47245
17068,33264,47246
193,33264,47247
10572,33265,47248
885,33265,47249
9323,33265,47250
9504,33265,47251
4475,33265,47252
22579,33265,47253
14911,33265,47254
6988,33265,47255
2027,33265,47256
17601,33266,47257
12286,33267,47258
12079,33267,47259
24241,33267,47260
22148,33267,47261
24302,33267,47262
12005,33267,47263
12351,33267,47264
9879,33267,47265
21981,33267,47266
18624,33267,47267
20557,33267,47268
18387,33267,47269
24850,33267,47270
21433,33267,47271
154,33267,47272
10693,33267,47273
3572,33268,47274
7042,33268,47275
13998,33268,47276
15850,33268,47277
20429,33268,47278
21315,33268,47279
20097,33268,47280
363,33268,47281
1265,33268,47282
20882,33268,47283
2880,33269,47284
7944,33269,47285
6148,33270,47286
14473,33270,47287
14373,33271,47288
16746,33271,47289
19682,33271,47290
11605,33271,47291
5623,33271,47292
8203,33271,47293
2895,33271,47294
656,33271,47295
585,33271,47296
5002,33271,47297
16942,33271,47298
13054,33271,47299
11777,33271,47300
11899,33271,47301
14360,33271,47302
23842,33271,47303
22850,33272,47304
23809,33272,47305
13840,33272,47306
13058,33272,47307
14540,33272,47308
4819,33272,47309
12189,33272,47310
11108,33272,47311
1656,33272,47312
431,33272,47313
7294,33272,47314
809,33273,47315
12357,33273,47316
642,33273,47317
14449,33273,47318
4220,33273,47319
1884,33273,47320
13032,33273,47321
21309,33273,47322
22906,33273,47323
8764,33273,47324
12114,33273,47325
14276,33273,47326
9158,33273,47327
10126,33273,47328
6400,33273,47329
6640,33273,47330
14935,33273,47331
19259,33274,47332
9468,33274,47333
8779,33274,47334
17601,33275,47335
11217,33276,47336
10161,33276,47337
17852,33276,47338
5374,33276,47339
24428,33276,47340
4540,33276,47341
19383,33276,47342
3876,33276,47343
7058,33276,47344
23253,33276,47345
13931,33276,47346
13177,33276,47347
11987,33276,47348
16533,33277,47349
998,33277,47350
16436,33277,47351
2064,33277,47352
4802,33277,47353
7974,33277,47354
2382,33277,47355
2652,33277,47356
17311,33277,47357
16251,33277,47358
11498,33277,47359
13960,33277,47360
14279,33277,47361
5771,33277,47362
5000,33277,47363
6851,33277,47364
2503,33277,47365
7972,33278,47366
6033,33278,47367
16154,33278,47368
5807,33278,47369
15939,33278,47370
21424,33278,47371
24487,33278,47372
21210,33278,47373
19958,33278,47374
13663,33278,47375
6473,33279,47376
10686,33279,47377
2595,33279,47378
10483,33280,47379
13671,33280,47380
24192,33280,47381
17601,33281,47382
5401,33282,47383
151,33282,47384
199,33282,47385
7001,33282,47386
8730,33282,47387
6615,33282,47388
20440,33282,47389
12370,33282,47390
9061,33282,47391
7273,33282,47392
8404,33283,47393
17242,33283,47394
13844,33283,47395
6094,33283,47396
7770,33283,47397
7526,33283,47398
23110,33283,47399
5872,33283,47400
23179,33283,47401
22043,33283,47402
19417,33284,47403
10849,33284,47404
3952,33284,47405
18951,33284,47406
18470,33284,47407
2237,33284,47408
3954,33284,47409
15663,33284,47410
18954,33284,47411
17507,33284,47412
17601,33285,47413
2404,33286,47414
3521,33286,47415
2302,33286,47416
7450,33286,47417
10650,33286,47418
24292,33286,47419
11321,33286,47420
23106,33286,47421
9281,33286,47422
17710,33286,47423
14511,33286,47424
13976,33286,47425
5510,33286,47426
19756,33286,47427
17880,33286,47428
21335,33286,47429
204,33287,47430
20201,33287,47431
15961,33287,47432
17070,33287,47433
19407,33287,47434
19581,33287,47435
19259,33287,47436
10448,33287,47437
9360,33287,47438
5692,33287,47439
23178,33287,47440
20895,33287,47441
8691,33287,47442
7462,33287,47443
17972,33287,47444
17601,33288,47445
17601,33289,47446
4214,33290,47447
62,33290,47448
6548,33290,47449
8073,33290,47450
4459,33290,47451
5540,33290,47452
7336,33290,47453
16394,33290,47454
15219,33290,47455
11761,33290,47456
21915,33290,47457
21197,33290,47458
18429,33290,47459
18336,33290,47460
16859,33290,47461
4944,33290,47462
629,33290,47463
2953,33290,47464
2541,33290,47465
17601,33291,47466
17601,33292,47467
17601,33293,47468
17601,33294,47469
17601,33295,47470
17601,33296,47471
17601,33297,47472
21088,33298,47473
132,33298,47474
1873,33298,47475
2973,33298,47476
1915,33298,47477
9100,33298,47478
4154,33298,47479
9349,33298,47480
4879,33298,47481
10907,33298,47482
15323,33298,47483
17029,33298,47484
16356,33298,47485
23463,33298,47486
23059,33298,47487
847,33298,47488
17601,33299,47489
6978,33300,47490
14449,33300,47491
20643,33300,47492
13046,33301,47493
14207,33301,47494
8686,33301,47495
16754,33301,47496
2029,33301,47497
3090,33301,47498
9018,33301,47499
832,33301,47500
14548,33301,47501
1121,33301,47502
20923,33301,47503
18186,33301,47504
2028,33301,47505
18187,33301,47506
3693,33301,47507
6905,33301,47508
8419,33301,47509
8504,33301,47510
1280,33302,47511
15147,33302,47512
8690,33302,47513
10833,33302,47514
6102,33302,47515
5822,33302,47516
23903,33302,47517
17619,33302,47518
14561,33302,47519
21782,33302,47520
8356,33303,47521
9425,33303,47522
9419,33303,47523
24651,33303,47524
13170,33303,47525
12600,33303,47526
20758,33303,47527
1921,33303,47528
21379,33303,47529
12807,33303,47530
15044,33304,47531
12124,33304,47532
7659,33304,47533
15289,33304,47534
17796,33304,47535
16875,33304,47536
16271,33304,47537
5285,33304,47538
4174,33304,47539
2505,33304,47540
5248,33304,47541
2613,33304,47542
9150,33304,47543
392,33304,47544
20917,33304,47545
20873,33304,47546
19320,33305,47547
15140,33305,47548
23712,33305,47549
23709,33305,47550
1448,33305,47551
8919,33305,47552
12967,33306,47553
11974,33306,47554
7632,33306,47555
6321,33306,47556
1170,33306,47557
4210,33306,47558
20209,33306,47559
18132,33306,47560
10953,33306,47561
9833,33306,47562
11976,33307,47563
11943,33307,47564
10017,33307,47565
22644,33307,47566
4197,33307,47567
6094,33307,47568
21842,33307,47569
21022,33307,47570
2247,33307,47571
3059,33307,47572
14497,33307,47573
15850,33307,47574
18786,33307,47575
21020,33307,47576
9732,33307,47577
7230,33307,47578
15131,33307,47579
14470,33307,47580
14491,33307,47581
17601,33308,47582
7558,33309,47583
7067,33309,47584
18508,33309,47585
19955,33309,47586
17267,33309,47587
17222,33309,47588
21429,33309,47589
23358,33309,47590
10065,33309,47591
9284,33309,47592
17415,33309,47593
17994,33309,47594
16441,33309,47595
4129,33309,47596
15185,33309,47597
13198,33309,47598
16249,33309,47599
17601,33310,47600
13537,33311,47601
1253,33311,47602
131,33311,47603
14916,33311,47604
22974,33311,47605
16286,33311,47606
16016,33311,47607
4306,33311,47608
9159,33311,47609
11601,33311,47610
16604,33311,47611
17673,33311,47612
4181,33311,47613
23366,33312,47614
8361,33312,47615
6947,33312,47616
3898,33312,47617
2250,33312,47618
5529,33312,47619
6110,33312,47620
21890,33312,47621
11699,33312,47622
23125,33312,47623
13206,33312,47624
1961,33312,47625
20235,33312,47626
22847,33312,47627
9870,33312,47628
14473,33313,47629
12462,33313,47630
21305,33313,47631
9139,33314,47632
24099,33314,47633
22308,33314,47634
20135,33314,47635
24140,33314,47636
13436,33314,47637
14174,33314,47638
17972,33314,47639
14291,33314,47640
4420,33314,47641
5642,33314,47642
6286,33314,47643
3424,33315,47644
9284,33315,47645
17117,33315,47646
3472,33315,47647
4049,33315,47648
1979,33315,47649
1536,33315,47650
19598,33315,47651
19235,33315,47652
20424,33315,47653
20914,33315,47654
6880,33315,47655
5523,33315,47656
12955,33316,47657
10867,33316,47658
24120,33316,47659
13530,33316,47660
6019,33316,47661
5151,33316,47662
3613,33316,47663
1556,33316,47664
22788,33316,47665
19259,33316,47666
16791,33317,47667
4462,33317,47668
17601,33318,47669
17601,33319,47670
9014,33320,47671
1453,33320,47672
750,33320,47673
12322,33320,47674
24391,33320,47675
9840,33320,47676
12509,33320,47677
18845,33320,47678
4053,33320,47679
7884,33320,47680
7813,33321,47681
2568,33321,47682
20364,33321,47683
24235,33322,47684
15857,33322,47685
17601,33323,47686
17601,33324,47687
1701,33325,47688
4616,33325,47689
23384,33326,47690
16292,33326,47691
15604,33326,47692
23957,33326,47693
23385,33326,47694
4767,33326,47695
17246,33326,47696
22731,33326,47697
23188,33326,47698
21675,33326,47699
18190,33326,47700
6389,33326,47701
9083,33326,47702
12688,33326,47703
20828,33326,47704
12704,33326,47705
13072,33326,47706
19058,33327,47707
11747,33327,47708
6754,33327,47709
22499,33327,47710
18360,33327,47711
18288,33327,47712
14509,33327,47713
16582,33327,47714
12150,33327,47715
20234,33327,47716
3644,33327,47717
17601,33328,47718
17601,33329,47719
4611,33330,47720
18083,33330,47721
16707,33331,47722
16250,33331,47723
19747,33331,47724
21975,33331,47725
22461,33331,47726
9048,33331,47727
15595,33331,47728
3321,33331,47729
2183,33331,47730
18437,33331,47731
322,33332,47732
3584,33332,47733
15850,33332,47734
3908,33332,47735
17601,33333,47736
17601,33334,47737
5834,33335,47738
931,33335,47739
567,33335,47740
22102,33335,47741
19165,33335,47742
22113,33335,47743
2476,33335,47744
1902,33335,47745
6108,33335,47746
18568,33335,47747
18963,33335,47748
16915,33335,47749
14219,33335,47750
19164,33335,47751
9180,33335,47752
11417,33335,47753
18175,33335,47754
12497,33335,47755
17601,33336,47756
20367,33337,47757
24588,33337,47758
24547,33337,47759
17505,33337,47760
13303,33337,47761
10177,33337,47762
8850,33337,47763
16261,33337,47764
450,33337,47765
20436,33337,47766
19049,33337,47767
14354,33338,47768
16135,33338,47769
16227,33338,47770
10463,33338,47771
12849,33338,47772
13776,33338,47773
14238,33338,47774
22243,33338,47775
21882,33338,47776
19480,33338,47777
18904,33338,47778
18846,33338,47779
22633,33339,47780
3541,33339,47781
7119,33339,47782
18949,33339,47783
835,33339,47784
17601,33340,47785
16493,33341,47786
17601,33342,47787
17601,33343,47788
17601,33344,47789
969,33345,47790
4534,33345,47791
7635,33345,47792
17140,33345,47793
8740,33345,47794
14741,33345,47795
8677,33345,47796
451,33345,47797
22366,33345,47798
24336,33345,47799
6504,33345,47800
15809,33345,47801
17346,33345,47802
22208,33345,47803
8476,33346,47804
7299,33346,47805
18786,33346,47806
17601,33347,47807
17601,33348,47808
10788,33349,47809
22313,33349,47810
13448,33349,47811
17601,33350,47812
17106,33351,47813
19190,33351,47814
23160,33351,47815
17601,33352,47816
815,33353,47817
7362,33353,47818
1867,33353,47819
9912,33353,47820
15724,33353,47821
24802,33353,47822
738,33353,47823
23644,33353,47824
7154,33353,47825
24763,33353,47826
17601,33354,47827
16040,33355,47828
20169,33355,47829
24319,33355,47830
23798,33355,47831
10068,33355,47832
10681,33355,47833
13073,33355,47834
11042,33355,47835
12364,33355,47836
10000,33355,47837
10774,33355,47838
20222,33355,47839
17029,33356,47840
16376,33356,47841
2069,33356,47842
8821,33356,47843
10286,33356,47844
14679,33356,47845
15641,33356,47846
8541,33356,47847
14854,33356,47848
13616,33356,47849
13987,33356,47850
14420,33356,47851
9972,33356,47852
10124,33356,47853
18012,33356,47854
13343,33356,47855
273,33356,47856
23055,33357,47857
796,33357,47858
18451,33357,47859
22268,33357,47860
23554,33357,47861
10130,33357,47862
13184,33357,47863
14738,33357,47864
10216,33357,47865
17911,33357,47866
24638,33357,47867
6792,33357,47868
3094,33357,47869
2251,33357,47870
17601,33358,47871
17601,33359,47872
17601,33360,47873
12514,33361,47874
24360,33361,47875
14044,33361,47876
16726,33362,47877
3378,33362,47878
2297,33362,47879
18839,33362,47880
18481,33362,47881
15848,33362,47882
15927,33362,47883
10097,33362,47884
22833,33362,47885
6943,33362,47886
19126,33362,47887
10543,33362,47888
4932,33362,47889
3532,33362,47890
2129,33362,47891
18925,33362,47892
5829,33362,47893
16230,33363,47894
17783,33363,47895
23715,33363,47896
24787,33364,47897
20429,33364,47898
18626,33364,47899
11866,33364,47900
16156,33364,47901
14573,33364,47902
5531,33364,47903
12683,33364,47904
6222,33364,47905
20533,33364,47906
21878,33364,47907
18351,33364,47908
12768,33364,47909
4408,33365,47910
2595,33365,47911
14238,33365,47912
11181,33365,47913
8855,33365,47914
4472,33366,47915
18559,33366,47916
4200,33366,47917
7755,33367,47918
11312,33367,47919
8905,33368,47920
19693,33368,47921
17780,33369,47922
24407,33369,47923
23452,33369,47924
23452,33370,47925
5884,33371,47926
6848,33371,47927
18529,33371,47928
18768,33371,47929
19678,33371,47930
23631,33371,47931
20228,33371,47932
10011,33371,47933
22648,33371,47934
7912,33371,47935
16782,33371,47936
15281,33371,47937
14495,33371,47938
5916,33371,47939
20987,33371,47940
15196,33371,47941
4513,33372,47942
525,33372,47943
10928,33372,47944
22515,33372,47945
10948,33372,47946
11794,33372,47947
13505,33372,47948
22833,33372,47949
20005,33372,47950
22065,33372,47951
10131,33372,47952
16784,33372,47953
8213,33372,47954
6173,33372,47955
7157,33372,47956
13050,33373,47957
9747,33373,47958
11946,33373,47959
19660,33373,47960
6749,33373,47961
1493,33373,47962
9025,33373,47963
13773,33373,47964
22383,33373,47965
23218,33373,47966
21050,33374,47967
3893,33374,47968
19009,33374,47969
17886,33374,47970
15395,33374,47971
10707,33374,47972
4845,33374,47973
4302,33374,47974
12098,33374,47975
12334,33374,47976
1894,33374,47977
352,33374,47978
14770,33374,47979
1213,33374,47980
3754,33374,47981
444,33375,47982
17601,33376,47983
18371,33377,47984
21446,33377,47985
19509,33377,47986
15586,33377,47987
7754,33377,47988
12288,33377,47989
16031,33377,47990
21048,33377,47991
6756,33377,47992
2727,33377,47993
6843,33377,47994
5408,33377,47995
1998,33378,47996
24477,33378,47997
23225,33378,47998
9659,33378,47999
18362,33378,48000
11560,33379,48001
9659,33379,48002
19276,33379,48003
23844,33379,48004
24477,33379,48005
19691,33379,48006
22870,33379,48007
6482,33379,48008
11427,33380,48009
16278,33380,48010
18893,33380,48011
21119,33380,48012
4144,33380,48013
7240,33381,48014
9616,33381,48015
7254,33381,48016
3610,33381,48017
4198,33381,48018
22540,33381,48019
3585,33381,48020
12060,33381,48021
14322,33381,48022
15842,33381,48023
20033,33381,48024
21344,33381,48025
21117,33381,48026
22364,33381,48027
11504,33381,48028
627,33382,48029
984,33382,48030
585,33382,48031
8976,33382,48032
2605,33382,48033
8779,33382,48034
4370,33382,48035
4353,33382,48036
16784,33382,48037
17009,33382,48038
17601,33383,48039
1730,33384,48040
5002,33384,48041
23900,33384,48042
154,33384,48043
11911,33384,48044
7622,33384,48045
22857,33384,48046
8900,33384,48047
11821,33384,48048
11015,33384,48049
2614,33384,48050
21015,33384,48051
14592,33384,48052
16301,33384,48053
16266,33384,48054
16682,33384,48055
17601,33385,48056
5673,33386,48057
17601,33387,48058
3929,33388,48059
10308,33388,48060
14515,33388,48061
13958,33388,48062
6187,33388,48063
3131,33388,48064
8769,33388,48065
23163,33388,48066
22739,33388,48067
22920,33388,48068
17601,33389,48069
21813,33390,48070
21890,33390,48071
5749,33390,48072
17649,33390,48073
17601,33391,48074
17601,33392,48075
18885,33393,48076
20121,33393,48077
10117,33393,48078
19112,33393,48079
19533,33393,48080
16259,33393,48081
15597,33393,48082
13382,33393,48083
9388,33393,48084
2049,33393,48085
7954,33393,48086
20925,33393,48087
3804,33394,48088
23236,33394,48089
19878,33394,48090
2453,33394,48091
24746,33395,48092
13175,33395,48093
17601,33396,48094
17601,33397,48095
8523,33398,48096
6952,33398,48097
801,33398,48098
23763,33398,48099
23759,33398,48100
15972,33399,48101
18577,33399,48102
14877,33399,48103
897,33399,48104
14755,33399,48105
1460,33399,48106
22057,33399,48107
22862,33399,48108
17601,33400,48109
17601,33401,48110
5631,33402,48111
2762,33402,48112
22224,33402,48113
16797,33402,48114
1645,33402,48115
21,33402,48116
10652,33402,48117
20596,33402,48118
15834,33402,48119
15229,33402,48120
17206,33403,48121
8220,33403,48122
4196,33403,48123
20660,33404,48124
12862,33404,48125
11531,33404,48126
4691,33404,48127
17722,33404,48128
20612,33404,48129
4204,33404,48130
16235,33404,48131
21871,33404,48132
12903,33404,48133
10704,33405,48134
2568,33405,48135
14763,33405,48136
5002,33406,48137
16912,33406,48138
2891,33406,48139
1730,33406,48140
8656,33406,48141
3275,33406,48142
15530,33406,48143
6947,33406,48144
21058,33406,48145
11930,33406,48146
17601,33407,48147
9286,33408,48148
19794,33408,48149
17601,33409,48150
1704,33410,48151
19965,33410,48152
21982,33410,48153
23400,33410,48154
1131,33410,48155
15261,33410,48156
12552,33410,48157
6359,33410,48158
18834,33410,48159
6702,33410,48160
10940,33410,48161
9873,33410,48162
7924,33410,48163
4898,33410,48164
5936,33410,48165
7069,33411,48166
3031,33411,48167
7390,33411,48168
5334,33411,48169
11042,33411,48170
17991,33411,48171
13921,33411,48172
13869,33411,48173
13436,33411,48174
503,33411,48175
9082,33411,48176
8271,33411,48177
9130,33411,48178
19044,33411,48179
23113,33411,48180
18797,33411,48181
18797,33412,48182
11968,33412,48183
8728,33412,48184
13053,33412,48185
13745,33412,48186
200,33412,48187
597,33412,48188
2638,33412,48189
18840,33412,48190
22894,33412,48191
17601,33413,48192
3353,33414,48193
24223,33414,48194
1182,33414,48195
4611,33415,48196
712,33415,48197
9604,33415,48198
17601,33416,48199
17601,33417,48200
13754,33418,48201
23138,33418,48202
17601,33419,48203
1494,33420,48204
21290,33420,48205
12673,33420,48206
17601,33421,48207
12699,33422,48208
10223,33422,48209
11479,33422,48210
20096,33422,48211
5086,33422,48212
3811,33422,48213
967,33422,48214
11668,33422,48215
19753,33422,48216
20656,33422,48217
18704,33422,48218
24656,33422,48219
18104,33422,48220
6609,33422,48221
12977,33423,48222
12310,33423,48223
19138,33423,48224
17601,33424,48225
10137,33425,48226
15933,33425,48227
5416,33426,48228
14932,33426,48229
14880,33426,48230
21918,33427,48231
23591,33427,48232
23167,33427,48233
23982,33427,48234
3934,33427,48235
2367,33427,48236
22014,33427,48237
12827,33427,48238
2432,33427,48239
4379,33427,48240
11160,33428,48241
1390,33428,48242
12672,33428,48243
17601,33429,48244
17601,33430,48245
17601,33431,48246
19647,33432,48247
23004,33432,48248
23212,33432,48249
23962,33432,48250
1820,33432,48251
915,33432,48252
638,33432,48253
2284,33432,48254
3427,33432,48255
252,33432,48256
19138,33432,48257
11695,33432,48258
19028,33432,48259
10327,33433,48260
2442,33433,48261
4154,33433,48262
869,33433,48263
9466,33433,48264
8234,33433,48265
1985,33433,48266
1075,33433,48267
10419,33433,48268
10045,33433,48269
23499,33433,48270
18393,33433,48271
19926,33433,48272
11503,33433,48273
10756,33433,48274
23129,33433,48275
9127,33433,48276
17601,33434,48277
2830,33435,48278
20321,33435,48279
1891,33435,48280
23334,33435,48281
23852,33435,48282
19791,33435,48283
16164,33435,48284
14806,33435,48285
11348,33435,48286
3862,33435,48287
11318,33435,48288
10023,33435,48289
4740,33435,48290
2327,33435,48291
16036,33435,48292
13177,33435,48293
23159,33435,48294
21932,33435,48295
17470,33435,48296
14775,33436,48297
5808,33436,48298
20890,33436,48299
17138,33436,48300
24849,33436,48301
13400,33436,48302
8562,33436,48303
6613,33436,48304
12670,33436,48305
8078,33436,48306
12681,33436,48307
12983,33436,48308
9185,33436,48309
23958,33436,48310
2225,33436,48311
2967,33436,48312
9924,33436,48313
5412,33437,48314
22938,33437,48315
4714,33437,48316
15992,33437,48317
15713,33437,48318
14563,33437,48319
6933,33437,48320
4635,33437,48321
6947,33437,48322
6418,33437,48323
21955,33437,48324
17601,33438,48325
5040,33439,48326
17962,33439,48327
3767,33439,48328
20157,33439,48329
18753,33439,48330
10902,33439,48331
16896,33439,48332
3285,33439,48333
10351,33439,48334
3242,33439,48335
4402,33439,48336
8361,33439,48337
10294,33439,48338
9100,33439,48339
4408,33440,48340
23854,33440,48341
23201,33440,48342
5658,33440,48343
13580,33440,48344
13448,33440,48345
14057,33440,48346
7218,33440,48347
20496,33440,48348
21277,33440,48349
21918,33440,48350
14805,33440,48351
16541,33440,48352
11162,33440,48353
6949,33440,48354
21382,33441,48355
6654,33441,48356
19005,33441,48357
18083,33442,48358
2769,33442,48359
16230,33442,48360
17601,33443,48361
17601,33444,48362
17601,33445,48363
17601,33446,48364
8361,33447,48365
4702,33447,48366
24226,33447,48367
10342,33447,48368
15702,33447,48369
7162,33447,48370
18583,33447,48371
662,33447,48372
941,33447,48373
23242,33447,48374
17601,33448,48375
17601,33449,48376
14908,33450,48377
15443,33450,48378
14190,33450,48379
13866,33450,48380
19230,33450,48381
8061,33450,48382
1841,33450,48383
7365,33450,48384
5269,33450,48385
6951,33450,48386
8317,33450,48387
19975,33450,48388
19918,33450,48389
17601,33451,48390
17601,33452,48391
17236,33453,48392
13141,33453,48393
12074,33453,48394
24456,33453,48395
10217,33453,48396
16288,33453,48397
3984,33453,48398
4121,33453,48399
2199,33453,48400
3670,33453,48401
8338,33453,48402
7702,33453,48403
16212,33453,48404
11762,33453,48405
13373,33453,48406
1250,33453,48407
1496,33453,48408
1748,33453,48409
4414,33454,48410
3156,33454,48411
3950,33454,48412
6680,33454,48413
3412,33454,48414
23475,33454,48415
10604,33454,48416
22438,33454,48417
9049,33454,48418
24276,33454,48419
9746,33455,48420
24860,33455,48421
23081,33455,48422
8843,33455,48423
13115,33455,48424
17601,33456,48425
17601,33457,48426
6148,33458,48427
11843,33458,48428
9812,33459,48429
4242,33459,48430
9838,33459,48431
7052,33459,48432
6988,33459,48433
10678,33459,48434
14044,33459,48435
14026,33459,48436
11736,33459,48437
4942,33459,48438
7937,33459,48439
10307,33460,48440
16055,33460,48441
10378,33460,48442
4327,33460,48443
17601,33461,48444
17601,33462,48445
4634,33463,48446
3328,33463,48447
2570,33463,48448
1265,33463,48449
16325,33463,48450
5444,33463,48451
20429,33463,48452
19877,33463,48453
16344,33463,48454
19426,33463,48455
23654,33463,48456
21974,33463,48457
14543,33463,48458
13577,33463,48459
17601,33464,48460
12013,33465,48461
1377,33465,48462
11194,33465,48463
16229,33466,48464
6350,33466,48465
19438,33466,48466
22815,33466,48467
12075,33466,48468
7770,33467,48469
6720,33467,48470
17601,33468,48471
406,33469,48472
8964,33469,48473
22545,33469,48474
24591,33469,48475
13889,33469,48476
16092,33469,48477
21690,33469,48478
17065,33469,48479
9947,33469,48480
13888,33469,48481
9631,33469,48482
9860,33469,48483
10560,33470,48484
23403,33470,48485
6627,33470,48486
12582,33470,48487
2476,33470,48488
17601,33471,48489
12845,33472,48490
13467,33472,48491
20906,33472,48492
18672,33472,48493
11912,33472,48494
9763,33472,48495
5544,33472,48496
1254,33472,48497
16812,33472,48498
20097,33472,48499
7338,33473,48500
20429,33473,48501
19488,33473,48502
3455,33474,48503
5671,33474,48504
7247,33474,48505
4574,33474,48506
21837,33474,48507
16738,33474,48508
19795,33474,48509
12921,33474,48510
11636,33474,48511
9232,33474,48512
8493,33474,48513
17601,33475,48514
7630,33476,48515
9828,33476,48516
2977,33476,48517
6160,33476,48518
1807,33476,48519
23657,33476,48520
24182,33476,48521
22045,33476,48522
11767,33476,48523
13078,33476,48524
14705,33476,48525
21609,33476,48526
13541,33477,48527
13217,33477,48528
16550,33477,48529
16044,33477,48530
4417,33477,48531
21466,33477,48532
6807,33477,48533
8304,33477,48534
2777,33477,48535
7364,33477,48536
7776,33477,48537
20517,33477,48538
20910,33477,48539
8631,33477,48540
10611,33477,48541
9970,33477,48542
17101,33477,48543
20713,33477,48544
17601,33478,48545
2570,33479,48546
19733,33479,48547
11911,33479,48548
4999,33480,48549
6148,33480,48550
19569,33480,48551
17153,33480,48552
3319,33480,48553
21341,33480,48554
627,33480,48555
3211,33480,48556
7944,33480,48557
9159,33480,48558
5017,33481,48559
279,33481,48560
23371,33481,48561
3107,33482,48562
21343,33482,48563
11199,33482,48564
24436,33483,48565
8832,33483,48566
20483,33483,48567
702,33483,48568
17013,33484,48569
10800,33484,48570
16937,33484,48571
17385,33484,48572
17057,33485,48573
7426,33485,48574
12691,33485,48575
1716,33486,48576
3952,33486,48577
18182,33486,48578
17601,33487,48579
18352,33488,48580
3627,33488,48581
8296,33488,48582
17601,33489,48583
13515,33490,48584
2499,33490,48585
10909,33490,48586
13078,33490,48587
10535,33490,48588
2866,33490,48589
5521,33490,48590
6618,33490,48591
3893,33490,48592
6347,33490,48593
8625,33490,48594
4010,33490,48595
4544,33490,48596
24308,33490,48597
15710,33490,48598
5091,33490,48599
7175,33491,48600
1995,33491,48601
6978,33491,48602
23416,33492,48603
23554,33492,48604
5347,33492,48605
5191,33492,48606
1294,33492,48607
6611,33492,48608
7418,33492,48609
16567,33492,48610
23666,33492,48611
14368,33492,48612
13705,33492,48613
17262,33492,48614
8263,33492,48615
7619,33492,48616
17734,33492,48617
20129,33492,48618
14886,33493,48619
17580,33493,48620
4467,33493,48621
2598,33493,48622
12694,33493,48623
24626,33493,48624
18470,33493,48625
19286,33493,48626
18463,33493,48627
234,33493,48628
17601,33494,48629
20670,33495,48630
21858,33495,48631
18557,33495,48632
13352,33495,48633
11269,33495,48634
7815,33495,48635
1337,33495,48636
6737,33495,48637
2725,33495,48638
3472,33496,48639
1748,33496,48640
1067,33496,48641
401,33496,48642
13582,33496,48643
13436,33496,48644
12548,33496,48645
12512,33496,48646
8276,33496,48647
18081,33496,48648
15224,33496,48649
13762,33496,48650
10983,33496,48651
10185,33496,48652
8690,33496,48653
8365,33496,48654
11763,33497,48655
872,33498,48656
8219,33498,48657
5372,33498,48658
4969,33499,48659
22605,33499,48660
8293,33499,48661
8476,33499,48662
24849,33499,48663
13289,33499,48664
11840,33499,48665
7258,33499,48666
20320,33499,48667
19128,33499,48668
22578,33500,48669
23988,33500,48670
7563,33501,48671
24481,33501,48672
8938,33501,48673
21402,33501,48674
22459,33501,48675
18361,33501,48676
19933,33502,48677
1776,33502,48678
10965,33502,48679
64,33502,48680
6712,33502,48681
6350,33502,48682
20711,33502,48683
21616,33502,48684
2943,33502,48685
5860,33502,48686
4414,33502,48687
14826,33502,48688
1801,33502,48689
18337,33503,48690
5424,33504,48691
4645,33504,48692
9338,33504,48693
2600,33505,48694
22571,33505,48695
18221,33505,48696
15233,33505,48697
17733,33505,48698
3566,33505,48699
5411,33505,48700
13014,33505,48701
7212,33505,48702
12625,33505,48703
21099,33505,48704
3580,33505,48705
4131,33506,48706
24627,33506,48707
19156,33506,48708
12595,33507,48709
11051,33507,48710
13827,33508,48711
20658,33508,48712
10100,33509,48713
24506,33509,48714
15386,33509,48715
17096,33509,48716
9459,33509,48717
11404,33509,48718
8846,33509,48719
11412,33509,48720
4681,33509,48721
9099,33509,48722
16470,33510,48723
17926,33510,48724
2123,33510,48725
24458,33510,48726
1818,33510,48727
16378,33510,48728
12061,33510,48729
12179,33510,48730
6753,33510,48731
4557,33510,48732
7546,33511,48733
10528,33511,48734
9794,33511,48735
20180,33511,48736
22613,33511,48737
9250,33511,48738
23715,33511,48739
23852,33511,48740
16505,33511,48741
14063,33511,48742
4238,33511,48743
6592,33511,48744
4899,33511,48745
4658,33511,48746
12589,33511,48747
20134,33511,48748
18333,33511,48749
618,33512,48750
155,33513,48751
5872,33513,48752
1112,33513,48753
11740,33513,48754
19105,33513,48755
14783,33513,48756
20508,33513,48757
15585,33513,48758
804,33513,48759
22859,33513,48760
11238,33513,48761
7033,33513,48762
9435,33513,48763
12656,33514,48764
23399,33514,48765
21642,33514,48766
11488,33514,48767
6463,33514,48768
17388,33514,48769
21128,33514,48770
13076,33514,48771
20459,33514,48772
3729,33514,48773
2978,33514,48774
2861,33514,48775
17601,33515,48776
9551,33516,48777
21460,33516,48778
7561,33516,48779
19046,33517,48780
20952,33517,48781
6515,33517,48782
7800,33517,48783
2623,33517,48784
858,33517,48785
17601,33518,48786
18207,33519,48787
12010,33519,48788
12887,33519,48789
23701,33519,48790
5198,33519,48791
1146,33519,48792
9784,33519,48793
20466,33519,48794
18589,33519,48795
18348,33519,48796
17601,33520,48797
8484,33521,48798
11572,33521,48799
15124,33521,48800
20129,33521,48801
19468,33521,48802
6073,33521,48803
4420,33521,48804
16316,33521,48805
966,33521,48806
13092,33521,48807
10230,33521,48808
11326,33521,48809
16512,33521,48810
20379,33521,48811
18710,33521,48812
4316,33521,48813
199,33521,48814
5372,33522,48815
10829,33522,48816
20783,33522,48817
18053,33522,48818
2202,33522,48819
1875,33523,48820
20779,33523,48821
20322,33523,48822
5110,33523,48823
24067,33523,48824
9897,33523,48825
8423,33523,48826
3987,33523,48827
5666,33523,48828
332,33523,48829
1356,33523,48830
17601,33524,48831
7470,33525,48832
14341,33525,48833
4491,33525,48834
17601,33526,48835
5372,33527,48836
12572,33527,48837
4513,33528,48838
7003,33528,48839
1752,33528,48840
16336,33528,48841
16665,33528,48842
3820,33528,48843
9157,33528,48844
23643,33528,48845
12005,33528,48846
8655,33528,48847
12881,33528,48848
926,33528,48849
17433,33528,48850
24737,33529,48851
19802,33529,48852
7711,33529,48853
16484,33529,48854
8340,33529,48855
12407,33529,48856
14458,33529,48857
24539,33529,48858
24507,33529,48859
15087,33529,48860
17601,33530,48861
9234,33531,48862
6377,33531,48863
20051,33531,48864
24852,33531,48865
416,33531,48866
13796,33531,48867
2694,33531,48868
17482,33531,48869
22710,33531,48870
21445,33531,48871
12735,33531,48872
24853,33531,48873
19737,33532,48874
15987,33532,48875
20040,33532,48876
9877,33532,48877
10517,33532,48878
21471,33532,48879
22929,33532,48880
3279,33532,48881
16394,33532,48882
13717,33532,48883
24236,33532,48884
589,33532,48885
3066,33532,48886
21532,33532,48887
20306,33532,48888
15976,33533,48889
17153,33533,48890
12438,33533,48891
15946,33533,48892
3573,33533,48893
6645,33533,48894
2163,33533,48895
17601,33534,48896
4110,33535,48897
17431,33535,48898
11998,33535,48899
12165,33535,48900
11925,33535,48901
10186,33535,48902
7566,33535,48903
4420,33535,48904
7552,33535,48905
17230,33535,48906
1701,33535,48907
3267,33535,48908
1552,33535,48909
1628,33535,48910
16422,33535,48911
12169,33535,48912
4871,33535,48913
17601,33536,48914
1026,33537,48915
19549,33537,48916
20191,33538,48917
14041,33538,48918
11393,33538,48919
17893,33538,48920
20055,33538,48921
11239,33538,48922
4313,33538,48923
11333,33538,48924
1741,33538,48925
15914,33538,48926
2662,33539,48927
7172,33539,48928
1801,33539,48929
17601,33540,48930
14215,33541,48931
9283,33541,48932
11076,33541,48933
18334,33541,48934
19237,33541,48935
10844,33542,48936
1620,33542,48937
1155,33542,48938
8296,33542,48939
11002,33542,48940
12514,33542,48941
6476,33542,48942
8077,33542,48943
6264,33542,48944
14716,33542,48945
2588,33542,48946
24370,33542,48947
15625,33542,48948
1810,33542,48949
3321,33542,48950
5976,33542,48951
17601,33543,48952
12776,33544,48953
11769,33544,48954
4217,33544,48955
21493,33544,48956
16715,33544,48957
16398,33544,48958
15258,33544,48959
15760,33544,48960
18256,33544,48961
13963,33544,48962
22431,33545,48963
21404,33545,48964
24563,33545,48965
7564,33545,48966
20809,33545,48967
22457,33545,48968
17185,33545,48969
8946,33545,48970
17601,33546,48971
17601,33547,48972
15579,33548,48973
20901,33548,48974
499,33548,48975
20784,33548,48976
23833,33549,48977
13535,33549,48978
4086,33549,48979
3263,33549,48980
5590,33549,48981
4332,33549,48982
4138,33550,48983
7904,33550,48984
24145,33550,48985
18477,33550,48986
12560,33550,48987
9892,33550,48988
16289,33550,48989
17540,33550,48990
15707,33550,48991
15377,33550,48992
16778,33551,48993
23969,33551,48994
24602,33551,48995
17460,33551,48996
20918,33551,48997
19221,33551,48998
18274,33551,48999
18577,33551,49000
21953,33551,49001
8144,33551,49002
8060,33551,49003
12875,33551,49004
9826,33551,49005
17601,33552,49006
3056,33553,49007
8248,33553,49008
21887,33553,49009
23024,33553,49010
21759,33553,49011
9725,33553,49012
8973,33553,49013
18200,33553,49014
17598,33553,49015
11715,33554,49016
14814,33554,49017
14114,33554,49018
10081,33554,49019
3674,33554,49020
8382,33554,49021
5913,33554,49022
17355,33554,49023
4452,33554,49024
18009,33554,49025
20135,33554,49026
21094,33554,49027
23817,33554,49028
8483,33555,49029
16935,33555,49030
5479,33555,49031
15235,33556,49032
16529,33556,49033
2309,33556,49034
11156,33556,49035
5188,33556,49036
3645,33556,49037
3170,33556,49038
24787,33556,49039
14522,33556,49040
17929,33556,49041
24670,33556,49042
14202,33556,49043
17601,33557,49044
20232,33558,49045
19882,33558,49046
18432,33558,49047
23423,33558,49048
3875,33558,49049
10672,33558,49050
10030,33558,49051
2356,33558,49052
519,33558,49053
23654,33558,49054
14245,33558,49055
19859,33558,49056
10977,33558,49057
17601,33559,49058
17601,33560,49059
23878,33561,49060
22118,33561,49061
19055,33561,49062
18470,33561,49063
721,33561,49064
16676,33561,49065
9905,33561,49066
9071,33561,49067
2246,33561,49068
9095,33561,49069
165,33562,49070
23997,33562,49071
21312,33562,49072
21067,33562,49073
17601,33563,49074
17601,33564,49075
17601,33565,49076
17601,33566,49077
12770,33567,49078
3120,33567,49079
1753,33567,49080
855,33567,49081
6400,33567,49082
11339,33567,49083
24139,33567,49084
3425,33567,49085
23063,33567,49086
13020,33567,49087
14409,33567,49088
18429,33567,49089
21998,33568,49090
13294,33568,49091
5828,33568,49092
3332,33568,49093
23232,33568,49094
2099,33568,49095
15565,33568,49096
18166,33568,49097
23662,33568,49098
19174,33568,49099
15323,33568,49100
17601,33569,49101
17601,33570,49102
5621,33571,49103
6823,33571,49104
905,33571,49105
17327,33571,49106
19352,33571,49107
17326,33571,49108
15312,33571,49109
13136,33571,49110
21478,33571,49111
20842,33571,49112
24751,33571,49113
2421,33571,49114
21481,33571,49115
3521,33572,49116
2922,33572,49117
5237,33572,49118
7153,33572,49119
11171,33572,49120
13155,33572,49121
15867,33572,49122
6302,33572,49123
1386,33572,49124
23092,33572,49125
24718,33572,49126
1829,33572,49127
2191,33572,49128
22569,33572,49129
21101,33572,49130
14331,33573,49131
14608,33573,49132
17601,33574,49133
18288,33575,49134
18360,33575,49135
461,33575,49136
19058,33575,49137
18548,33575,49138
19106,33575,49139
19916,33575,49140
6136,33575,49141
11747,33575,49142
9339,33575,49143
8019,33575,49144
12150,33575,49145
13994,33575,49146
1463,33575,49147
5531,33575,49148
22292,33575,49149
2520,33575,49150
5670,33576,49151
3360,33576,49152
16615,33576,49153
13715,33576,49154
6326,33576,49155
16830,33577,49156
17677,33577,49157
10023,33577,49158
10426,33577,49159
19875,33577,49160
7671,33577,49161
10399,33577,49162
1059,33577,49163
658,33577,49164
12840,33577,49165
17601,33578,49166
23765,33579,49167
17050,33579,49168
8655,33579,49169
16171,33579,49170
1159,33579,49171
3601,33579,49172
13063,33579,49173
9446,33579,49174
8797,33579,49175
3637,33579,49176
24176,33580,49177
13893,33580,49178
16426,33580,49179
22916,33580,49180
13436,33580,49181
8213,33580,49182
11125,33580,49183
8297,33580,49184
139,33580,49185
16729,33580,49186
19796,33580,49187
20402,33580,49188
22770,33580,49189
17601,33581,49190
4327,33582,49191
8343,33582,49192
8207,33582,49193
10072,33582,49194
11199,33582,49195
15742,33582,49196
8562,33582,49197
3370,33582,49198
3938,33582,49199
19647,33582,49200
17707,33582,49201
19782,33582,49202
20508,33582,49203
20524,33582,49204
1159,33582,49205
16065,33582,49206
16599,33582,49207
17601,33583,49208
16774,33584,49209
17601,33585,49210
12276,33586,49211
13657,33586,49212
15082,33586,49213
15705,33586,49214
16315,33586,49215
24376,33586,49216
24406,33586,49217
7825,33586,49218
9104,33586,49219
1209,33586,49220
4997,33587,49221
4208,33587,49222
3957,33587,49223
1710,33587,49224
4919,33587,49225
8859,33587,49226
24841,33587,49227
18750,33587,49228
1450,33587,49229
16130,33587,49230
17601,33588,49231
17997,33589,49232
21343,33589,49233
20916,33589,49234
2357,33590,49235
2702,33590,49236
17601,33591,49237
17601,33592,49238
272,33593,49239
1410,33593,49240
5825,33593,49241
6727,33593,49242
5919,33593,49243
7609,33593,49244
19498,33593,49245
21300,33593,49246
20242,33593,49247
20425,33593,49248
21285,33593,49249
21802,33593,49250
17601,33594,49251
17601,33595,49252
17601,33596,49253
17601,33597,49254
16538,33598,49255
16541,33598,49256
16545,33598,49257
18344,33598,49258
19337,33598,49259
21087,33598,49260
21501,33598,49261
3021,33598,49262
10622,33598,49263
23680,33598,49264
4246,33599,49265
1141,33599,49266
2870,33599,49267
8021,33599,49268
11333,33599,49269
12068,33599,49270
11487,33599,49271
15192,33599,49272
13317,33599,49273
17918,33599,49274
610,33600,49275
20278,33600,49276
19973,33600,49277
11573,33600,49278
11455,33600,49279
3129,33600,49280
2752,33600,49281
2608,33600,49282
2626,33600,49283
746,33600,49284
1390,33600,49285
16118,33600,49286
12000,33600,49287
12236,33600,49288
17293,33600,49289
18225,33600,49290
12388,33600,49291
23805,33600,49292
6650,33601,49293
5757,33601,49294
9096,33602,49295
22881,33602,49296
9617,33602,49297
18647,33602,49298
17878,33602,49299
12359,33602,49300
20330,33602,49301
4559,33603,49302
2827,33603,49303
15565,33603,49304
7859,33603,49305
10412,33603,49306
13798,33603,49307
19699,33603,49308
4700,33603,49309
24522,33603,49310
23694,33603,49311
23333,33603,49312
9458,33603,49313
9214,33603,49314
11440,33603,49315
23158,33604,49316
24665,33604,49317
11668,33604,49318
24235,33604,49319
7393,33604,49320
17601,33605,49321
17601,33606,49322
20859,33607,49323
12924,33608,49324
3676,33608,49325
24116,33609,49326
22576,33609,49327
351,33609,49328
13191,33609,49329
5078,33609,49330
13842,33609,49331
18065,33609,49332
20595,33609,49333
3578,33609,49334
4311,33609,49335
951,33609,49336
4,33609,49337
467,33609,49338
18523,33609,49339
21051,33609,49340
18872,33609,49341
12488,33609,49342
16194,33609,49343
19006,33610,49344
23165,33610,49345
9657,33611,49346
11394,33611,49347
13116,33611,49348
7477,33611,49349
1737,33611,49350
3712,33611,49351
1590,33611,49352
1505,33611,49353
22927,33611,49354
20354,33611,49355
19886,33611,49356
13822,33611,49357
14271,33611,49358
14270,33611,49359
18524,33611,49360
23220,33611,49361
2735,33612,49362
5180,33612,49363
3026,33612,49364
11879,33612,49365
12626,33612,49366
19928,33612,49367
22491,33612,49368
24170,33612,49369
9509,33612,49370
6719,33612,49371
11949,33612,49372
2857,33613,49373
6581,33613,49374
16174,33613,49375
17601,33614,49376
15338,33615,49377
18779,33615,49378
4370,33615,49379
4323,33616,49380
2704,33616,49381
13937,33616,49382
3544,33616,49383
18209,33616,49384
14583,33616,49385
14648,33616,49386
18209,33617,49387
23572,33617,49388
9883,33617,49389
10533,33617,49390
4507,33617,49391
9528,33617,49392
7153,33617,49393
11686,33617,49394
12048,33617,49395
1369,33617,49396
1622,33617,49397
13937,33617,49398
15212,33617,49399
21165,33618,49400
11686,33618,49401
18209,33618,49402
12052,33618,49403
11314,33618,49404
10533,33618,49405
1622,33618,49406
7153,33618,49407
9439,33618,49408
13937,33618,49409
20547,33618,49410
23572,33618,49411
15212,33618,49412
17601,33619,49413
17601,33620,49414
3874,33621,49415
11468,33621,49416
14453,33621,49417
24757,33621,49418
9016,33621,49419
23771,33621,49420
19759,33621,49421
6453,33621,49422
5343,33621,49423
14527,33621,49424
16014,33622,49425
256,33622,49426
2215,33622,49427
20752,33622,49428
17496,33622,49429
21748,33622,49430
23270,33622,49431
14663,33623,49432
16828,33623,49433
20992,33624,49434
21570,33624,49435
10382,33624,49436
8078,33625,49437
20496,33625,49438
12588,33625,49439
18266,33625,49440
18790,33625,49441
6690,33625,49442
2802,33625,49443
23118,33625,49444
23185,33625,49445
24050,33625,49446
19951,33626,49447
22352,33626,49448
23084,33626,49449
3963,33626,49450
21584,33626,49451
299,33626,49452
16755,33626,49453
18141,33626,49454
16748,33626,49455
16806,33626,49456
24261,33626,49457
10460,33626,49458
4622,33626,49459
15231,33626,49460
18199,33626,49461
12515,33626,49462
17601,33627,49463
17601,33628,49464
14046,33629,49465
5077,33629,49466
8865,33629,49467
17945,33629,49468
17179,33629,49469
427,33629,49470
23653,33629,49471
18630,33629,49472
18757,33629,49473
1785,33629,49474
4934,33629,49475
8370,33629,49476
6164,33629,49477
12793,33629,49478
14527,33629,49479
9149,33629,49480
17601,33630,49481
8905,33631,49482
15062,33631,49483
14993,33631,49484
14116,33631,49485
11500,33631,49486
15743,33631,49487
19522,33631,49488
16651,33631,49489
10034,33631,49490
10128,33631,49491
2079,33631,49492
280,33631,49493
3627,33631,49494
4936,33631,49495
8395,33631,49496
3250,33631,49497
22178,33631,49498
23265,33631,49499
10443,33631,49500
1957,33632,49501
11685,33632,49502
19675,33632,49503
13294,33633,49504
16845,33633,49505
402,33633,49506
4327,33633,49507
23275,33633,49508
18623,33633,49509
20114,33633,49510
21971,33633,49511
18789,33633,49512
11121,33633,49513
4903,33633,49514
5369,33633,49515
10555,33633,49516
12045,33633,49517
23350,33634,49518
8598,33635,49519
9058,33635,49520
1872,33635,49521
264,33635,49522
6164,33635,49523
2728,33635,49524
10352,33635,49525
13710,33635,49526
13341,33635,49527
13189,33635,49528
761,33635,49529
9293,33635,49530
4974,33635,49531
5466,33635,49532
885,33635,49533
2519,33635,49534
6418,33635,49535
7177,33635,49536
17601,33636,49537
15073,33637,49538
17685,33637,49539
8162,33638,49540
15270,33638,49541
1779,33638,49542
1462,33638,49543
16297,33638,49544
16584,33638,49545
6093,33638,49546
1869,33638,49547
542,33638,49548
7660,33638,49549
3472,33639,49550
4897,33639,49551
3051,33639,49552
17601,33640,49553
17601,33641,49554
17601,33642,49555
3063,33643,49556
2949,33643,49557
3506,33643,49558
7500,33643,49559
1749,33643,49560
2782,33643,49561
6454,33643,49562
4532,33643,49563
10729,33643,49564
14153,33643,49565
13184,33643,49566
13742,33643,49567
11441,33643,49568
11494,33643,49569
10878,33643,49570
11816,33643,49571
974,33643,49572
13177,33643,49573
12065,33643,49574
24053,33644,49575
11441,33644,49576
7917,33644,49577
15489,33644,49578
3893,33644,49579
16624,33645,49580
154,33645,49581
17601,33646,49582
2561,33647,49583
17146,33647,49584
12609,33647,49585
19260,33647,49586
17186,33647,49587
6376,33647,49588
5419,33647,49589
24483,33647,49590
19714,33647,49591
6481,33647,49592
8388,33647,49593
4615,33647,49594
11696,33647,49595
8918,33647,49596
8946,33647,49597
6148,33648,49598
7525,33648,49599
17601,33649,49600
23682,33650,49601
12182,33650,49602
21681,33650,49603
20541,33650,49604
17601,33651,49605
17601,33652,49606
17601,33653,49607
24311,33654,49608
3761,33654,49609
2938,33654,49610
13101,33654,49611
1763,33654,49612
7045,33654,49613
4361,33654,49614
5612,33654,49615
14044,33654,49616
23222,33654,49617
19882,33654,49618
24164,33654,49619
9277,33654,49620
10049,33654,49621
7198,33654,49622
10168,33654,49623
10641,33654,49624
10894,33654,49625
12242,33654,49626
17601,33655,49627
12338,33656,49628
14869,33656,49629
4554,33656,49630
261,33656,49631
18559,33656,49632
17317,33656,49633
16662,33656,49634
15208,33656,49635
4241,33656,49636
4157,33656,49637
2570,33656,49638
21634,33656,49639
19870,33656,49640
21610,33656,49641
18985,33656,49642
18984,33656,49643
8263,33656,49644
17601,33657,49645
13316,33658,49646
13808,33658,49647
12672,33658,49648
4214,33658,49649
4057,33658,49650
10452,33658,49651
8910,33658,49652
8403,33658,49653
7503,33658,49654
7914,33658,49655
4057,33658,49656
1821,33658,49657
1644,33658,49658
1286,33658,49659
386,33658,49660
16017,33658,49661
10316,33658,49662
13245,33658,49663
12834,33658,49664
7459,33659,49665
14285,33659,49666
24669,33660,49667
961,33660,49668
2559,33660,49669
6741,33660,49670
2230,33660,49671
17084,33660,49672
4174,33660,49673
19721,33660,49674
16302,33660,49675
12750,33660,49676
11627,33660,49677
16416,33660,49678
17144,33660,49679
10860,33660,49680
24013,33660,49681
2133,33660,49682
11339,33660,49683
17601,33661,49684
17601,33662,49685
8954,33663,49686
10867,33663,49687
16174,33663,49688
17601,33664,49689
19822,33665,49690
406,33665,49691
22670,33665,49692
19861,33665,49693
20072,33665,49694
1939,33665,49695
22951,33665,49696
13679,33665,49697
9412,33665,49698
9413,33665,49699
5769,33666,49700
6283,33666,49701
22878,33666,49702
23610,33666,49703
24685,33666,49704
11352,33666,49705
17601,33667,49706
13120,33668,49707
23668,33668,49708
481,33668,49709
17601,33669,49710
11544,33670,49711
10687,33670,49712
2977,33670,49713
8826,33670,49714
6277,33670,49715
19733,33670,49716
2514,33671,49717
9316,33671,49718
9297,33671,49719
15366,33671,49720
17601,33672,49721
17601,33673,49722
17601,33674,49723
13744,33675,49724
20229,33675,49725
2883,33675,49726
22640,33676,49727
24109,33676,49728
24516,33676,49729
18700,33676,49730
2647,33676,49731
14023,33676,49732
9430,33676,49733
13686,33676,49734
14735,33676,49735
24518,33676,49736
21820,33677,49737
13970,33677,49738
15731,33677,49739
7688,33677,49740
19295,33677,49741
2500,33677,49742
3968,33677,49743
445,33677,49744
17601,33678,49745
434,33679,49746
16252,33679,49747
19845,33679,49748
17601,33680,49749
17601,33681,49750
17601,33682,49751
24094,33683,49752
2249,33683,49753
2234,33683,49754
22411,33683,49755
17486,33683,49756
16003,33683,49757
15144,33683,49758
12697,33683,49759
7559,33683,49760
5460,33683,49761
2444,33683,49762
22759,33683,49763
9367,33683,49764
23537,33684,49765
16824,33684,49766
15639,33684,49767
2672,33684,49768
14461,33684,49769
13906,33684,49770
13569,33684,49771
1452,33684,49772
16081,33684,49773
17601,33685,49774
17601,33686,49775
5752,33687,49776
3918,33687,49777
5047,33687,49778
5871,33687,49779
13497,33687,49780
689,33687,49781
305,33687,49782
17114,33687,49783
4697,33687,49784
10941,33687,49785
11589,33687,49786
20403,33687,49787
19829,33687,49788
18705,33687,49789
19420,33687,49790
4064,33687,49791
2096,33687,49792
20769,33687,49793
3015,33687,49794
17870,33688,49795
3237,33688,49796
13080,33688,49797
13323,33688,49798
10772,33688,49799
19388,33688,49800
10732,33688,49801
22891,33688,49802
405,33688,49803
10692,33688,49804
22770,33688,49805
5122,33688,49806
3298,33688,49807
19510,33688,49808
15136,33688,49809
23124,33688,49810
5502,33688,49811
6479,33689,49812
12610,33689,49813
20319,33690,49814
16688,33690,49815
16323,33690,49816
23611,33690,49817
19198,33690,49818
19784,33690,49819
1592,33690,49820
4585,33690,49821
18439,33690,49822
18044,33690,49823
17601,33691,49824
17601,33692,49825
2960,33693,49826
4136,33693,49827
14247,33693,49828
7267,33693,49829
8170,33693,49830
2536,33693,49831
10536,33693,49832
9629,33693,49833
19322,33693,49834
17988,33693,49835
24140,33693,49836
13245,33693,49837
3274,33694,49838
2990,33694,49839
17601,33695,49840
6159,33696,49841
5743,33696,49842
3020,33696,49843
2997,33696,49844
5891,33696,49845
1380,33696,49846
959,33696,49847
8521,33696,49848
825,33696,49849
8286,33696,49850
23797,33696,49851
23586,33696,49852
20978,33696,49853
15199,33696,49854
15205,33696,49855
10361,33696,49856
14969,33696,49857
16595,33696,49858
17601,33697,49859
17601,33698,49860
17601,33699,49861
22250,33700,49862
460,33700,49863
3583,33700,49864
24084,33700,49865
4883,33700,49866
5637,33700,49867
23503,33700,49868
22336,33700,49869
18812,33700,49870
22016,33700,49871
20311,33700,49872
19114,33700,49873
14757,33700,49874
15560,33700,49875
12400,33700,49876
10522,33700,49877
9047,33700,49878
24830,33701,49879
15024,33701,49880
14343,33701,49881
14019,33702,49882
876,33702,49883
21186,33702,49884
20177,33702,49885
18103,33702,49886
16819,33702,49887
16553,33702,49888
13250,33702,49889
11019,33702,49890
9559,33702,49891
8544,33702,49892
5420,33702,49893
5045,33702,49894
2717,33702,49895
16200,33702,49896
16440,33702,49897
15385,33702,49898
17601,33703,49899
17601,33704,49900
17415,33705,49901
8360,33705,49902
8685,33706,49903
2420,33706,49904
17325,33706,49905
6637,33707,49906
7680,33707,49907
8286,33707,49908
12381,33707,49909
2095,33707,49910
5939,33707,49911
16917,33707,49912
16224,33707,49913
22942,33707,49914
19808,33707,49915
18304,33707,49916
7558,33708,49917
262,33708,49918
12965,33708,49919
11329,33709,49920
18753,33710,49921
20061,33710,49922
20055,33710,49923
22447,33710,49924
14061,33710,49925
3606,33710,49926
4373,33710,49927
6027,33710,49928
11369,33710,49929
1390,33710,49930
954,33710,49931
11229,33710,49932
11066,33710,49933
10855,33710,49934
8730,33710,49935
23477,33710,49936
21761,33710,49937
22571,33710,49938
21787,33711,49939
24857,33711,49940
22135,33711,49941
15139,33711,49942
21390,33711,49943
21784,33711,49944
6704,33711,49945
6663,33711,49946
17601,33712,49947
23969,33713,49948
7863,33713,49949
15385,33713,49950
13744,33713,49951
11722,33713,49952
11217,33713,49953
8875,33713,49954
1061,33713,49955
22614,33713,49956
21295,33714,49957
12955,33714,49958
21503,33714,49959
17601,33715,49960
19885,33716,49961
16876,33716,49962
2848,33716,49963
6270,33717,49964
18473,33717,49965
19960,33717,49966
4917,33718,49967
4959,33718,49968
6564,33718,49969
19750,33718,49970
20138,33718,49971
21217,33718,49972
22182,33718,49973
4242,33718,49974
2178,33718,49975
2776,33718,49976
686,33718,49977
1405,33718,49978
3466,33718,49979
13513,33718,49980
2283,33719,49981
6224,33719,49982
8160,33719,49983
3701,33719,49984
11369,33719,49985
1707,33719,49986
22583,33719,49987
16835,33719,49988
14981,33719,49989
20643,33719,49990
9002,33720,49991
11441,33720,49992
3354,33720,49993
15385,33720,49994
12834,33720,49995
7207,33720,49996
3129,33720,49997
1684,33720,49998
20987,33720,49999
22494,33720,50000
20706,33720,50001
16033,33720,50002
15932,33720,50003
22721,33721,50004
17214,33721,50005
11272,33722,50006
17415,33722,50007
2999,33722,50008
4085,33723,50009
892,33723,50010
18853,33723,50011
16538,33723,50012
12212,33723,50013
8537,33723,50014
12186,33723,50015
11735,33723,50016
10234,33723,50017
7057,33723,50018
17601,33724,50019
23219,33725,50020
21109,33725,50021
20275,33725,50022
20279,33725,50023
2132,33725,50024
7048,33725,50025
10577,33725,50026
20249,33725,50027
3426,33725,50028
16300,33725,50029
22425,33726,50030
19590,33726,50031
2452,33726,50032
3192,33726,50033
8511,33726,50034
8981,33726,50035
6147,33726,50036
648,33726,50037
12829,33726,50038
16046,33726,50039
10981,33727,50040
11221,33727,50041
18826,33727,50042
4916,33727,50043
12994,33727,50044
14248,33727,50045
3904,33727,50046
20602,33727,50047
20976,33727,50048
18502,33727,50049
17601,33728,50050
11593,33729,50051
13062,33729,50052
10999,33729,50053
12541,33729,50054
10452,33729,50055
5349,33729,50056
2886,33729,50057
2616,33729,50058
856,33729,50059
14766,33729,50060
21252,33729,50061
10936,33729,50062
23842,33730,50063
1644,33730,50064
8404,33730,50065
21805,33731,50066
766,33731,50067
4984,33731,50068
6532,33731,50069
9759,33731,50070
21414,33731,50071
18043,33731,50072
21413,33731,50073
3044,33731,50074
17601,33732,50075
6602,33733,50076
23158,33733,50077
24428,33733,50078
15089,33733,50079
21479,33733,50080
24341,33733,50081
1629,33733,50082
18246,33733,50083
12827,33733,50084
6947,33733,50085
3600,33733,50086
7594,33733,50087
17778,33733,50088
10846,33734,50089
21435,33734,50090
17601,33735,50091
1654,33736,50092
20258,33736,50093
15128,33736,50094
16589,33736,50095
14521,33736,50096
4434,33736,50097
3777,33736,50098
2478,33736,50099
4666,33736,50100
1369,33736,50101
11676,33736,50102
12590,33736,50103
12797,33736,50104
10103,33736,50105
23535,33736,50106
24637,33736,50107
22803,33736,50108
12400,33737,50109
14752,33737,50110
15259,33737,50111
2122,33737,50112
3650,33737,50113
647,33737,50114
19174,33737,50115
20120,33737,50116
15726,33737,50117
883,33737,50118
976,33737,50119
4309,33737,50120
11246,33737,50121
11260,33737,50122
12217,33737,50123
16049,33737,50124
17601,33738,50125
20737,33739,50126
22765,33739,50127
14102,33740,50128
5440,33740,50129
12779,33740,50130
20622,33741,50131
15083,33741,50132
24443,33741,50133
24749,33741,50134
21226,33741,50135
17285,33741,50136
10070,33741,50137
10093,33741,50138
2908,33741,50139
18067,33741,50140
11293,33741,50141
6659,33741,50142
9939,33741,50143
3672,33741,50144
6195,33741,50145
18771,33742,50146
18894,33742,50147
17415,33742,50148
4403,33742,50149
6848,33742,50150
6875,33742,50151
18014,33742,50152
17156,33742,50153
12410,33742,50154
9072,33742,50155
11583,33742,50156
20599,33742,50157
12540,33742,50158
19999,33742,50159
329,33743,50160
18318,33743,50161
9365,33743,50162
21024,33743,50163
7512,33743,50164
471,33744,50165
11778,33744,50166
17677,33744,50167
5658,33744,50168
2895,33744,50169
23357,33744,50170
23423,33744,50171
24726,33744,50172
19845,33744,50173
19321,33744,50174
19093,33744,50175
10223,33744,50176
2811,33745,50177
16426,33745,50178
322,33745,50179
11992,33745,50180
17756,33746,50181
3515,33746,50182
7291,33747,50183
16139,33747,50184
8086,33748,50185
23533,33748,50186
15242,33748,50187
5875,33748,50188
8438,33748,50189
12185,33748,50190
23369,33748,50191
24308,33748,50192
21778,33748,50193
22235,33748,50194
15963,33748,50195
9053,33749,50196
211,33749,50197
13957,33749,50198
3624,33749,50199
17601,33750,50200
13272,33751,50201
9057,33751,50202
14173,33751,50203
211,33751,50204
20944,33751,50205
9039,33751,50206
7691,33751,50207
21339,33752,50208
1638,33752,50209
4500,33752,50210
13590,33752,50211
21922,33752,50212
23012,33752,50213
5971,33752,50214
23146,33752,50215
4978,33752,50216
6596,33752,50217
17601,33753,50218
18225,33754,50219
2946,33754,50220
2863,33754,50221
15317,33754,50222
13874,33754,50223
10911,33754,50224
5532,33754,50225
18147,33754,50226
13553,33755,50227
21284,33755,50228
24809,33755,50229
2530,33755,50230
11602,33755,50231
24787,33755,50232
7140,33755,50233
7302,33755,50234
10666,33755,50235
10881,33755,50236
17601,33756,50237
1652,33757,50238
10601,33757,50239
11172,33757,50240
15221,33757,50241
18338,33757,50242
5142,33757,50243
17601,33758,50244
5266,33759,50245
11577,33759,50246
12491,33759,50247
22497,33759,50248
14766,33759,50249
16166,33759,50250
21776,33759,50251
21642,33759,50252
4881,33759,50253
1127,33759,50254
238,33759,50255
13760,33759,50256
6742,33759,50257
17601,33760,50258
9558,33761,50259
15005,33761,50260
12096,33761,50261
19834,33761,50262
17601,33762,50263
17444,33763,50264
17006,33764,50265
12374,33764,50266
17738,33764,50267
5429,33764,50268
24262,33764,50269
22095,33764,50270
4585,33764,50271
7417,33764,50272
10993,33764,50273
8077,33764,50274
19536,33764,50275
14753,33764,50276
17707,33764,50277
16445,33764,50278
15595,33764,50279
16216,33764,50280
3674,33764,50281
17601,33765,50282
21647,33766,50283
8331,33766,50284
6776,33766,50285
6804,33766,50286
8465,33766,50287
17601,33767,50288
17601,33768,50289
17601,33769,50290
17601,33770,50291
17601,33771,50292
17601,33772,50293
17601,33773,50294
17601,33774,50295
11668,33775,50296
7420,33776,50297
12218,33776,50298
14535,33776,50299
13311,33776,50300
21280,33776,50301
16166,33776,50302
2857,33776,50303
658,33776,50304
16721,33777,50305
3703,33777,50306
21681,33777,50307
12173,33777,50308
2347,33778,50309
21416,33778,50310
3560,33778,50311
5309,33778,50312
10360,33778,50313
13934,33778,50314
21775,33778,50315
23488,33778,50316
23798,33778,50317
376,33778,50318
2750,33778,50319
9707,33778,50320
3257,33778,50321
6304,33778,50322
5503,33778,50323
17415,33779,50324
10382,33779,50325
1536,33779,50326
13905,33780,50327
10792,33780,50328
12729,33780,50329
8928,33780,50330
9679,33780,50331
8855,33780,50332
17601,33781,50333
17601,33782,50334
22668,33783,50335
1479,33783,50336
11272,33783,50337
16100,33784,50338
20791,33784,50339
12599,33784,50340
23940,33785,50341
17601,33786,50342
17601,33787,50343
20229,33788,50344
4577,33788,50345
19782,33788,50346
17601,33789,50347
3713,33790,50348
6556,33790,50349
11700,33790,50350
5397,33790,50351
22375,33790,50352
19931,33790,50353
18686,33790,50354
17445,33790,50355
20640,33790,50356
22395,33790,50357
15787,33790,50358
17601,33791,50359
6450,33792,50360
7673,33792,50361
17601,33793,50362
14554,33794,50363
2074,33794,50364
2862,33794,50365
1370,33794,50366
1830,33794,50367
23732,33794,50368
10390,33794,50369
23058,33794,50370
4432,33794,50371
4385,33794,50372
423,33795,50373
24560,33795,50374
16098,33795,50375
22601,33795,50376
4048,33795,50377
7436,33795,50378
8931,33795,50379
13201,33795,50380
13813,33795,50381
16091,33795,50382
21394,33795,50383
21208,33795,50384
17369,33795,50385
18234,33795,50386
20070,33795,50387
16104,33795,50388
17209,33796,50389
17211,33796,50390
11622,33796,50391
14695,33796,50392
17601,33797,50393
12436,33798,50394
2861,33798,50395
1096,33798,50396
17981,33798,50397
24370,33798,50398
17601,33799,50399
6767,33800,50400
24709,33800,50401
2372,33800,50402
23437,33800,50403
24294,33800,50404
21089,33800,50405
19021,33800,50406
2336,33800,50407
13667,33800,50408
13975,33800,50409
3094,33801,50410
19383,33801,50411
22809,33801,50412
9853,33801,50413
14829,33801,50414
4637,33801,50415
4513,33801,50416
1491,33801,50417
1383,33801,50418
419,33801,50419
286,33801,50420
18985,33801,50421
17770,33801,50422
15133,33801,50423
22455,33801,50424
6639,33801,50425
8972,33801,50426
8985,33801,50427
15841,33802,50428
17649,33802,50429
19108,33802,50430
14044,33802,50431
19837,33803,50432
11140,33803,50433
17633,33803,50434
16936,33803,50435
19072,33804,50436
5093,33804,50437
11471,33804,50438
18762,33804,50439
18932,33804,50440
1660,33804,50441
729,33804,50442
3089,33804,50443
9613,33804,50444
22227,33804,50445
23716,33804,50446
21366,33804,50447
19129,33804,50448
22645,33804,50449
17601,33805,50450
14688,33806,50451
11750,33806,50452
24003,33806,50453
21778,33806,50454
18592,33806,50455
14747,33806,50456
5313,33806,50457
18690,33806,50458
270,33807,50459
12471,33807,50460
2290,33808,50461
1170,33808,50462
14751,33808,50463
15203,33808,50464
7413,33808,50465
11871,33808,50466
22737,33808,50467
22180,33808,50468
963,33808,50469
13182,33808,50470
729,33808,50471
21642,33809,50472
7618,33809,50473
9850,33809,50474
22933,33809,50475
19713,33809,50476
12258,33809,50477
16493,33810,50478
17370,33811,50479
13701,33811,50480
23621,33811,50481
21735,33811,50482
3150,33811,50483
912,33811,50484
6344,33811,50485
4292,33811,50486
12807,33811,50487
14418,33811,50488
13366,33811,50489
12809,33811,50490
21376,33811,50491
20759,33811,50492
17603,33811,50493
20096,33811,50494
2131,33811,50495
24589,33811,50496
2198,33812,50497
17406,33812,50498
20570,33812,50499
17601,33813,50500
11614,33814,50501
21878,33814,50502
585,33814,50503
16600,33814,50504
21336,33814,50505
11871,33814,50506
12714,33814,50507
12515,33814,50508
24291,33814,50509
15462,33814,50510
16255,33814,50511
17601,33815,50512
17601,33816,50513
10536,33817,50514
18142,33817,50515
18775,33817,50516
21884,33817,50517
22126,33817,50518
20769,33817,50519
16246,33817,50520
16596,33817,50521
17846,33817,50522
14371,33817,50523
711,33817,50524
6268,33817,50525
6844,33817,50526
7708,33817,50527
8912,33817,50528
16207,33817,50529
14377,33817,50530
17001,33818,50531
17601,33819,50532
14012,33820,50533
19088,33820,50534
1392,33821,50535
2793,33821,50536
13855,33821,50537
16486,33822,50538
13405,33822,50539
902,33822,50540
22593,33822,50541
17361,33822,50542
19813,33822,50543
20193,33822,50544
23864,33822,50545
23838,33822,50546
11045,33822,50547
24453,33823,50548
4640,33823,50549
21680,33823,50550
13674,33823,50551
14559,33823,50552
21779,33823,50553
9487,33823,50554
3736,33824,50555
15880,33824,50556
4576,33824,50557
16591,33824,50558
190,33825,50559
1557,33826,50560
8603,33826,50561
8604,33826,50562
9774,33826,50563
18394,33826,50564
23745,33826,50565
24776,33827,50566
23388,33827,50567
5443,33827,50568
154,33827,50569
10937,33827,50570
14968,33827,50571
16464,33827,50572
15184,33827,50573
19533,33827,50574
16331,33828,50575
18821,33828,50576
19042,33828,50577
13227,33828,50578
18807,33828,50579
4452,33828,50580
7478,33828,50581
22693,33828,50582
21553,33828,50583
19996,33828,50584
19239,33828,50585
12172,33828,50586
520,33828,50587
3266,33828,50588
10656,33828,50589
13738,33828,50590
13135,33828,50591
16136,33828,50592
17601,33829,50593
17094,33830,50594
23088,33830,50595
9269,33830,50596
20513,33830,50597
378,33831,50598
10741,33831,50599
9564,33831,50600
9389,33831,50601
4757,33831,50602
24310,33831,50603
2977,33831,50604
1641,33831,50605
11022,33831,50606
21145,33831,50607
20191,33831,50608
16874,33831,50609
15693,33831,50610
16284,33831,50611
12198,33831,50612
9800,33831,50613
22645,33831,50614
12818,33832,50615
21682,33832,50616
11011,33833,50617
6978,33833,50618
16257,33833,50619
20336,33833,50620
23062,33833,50621
4033,33833,50622
3423,33833,50623
3637,33833,50624
1644,33833,50625
4420,33833,50626
6143,33833,50627
17601,33834,50628
21628,33835,50629
20374,33835,50630
15611,33835,50631
819,33835,50632
6850,33835,50633
246,33835,50634
13926,33835,50635
15587,33835,50636
18250,33835,50637
9858,33835,50638
17601,33836,50639
3654,33837,50640
21985,33838,50641
14010,33838,50642
21988,33838,50643
15256,33838,50644
22382,33838,50645
10260,33838,50646
19121,33839,50647
7888,33839,50648
17601,33840,50649
17601,33841,50650
21075,33842,50651
22527,33842,50652
23492,33842,50653
17606,33842,50654
12935,33842,50655
9139,33843,50656
24219,33843,50657
21660,33843,50658
22895,33843,50659
5592,33843,50660
20162,33843,50661
14224,33843,50662
11647,33843,50663
10714,33843,50664
8752,33843,50665
17601,33844,50666
17601,33845,50667
17601,33846,50668
17569,33847,50669
14423,33847,50670
24635,33847,50671
4768,33847,50672
8794,33848,50673
10426,33848,50674
11247,33848,50675
14129,33848,50676
13943,33848,50677
13052,33848,50678
13745,33848,50679
12699,33848,50680
12968,33848,50681
7262,33848,50682
7386,33848,50683
4782,33848,50684
5212,33848,50685
2885,33848,50686
12960,33848,50687
12400,33848,50688
3938,33848,50689
17601,33849,50690
17601,33850,50691
17601,33851,50692
22596,33852,50693
14492,33852,50694
24816,33852,50695
17601,33853,50696
6031,33854,50697
16782,33854,50698
9603,33854,50699
17601,33855,50700
5974,33856,50701
6191,33856,50702
6055,33856,50703
2104,33856,50704
21079,33856,50705
22442,33856,50706
8251,33856,50707
19354,33856,50708
19443,33856,50709
1151,33856,50710
17601,33857,50711
17601,33858,50712
12572,33859,50713
7979,33859,50714
8058,33859,50715
4098,33859,50716
12418,33859,50717
12415,33859,50718
19274,33859,50719
18080,33859,50720
8859,33859,50721
15673,33859,50722
10542,33860,50723
21572,33860,50724
23670,33860,50725
559,33861,50726
6900,33861,50727
561,33861,50728
9686,33861,50729
9649,33861,50730
9685,33861,50731
24035,33861,50732
17127,33861,50733
23822,33861,50734
7646,33861,50735
17601,33862,50736
11160,33863,50737
9870,33863,50738
23524,33863,50739
16538,33863,50740
8261,33864,50741
10068,33864,50742
15034,33864,50743
3867,33864,50744
5422,33864,50745
1300,33864,50746
547,33864,50747
11899,33864,50748
14449,33864,50749
4897,33864,50750
4869,33864,50751
6988,33864,50752
16993,33864,50753
20182,33864,50754
15417,33864,50755
2403,33864,50756
3321,33864,50757
24645,33865,50758
16093,33865,50759
22660,33865,50760
4668,33865,50761
9555,33865,50762
20756,33865,50763
17204,33865,50764
9895,33865,50765
24608,33865,50766
1450,33866,50767
20783,33866,50768
11583,33867,50769
22086,33867,50770
22509,33867,50771
14228,33867,50772
14652,33867,50773
3250,33867,50774
5346,33867,50775
6991,33867,50776
21187,33867,50777
17354,33867,50778
17984,33867,50779
10079,33867,50780
13472,33867,50781
11808,33867,50782
1191,33867,50783
15441,33867,50784
17601,33868,50785
11672,33869,50786
341,33869,50787
3239,33869,50788
6696,33870,50789
12328,33870,50790
2821,33870,50791
3939,33870,50792
3703,33870,50793
2937,33870,50794
13149,33870,50795
5617,33870,50796
14415,33870,50797
21069,33870,50798
17335,33870,50799
10223,33870,50800
23540,33870,50801
12800,33870,50802
24779,33870,50803
13251,33871,50804
12458,33871,50805
23606,33871,50806
14697,33871,50807
4210,33871,50808
8005,33871,50809
10373,33871,50810
4931,33871,50811
17086,33871,50812
18767,33871,50813
3101,33871,50814
2792,33871,50815
3278,33871,50816
2552,33871,50817
5093,33872,50818
19438,33872,50819
14058,33872,50820
13784,33873,50821
4971,33873,50822
4485,33873,50823
3404,33873,50824
15595,33873,50825
22565,33873,50826
24231,33873,50827
14226,33873,50828
17427,33873,50829
18146,33873,50830
7216,33874,50831
5902,33874,50832
4489,33874,50833
4442,33874,50834
4425,33874,50835
3990,33874,50836
2750,33874,50837
8755,33874,50838
18051,33874,50839
22891,33874,50840
22837,33874,50841
19900,33874,50842
12747,33874,50843
15796,33874,50844
12002,33874,50845
11212,33874,50846
17601,33875,50847
18842,33876,50848
10921,33876,50849
1188,33876,50850
13269,33877,50851
12444,33877,50852
11091,33877,50853
1925,33877,50854
8543,33877,50855
8745,33877,50856
7006,33877,50857
7373,33877,50858
22742,33877,50859
22883,33877,50860
20101,33878,50861
19475,33878,50862
13393,33878,50863
15480,33878,50864
16388,33878,50865
16394,33878,50866
18936,33878,50867
19468,33878,50868
12963,33878,50869
10735,33878,50870
10681,33878,50871
8783,33878,50872
22461,33878,50873
23213,33878,50874
4265,33878,50875
7214,33878,50876
1182,33878,50877
1224,33878,50878
17601,33879,50879
7083,33880,50880
10558,33880,50881
14010,33880,50882
14158,33880,50883
16678,33880,50884
19133,33880,50885
21845,33880,50886
4633,33880,50887
1283,33880,50888
23913,33880,50889
17601,33881,50890
11010,33882,50891
8261,33882,50892
11735,33882,50893
17601,33883,50894
12167,33884,50895
13505,33884,50896
6949,33884,50897
11608,33884,50898
22569,33884,50899
21540,33884,50900
717,33884,50901
5470,33884,50902
17277,33884,50903
20731,33884,50904
17601,33885,50905
17601,33886,50906
19102,33887,50907
17602,33887,50908
19972,33887,50909
13538,33887,50910
22232,33887,50911
2465,33887,50912
7932,33887,50913
5952,33887,50914
6832,33888,50915
8418,33888,50916
11854,33888,50917
14549,33888,50918
7865,33888,50919
15970,33888,50920
21395,33888,50921
14768,33888,50922
18613,33888,50923
22938,33888,50924
1587,33889,50925
21605,33889,50926
24511,33889,50927
21551,33889,50928
24350,33890,50929
4566,33890,50930
15596,33891,50931
17914,33891,50932
18270,33891,50933
11915,33891,50934
1167,33891,50935
9465,33891,50936
11791,33891,50937
18413,33891,50938
21835,33891,50939
21312,33891,50940
23409,33891,50941
18920,33891,50942
7591,33891,50943
17601,33892,50944
17601,33893,50945
4190,33894,50946
9102,33894,50947
9299,33894,50948
8990,33894,50949
8989,33894,50950
8870,33894,50951
18382,33894,50952
15293,33894,50953
12337,33894,50954
12705,33894,50955
12698,33894,50956
9790,33894,50957
17601,33895,50958
18275,33896,50959
17138,33896,50960
16230,33896,50961
16972,33896,50962
13334,33896,50963
13316,33896,50964
13294,33896,50965
13293,33896,50966
11800,33896,50967
10995,33896,50968
10921,33896,50969
3336,33896,50970
21947,33896,50971
23467,33897,50972
22324,33897,50973
23406,33897,50974
20168,33897,50975
16325,33897,50976
13000,33897,50977
16250,33897,50978
12618,33897,50979
10297,33897,50980
10023,33897,50981
12672,33897,50982
8364,33897,50983
6019,33897,50984
5833,33897,50985
3393,33897,50986
14979,33898,50987
8240,33898,50988
21229,33898,50989
20297,33898,50990
4956,33898,50991
4415,33898,50992
5531,33898,50993
5925,33898,50994
7658,33898,50995
7539,33898,50996
3394,33899,50997
4415,33899,50998
1149,33899,50999
2710,33899,51000
612,33899,51001
1148,33899,51002
12743,33899,51003
12667,33899,51004
12477,33899,51005
11953,33899,51006
11726,33899,51007
11586,33899,51008
10892,33899,51009
10273,33899,51010
10271,33899,51011
8240,33899,51012
8204,33899,51013
7037,33899,51014
4956,33899,51015
4429,33899,51016
17601,33900,51017
17601,33901,51018
11519,33902,51019
11588,33902,51020
11820,33902,51021
11914,33902,51022
16361,33902,51023
2077,33902,51024
3683,33902,51025
5111,33902,51026
5734,33902,51027
9509,33902,51028
11437,33902,51029
11366,33902,51030
5087,33902,51031
16790,33902,51032
20011,33902,51033
5042,33902,51034
18824,33902,51035
20786,33903,51036
22680,33903,51037
17647,33903,51038
22958,33903,51039
13223,33903,51040
12052,33903,51041
16956,33903,51042
6591,33903,51043
14717,33903,51044
13500,33903,51045
14633,33904,51046
21122,33904,51047
16573,33904,51048
18565,33904,51049
2446,33905,51050
12900,33905,51051
16108,33905,51052
13659,33905,51053
18051,33906,51054
15585,33906,51055
16845,33906,51056
2027,33907,51057
16273,33907,51058
24392,33907,51059
695,33907,51060
12899,33907,51061
5230,33907,51062
4525,33907,51063
20091,33907,51064
22898,33907,51065
11346,33907,51066
2628,33907,51067
3114,33907,51068
15943,33907,51069
15056,33907,51070
13386,33907,51071
14177,33907,51072
13344,33907,51073
10686,33908,51074
10911,33908,51075
9450,33908,51076
2285,33908,51077
619,33908,51078
15115,33908,51079
14188,33908,51080
12190,33908,51081
21264,33908,51082
17913,33908,51083
17601,33909,51084
17601,33910,51085
23768,33911,51086
23151,33911,51087
2861,33911,51088
267,33911,51089
5219,33911,51090
4211,33911,51091
5261,33911,51092
5441,33911,51093
24771,33911,51094
23820,33911,51095
7248,33911,51096
16256,33911,51097
6645,33911,51098
122,33911,51099
21531,33912,51100
21968,33912,51101
10358,33912,51102
17601,33913,51103
17601,33914,51104
9505,33915,51105
18779,33915,51106
9602,33915,51107
17945,33916,51108
10382,33916,51109
11010,33916,51110
22047,33916,51111
16736,33916,51112
12191,33916,51113
7615,33916,51114
20518,33916,51115
18559,33916,51116
18779,33917,51117
9602,33917,51118
1661,33917,51119
3272,33917,51120
9505,33917,51121
8992,33917,51122
17601,33918,51123
16395,33919,51124
13043,33919,51125
15841,33919,51126
17601,33920,51127
17601,33921,51128
7798,33922,51129
19589,33922,51130
7799,33922,51131
2018,33922,51132
24710,33922,51133
2551,33922,51134
2384,33922,51135
20800,33922,51136
7696,33922,51137
7918,33922,51138
17601,33923,51139
17601,33924,51140
4014,33925,51141
1440,33925,51142
20771,33925,51143
10513,33925,51144
1265,33925,51145
24673,33925,51146
12840,33925,51147
17390,33925,51148
24454,33925,51149
1200,33925,51150
16699,33925,51151
12488,33926,51152
10969,33926,51153
10995,33926,51154
3909,33926,51155
24838,33926,51156
7642,33926,51157
2296,33926,51158
12057,33926,51159
9214,33926,51160
7921,33926,51161
22811,33926,51162
17671,33926,51163
2081,33926,51164
14333,33926,51165
16466,33926,51166
23516,33926,51167
12604,33926,51168
14549,33927,51169
9112,33927,51170
11866,33927,51171
7640,33928,51172
10340,33928,51173
527,33928,51174
3618,33928,51175
14630,33929,51176
19537,33929,51177
1123,33929,51178
18540,33929,51179
21715,33929,51180
18357,33929,51181
18369,33929,51182
21717,33929,51183
18589,33929,51184
16487,33929,51185
17601,33930,51186
20014,33931,51187
5679,33931,51188
15066,33931,51189
13460,33931,51190
4536,33931,51191
5043,33931,51192
20505,33931,51193
18708,33931,51194
5249,33931,51195
23688,33931,51196
17601,33932,51197
7288,33933,51198
199,33933,51199
11846,33933,51200
13856,33934,51201
18907,33934,51202
1930,33934,51203
188,33934,51204
6980,33934,51205
8982,33934,51206
12234,33934,51207
11528,33934,51208
5894,33934,51209
8575,33934,51210
4892,33935,51211
8380,33935,51212
12228,33935,51213
2316,33935,51214
6911,33935,51215
1059,33935,51216
14897,33935,51217
13404,33935,51218
17601,33936,51219
17492,33937,51220
9190,33937,51221
22676,33937,51222
17318,33937,51223
9876,33937,51224
17301,33937,51225
3058,33937,51226
15306,33937,51227
16405,33937,51228
2190,33937,51229
5154,33938,51230
24468,33938,51231
23910,33938,51232
18463,33938,51233
18571,33938,51234
12873,33938,51235
17525,33938,51236
1117,33938,51237
9637,33938,51238
4716,33938,51239
4204,33939,51240
8124,33939,51241
7717,33939,51242
15718,33939,51243
11621,33939,51244
8924,33939,51245
17601,33940,51246
16874,33941,51247
13669,33941,51248
17945,33941,51249
7044,33941,51250
17601,33942,51251
17601,33943,51252
20533,33944,51253
7172,33944,51254
17073,33944,51255
15789,33944,51256
17601,33945,51257
17601,33946,51258
17601,33947,51259
19845,33948,51260
6143,33948,51261
17601,33949,51262
18830,33950,51263
19499,33950,51264
15812,33950,51265
9180,33950,51266
16683,33950,51267
24440,33951,51268
24412,33951,51269
24434,33951,51270
8952,33951,51271
6864,33951,51272
18640,33951,51273
24576,33951,51274
13394,33951,51275
14429,33951,51276
23099,33951,51277
16625,33951,51278
24398,33951,51279
17601,33952,51280
16742,33953,51281
6474,33953,51282
7391,33954,51283
5310,33954,51284
17601,33955,51285
4415,33956,51286
15567,33956,51287
4306,33956,51288
4956,33957,51289
1079,33957,51290
8240,33957,51291
10667,33957,51292
2570,33957,51293
20297,33957,51294
6270,33957,51295
1155,33957,51296
10576,33957,51297
9323,33957,51298
5973,33958,51299
11935,33958,51300
12195,33958,51301
23177,33958,51302
13744,33958,51303
17601,33959,51304
7124,33960,51305
14450,33960,51306
7348,33960,51307
5892,33960,51308
23761,33961,51309
20866,33961,51310
23777,33961,51311
6567,33961,51312
15309,33961,51313
7525,33961,51314
19189,33961,51315
5101,33961,51316
1632,33961,51317
2384,33961,51318
22752,33962,51319
9462,33962,51320
24364,33963,51321
19842,33963,51322
14427,33964,51323
9460,33964,51324
23457,33964,51325
5703,33965,51326
17734,33966,51327
11762,33966,51328
17601,33967,51329
17601,33968,51330
1826,33969,51331
22961,33969,51332
22181,33969,51333
21120,33969,51334
2009,33969,51335
19647,33969,51336
6498,33969,51337
19935,33969,51338
1344,33969,51339
134,33969,51340
4526,33969,51341
9282,33969,51342
15146,33969,51343
12076,33969,51344
16242,33969,51345
7656,33969,51346
17226,33969,51347
17601,33970,51348
7269,33971,51349
24360,33971,51350
11160,33971,51351
5293,33972,51352
20508,33972,51353
23917,33972,51354
98,33972,51355
2847,33972,51356
24360,33972,51357
23064,33972,51358
15076,33972,51359
7269,33972,51360
11160,33972,51361
2309,33972,51362
24787,33972,51363
18588,33973,51364
2638,33973,51365
13745,33974,51366
18588,33974,51367
2638,33974,51368
19009,33974,51369
24235,33974,51370
17601,33975,51371
17601,33976,51372
