director_id,movie_id,movie_director_id
4743,2,1
167,3,2
74,5,3
380,10,4
924,11,5
2772,13,6
3343,16,7
5614,21,8
5527,25,9
2134,26,10
2982,28,11
5964,29,12
928,30,13
434,33,14
2271,36,15
2855,39,16
1859,43,17
1184,50,18
2630,57,19
2720,68,20
164,75,21
3125,109,22
811,110,23
61,134,24
4698,145,25
1324,152,26
4198,208,27
1352,210,28
4686,219,29
5004,222,30
1246,232,31
3130,249,32
5614,260,33
22,264,34
3633,276,35
5874,291,36
208,303,37
5888,312,38
2568,318,39
5098,339,40
5843,361,41
3271,372,42
2669,396,43
229,408,44
4194,414,45
5655,440,46
4409,441,47
907,443,48
1902,451,49
5154,455,50
1293,480,51
962,494,52
5986,499,53
823,541,54
1434,556,55
2390,572,56
2307,582,57
44,586,58
3710,592,59
509,593,60
440,598,61
3688,602,62
2,616,63
5683,625,64
2598,635,65
3393,672,66
5226,706,67
314,711,68
636,747,69
1130,748,70
5735,751,71
4586,777,72
4330,797,73
1037,799,74
2941,807,75
4688,821,76
6035,827,77
212,837,78
2641,899,79
1365,911,80
1020,913,81
720,920,82
5416,921,83
4387,922,84
406,925,85
3349,926,86
3044,927,87
4721,930,88
351,961,89
4679,975,90
417,996,91
2256,999,92
1679,1003,93
4516,1006,94
1232,1010,95
4545,1029,96
5347,1047,97
1530,1048,98
3636,1052,99
4686,1064,100
2142,1066,101
6074,1068,102
5581,1089,103
5790,1094,104
4621,1098,105
3801,1109,106
4010,1156,107
183,1169,108
3342,1179,109
4094,1180,110
2472,1188,111
3415,1201,112
929,1202,113
5192,1228,114
1128,1238,115
3245,1248,116
4604,1281,117
3332,1285,118
5344,1294,119
2499,1296,120
4677,1311,121
5901,1357,122
2703,1367,123
2936,1372,124
3943,1375,125
803,1392,126
4501,1408,127
2120,1417,128
4081,1419,129
5526,1431,130
3858,1436,131
308,1438,132
5031,1443,133
4976,1445,134
2147,1453,135
1343,1467,136
3498,1476,137
5682,1494,138
1953,1502,139
4444,1507,140
4295,1510,141
449,1514,142
2917,1524,143
3065,1530,144
2684,1538,145
5604,1539,146
943,1553,147
2884,1578,148
2149,1584,149
3061,1595,150
5279,1606,151
686,1608,152
5882,1610,153
4327,1614,154
2099,1624,155
3134,1629,156
2230,1634,157
5483,1652,158
1477,1654,159
5990,1664,160
3982,1667,161
4569,1668,162
5098,1669,163
2189,1697,164
2683,1700,165
32,1705,166
4547,1709,167
3815,1712,168
3892,1713,169
8,1719,170
4931,1736,171
589,1755,172
2801,1759,173
5487,1767,174
3766,1775,175
4551,1776,176
5961,1778,177
86,1780,178
682,1781,179
1541,1785,180
2011,1805,181
3686,1829,182
1494,1832,183
3854,1836,184
2027,1841,185
5678,1851,186
3742,1854,187
665,1855,188
3458,1862,189
4964,1867,190
3262,1870,191
1616,1876,192
4433,1880,193
76,1882,194
226,1886,195
969,1888,196
5803,1907,197
5901,1912,198
5706,1915,199
5900,1916,200
4171,1921,201
2119,1924,202
5480,1943,203
3119,1944,204
446,1948,205
2827,1961,206
5370,1963,207
3770,1970,208
933,1982,209
5155,1986,210
2240,1990,211
5189,1996,212
6051,2008,213
1536,2041,214
540,2052,215
3787,2054,216
6105,2069,217
2923,2080,218
1519,2081,219
5284,2083,220
3766,2096,221
4746,2098,222
4602,2102,223
2480,2114,224
5991,2134,225
425,2138,226
5136,2151,227
6074,2157,228
5288,2167,229
431,2191,230
4936,2202,231
5868,2204,232
5824,2211,233
3502,2218,234
3085,2224,235
2021,2233,236
4410,2244,237
13,2251,238
2852,2261,239
1629,2264,240
4684,2276,241
5299,2288,242
4955,2293,243
4144,2297,244
4667,2298,245
2183,2304,246
4396,2324,247
4587,2345,248
5414,2355,249
2845,2358,250
291,2359,251
467,2380,252
2033,2390,253
5844,2395,254
1175,2398,255
4590,2426,256
6000,2427,257
5133,2431,258
2198,2437,259
243,2464,260
2345,2476,261
4409,2479,262
5910,2524,263
4197,2526,264
107,2529,265
5345,2532,266
5545,2544,267
5450,2552,268
4431,2557,269
618,2558,270
5183,2566,271
83,2581,272
2656,2587,273
5226,2590,274
1116,2591,275
3502,2595,276
437,2602,277
2170,2609,278
4566,2615,279
4642,2621,280
5759,2623,281
2044,2636,282
1224,2660,283
3774,2674,284
5159,2677,285
3489,2678,286
2879,2686,287
4855,2689,288
4748,2703,289
1579,2704,290
4323,2709,291
2280,2710,292
1827,2712,293
1994,2713,294
4225,2714,295
3451,2715,296
2853,2732,297
1859,2736,298
3482,2759,299
5987,2764,300
4748,2770,301
3022,2775,302
381,2781,303
5206,2783,304
2823,2791,305
551,2793,306
4823,2795,307
3486,2808,308
3648,2816,309
1820,2827,310
1835,2829,311
5336,2838,312
5277,2843,313
5988,2848,314
3831,2850,315
4000,2860,316
5456,2861,317
171,2874,318
5984,2878,319
5616,2894,320
6094,2898,321
3673,2902,322
5748,2906,323
528,2919,324
1666,2941,325
3845,2956,326
2626,2976,327
3447,2981,328
5969,2986,329
4331,2996,330
1360,3010,331
3709,3014,332
4355,3020,333
4414,3024,334
4429,3025,335
4512,3027,336
4338,3031,337
3405,3037,338
4033,3046,339
2668,3049,340
6053,3050,341
61,3058,342
2087,3067,343
5593,3071,344
2170,3078,345
3075,3087,346
3294,3091,347
4561,3097,348
1536,3105,349
1320,3115,350
1943,3125,351
4489,3127,352
5719,3132,353
5719,3152,354
3506,3157,355
3281,3162,356
2167,3164,357
4048,3176,358
1842,3184,359
5305,3188,360
4993,3190,361
5028,3193,362
2279,3195,363
6029,3221,364
1685,3241,365
5571,3244,366
2916,3259,367
291,3266,368
6062,3268,369
3969,3283,370
1879,3287,371
2666,3288,372
4108,3301,373
4432,3302,374
5497,3316,375
1168,3330,376
4235,3339,377
268,3363,378
2613,3372,379
4897,3379,380
5734,3399,381
4182,3403,382
3225,3415,383
5150,3428,384
5704,3431,385
4172,3434,386
598,3435,387
1599,3437,388
6042,3443,389
4244,3480,390
218,3483,391
779,3484,392
4473,3499,393
5830,3506,394
3766,3509,395
117,3510,396
5150,3515,397
572,3519,398
2201,3520,399
4690,3552,400
4664,3560,401
60,3561,402
1103,3562,403
4757,3569,404
2099,3571,405
69,3576,406
4679,3588,407
2727,3589,408
5745,3591,409
5205,3593,410
4772,3595,411
3637,3600,412
4294,3610,413
825,3611,414
323,3617,415
2394,3618,416
861,3621,417
176,3630,418
4721,3632,419
4390,3640,420
2364,3649,421
2381,3654,422
4178,3664,423
292,3665,424
5533,3666,425
4340,3667,426
3153,3674,427
2391,3696,428
3914,3703,429
304,3715,430
4219,3719,431
5331,3720,432
3582,3733,433
4420,3744,434
2539,3756,435
5803,3764,436
2067,3766,437
2124,3773,438
4353,3778,439
4596,3791,440
5489,3792,441
2478,3813,442
5061,3816,443
3969,3819,444
1461,3827,445
4653,3842,446
2699,3846,447
436,3856,448
4467,3858,449
3251,3863,450
376,3872,451
1263,3874,452
2688,3875,453
1385,3890,454
3662,3900,455
530,3922,456
6087,3926,457
1147,3929,458
1445,3931,459
790,3938,460
5766,3946,461
1762,3964,462
2531,3970,463
1122,3983,464
5851,3991,465
5342,3999,466
3288,4008,467
5362,4014,468
3331,4015,469
4062,4026,470
255,4027,471
885,4028,472
3301,4032,473
5952,4038,474
2695,4050,475
1256,4052,476
3284,4073,477
3177,4074,478
2892,4080,479
434,4082,480
5331,4083,481
1520,4089,482
2725,4091,483
698,4092,484
5752,4094,485
4056,4109,486
6022,4144,487
3579,4151,488
2713,4156,489
4203,4160,490
4724,4161,491
3710,4166,492
3617,4167,493
2936,4174,494
4589,4178,495
1639,4195,496
5069,4199,497
1275,4201,498
852,4220,499
5558,4224,500
3153,4248,501
5580,4262,502
2099,4269,503
3024,4279,504
2277,4285,505
36,4287,506
1097,4297,507
2324,4299,508
4392,4313,509
5482,4314,510
3343,4331,511
1536,4351,512
3358,4367,513
4138,4372,514
2090,4376,515
62,4377,516
1332,4381,517
3525,4391,518
752,4395,519
3930,4408,520
2068,4416,521
982,4417,522
2196,4421,523
1854,4423,524
2945,4431,525
37,4443,526
1175,4445,527
5567,4447,528
3123,4454,529
1246,4458,530
5050,4459,531
5401,4465,532
4742,4466,533
1864,4471,534
1973,4479,535
1758,4502,536
3320,4517,537
5429,4525,538
619,4533,539
5583,4542,540
353,4546,541
705,4548,542
3791,4550,543
1419,4552,544
949,4570,545
3235,4577,546
5536,4582,547
4161,4595,548
2663,4596,549
5613,4597,550
4638,4604,551
5365,4607,552
5772,4616,553
4918,4625,554
4575,4626,555
71,4629,556
5226,4630,557
1682,4634,558
863,4635,559
5165,4639,560
5907,4645,561
1952,4660,562
3781,4661,563
1458,4664,564
3146,4670,565
3452,4673,566
5497,4678,567
5505,4684,568
3344,4685,569
4071,4686,570
1760,4690,571
5795,4693,572
739,4698,573
3135,4713,574
3111,4717,575
820,4719,576
2296,4723,577
3622,4724,578
216,4728,579
4988,4746,580
895,4765,581
4964,4770,582
1350,4776,583
923,4788,584
1014,4798,585
3662,4803,586
4933,4810,587
4562,4821,588
5061,4827,589
3568,4828,590
749,4831,591
3057,4832,592
3172,4834,593
3640,4840,594
5123,4849,595
4178,4856,596
4075,4863,597
656,4868,598
1688,4870,599
4161,4878,600
1255,4892,601
981,4894,602
2802,4899,603
3263,4911,604
1913,4913,605
1671,4919,606
11,4924,607
4078,4933,608
3865,4935,609
4272,4952,610
2240,4970,611
5022,4979,612
123,4980,613
2307,4981,614
5614,4985,615
1993,4987,616
2011,4990,617
2896,4991,618
5808,4998,619
4805,5002,620
343,5006,621
2085,5041,622
3941,5048,623
178,5049,624
297,5070,625
2112,5079,626
1015,5080,627
6000,5084,628
1425,5096,629
5001,5097,630
1687,5119,631
2951,5124,632
4520,5135,633
1521,5136,634
3410,5148,635
89,5156,636
1988,5166,637
5259,5170,638
5874,5174,639
2385,5177,640
3899,5179,641
3562,5190,642
2761,5192,643
6019,5193,644
3611,5195,645
4864,5203,646
1439,5204,647
958,5206,648
5243,5219,649
1783,5221,650
1883,5229,651
3269,5233,652
588,5241,653
1834,5251,654
1566,5264,655
5017,5267,656
1206,5272,657
502,5278,658
5348,5279,659
4553,5280,660
2738,5281,661
1189,5284,662
4094,5293,663
1640,5295,664
3168,5298,665
238,5312,666
1558,5314,667
490,5318,668
1621,5320,669
4773,5324,670
2128,5325,671
160,5334,672
1267,5345,673
3410,5350,674
1287,5357,675
1309,5358,676
622,5362,677
3382,5363,678
988,5367,679
2569,5368,680
5098,5409,681
5004,5412,682
2954,5436,683
4923,5440,684
3916,5445,685
204,5448,686
3486,5469,687
2055,5473,688
1346,5477,689
1284,5490,690
181,5493,691
996,5495,692
3349,5496,693
447,5498,694
658,5500,695
1396,5502,696
822,5506,697
4564,5521,698
1497,5522,699
569,5523,700
3151,5527,701
5652,5535,702
3762,5548,703
3831,5551,704
644,5554,705
344,5555,706
4068,5566,707
5441,5579,708
2624,5589,709
4631,5590,710
611,5591,711
2518,5593,712
5703,5594,713
2204,5619,714
4783,5622,715
4949,5624,716
4920,5625,717
4899,5653,718
5910,5654,719
1009,5656,720
5864,5660,721
4410,5661,722
2179,5664,723
1842,5669,724
2766,5671,725
3134,5677,726
5140,5678,727
534,5680,728
5653,5699,729
2777,5725,730
1489,5735,731
1751,5740,732
297,5760,733
4580,5764,734
4553,5775,735
4414,5778,736
810,5783,737
2909,5786,738
1364,5803,739
1713,5819,740
5467,5821,741
5701,5833,742
892,5840,743
982,5847,744
3350,5853,745
3043,5858,746
4940,5860,747
4667,5862,748
3891,5863,749
4228,5872,750
5510,5876,751
1041,5879,752
1666,5927,753
5319,5929,754
574,5930,755
1827,5934,756
796,5935,757
6049,5936,758
185,5940,759
2527,5942,760
2613,5952,761
895,5956,762
2179,5959,763
2793,5972,764
3147,5984,765
2639,5997,766
2174,6013,767
3330,6017,768
2955,6039,769
5529,6040,770
799,6042,771
3605,6043,772
4664,6050,773
4599,6072,774
2761,6079,775
3805,6099,776
2863,6106,777
5721,6108,778
2386,6122,779
6099,6125,780
5686,6132,781
3858,6134,782
4078,6136,783
798,6157,784
3193,6167,785
4580,6172,786
3527,6173,787
3675,6174,788
1565,6175,789
1071,6176,790
504,6178,791
6002,6180,792
183,6194,793
4070,6198,794
560,6201,795
2592,6213,796
2625,6220,797
1179,6224,798
4647,6229,799
1705,6232,800
1809,6242,801
906,6250,802
6113,6259,803
1999,6276,804
853,6280,805
1088,6281,806
5135,6287,807
2139,6289,808
1768,6292,809
4295,6293,810
3841,6302,811
77,6314,812
4383,6316,813
2989,6338,814
96,6350,815
6000,6351,816
931,6361,817
3072,6365,818
637,6367,819
5503,6371,820
1616,6377,821
5811,6383,822
1371,6390,823
2462,6401,824
4256,6418,825
309,6422,826
4165,6433,827
3280,6453,828
2033,6454,829
2511,6476,830
2162,6477,831
3503,6482,832
5757,6483,833
3789,6490,834
3520,6491,835
1773,6495,836
3654,6505,837
4072,6522,838
771,6532,839
190,6535,840
362,6537,841
2110,6538,842
4121,6543,843
198,6546,844
2552,6549,845
4873,6558,846
2708,6565,847
5138,6568,848
5675,6580,849
2792,6586,850
1217,6613,851
995,6618,852
4369,6622,853
2525,6630,854
3066,6631,855
4690,6633,856
4623,6634,857
2977,6635,858
1683,6639,859
695,6641,860
2839,6647,861
4495,6650,862
1413,6669,863
848,6677,864
1259,6678,865
3769,6687,866
1926,6690,867
1411,6697,868
1984,6702,869
3287,6704,870
2166,6706,871
168,6714,872
1212,6716,873
4525,6721,874
603,6757,875
5775,6760,876
4096,6772,877
3894,6781,878
348,6785,879
5134,6789,880
2127,6792,881
2447,6795,882
5082,6799,883
2000,6804,884
591,6805,885
2581,6811,886
356,6814,887
4535,6816,888
5100,6821,889
4920,6822,890
386,6824,891
690,6828,892
590,6836,893
1416,6842,894
889,6858,895
5885,6868,896
732,6885,897
6,6887,898
1038,6891,899
1299,6895,900
3211,6897,901
4237,6900,902
3450,6906,903
2464,6910,904
4383,6916,905
5770,6918,906
4195,6925,907
1855,6931,908
480,6933,909
2570,6934,910
3406,6937,911
4302,6953,912
2156,6975,913
4407,6979,914
5726,6984,915
3163,6989,916
583,6990,917
4504,6999,918
2589,7008,919
118,7018,920
3785,7019,921
5553,7027,922
5150,7031,923
5666,7041,924
2322,7042,925
589,7054,926
191,7064,927
5780,7067,928
735,7071,929
3909,7078,930
3147,7079,931
1438,7080,932
788,7081,933
2578,7104,934
6031,7111,935
368,7120,936
5459,7133,937
1560,7137,938
1606,7145,939
4630,7161,940
2986,7162,941
3259,7164,942
4022,7182,943
4811,7183,944
454,7185,945
5950,7190,946
1501,7193,947
3939,7194,948
2339,7208,949
4081,7220,950
1572,7244,951
2556,7249,952
2620,7250,953
2806,7257,954
3968,7270,955
5563,7273,956
1189,7274,957
5733,7277,958
1969,7288,959
4102,7315,960
4116,7334,961
3544,7344,962
5842,7345,963
6021,7346,964
5486,7352,965
3441,7356,966
2533,7362,967
2477,7363,968
3135,7368,969
4687,7384,970
5640,7385,971
3776,7409,972
594,7414,973
5410,7415,974
3005,7418,975
912,7428,976
4383,7430,977
3966,7438,978
5211,7446,979
502,7447,980
6074,7449,981
3291,7450,982
1889,7454,983
1094,7460,984
1779,7467,985
3018,7476,986
1880,7481,987
5869,7482,988
1558,7485,989
73,7494,990
5377,7495,991
1967,7498,992
4091,7501,993
5110,7504,994
5289,7510,995
510,7513,996
3571,7515,997
5855,7518,998
1041,7523,999
2167,7524,1000
6042,7526,1001
846,7552,1002
4095,7561,1003
3947,7570,1004
4882,7599,1005
2006,7607,1006
1083,7610,1007
4783,7618,1008
1018,7620,1009
5345,7624,1010
2579,7644,1011
2697,7655,1012
713,7661,1013
3668,7671,1014
836,7682,1015
1311,7684,1016
5513,7686,1017
1500,7688,1018
1608,7707,1019
5395,7708,1020
1707,7710,1021
179,7717,1022
4425,7722,1023
5312,7725,1024
5452,7754,1025
5578,7755,1026
4474,7760,1027
1758,7768,1028
228,7770,1029
2572,7778,1030
2057,7779,1031
1101,7780,1032
2749,7781,1033
689,7790,1034
1647,7792,1035
2499,7799,1036
5845,7802,1037
6004,7804,1038
5124,7807,1039
2540,7830,1040
1837,7849,1041
4925,7858,1042
4091,7871,1043
569,7881,1044
2294,7882,1045
511,7884,1046
1241,7897,1047
2948,7900,1048
1117,7903,1049
150,7904,1050
3602,7923,1051
664,7929,1052
2769,7946,1053
2520,7949,1054
5198,7952,1055
5297,7955,1056
434,7962,1057
5023,7968,1058
3726,7970,1059
3513,7974,1060
814,7979,1061
1842,7987,1062
5653,7994,1063
4515,8000,1064
4302,8011,1065
1717,8013,1066
2317,8032,1067
3312,8036,1068
714,8038,1069
3606,8055,1070
5766,8057,1071
2350,8058,1072
1246,8060,1073
5846,8061,1074
5371,8066,1075
5407,8072,1076
6009,8073,1077
437,8074,1078
4569,8075,1079
2676,8086,1080
5234,8087,1081
1385,8090,1082
5381,8096,1083
769,8098,1084
141,8103,1085
2510,8108,1086
3143,8109,1087
5031,8116,1088
4867,8119,1089
495,8131,1090
1680,8138,1091
2715,8141,1092
5349,8155,1093
596,8156,1094
1119,8172,1095
551,8177,1096
3723,8180,1097
5370,8181,1098
225,8184,1099
1957,8185,1100
4686,8187,1101
3696,8189,1102
3719,8190,1103
231,8192,1104
31,8193,1105
5229,8194,1106
2305,8203,1107
5391,8206,1108
3925,8210,1109
724,8213,1110
2792,8220,1111
3030,8221,1112
4471,8222,1113
4468,8238,1114
4016,8240,1115
3412,8242,1116
5975,8245,1117
1286,8248,1118
4960,8260,1119
5004,8266,1120
2043,8268,1121
4163,8272,1122
1923,8274,1123
3729,8282,1124
4746,8283,1125
4023,8284,1126
2301,8285,1127
1956,8286,1128
2233,8291,1129
5651,8292,1130
4684,8299,1131
5004,8300,1132
4995,8309,1133
3567,8322,1134
4133,8325,1135
183,8328,1136
2311,8333,1137
4929,8343,1138
4718,8344,1139
1235,8348,1140
6020,8357,1141
29,8360,1142
2522,8370,1143
3452,8386,1144
1426,8387,1145
2322,8388,1146
5249,8389,1147
2602,8390,1148
5689,8399,1149
2008,8409,1150
4677,8410,1151
4175,8411,1152
4366,8412,1153
5655,8416,1154
1784,8417,1155
415,8420,1156
4855,8423,1157
1510,8425,1158
417,8436,1159
5188,8438,1160
237,8439,1161
605,8440,1162
4714,8442,1163
5533,8456,1164
2677,8457,1165
701,8471,1166
3131,8476,1167
1975,8502,1168
5295,8507,1169
521,8511,1170
494,8527,1171
5405,8531,1172
5344,8534,1173
1924,8536,1174
3048,8542,1175
4373,8543,1176
3291,8546,1177
3413,8549,1178
5083,8550,1179
2226,8551,1180
462,8553,1181
5956,8555,1182
1189,8556,1183
4224,8557,1184
2806,8560,1185
507,8562,1186
763,8566,1187
2875,8567,1188
5872,8568,1189
3655,8570,1190
3508,8574,1191
1259,8583,1192
5714,8584,1193
5048,8585,1194
5058,8588,1195
4272,8596,1196
3872,8600,1197
4972,8620,1198
2752,8621,1199
4388,8633,1200
6022,8639,1201
93,8660,1202
4399,8666,1203
309,8667,1204
2051,8671,1205
2067,8673,1206
3145,8676,1207
705,8677,1208
3384,8682,1209
4387,8684,1210
688,8686,1211
1127,8688,1212
737,8690,1213
4746,8691,1214
1863,8692,1215
2548,8693,1216
868,8700,1217
5134,8702,1218
1819,8703,1219
1741,8706,1220
2326,8710,1221
297,8716,1222
1536,8718,1223
736,8720,1224
5119,8723,1225
339,8726,1226
1423,8729,1227
3652,8737,1228
2148,8744,1229
3745,8747,1230
5841,8759,1231
4333,8762,1232
1516,8766,1233
5231,8792,1234
1414,8794,1235
3795,8798,1236
2238,8814,1237
5458,8818,1238
6046,8819,1239
5009,8820,1240
787,8823,1241
1383,8827,1242
5890,8829,1243
1139,8831,1244
5368,8838,1245
4721,8841,1246
4012,8842,1247
4891,8843,1248
3135,8844,1249
3111,8846,1250
4853,8847,1251
617,8849,1252
4768,8850,1253
2906,8852,1254
663,8859,1255
3053,8860,1256
1471,8861,1257
2714,8865,1258
3993,8867,1259
3851,8869,1260
4858,8870,1261
209,8871,1262
3884,8873,1263
961,8875,1264
3654,8877,1265
5837,8878,1266
1755,8879,1267
5632,8886,1268
2615,8889,1269
1422,8890,1270
4885,8891,1271
347,8896,1272
4908,8901,1273
6048,8907,1274
495,8912,1275
3731,8919,1276
5190,8927,1277
354,8931,1278
5225,8933,1279
1715,8944,1280
5150,8946,1281
4078,8954,1282
991,8963,1283
3478,8972,1284
4919,8977,1285
4,8981,1286
4185,8982,1287
5061,8983,1288
2099,8986,1289
1197,8989,1290
4624,8992,1291
3992,8993,1292
1365,8995,1293
2977,8996,1294
4327,8997,1295
5000,8999,1296
2850,9003,1297
5901,9008,1298
4448,9009,1299
3776,9012,1300
5576,9014,1301
1395,9015,1302
2917,9020,1303
6118,9021,1304
5233,9022,1305
4746,9024,1306
297,9027,1307
1570,9028,1308
3712,9030,1309
425,9032,1310
4761,9033,1311
1579,9037,1312
183,9040,1313
2777,9042,1314
1950,9046,1315
3552,9048,1316
654,9051,1317
656,9058,1318
3635,9060,1319
803,9070,1320
928,9071,1321
5564,9076,1322
2859,9089,1323
5215,9099,1324
3025,9116,1325
420,9117,1326
4454,9118,1327
2679,9132,1328
3221,9140,1329
104,9145,1330
5173,9147,1331
3893,9149,1332
2953,9150,1333
2285,9153,1334
1132,9156,1335
795,9157,1336
370,9162,1337
3295,9163,1338
3800,9166,1339
2644,9167,1340
1017,9169,1341
527,9170,1342
576,9171,1343
6094,9173,1344
1296,9175,1345
1579,9180,1346
656,9183,1347
5181,9184,1348
944,9189,1349
951,9190,1350
5805,9195,1351
724,9200,1352
5345,9203,1353
5240,9208,1354
5614,9209,1355
27,9210,1356
5810,9211,1357
2931,9213,1358
5438,9214,1359
5509,9215,1360
4993,9217,1361
3849,9225,1362
383,9258,1363
3831,9262,1364
362,9275,1365
1115,9284,1366
111,9289,1367
5026,9293,1368
5218,9303,1369
3092,9306,1370
5210,9307,1371
6100,9313,1372
2605,9314,1373
3606,9315,1374
1817,9317,1375
1789,9319,1376
3316,9320,1377
1807,9325,1378
6108,9328,1379
6022,9329,1380
198,9336,1381
5319,9340,1382
4011,9342,1383
5471,9343,1384
5527,9344,1385
3061,9347,1386
3343,9349,1387
2155,9354,1388
3396,9356,1389
5404,9359,1390
278,9360,1391
1078,9363,1392
1212,9364,1393
4280,9365,1394
4070,9366,1395
298,9369,1396
4698,9371,1397
1653,9375,1398
5934,9376,1399
809,9379,1400
6065,9381,1401
5732,9382,1402
657,9383,1403
3411,9384,1404
2543,9385,1405
619,9387,1406
5098,9389,1407
4664,9395,1408
798,9399,1409
1085,9405,1410
4605,9413,1411
3192,9430,1412
6027,9468,1413
2977,9477,1414
4229,9482,1415
2476,9483,1416
4106,9487,1417
4767,9492,1418
3212,9495,1419
4199,9497,1420
3356,9502,1421
1343,9506,1422
5735,9509,1423
2871,9510,1424
5137,9512,1425
3332,9513,1426
3961,9519,1427
2345,9520,1428
3453,9522,1429
203,9523,1430
3623,9527,1431
3847,9528,1432
208,9532,1433
2067,9535,1434
2983,9536,1435
4952,9538,1436
4986,9539,1437
991,9545,1438
5119,9548,1439
4200,9549,1440
3303,9550,1441
5259,9552,1442
3255,9555,1443
5481,9557,1444
3580,9559,1445
3064,9563,1446
3238,9566,1447
833,9578,1448
297,9581,1449
4159,9585,1450
5059,9588,1451
4700,9599,1452
3395,9603,1453
742,9614,1454
2757,9625,1455
1397,9636,1456
614,9639,1457
6000,9642,1458
4846,9659,1459
4178,9660,1460
1223,9661,1461
4444,9663,1462
2118,9670,1463
4302,9672,1464
3215,9673,1465
742,9674,1466
3101,9681,1467
2102,9683,1468
3831,9685,1469
1777,9686,1470
3011,9687,1471
3141,9689,1472
283,9690,1473
136,9693,1474
3486,9696,1475
3091,9697,1476
3727,9698,1477
2099,9700,1478
864,9701,1479
1112,9703,1480
1317,9706,1481
183,9709,1482
5913,9711,1483
976,9713,1484
652,9715,1485
5204,9717,1486
5243,9718,1487
547,9721,1488
3416,9728,1489
3310,9738,1490
2195,9741,1491
635,9747,1492
5762,9753,1493
1832,9754,1494
4600,9769,1495
3125,9771,1496
2487,9772,1497
42,9774,1498
1005,9776,1499
2741,9777,1500
644,9779,1501
3424,9794,1502
3750,9801,1503
4322,9807,1504
3866,9809,1505
2000,9813,1506
4399,9820,1507
5942,9832,1508
2023,9833,1509
1527,9835,1510
4810,9836,1511
2077,9837,1512
872,9838,1513
5378,9841,1514
3087,9842,1515
4577,9845,1516
2697,9846,1517
2164,9848,1518
216,9849,1519
419,9853,1520
4125,9855,1521
1972,9861,1522
3400,9865,1523
630,9866,1524
611,9867,1525
5487,9869,1526
5533,9870,1527
3430,9872,1528
3974,9873,1529
5281,9874,1530
4237,9875,1531
2741,9877,1532
5777,9879,1533
5016,9882,1534
5300,9887,1535
534,9888,1536
2620,9889,1537
4010,9890,1538
4201,9892,1539
5169,9893,1540
3987,9895,1541
5761,9898,1542
4018,9899,1543
586,9900,1544
3179,9902,1545
533,9905,1546
4948,9906,1547
2405,9911,1548
5521,9912,1549
268,9917,1550
372,9920,1551
1403,9924,1552
3570,9926,1553
4977,9930,1554
4491,9940,1555
1023,9949,1556
317,9974,1557
1720,9981,1558
2843,9994,1559
668,9995,1560
5643,9999,1561
2434,10005,1562
2398,10006,1563
3089,10008,1564
1319,10009,1565
502,10015,1566
5407,10021,1567
3494,10022,1568
3697,10024,1569
560,10025,1570
141,10029,1571
5191,10032,1572
2805,10033,1573
3231,10034,1574
1247,10036,1575
1530,10037,1576
113,10043,1577
1979,10044,1578
2169,10047,1579
532,10048,1580
3281,10049,1581
636,10050,1582
5004,10051,1583
2021,10055,1584
2074,10058,1585
3662,10060,1586
3305,10064,1587
2733,10066,1588
3642,10067,1589
4093,10068,1590
1977,10069,1591
2261,10070,1592
2912,10071,1593
4091,10072,1594
2542,10073,1595
1856,10079,1596
1016,10080,1597
5430,10091,1598
1726,10097,1599
5678,10111,1600
2353,10116,1601
5613,10144,1602
3739,10159,1603
2759,10166,1604
663,10167,1605
124,10168,1606
4512,10171,1607
5124,10174,1608
2317,10176,1609
1337,10177,1610
5605,10178,1611
1585,10179,1612
1658,10182,1613
1030,10184,1614
798,10185,1615
4331,10187,1616
1536,10188,1617
2697,10189,1618
2148,10190,1619
5844,10193,1620
4874,10194,1621
3740,10197,1622
2537,10198,1623
3104,10199,1624
142,10200,1625
3582,10201,1626
3268,10203,1627
132,10206,1628
4729,10207,1629
1238,10209,1630
497,10212,1631
2788,10216,1632
2836,10221,1633
1692,10224,1634
3058,10226,1635
5970,10230,1636
3163,10231,1637
724,10232,1638
5021,10234,1639
4592,10236,1640
5766,10240,1641
1397,10243,1642
4200,10244,1643
320,10245,1644
4081,10247,1645
2691,10253,1646
1816,10256,1647
2007,10258,1648
4594,10259,1649
889,10272,1650
5755,10276,1651
4976,10300,1652
279,10307,1653
365,10313,1654
5614,10316,1655
3232,10319,1656
3538,10329,1657
5645,10342,1658
4590,10345,1659
3189,10355,1660
4266,10356,1661
3970,10359,1662
2473,10360,1663
1712,10363,1664
4187,10365,1665
5582,10366,1666
1322,10374,1667
4092,10375,1668
3172,10378,1669
2818,10386,1670
79,10388,1671
2178,10400,1672
1295,10404,1673
4240,10406,1674
1034,10407,1675
4329,10408,1676
3653,10411,1677
2520,10412,1678
2956,10413,1679
5582,10414,1680
5134,10417,1681
371,10418,1682
902,10419,1683
3738,10424,1684
5135,10427,1685
2198,10429,1686
655,10430,1687
5085,10431,1688
2802,10432,1689
4909,10433,1690
4571,10438,1691
4906,10439,1692
2179,10440,1693
4946,10444,1694
5073,10446,1695
4757,10448,1696
3918,10450,1697
353,10454,1698
1529,10456,1699
3981,10457,1700
2191,10471,1701
163,10480,1702
3850,10504,1703
3170,10506,1704
1790,10508,1705
5608,10513,1706
2272,10520,1707
2925,10537,1708
3741,10538,1709
3443,10544,1710
2436,10555,1711
5456,10556,1712
2579,10557,1713
4012,10558,1714
1511,10560,1715
993,10561,1716
4603,10563,1717
2634,10564,1718
724,10565,1719
965,10569,1720
730,10571,1721
5258,10572,1722
4470,10579,1723
6002,10582,1724
208,10585,1725
2505,10587,1726
5782,10594,1727
1761,10595,1728
4737,10597,1729
2780,10598,1730
1786,10599,1731
5159,10601,1732
2808,10602,1733
2417,10603,1734
482,10604,1735
4667,10606,1736
5627,10607,1737
1756,10608,1738
3177,10609,1739
2598,10611,1740
2016,10613,1741
4310,10616,1742
4488,10620,1743
489,10624,1744
4704,10625,1745
4748,10627,1746
1989,10629,1747
5213,10633,1748
697,10634,1749
5524,10636,1750
5531,10637,1751
645,10639,1752
4197,10642,1753
1497,10645,1754
2888,10646,1755
3252,10649,1756
377,10663,1757
971,10665,1758
4272,10666,1759
5167,10679,1760
3523,10693,1761
1672,10695,1762
4074,10697,1763
6104,10699,1764
3020,10700,1765
5931,10701,1766
2978,10705,1767
2925,10713,1768
3276,10726,1769
3398,10730,1770
2455,10737,1771
3138,10743,1772
387,10751,1773
3598,10753,1774
1670,10754,1775
6000,10755,1776
5703,10757,1777
6025,10758,1778
4771,10760,1779
617,10763,1780
5813,10765,1781
4804,10766,1782
1246,10768,1783
836,10769,1784
1707,10773,1785
2965,10776,1786
2168,10778,1787
5446,10780,1788
1432,10786,1789
4259,10787,1790
5821,10788,1791
4480,10789,1792
4965,10791,1793
980,10792,1794
5494,10798,1795
4062,10801,1796
3034,10802,1797
128,10803,1798
2693,10809,1799
236,10811,1800
1165,10815,1801
2550,10816,1802
3211,10817,1803
5244,10818,1804
1820,10819,1805
1952,10821,1806
4280,10827,1807
2640,10828,1808
4468,10829,1809
4688,10831,1810
4482,10832,1811
4310,10833,1812
860,10834,1813
856,10835,1814
654,10839,1815
2492,10840,1816
5807,10843,1817
4723,10847,1818
3082,10849,1819
2386,10850,1820
3272,10853,1821
4716,10855,1822
3678,10859,1823
786,10878,1824
5885,10888,1825
1282,10908,1826
3005,10910,1827
2832,10917,1828
1404,10925,1829
1850,10935,1830
325,10937,1831
894,10944,1832
2817,10945,1833
1109,10946,1834
4810,10947,1835
1565,10948,1836
1768,10951,1837
3500,10952,1838
2319,10956,1839
5138,10957,1840
5614,10959,1841
5128,10962,1842
5747,10965,1843
2821,10967,1844
1549,10968,1845
1046,10969,1846
5248,10970,1847
2492,10971,1848
2079,10973,1849
1159,10978,1850
4859,10979,1851
4110,10981,1852
2994,10983,1853
3656,10985,1854
2270,10987,1855
4526,10988,1856
2547,10989,1857
3227,10990,1858
4102,10992,1859
1519,10997,1860
1251,11000,1861
5880,11001,1862
799,11002,1863
3675,11013,1864
5475,11014,1865
4617,11022,1866
2645,11024,1867
5808,11025,1868
4774,11028,1869
5827,11033,1870
4111,11035,1871
145,11037,1872
4415,11038,1873
780,11057,1874
907,11060,1875
2009,11068,1876
4630,11074,1877
2149,11081,1878
5753,11087,1879
251,11090,1880
5139,11096,1881
5721,11097,1882
515,11122,1883
4688,11124,1884
4234,11127,1885
2919,11129,1886
534,11130,1887
3187,11131,1888
4564,11134,1889
5359,11135,1890
5673,11136,1891
114,11137,1892
2247,11138,1893
459,11140,1894
200,11145,1895
2460,11146,1896
2873,11151,1897
1268,11152,1898
4820,11160,1899
5800,11161,1900
4638,11163,1901
3785,11166,1902
2761,11167,1903
1565,11169,1904
5624,11171,1905
1136,11172,1906
3246,11173,1907
332,11175,1908
5974,11179,1909
2782,11180,1910
3581,11183,1911
5387,11186,1912
1362,11187,1913
1666,11188,1914
4508,11190,1915
4089,11195,1916
1839,11196,1917
1763,11200,1918
4317,11205,1919
3700,11207,1920
2613,11208,1921
1967,11209,1922
3813,11210,1923
3286,11212,1924
5149,11214,1925
5806,11215,1926
1553,11218,1927
5811,11223,1928
1404,11224,1929
2576,11226,1930
1107,11227,1931
2732,11228,1932
3650,11234,1933
742,11256,1934
1523,11257,1935
4055,11263,1936
1906,11272,1937
2279,11296,1938
2395,11300,1939
724,11307,1940
5810,11310,1941
3176,11311,1942
284,11315,1943
1115,11316,1944
3627,11318,1945
5294,11320,1946
5878,11326,1947
267,11328,1948
1530,11329,1949
4281,11330,1950
1889,11333,1951
950,11334,1952
4270,11338,1953
5606,11340,1954
3600,11342,1955
1674,11343,1956
2876,11347,1957
266,11348,1958
356,11353,1959
483,11355,1960
5704,11356,1961
183,11357,1962
2598,11358,1963
3371,11359,1964
354,11360,1965
2418,11361,1966
2631,11366,1967
4140,11367,1968
2642,11368,1969
5490,11369,1970
3400,11373,1971
741,11374,1972
2854,11375,1973
2002,11376,1974
222,11378,1975
3800,11381,1976
4210,11383,1977
2335,11384,1978
3814,11385,1979
4514,11388,1980
2572,11391,1981
1185,11396,1982
1307,11398,1983
4756,11399,1984
2096,11402,1985
4741,11405,1986
5467,11408,1987
5469,11410,1988
415,11423,1989
984,11425,1990
4668,11439,1991
834,11441,1992
4256,11445,1993
2169,11451,1994
675,11456,1995
5464,11458,1996
3604,11464,1997
5405,11470,1998
4794,11473,1999
2600,11487,2000
524,11494,2001
5010,11497,2002
3299,11499,2003
3234,11502,2004
5944,11514,2005
5259,11516,2006
527,11517,2007
2079,11518,2008
913,11519,2009
2989,11520,2010
1530,11521,2011
74,11522,2012
4783,11523,2013
1527,11525,2014
5115,11526,2015
5092,11527,2016
1473,11530,2017
5785,11532,2018
2189,11533,2019
5407,11536,2020
1108,11537,2021
35,11539,2022
4047,11541,2023
2520,11542,2024
2776,11544,2025
3963,11546,2026
1387,11547,2027
2939,11549,2028
3458,11553,2029
2602,11557,2030
3549,11559,2031
4418,11561,2032
6042,11563,2033
3762,11565,2034
504,11567,2035
2977,11568,2036
1370,11571,2037
3593,11573,2038
2721,11574,2039
3163,11579,2040
5398,11580,2041
1594,11581,2042
3171,11583,2043
5046,11587,2044
1895,11588,2045
249,11590,2046
1791,11591,2047
5219,11592,2048
463,11595,2049
1610,11600,2050
241,11604,2051
5497,11606,2052
1195,11607,2053
3148,11608,2054
971,11612,2055
5860,11618,2056
5994,11622,2057
1530,11623,2058
4853,11628,2059
5957,11639,2060
2230,11640,2061
2198,11646,2062
4406,11658,2063
5088,11671,2064
5714,11674,2065
3334,11677,2066
5016,11679,2067
5712,11709,2068
4335,11713,2069
849,11722,2070
239,11726,2071
1246,11727,2072
3081,11728,2073
2689,11730,2074
4872,11733,2075
5323,11734,2076
5016,11736,2077
5527,11738,2078
3679,11741,2079
4906,11744,2080
4644,11746,2081
190,11748,2082
2315,11750,2083
2047,11754,2084
861,11755,2085
3177,11757,2086
870,11763,2087
3953,11764,2088
5228,11765,2089
3494,11766,2090
55,11767,2091
6093,11773,2092
1415,11775,2093
4319,11781,2094
4910,11782,2095
3372,11785,2096
5104,11787,2097
4542,11790,2098
5141,11791,2099
4502,11793,2100
2592,11794,2101
2568,11795,2102
4958,11796,2103
4384,11800,2104
4707,11801,2105
2686,11804,2106
3730,11805,2107
1288,11806,2108
2904,11808,2109
481,11812,2110
4434,11813,2111
79,11814,2112
3024,11815,2113
3944,11816,2114
3775,11818,2115
1079,11821,2116
581,11822,2117
2715,11824,2118
2497,11825,2119
1500,11826,2120
3650,11829,2121
118,11832,2122
468,11833,2123
3836,11834,2124
5336,11841,2125
2746,11843,2126
2587,11846,2127
3333,11850,2128
4973,11854,2129
4073,11861,2130
735,11862,2131
2248,11863,2132
1624,11866,2133
175,11892,2134
2067,11894,2135
36,11900,2136
5876,11904,2137
626,11908,2138
2309,11911,2139
2794,11917,2140
5626,11919,2141
5422,11922,2142
3444,11926,2143
1799,11931,2144
1469,11933,2145
1852,11937,2146
4571,11939,2147
5377,11941,2148
2328,11947,2149
2311,11949,2150
4006,11951,2151
918,11953,2152
2456,11956,2153
3854,11958,2154
2159,11959,2155
1034,11963,2156
3096,11965,2157
4694,11966,2158
928,11967,2159
5115,11980,2160
2690,11984,2161
5769,11991,2162
12,11992,2163
3470,11993,2164
5031,11995,2165
5888,11997,2166
738,11998,2167
4068,11999,2168
3477,12003,2169
471,12004,2170
4940,12005,2171
2977,12006,2172
1688,12007,2173
5339,12008,2174
2348,12012,2175
2891,12015,2176
2790,12018,2177
1955,12019,2178
3264,12020,2179
6097,12023,2180
3162,12024,2181
6071,12027,2182
3611,12029,2183
232,12037,2184
1792,12039,2185
6046,12041,2186
1197,12048,2187
3265,12050,2188
3427,12052,2189
6031,12054,2190
5456,12055,2191
5952,12058,2192
2631,12062,2193
4535,12064,2194
4263,12067,2195
3223,12068,2196
5048,12074,2197
3196,12077,2198
599,12087,2199
2274,12096,2200
330,12103,2201
2380,12104,2202
4977,12114,2203
5909,12115,2204
3555,12129,2205
3491,12136,2206
4578,12137,2207
3854,12139,2208
1651,12142,2209
5056,12143,2210
480,12146,2211
3831,12150,2212
1477,12151,2213
1612,12152,2214
2239,12153,2215
1447,12154,2216
2311,12161,2217
4504,12162,2218
5841,12165,2219
3746,12166,2220
1765,12167,2221
3639,12168,2222
2379,12171,2223
740,12173,2224
2060,12174,2225
4232,12175,2226
569,12178,2227
691,12179,2228
902,12184,2229
1682,12186,2230
5393,12190,2231
4690,12192,2232
4502,12193,2233
4399,12194,2234
1918,12195,2235
2109,12198,2236
3075,12202,2237
4982,12206,2238
644,12209,2239
1353,12210,2240
1488,12211,2241
5323,12212,2242
4619,12213,2243
2955,12216,2244
2941,12219,2245
1562,12221,2246
2866,12223,2247
1536,12232,2248
2796,12233,2249
1739,12234,2250
3533,12235,2251
6118,12236,2252
1012,12239,2253
4483,12240,2254
4453,12241,2255
4930,12245,2256
627,12246,2257
3185,12252,2258
566,12257,2259
3669,12266,2260
3061,12268,2261
3592,12273,2262
1485,12276,2263
6115,12283,2264
1997,12287,2265
629,12289,2266
5491,12290,2267
3932,12312,2268
2020,12314,2269
4262,12316,2270
1960,12317,2271
1531,12322,2272
1247,12324,2273
182,12331,2274
5204,12344,2275
737,12348,2276
4480,12353,2277
3806,12364,2278
1924,12365,2279
3494,12375,2280
2593,12379,2281
886,12381,2282
4296,12384,2283
2633,12387,2284
2949,12389,2285
3561,12390,2286
2092,12402,2287
3059,12404,2288
5816,12406,2289
5613,12409,2290
1587,12410,2291
3230,12415,2292
663,12418,2293
3126,12420,2294
2607,12421,2295
3018,12422,2296
2192,12424,2297
5204,12426,2298
2052,12428,2299
5613,12429,2300
3054,12430,2301
4163,12432,2302
5474,12433,2303
2576,12434,2304
2248,12438,2305
4992,12442,2306
1612,12443,2307
5695,12444,2308
1473,12446,2309
4320,12448,2310
857,12451,2311
3020,12455,2312
2941,12458,2313
1704,12460,2314
1555,12463,2315
5723,12465,2316
5756,12467,2317
4165,12468,2318
4920,12469,2319
2620,12470,2320
4158,12473,2321
603,12478,2322
4684,12480,2323
3193,12482,2324
5363,12483,2325
3816,12485,2326
4887,12487,2327
2612,12490,2328
5691,12493,2329
2719,12494,2330
5031,12495,2331
6086,12496,2332
1359,12498,2333
75,12499,2334
5381,12504,2335
191,12505,2336
6020,12507,2337
3163,12508,2338
5613,12509,2339
4339,12512,2340
4132,12516,2341
2114,12519,2342
1970,12521,2343
441,12531,2344
1980,12534,2345
36,12535,2346
445,12547,2347
1691,12548,2348
737,12568,2349
5497,12569,2350
5291,12595,2351
5915,12610,2352
2194,12614,2353
1044,12615,2354
1157,12616,2355
3460,12626,2356
5723,12635,2357
4410,12638,2358
5023,12640,2359
2741,12641,2360
717,12642,2361
3856,12643,2362
2090,12646,2363
5319,12648,2364
5630,12649,2365
2583,12650,2366
3479,12651,2367
5824,12652,2368
184,12653,2369
2635,12661,2370
3065,12662,2371
2256,12666,2372
1778,12668,2373
5830,12671,2374
367,12673,2375
2098,12675,2376
1827,12676,2377
918,12677,2378
5566,12678,2379
1551,12681,2380
1216,12682,2381
2406,12683,2382
4514,12685,2383
4799,12686,2384
6080,12687,2385
5866,12689,2386
3660,12691,2387
1616,12692,2388
563,12701,2389
2941,12703,2390
2632,12705,2391
2807,12708,2392
3307,12711,2393
1246,12716,2394
4981,12717,2395
4456,12718,2396
5127,12719,2397
5674,12720,2398
6042,12725,2399
2637,12726,2400
5088,12728,2401
1632,12730,2402
1809,12731,2403
4504,12732,2404
5082,12734,2405
4555,12735,2406
3210,12738,2407
2631,12739,2408
3866,12741,2409
2127,12743,2410
670,12744,2411
3745,12745,2412
3518,12747,2413
5537,12748,2414
5533,12749,2415
4641,12751,2416
821,12755,2417
5791,12761,2418
409,12767,2419
1360,12777,2420
418,12780,2421
58,12781,2422
5774,12788,2423
3005,12794,2424
5538,12796,2425
194,12798,2426
3757,12799,2427
5060,12800,2428
3049,12804,2429
4361,12805,2430
5485,12823,2431
862,12828,2432
4345,12839,2433
5205,12841,2434
2612,12843,2435
3203,12847,2436
4566,12863,2437
5344,12865,2438
2238,12867,2439
3959,12869,2440
3812,12870,2441
3034,12873,2442
3076,12874,2443
975,12877,2444
4327,12880,2445
3903,12882,2446
2155,12883,2447
2222,12885,2448
4746,12889,2449
4447,12890,2450
1246,12895,2451
1546,12896,2452
1058,12898,2453
2577,12899,2454
3523,12902,2455
4526,12903,2456
4929,12906,2457
3049,12910,2458
4083,12912,2459
5984,12914,2460
2872,12916,2461
4571,12920,2462
5894,12921,2463
4034,12922,2464
2779,12924,2465
3078,12927,2466
5940,12928,2467
2791,12934,2468
1258,12939,2469
5134,12944,2470
1343,12947,2471
5832,12948,2472
1192,12950,2473
1758,12951,2474
5808,12953,2475
183,12954,2476
4327,12956,2477
3180,12958,2478
2573,12962,2479
6018,12967,2480
4672,12970,2481
383,12972,2482
2946,12973,2483
3399,12974,2484
2649,12978,2485
1124,12979,2486
4669,12985,2487
788,12986,2488
1606,12988,2489
347,12989,2490
4044,12992,2491
1316,12996,2492
3980,12997,2493
5995,12998,2494
5648,12999,2495
5205,13000,2496
2307,13005,2497
1670,13007,2498
1845,13008,2499
2924,13010,2500
3239,13012,2501
4874,13013,2502
1592,13014,2503
5300,13019,2504
4003,13022,2505
254,13025,2506
3077,13026,2507
1259,13030,2508
885,13031,2509
2765,13032,2510
74,13033,2511
1480,13035,2512
1618,13038,2513
2880,13039,2514
5088,13040,2515
3148,13043,2516
1677,13052,2517
1973,13054,2518
330,13062,2519
2050,13070,2520
4279,13072,2521
3492,13080,2522
2776,13083,2523
6040,13086,2524
1273,13097,2525
4637,13105,2526
3091,13113,2527
4686,13118,2528
3921,13119,2529
1679,13120,2530
5031,13125,2531
5766,13127,2532
3967,13130,2533
3146,13132,2534
4212,13133,2535
3232,13141,2536
2598,13143,2537
5475,13145,2538
4991,13153,2539
3624,13159,2540
3163,13164,2541
4773,13167,2542
2317,13168,2543
1171,13169,2544
3850,13171,2545
5045,13172,2546
4887,13176,2547
1619,13177,2548
3591,13178,2549
3584,13179,2550
2615,13182,2551
4976,13184,2552
2709,13185,2553
4536,13186,2554
3784,13187,2555
5,13188,2556
3113,13190,2557
6077,13192,2558
3061,13193,2559
6000,13194,2560
1131,13197,2561
1602,13198,2562
1891,13200,2563
5360,13201,2564
4765,13203,2565
3665,13206,2566
5027,13209,2567
3091,13210,2568
4940,13213,2569
4335,13215,2570
569,13217,2571
5606,13220,2572
5183,13224,2573
5487,13225,2574
5704,13227,2575
3599,13231,2576
1754,13232,2577
2142,13233,2578
5136,13234,2579
1367,13235,2580
2137,13241,2581
2291,13245,2582
1995,13246,2583
2610,13247,2584
2099,13248,2585
603,13250,2586
708,13257,2587
1104,13258,2588
4267,13259,2589
5759,13261,2590
2659,13262,2591
2235,13263,2592
641,13270,2593
941,13271,2594
1334,13272,2595
3207,13273,2596
4976,13280,2597
3673,13282,2598
1770,13285,2599
2259,13286,2600
5138,13287,2601
4664,13294,2602
4447,13297,2603
5156,13298,2604
2770,13300,2605
245,13303,2606
927,13304,2607
3582,13305,2608
3803,13309,2609
5544,13310,2610
3100,13313,2611
762,13320,2612
5194,13321,2613
5004,13322,2614
1126,13323,2615
1881,13328,2616
703,13338,2617
696,13341,2618
138,13346,2619
2089,13349,2620
2708,13351,2621
4225,13360,2622
4656,13363,2623
5532,13365,2624
198,13381,2625
6005,13384,2626
2435,13389,2627
2776,13402,2628
2065,13403,2629
68,13405,2630
2067,13407,2631
3854,13409,2632
727,13410,2633
3586,13412,2634
4684,13413,2635
4924,13417,2636
3856,13418,2637
4252,13419,2638
2317,13420,2639
4117,13427,2640
464,13428,2641
2581,13429,2642
244,13445,2643
1420,13450,2644
2188,13451,2645
5497,13452,2646
4445,13453,2647
1453,13455,2648
5174,13457,2649
5209,13458,2650
1332,13461,2651
1227,13462,2652
5507,13463,2653
4554,13464,2654
5997,13468,2655
71,13472,2656
2440,13475,2657
5138,13476,2658
5338,13477,2659
818,13479,2660
2267,13481,2661
1125,13484,2662
4969,13486,2663
483,13492,2664
4555,13493,2665
399,13494,2666
5759,13497,2667
3890,13498,2668
4915,13500,2669
5322,13501,2670
5196,13502,2671
183,13503,2672
1516,13505,2673
1986,13506,2674
2668,13507,2675
3453,13509,2676
2217,13511,2677
5578,13513,2678
3075,13515,2679
4887,13517,2680
3649,13518,2681
2549,13520,2682
4356,13521,2683
2248,13524,2684
1246,13527,2685
2781,13529,2686
663,13532,2687
4569,13533,2688
5861,13534,2689
5533,13535,2690
4907,13536,2691
5265,13538,2692
3025,13540,2693
6003,13541,2694
2773,13542,2695
2272,13543,2696
1109,13546,2697
1566,13547,2698
5848,13550,2699
3239,13551,2700
1572,13552,2701
2575,13554,2702
3447,13557,2703
3451,13560,2704
4139,13562,2705
1734,13564,2706
1359,13565,2707
5381,13567,2708
1117,13571,2709
4088,13572,2710
4651,13573,2711
1015,13574,2712
2703,13577,2713
1376,13579,2714
4272,13581,2715
3854,13588,2716
756,13590,2717
6104,13592,2718
4272,13596,2719
1637,13597,2720
1511,13599,2721
808,13600,2722
1785,13601,2723
1613,13604,2724
6078,13605,2725
4135,13606,2726
4384,13608,2727
1817,13610,2728
2628,13612,2729
5588,13613,2730
1357,13614,2731
198,13616,2732
4608,13619,2733
47,13622,2734
5069,13626,2735
2615,13635,2736
3359,13636,2737
5006,13637,2738
3040,13657,2739
1842,13658,2740
2597,13668,2741
1893,13669,2742
4259,13671,2743
4424,13682,2744
575,13686,2745
2982,13691,2746
4365,13694,2747
2826,13696,2748
2697,13698,2749
2889,13704,2750
5093,13707,2751
1244,13708,2752
2944,13712,2753
2061,13714,2754
1011,13724,2755
490,13739,2756
4448,13742,2757
1641,13744,2758
5308,13745,2759
5628,13746,2760
1800,13748,2761
1693,13750,2762
3537,13751,2763
3122,13753,2764
127,13754,2765
2252,13755,2766
5901,13761,2767
1972,13765,2768
4607,13768,2769
3410,13770,2770
1500,13772,2771
3598,13774,2772
6001,13775,2773
5496,13778,2774
4353,13779,2775
265,13781,2776
3799,13785,2777
2000,13787,2778
3125,13792,2779
2961,13793,2780
2209,13794,2781
3486,13795,2782
1595,13797,2783
6009,13800,2784
2963,13803,2785
4319,13805,2786
5997,13810,2787
3318,13811,2788
2197,13814,2789
447,13815,2790
1964,13816,2791
2309,13818,2792
4068,13826,2793
52,13828,2794
1768,13831,2795
1133,13835,2796
5094,13839,2797
3524,13840,2798
415,13842,2799
1758,13844,2800
5251,13845,2801
2989,13851,2802
4465,13852,2803
2922,13855,2804
2820,13857,2805
2096,13858,2806
4784,13859,2807
2074,13860,2808
660,13861,2809
913,13865,2810
5476,13866,2811
797,13867,2812
4383,13871,2813
5093,13873,2814
2181,13874,2815
1987,13875,2816
3628,13876,2817
2592,13877,2818
4680,13880,2819
5407,13882,2820
1766,13884,2821
2598,13887,2822
3042,13888,2823
4057,13894,2824
6001,13895,2825
2955,13899,2826
3322,13900,2827
3591,13902,2828
384,13906,2829
472,13908,2830
4161,13910,2831
2992,13915,2832
4453,13922,2833
1351,13923,2834
3453,13926,2835
3722,13935,2836
5779,13942,2837
1139,13943,2838
1502,13948,2839
5308,13961,2840
5275,13971,2841
3714,13974,2842
5188,13982,2843
2789,13983,2844
2707,13985,2845
391,13986,2846
1368,13989,2847
4849,13990,2848
4847,13993,2849
2075,13994,2850
6048,13996,2851
5803,13997,2852
3485,14000,2853
5038,14001,2854
3526,14002,2855
2285,14003,2856
845,14004,2857
6095,14006,2858
4535,14007,2859
4333,14008,2860
5098,14012,2861
606,14013,2862
2597,14015,2863
820,14019,2864
4911,14029,2865
1566,14036,2866
2889,14039,2867
5052,14040,2868
2701,14043,2869
1087,14045,2870
1125,14047,2871
5680,14049,2872
1551,14050,2873
21,14055,2874
4051,14057,2875
3875,14059,2876
941,14061,2877
5335,14063,2878
3392,14065,2879
1919,14066,2880
2618,14067,2881
2717,14068,2882
613,14072,2883
2786,14073,2884
3741,14075,2885
5830,14076,2886
528,14077,2887
410,14078,2888
4722,14079,2889
1769,14084,2890
1972,14085,2891
3556,14086,2892
4565,14087,2893
3021,14095,2894
2074,14097,2895
3223,14098,2896
2613,14099,2897
5377,14102,2898
4086,14104,2899
3164,14105,2900
4242,14108,2901
1621,14112,2902
361,14115,2903
2796,14116,2904
6104,14117,2905
2167,14118,2906
6042,14120,2907
5123,14121,2908
4802,14130,2909
1666,14131,2910
3414,14132,2911
2659,14133,2912
1771,14135,2913
2438,14138,2914
4217,14139,2915
2279,14140,2916
1888,14141,2917
1361,14144,2918
2600,14145,2919
1293,14146,2920
3355,14147,2921
2861,14154,2922
2142,14156,2923
2212,14157,2924
357,14159,2925
4999,14160,2926
3952,14161,2927
3203,14171,2928
6111,14172,2929
2848,14173,2930
2809,14176,2931
3805,14178,2932
1683,14183,2933
3757,14185,2934
788,14186,2935
4630,14187,2936
1313,14193,2937
843,14196,2938
4596,14197,2939
5766,14199,2940
2266,14204,2941
465,14205,2942
2889,14210,2943
5428,14214,2944
4564,14223,2945
916,14231,2946
4969,14259,2947
329,14261,2948
4291,14265,2949
2071,14266,2950
620,14267,2951
1972,14268,2952
5083,14269,2953
2315,14270,2954
2094,14277,2955
892,14278,2956
1516,14282,2957
1105,14294,2958
2259,14296,2959
6046,14301,2960
596,14311,2961
2097,14313,2962
358,14314,2963
2094,14315,2964
4727,14318,2965
6042,14322,2966
5610,14323,2967
1486,14324,2968
3970,14325,2969
216,14329,2970
4104,14334,2971
508,14338,2972
36,14339,2973
5143,14342,2974
3181,14343,2975
4581,14344,2976
777,14345,2977
3057,14346,2978
5327,14348,2979
1133,14350,2980
4225,14353,2981
4267,14360,2982
3767,14364,2983
596,14365,2984
5744,14366,2985
5828,14368,2986
4494,14369,2987
6076,14373,2988
1309,14374,2989
4493,14378,2990
1540,14383,2991
534,14384,2992
3973,14385,2993
1094,14388,2994
3092,14391,2995
2140,14393,2996
4466,14397,2997
4290,14400,2998
4143,14403,2999
4871,14405,3000
5084,14408,3001
1151,14409,3002
4688,14410,3003
3097,14413,3004
4954,14415,3005
5518,14417,3006
574,14418,3007
5596,14430,3008
2858,14434,3009
4976,14439,3010
4535,14443,3011
3350,14444,3012
1306,14445,3013
247,14448,3014
4695,14449,3015
2523,14452,3016
5497,14454,3017
3823,14455,3018
1113,14458,3019
3386,14459,3020
4964,14463,3021
236,14464,3022
4136,14465,3023
5407,14466,3024
5057,14467,3025
5134,14469,3026
5841,14470,3027
4698,14479,3028
4191,14480,3029
6111,14485,3030
354,14486,3031
3648,14491,3032
4471,14492,3033
4431,14494,3034
3518,14496,3035
3583,14499,3036
2200,14502,3037
1534,14510,3038
3065,14511,3039
2248,14513,3040
3631,14514,3041
5106,14515,3042
294,14539,3043
294,14543,3044
652,14554,3045
5078,14562,3046
4484,14568,3047
4154,14570,3048
3328,14571,3049
5712,14572,3050
5460,14577,3051
487,14579,3052
561,14580,3053
3857,14584,3054
252,14585,3055
5609,14587,3056
4741,14589,3057
5443,14590,3058
163,14591,3059
1447,14592,3060
3347,14606,3061
5117,14617,3062
5088,14619,3063
2499,14623,3064
16,14624,3065
662,14625,3066
5276,14626,3067
1536,14627,3068
4906,14628,3069
3264,14631,3070
4689,14632,3071
3589,14633,3072
186,14635,3073
5016,14639,3074
1287,14642,3075
3395,14643,3076
5577,14645,3077
1109,14647,3078
2658,14649,3079
1131,14657,3080
2568,14658,3081
3256,14659,3082
2306,14660,3083
811,14661,3084
802,14663,3085
3992,14666,3086
3982,14669,3087
5637,14672,3088
3551,14674,3089
1214,14676,3090
4190,14677,3091
2664,14678,3092
5345,14682,3093
3724,14683,3094
4413,14684,3095
4665,14687,3096
2365,14691,3097
2581,14694,3098
1445,14697,3099
504,14698,3100
4450,14701,3101
1435,14704,3102
444,14706,3103
5301,14707,3104
5595,14710,3105
2406,14711,3106
291,14713,3107
755,14716,3108
3978,14719,3109
5602,14722,3110
4574,14723,3111
2449,14724,3112
938,14725,3113
1264,14731,3114
6102,14732,3115
4511,14733,3116
4222,14738,3117
2841,14739,3118
1602,14741,3119
211,14743,3120
4095,14744,3121
3957,14747,3122
535,14749,3123
1392,14752,3124
3025,14755,3125
2499,14756,3126
1246,14757,3127
251,14760,3128
5613,14762,3129
5511,14763,3130
724,14765,3131
493,14766,3132
4664,14768,3133
2128,14769,3134
2620,14772,3135
4976,14777,3136
3503,14778,3137
1649,14779,3138
4924,14782,3139
109,14783,3140
3272,14786,3141
5781,14789,3142
6042,14790,3143
4024,14794,3144
1674,14795,3145
3630,14799,3146
145,14801,3147
3486,14806,3148
4853,14807,3149
4518,14812,3150
5586,14814,3151
529,14815,3152
5752,14817,3153
4824,14824,3154
1750,14833,3155
5389,14848,3156
1707,14853,3157
1545,14856,3158
2586,14861,3159
4264,14869,3160
2257,14876,3161
5722,14878,3162
5655,14879,3163
2169,14881,3164
5087,14883,3165
4371,14884,3166
5816,14892,3167
1846,14894,3168
1605,14897,3169
2600,14898,3170
3457,14899,3171
670,14909,3172
651,14917,3173
1081,14924,3174
61,14926,3175
2844,14931,3176
3310,14932,3177
4413,14933,3178
2613,14937,3179
3024,14938,3180
1738,14939,3181
3522,14942,3182
795,14944,3183
1485,14949,3184
5616,14951,3185
4964,14952,3186
1718,14954,3187
5901,14956,3188
4283,14957,3189
4745,14959,3190
5736,14964,3191
2955,14967,3192
871,14969,3193
1056,14970,3194
4326,14971,3195
4790,14972,3196
5394,14973,3197
1709,14974,3198
2171,14975,3199
4272,14977,3200
105,14979,3201
2523,14980,3202
4375,14981,3203
659,14983,3204
3716,14984,3205
4108,14986,3206
4954,14987,3207
3094,14988,3208
1733,14992,3209
1684,14993,3210
700,14994,3211
3245,15000,3212
287,15001,3213
885,15005,3214
1958,15006,3215
1809,15007,3216
6054,15008,3217
4854,15010,3218
519,15012,3219
21,15013,3220
5667,15015,3221
1572,15016,3222
5212,15017,3223
2993,15019,3224
1047,15021,3225
548,15024,3226
4476,15026,3227
931,15029,3228
2853,15031,3229
2996,15032,3230
6103,15034,3231
5983,15035,3232
4264,15039,3233
3149,15041,3234
2669,15047,3235
2947,15055,3236
305,15059,3237
1196,15060,3238
4353,15062,3239
5720,15064,3240
2776,15065,3241
4272,15066,3242
4144,15067,3243
1563,15068,3244
1399,15070,3245
1827,15071,3246
996,15077,3247
4076,15080,3248
3103,15081,3249
5740,15084,3250
1123,15087,3251
3684,15091,3252
1882,15093,3253
5327,15095,3254
2034,15098,3255
3595,15099,3256
2598,15100,3257
3834,15101,3258
5696,15102,3259
787,15107,3260
3400,15108,3261
4591,15109,3262
2614,15111,3263
805,15112,3264
3014,15117,3265
1398,15123,3266
4061,15135,3267
1293,15139,3268
177,15142,3269
2545,15145,3270
1710,15166,3271
25,15180,3272
1293,15181,3273
2881,15183,3274
1564,15185,3275
5411,15186,3276
3228,15188,3277
504,15191,3278
2847,15194,3279
287,15196,3280
2570,15198,3281
5860,15199,3282
5346,15208,3283
3600,15220,3284
6017,15221,3285
5386,15222,3286
4690,15223,3287
4513,15225,3288
2997,15226,3289
97,15228,3290
41,15231,3291
3913,15236,3292
866,15237,3293
2682,15243,3294
2232,15244,3295
5449,15245,3296
2871,15246,3297
1197,15249,3298
4241,15253,3299
4575,15254,3300
4859,15255,3301
425,15263,3302
5055,15264,3303
788,15265,3304
2636,15266,3305
5579,15267,3306
5085,15268,3307
5946,15269,3308
5807,15271,3309
1842,15272,3310
4561,15273,3311
4977,15274,3312
728,15275,3313
4330,15281,3314
1799,15290,3315
3693,15291,3316
3798,15294,3317
2829,15295,3318
5808,15296,3319
2190,15298,3320
5275,15300,3321
5031,15301,3322
2517,15303,3323
5182,15304,3324
3666,15309,3325
878,15311,3326
19,15312,3327
5082,15314,3328
5214,15315,3329
2725,15316,3330
145,15317,3331
916,15319,3332
803,15320,3333
1435,15324,3334
3107,15325,3335
4907,15330,3336
1871,15333,3337
3866,15335,3338
3083,15336,3339
3189,15337,3340
5502,15338,3341
4323,15339,3342
4616,15343,3343
1463,15345,3344
5153,15346,3345
3360,15352,3346
4165,15355,3347
4899,15357,3348
5395,15360,3349
2223,15363,3350
4727,15365,3351
5039,15366,3352
4818,15367,3353
1473,15369,3354
3112,15370,3355
781,15375,3356
2195,15377,3357
1182,15378,3358
4976,15379,3359
4467,15383,3360
2363,15387,3361
3229,15388,3362
5593,15391,3363
1772,15393,3364
2615,15396,3365
4596,15398,3366
4310,15400,3367
4721,15401,3368
3320,15402,3369
3914,15405,3370
2354,15407,3371
5157,15412,3372
1512,15416,3373
1915,15419,3374
5264,15424,3375
3921,15430,3376
6025,15436,3377
2271,15461,3378
3632,15465,3379
1144,15469,3380
1406,15479,3381
162,15481,3382
5862,15485,3383
113,15488,3384
728,15490,3385
3877,15491,3386
6001,15492,3387
3055,15493,3388
4721,15496,3389
415,15498,3390
5047,15499,3391
2970,15501,3392
5200,15502,3393
5708,15508,3394
1332,15510,3395
5031,15528,3396
5721,15529,3397
624,15530,3398
3600,15531,3399
1216,15532,3400
6042,15534,3401
2604,15537,3402
74,15538,3403
2263,15539,3404
1632,15540,3405
5744,15541,3406
4509,15544,3407
2898,15545,3408
2889,15547,3409
5722,15548,3410
2607,15550,3411
2725,15551,3412
804,15553,3413
3720,15555,3414
1366,15556,3415
1246,15557,3416
3076,15558,3417
6001,15561,3418
5613,15562,3419
3842,15563,3420
145,15565,3421
316,15566,3422
3113,15568,3423
5638,15569,3424
493,15571,3425
5468,15572,3426
4649,15574,3427
5920,15575,3428
4333,15576,3429
3174,15577,3430
5044,15582,3431
4746,15583,3432
3486,15584,3433
787,15585,3434
3830,15587,3435
4410,15588,3436
4546,15590,3437
5333,15592,3438
183,15593,3439
3177,15594,3440
5727,15595,3441
4821,15598,3442
4717,15602,3443
5690,15605,3444
4776,15606,3445
3882,15608,3446
386,15612,3447
3389,15613,3448
1577,15614,3449
2506,15615,3450
1761,15616,3451
2318,15623,3452
1566,15627,3453
1621,15630,3454
4437,15632,3455
5093,15634,3456
5802,15635,3457
4453,15636,3458
6042,15638,3459
5023,15640,3460
5352,15645,3461
3638,15647,3462
2275,15650,3463
479,15651,3464
3984,15653,3465
4030,15654,3466
2518,15657,3467
5495,15659,3468
4820,15660,3469
3343,15661,3470
5953,15662,3471
1855,15663,3472
389,15664,3473
3776,15668,3474
5693,15669,3475
4504,15671,3476
3582,15673,3477
1197,15677,3478
3146,15678,3479
661,15682,3480
3731,15685,3481
2594,15687,3482
2418,15690,3483
1227,15696,3484
2510,15697,3485
1665,15700,3486
1517,15701,3487
2182,15703,3488
4115,15704,3489
1407,15706,3490
1650,15707,3491
4179,15709,3492
426,15711,3493
5221,15713,3494
3994,15723,3495
2400,15728,3496
5799,15729,3497
2771,15730,3498
3854,15734,3499
1497,15738,3500
5611,15740,3501
5004,15743,3502
2999,15744,3503
97,15745,3504
5618,15746,3505
2609,15747,3506
917,15749,3507
4213,15752,3508
1500,15754,3509
5455,15755,3510
2314,15756,3511
4266,15758,3512
6004,15760,3513
4384,15764,3514
4601,15766,3515
2378,15769,3516
3806,15770,3517
5927,15773,3518
667,15776,3519
3282,15779,3520
4286,15782,3521
5005,15786,3522
1595,15788,3523
3580,15791,3524
5955,15794,3525
5795,15800,3526
4236,15802,3527
4877,15807,3528
2952,15811,3529
1372,15817,3530
1044,15821,3531
6002,15833,3532
341,15836,3533
4498,15838,3534
4710,15843,3535
1441,15847,3536
1348,15851,3537
5533,15854,3538
353,15857,3539
5110,15860,3540
3593,15862,3541
2907,15863,3542
790,15864,3543
2089,15865,3544
5358,15867,3545
1293,15869,3546
4319,15870,3547
1307,15872,3548
1511,15873,3549
4669,15874,3550
5114,15875,3551
5052,15876,3552
2458,15878,3553
5358,15897,3554
5533,15904,3555
4161,15905,3556
5023,15911,3557
1388,15912,3558
5128,15915,3559
4706,15916,3560
425,15917,3561
3448,15919,3562
342,15920,3563
4506,15921,3564
2386,15922,3565
3893,15923,3566
5168,15928,3567
5670,15930,3568
1460,15931,3569
1598,15932,3570
4664,15934,3571
5912,15936,3572
5960,15937,3573
6074,15938,3574
3029,15939,3575
4334,15940,3576
6068,15944,3577
4959,15945,3578
5794,15948,3579
4777,15950,3580
1780,15952,3581
1,15954,3582
5766,15955,3583
2982,15956,3584
1827,15958,3585
2318,15960,3586
5270,15961,3587
2369,15963,3588
3173,15964,3589
4961,15965,3590
1026,15967,3591
5995,15970,3592
4631,15971,3593
1004,15972,3594
3879,15973,3595
4768,15974,3596
5297,15975,3597
2314,15978,3598
953,15981,3599
2303,15985,3600
2719,15986,3601
3757,15989,3602
3805,15990,3603
3672,15991,3604
6000,15992,3605
1610,15995,3606
4469,15998,3607
2251,16001,3608
4543,16003,3609
5484,16004,3610
347,16007,3611
3291,16013,3612
5179,16014,3613
3884,16015,3614
3754,16017,3615
1374,16019,3616
1584,16020,3617
4664,16022,3618
1301,16023,3619
5863,16025,3620
5139,16030,3621
3785,16031,3622
4362,16033,3623
224,16034,3624
2681,16040,3625
3707,16041,3626
1117,16045,3627
2707,16046,3628
3805,16051,3629
430,16052,3630
1605,16054,3631
5708,16056,3632
1670,16059,3633
2612,16060,3634
3651,16062,3635
2240,16063,3636
4566,16066,3637
101,16067,3638
5361,16069,3639
1964,16070,3640
1087,16071,3641
5724,16074,3642
5815,16075,3643
1941,16078,3644
1421,16079,3645
4698,16080,3646
1497,16081,3647
1048,16083,3648
495,16085,3649
1700,16086,3650
3831,16088,3651
474,16094,3652
5396,16095,3653
3726,16102,3654
214,16103,3655
5429,16104,3656
2661,16105,3657
5435,16106,3658
2355,16107,3659
3923,16108,3660
508,16110,3661
794,16111,3662
4711,16114,3663
5528,16118,3664
2126,16119,3665
3408,16123,3666
164,16124,3667
4820,16125,3668
788,16128,3669
1197,16129,3670
611,16131,3671
745,16133,3672
5212,16136,3673
2344,16137,3674
5476,16138,3675
3273,16140,3676
4209,16146,3677
357,16148,3678
2775,16150,3679
5648,16152,3680
2121,16153,3681
5719,16155,3682
3142,16157,3683
1630,16174,3684
1234,16179,3685
499,16182,3686
3625,16200,3687
4447,16220,3688
3107,16226,3689
4180,16227,3690
3322,16229,3691
4457,16230,3692
1604,16231,3693
52,16232,3694
2300,16236,3695
781,16237,3696
2768,16238,3697
2612,16239,3698
2090,16240,3699
4376,16241,3700
4986,16242,3701
3010,16250,3702
938,16251,3703
5500,16258,3704
472,16260,3705
1367,16273,3706
1647,16274,3707
5536,16276,3708
4503,16277,3709
3615,16279,3710
1083,16281,3711
1389,16282,3712
2356,16283,3713
571,16284,3714
2612,16286,3715
5309,16288,3716
4333,16290,3717
5093,16293,3718
1872,16296,3719
6000,16297,3720
2740,16298,3721
2976,16299,3722
4566,16301,3723
5539,16303,3724
2229,16305,3725
122,16306,3726
3146,16309,3727
724,16311,3728
3854,16314,3729
1732,16316,3730
634,16318,3731
5729,16319,3732
4598,16321,3733
2255,16323,3734
4051,16327,3735
5166,16328,3736
3613,16329,3737
164,16330,3738
2962,16332,3739
4778,16333,3740
1210,16334,3741
4958,16338,3742
3098,16339,3743
4433,16340,3744
5572,16346,3745
3628,16350,3746
4005,16351,3747
3102,16352,3748
3912,16355,3749
4527,16360,3750
4233,16365,3751
2950,16366,3752
1074,16368,3753
4123,16370,3754
5074,16371,3755
3094,16372,3756
3156,16374,3757
5625,16375,3758
540,16377,3759
3050,16379,3760
2443,16380,3761
548,16382,3762
5397,16385,3763
769,16388,3764
591,16389,3765
3866,16390,3766
2799,16391,3767
1616,16393,3768
1602,16395,3769
3644,16396,3770
5612,16399,3771
2948,16400,3772
4234,16405,3773
3457,16407,3774
5212,16408,3775
4800,16411,3776
645,16412,3777
6000,16413,3778
1114,16414,3779
1247,16416,3780
3488,16417,3781
2930,16418,3782
4272,16423,3783
3976,16424,3784
1544,16425,3785
3811,16427,3786
2958,16431,3787
2650,16432,3788
467,16433,3789
5839,16434,3790
3218,16435,3791
5970,16438,3792
4447,16441,3793
5819,16442,3794
5376,16446,3795
4924,16447,3796
1473,16448,3797
2579,16453,3798
3240,16455,3799
1854,16457,3800
979,16458,3801
1796,16460,3802
2601,16461,3803
4445,16464,3804
5026,16466,3805
758,16470,3806
4895,16472,3807
1213,16480,3808
676,16483,3809
5901,16484,3810
3135,16488,3811
5503,16490,3812
4220,16491,3813
962,16496,3814
1246,16498,3815
1754,16499,3816
5723,16500,3817
4001,16501,3818
242,16502,3819
4998,16504,3820
4230,16505,3821
619,16506,3822
2838,16507,3823
1765,16508,3824
3013,16509,3825
5683,16511,3826
297,16512,3827
2753,16513,3828
2182,16514,3829
4611,16518,3830
5128,16522,3831
6075,16525,3832
3762,16531,3833
5041,16532,3834
2719,16533,3835
4066,16536,3836
5862,16537,3837
816,16540,3838
463,16545,3839
4316,16551,3840
2530,16553,3841
5099,16554,3842
4108,16557,3843
4331,16559,3844
2946,16561,3845
15,16574,3846
4165,16578,3847
5781,16579,3848
5883,16580,3849
2517,16586,3850
2708,16590,3851
599,16597,3852
828,16609,3853
5039,16614,3854
2631,16616,3855
5216,16617,3856
2969,16618,3857
4793,16619,3858
1093,16621,3859
5115,16622,3860
2059,16624,3861
5082,16625,3862
5046,16626,3863
1177,16627,3864
4006,16628,3865
1973,16631,3866
2236,16637,3867
3028,16653,3868
1915,16654,3869
5317,16658,3870
4447,16659,3871
4310,16660,3872
4064,16662,3873
3684,16663,3874
3922,16665,3875
2835,16667,3876
1602,16668,3877
2925,16671,3878
51,16675,3879
1297,16677,3880
836,16682,3881
5098,16683,3882
1098,16685,3883
4301,16687,3884
2073,16688,3885
5120,16690,3886
4008,16694,3887
4792,16698,3888
3125,16699,3889
5755,16700,3890
2013,16701,3891
3580,16704,3892
5047,16705,3893
3026,16706,3894
3726,16707,3895
750,16708,3896
3975,16711,3897
6000,16712,3898
1619,16714,3899
1743,16715,3900
3438,16716,3901
2311,16719,3902
4000,16721,3903
7,16722,3904
5831,16723,3905
5136,16725,3906
3267,16728,3907
4615,16731,3908
5614,16733,3909
2936,16735,3910
342,16744,3911
5842,16746,3912
1086,16748,3913
2030,16751,3914
3800,16752,3915
3591,16753,3916
4598,16757,3917
1083,16758,3918
4460,16760,3919
2813,16765,3920
962,16766,3921
1323,16769,3922
3413,16775,3923
5533,16777,3924
2922,16779,3925
4384,16784,3926
3832,16785,3927
2621,16790,3928
145,16791,3929
3350,16792,3930
1729,16793,3931
6003,16798,3932
745,16799,3933
3319,16800,3934
5074,16801,3935
609,16802,3936
4471,16806,3937
4333,16809,3938
5631,16811,3939
2749,16813,3940
160,16815,3941
858,16817,3942
4331,16818,3943
2465,16819,3944
4233,16820,3945
516,16821,3946
3213,16823,3947
3167,16828,3948
5901,16829,3949
5036,16830,3950
4080,16831,3951
4900,16832,3952
3992,16836,3953
4863,16841,3954
2677,16843,3955
1586,16844,3956
5340,16845,3957
5330,16853,3958
57,16855,3959
3827,16858,3960
3193,16859,3961
1456,16860,3962
4690,16861,3963
1682,16863,3964
502,16865,3965
3397,16866,3966
412,16870,3967
5152,16871,3968
1913,16872,3969
5801,16876,3970
1238,16881,3971
3855,16883,3972
4163,16886,3973
3018,16887,3974
49,16888,3975
5808,16890,3976
5703,16892,3977
1276,16893,3978
1109,16898,3979
866,16899,3980
3006,16900,3981
1099,16903,3982
199,16904,3983
1534,16906,3984
2828,16908,3985
5418,16909,3986
2163,16912,3987
3401,16915,3988
2120,16916,3989
572,16917,3990
2428,16918,3991
3666,16922,3992
619,16923,3993
4774,16931,3994
2585,16936,3995
5765,16957,3996
4613,16964,3997
69,16981,3998
3357,16986,3999
2977,16989,4000
2280,16992,4001
5797,16995,4002
1757,16998,4003
4746,17000,4004
4448,17001,4005
4098,17021,4006
4729,17029,4007
3936,17031,4008
3404,17032,4009
2279,17034,4010
2259,17035,4011
1019,17037,4012
2284,17039,4013
665,17040,4014
2345,17041,4015
4000,17042,4016
1407,17044,4017
312,17046,4018
5759,17047,4019
3857,17050,4020
3854,17052,4021
5134,17053,4022
3167,17057,4023
1536,17058,4024
4331,17059,4025
4763,17060,4026
3420,17062,4027
208,17063,4028
4118,17064,4029
2929,17065,4030
502,17066,4031
798,17067,4032
795,17068,4033
5683,17070,4034
841,17072,4035
2155,17076,4036
4741,17077,4037
5684,17078,4038
1162,17081,4039
2224,17082,4040
2558,17083,4041
5916,17085,4042
3051,17086,4043
1231,17087,4044
3934,17088,4045
4514,17090,4046
1972,17091,4047
1761,17092,4048
2402,17095,4049
3580,17097,4050
1596,17101,4051
5286,17103,4052
1479,17104,4053
3777,17105,4054
4474,17106,4055
1567,17110,4056
2351,17112,4057
4689,17115,4058
2376,17117,4059
3125,17118,4060
4165,17119,4061
2356,17120,4062
462,17121,4063
6042,17122,4064
2406,17123,4065
2420,17125,4066
408,17129,4067
1779,17135,4068
1480,17137,4069
5069,17138,4070
3388,17140,4071
2660,17143,4072
2065,17144,4073
4193,17147,4074
3942,17149,4075
5083,17151,4076
5949,17155,4077
1536,17159,4078
962,17163,4079
3434,17166,4080
3447,17167,4081
3833,17168,4082
2050,17169,4083
3470,17170,4084
205,17171,4085
5354,17172,4086
3853,17178,4087
5477,17180,4088
2166,17181,4089
5276,17182,4090
3451,17183,4091
2885,17186,4092
883,17188,4093
5124,17189,4094
75,17190,4095
2351,17191,4096
183,17192,4097
4725,17194,4098
3125,17196,4099
3807,17198,4100
5743,17199,4101
2971,17202,4102
6089,17204,4103
3955,17207,4104
6001,17208,4105
4539,17210,4106
1203,17212,4107
5554,17213,4108
747,17215,4109
2712,17216,4110
1944,17221,4111
5113,17222,4112
5010,17223,4113
2937,17224,4114
2427,17227,4115
1121,17228,4116
1737,17231,4117
795,17234,4118
3451,17235,4119
6023,17238,4120
1304,17240,4121
5262,17241,4122
1593,17243,4123
771,17244,4124
4090,17245,4125
3336,17249,4126
1928,17253,4127
236,17255,4128
1153,17257,4129
2788,17259,4130
5857,17261,4131
3042,17264,4132
5615,17265,4133
580,17266,4134
4683,17269,4135
3907,17273,4136
2162,17274,4137
1660,17286,4138
3486,17293,4139
4690,17294,4140
1237,17301,4141
1553,17306,4142
182,17308,4143
4204,17310,4144
838,17312,4145
2842,17313,4146
5467,17315,4147
2606,17316,4148
2705,17322,4149
4739,17323,4150
5465,17326,4151
1379,17335,4152
4108,17339,4153
2603,17340,4154
836,17341,4155
2794,17343,4156
4923,17345,4157
4450,17346,4158
1409,17349,4159
2095,17353,4160
1612,17356,4161
118,17357,4162
2100,17359,4163
3258,17363,4164
4518,17364,4165
3715,17365,4166
5395,17366,4167
3321,17368,4168
398,17370,4169
3039,17372,4170
574,17374,4171
3480,17375,4172
2216,17376,4173
5285,17377,4174
5776,17378,4175
928,17381,4176
5866,17382,4177
3780,17383,4178
5024,17385,4179
4588,17392,4180
3673,17393,4181
704,17394,4182
5886,17395,4183
4573,17396,4184
4293,17397,4185
2507,17399,4186
3380,17402,4187
2419,17403,4188
4964,17404,4189
4174,17405,4190
3200,17407,4191
5354,17408,4192
4721,17409,4193
5396,17410,4194
1246,17414,4195
4327,17416,4196
1725,17419,4197
4959,17421,4198
5752,17422,4199
3618,17423,4200
5740,17426,4201
578,17427,4202
1559,17428,4203
4721,17429,4204
2499,17430,4205
201,17431,4206
1940,17434,4207
1450,17436,4208
1997,17437,4209
1794,17440,4210
4272,17442,4211
5613,17443,4212
5139,17445,4213
5128,17446,4214
4257,17450,4215
6086,17451,4216
2851,17452,4217
2390,17453,4218
1964,17455,4219
1567,17456,4220
1233,17458,4221
2378,17459,4222
3869,17461,4223
4221,17465,4224
2372,17467,4225
4384,17468,4226
2722,17469,4227
5920,17472,4228
3862,17473,4229
4011,17474,4230
24,17475,4231
1740,17476,4232
804,17479,4233
3000,17480,4234
4140,17481,4235
5259,17484,4236
5808,17485,4237
892,17486,4238
4435,17487,4239
3166,17490,4240
6118,17493,4241
783,17494,4242
2818,17496,4243
5262,17497,4244
2982,17498,4245
4126,17501,4246
4196,17505,4247
1007,17508,4248
1779,17509,4249
4853,17510,4250
2602,17511,4251
20,17518,4252
5771,17520,4253
3041,17524,4254
3103,17525,4255
4508,17526,4256
3738,17527,4257
484,17528,4258
1396,17535,4259
803,17538,4260
5132,17539,4261
3504,17540,4262
5666,17543,4263
3674,17547,4264
137,17548,4265
4260,17549,4266
1538,17552,4267
4688,17557,4268
1065,17558,4269
358,17559,4270
546,17560,4271
4136,17566,4272
5027,17568,4273
5080,17570,4274
4903,17574,4275
2351,17577,4276
4512,17579,4277
3441,17580,4278
5636,17581,4279
79,17584,4280
2771,17585,4281
5099,17590,4282
2831,17592,4283
2189,17594,4284
4499,17596,4285
1765,17597,4286
4154,17599,4287
5807,17600,4288
5146,17601,4289
5023,17603,4290
5614,17604,4291
5941,17605,4292
999,17606,4293
3856,17608,4294
3860,17609,4295
2386,17615,4296
1199,17617,4297
4461,17618,4298
1638,17619,4299
4787,17620,4300
845,17622,4301
2582,17623,4302
3623,17625,4303
2199,17627,4304
4899,17628,4305
5062,17629,4306
6045,17630,4307
3844,17631,4308
264,17632,4309
1612,17639,4310
1094,17642,4311
2388,17644,4312
4183,17647,4313
3065,17648,4314
4328,17649,4315
1414,17650,4316
3721,17653,4317
2905,17654,4318
378,17655,4319
4965,17656,4320
871,17658,4321
5354,17662,4322
65,17667,4323
5288,17671,4324
5309,17677,4325
936,17705,4326
5354,17708,4327
4667,17711,4328
3310,17712,4329
1735,17713,4330
5327,17715,4331
3681,17716,4332
2698,17717,4333
1031,17718,4334
485,17720,4335
3620,17721,4336
1124,17722,4337
5397,17723,4338
1603,17724,4339
467,17728,4340
66,17729,4341
1317,17730,4342
1671,17733,4343
2189,17734,4344
3497,17736,4345
1422,17737,4346
3220,17740,4347
4484,17741,4348
4535,17742,4349
3272,17744,4350
4803,17747,4351
1490,17748,4352
3954,17751,4353
4223,17752,4354
2910,17753,4355
3161,17754,4356
4253,17755,4357
2726,17759,4358
3103,17760,4359
4575,17761,4360
2187,17762,4361
1579,17765,4362
1809,17766,4363
1125,17767,4364
1318,17768,4365
2341,17770,4366
1937,17772,4367
5987,17773,4368
2774,17774,4369
4807,17775,4370
1207,17776,4371
5834,17778,4372
3234,17780,4373
373,17783,4374
3180,17784,4375
4569,17785,4376
5777,17786,4377
4322,17787,4378
1727,17788,4379
3091,17789,4380
6042,17790,4381
1274,17792,4382
5085,17794,4383
5004,17797,4384
5476,17799,4385
1972,17801,4386
2283,17802,4387
1740,17803,4388
5719,17804,4389
2244,17805,4390
619,17806,4391
4640,17807,4392
5098,17808,4393
3313,17809,4394
2311,17812,4395
5938,17815,4396
1800,17817,4397
4410,17818,4398
1454,17819,4399
5027,17823,4400
4429,17824,4401
800,17825,4402
3936,17826,4403
2407,17828,4404
3122,17830,4405
5752,17832,4406
1497,17834,4407
4539,17838,4408
5421,17843,4409
5613,17844,4410
5407,17845,4411
1344,17847,4412
2298,17848,4413
4136,17850,4414
5515,17851,4415
1147,17852,4416
5520,17853,4417
1776,17855,4418
5150,17858,4419
4946,17859,4420
956,17861,4421
2523,17862,4422
690,17863,4423
4681,17865,4424
3518,17867,4425
2090,17869,4426
624,17870,4427
3313,17871,4428
5107,17877,4429
2280,17881,4430
2918,17883,4431
5420,17884,4432
799,17885,4433
4445,17888,4434
3201,17889,4435
2980,17894,4436
2554,17895,4437
6016,17897,4438
714,17899,4439
1685,17900,4440
4108,17901,4441
5431,17902,4442
604,17904,4443
2822,17909,4444
2604,17910,4445
1578,17911,4446
4724,17912,4447
2849,17913,4448
1112,17917,4449
6083,17920,4450
3276,17921,4451
5317,17922,4452
5025,17923,4453
2833,17927,4454
3982,17930,4455
839,17932,4456
2189,17933,4457
3983,17934,4458
5077,17935,4459
1763,17937,4460
911,17938,4461
3134,17939,4462
4391,17943,4463
1915,17944,4464
1019,17945,4465
913,17950,4466
5721,17952,4467
189,17953,4468
5182,17954,4469
189,17956,4470
942,17958,4471
2958,17959,4472
3801,17961,4473
1679,17963,4474
4012,17964,4475
5497,17965,4476
5622,17966,4477
5999,17967,4478
4746,17968,4479
5997,17971,4480
5816,17973,4481
208,17975,4482
885,17976,4483
1169,17977,4484
3564,17978,4485
1041,17979,4486
4940,17980,4487
5845,17984,4488
4448,17986,4489
3518,17987,4490
5600,17988,4491
1819,17989,4492
347,17990,4493
4326,17993,4494
871,17994,4495
4849,17997,4496
2637,17998,4497
3848,17999,4498
3447,18000,4499
1444,18003,4500
4136,18005,4501
3988,18010,4502
4580,18012,4503
326,18016,4504
4216,18020,4505
1566,18021,4506
1687,18022,4507
5520,18030,4508
586,18037,4509
1670,18038,4510
4349,18040,4511
5348,18042,4512
5570,18052,4513
1616,18058,4514
2406,18060,4515
734,18061,4516
977,18062,4517
5139,18063,4518
2492,18065,4519
3831,18066,4520
2146,18068,4521
688,18069,4522
5146,18072,4523
5718,18076,4524
5850,18077,4525
3068,18078,4526
5088,18079,4527
5755,18081,4528
3419,18082,4529
2892,18083,4530
2654,18085,4531
4325,18086,4532
2056,18088,4533
721,18090,4534
4977,18091,4535
4576,18092,4536
3467,18093,4537
3091,18094,4538
2161,18095,4539
1041,18096,4540
369,18097,4541
2815,18098,4542
6109,18099,4543
3840,18100,4544
3031,18102,4545
3110,18103,4546
991,18106,4547
5221,18108,4548
1535,18109,4549
692,18110,4550
640,18111,4551
5525,18112,4552
851,18113,4553
2507,18116,4554
4663,18117,4555
5266,18118,4556
4259,18121,4557
5397,18122,4558
133,18123,4559
1890,18125,4560
1699,18128,4561
4441,18129,4562
4672,18130,4563
3798,18132,4564
4000,18133,4565
5825,18134,4566
2130,18135,4567
5708,18136,4568
1288,18138,4569
2392,18139,4570
809,18140,4571
4610,18141,4572
425,18145,4573
2403,18146,4574
3808,18153,4575
4824,18156,4576
3805,18157,4577
1437,18160,4578
2816,18161,4579
4012,18163,4580
3380,18164,4581
980,18165,4582
2189,18166,4583
702,18167,4584
3514,18176,4585
1300,18180,4586
574,18181,4587
1600,18184,4588
2169,18186,4589
2917,18189,4590
2323,18190,4591
3982,18193,4592
2629,18195,4593
2982,18198,4594
537,18199,4595
5590,18200,4596
3888,18205,4597
4980,18208,4598
5466,18209,4599
1308,18210,4600
996,18211,4601
1382,18212,4602
5360,18213,4603
2740,18215,4604
276,18216,4605
3169,18218,4606
1202,18220,4607
3178,18224,4608
5407,18226,4609
1931,18227,4610
5901,18231,4611
3767,18232,4612
2010,18233,4613
5765,18234,4614
5393,18235,4615
2567,18236,4616
1480,18239,4617
4280,18240,4618
1728,18242,4619
4084,18248,4620
1121,18249,4621
542,18251,4622
1095,18252,4623
2412,18253,4624
3052,18254,4625
663,18255,4626
4409,18259,4627
1191,18260,4628
3804,18264,4629
5826,18267,4630
3819,18270,4631
21,18272,4632
5337,18274,4633
1410,18275,4634
5245,18277,4635
1096,18282,4636
2356,18284,4637
923,18285,4638
5496,18290,4639
4820,18291,4640
3078,18292,4641
5613,18293,4642
5065,18294,4643
5379,18296,4644
4820,18297,4645
3056,18298,4646
1140,18299,4647
3887,18304,4648
4199,18305,4649
3649,18306,4650
905,18308,4651
4150,18309,4652
2715,18310,4653
6073,18311,4654
774,18312,4655
3015,18313,4656
2033,18314,4657
1587,18315,4658
3995,18316,4659
626,18317,4660
4579,18319,4661
4445,18320,4662
696,18321,4663
5586,18322,4664
5079,18324,4665
462,18331,4666
2927,18333,4667
2035,18334,4668
4262,18336,4669
4509,18337,4670
171,18338,4671
1181,18340,4672
1404,18341,4673
2633,18343,4674
3605,18344,4675
63,18346,4676
781,18347,4677
5759,18350,4678
1178,18354,4679
4685,18363,4680
1511,18364,4681
959,18372,4682
3450,18373,4683
1055,18375,4684
4165,18376,4685
2101,18380,4686
3578,18381,4687
5292,18382,4688
798,18385,4689
558,18387,4690
3659,18388,4691
3027,18390,4692
4225,18391,4693
4272,18392,4694
4619,18393,4695
5838,18394,4696
5475,18396,4697
4912,18397,4698
4330,18399,4699
4924,18400,4700
377,18404,4701
5559,18405,4702
4662,18406,4703
3689,18407,4704
1201,18409,4705
1643,18412,4706
945,18415,4707
4151,18416,4708
3600,18419,4709
2232,18420,4710
3854,18422,4711
5004,18423,4712
5044,18425,4713
2612,18426,4714
3600,18427,4715
2075,18431,4716
3080,18432,4717
3007,18433,4718
2869,18434,4719
5150,18435,4720
6001,18436,4721
3681,18437,4722
928,18438,4723
2987,18439,4724
4746,18440,4725
4369,18442,4726
2629,18443,4727
4921,18444,4728
2580,18445,4729
1575,18446,4730
1166,18447,4731
5562,18448,4732
210,18451,4733
900,18452,4734
4679,18453,4735
1587,18454,4736
1641,18455,4737
4834,18457,4738
3586,18458,4739
2128,18459,4740
4830,18460,4741
4650,18461,4742
1794,18462,4743
255,18463,4744
4353,18464,4745
772,18466,4746
2345,18471,4747
2258,18472,4748
1619,18474,4749
103,18478,4750
1828,18479,4751
996,18480,4752
1367,18481,4753
5976,18482,4754
3474,18483,4755
4956,18487,4756
5158,18489,4757
769,18490,4758
5082,18492,4759
6014,18493,4760
1383,18495,4761
4797,18497,4762
5427,18498,4763
3485,18499,4764
2309,18500,4765
3486,18501,4766
693,18504,4767
5641,18505,4768
1736,18511,4769
3458,18512,4770
1445,18513,4771
5136,18514,4772
514,18515,4773
4532,18516,4774
2426,18517,4775
2198,18519,4776
2389,18521,4777
4383,18525,4778
2524,18527,4779
899,18529,4780
4040,18533,4781
171,18534,4782
5901,18536,4783
695,18538,4784
5252,18540,4785
2494,18542,4786
6109,18543,4787
2289,18544,4788
5596,18545,4789
4611,18549,4790
5475,18550,4791
3230,18553,4792
197,18554,4793
4786,18556,4794
3486,18557,4795
3024,18560,4796
5767,18563,4797
49,18564,4798
916,18567,4799
6030,18568,4800
2259,18571,4801
1915,18572,4802
4183,18574,4803
3252,18576,4804
2196,18579,4805
1397,18585,4806
6031,18589,4807
1265,18590,4808
458,18591,4809
787,18592,4810
574,18593,4811
5586,18594,4812
3875,18599,4813
4304,18601,4814
2049,18603,4815
3163,18607,4816
4924,18609,4817
5756,18610,4818
4535,18611,4819
422,18614,4820
70,18615,4821
3394,18618,4822
5514,18620,4823
2253,18623,4824
5623,18625,4825
4745,18629,4826
2977,18632,4827
4971,18636,4828
3600,18641,4829
1540,18645,4830
5613,18647,4831
3300,18648,4832
5145,18649,4833
1372,18650,4834
5377,18658,4835
5559,18659,4836
4676,18663,4837
1083,18666,4838
4445,18669,4839
574,18670,4840
1735,18672,4841
36,18673,4842
4524,18678,4843
5803,18679,4844
3007,18680,4845
845,18682,4846
1317,18683,4847
5207,18685,4848
6110,18688,4849
2340,18689,4850
61,18691,4851
4643,18696,4852
3606,18698,4853
832,18700,4854
735,18701,4855
3450,18703,4856
3317,18716,4857
558,18717,4858
2958,18719,4859
5422,18723,4860
954,18731,4861
2463,18733,4862
4571,18735,4863
3741,18736,4864
902,18739,4865
4310,18749,4866
2811,18753,4867
2674,18756,4868
358,18758,4869
349,18761,4870
5678,18763,4871
5781,18764,4872
1274,18765,4873
2039,18767,4874
3671,18770,4875
3736,18771,4876
3679,18775,4877
4161,18776,4878
3757,18778,4879
3466,18779,4880
2034,18780,4881
4745,18781,4882
3883,18785,4883
5470,18786,4884
4142,18787,4885
30,18790,4886
2014,18791,4887
2399,18794,4888
1444,18795,4889
5613,18797,4890
4643,18798,4891
3826,18799,4892
1216,18800,4893
935,18801,4894
5328,18803,4895
5544,18804,4896
5584,18805,4897
1040,18806,4898
3558,18807,4899
5801,18810,4900
1819,18813,4901
5866,18814,4902
2221,18815,4903
3703,18816,4904
2307,18817,4905
823,18818,4906
5169,18821,4907
5966,18822,4908
1788,18823,4909
5596,18825,4910
3895,18826,4911
1325,18827,4912
2543,18828,4913
2453,18830,4914
5924,18831,4915
2957,18833,4916
4940,18834,4917
3233,18836,4918
5534,18837,4919
139,18846,4920
3999,18849,4921
2604,18851,4922
1233,18853,4923
2869,18854,4924
993,18856,4925
5085,18857,4926
2033,18858,4927
2647,18859,4928
512,18860,4929
4002,18861,4930
6068,18866,4931
4163,18868,4932
4136,18870,4933
5083,18871,4934
3008,18873,4935
3012,18875,4936
4569,18878,4937
294,18879,4938
731,18888,4939
2790,18891,4940
2930,18894,4941
4197,18895,4942
4450,18896,4943
3883,18897,4944
2950,18899,4945
4920,18901,4946
1683,18903,4947
2636,18904,4948
1019,18906,4949
5233,18907,4950
447,18909,4951
5196,18912,4952
850,18915,4953
4860,18918,4954
1532,18920,4955
795,18923,4956
2708,18927,4957
4102,18929,4958
1504,18932,4959
1332,18934,4960
1681,18935,4961
5838,18936,4962
5538,18938,4963
3112,18939,4964
4995,18944,4965
264,18945,4966
2912,18947,4967
809,18949,4968
4667,18950,4969
5905,18951,4970
4545,18952,4971
5908,18956,4972
502,18958,4973
3515,18963,4974
5781,18966,4975
2567,18967,4976
4749,18968,4977
3457,18973,4978
104,18975,4979
4054,18977,4980
4443,18982,4981
1775,18983,4982
812,18985,4983
2060,18986,4984
582,18989,4985
3177,18990,4986
1432,18995,4987
1727,18997,4988
5708,18999,4989
5851,19001,4990
3413,19002,4991
727,19003,4992
2416,19004,4993
4752,19005,4994
2433,19007,4995
4213,19008,4996
717,19009,4997
3195,19010,4998
2629,19011,4999
1790,19012,5000
3163,19015,5001
4755,19017,5002
2788,19018,5003
5939,19019,5004
3322,19020,5005
4327,19021,5006
307,19024,5007
2357,19025,5008
4965,19027,5009
717,19030,5010
5509,19034,5011
3437,19035,5012
2650,19036,5013
3007,19038,5014
2319,19039,5015
17,19040,5016
5812,19041,5017
3162,19042,5018
2510,19043,5019
3494,19045,5020
3805,19046,5021
3642,19047,5022
6006,19051,5023
2206,19052,5024
5613,19054,5025
486,19056,5026
1013,19057,5027
4891,19059,5028
1747,19060,5029
2099,19062,5030
3801,19068,5031
5656,19070,5032
1842,19079,5033
5613,19082,5034
884,19090,5035
3291,19092,5036
1621,19094,5037
5723,19095,5038
888,19096,5039
3435,19097,5040
2152,19098,5041
5578,19099,5042
4256,19100,5043
6003,19101,5044
1409,19103,5045
3291,19104,5046
5569,19106,5047
6000,19108,5048
3883,19110,5049
3027,19111,5050
1566,19113,5051
3172,19116,5052
1515,19117,5053
4315,19118,5054
1496,19119,5055
4222,19121,5056
4965,19122,5057
4197,19123,5058
1708,19124,5059
1083,19125,5060
5382,19126,5061
787,19127,5062
3506,19131,5063
4648,19133,5064
1603,19134,5065
4976,19135,5066
2107,19137,5067
3854,19138,5068
3619,19139,5069
2352,19142,5070
5062,19143,5071
2762,19147,5072
2148,19148,5073
4688,19151,5074
882,19152,5075
5209,19153,5076
1099,19154,5077
4705,19155,5078
4481,19156,5079
5062,19157,5080
5694,19158,5081
4216,19159,5082
4272,19160,5083
608,19163,5084
3805,19165,5085
5802,19170,5086
1459,19171,5087
3432,19173,5088
3591,19174,5089
1222,19175,5090
3019,19176,5091
194,19178,5092
4081,19179,5093
4165,19180,5094
5533,19181,5095
2289,19182,5096
3202,19184,5097
4378,19185,5098
2993,19186,5099
602,19187,5100
2471,19188,5101
3616,19189,5102
1678,19191,5103
5397,19192,5104
4543,19194,5105
3566,19195,5106
1536,19196,5107
2955,19197,5108
3238,19199,5109
4350,19201,5110
3587,19202,5111
6010,19203,5112
1063,19204,5113
2600,19206,5114
2311,19207,5115
1536,19208,5116
4449,19209,5117
720,19211,5118
545,19212,5119
2492,19213,5120
5132,19214,5121
5728,19215,5122
1870,19216,5123
5525,19217,5124
3776,19220,5125
3603,19226,5126
3461,19228,5127
4549,19229,5128
3926,19232,5129
5369,19233,5130
4208,19234,5131
4671,19235,5132
1267,19236,5133
4899,19240,5134
3128,19242,5135
4940,19244,5136
981,19250,5137
5702,19253,5138
1305,19257,5139
1857,19259,5140
3135,19263,5141
2591,19264,5142
3443,19267,5143
3486,19269,5144
4598,19270,5145
4302,19273,5146
54,19277,5147
737,19278,5148
3494,19279,5149
1725,19280,5150
4012,19282,5151
1213,19284,5152
3329,19287,5153
4363,19290,5154
2756,19291,5155
2880,19294,5156
3511,19296,5157
3240,19297,5158
3734,19298,5159
4635,19300,5160
5496,19301,5161
4940,19305,5162
5905,19309,5163
759,19311,5164
1175,19312,5165
2598,19316,5166
5413,19324,5167
265,19327,5168
2896,19331,5169
340,19332,5170
844,19333,5171
4628,19341,5172
2259,19342,5173
2253,19343,5174
5765,19344,5175
5158,19345,5176
4590,19346,5177
1968,19347,5178
4684,19348,5179
5536,19349,5180
4747,19351,5181
2726,19353,5182
706,19354,5183
2317,19355,5184
1274,19356,5185
4686,19357,5186
5126,19359,5187
858,19362,5188
2382,19364,5189
495,19367,5190
4479,19368,5191
747,19369,5192
1819,19370,5193
3431,19371,5194
405,19373,5195
4626,19375,5196
5625,19377,5197
4976,19379,5198
3030,19380,5199
5802,19384,5200
5320,19385,5201
4625,19386,5202
4821,19387,5203
5965,19388,5204
603,19389,5205
4176,19391,5206
2942,19395,5207
4462,19400,5208
2469,19401,5209
1369,19402,5210
854,19404,5211
4004,19407,5212
5437,19409,5213
3762,19410,5214
5307,19412,5215
6020,19413,5216
4989,19416,5217
2259,19418,5218
1202,19419,5219
6084,19420,5220
2406,19421,5221
4170,19423,5222
532,19424,5223
393,19425,5224
837,19426,5225
2917,19428,5226
2715,19429,5227
4789,19430,5228
5016,19432,5229
2154,19434,5230
4331,19435,5231
5278,19438,5232
2447,19440,5233
5567,19441,5234
4012,19442,5235
1920,19443,5236
553,19444,5237
2496,19445,5238
4969,19446,5239
610,19448,5240
4976,19449,5241
1963,19451,5242
3189,19452,5243
5115,19454,5244
149,19456,5245
4708,19458,5246
4241,19460,5247
5497,19461,5248
5680,19464,5249
1454,19465,5250
3165,19466,5251
5739,19469,5252
6093,19473,5253
4220,19474,5254
5068,19475,5255
785,19477,5256
4667,19479,5257
4838,19481,5258
4237,19484,5259
1230,19489,5260
1831,19490,5261
170,19492,5262
2259,19495,5263
2090,19497,5264
4636,19498,5265
1033,19499,5266
4374,19500,5267
2035,19502,5268
3390,19503,5269
3181,19504,5270
2356,19506,5271
5570,19507,5272
2636,19508,5273
3801,19509,5274
2667,19511,5275
5044,19513,5276
5115,19514,5277
2675,19515,5278
5527,19518,5279
1826,19520,5280
2993,19521,5281
4924,19523,5282
4405,19525,5283
1194,19527,5284
834,19528,5285
4899,19530,5286
4716,19532,5287
4280,19539,5288
3139,19540,5289
2184,19547,5290
194,19550,5291
5353,19551,5292
3044,19552,5293
5860,19553,5294
4078,19555,5295
3530,19556,5296
5303,19557,5297
1162,19558,5298
5881,19560,5299
415,19561,5300
3070,19564,5301
4504,19568,5302
2571,19570,5303
2605,19571,5304
6104,19572,5305
260,19573,5306
4031,19574,5307
3193,19575,5308
1142,19576,5309
12,19580,5310
4310,19588,5311
427,19592,5312
164,19593,5313
4778,19595,5314
2285,19598,5315
2148,19599,5316
1951,19600,5317
3381,19603,5318
909,19606,5319
1739,19608,5320
2327,19614,5321
4824,19617,5322
3980,19620,5323
5311,19624,5324
4309,19626,5325
4264,19628,5326
616,19629,5327
5833,19630,5328
5183,19631,5329
2044,19632,5330
3895,19633,5331
1137,19644,5332
4163,19645,5333
4225,19647,5334
4995,19648,5335
1610,19649,5336
495,19650,5337
1819,19651,5338
836,19652,5339
3109,19654,5340
4332,19655,5341
3451,19656,5342
2197,19657,5343
4667,19658,5344
3475,19660,5345
422,19661,5346
1089,19662,5347
2321,19663,5348
804,19666,5349
2192,19667,5350
2044,19668,5351
1962,19670,5352
2259,19671,5353
4700,19672,5354
288,19673,5355
4733,19675,5356
345,19676,5357
1115,19677,5358
4660,19678,5359
1530,19679,5360
4206,19681,5361
913,19683,5362
3451,19684,5363
5978,19685,5364
3592,19686,5365
4759,19687,5366
4045,19689,5367
1454,19692,5368
3687,19693,5369
4635,19694,5370
2074,19696,5371
2329,19698,5372
3977,19700,5373
1109,19701,5374
3020,19703,5375
1747,19704,5376
2566,19705,5377
3927,19706,5378
4071,19707,5379
2496,19708,5380
2148,19709,5381
4505,19711,5382
921,19712,5383
4311,19713,5384
4176,19715,5385
2872,19716,5386
3282,19719,5387
2314,19721,5388
3303,19722,5389
4682,19725,5390
5039,19729,5391
1290,19730,5392
5601,19731,5393
3038,19733,5394
1516,19734,5395
3749,19736,5396
1736,19738,5397
355,19742,5398
1382,19743,5399
2021,19744,5400
3535,19745,5401
1452,19749,5402
6040,19750,5403
5030,19752,5404
993,19753,5405
1283,19755,5406
1163,19758,5407
235,19759,5408
4729,19762,5409
3027,19764,5410
3774,19765,5411
2234,19766,5412
900,19767,5413
5771,19768,5414
2468,19769,5415
194,19771,5416
3263,19772,5417
3974,19774,5418
625,19775,5419
3476,19776,5420
3545,19778,5421
5798,19779,5422
5499,19780,5423
4710,19781,5424
896,19782,5425
61,19784,5426
2970,19785,5427
4829,19791,5428
4976,19792,5429
3758,19794,5430
4136,19797,5431
1447,19798,5432
4502,19799,5433
425,19803,5434
5066,19806,5435
5031,19808,5436
2896,19809,5437
3033,19810,5438
6121,19811,5439
1925,19813,5440
5154,19815,5441
2725,19816,5442
5557,19819,5443
1473,19822,5444
5497,19823,5445
3380,19830,5446
3140,19831,5447
1655,19832,5448
5241,19833,5449
3135,19834,5450
3395,19836,5451
2272,19837,5452
1758,19838,5453
3982,19840,5454
4458,19841,5455
3831,19845,5456
5835,19846,5457
4010,19847,5458
2482,19857,5459
2097,19858,5460
1298,19860,5461
1397,19861,5462
3983,19865,5463
965,19867,5464
4519,19870,5465
398,19871,5466
3852,19874,5467
5545,19875,5468
5995,19879,5469
6028,19880,5470
571,19881,5471
2510,19883,5472
3111,19888,5473
5341,19889,5474
4280,19894,5475
5150,19899,5476
1843,19903,5477
2450,19910,5478
4804,19911,5479
3293,19912,5480
4000,19916,5481
4213,19922,5482
842,19923,5483
3456,19926,5484
4967,19927,5485
5337,19928,5486
5842,19929,5487
3121,19931,5488
4474,19935,5489
1977,19937,5490
5611,19938,5491
3780,19941,5492
1948,19942,5493
5411,19945,5494
774,19947,5495
6044,19949,5496
6061,19950,5497
891,19951,5498
4561,19952,5499
916,19953,5500
2562,19954,5501
4004,19955,5502
5781,19958,5503
2668,19961,5504
2186,19962,5505
5059,19964,5506
5771,19967,5507
5629,19970,5508
3350,19973,5509
5044,19975,5510
5989,19978,5511
831,19981,5512
2010,19982,5513
5262,19985,5514
1317,19986,5515
4582,19988,5516
2782,19989,5517
1764,19990,5518
2716,19992,5519
5300,19993,5520
90,19994,5521
2294,19996,5522
711,19997,5523
3851,19999,5524
1598,20001,5525
4921,20002,5526
2371,20003,5527
1899,20010,5528
5987,20011,5529
2342,20012,5530
5571,20013,5531
5743,20014,5532
5243,20015,5533
5614,20016,5534
520,20017,5535
3338,20018,5536
1556,20019,5537
453,20020,5538
3518,20021,5539
4312,20024,5540
615,20028,5541
4543,20029,5542
391,20030,5543
431,20033,5544
5327,20034,5545
2155,20036,5546
776,20037,5547
1550,20039,5548
6081,20040,5549
5533,20044,5550
3455,20049,5551
5978,20052,5552
1384,20055,5553
5262,20056,5554
2739,20058,5555
3549,20059,5556
4476,20060,5557
2496,20061,5558
3431,20062,5559
2547,20064,5560
4197,20066,5561
38,20068,5562
171,20072,5563
4920,20075,5564
1506,20077,5565
5893,20078,5566
738,20079,5567
4518,20080,5568
5334,20081,5569
6134,20083,5570
4531,20085,5571
4769,20087,5572
4287,20088,5573
3096,20089,5574
5033,20092,5575
1574,20093,5576
269,20094,5577
367,20097,5578
386,20098,5579
5685,20099,5580
2694,20102,5581
1182,20105,5582
3079,20106,5583
2041,20108,5584
5985,20110,5585
1300,20112,5586
2860,20114,5587
4243,20117,5588
3598,20118,5589
3767,20120,5590
3136,20121,5591
2293,20128,5592
21,20136,5593
2900,20137,5594
5667,20138,5595
2468,20139,5596
4363,20144,5597
183,20148,5598
400,20151,5599
6009,20152,5600
5841,20153,5601
4255,20154,5602
4381,20157,5603
2600,20160,5604
4679,20163,5605
4592,20164,5606
2348,20165,5607
3570,20169,5608
3450,20170,5609
2409,20172,5610
4199,20174,5611
323,20176,5612
149,20178,5613
3833,20179,5614
3260,20180,5615
312,20181,5616
1544,20182,5617
4302,20183,5618
5764,20187,5619
4259,20188,5620
2484,20190,5621
2740,20197,5622
3085,20198,5623
3726,20199,5624
5053,20200,5625
4172,20201,5626
4953,20202,5627
5186,20206,5628
6024,20207,5629
5986,20208,5630
761,20211,5631
6021,20212,5632
3319,20213,5633
3500,20214,5634
463,20215,5635
4936,20217,5636
1644,20219,5637
2719,20220,5638
2792,20222,5639
5954,20225,5640
4783,20227,5641
1499,20228,5642
836,20231,5643
2466,20233,5644
1900,20234,5645
1621,20235,5646
4178,20236,5647
2292,20237,5648
3388,20238,5649
257,20240,5650
1720,20241,5651
5112,20242,5652
4526,20248,5653
3130,20249,5654
2417,20251,5655
376,20253,5656
5953,20257,5657
5993,20258,5658
413,20259,5659
323,20260,5660
2597,20262,5661
4340,20264,5662
4356,20268,5663
3886,20269,5664
4698,20270,5665
2512,20271,5666
1197,20272,5667
990,20273,5668
3425,20274,5669
1758,20276,5670
3094,20278,5671
5085,20282,5672
4029,20283,5673
216,20284,5674
2090,20286,5675
263,20288,5676
3465,20289,5677
5859,20290,5678
3927,20291,5679
1431,20292,5680
5523,20293,5681
4745,20294,5682
612,20295,5683
6079,20296,5684
2374,20299,5685
5538,20302,5686
5765,20303,5687
4265,20305,5688
5954,20306,5689
4038,20307,5690
643,20308,5691
4727,20309,5692
3494,20312,5693
795,20313,5694
2668,20315,5695
2367,20317,5696
4903,20319,5697
250,20320,5698
1610,20322,5699
2711,20323,5700
917,20324,5701
4997,20326,5702
1922,20327,5703
5730,20328,5704
236,20329,5705
844,20331,5706
5556,20332,5707
2893,20333,5708
2148,20337,5709
5134,20338,5710
1216,20340,5711
5838,20341,5712
113,20343,5713
4702,20347,5714
592,20348,5715
2920,20351,5716
5680,20353,5717
3546,20354,5718
429,20356,5719
2314,20359,5720
3580,20360,5721
1666,20361,5722
239,20362,5723
965,20364,5724
893,20365,5725
5033,20366,5726
502,20367,5727
3951,20368,5728
928,20370,5729
2796,20371,5730
3618,20372,5731
1189,20377,5732
2960,20378,5733
672,20380,5734
4448,20381,5735
3669,20383,5736
4068,20384,5737
6042,20385,5738
462,20391,5739
5916,20393,5740
28,20401,5741
1942,20406,5742
618,20413,5743
3154,20416,5744
5099,20421,5745
2442,20423,5746
1581,20427,5747
5719,20428,5748
2461,20430,5749
4558,20431,5750
3973,20434,5751
4556,20435,5752
5281,20436,5753
3103,20437,5754
5155,20439,5755
568,20441,5756
5016,20442,5757
600,20444,5758
2872,20445,5759
4272,20446,5760
1246,20447,5761
5141,20449,5762
4302,20450,5763
5085,20451,5764
3805,20452,5765
4713,20453,5766
5150,20455,5767
5664,20456,5768
4963,20457,5769
6037,20458,5770
5282,20460,5771
5332,20461,5772
1740,20462,5773
1326,20463,5774
3481,20465,5775
5397,20466,5776
201,20469,5777
1869,20470,5778
2523,20471,5779
6008,20474,5780
3160,20475,5781
5729,20476,5782
5012,20477,5783
4666,20479,5784
1590,20480,5785
1332,20481,5786
987,20484,5787
4025,20486,5788
2568,20490,5789
293,20491,5790
3600,20493,5791
1809,20494,5792
5540,20496,5793
5804,20499,5794
5571,20500,5795
996,20501,5796
4613,20502,5797
248,20506,5798
3450,20507,5799
5977,20508,5800
1924,20509,5801
1176,20510,5802
44,20513,5803
3658,20515,5804
3324,20516,5805
4684,20517,5806
4762,20521,5807
287,20522,5808
6042,20523,5809
5179,20525,5810
3984,20526,5811
2300,20527,5812
760,20528,5813
3771,20529,5814
1111,20530,5815
2865,20531,5816
3065,20533,5817
3671,20535,5818
262,20536,5819
795,20537,5820
2342,20539,5821
6136,20541,5822
3319,20542,5823
2519,20543,5824
787,20545,5825
4238,20547,5826
3032,20552,5827
2549,20553,5828
4942,20555,5829
5138,20556,5830
1440,20562,5831
2037,20564,5832
342,20565,5833
4347,20566,5834
2805,20567,5835
4448,20568,5836
1094,20569,5837
4681,20570,5838
5768,20573,5839
4783,20578,5840
5571,20580,5841
2236,20582,5842
4970,20584,5843
2091,20585,5844
2911,20588,5845
4411,20590,5846
4151,20591,5847
4751,20593,5848
5134,20595,5849
1763,20597,5850
5043,20598,5851
3864,20599,5852
4681,20600,5853
957,20602,5854
3480,20603,5855
5926,20607,5856
5571,20609,5857
4783,20611,5858
4181,20612,5859
1827,20615,5860
5756,20618,5861
4517,20620,5862
725,20622,5863
2131,20629,5864
5613,20630,5865
1129,20633,5866
5257,20634,5867
4740,20636,5868
5027,20637,5869
2290,20638,5870
2166,20639,5871
2725,20640,5872
3413,20641,5873
1547,20642,5874
1875,20643,5875
693,20645,5876
834,20646,5877
1937,20648,5878
5259,20649,5879
6090,20650,5880
3330,20652,5881
1288,20654,5882
4667,20655,5883
1653,20657,5884
2877,20658,5885
2974,20659,5886
4569,20666,5887
416,20667,5888
1752,20668,5889
4087,20670,5890
1228,20671,5891
5197,20675,5892
5541,20677,5893
5324,20678,5894
3308,20680,5895
3245,20683,5896
3937,20684,5897
3990,20686,5898
4316,20689,5899
4266,20690,5900
2565,20693,5901
5035,20694,5902
5074,20698,5903
4292,20699,5904
4940,20701,5905
3911,20703,5906
2343,20705,5907
4108,20706,5908
4272,20707,5909
4841,20711,5910
2285,20712,5911
4273,20713,5912
5004,20714,5913
5918,20717,5914
1806,20721,5915
836,20722,5916
5971,20723,5917
2148,20725,5918
1612,20726,5919
4177,20727,5920
5268,20732,5921
4237,20733,5922
2988,20735,5923
4626,20736,5924
5852,20739,5925
5075,20740,5926
405,20741,5927
5372,20745,5928
2917,20747,5929
2384,20748,5930
5731,20749,5931
4736,20750,5932
3067,20752,5933
1921,20754,5934
3386,20755,5935
1436,20761,5936
4994,20763,5937
1392,20765,5938
602,20768,5939
1844,20769,5940
3198,20770,5941
1140,20772,5942
4507,20774,5943
5062,20775,5944
5808,20776,5945
5679,20777,5946
112,20778,5947
5703,20781,5948
48,20782,5949
2440,20783,5950
4393,20784,5951
5497,20785,5952
5097,20786,5953
1208,20787,5954
3110,20788,5955
5501,20790,5956
2938,20791,5957
4998,20792,5958
3099,20798,5959
2552,20799,5960
5280,20800,5961
460,20801,5962
1143,20802,5963
1302,20804,5964
56,20806,5965
3094,20807,5966
5596,20809,5967
741,20810,5968
5896,20811,5969
4508,20812,5970
4690,20814,5971
539,20817,5972
4024,20821,5973
4950,20822,5974
5302,20823,5975
1753,20826,5976
1605,20827,5977
818,20829,5978
2046,20831,5979
5245,20833,5980
4015,20834,5981
3310,20835,5982
3940,20836,5983
2333,20837,5984
5090,20838,5985
4851,20842,5986
2509,20844,5987
213,20846,5988
1119,20847,5989
2631,20849,5990
5325,20851,5991
316,20852,5992
4230,20854,5993
4353,20857,5994
3649,20858,5995
3774,20859,5996
2150,20861,5997
1349,20863,5998
347,20864,5999
1393,20870,6000
3208,20872,6001
4514,20873,6002
2803,20874,6003
6013,20875,6004
4146,20876,6005
3018,20878,6006
5685,20879,6007
2976,20881,6008
5729,20882,6009
2082,20883,6010
1811,20885,6011
5074,20886,6012
3125,20887,6013
5129,20888,6014
3592,20889,6015
3803,20892,6016
1111,20893,6017
2989,20894,6018
2422,20895,6019
3530,20896,6020
3431,20897,6021
1723,20898,6022
3328,20899,6023
3629,20901,6024
1294,20903,6025
6037,20904,6026
3755,20906,6027
159,20907,6028
4384,20909,6029
5982,20910,6030
1669,20913,6031
4169,20914,6032
5554,20915,6033
2393,20916,6034
2314,20918,6035
3318,20919,6036
2096,20923,6037
2612,20925,6038
394,20926,6039
4971,20928,6040
2554,20930,6041
4082,20931,6042
2597,20932,6043
2362,20935,6044
1182,20939,6045
3702,20942,6046
4673,20944,6047
2166,20945,6048
4120,20946,6049
2830,20947,6050
1246,20948,6051
4514,20950,6052
997,20951,6053
5070,20954,6054
4687,20956,6055
1571,20957,6056
4123,20959,6057
27,20960,6058
2584,20961,6059
4768,20962,6060
880,20964,6061
4627,20965,6062
3091,20968,6063
353,20970,6064
1121,20971,6065
1548,20972,6066
5614,20974,6067
3113,20978,6068
4726,20979,6069
4679,20980,6070
735,20981,6071
3391,20982,6072
2965,20983,6073
1758,20985,6074
2488,20986,6075
924,20987,6076
2042,20989,6077
1617,20992,6078
3725,20993,6079
4534,20994,6080
2134,20997,6081
4679,20999,6082
294,21000,6083
4508,21001,6084
1670,21002,6085
5817,21003,6086
2486,21006,6087
2264,21008,6088
4906,21011,6089
962,21012,6090
2602,21013,6091
2766,21014,6092
2588,21016,6093
1002,21018,6094
1527,21020,6095
5591,21022,6096
5984,21023,6097
1137,21028,6098
1290,21030,6099
926,21031,6100
5046,21034,6101
3328,21038,6102
5316,21042,6103
1495,21045,6104
4996,21046,6105
49,21047,6106
4594,21049,6107
5344,21051,6108
4183,21053,6109
5664,21054,6110
1518,21056,6111
5811,21059,6112
3257,21060,6113
1349,21062,6114
5670,21063,6115
5614,21066,6116
4911,21068,6117
5841,21069,6118
3096,21071,6119
5516,21073,6120
2425,21077,6121
5571,21078,6122
5016,21080,6123
5506,21081,6124
3817,21084,6125
5063,21086,6126
5467,21087,6127
3982,21090,6128
4743,21092,6129
5176,21094,6130
4480,21095,6131
619,21096,6132
6091,21098,6133
4496,21100,6134
5049,21102,6135
3163,21103,6136
3133,21105,6137
2166,21109,6138
1566,21110,6139
3169,21112,6140
6007,21116,6141
4743,21117,6142
3350,21121,6143
4768,21124,6144
2993,21127,6145
1669,21128,6146
114,21129,6147
2583,21130,6148
1802,21131,6149
2190,21132,6150
2926,21133,6151
5098,21136,6152
2024,21138,6153
298,21139,6154
2806,21140,6155
405,21142,6156
4027,21143,6157
2000,21145,6158
4840,21146,6159
2498,21147,6160
2851,21152,6161
4302,21153,6162
3831,21159,6163
4784,21161,6164
4782,21162,6165
4593,21163,6166
3443,21165,6167
2905,21166,6168
4163,21168,6169
3186,21169,6170
4564,21170,6171
5145,21171,6172
3248,21172,6173
1767,21173,6174
2402,21176,6175
2629,21178,6176
4172,21179,6177
1118,21181,6178
4082,21182,6179
4946,21183,6180
6015,21184,6181
5561,21186,6182
5570,21187,6183
5497,21188,6184
1591,21189,6185
5878,21191,6186
5648,21192,6187
3728,21194,6188
4786,21195,6189
531,21199,6190
2615,21200,6191
4237,21201,6192
4398,21203,6193
1809,21212,6194
3980,21214,6195
1445,21217,6196
3856,21218,6197
5901,21222,6198
31,21225,6199
3784,21228,6200
3380,21230,6201
4922,21231,6202
4854,21232,6203
2079,21234,6204
1383,21237,6205
3643,21238,6206
5310,21239,6207
742,21240,6208
1029,21242,6209
3493,21244,6210
1094,21245,6211
1718,21248,6212
3167,21250,6213
2648,21252,6214
885,21254,6215
5680,21255,6216
5266,21258,6217
993,21259,6218
2165,21260,6219
129,21261,6220
5744,21264,6221
5663,21265,6222
4165,21266,6223
2921,21268,6224
4213,21270,6225
6074,21271,6226
5812,21273,6227
1150,21274,6228
2440,21276,6229
3785,21281,6230
5849,21282,6231
1180,21285,6232
463,21286,6233
3277,21287,6234
3472,21288,6235
5578,21290,6236
4773,21291,6237
4272,21292,6238
4447,21293,6239
1119,21294,6240
3121,21296,6241
2289,21299,6242
6118,21300,6243
5058,21301,6244
3074,21302,6245
2066,21304,6246
5648,21306,6247
901,21307,6248
3563,21308,6249
3630,21309,6250
6061,21310,6251
3146,21313,6252
3431,21315,6253
1686,21316,6254
6037,21317,6255
139,21319,6256
5112,21320,6257
3025,21322,6258
787,21325,6259
4484,21326,6260
3096,21328,6261
255,21329,6262
902,21331,6263
1798,21333,6264
1222,21335,6265
1936,21336,6266
740,21338,6267
5916,21340,6268
5419,21342,6269
5433,21344,6270
1125,21345,6271
5262,21346,6272
6042,21347,6273
2503,21348,6274
1060,21349,6275
5788,21350,6276
910,21351,6277
27,21352,6278
5329,21353,6279
2401,21354,6280
1332,21356,6281
1162,21359,6282
2697,21364,6283
5443,21368,6284
3502,21369,6285
5935,21374,6286
2334,21375,6287
216,21379,6288
568,21380,6289
5819,21381,6290
4199,21383,6291
866,21385,6292
4210,21386,6293
4777,21389,6294
4796,21397,6295
3898,21398,6296
1457,21399,6297
2192,21400,6298
1886,21403,6299
1076,21404,6300
4929,21407,6301
3080,21408,6302
3204,21410,6303
2965,21412,6304
3387,21414,6305
5768,21415,6306
6042,21416,6307
3183,21417,6308
101,21418,6309
4851,21422,6310
4316,21423,6311
4700,21424,6312
962,21425,6313
5778,21426,6314
1447,21428,6315
5243,21429,6316
935,21430,6317
342,21433,6318
295,21434,6319
633,21435,6320
4983,21436,6321
3780,21437,6322
4107,21439,6323
851,21444,6324
3219,21445,6325
3549,21446,6326
1656,21447,6327
3035,21448,6328
3372,21449,6329
2623,21450,6330
4105,21451,6331
3451,21452,6332
2090,21454,6333
2205,21455,6334
5525,21456,6335
4626,21457,6336
5944,21458,6337
2307,21460,6338
3995,21461,6339
3090,21466,6340
4887,21469,6341
2556,21470,6342
2192,21471,6343
6064,21472,6344
1972,21474,6345
4385,21476,6346
3046,21477,6347
3158,21483,6348
502,21485,6349
5163,21486,6350
974,21487,6351
2348,21488,6352
3707,21489,6353
74,21490,6354
1511,21491,6355
3990,21494,6356
3985,21495,6357
902,21496,6358
1120,21497,6359
5066,21498,6360
2274,21505,6361
1059,21506,6362
5371,21507,6363
149,21509,6364
5152,21511,6365
4887,21513,6366
121,21515,6367
5819,21516,6368
68,21517,6369
5538,21521,6370
2603,21522,6371
1706,21523,6372
5499,21524,6373
626,21525,6374
2997,21528,6375
612,21532,6376
2197,21533,6377
2748,21534,6378
1208,21539,6379
1973,21540,6380
5096,21541,6381
5861,21542,6382
3564,21543,6383
2785,21544,6384
5284,21547,6385
1855,21548,6386
4961,21549,6387
4280,21553,6388
4191,21555,6389
2169,21557,6390
5193,21559,6391
1484,21560,6392
1108,21561,6393
5175,21562,6394
3992,21564,6395
2084,21565,6396
778,21566,6397
2397,21569,6398
1611,21571,6399
4212,21572,6400
2958,21574,6401
65,21577,6402
5654,21578,6403
3417,21579,6404
21,21582,6405
4754,21584,6406
361,21589,6407
3014,21591,6408
3054,21594,6409
4099,21595,6410
3070,21597,6411
74,21598,6412
4266,21601,6413
5436,21602,6414
1997,21603,6415
3604,21604,6416
2648,21605,6417
2000,21606,6418
3881,21607,6419
1475,21612,6420
2048,21614,6421
2430,21616,6422
966,21617,6423
5554,21618,6424
2350,21619,6425
5424,21620,6426
4729,21623,6427
2604,21624,6428
2526,21628,6429
4940,21629,6430
3494,21633,6431
2561,21634,6432
3598,21636,6433
3024,21640,6434
4280,21641,6435
4699,21643,6436
1332,21644,6437
3741,21645,6438
1567,21646,6439
2744,21647,6440
1553,21648,6441
3217,21649,6442
3108,21651,6443
5468,21652,6444
4659,21653,6445
4549,21655,6446
398,21656,6447
4236,21657,6448
92,21659,6449
5655,21660,6450
5808,21661,6451
135,21663,6452
4446,21665,6453
5156,21666,6454
1445,21667,6455
5154,21668,6456
3646,21669,6457
3565,21670,6458
3047,21671,6459
4528,21673,6460
5594,21674,6461
3140,21681,6462
714,21684,6463
6042,21685,6464
5808,21687,6465
2311,21688,6466
1930,21689,6467
3594,21690,6468
5588,21691,6469
4161,21692,6470
4796,21693,6471
5127,21694,6472
1253,21695,6473
3275,21698,6474
1225,21699,6475
5132,21700,6476
1731,21702,6477
2451,21703,6478
5530,21704,6479
734,21705,6480
4280,21706,6481
6124,21708,6482
5134,21710,6483
2309,21711,6484
4723,21712,6485
5067,21713,6486
547,21715,6487
942,21717,6488
622,21718,6489
518,21721,6490
5293,21723,6491
4467,21728,6492
2078,21729,6493
2976,21730,6494
21,21733,6495
3163,21736,6496
2457,21737,6497
4977,21739,6498
259,21740,6499
4097,21741,6500
4291,21743,6501
2636,21745,6502
4766,21746,6503
2383,21748,6504
712,21751,6505
4160,21753,6506
4207,21759,6507
5666,21764,6508
4654,21767,6509
5042,21770,6510
1231,21771,6511
3671,21772,6512
6003,21774,6513
4971,21775,6514
602,21776,6515
3629,21777,6516
4251,21778,6517
1193,21781,6518
120,21782,6519
1187,21783,6520
2067,21784,6521
5997,21786,6522
5089,21787,6523
3295,21788,6524
4844,21790,6525
2080,21791,6526
2309,21792,6527
422,21794,6528
3875,21795,6529
2024,21796,6530
1222,21798,6531
5827,21799,6532
5468,21800,6533
5997,21801,6534
3989,21802,6535
6101,21804,6536
5401,21805,6537
2966,21807,6538
1642,21808,6539
1759,21809,6540
1669,21811,6541
3559,21812,6542
5711,21815,6543
2742,21816,6544
4037,21817,6545
442,21818,6546
3469,21819,6547
4962,21820,6548
4679,21824,6549
1505,21826,6550
5109,21828,6551
5808,21829,6552
4861,21830,6553
4892,21831,6554
4797,21832,6555
4249,21834,6556
4452,21835,6557
2963,21836,6558
2313,21837,6559
294,21840,6560
2715,21842,6561
3155,21843,6562
1536,21844,6563
3980,21846,6564
3962,21847,6565
4694,21848,6566
1516,21850,6567
294,21851,6568
4652,21852,6569
3773,21854,6570
1740,21855,6571
2156,21857,6572
5128,21858,6573
3437,21859,6574
2167,21863,6575
1587,21864,6576
4934,21865,6577
3348,21867,6578
4951,21871,6579
4079,21872,6580
3598,21873,6581
5426,21876,6582
3713,21877,6583
2293,21878,6584
859,21879,6585
901,21880,6586
3105,21881,6587
3181,21882,6588
5476,21885,6589
1621,21887,6590
1645,21888,6591
1527,21889,6592
2329,21890,6593
2238,21893,6594
3165,21894,6595
1450,21895,6596
5982,21896,6597
4715,21897,6598
3288,21898,6599
2485,21900,6600
2365,21901,6601
236,21902,6602
4688,21903,6603
597,21905,6604
5819,21906,6605
962,21907,6606
3690,21911,6607
5276,21913,6608
1868,21914,6609
4272,21916,6610
3523,21918,6611
2187,21920,6612
3112,21921,6613
3598,21922,6614
5613,21923,6615
3350,21924,6616
5200,21927,6617
2420,21930,6618
939,21931,6619
757,21933,6620
364,21934,6621
1873,21936,6622
5557,21938,6623
631,21939,6624
4504,21943,6625
2583,21944,6626
726,21946,6627
5713,21948,6628
1399,21949,6629
4019,21950,6630
2297,21951,6631
5085,21952,6632
3014,21953,6633
5861,21955,6634
3649,21956,6635
3532,21957,6636
1568,21958,6637
164,21959,6638
4588,21960,6639
1573,21966,6640
1197,21967,6641
1740,21969,6642
398,21970,6643
3142,21972,6644
696,21974,6645
158,21976,6646
5293,21978,6647
1039,21981,6648
2282,21986,6649
4144,21987,6650
6130,21988,6651
2088,21989,6652
3061,21992,6653
5081,21993,6654
4017,21996,6655
4850,21997,6656
3178,21999,6657
1285,22000,6658
1100,22005,6659
1670,22006,6660
1571,22007,6661
1843,22008,6662
2747,22010,6663
200,22011,6664
5407,22012,6665
1270,22014,6666
1077,22020,6667
4324,22021,6668
3803,22022,6669
1823,22023,6670
3889,22024,6671
1345,22027,6672
1161,22028,6673
4024,22029,6674
717,22033,6675
6020,22035,6676
1033,22038,6677
5466,22040,6678
2406,22041,6679
1846,22042,6680
542,22047,6681
2700,22048,6682
3593,22049,6683
4770,22050,6684
2360,22052,6685
4212,22053,6686
4353,22054,6687
621,22055,6688
4205,22056,6689
5838,22057,6690
4248,22058,6691
1977,22059,6692
4307,22060,6693
3659,22061,6694
1782,22062,6695
148,22063,6696
3929,22064,6697
5676,22065,6698
2915,22066,6699
2928,22068,6700
3492,22070,6701
5997,22071,6702
1280,22072,6703
2599,22074,6704
2634,22075,6705
141,22076,6706
4901,22078,6707
4472,22079,6708
3578,22080,6709
5887,22081,6710
500,22082,6711
6065,22083,6712
5444,22084,6713
1832,22087,6714
859,22090,6715
2738,22091,6716
407,22092,6717
2490,22093,6718
5014,22100,6719
2100,22102,6720
5034,22105,6721
4839,22107,6722
646,22110,6723
1765,22112,6724
102,22113,6725
3048,22114,6726
4602,22116,6727
3112,22117,6728
5849,22118,6729
2259,22119,6730
1417,22120,6731
397,22121,6732
4768,22128,6733
3590,22131,6734
626,22133,6735
701,22135,6736
1126,22136,6737
866,22138,6738
3493,22139,6739
920,22140,6740
5442,22141,6741
4835,22142,6742
383,22143,6743
791,22144,6744
5505,22146,6745
866,22147,6746
721,22149,6747
5016,22150,6748
967,22152,6749
5533,22153,6750
1216,22154,6751
3328,22155,6752
3826,22156,6753
3438,22157,6754
1590,22159,6755
2715,22164,6756
538,22165,6757
2096,22168,6758
1761,22169,6759
748,22171,6760
2293,22172,6761
3074,22174,6762
5407,22175,6763
350,22176,6764
1690,22178,6765
4758,22180,6766
2895,22182,6767
5916,22185,6768
1186,22186,6769
2409,22187,6770
4624,22190,6771
1661,22191,6772
1209,22194,6773
2366,22195,6774
3396,22196,6775
101,22199,6776
3183,22201,6777
1670,22203,6778
2185,22205,6779
5074,22209,6780
5867,22210,6781
2788,22211,6782
1917,22212,6783
2810,22214,6784
5307,22215,6785
2157,22216,6786
2565,22217,6787
3229,22218,6788
1057,22222,6789
2939,22223,6790
3971,22225,6791
411,22226,6792
3945,22227,6793
2734,22229,6794
5841,22230,6795
398,22231,6796
1155,22232,6797
5613,22233,6798
2503,22239,6799
5007,22241,6800
694,22242,6801
5146,22243,6802
5811,22244,6803
845,22245,6804
3970,22247,6805
4415,22249,6806
5585,22250,6807
4538,22251,6808
859,22256,6809
3741,22257,6810
1136,22259,6811
2568,22260,6812
2155,22261,6813
3621,22262,6814
6070,22270,6815
2638,22272,6816
1009,22274,6817
1231,22275,6818
5943,22277,6819
3982,22278,6820
46,22279,6821
74,22281,6822
6031,22283,6823
2899,22286,6824
4962,22288,6825
3072,22289,6826
5115,22290,6827
4334,22291,6828
2063,22292,6829
4451,22294,6830
3093,22296,6831
4478,22297,6832
1708,22299,6833
3037,22300,6834
2917,22301,6835
1931,22304,6836
3736,22305,6837
108,22308,6838
1317,22310,6839
5358,22319,6840
461,22328,6841
2190,22329,6842
3180,22330,6843
1694,22334,6844
2672,22336,6845
1100,22337,6846
294,22339,6847
3337,22340,6848
1447,22341,6849
2262,22342,6850
665,22343,6851
6003,22346,6852
3747,22348,6853
1920,22350,6854
1916,22351,6855
346,22352,6856
3469,22354,6857
5515,22355,6858
3499,22356,6859
5338,22358,6860
3542,22363,6861
2065,22364,6862
5571,22366,6863
2726,22370,6864
591,22372,6865
6046,22403,6866
3177,22412,6867
3733,22423,6868
5560,22426,6869
1321,22430,6870
4501,22434,6871
2317,22460,6872
5018,22470,6873
2299,22480,6874
1688,22484,6875
4596,22497,6876
656,22524,6877
1246,22535,6878
2809,22537,6879
5721,22554,6880
261,22566,6881
6052,22569,6882
2725,22571,6883
5483,22572,6884
2250,22616,6885
3788,22619,6886
3741,22628,6887
2825,22630,6888
2568,22663,6889
247,22686,6890
1866,22722,6891
2034,22738,6892
4535,22746,6893
4163,22751,6894
3129,22760,6895
5370,22762,6896
3510,22766,6897
4727,22772,6898
4352,22789,6899
5803,22792,6900
4914,22800,6901
1667,22813,6902
5885,22827,6903
5661,22829,6904
3953,22840,6905
4080,22847,6906
457,22855,6907
2880,22856,6908
5095,22862,6909
1856,22888,6910
2089,22903,6911
415,22911,6912
3611,22925,6913
960,22926,6914
50,22941,6915
2995,22943,6916
183,22945,6917
3677,22952,6918
4664,22969,6919
401,22977,6920
3683,22987,6921
4670,23006,6922
5992,23023,6923
1964,23041,6924
3737,23043,6925
5829,23044,6926
1509,23061,6927
897,23071,6928
4701,23073,6929
4299,23094,6930
865,23105,6931
4819,23116,6932
1801,23154,6933
5060,23170,6934
3494,23177,6935
5678,23179,6936
3935,23191,6937
1370,23201,6938
1623,23203,6939
3107,23204,6940
3134,23243,6941
5262,23251,6942
81,23252,6943
1290,23259,6944
751,23261,6945
1267,23280,6946
1935,23291,6947
4166,23293,6948
6046,23294,6949
258,23296,6950
3908,23385,6951
1443,23395,6952
5434,23405,6953
4979,23437,6954
4935,23459,6955
6065,23463,6956
2434,23470,6957
4078,23478,6958
1821,23480,6959
1884,23484,6960
4667,23486,6961
2053,23490,6962
909,23491,6963
3159,23518,6964
3758,23543,6965
2551,23554,6966
2598,23556,6967
1309,23563,6968
5408,23566,6969
2902,23586,6970
2373,23587,6971
4192,23591,6972
3081,23635,6973
2265,23641,6974
3647,23650,6975
892,23656,6976
2495,23659,6977
1909,23678,6978
50,23703,6979
3352,23713,6980
5172,23724,6981
4186,23755,6982
18,23763,6983
4384,23776,6984
4821,23777,6985
3631,23785,6986
1054,23798,6987
423,23801,6988
3344,23811,6989
2796,23837,6990
151,23842,6991
2637,23860,6992
204,23866,6993
3919,23908,6994
2420,23923,6995
4832,23924,6996
2662,23946,6997
4103,23968,6998
2169,23974,6999
5264,23977,7000
5830,23978,7001
224,23980,7002
326,23990,7003
1703,24002,7004
1363,24006,7005
2543,24017,7006
5116,24020,7007
3315,24023,7008
2337,24024,7009
246,24028,7010
5203,24038,7011
2492,24057,7012
3743,24063,7013
3451,24069,7014
166,24076,7015
5503,24081,7016
1527,24091,7017
1565,24105,7018
3732,24109,7019
821,24125,7020
2068,24131,7021
6086,24134,7022
2302,24147,7023
5150,24174,7024
5388,24180,7025
1589,24200,7026
4359,24201,7027
2968,24225,7028
4480,24230,7029
3813,24231,7030
673,24237,7031
5951,24244,7032
5673,24246,7033
4944,24279,7034
5120,24290,7035
223,24291,7036
1965,24298,7037
4337,24316,7038
4414,24320,7039
324,24322,7040
2309,24334,7041
626,24355,7042
3197,24401,7043
2144,24415,7044
906,24435,7045
3904,24446,7046
1262,24458,7047
14,24479,7048
613,24482,7049
587,24510,7050
4700,24522,7051
3519,24560,7052
1825,24567,7053
5412,24573,7054
1141,24605,7055
2805,24640,7056
2609,24642,7057
87,24644,7058
1271,24653,7059
1502,24661,7060
1990,24669,7061
674,24688,7062
4430,24710,7063
3902,24727,7064
3818,24748,7065
5763,24753,7066
3,24764,7067
4165,24792,7068
2235,24795,7069
237,24824,7070
4583,24832,7071
4100,24836,7072
2145,24840,7073
5217,24846,7074
1911,24895,7075
2673,24913,7076
1696,24920,7077
5614,24939,7078
34,24965,7079
22,24987,7080
6107,24989,7081
188,24997,7082
2276,25031,7083
4474,25033,7084
4978,25038,7085
196,25104,7086
5380,25125,7087
819,25130,7088
5818,25154,7089
4966,25172,7090
4760,25173,7091
5162,25178,7092
1218,25214,7093
4774,25226,7094
2595,25235,7095
417,25248,7096
1447,25299,7097
5914,25300,7098
5787,25301,7099
4356,25312,7100
5821,25326,7101
918,25342,7102
5543,25347,7103
4563,25352,7104
6089,25357,7105
1878,25374,7106
4091,25411,7107
3200,25419,7108
3596,25435,7109
705,25479,7110
5781,25484,7111
382,25501,7112
4155,25514,7113
2697,25522,7114
2658,25529,7115
569,25548,7116
6089,25557,7117
829,25578,7118
1982,25591,7119
4572,25596,7120
2573,25601,7121
5913,25628,7122
3457,25646,7123
2176,25663,7124
5150,25667,7125
3016,25670,7126
1045,25671,7127
2213,25694,7128
2724,25696,7129
2222,25705,7130
1725,25724,7131
3053,25743,7132
1024,25744,7133
4518,25762,7134
473,25834,7135
4596,25838,7136
2045,25882,7137
2447,25883,7138
1666,25891,7139
845,25908,7140
2806,25923,7141
5704,25928,7142
826,25931,7143
6000,25948,7144
1303,25952,7145
3361,25955,7146
5933,25962,7147
300,25970,7148
5783,25978,7149
1908,25984,7150
591,25987,7151
3362,25988,7152
2423,25993,7153
1691,25995,7154
5756,26001,7155
4161,26002,7156
97,26016,7157
5008,26036,7158
1803,26046,7159
2114,26063,7160
1809,26106,7161
1978,26130,7162
1938,26152,7163
2317,26176,7164
396,26178,7165
1215,26207,7166
4903,26208,7167
1497,26209,7168
713,26224,7169
6011,26226,7170
6001,26227,7171
3726,26233,7172
4541,26234,7173
2894,26237,7174
5513,26242,7175
3543,26264,7176
3369,26265,7177
4423,26276,7178
1340,26282,7179
5803,26286,7180
180,26302,7181
2452,26315,7182
1829,26335,7183
305,26338,7184
5150,26339,7185
1219,26343,7186
5102,26376,7187
5977,26383,7188
6112,26389,7189
4949,26391,7190
5375,26396,7191
274,26397,7192
5732,26400,7193
422,26401,7194
5704,26408,7195
6128,26434,7196
3385,26458,7197
5740,26462,7198
4947,26464,7199
1487,26465,7200
2210,26469,7201
5342,26474,7202
5004,26476,7203
5148,26477,7204
1859,26491,7205
3023,26516,7206
4560,26538,7207
5170,26539,7208
1614,26540,7209
2883,26553,7210
4591,26586,7211
1917,26589,7212
3442,26594,7213
2727,26616,7214
456,26619,7215
4119,26645,7216
3663,26652,7217
322,26670,7218
574,26688,7219
737,26699,7220
1267,26716,7221
421,26721,7222
5219,26732,7223
4422,26752,7224
5115,26755,7225
1624,26761,7226
337,26783,7227
1680,26789,7228
5185,26812,7229
3145,26832,7230
502,26838,7231
5524,26841,7232
3347,26858,7233
5235,26864,7234
5152,26878,7235
1261,26881,7236
2887,26889,7237
1021,26938,7238
5400,26948,7239
713,26963,7240
4256,26977,7241
439,27012,7242
769,27016,7243
723,27035,7244
4707,27066,7245
145,27069,7246
3235,27078,7247
650,27079,7248
1147,27083,7249
982,27085,7250
5829,27121,7251
5315,27133,7252
4272,27146,7253
5306,27149,7254
682,27150,7255
379,27153,7256
5858,27157,7257
2661,27182,7258
4080,27208,7259
1252,27213,7260
3588,27214,7261
1200,27215,7262
39,27218,7263
197,27220,7264
835,27221,7265
3698,27232,7266
334,27235,7267
4486,27236,7268
2832,27264,7269
5496,27279,7270
343,27283,7271
5297,27286,7272
414,27290,7273
3796,27305,7274
4450,27315,7275
5269,27327,7276
273,27338,7277
606,27340,7278
3834,27341,7279
4753,27353,7280
1675,27381,7281
2631,27424,7282
3921,27473,7283
5243,27474,7284
4805,27479,7285
1854,27486,7286
548,27493,7287
3726,27524,7288
3409,27525,7289
9,27527,7290
6000,27535,7291
5944,27546,7292
902,27558,7293
745,27569,7294
2692,27591,7295
1695,27611,7296
5358,27621,7297
4186,27653,7298
254,27659,7299
1447,27662,7300
4439,27666,7301
5003,27672,7302
2326,27677,7303
3711,27687,7304
4464,27707,7305
4891,27716,7306
1240,27731,7307
4014,27733,7308
1893,27738,7309
3447,27739,7310
2064,27741,7311
2243,27744,7312
336,27748,7313
1335,27751,7314
5441,27757,7315
2196,27789,7316
2170,27796,7317
923,27825,7318
3997,27830,7319
5812,27832,7320
3753,27840,7321
4216,27856,7322
202,27866,7323
2627,27868,7324
1051,27887,7325
1539,27889,7326
4459,27901,7327
4101,27937,7328
2432,27964,7329
3550,27972,7330
2508,27988,7331
2687,28000,7332
360,28010,7333
5232,28013,7334
1562,28018,7335
5480,28020,7336
5752,28031,7337
1092,28045,7338
3512,28046,7339
502,28062,7340
4915,28065,7341
4177,28067,7342
1430,28070,7343
1652,28075,7344
4346,28100,7345
5451,28105,7346
5490,28116,7347
1664,28118,7348
4272,28121,7349
53,28142,7350
4905,28145,7351
2646,28158,7352
4957,28170,7353
187,28176,7354
5965,28182,7355
2857,28202,7356
3924,28205,7357
5288,28212,7358
2924,28261,7359
4990,28264,7360
1480,28266,7361
110,28281,7362
4250,28282,7363
5365,28284,7364
4272,28298,7365
5035,28307,7366
5696,28308,7367
2767,28316,7368
1815,28339,7369
5911,28366,7370
3436,28369,7371
1892,28373,7372
3299,28392,7373
3831,28398,7374
4159,28399,7375
5222,28402,7376
4436,28403,7377
994,28413,7378
1069,28428,7379
5800,28431,7380
476,28456,7381
2437,28461,7382
3610,28497,7383
4569,28519,7384
4474,28534,7385
4314,28562,7386
492,28563,7387
1467,28567,7388
4933,28571,7389
3682,28586,7390
5193,28590,7391
1992,28599,7392
4231,28635,7393
3529,28642,7394
2663,28651,7395
3253,28671,7396
2386,28729,7397
540,28754,7398
2727,28762,7399
5809,28766,7400
3379,28788,7401
225,28799,7402
3158,28827,7403
4987,28831,7404
2049,28841,7405
1809,28850,7406
3910,28851,7407
2755,28854,7408
2541,28859,7409
1388,28881,7410
3457,28887,7411
950,28895,7412
5013,28900,7413
3899,28927,7414
1997,28982,7415
82,29033,7416
3349,29042,7417
2534,29045,7418
4845,29048,7419
1035,29050,7420
4007,29058,7421
2278,29060,7422
5898,29066,7423
3122,29083,7424
4302,29145,7425
488,29150,7426
2934,29178,7427
1277,29181,7428
2408,29206,7429
5536,29214,7430
1327,29245,7431
3095,29276,7432
424,29304,7433
2961,29317,7434
5409,29354,7435
571,29358,7436
562,29388,7437
743,29412,7438
4341,29433,7439
3325,29434,7440
3506,29504,7441
5076,29520,7442
1167,29523,7443
1067,29560,7444
2491,29562,7445
2212,29563,7446
746,29571,7447
5709,29594,7448
559,29607,7449
5124,29612,7450
1202,29626,7451
3911,29641,7452
3718,29642,7453
524,29679,7454
145,29684,7455
1455,29689,7456
5429,29695,7457
813,29713,7458
3821,29730,7459
5463,29734,7460
4445,29735,7461
3657,29742,7462
1250,29750,7463
5870,29778,7464
6009,29786,7465
1689,29865,7466
496,29871,7467
5337,29878,7468
1912,29879,7469
4173,29894,7470
3320,29943,7471
495,29946,7472
3464,29972,7473
5762,29980,7474
3426,29985,7475
2295,29988,7476
5454,29996,7477
2958,29997,7478
4373,30009,7479
1050,30013,7480
2517,30024,7481
596,30028,7482
4687,30048,7483
1015,30059,7484
1797,30063,7485
5968,30084,7486
1758,30090,7487
1071,30108,7488
3061,30122,7489
5704,30123,7490
2671,30137,7491
5923,30149,7492
4899,30180,7493
2863,30203,7494
3585,30206,7495
2247,30212,7496
4810,30216,7497
5053,30218,7498
804,30220,7499
1954,30221,7500
5138,30222,7501
603,30223,7502
6052,30224,7503
2867,30225,7504
254,30226,7505
287,30227,7506
3752,30228,7507
1279,30229,7508
1447,30230,7509
5680,30231,7510
4561,30232,7511
586,30233,7512
1413,30234,7513
4968,30235,7514
1622,30236,7515
1657,30237,7516
2538,30238,7517
5259,30239,7518
6108,30240,7519
3003,30241,7520
6069,30242,7521
1569,30243,7522
5668,30244,7523
3320,30245,7524
700,30246,7525
3837,30247,7526
4904,30248,7527
1704,30249,7528
5074,30250,7529
855,30251,7530
6082,30252,7531
217,30253,7532
27,30254,7533
4188,30255,7534
3863,30256,7535
3200,30257,7536
1204,30258,7537
2172,30259,7538
2565,30260,7539
2134,30261,7540
693,30262,7541
3500,30263,7542
6104,30264,7543
5039,30265,7544
1216,30266,7545
3367,30267,7546
1310,30268,7547
851,30269,7548
36,30270,7549
3005,30271,7550
374,30272,7551
1448,30273,7552
3920,30274,7553
4165,30275,7554
5959,30276,7555
4705,30277,7556
3283,30278,7557
5589,30279,7558
223,30280,7559
6062,30281,7560
4197,30282,7561
4646,30283,7562
2347,30284,7563
224,30285,7564
4932,30286,7565
2090,30287,7566
4739,30288,7567
6131,30289,7568
3575,30290,7569
4237,30291,7570
5,30292,7571
5705,30293,7572
1140,30294,7573
3909,30295,7574
162,30296,7575
5738,30297,7576
5290,30298,7577
4647,30299,7578
4647,30300,7579
4382,30301,7580
3794,30302,7581
123,30303,7582
2005,30304,7583
542,30305,7584
2651,30306,7585
6133,30307,7586
268,30308,7587
5884,30309,7588
5457,30310,7589
2136,30311,7590
1034,30312,7591
3756,30313,7592
5901,30314,7593
5823,30315,7594
5364,30316,7595
3900,30317,7596
5267,30318,7597
1612,30319,7598
1562,30320,7599
303,30321,7600
3573,30322,7601
5119,30323,7602
3410,30324,7603
3076,30325,7604
1707,30326,7605
5367,30327,7606
5796,30328,7607
1511,30329,7608
4974,30330,7609
1679,30331,7610
5448,30332,7611
5445,30333,7612
1411,30334,7613
2425,30335,7614
685,30336,7615
4202,30337,7616
2338,30338,7617
699,30339,7618
5125,30340,7619
5272,30341,7620
3026,30342,7621
5179,30343,7622
3547,30344,7623
3670,30345,7624
2937,30346,7625
4091,30347,7626
2552,30348,7627
3057,30349,7628
3057,30350,7629
6042,30351,7630
3375,30352,7631
4520,30353,7632
3822,30354,7633
1075,30355,7634
4176,30356,7635
2797,30357,7636
4417,30358,7637
443,30359,7638
6074,30360,7639
4615,30361,7640
1662,30362,7641
2342,30363,7642
807,30364,7643
2454,30365,7644
3336,30366,7645
6118,30367,7646
2749,30368,7647
5296,30369,7648
5324,30370,7649
5147,30371,7650
4140,30372,7651
2429,30373,7652
2029,30374,7653
4120,30375,7654
2740,30376,7655
5631,30377,7656
586,30378,7657
311,30379,7658
869,30380,7659
2031,30381,7660
3647,30382,7661
5871,30383,7662
1131,30384,7663
559,30385,7664
5179,30386,7665
5586,30387,7666
4820,30388,7667
993,30389,7668
4876,30390,7669
1579,30391,7670
5621,30392,7671
2600,30393,7672
4684,30394,7673
1291,30395,7674
2637,30396,7675
3876,30397,7676
2824,30398,7677
2280,30399,7678
3451,30400,7679
4828,30401,7680
2336,30402,7681
1937,30403,7682
2886,30404,7683
1620,30405,7684
2420,30406,7685
5655,30407,7686
400,30408,7687
99,30409,7688
6033,30410,7689
4734,30411,7690
1874,30412,7691
541,30413,7692
4297,30414,7693
4585,30415,7694
335,30416,7695
2546,30417,7696
3244,30418,7697
1295,30419,7698
1040,30420,7699
3963,30421,7700
1234,30422,7701
3236,30423,7702
5766,30424,7703
1064,30425,7704
503,30426,7705
5085,30427,7706
4245,30428,7707
1847,30429,7708
5439,30430,7709
1985,30431,7710
3472,30432,7711
2975,30433,7712
5650,30434,7713
3708,30435,7714
1766,30436,7715
4789,30437,7716
4159,30438,7717
5734,30439,7718
3858,30440,7719
4046,30441,7720
2521,30442,7721
5573,30443,7722
833,30444,7723
744,30445,7724
2590,30446,7725
4275,30447,7726
4149,30448,7727
5633,30449,7728
833,30450,7729
328,30451,7730
5332,30452,7731
963,30453,7732
5576,30454,7733
4321,30455,7734
4278,30456,7735
23,30457,7736
5916,30458,7737
1934,30459,7738
3044,30460,7739
149,30461,7740
478,30462,7741
4476,30463,7742
2240,30464,7743
5771,30465,7744
4163,30466,7745
130,30467,7746
2749,30468,7747
903,30469,7748
4077,30470,7749
627,30471,7750
2467,30472,7751
4227,30473,7752
2590,30474,7753
3304,30475,7754
5004,30476,7755
5606,30477,7756
4427,30478,7757
3459,30479,7758
4060,30480,7759
357,30481,7760
2751,30482,7761
4050,30483,7762
5357,30484,7763
612,30485,7764
4403,30486,7765
2959,30487,7766
1830,30488,7767
3767,30489,7768
816,30490,7769
4931,30491,7770
766,30492,7771
2916,30493,7772
1678,30494,7773
790,30495,7774
3911,30496,7775
804,30497,7776
993,30498,7777
959,30499,7778
61,30500,7779
6090,30501,7780
4947,30502,7781
4949,30503,7782
3508,30504,7783
5973,30505,7784
2104,30506,7785
2470,30507,7786
3762,30508,7787
3073,30509,7788
2982,30510,7789
2153,30511,7790
3669,30512,7791
377,30513,7792
978,30514,7793
1386,30515,7794
5755,30516,7795
3765,30517,7796
1133,30518,7797
5319,30519,7798
1767,30520,7799
5789,30521,7800
5052,30522,7801
3395,30523,7802
2065,30524,7803
2065,30525,7804
2143,30526,7805
4016,30527,7806
5425,30528,7807
3339,30529,7808
277,30530,7809
4825,30531,7810
1138,30532,7811
509,30533,7812
1492,30534,7813
2631,30535,7814
3534,30536,7815
4303,30537,7816
4303,30538,7817
4303,30539,7818
94,30540,7819
5873,30541,7820
3896,30542,7821
4595,30543,7822
1466,30544,7823
3190,30545,7824
1226,30546,7825
2666,30547,7826
1522,30548,7827
6104,30549,7828
4112,30550,7829
1446,30551,7830
2074,30552,7831
2515,30553,7832
1666,30554,7833
5597,30555,7834
3457,30556,7835
2702,30557,7836
3762,30558,7837
3680,30559,7838
5222,30560,7839
6118,30561,7840
3918,30562,7841
1380,30563,7842
5258,30564,7843
5219,30565,7844
3313,30566,7845
1378,30567,7846
438,30568,7847
3824,30569,7848
5631,30570,7849
6096,30571,7850
790,30572,7851
4052,30573,7852
3086,30574,7853
2611,30575,7854
4675,30576,7855
5503,30577,7856
5680,30578,7857
582,30579,7858
633,30580,7859
2596,30581,7860
4862,30582,7861
5236,30583,7862
495,30584,7863
1258,30585,7864
3972,30586,7865
80,30587,7866
4559,30588,7867
3914,30589,7868
2072,30590,7869
193,30591,7870
1326,30592,7871
1090,30593,7872
5497,30594,7873
2993,30595,7874
2746,30596,7875
1282,30597,7876
3356,30598,7877
4877,30599,7878
4976,30600,7879
1629,30601,7880
1342,30602,7881
1772,30603,7882
3528,30604,7883
352,30605,7884
5447,30606,7885
680,30607,7886
6125,30608,7887
619,30609,7888
1982,30610,7889
1457,30611,7890
1457,30612,7891
5128,30613,7892
3246,30614,7893
3193,30615,7894
5051,30616,7895
5585,30617,7896
2680,30618,7897
5959,30619,7898
1216,30620,7899
1483,30621,7900
961,30622,7901
3162,30623,7902
695,30624,7903
3378,30625,7904
874,30626,7905
5406,30627,7906
1170,30628,7907
3379,30629,7908
2648,30630,7909
4444,30631,7910
442,30632,7911
4738,30633,7912
2026,30634,7913
1424,30635,7914
4402,30636,7915
4711,30637,7916
4806,30638,7917
2558,30639,7918
3530,30640,7919
1626,30641,7920
6119,30642,7921
3076,30643,7922
5987,30644,7923
6052,30645,7924
405,30646,7925
4354,30647,7926
22,30648,7927
795,30649,7928
1171,30650,7929
1719,30651,7930
543,30652,7931
4859,30653,7932
5791,30654,7933
4741,30655,7934
649,30656,7935
3313,30657,7936
2448,30658,7937
1373,30659,7938
5399,30660,7939
1662,30661,7940
2081,30662,7941
5314,30663,7942
5685,30664,7943
4172,30665,7944
1310,30666,7945
624,30667,7946
5865,30668,7947
3495,30669,7948
2330,30670,7949
6052,30671,7950
4814,30672,7951
2868,30673,7952
1211,30674,7953
2428,30675,7954
3069,30676,7955
1907,30677,7956
1632,30678,7957
2804,30679,7958
4859,30680,7959
2219,30681,7960
5655,30682,7961
156,30683,7962
2798,30684,7963
164,30685,7964
5295,30686,7965
1215,30687,7966
1000,30688,7967
3903,30689,7968
1680,30690,7969
3917,30691,7970
564,30692,7971
4687,30693,7972
1905,30694,7973
849,30695,7974
2246,30696,7975
719,30697,7976
3867,30698,7977
3414,30699,7978
3175,30700,7979
2062,30701,7980
390,30702,7981
991,30703,7982
5134,30704,7983
5271,30705,7984
2307,30706,7985
5682,30707,7986
79,30708,7987
4856,30709,7988
556,30710,7989
3664,30711,7990
1966,30712,7991
4215,30713,7992
5505,30714,7993
6060,30715,7994
6060,30716,7995
403,30717,7996
2034,30718,7997
33,30719,7998
4319,30720,7999
520,30721,8000
1793,30722,8001
4021,30723,8002
2763,30724,8003
2304,30725,8004
1493,30726,8005
260,30727,8006
876,30728,8007
3344,30729,8008
993,30730,8009
1066,30731,8010
30,30732,8011
221,30733,8012
3331,30734,8013
2790,30735,8014
2790,30736,8015
3266,30737,8016
3726,30738,8017
3114,30739,8018
3229,30740,8019
5178,30741,8020
5004,30742,8021
913,30743,8022
4791,30744,8023
1653,30745,8024
215,30746,8025
2241,30747,8026
5499,30748,8027
5415,30749,8028
5901,30750,8029
1804,30751,8030
729,30752,8031
817,30753,8032
4568,30754,8033
601,30755,8034
3591,30756,8035
2704,30757,8036
240,30758,8037
1662,30759,8038
1561,30760,8039
995,30761,8040
4924,30762,8041
5393,30763,8042
270,30764,8043
2986,30765,8044
5106,30766,8045
6015,30767,8046
3694,30768,8047
750,30769,8048
5449,30770,8049
2615,30771,8050
2764,30772,8051
5177,30773,8052
421,30774,8053
5838,30775,8054
2122,30776,8055
2835,30777,8056
1497,30778,8057
3915,30779,8058
3530,30780,8059
1615,30781,8060
5173,30782,8061
1961,30783,8062
5897,30784,8063
4661,30785,8064
4700,30786,8065
6126,30787,8066
1170,30788,8067
5655,30789,8068
3364,30790,8069
5741,30791,8070
2331,30792,8071
1877,30793,8072
4240,30794,8073
2514,30795,8074
5246,30796,8075
363,30797,8076
319,30798,8077
1020,30799,8078
97,30800,8079
192,30801,8080
2204,30802,8081
3871,30803,8082
2962,30804,8083
1932,30805,8084
2017,30806,8085
2637,30807,8086
5899,30808,8087
3235,30809,8088
3274,30810,8089
2090,30811,8090
5252,30812,8091
706,30813,8092
5877,30814,8093
4197,30815,8094
4612,30816,8095
2741,30817,8096
2444,30818,8097
6042,30819,8098
4065,30820,8099
4487,30821,8100
1408,30822,8101
3221,30823,8102
5160,30824,8103
3909,30825,8104
4442,30826,8105
4404,30827,8106
1285,30828,8107
3259,30829,8108
447,30830,8109
2070,30831,8110
2862,30832,8111
5196,30833,8112
4404,30834,8113
647,30835,8114
5146,30836,8115
3514,30837,8116
4000,30838,8117
3529,30839,8118
2998,30840,8119
6117,30841,8120
5298,30842,8121
3574,30843,8122
5830,30844,8123
3372,30845,8124
3483,30846,8125
520,30847,8126
4379,30848,8127
803,30849,8128
27,30850,8129
169,30851,8130
3518,30852,8131
5029,30853,8132
3377,30854,8133
1246,30855,8134
4313,30856,8135
1260,30857,8136
5766,30858,8137
4024,30859,8138
4985,30860,8139
4334,30861,8140
2166,30862,8141
428,30863,8142
1102,30864,8143
5613,30865,8144
5407,30866,8145
4988,30867,8146
1748,30868,8147
3921,30869,8148
2180,30870,8149
3868,30871,8150
595,30872,8151
1807,30873,8152
922,30874,8153
1326,30875,8154
1625,30876,8155
5435,30877,8156
3600,30878,8157
508,30879,8158
3854,30880,8159
3259,30881,8160
5363,30882,8161
4810,30883,8162
3116,30884,8163
3565,30885,8164
256,30886,8165
3457,30887,8166
3424,30888,8167
5150,30889,8168
102,30890,8169
4870,30891,8170
4690,30892,8171
3440,30893,8172
342,30894,8173
4943,30895,8174
3734,30896,8175
2099,30897,8176
4058,30898,8177
2034,30899,8178
799,30900,8179
1206,30901,8180
4696,30902,8181
6030,30903,8182
5284,30904,8183
687,30905,8184
875,30906,8185
4367,30907,8186
3757,30908,8187
3178,30909,8188
1082,30910,8189
1068,30911,8190
6074,30912,8191
1500,30913,8192
4549,30914,8193
5947,30915,8194
1338,30916,8195
2565,30917,8196
751,30918,8197
3341,30919,8198
3120,30920,8199
4330,30921,8200
5747,30922,8201
463,30923,8202
4197,30924,8203
4183,30925,8204
3571,30926,8205
2113,30927,8206
2342,30928,8207
6012,30929,8208
5967,30930,8209
5992,30931,8210
6135,30932,8211
207,30933,8212
1635,30934,8213
873,30935,8214
3536,30936,8215
1174,30937,8216
2544,30938,8217
3263,30939,8218
1136,30940,8219
1290,30941,8220
6074,30942,8221
5997,30943,8222
3296,30944,8223
5118,30945,8224
3886,30946,8225
5002,30947,8226
5498,30948,8227
2481,30949,8228
5760,30950,8229
3243,30951,8230
4526,30952,8231
4575,30953,8232
2958,30954,8233
4634,30955,8234
4258,30956,8235
2214,30957,8236
2557,30958,8237
3346,30959,8238
5677,30960,8239
1722,30961,8240
2314,30962,8241
2425,30963,8242
450,30964,8243
871,30965,8244
4669,30966,8245
216,30967,8246
183,30968,8247
3135,30969,8248
3002,30970,8249
3103,30971,8250
5599,30972,8251
5321,30973,8252
3530,30974,8253
2294,30975,8254
535,30976,8255
2608,30977,8256
4468,30978,8257
3062,30979,8258
3328,30980,8259
6059,30981,8260
5693,30982,8261
1293,30983,8262
3071,30984,8263
1246,30985,8264
2790,30986,8265
1481,30987,8266
5365,30988,8267
679,30989,8268
952,30990,8269
6074,30991,8270
6050,30992,8271
1676,30993,8272
1254,30994,8273
2982,30995,8274
233,30996,8275
2719,30997,8276
5497,30998,8277
5497,30999,8278
656,31000,8279
5344,31001,8280
3116,31002,8281
1618,31003,8282
5635,31004,8283
3958,31005,8284
4254,31006,8285
227,31007,8286
3760,31008,8287
5954,31009,8288
3515,31010,8289
5782,31011,8290
5462,31012,8291
1531,31013,8292
2135,31014,8293
3601,31015,8294
4035,31016,8295
5497,31017,8296
4036,31018,8297
6104,31019,8298
5791,31020,8299
1646,31021,8300
1498,31022,8301
4351,31023,8302
4874,31024,8303
1992,31025,8304
4092,31026,8305
5680,31027,8306
1000,31028,8307
5851,31029,8308
5851,31030,8309
753,31031,8310
3422,31032,8311
2768,31033,8312
1659,31034,8313
337,31035,8314
3600,31036,8315
2082,31037,8316
79,31038,8317
4688,31039,8318
1842,31040,8319
2687,31041,8320
431,31042,8321
4370,31043,8322
5930,31044,8323
2441,31045,8324
2863,31046,8325
392,31047,8326
4853,31048,8327
46,31049,8328
5662,31050,8329
5866,31051,8330
1949,31052,8331
1528,31053,8332
5820,31054,8333
930,31055,8334
3873,31056,8335
2370,31057,8336
4453,31058,8337
4343,31059,8338
6092,31060,8339
3593,31061,8340
3254,31062,8341
2082,31063,8342
611,31064,8343
3761,31065,8344
3395,31066,8345
2350,31067,8346
1202,31068,8347
3413,31069,8348
3517,31070,8349
1358,31071,8350
867,31072,8351
1858,31073,8352
1174,31074,8353
3462,31075,8354
693,31076,8355
1500,31077,8356
3525,31078,8357
4618,31079,8358
52,31080,8359
3839,31081,8360
511,31082,8361
5977,31083,8362
2289,31084,8363
1091,31085,8364
4448,31086,8365
152,31087,8366
5250,31088,8367
2529,31089,8368
5364,31090,8369
247,31091,8370
4633,31092,8371
4824,31093,8372
2125,31094,8373
1289,31095,8374
4323,31096,8375
5323,31097,8376
5912,31098,8377
3507,31099,8378
2439,31100,8379
593,31101,8380
1636,31102,8381
2099,31103,8382
2555,31104,8383
5782,31105,8384
5121,31106,8385
452,31107,8386
898,31108,8387
6031,31109,8388
1535,31110,8389
4267,31111,8390
61,31112,8391
5373,31113,8392
4317,31114,8393
2311,31115,8394
2579,31116,8395
801,31117,8396
3875,31118,8397
275,31119,8398
2090,31120,8399
5546,31121,8400
1548,31122,8401
1131,31123,8402
4561,31124,8403
1117,31125,8404
4728,31126,8405
5889,31127,8406
2206,31128,8407
1981,31129,8408
2925,31130,8409
3510,31131,8410
4345,31132,8411
653,31133,8412
4640,31134,8413
5222,31135,8414
3116,31136,8415
815,31137,8416
1766,31138,8417
5662,31139,8418
2030,31140,8419
95,31141,8420
5766,31142,8421
462,31143,8422
1666,31144,8423
3380,31145,8424
1197,31146,8425
4913,31147,8426
6039,31148,8427
3422,31149,8428
2260,31150,8429
3571,31151,8430
1404,31152,8431
599,31153,8432
5313,31154,8433
385,31155,8434
4139,31156,8435
3903,31157,8436
765,31158,8437
5962,31159,8438
638,31160,8439
5551,31161,8440
6131,31162,8441
271,31163,8442
4781,31164,8443
3956,31165,8444
3276,31166,8445
3276,31167,8446
5360,31168,8447
4241,31169,8448
5256,31170,8449
4490,31171,8450
1215,31172,8451
585,31173,8452
286,31174,8453
4777,31175,8454
2059,31176,8455
1160,31177,8456
2273,31178,8457
2921,31179,8458
4557,31180,8459
4235,31181,8460
1838,31182,8461
2913,31183,8462
3772,31184,8463
1768,31185,8464
5393,31186,8465
165,31187,8466
2739,31188,8467
318,31189,8468
4163,31190,8469
2359,31191,8470
183,31192,8471
4993,31193,8472
1130,31194,8473
4137,31195,8474
4804,31196,8475
1748,31197,8476
683,31198,8477
3428,31199,8478
69,31200,8479
331,31201,8480
4161,31202,8481
5223,31203,8482
1071,31204,8483
1516,31205,8484
5716,31206,8485
2413,31207,8486
2475,31208,8487
603,31209,8488
1910,31210,8489
2655,31211,8490
2964,31212,8491
5936,31213,8492
4975,31214,8493
310,31215,8494
559,31216,8495
4881,31217,8496
4898,31218,8497
4272,31219,8498
3891,31220,8499
2011,31221,8500
1836,31222,8501
3771,31223,8502
3116,31224,8503
3152,31225,8504
1401,31226,8505
709,31227,8506
5253,31228,8507
1256,31229,8508
2955,31230,8509
3350,31231,8510
102,31232,8511
773,31233,8512
4225,31234,8513
4225,31235,8514
5958,31236,8515
3763,31237,8516
3060,31238,8517
3496,31239,8518
552,31240,8519
1154,31241,8520
1395,31242,8521
1728,31243,8522
1616,31244,8523
5781,31245,8524
1580,31246,8525
6055,31247,8526
693,31248,8527
964,31249,8528
2616,31250,8529
1135,31251,8530
3301,31252,8531
1558,31253,8532
3965,31254,8533
2198,31255,8534
4775,31256,8535
1680,31257,8536
4159,31258,8537
1001,31259,8538
4690,31260,8539
1774,31261,8540
3878,31262,8541
2878,31263,8542
3653,31264,8543
3653,31265,8544
3653,31266,8545
5158,31267,8546
554,31268,8547
4128,31269,8548
1341,31270,8549
4949,31271,8550
1237,31272,8551
787,31273,8552
4122,31274,8553
4364,31275,8554
2308,31276,8555
1707,31277,8556
5549,31278,8557
4894,31279,8558
3786,31280,8559
4304,31281,8560
908,31282,8561
4693,31283,8562
3292,31284,8563
3980,31285,8564
842,31286,8565
3350,31287,8566
2213,31288,8567
4562,31289,8568
1248,31290,8569
119,31291,8570
559,31292,8571
1476,31293,8572
5597,31294,8573
1343,31295,8574
4567,31296,8575
1190,31297,8576
707,31298,8577
4684,31299,8578
1519,31300,8579
434,31301,8580
3341,31302,8581
4557,31303,8582
902,31304,8583
4241,31305,8584
3157,31306,8585
2444,31307,8586
3661,31308,8587
4126,31309,8588
3127,31310,8589
660,31311,8590
4438,31312,8591
526,31313,8592
4890,31314,8593
2743,31315,8594
422,31316,8595
1290,31317,8596
3221,31318,8597
3540,31319,8598
5901,31320,8599
1633,31321,8600
754,31322,8601
4691,31323,8602
448,31324,8603
5184,31325,8604
4237,31326,8605
2612,31327,8606
1381,31328,8607
710,31329,8608
4471,31330,8609
3096,31331,8610
2643,31332,8611
513,31333,8612
1375,31334,8613
2293,31335,8614
1052,31336,8615
3662,31337,8616
5895,31338,8617
4026,31339,8618
183,31340,8619
43,31341,8620
1175,31342,8621
3982,31343,8622
4974,31344,8623
5407,31345,8624
2504,31346,8625
5392,31347,8626
4731,31348,8627
3403,31349,8628
5681,31350,8629
3886,31351,8630
1293,31352,8631
3748,31353,8632
4096,31354,8633
623,31355,8634
4507,31356,8635
2260,31357,8636
4167,31358,8637
5150,31359,8638
52,31360,8639
1078,31361,8640
5565,31362,8641
3429,31363,8642
1653,31364,8643
5782,31365,8644
1497,31366,8645
3390,31367,8646
1125,31368,8647
2022,31369,8648
3759,31370,8649
1110,31371,8650
2940,31372,8651
4396,31373,8652
3036,31374,8653
3569,31375,8654
2622,31376,8655
517,31377,8656
4893,31378,8657
1810,31379,8658
4742,31380,8659
1814,31381,8660
5037,31382,8661
3224,31383,8662
2609,31384,8663
1478,31385,8664
12,31386,8665
425,31387,8666
4815,31388,8667
4323,31390,8668
4530,31391,8669
1402,31392,8670
3199,31393,8671
1795,31394,8672
5194,31395,8673
4570,31396,8674
1553,31397,8675
1662,31398,8676
3069,31399,8677
1183,31400,8678
3021,31401,8679
5146,31402,8680
5554,31403,8681
91,31404,8682
2269,31405,8683
1624,31406,8684
4053,31407,8685
2110,31408,8686
2917,31409,8687
150,31410,8688
5151,31411,8689
1327,31412,8690
469,31413,8691
1982,31414,8692
5004,31415,8693
3805,31416,8694
4536,31417,8695
3496,31418,8696
5142,31419,8697
5364,31420,8698
5364,31421,8699
3552,31422,8700
5152,31423,8701
1449,31424,8702
1179,31425,8703
4281,31426,8704
5401,31427,8705
4218,31428,8706
1749,31429,8707
5086,31430,8708
4182,31431,8709
79,31432,8710
6093,31433,8711
1882,31434,8712
5248,31435,8713
4081,31436,8714
636,31437,8715
1718,31438,8716
2177,31439,8717
4351,31440,8718
5901,31441,8719
3948,31442,8720
3314,31443,8721
3875,31444,8722
3509,31445,8723
4159,31446,8724
6034,31447,8725
2740,31448,8726
5384,31449,8727
529,31450,8728
3473,31451,8729
2564,31452,8730
1310,31453,8731
5284,31454,8732
1882,31455,8733
2671,31456,8734
4333,31457,8735
2653,31458,8736
4735,31459,8737
4000,31460,8738
2853,31461,8739
19,31462,8740
1102,31463,8741
986,31464,8742
4420,31465,8743
2553,31466,8744
5617,31467,8745
404,31468,8746
1453,31469,8747
5429,31470,8748
5022,31471,8749
5951,31472,8750
80,31473,8751
5420,31474,8752
536,31475,8753
3221,31476,8754
1972,31477,8755
74,31478,8756
3785,31479,8757
602,31480,8758
5039,31481,8759
1536,31482,8760
5903,31483,8761
5750,31484,8762
1149,31485,8763
4721,31486,8764
3118,31487,8765
887,31488,8766
4729,31489,8767
5004,31490,8768
1244,31491,8769
666,31492,8770
245,31493,8771
1175,31494,8772
2195,31495,8773
466,31496,8774
6074,31497,8775
287,31498,8776
5682,31499,8777
866,31500,8778
4709,31501,8779
3345,31502,8780
174,31503,8781
2019,31504,8782
3573,31505,8783
771,31506,8784
3396,31507,8785
1720,31508,8786
1616,31509,8787
4730,31510,8788
1152,31511,8789
1742,31512,8790
2897,31513,8791
2076,31514,8792
4351,31515,8793
3577,31516,8794
2010,31517,8795
4387,31518,8796
3618,31519,8797
3516,31520,8798
3407,31521,8799
4500,31522,8800
4616,31523,8801
4732,31524,8802
833,31525,8803
5841,31526,8804
3297,31527,8805
5749,31528,8806
1567,31529,8807
1101,31530,8808
2296,31531,8809
4214,31532,8810
2307,31533,8811
67,31534,8812
2387,31535,8813
2559,31536,8814
198,31537,8815
836,31538,8816
2002,31539,8817
1468,31540,8818
93,31541,8819
525,31542,8820
3779,31543,8821
3982,31544,8822
1089,31545,8823
2090,31546,8824
4152,31547,8825
4831,31548,8826
5613,31549,8827
1216,31550,8828
663,31551,8829
4394,31552,8830
2840,31553,8831
5284,31554,8832
5751,31555,8833
5928,31556,8834
4939,31557,8835
1584,31558,8836
3462,31559,8837
1022,31560,8838
350,31561,8839
3112,31562,8840
2501,31563,8841
50,31564,8842
4510,31565,8843
1970,31566,8844
2332,31567,8845
4609,31568,8846
479,31569,8847
1372,31570,8848
4757,31571,8849
3986,31572,8850
5925,31573,8851
267,31574,8852
5390,31575,8853
4320,31576,8854
4497,31577,8855
3901,31578,8856
6026,31579,8857
4190,31580,8858
5698,31581,8859
902,31582,8860
2761,31583,8861
4701,31584,8862
4397,31585,8863
1842,31586,8864
5319,31587,8865
462,31588,8866
1848,31589,8867
5284,31590,8868
5360,31591,8869
5039,31592,8870
2735,31593,8871
5004,31594,8872
793,31595,8873
705,31596,8874
397,31597,8875
5917,31598,8876
2708,31599,8877
2203,31600,8878
5150,31601,8879
2953,31602,8880
1628,31603,8881
1628,31604,8882
1728,31605,8883
1634,31606,8884
2377,31607,8885
5596,31608,8886
4613,31609,8887
3858,31610,8888
45,31611,8889
5255,31612,8890
5582,31613,8891
1746,31614,8892
5220,31615,8893
4323,31616,8894
3745,31617,8895
2202,31618,8896
827,31619,8897
3766,31620,8898
2268,31621,8899
4917,31622,8900
357,31623,8901
4877,31624,8902
3809,31625,8903
6046,31626,8904
4063,31627,8905
3365,31628,8906
4779,31629,8907
2896,31630,8908
64,31631,8909
2933,31632,8910
5607,31633,8911
357,31634,8912
4933,31635,8913
3250,31636,8914
3390,31637,8915
1188,31638,8916
432,31639,8917
586,31640,8918
3938,31641,8919
3797,31642,8920
2420,31643,8921
6118,31644,8922
1849,31645,8923
5680,31646,8924
358,31647,8925
2028,31648,8926
618,31649,8927
2054,31650,8928
5488,31651,8929
4324,31652,8930
5660,31653,8931
1234,31654,8932
3842,31655,8933
5587,31656,8934
4289,31657,8935
2129,31658,8936
6106,31659,8937
4700,31660,8938
985,31661,8939
3706,31662,8940
1044,31663,8941
3301,31664,8942
5853,31665,8943
5655,31666,8944
5247,31667,8945
5284,31668,8946
4134,31669,8947
4408,31670,8948
2010,31672,8949
2342,31673,8950
4533,31674,8951
4145,31675,8952
5754,31676,8953
5912,31677,8954
2010,31678,8955
5542,31679,8956
2010,31680,8957
5195,31681,8958
3279,31682,8959
5692,31683,8960
3834,31684,8961
405,31685,8962
3285,31686,8963
4414,31687,8964
2922,31688,8965
4812,31689,8966
5970,31690,8967
5642,31691,8968
2173,31692,8969
1812,31693,8970
134,31694,8971
502,31695,8972
1279,31696,8973
5619,31697,8974
5936,31698,8975
4395,31699,8976
4655,31700,8977
1031,31701,8978
555,31702,8979
2631,31703,8980
1197,31704,8981
1231,31705,8982
5344,31706,8983
3282,31707,8984
4627,31708,8985
4795,31709,8986
498,31710,8987
10,31711,8988
4865,31712,8989
72,31713,8990
6000,31714,8991
3390,31715,8992
4635,31716,8993
4059,31717,8994
6030,31718,8995
6030,31719,8996
6030,31720,8997
2410,31721,8998
150,31722,8999
789,31723,9000
4368,31724,9001
5517,31725,9002
6001,31726,9003
542,31727,9004
5813,31728,9005
2907,31729,9006
340,31730,9007
3076,31731,9008
340,31732,9009
4288,31733,9010
4416,31734,9011
6046,31735,9012
1730,31736,9013
700,31737,9014
4808,31738,9015
1146,31739,9016
3132,31740,9017
2788,31741,9018
284,31742,9019
3820,31743,9020
2565,31744,9021
1697,31745,9022
5875,31746,9023
834,31747,9024
981,31748,9025
5647,31749,9026
961,31750,9027
5259,31751,9028
744,31752,9029
4812,31753,9030
902,31754,9031
5954,31755,9032
2032,31756,9033
4754,31757,9034
4548,31758,9035
5987,31759,9036
4259,31760,9037
1125,31761,9038
5497,31762,9039
3163,31763,9040
4032,31764,9041
1519,31765,9042
2300,31766,9043
902,31767,9044
1245,31768,9045
2083,31769,9046
1536,31770,9047
4937,31771,9048
4620,31772,9049
386,31773,9050
3323,31774,9051
4476,31775,9052
1017,31776,9053
1017,31777,9054
1552,31778,9055
5696,31779,9056
887,31780,9057
733,31781,9058
2973,31782,9059
1918,31783,9060
1062,31784,9061
1019,31785,9062
5387,31786,9063
5191,31787,9064
1947,31788,9065
4614,31789,9066
2872,31790,9067
2012,31791,9068
6127,31792,9069
5238,31793,9070
157,31794,9071
2708,31795,9072
4126,31796,9073
2963,31797,9074
3281,31798,9075
2406,31799,9076
3366,31800,9077
296,31801,9078
4556,31802,9079
5132,31803,9080
1670,31804,9081
3982,31805,9082
6104,31806,9083
2874,31807,9084
2461,31808,9085
3237,31809,9086
1084,31810,9087
2141,31811,9088
2348,31812,9089
3226,31813,9090
1005,31814,9091
5996,31815,9092
4853,31816,9093
4866,31817,9094
1601,31818,9095
3103,31819,9096
2869,31820,9097
5478,31821,9098
1618,31822,9099
3782,31823,9100
4305,31824,9101
1391,31825,9102
5685,31826,9103
4855,31827,9104
4855,31828,9105
3557,31829,9106
4843,31830,9107
1027,31831,9108
3835,31832,9109
5699,31833,9110
502,31834,9111
3347,31835,9112
4764,31836,9113
4937,31837,9114
1668,31838,9115
542,31839,9116
1474,31840,9117
2384,31841,9118
4893,31842,9119
4343,31843,9120
4343,31844,9121
3289,31845,9122
6063,31846,9123
4946,31847,9124
4868,31848,9125
2106,31849,9126
4269,31850,9127
3972,31851,9128
5361,31852,9129
5959,31853,9130
3191,31854,9131
5715,31855,9132
5504,31856,9133
1725,31857,9134
2237,31858,9135
994,31859,9136
5161,31860,9137
5659,31861,9138
4570,31862,9139
2697,31863,9140
2242,31864,9141
2358,31865,9142
1043,31866,9143
2299,31867,9144
1019,31868,9145
567,31869,9146
5922,31870,9147
4826,31871,9148
5599,31872,9149
1328,31873,9150
4016,31874,9151
6031,31875,9152
2184,31876,9153
4424,31877,9154
1998,31878,9155
1042,31879,9156
4358,31880,9157
2311,31881,9158
579,31882,9159
4043,31883,9160
1745,31884,9161
3146,31885,9162
3321,31886,9163
4532,31887,9164
4822,31888,9165
1326,31889,9166
4157,31890,9167
3049,31891,9168
4809,31892,9169
1400,31893,9170
1939,31894,9171
224,31895,9172
4246,31896,9173
1647,31897,9174
994,31898,9175
3642,31899,9176
851,31900,9177
5981,31901,9178
1377,31902,9179
2281,31903,9180
1915,31904,9181
2747,31905,9182
2090,31906,9183
4569,31907,9184
3576,31908,9185
5744,31909,9186
59,31910,9187
5999,31911,9188
903,31912,9189
5844,31913,9190
1216,31914,9191
5613,31915,9192
3770,31916,9193
339,31917,9194
4386,31918,9195
904,31919,9196
4686,31920,9197
5811,31921,9198
3486,31922,9199
5578,31923,9200
126,31924,9201
985,31925,9202
114,31926,9203
1521,31927,9204
4613,31928,9205
3614,31929,9206
2420,31930,9207
6122,31931,9208
3784,31932,9209
745,31933,9210
2500,31934,9211
5202,31935,9212
4707,31936,9213
5792,31937,9214
5670,31938,9215
3392,31939,9216
1234,31940,9217
2492,31941,9218
5596,31942,9219
2304,31943,9220
4459,31944,9221
3209,31945,9222
3964,31946,9223
1299,31947,9224
1758,31948,9225
4651,31949,9226
5809,31950,9227
2141,31951,9228
287,31952,9229
5224,31953,9230
5519,31954,9231
2760,31955,9232
2747,31956,9233
4611,31957,9234
6028,31958,9235
1721,31959,9236
5208,31960,9237
5199,31961,9238
2814,31962,9239
4219,31963,9240
5746,31964,9241
122,31965,9242
5891,31966,9243
2901,31967,9244
5429,31968,9245
2411,31969,9246
2431,31970,9247
219,31971,9248
1171,31972,9249
1627,31973,9250
1670,31974,9251
4901,31975,9252
339,31976,9253
4812,31977,9254
3471,31978,9255
911,31979,9256
3457,31980,9257
2776,31981,9258
3487,31982,9259
5671,31983,9260
4950,31984,9261
4039,31985,9262
3333,31986,9263
2220,31987,9264
4426,31988,9265
4537,31989,9266
2117,31990,9267
2653,31991,9268
2377,31992,9269
425,31993,9270
549,31994,9271
4053,31995,9272
1006,31997,9273
2188,31998,9274
1974,31999,9275
375,32000,9276
3116,32001,9277
5945,32002,9278
116,32003,9279
1267,32004,9280
5484,32005,9281
5150,32006,9282
5901,32007,9283
5901,32008,9284
5901,32009,9285
5901,32010,9286
1609,32011,9287
5365,32012,9288
1210,32013,9289
3931,32014,9290
5261,32015,9291
4226,32016,9292
5258,32017,9293
2935,32018,9294
3112,32019,9295
2745,32020,9296
1707,32021,9297
5538,32022,9298
5866,32023,9299
4627,32024,9300
4599,32025,9301
2685,32026,9302
4853,32027,9303
1072,32028,9304
3113,32029,9305
2071,32030,9306
4368,32031,9307
4575,32032,9308
2024,32033,9309
3897,32034,9310
289,32035,9311
4912,32036,9312
3765,32037,9313
5683,32038,9314
5930,32039,9315
2336,32040,9316
313,32041,9317
4938,32042,9318
3477,32043,9319
2421,32044,9320
5023,32045,9321
2326,32046,9322
1182,32047,9323
2058,32048,9324
6040,32049,9325
2668,32050,9326
5547,32051,9327
1967,32052,9328
1056,32053,9329
234,32054,9330
2964,32055,9331
1582,32056,9332
2871,32057,9333
1576,32058,9334
4674,32059,9335
5631,32060,9336
348,32061,9337
1971,32062,9338
186,32063,9339
2133,32064,9340
4837,32065,9341
1901,32066,9342
3309,32067,9343
520,32068,9344
3193,32069,9345
316,32070,9346
622,32071,9347
622,32072,9348
2000,32073,9349
570,32074,9350
1136,32075,9351
2738,32076,9352
2738,32077,9353
2882,32078,9354
5348,32079,9355
5007,32080,9356
720,32081,9357
2563,32082,9358
4216,32083,9359
3326,32084,9360
4280,32085,9361
2215,32086,9362
3150,32087,9363
2516,32088,9364
5336,32089,9365
525,32090,9366
5138,32091,9367
5672,32092,9368
2574,32093,9369
4721,32094,9370
5307,32095,9371
2444,32096,9372
2003,32097,9373
1805,32098,9374
2170,32099,9375
3839,32100,9376
3490,32101,9377
5254,32102,9378
3581,32103,9379
996,32104,9380
3433,32105,9381
1079,32106,9382
3113,32107,9383
2617,32108,9384
568,32109,9385
5273,32110,9386
1132,32111,9387
5019,32112,9388
3500,32113,9389
630,32114,9390
5847,32115,9391
871,32116,9392
2288,32117,9393
2908,32118,9394
688,32119,9395
5371,32120,9396
2346,32121,9397
491,32122,9398
2222,32123,9399
4896,32124,9400
4688,32125,9401
4937,32126,9402
3445,32127,9403
4280,32128,9404
4694,32129,9405
970,32130,9406
1148,32131,9407
1173,32132,9408
2038,32133,9409
1429,32134,9410
4114,32135,9411
1466,32136,9412
1823,32137,9413
1477,32138,9414
2823,32139,9415
1206,32140,9416
6118,32141,9417
421,32142,9418
302,32143,9419
4941,32144,9420
5568,32145,9421
97,32146,9422
5368,32147,9423
3272,32148,9424
4247,32149,9425
1312,32150,9426
1652,32151,9427
1563,32152,9428
5614,32153,9429
3569,32154,9430
3457,32155,9431
5440,32156,9432
1668,32157,9433
1779,32158,9434
2731,32159,9435
6036,32160,9436
4627,32161,9437
6131,32162,9438
4640,32163,9439
1442,32164,9440
4069,32165,9441
1481,32166,9442
542,32167,9443
4408,32168,9444
3454,32169,9445
706,32170,9446
5370,32171,9447
4135,32172,9448
1229,32173,9449
2728,32174,9450
5634,32175,9451
1669,32176,9452
1171,32177,9453
3398,32178,9454
100,32179,9455
1964,32180,9456
4550,32181,9457
4129,32182,9458
4476,32183,9459
6000,32184,9460
4768,32185,9461
6085,32186,9462
2729,32187,9463
716,32188,9464
463,32189,9465
4912,32190,9466
520,32191,9467
3500,32192,9468
4692,32193,9469
1156,32194,9470
3421,32195,9471
5653,32196,9472
4949,32197,9473
4916,32198,9474
2718,32199,9475
2329,32200,9476
3089,32201,9477
3534,32202,9478
4471,32203,9479
1249,32204,9480
2125,32205,9481
4298,32206,9482
1963,32207,9483
3374,32208,9484
579,32209,9485
3834,32210,9486
2052,32211,9487
4279,32212,9488
1768,32213,9489
3649,32214,9490
4318,32215,9491
4046,32216,9492
4912,32217,9493
3205,32218,9494
4813,32219,9495
64,32220,9496
5791,32221,9497
322,32222,9498
2307,32223,9499
161,32224,9500
4655,32225,9501
4300,32226,9502
5124,32227,9503
2004,32228,9504
2287,32229,9505
4596,32230,9506
5921,32231,9507
3034,32232,9508
5260,32233,9509
3354,32234,9510
280,32235,9511
1264,32236,9512
602,32237,9513
5613,32238,9514
981,32239,9515
2487,32240,9516
2320,32241,9517
857,32242,9518
1053,32243,9519
1336,32244,9520
4569,32245,9521
2708,32246,9522
5429,32247,9523
3626,32248,9524
632,32249,9525
438,32250,9526
3970,32251,9527
4632,32252,9528
6074,32253,9529
3946,32254,9530
3418,32255,9531
2198,32256,9532
3744,32257,9533
4883,32258,9534
4707,32259,9535
3598,32260,9536
3598,32261,9537
4045,32262,9538
5932,32263,9539
914,32264,9540
2162,32265,9541
5182,32266,9542
2702,32267,9543
4276,32268,9544
5687,32269,9545
6045,32270,9546
78,32271,9547
3116,32272,9548
696,32273,9549
3805,32274,9550
4842,32275,9551
3117,32276,9552
1019,32277,9553
1171,32278,9554
2483,32279,9555
1906,32280,9556
4350,32281,9557
5284,32282,9558
307,32283,9559
5476,32284,9560
2758,32285,9561
1558,32286,9562
4549,32287,9563
4855,32288,9564
5374,32289,9565
3933,32290,9566
5423,32291,9567
3741,32292,9568
2128,32293,9569
3996,32294,9570
5680,32295,9571
2348,32296,9572
2386,32297,9573
1136,32298,9574
557,32299,9575
1716,32300,9576
1720,32301,9577
3230,32302,9578
2368,32303,9579
6092,32304,9580
1376,32305,9581
497,32306,9582
1131,32307,9583
1125,32308,9584
5432,32309,9585
2708,32310,9586
2936,32311,9587
4281,32312,9588
4281,32313,9589
5326,32314,9590
5287,32315,9591
3604,32316,9592
5620,32317,9593
4303,32318,9594
4863,32319,9595
2934,32320,9596
4521,32321,9597
3822,32322,9598
2127,32323,9599
2420,32324,9600
1008,32325,9601
5010,32326,9602
961,32327,9603
5227,32328,9604
443,32329,9605
4220,32330,9606
2342,32331,9607
4485,32332,9608
1566,32333,9609
5685,32334,9610
3800,32335,9611
4874,32336,9612
4310,32337,9613
2245,32338,9614
775,32339,9615
216,32340,9616
4277,32341,9617
221,32342,9618
383,32343,9619
1041,32344,9620
4700,32345,9621
281,32346,9622
2044,32347,9623
2982,32348,9624
2307,32349,9625
337,32350,9626
5912,32351,9627
5912,32352,9628
5912,32353,9629
4700,32354,9630
5074,32355,9631
5798,32356,9632
6018,32357,9633
3193,32358,9634
1652,32359,9635
2557,32360,9636
1168,32361,9637
1808,32362,9638
208,32363,9639
5492,32364,9640
2024,32365,9641
1465,32366,9642
5124,32367,9643
4928,32368,9644
5497,32369,9645
845,32370,9646
3107,32371,9647
6066,32372,9648
6061,32373,9649
3841,32374,9650
1865,32375,9651
2208,32376,9652
4687,32377,9653
1394,32378,9654
5782,32379,9655
2811,32380,9656
2459,32381,9657
3060,32382,9658
5792,32383,9659
40,32384,9660
3530,32385,9661
2220,32386,9662
3017,32387,9663
2347,32388,9664
4824,32389,9665
1083,32390,9666
1228,32391,9667
3843,32392,9668
155,32393,9669
843,32394,9670
4929,32395,9671
2105,32396,9672
948,32397,9673
4592,32398,9674
6009,32399,9675
1562,32400,9676
764,32401,9677
5603,32402,9678
1542,32403,9679
5809,32404,9680
506,32405,9681
1147,32406,9682
2158,32407,9683
544,32408,9684
3539,32409,9685
4501,32410,9686
88,32411,9687
3500,32412,9688
824,32413,9689
2115,32414,9690
4081,32415,9691
216,32416,9692
1239,32417,9693
4958,32418,9694
5366,32419,9695
1610,32420,9696
1333,32421,9697
5766,32422,9698
2128,32423,9699
3353,32424,9700
5239,32425,9701
3704,32426,9702
3790,32427,9703
1020,32428,9704
2093,32429,9705
2964,32430,9706
1948,32431,9707
2920,32432,9708
5022,32433,9709
3559,32434,9710
3158,32435,9711
1279,32436,9712
5112,32437,9713
1061,32438,9714
2538,32439,9715
4400,32440,9716
433,32441,9717
2222,32442,9718
2377,32443,9719
3463,32444,9720
1327,32445,9721
4448,32446,9722
812,32447,9723
5916,32448,9724
3553,32449,9725
5706,32450,9726
3642,32451,9727
4526,32452,9728
4153,32453,9729
3692,32454,9730
4825,32455,9731
4109,32456,9732
2170,32457,9733
4485,32458,9734
1620,32459,9735
126,32460,9736
5691,32461,9737
2934,32462,9738
128,32463,9739
5061,32464,9740
5791,32465,9741
534,32466,9742
4525,32467,9743
4455,32468,9744
2311,32469,9745
3065,32470,9746
1080,32471,9747
2535,32472,9748
1790,32473,9749
4971,32474,9750
5574,32475,9751
4295,32476,9752
4216,32477,9753
3530,32478,9754
3782,32479,9755
4504,32480,9756
4504,32481,9757
4127,32482,9758
4421,32483,9759
648,32484,9760
681,32485,9761
4213,32486,9762
4130,32487,9763
5676,32488,9764
4148,32489,9765
973,32490,9766
3184,32491,9767
505,32492,9768
5980,32493,9769
132,32494,9770
5540,32495,9771
4240,32496,9772
4265,32497,9773
4600,32498,9774
3699,32499,9775
4788,32500,9776
84,32501,9777
1928,32502,9778
2855,32503,9779
2713,32504,9780
1272,32505,9781
958,32506,9782
901,32507,9783
4054,32508,9784
4047,32509,9785
663,32510,9786
3773,32511,9787
1355,32512,9788
5318,32513,9789
5123,32514,9790
4920,32515,9791
2120,32516,9792
312,32517,9793
5345,32518,9794
4886,32519,9795
5602,32520,9796
992,32521,9797
4812,32522,9798
5014,32523,9799
2992,32524,9800
574,32525,9801
769,32526,9802
3144,32527,9803
838,32528,9804
6000,32529,9805
146,32530,9806
3005,32531,9807
3298,32532,9808
3778,32533,9809
1744,32534,9810
4239,32535,9811
830,32536,9812
5778,32537,9813
2528,32538,9814
5304,32539,9815
24,32540,9816
4342,32541,9817
5879,32542,9818
4039,32543,9819
316,32544,9820
6067,32545,9821
693,32546,9822
5284,32547,9823
3340,32548,9824
2001,32549,9825
397,32550,9826
1861,32551,9827
5753,32552,9828
4178,32553,9829
4383,32554,9830
5004,32555,9831
3913,32556,9832
5904,32557,9833
3768,32558,9834
5667,32559,9835
1108,32560,9836
4412,32561,9837
4598,32562,9838
4012,32563,9839
236,32564,9840
2746,32565,9841
177,32566,9842
1345,32567,9843
1164,32568,9844
3196,32569,9845
4211,32570,9846
4348,32571,9847
4658,32572,9848
622,32573,9849
5995,32574,9850
2678,32575,9851
5611,32576,9852
5150,32577,9853
171,32578,9854
2552,32579,9855
2808,32580,9856
377,32581,9857
5011,32582,9858
1630,32583,9859
3372,32584,9860
4139,32585,9861
769,32586,9862
4936,32587,9863
5350,32588,9864
2249,32589,9865
3600,32590,9866
470,32591,9867
510,32592,9868
272,32593,9869
5991,32594,9870
2029,32595,9871
1853,32596,9872
5596,32597,9873
1205,32598,9874
2230,32599,9875
115,32600,9876
1329,32601,9877
934,32602,9878
3194,32603,9879
5747,32604,9880
2631,32605,9881
3478,32606,9882
1477,32607,9883
1477,32608,9884
1477,32609,9885
1541,32610,9886
3478,32611,9887
2519,32612,9888
5385,32613,9889
3253,32614,9890
4877,32615,9891
1619,32616,9892
406,32617,9893
1588,32618,9894
1312,32619,9895
4887,32620,9896
606,32621,9897
946,32622,9898
3137,32623,9899
2162,32624,9900
5453,32625,9901
423,32626,9902
715,32627,9903
1718,32628,9904
2554,32629,9905
668,32630,9906
4768,32631,9907
1946,32632,9908
451,32633,9909
2629,32634,9910
2737,32635,9911
5512,32636,9912
2207,32637,9913
5707,32638,9914
5703,32639,9915
3306,32640,9916
164,32641,9917
1145,32642,9918
5602,32643,9919
2271,32644,9920
5443,32645,9921
879,32646,9922
1220,32647,9923
2128,32648,9924
3548,32649,9925
5122,32650,9926
3423,32651,9927
5164,32652,9928
4729,32653,9929
1904,32654,9930
1688,32655,9931
4836,32656,9932
3928,32657,9933
1521,32658,9934
1412,32659,9935
3102,32660,9936
2317,32661,9937
415,32662,9938
2413,32663,9939
1897,32664,9940
5031,32665,9941
2420,32666,9942
5545,32667,9943
97,32668,9944
1010,32669,9945
4887,32670,9946
36,32671,9947
1266,32672,9948
2474,32673,9949
607,32674,9950
1170,32675,9951
961,32676,9952
932,32677,9953
173,32678,9954
5230,32679,9955
3991,32680,9956
3717,32681,9957
1172,32682,9958
1172,32683,9959
5323,32684,9960
2286,32685,9961
5915,32686,9962
4926,32687,9963
1278,32688,9964
4529,32689,9965
1315,32690,9966
4377,32691,9967
2316,32692,9968
1462,32693,9969
902,32694,9970
1242,32695,9971
2707,32696,9972
607,32697,9973
2111,32698,9974
584,32699,9975
5493,32700,9976
5582,32701,9977
5582,32702,9978
5582,32703,9979
5582,32704,9980
5582,32705,9981
3084,32706,9982
1965,32707,9983
2696,32708,9984
2376,32709,9985
5088,32710,9986
2317,32711,9987
3177,32712,9988
4949,32713,9989
684,32714,9990
1232,32715,9991
2795,32716,9992
1337,32717,9993
2819,32718,9994
4670,32719,9995
4569,32720,9996
5476,32721,9997
231,32722,9998
2150,32723,9999
3802,32724,10000
2890,32725,10001
3861,32726,10002
1171,32727,10003
792,32728,10004
3449,32729,10005
1537,32730,10006
727,32731,10007
104,32732,10008
3402,32733,10009
5575,32734,10010
3685,32735,10011
5853,32736,10012
5238,32737,10013
5001,32738,10014
2754,32739,10015
2794,32740,10016
5263,32741,10017
4721,32742,10018
3147,32743,10019
782,32744,10020
3147,32745,10021
4475,32746,10022
5461,32747,10023
327,32748,10024
2415,32749,10025
1477,32750,10026
1833,32751,10027
2377,32752,10028
3805,32753,10029
847,32754,10030
97,32755,10031
14,32756,10032
5657,32757,10033
6068,32758,10034
3500,32759,10035
5085,32760,10036
859,32761,10037
215,32762,10038
5473,32763,10039
3141,32764,10040
1906,32765,10041
4067,32766,10042
2193,32767,10043
2193,32768,10044
2523,32769,10045
2523,32770,10046
4946,32771,10047
2126,32772,10048
3301,32773,10049
4141,32774,10050
677,32775,10051
5842,32776,10052
1094,32777,10053
4156,32778,10054
4606,32779,10055
4945,32780,10056
1702,32781,10057
6007,32782,10058
125,32783,10059
1933,32784,10060
3135,32785,10061
4678,32786,10062
4717,32787,10063
1447,32788,10064
5906,32789,10065
4432,32790,10066
4927,32791,10067
5758,32792,10068
5138,32793,10069
2972,32794,10070
2254,32795,10071
3798,32796,10072
1851,32797,10073
2990,32798,10074
125,32799,10075
1862,32800,10076
4351,32801,10077
5479,32802,10078
3206,32803,10079
6058,32804,10080
6098,32805,10081
4183,32806,10082
3705,32807,10083
6031,32808,10084
4975,32809,10085
5417,32810,10086
5629,32811,10087
6104,32812,10088
947,32813,10089
4569,32814,10090
3222,32815,10091
475,32816,10092
2090,32817,10093
106,32818,10094
6068,32819,10095
3877,32820,10096
3839,32821,10097
958,32822,10098
3826,32823,10099
642,32824,10100
3802,32825,10101
1447,32826,10102
2507,32827,10103
644,32828,10104
2361,32829,10105
347,32830,10106
560,32831,10107
2184,32832,10108
2283,32833,10109
1228,32834,10110
4419,32835,10111
840,32836,10112
6118,32837,10113
2729,32838,10114
3800,32839,10115
3601,32840,10116
3115,32841,10117
1976,32842,10118
147,32843,10119
1019,32844,10120
520,32845,10121
4400,32846,10122
4303,32847,10123
2729,32848,10124
2787,32849,10125
5535,32850,10126
799,32851,10127
4622,32852,10128
4013,32853,10129
2475,32854,10130
3063,32855,10131
4081,32856,10132
2260,32857,10133
1269,32858,10134
784,32859,10135
4474,32860,10136
4284,32861,10137
4700,32862,10138
3396,32863,10139
5814,32864,10140
299,32865,10141
6114,32866,10142
4477,32867,10143
1641,32868,10144
5130,32869,10145
5088,32870,10146
5781,32871,10147
5134,32872,10148
5786,32873,10149
6032,32874,10150
4085,32875,10151
4124,32876,10152
3178,32877,10153
1488,32878,10154
4164,32879,10155
2304,32880,10156
4028,32881,10157
1197,32882,10158
5614,32883,10159
5779,32884,10160
2398,32885,10161
1526,32886,10162
612,32887,10163
3378,32888,10164
5403,32889,10165
3063,32890,10166
1464,32891,10167
2018,32892,10168
315,32893,10169
2348,32894,10170
1246,32895,10171
3497,32896,10172
1998,32897,10173
3182,32898,10174
2557,32899,10175
3335,32900,10176
5960,32901,10177
3061,32902,10178
4009,32903,10179
703,32904,10180
355,32905,10181
2184,32906,10182
3088,32907,10183
2015,32909,10184
6049,32910,10185
5108,32911,10186
5063,32912,10187
5456,32913,10188
5006,32914,10189
3188,32915,10190
2035,32916,10191
2444,32917,10192
3327,32918,10193
5131,32919,10194
6122,32920,10195
6041,32921,10196
2004,32922,10197
4720,32923,10198
338,32924,10199
4012,32925,10200
4483,32926,10201
1964,32927,10202
5910,32928,10203
3437,32929,10204
1972,32930,10205
1914,32931,10206
339,32932,10207
1678,32933,10208
1025,32934,10209
2351,32935,10210
102,32936,10211
2552,32937,10212
5150,32938,10213
559,32939,10214
2078,32940,10215
5476,32941,10216
5383,32942,10217
3880,32943,10218
2244,32944,10219
1867,32945,10220
5614,32946,10221
3268,32947,10222
1929,32948,10223
5274,32949,10224
1236,32950,10225
2842,32951,10226
4427,32952,10227
2322,32953,10228
2123,32954,10229
968,32955,10230
3518,32956,10231
5685,32957,10232
153,32958,10233
3216,32959,10234
4049,32960,10235
5892,32961,10236
5356,32962,10237
3598,32963,10238
3839,32964,10239
4091,32965,10240
3949,32966,10241
2967,32967,10242
2542,32968,10243
1231,32969,10244
1938,32970,10245
3646,32971,10246
3242,32972,10247
4817,32973,10248
1121,32974,10249
2725,32975,10250
5088,32976,10251
4684,32977,10252
770,32978,10253
768,32979,10254
2424,32980,10255
652,32981,10256
3701,32982,10257
2043,32983,10258
3691,32984,10259
1695,32985,10260
5167,32986,10261
1241,32987,10262
1083,32988,10263
2565,32989,10264
5508,32990,10265
2620,32991,10266
4598,32992,10267
3618,32993,10268
5700,32994,10269
4162,32995,10270
2069,32996,10271
1781,32997,10272
3333,32998,10273
4596,32999,10274
3846,33000,10275
2513,33001,10276
5755,33002,10277
1221,33003,10278
4878,33004,10279
5101,33005,10280
2631,33006,10281
6047,33007,10282
2065,33008,10283
3492,33009,10284
5509,33010,10285
2302,33011,10286
1715,33012,10287
6125,33013,10288
820,33014,10289
2706,33015,10290
955,33016,10291
4051,33017,10292
2985,33018,10293
4173,33019,10294
165,33020,10295
2707,33021,10296
2829,33022,10297
5284,33023,10298
5284,33024,10299
1192,33025,10300
2917,33026,10301
1529,33027,10302
1433,33028,10303
151,33029,10304
1309,33030,10305
2175,33031,10306
5933,33032,10307
4706,33033,10308
4041,33034,10309
4012,33035,10310
3581,33036,10311
1003,33037,10312
508,33038,10313
1822,33039,10314
700,33040,10315
4580,33041,10316
4440,33042,10317
4440,33043,10318
4440,33044,10319
5639,33045,10320
671,33046,10321
1018,33047,10322
1046,33048,10323
4780,33049,10324
3313,33050,10325
1507,33051,10326
5596,33052,10327
4168,33054,10328
2243,33055,10329
2560,33056,10330
5134,33057,10331
4781,33058,10332
2010,33059,10333
3446,33060,10334
2446,33061,10335
4271,33062,10336
141,33063,10337
26,33064,10338
14,33065,10339
2187,33066,10340
5998,33067,10341
4306,33068,10342
5323,33069,10343
2734,33070,10344
3453,33071,10345
1457,33072,10346
904,33073,10347
1678,33074,10348
972,33075,10349
5972,33076,10350
2094,33077,10351
5071,33078,10352
5402,33079,10353
1983,33080,10354
2240,33081,10355
806,33082,10356
3531,33083,10357
1840,33084,10358
5813,33085,10359
4613,33086,10360
3370,33087,10361
6074,33088,10362
2350,33089,10363
1964,33090,10364
6088,33091,10365
4798,33092,10366
3263,33093,10367
4875,33094,10368
4285,33095,10369
706,33096,10370
1876,33097,10371
2454,33098,10372
2697,33099,10373
5015,33100,10374
5196,33101,10375
6038,33102,10376
3777,33103,10377
3214,33104,10378
1231,33105,10379
463,33106,10380
2329,33107,10381
4308,33108,10382
405,33109,10383
1391,33110,10384
1391,33111,10385
1527,33112,10386
5669,33113,10387
3322,33114,10388
253,33115,10389
2065,33116,10390
3793,33117,10391
1131,33118,10392
1701,33119,10393
2010,33120,10394
3024,33121,10395
1336,33122,10396
724,33123,10397
2870,33124,10398
2896,33125,10399
5020,33126,10400
3979,33127,10401
1739,33128,10402
3380,33129,10403
4611,33130,10404
2445,33131,10405
4723,33132,10406
1292,33133,10407
732,33134,10408
633,33135,10409
3004,33136,10410
5592,33137,10411
1988,33138,10412
4401,33139,10413
4647,33140,10414
4097,33141,10415
3906,33142,10416
4629,33143,10417
350,33144,10418
6045,33145,10419
5981,33146,10420
2312,33147,10421
248,33148,10422
4611,33149,10423
4868,33150,10424
1019,33151,10425
5808,33152,10426
3296,33153,10427
5120,33154,10428
5027,33155,10429
1405,33156,10430
3774,33157,10431
787,33158,10432
4372,33159,10433
3368,33160,10434
3870,33161,10435
6091,33162,10436
577,33163,10437
4532,33164,10438
1491,33165,10439
4638,33166,10440
2962,33167,10441
3641,33168,10442
377,33169,10443
4750,33170,10444
3598,33171,10445
5285,33172,10446
5840,33173,10447
5840,33174,10448
5840,33175,10449
1775,33176,10450
1818,33177,10451
5755,33178,10452
1307,33179,10453
4880,33180,10454
1418,33181,10455
1073,33182,10456
3169,33183,10457
2345,33184,10458
2037,33185,10459
5665,33186,10460
2740,33187,10461
1494,33188,10462
358,33189,10463
2581,33190,10464
463,33191,10465
6122,33192,10466
1941,33193,10467
3654,33194,10468
4012,33195,10469
5898,33196,10470
395,33197,10471
2000,33198,10472
1959,33199,10473
2214,33200,10474
2747,33201,10475
2305,33202,10476
4400,33203,10477
1977,33204,10478
1572,33205,10479
5377,33206,10480
3291,33207,10481
3838,33208,10482
1954,33209,10483
4108,33210,10484
5963,33211,10485
5963,33212,10486
4936,33213,10487
1028,33214,10488
159,33215,10489
4508,33216,10490
2979,33217,10491
6131,33218,10492
4571,33219,10493
1799,33220,10494
2652,33221,10495
4971,33222,10496
1673,33223,10497
3486,33224,10498
2036,33225,10499
1508,33226,10500
993,33227,10501
68,33228,10502
1232,33229,10503
2655,33230,10504
348,33231,10505
3317,33232,10506
4597,33233,10507
3970,33234,10508
3490,33235,10509
5613,33236,10510
3247,33237,10511
4861,33238,10512
5550,33239,10513
2950,33240,10514
4331,33241,10515
6123,33242,10516
154,33243,10517
5937,33244,10518
1813,33245,10519
3125,33246,10520
3249,33247,10521
2052,33248,10522
4552,33249,10523
5384,33250,10524
3270,33251,10525
2335,33252,10526
4768,33253,10527
5948,33254,10528
150,33255,10529
4256,33256,10530
5139,33257,10531
98,33258,10532
1894,33259,10533
5793,33260,10534
4396,33261,10535
4833,33262,10536
502,33263,10537
2720,33264,10538
2317,33265,10539
940,33266,10540
5723,33267,10541
5054,33268,10542
1972,33269,10543
3163,33270,10544
141,33271,10545
2474,33272,10546
5073,33273,10547
4986,33274,10548
589,33275,10549
3580,33276,10550
3486,33277,10551
4266,33278,10552
5467,33279,10553
1957,33280,10554
5525,33281,10555
4535,33282,10556
2189,33283,10557
4011,33284,10558
1237,33285,10559
5354,33286,10560
4940,33287,10561
2021,33288,10562
5011,33289,10563
2784,33290,10564
3825,33291,10565
4712,33292,10566
5849,33293,10567
1631,33294,10568
4282,33295,10569
3726,33296,10570
2090,33297,10571
3239,33298,10572
4550,33299,10573
4669,33300,10574
3541,33301,10575
1724,33302,10576
4039,33303,10577
2820,33304,10578
3363,33305,10579
3612,33306,10580
1275,33307,10581
337,33308,10582
2963,33309,10583
3606,33310,10584
2238,33311,10585
1562,33312,10586
3076,33313,10587
321,33314,10588
5733,33315,10589
3866,33316,10590
3124,33317,10591
2006,33318,10592
3893,33319,10593
3280,33320,10594
3281,33321,10595
61,33322,10596
2998,33323,10597
5102,33324,10598
4360,33325,10599
114,33326,10600
4584,33327,10601
3751,33328,10602
1736,33329,10603
160,33330,10604
989,33331,10605
4470,33332,10606
1339,33333,10607
1663,33334,10608
5979,33335,10609
2736,33336,10610
4857,33337,10611
3383,33338,10612
559,33339,10613
573,33340,10614
5138,33341,10615
4632,33342,10616
3597,33344,10617
4986,33345,10618
2993,33346,10619
4536,33347,10620
5552,33348,10621
5407,33349,10622
4632,33350,10623
4332,33351,10624
4389,33352,10625
2138,33353,10626
220,33354,10627
4132,33355,10628
1698,33356,10629
5395,33357,10630
1942,33358,10631
4989,33359,10632
706,33360,10633
2657,33361,10634
4470,33362,10635
5649,33363,10636
5996,33364,10637
5533,33365,10638
5722,33366,10639
2903,33367,10640
3049,33368,10641
4844,33369,10642
4844,33370,10643
4000,33371,10644
1889,33372,10645
3009,33373,10646
2035,33374,10647
2227,33375,10648
501,33376,10649
3885,33377,10650
2143,33378,10651
2143,33379,10652
2625,33380,10653
4450,33381,10654
2218,33382,10655
4184,33383,10656
5343,33384,10657
339,33385,10658
1330,33386,10659
3856,33387,10660
1071,33388,10661
2074,33389,10662
2414,33390,10663
5836,33391,10664
1134,33392,10665
1502,33393,10666
6056,33394,10667
4300,33395,10668
678,33396,10669
559,33397,10670
2215,33398,10671
4812,33399,10672
5040,33400,10673
2730,33401,10674
1482,33402,10675
4280,33403,10676
5522,33404,10677
160,33405,10678
4220,33406,10679
628,33407,10680
452,33408,10681
2639,33409,10682
3859,33410,10683
1117,33411,10684
662,33412,10685
30,33413,10686
2421,33414,10687
1554,33415,10688
5187,33416,10689
2536,33417,10690
866,33418,10691
3874,33419,10692
1356,33420,10693
3206,33421,10694
2552,33422,10695
2461,33423,10696
4700,33424,10697
1193,33425,10698
3349,33426,10699
2777,33427,10700
1527,33428,10701
1980,33429,10702
3826,33430,10703
5472,33431,10704
4268,33432,10705
2941,33433,10706
1996,33434,10707
5771,33435,10708
5651,33436,10709
5184,33437,10710
5725,33438,10711
2404,33439,10712
5735,33440,10713
4455,33441,10714
2082,33442,10715
5397,33443,10716
3842,33444,10717
903,33445,10718
4902,33446,10719
1198,33447,10720
3520,33448,10721
144,33449,10722
4639,33450,10723
171,33451,10724
5012,33452,10725
5204,33453,10726
2846,33454,10727
6132,33455,10728
588,33456,10729
2633,33457,10730
5866,33458,10731
2817,33459,10732
2502,33460,10733
5285,33461,10734
1451,33462,10735
915,33463,10736
1399,33464,10737
3886,33465,10738
3178,33466,10739
2613,33467,10740
4113,33468,10741
2420,33469,10742
5848,33470,10743
5100,33471,10744
3661,33472,10745
5088,33473,10746
4522,33474,10747
1648,33475,10748
4540,33476,10749
1105,33477,10750
5072,33478,10751
636,33479,10752
2984,33480,10753
1279,33481,10754
5721,33482,10755
4357,33483,10756
5665,33484,10757
6129,33485,10758
2555,33486,10759
2310,33487,10760
1598,33488,10761
405,33489,10762
1991,33490,10763
1032,33491,10764
3642,33492,10765
2747,33493,10766
2244,33494,10767
278,33495,10768
4445,33496,10769
1557,33497,10770
2069,33498,10771
3554,33499,10772
3905,33500,10773
919,33501,10774
4492,33502,10775
3204,33503,10776
4801,33504,10777
4224,33505,10778
2396,33506,10779
2435,33507,10780
5201,33508,10781
2086,33509,10782
4463,33510,10783
5771,33511,10784
2726,33512,10785
1583,33513,10786
2225,33514,10787
1427,33515,10788
2834,33516,10789
1624,33517,10790
4351,33518,10791
4894,33519,10792
890,33520,10793
5091,33521,10794
1395,33522,10795
1279,33523,10796
6000,33524,10797
4197,33525,10798
4261,33526,10799
4627,33527,10800
757,33528,10801
6072,33529,10802
660,33530,10803
4549,33531,10804
1281,33532,10805
1898,33533,10806
2377,33534,10807
5098,33535,10808
405,33536,10809
1314,33537,10810
2909,33538,10811
2963,33539,10812
1315,33540,10813
5829,33541,10814
2982,33542,10815
4814,33543,10816
3626,33544,10817
5284,33545,10818
5919,33546,10819
1885,33547,10820
245,33548,10821
2211,33549,10822
3618,33550,10823
5144,33551,10824
1503,33552,10825
3106,33553,10826
5902,33554,10827
937,33555,10828
3634,33556,10829
481,33557,10830
222,33558,10831
2435,33559,10832
410,33560,10833
4911,33561,10834
1323,33562,10835
4518,33563,10836
3108,33564,10837
5286,33565,10838
1574,33566,10839
881,33567,10840
4744,33568,10841
1597,33569,10842
1234,33570,10843
4368,33571,10844
4634,33572,10845
3667,33573,10846
5064,33574,10847
4383,33575,10848
2723,33576,10849
5082,33577,10850
4159,33578,10851
5124,33579,10852
5781,33580,10853
1513,33581,10854
5822,33582,10855
611,33583,10856
3460,33584,10857
2565,33585,10858
2349,33586,10859
3767,33587,10860
5548,33588,10861
4161,33589,10862
4827,33590,10863
3235,33591,10864
3116,33592,10865
5784,33593,10866
5646,33594,10867
3793,33595,10868
2444,33596,10869
5742,33597,10870
644,33598,10871
2909,33599,10872
3695,33600,10873
1524,33601,10874
2506,33602,10875
143,33603,10876
1945,33604,10877
1031,33605,10878
2090,33606,10879
4322,33607,10880
4399,33608,10881
5752,33609,10882
5717,33610,10883
1414,33611,10884
3001,33612,10885
550,33613,10886
402,33614,10887
3488,33615,10888
4189,33616,10889
5645,33617,10890
4189,33618,10891
306,33619,10892
3280,33620,10893
3998,33621,10894
3530,33622,10895
3784,33623,10896
3351,33624,10897
4523,33625,10898
1948,33626,10899
2750,33627,10900
3045,33628,10901
1713,33629,10902
6046,33630,10903
5510,33631,10904
3960,33632,10905
5781,33633,10906
4032,33634,10907
5013,33635,10908
1327,33636,10909
1566,33637,10910
1714,33638,10911
3659,33639,10912
183,33640,10913
5753,33641,10914
3439,33642,10915
3241,33643,10916
2932,33644,10917
3025,33645,10918
5283,33646,10919
5283,33647,10920
502,33648,10921
57,33649,10922
4165,33650,10923
3499,33651,10924
2993,33652,10925
3116,33653,10926
1827,33654,10927
5737,33655,10928
2520,33656,10929
406,33657,10930
1470,33658,10931
3723,33659,10932
282,33660,10933
1158,33661,10934
4383,33662,10935
1972,33663,10936
6040,33664,10937
4419,33665,10938
3710,33666,10939
1600,33667,10940
1841,33668,10941
4879,33669,10942
5355,33670,10943
2665,33671,10944
4852,33672,10945
2771,33673,10946
5373,33674,10947
996,33675,10948
4923,33676,10949
2747,33677,10950
3280,33678,10951
1332,33679,10952
6116,33680,10953
1903,33681,10954
3512,33682,10955
2040,33683,10956
3676,33684,10957
195,33685,10958
4697,33686,10959
5901,33687,10960
5901,33688,10961
3572,33689,10962
5365,33690,10963
355,33691,10964
998,33692,10965
3443,33693,10966
887,33694,10967
285,33695,10968
2353,33696,10969
455,33697,10970
4432,33698,10971
520,33699,10972
127,33700,10973
2943,33701,10974
4848,33702,10975
4020,33703,10976
1257,33704,10977
5540,33705,10978
4888,33706,10979
523,33707,10980
4630,33708,10981
2441,33709,10982
1595,33710,10983
2325,33711,10984
2710,33712,10985
6018,33713,10986
3659,33714,10987
758,33715,10988
4645,33716,10989
85,33717,10990
5555,33718,10991
1685,33719,10992
877,33720,10993
4411,33721,10994
3757,33722,10995
5658,33723,10996
230,33724,10997
983,33725,10998
4869,33726,10999
2812,33727,11000
3186,33728,11001
1896,33729,11002
2697,33730,11003
4877,33731,11004
2103,33732,11005
3199,33733,11006
2560,33734,11007
3036,33735,11008
1243,33736,11009
4869,33737,11010
2532,33738,11011
5984,33739,11012
4385,33740,11013
5504,33741,11014
2190,33742,11015
102,33743,11016
1365,33744,11017
2914,33745,11018
5854,33746,11019
5146,33747,11020
2954,33748,11021
79,33749,11022
14,33750,11023
79,33751,11024
1070,33752,11025
2856,33753,11026
1354,33754,11027
2160,33755,11028
4889,33756,11029
1787,33757,11030
407,33758,11031
4034,33759,11032
3895,33760,11033
4602,33761,11034
446,33762,11035
1390,33763,11036
810,33764,11037
5721,33765,11038
3248,33766,11039
140,33767,11040
3373,33768,11041
1824,33769,11042
5644,33770,11043
639,33771,11044
5180,33772,11045
5062,33773,11046
3161,33774,11047
2568,33775,11048
200,33776,11049
4566,33777,11050
5697,33778,11051
5791,33779,11052
1168,33780,11053
3950,33781,11054
3512,33782,11055
4728,33783,11056
5710,33784,11057
3278,33785,11058
5172,33786,11059
2090,33787,11060
2067,33788,11061
1327,33789,11062
1031,33790,11063
4147,33791,11064
2151,33792,11065
3812,33793,11066
359,33794,11067
3828,33795,11068
3784,33796,11069
1887,33797,11070
2922,33798,11071
3248,33799,11072
2783,33800,11073
5085,33801,11074
3025,33802,11075
4415,33803,11076
5498,33804,11077
5773,33805,11078
5351,33806,11079
183,33807,11080
3858,33808,11081
2837,33809,11082
4907,33810,11083
3829,33811,11084
4533,33812,11085
5146,33813,11086
2670,33814,11087
4816,33815,11088
1529,33816,11089
5098,33817,11090
3447,33818,11091
4984,33819,11092
6129,33820,11093
565,33821,11094
5929,33822,11095
481,33823,11096
1614,33824,11097
2757,33825,11098
172,33826,11099
4183,33827,11100
74,33828,11101
712,33829,11102
3909,33830,11103
1860,33831,11104
4351,33832,11105
3523,33833,11106
767,33834,11107
2493,33835,11108
2981,33836,11109
5467,33837,11110
3152,33838,11111
3505,33839,11112
1279,33840,11113
470,33841,11114
2421,33842,11115
5497,33843,11116
2231,33844,11117
2025,33845,11118
5820,33846,11119
4404,33847,11120
4976,33848,11121
5361,33849,11122
3290,33850,11123
4598,33851,11124
3539,33852,11125
4719,33853,11126
2182,33854,11127
5778,33855,11128
1654,33856,11129
2864,33857,11130
131,33858,11131
5237,33859,11132
5901,33860,11133
3521,33861,11134
5429,33862,11135
4785,33863,11136
5582,33864,11137
3530,33865,11138
126,33866,11139
3810,33867,11140
1347,33868,11141
529,33869,11142
4657,33870,11143
2108,33871,11144
2246,33872,11145
5767,33873,11146
3484,33874,11147
1295,33875,11148
5752,33876,11149
5709,33877,11150
302,33878,11151
1472,33879,11152
2429,33880,11153
4549,33881,11154
1647,33882,11155
718,33883,11156
3087,33884,11157
6131,33885,11158
925,33886,11159
1106,33887,11160
4428,33888,11161
2739,33889,11162
1534,33890,11163
5171,33891,11164
333,33892,11165
1543,33893,11166
669,33894,11167
5284,33895,11168
1525,33896,11169
6042,33897,11170
4649,33898,11171
4649,33899,11172
4272,33900,11173
2144,33901,11174
606,33902,11175
3608,33903,11176
4274,33904,11177
4884,33905,11178
4566,33906,11179
598,33907,11180
2317,33908,11181
2104,33909,11182
2479,33910,11183
4336,33911,11184
323,33912,11185
2116,33913,11186
3501,33914,11187
913,33915,11188
913,33916,11189
913,33917,11190
2813,33918,11191
582,33919,11192
1711,33920,11193
5682,33921,11194
4042,33922,11195
6057,33923,11196
3376,33924,11197
206,33925,11198
4302,33926,11199
3494,33927,11200
2132,33928,11201
1997,33929,11202
126,33930,11203
1514,33931,11204
3764,33932,11205
1670,33933,11206
2800,33934,11207
1553,33935,11208
2228,33936,11209
290,33937,11210
2747,33938,11211
2090,33939,11212
388,33940,11213
2570,33941,11214
5242,33942,11215
3829,33943,11216
3800,33944,11217
3468,33945,11218
5103,33946,11219
2188,33947,11220
4887,33948,11221
1859,33949,11222
4611,33950,11223
6051,33951,11224
2991,33952,11225
477,33953,11226
2375,33954,11227
1607,33955,11228
1307,33956,11229
6104,33957,11230
3125,33958,11231
5680,33959,11232
183,33960,11233
36,33961,11234
6118,33962,11235
3560,33963,11236
6120,33964,11237
1331,33965,11238
1598,33966,11239
4380,33967,11240
301,33968,11241
1768,33969,11242
1533,33970,11243
5183,33971,11244
5183,33972,11245
662,33973,11246
662,33974,11247
4703,33975,11248
918,33976,11249
