movie_id,gen_mov_id,genre_id
1,1,1.0
2,2,1.0
2,3,2.0
3,4,1.0
3,5,3.0
4,6,
5,7,1.0
5,8,4.0
6,9,
7,10,1.0
8,11,5.0
9,12,3.0
10,13,1.0
10,14,6.0
11,15,2.0
11,16,3.0
11,17,4.0
11,18,6.0
12,19,1.0
13,20,7.0
13,21,3.0
13,22,4.0
14,23,1.0
15,24,1.0
16,25,8.0
16,26,1.0
16,27,9.0
16,28,4.0
17,29,5.0
18,30,10.0
18,31,11.0
19,32,1.0
20,33,1.0
21,34,12.0
22,35,3.0
23,36,13.0
24,37,5.0
25,38,1.0
26,39,1.0
27,40,14.0
28,41,8.0
28,42,1.0
28,43,9.0
28,44,12.0
29,45,7.0
29,46,3.0
29,47,15.0
30,48,1.0
30,49,3.0
31,50,16.0
32,51,1.0
33,52,4.0
33,53,12.0
34,54,1.0
35,55,13.0
36,56,5.0
37,57,1.0
38,58,17.0
39,59,1.0
39,60,3.0
39,61,4.0
40,62,1.0
41,63,3.0
42,64,1.0
43,65,13.0
43,66,16.0
43,67,18.0
43,68,5.0
44,69,5.0
45,70,3.0
46,71,16.0
47,72,17.0
48,73,5.0
49,74,3.0
50,75,2.0
50,76,5.0
51,77,1.0
52,78,5.0
53,79,14.0
54,80,5.0
55,81,3.0
56,82,14.0
57,83,8.0
57,84,1.0
58,85,2.0
58,86,19.0
59,87,2.0
59,88,19.0
60,89,1.0
61,90,13.0
62,91,3.0
63,92,2.0
63,93,19.0
64,94,5.0
65,95,16.0
66,96,3.0
67,97,1.0
68,98,18.0
68,99,3.0
69,100,2.0
69,101,19.0
70,102,13.0
71,103,16.0
72,104,13.0
73,105,
74,106,5.0
75,107,16.0
75,108,1.0
75,109,2.0
75,110,20.0
76,111,1.0
77,112,
78,113,3.0
79,114,1.0
80,115,
81,116,1.0
82,117,3.0
83,118,1.0
84,119,3.0
85,120,
86,121,16.0
87,122,3.0
88,123,13.0
89,124,16.0
90,125,16.0
91,126,3.0
92,127,1.0
93,128,1.0
94,129,3.0
95,130,1.0
96,131,5.0
97,132,13.0
98,133,17.0
99,134,16.0
100,135,1.0
101,136,1.0
102,137,1.0
103,138,3.0
104,139,1.0
105,140,3.0
106,141,13.0
107,142,16.0
108,143,16.0
109,144,3.0
110,145,1.0
110,146,6.0
110,147,15.0
111,148,1.0
112,149,1.0
113,150,3.0
114,151,3.0
115,152,3.0
116,153,1.0
117,154,1.0
118,155,3.0
119,156,13.0
120,157,3.0
121,158,16.0
122,159,17.0
123,160,3.0
124,161,14.0
125,162,2.0
125,163,19.0
126,164,3.0
127,165,1.0
128,166,13.0
129,167,1.0
130,168,13.0
131,169,13.0
132,170,1.0
133,171,
134,172,8.0
134,173,1.0
134,174,9.0
134,175,3.0
135,176,16.0
136,177,1.0
137,178,16.0
138,179,5.0
139,180,1.0
140,181,14.0
141,182,1.0
142,183,1.0
143,184,3.0
144,185,1.0
145,186,1.0
145,187,4.0
146,188,10.0
146,189,11.0
147,190,3.0
148,191,1.0
149,192,
150,193,1.0
151,194,16.0
152,195,13.0
152,196,2.0
152,197,6.0
153,198,1.0
154,199,21.0
155,200,16.0
156,201,1.0
157,202,16.0
158,203,1.0
159,204,5.0
160,205,13.0
161,206,16.0
162,207,10.0
162,208,11.0
163,209,3.0
164,210,2.0
164,211,19.0
165,212,1.0
166,213,3.0
167,214,3.0
168,215,3.0
169,216,3.0
170,217,3.0
171,218,1.0
172,219,3.0
173,220,1.0
174,221,3.0
175,222,16.0
176,223,3.0
177,224,3.0
178,225,1.0
179,226,2.0
179,227,19.0
180,228,17.0
181,229,3.0
182,230,1.0
183,231,1.0
184,232,1.0
185,233,13.0
186,234,
187,235,16.0
188,236,3.0
189,237,3.0
190,238,1.0
191,239,21.0
192,240,16.0
193,241,1.0
194,242,16.0
195,243,5.0
196,244,1.0
197,245,5.0
198,246,
199,247,1.0
200,248,5.0
201,249,5.0
202,250,3.0
203,251,3.0
204,252,17.0
205,253,2.0
205,254,19.0
206,255,1.0
207,256,1.0
208,257,1.0
208,258,9.0
208,259,2.0
209,260,16.0
210,261,3.0
210,262,4.0
210,263,21.0
211,264,1.0
212,265,1.0
213,266,1.0
214,267,1.0
215,268,17.0
216,269,1.0
217,270,3.0
218,271,1.0
219,272,1.0
219,273,4.0
219,274,6.0
220,275,10.0
220,276,11.0
221,277,1.0
222,278,8.0
222,279,1.0
222,280,9.0
222,281,22.0
222,282,2.0
222,283,6.0
223,284,16.0
224,285,16.0
225,286,13.0
226,287,2.0
226,288,19.0
227,289,17.0
228,290,10.0
228,291,11.0
229,292,2.0
229,293,19.0
230,294,1.0
231,295,3.0
232,296,1.0
232,297,22.0
232,298,2.0
232,299,6.0
233,300,13.0
234,301,3.0
235,302,10.0
235,303,11.0
236,304,1.0
237,305,5.0
238,306,5.0
239,307,2.0
239,308,19.0
240,309,5.0
241,310,1.0
242,311,
243,312,
244,313,5.0
245,314,5.0
246,315,1.0
247,316,5.0
248,317,13.0
249,318,1.0
249,319,3.0
249,320,4.0
250,321,5.0
251,322,1.0
252,323,3.0
253,324,3.0
254,325,1.0
255,326,1.0
256,327,21.0
257,328,
258,329,5.0
259,330,16.0
260,331,8.0
260,332,1.0
260,333,9.0
260,334,2.0
261,335,
262,336,16.0
263,337,3.0
264,338,8.0
264,339,1.0
264,340,6.0
265,341,5.0
266,342,1.0
267,343,14.0
268,344,3.0
269,345,14.0
270,346,20.0
271,347,13.0
272,348,16.0
273,349,3.0
274,350,1.0
275,351,21.0
276,352,3.0
277,353,
278,354,2.0
278,355,19.0
279,356,3.0
280,357,3.0
281,358,2.0
281,359,19.0
282,360,2.0
282,361,19.0
283,362,10.0
283,363,11.0
284,364,14.0
285,365,1.0
286,366,5.0
287,367,2.0
287,368,19.0
288,369,17.0
289,370,1.0
290,371,5.0
291,372,13.0
291,373,16.0
291,374,23.0
292,375,2.0
292,376,19.0
293,377,3.0
294,378,1.0
295,379,16.0
296,380,1.0
297,381,3.0
298,382,16.0
299,383,1.0
300,384,20.0
301,385,
302,386,5.0
303,387,23.0
303,388,1.0
303,389,3.0
304,390,16.0
305,391,3.0
306,392,20.0
307,393,1.0
308,394,14.0
309,395,1.0
310,396,3.0
311,397,13.0
312,398,3.0
312,399,24.0
313,400,13.0
314,401,3.0
315,402,13.0
316,403,2.0
316,404,19.0
317,405,1.0
318,406,13.0
318,407,16.0
318,408,7.0
318,409,3.0
318,410,15.0
319,411,5.0
320,412,16.0
321,413,3.0
322,414,5.0
323,415,17.0
324,416,3.0
325,417,10.0
325,418,11.0
326,419,1.0
327,420,1.0
328,421,2.0
328,422,19.0
329,423,3.0
330,424,16.0
331,425,21.0
332,426,16.0
333,427,3.0
334,428,3.0
335,429,14.0
336,430,1.0
337,431,16.0
338,432,5.0
339,433,1.0
339,434,7.0
339,435,25.0
339,436,15.0
340,437,1.0
341,438,1.0
342,439,3.0
343,440,1.0
344,441,1.0
345,442,1.0
346,443,3.0
347,444,3.0
348,445,13.0
349,446,3.0
350,447,17.0
351,448,3.0
352,449,13.0
353,450,1.0
354,451,1.0
355,452,3.0
356,453,3.0
357,454,13.0
358,455,14.0
359,456,5.0
360,457,5.0
361,458,8.0
361,459,5.0
362,460,2.0
362,461,19.0
363,462,1.0
364,463,1.0
365,464,21.0
366,465,1.0
367,466,16.0
368,467,3.0
369,468,1.0
370,469,3.0
371,470,3.0
372,471,8.0
372,472,1.0
372,473,9.0
373,474,3.0
374,475,1.0
375,476,2.0
375,477,19.0
376,478,10.0
376,479,11.0
377,480,5.0
378,481,3.0
379,482,14.0
380,483,1.0
381,484,2.0
381,485,19.0
382,486,1.0
383,487,17.0
384,488,16.0
385,489,3.0
386,490,1.0
387,491,1.0
388,492,1.0
389,493,3.0
390,494,3.0
391,495,5.0
392,496,3.0
393,497,26.0
394,498,2.0
394,499,19.0
395,500,1.0
396,501,20.0
397,502,1.0
398,503,1.0
399,504,5.0
400,505,5.0
401,506,16.0
402,507,1.0
403,508,2.0
403,509,19.0
404,510,5.0
405,511,2.0
405,512,19.0
406,513,16.0
407,514,13.0
408,515,5.0
409,516,1.0
410,517,5.0
411,518,5.0
412,519,13.0
413,520,5.0
414,521,8.0
414,522,1.0
414,523,4.0
414,524,21.0
415,525,14.0
416,526,5.0
417,527,1.0
418,528,16.0
419,529,1.0
420,530,1.0
421,531,1.0
422,532,2.0
422,533,19.0
423,534,16.0
424,535,1.0
425,536,1.0
426,537,5.0
427,538,1.0
428,539,16.0
429,540,10.0
429,541,11.0
430,542,16.0
431,543,1.0
432,544,1.0
433,545,5.0
434,546,2.0
434,547,19.0
435,548,1.0
436,549,3.0
437,550,5.0
438,551,13.0
439,552,13.0
440,553,3.0
440,554,4.0
441,555,5.0
442,556,5.0
443,557,8.0
443,558,1.0
444,559,3.0
445,560,2.0
445,561,19.0
446,562,1.0
447,563,1.0
448,564,1.0
449,565,10.0
449,566,11.0
450,567,3.0
451,568,5.0
452,569,2.0
452,570,19.0
453,571,10.0
453,572,11.0
454,573,5.0
455,574,13.0
455,575,3.0
456,576,17.0
457,577,13.0
458,578,1.0
459,579,17.0
460,580,13.0
461,581,5.0
462,582,3.0
463,583,1.0
464,584,16.0
465,585,3.0
466,586,13.0
467,587,5.0
468,588,1.0
469,589,13.0
470,590,16.0
471,591,5.0
472,592,5.0
473,593,1.0
474,594,1.0
475,595,3.0
476,596,1.0
477,597,5.0
478,598,14.0
479,599,5.0
480,600,8.0
480,601,1.0
480,602,18.0
480,603,3.0
481,604,1.0
482,605,
483,606,1.0
484,607,2.0
484,608,19.0
485,609,1.0
486,610,17.0
487,611,1.0
488,612,5.0
489,613,5.0
490,614,1.0
491,615,3.0
492,616,26.0
493,617,1.0
494,618,16.0
494,619,7.0
494,620,3.0
494,621,25.0
494,622,15.0
495,623,2.0
495,624,19.0
496,625,1.0
497,626,16.0
498,627,1.0
499,628,13.0
499,629,2.0
499,630,6.0
500,631,5.0
501,632,16.0
502,633,1.0
503,634,1.0
504,635,3.0
505,636,3.0
506,637,1.0
507,638,10.0
507,639,11.0
508,640,1.0
509,641,5.0
510,642,3.0
511,643,5.0
512,644,
513,645,2.0
513,646,19.0
514,647,5.0
515,648,5.0
516,649,5.0
517,650,1.0
518,651,5.0
519,652,16.0
520,653,
521,654,1.0
522,655,16.0
523,656,5.0
524,657,3.0
525,658,1.0
526,659,
527,660,1.0
528,661,3.0
529,662,3.0
530,663,3.0
531,664,16.0
532,665,1.0
533,666,1.0
534,667,1.0
535,668,3.0
536,669,10.0
536,670,11.0
537,671,1.0
538,672,1.0
539,673,1.0
540,674,1.0
541,675,1.0
542,676,16.0
543,677,1.0
544,678,21.0
545,679,
546,680,1.0
547,681,2.0
547,682,19.0
548,683,1.0
549,684,5.0
550,685,16.0
551,686,14.0
552,687,3.0
553,688,5.0
554,689,17.0
555,690,1.0
556,691,23.0
556,692,1.0
556,693,7.0
556,694,3.0
557,695,1.0
558,696,1.0
559,697,1.0
560,698,1.0
561,699,10.0
561,700,11.0
562,701,1.0
563,702,13.0
564,703,5.0
565,704,1.0
566,705,1.0
567,706,2.0
567,707,19.0
568,708,3.0
569,709,3.0
570,710,13.0
571,711,13.0
572,712,3.0
573,713,3.0
574,714,17.0
575,715,17.0
576,716,14.0
577,717,1.0
578,718,5.0
579,719,16.0
580,720,14.0
581,721,1.0
582,722,16.0
582,723,1.0
582,724,2.0
582,725,7.0
582,726,14.0
582,727,4.0
582,728,12.0
583,729,1.0
584,730,1.0
585,731,10.0
585,732,11.0
586,733,5.0
587,734,1.0
588,735,
589,736,13.0
590,737,10.0
590,738,11.0
591,739,1.0
592,740,5.0
593,741,1.0
594,742,1.0
595,743,13.0
596,744,1.0
597,745,
598,746,1.0
598,747,2.0
599,748,5.0
600,749,16.0
601,750,13.0
602,751,8.0
602,752,1.0
602,753,24.0
603,754,3.0
604,755,1.0
605,756,1.0
606,757,5.0
607,758,14.0
608,759,5.0
609,760,
610,761,1.0
611,762,16.0
612,763,3.0
613,764,1.0
614,765,1.0
615,766,1.0
616,767,16.0
616,768,1.0
616,769,3.0
617,770,1.0
618,771,2.0
618,772,19.0
619,773,5.0
620,774,1.0
621,775,1.0
622,776,14.0
623,777,16.0
624,778,16.0
625,779,22.0
625,780,2.0
625,781,14.0
626,782,16.0
627,783,1.0
628,784,13.0
629,785,3.0
630,786,3.0
631,787,1.0
632,788,3.0
633,789,16.0
634,790,3.0
635,791,8.0
635,792,1.0
635,793,9.0
635,794,3.0
636,795,1.0
637,796,1.0
638,797,
639,798,10.0
639,799,11.0
640,800,10.0
640,801,11.0
641,802,3.0
642,803,1.0
643,804,17.0
644,805,1.0
645,806,1.0
646,807,10.0
646,808,11.0
647,809,1.0
648,810,1.0
649,811,1.0
650,812,
651,813,3.0
652,814,16.0
653,815,2.0
653,816,19.0
654,817,17.0
655,818,21.0
656,819,14.0
657,820,3.0
658,821,3.0
659,822,5.0
660,823,1.0
661,824,5.0
662,825,3.0
663,826,14.0
664,827,13.0
665,828,1.0
666,829,3.0
667,830,14.0
668,831,5.0
669,832,3.0
670,833,5.0
671,834,14.0
672,835,1.0
673,836,16.0
674,837,3.0
675,838,2.0
675,839,19.0
676,840,17.0
677,841,1.0
678,842,5.0
679,843,13.0
680,844,1.0
681,845,17.0
682,846,1.0
683,847,
684,848,14.0
685,849,1.0
686,850,17.0
687,851,10.0
687,852,11.0
688,853,10.0
688,854,11.0
689,855,1.0
690,856,1.0
691,857,1.0
692,858,2.0
692,859,19.0
693,860,2.0
693,861,19.0
694,862,5.0
695,863,1.0
696,864,5.0
697,865,5.0
698,866,1.0
699,867,5.0
700,868,13.0
701,869,26.0
702,870,5.0
703,871,
704,872,5.0
705,873,13.0
706,874,13.0
706,875,16.0
706,876,1.0
706,877,22.0
706,878,2.0
706,879,6.0
707,880,1.0
708,881,13.0
709,882,14.0
710,883,17.0
711,884,1.0
711,885,22.0
711,886,2.0
711,887,6.0
712,888,14.0
713,889,10.0
713,890,11.0
714,891,1.0
715,892,2.0
715,893,19.0
716,894,3.0
717,895,3.0
718,896,1.0
719,897,1.0
720,898,5.0
721,899,
722,900,3.0
723,901,14.0
724,902,5.0
725,903,1.0
726,904,3.0
727,905,1.0
728,906,1.0
729,907,
730,908,1.0
731,909,1.0
732,910,
733,911,1.0
734,912,10.0
734,913,11.0
735,914,17.0
736,915,2.0
736,916,19.0
737,917,1.0
738,918,3.0
739,919,13.0
740,920,16.0
741,921,3.0
742,922,17.0
743,923,1.0
744,924,17.0
745,925,1.0
746,926,5.0
747,927,1.0
747,928,6.0
748,929,13.0
748,930,16.0
748,931,23.0
748,932,7.0
748,933,3.0
748,934,25.0
748,935,15.0
749,936,5.0
750,937,5.0
751,938,8.0
751,939,1.0
751,940,9.0
752,941,5.0
753,942,13.0
754,943,1.0
755,944,3.0
756,945,1.0
757,946,1.0
758,947,5.0
759,948,21.0
760,949,1.0
761,950,5.0
762,951,1.0
763,952,1.0
764,953,5.0
765,954,3.0
766,955,3.0
767,956,16.0
768,957,14.0
769,958,5.0
770,959,5.0
771,960,1.0
772,961,16.0
773,962,3.0
774,963,
775,964,
776,965,1.0
777,966,13.0
777,967,16.0
777,968,8.0
777,969,1.0
777,970,2.0
778,971,1.0
779,972,1.0
780,973,13.0
781,974,27.0
782,975,5.0
783,976,1.0
784,977,16.0
785,978,5.0
786,979,1.0
787,980,5.0
788,981,16.0
789,982,16.0
790,983,5.0
791,984,1.0
792,985,3.0
793,986,3.0
794,987,1.0
795,988,1.0
796,989,17.0
797,990,1.0
797,991,3.0
798,992,16.0
799,993,1.0
799,994,4.0
800,995,
801,996,5.0
802,997,16.0
803,998,1.0
804,999,16.0
805,1000,13.0
806,1001,14.0
807,1002,1.0
807,1003,22.0
807,1004,4.0
808,1005,1.0
809,1006,3.0
810,1007,17.0
811,1008,5.0
812,1009,1.0
813,1010,1.0
814,1011,27.0
815,1012,27.0
816,1013,1.0
817,1014,1.0
818,1015,1.0
819,1016,17.0
820,1017,20.0
821,1018,13.0
821,1019,23.0
821,1020,2.0
821,1021,14.0
822,1022,16.0
823,1023,5.0
824,1024,27.0
825,1025,13.0
826,1026,1.0
827,1027,1.0
828,1028,1.0
829,1029,5.0
830,1030,2.0
830,1031,19.0
831,1032,3.0
832,1033,5.0
833,1034,1.0
834,1035,10.0
834,1036,11.0
835,1037,1.0
836,1038,1.0
837,1039,8.0
837,1040,9.0
837,1041,12.0
837,1042,5.0
838,1043,1.0
839,1044,
840,1045,3.0
841,1046,1.0
842,1047,3.0
843,1048,1.0
844,1049,1.0
845,1050,3.0
846,1051,1.0
847,1052,2.0
847,1053,19.0
848,1054,3.0
849,1055,17.0
850,1056,5.0
851,1057,3.0
852,1058,1.0
853,1059,2.0
853,1060,19.0
854,1061,16.0
855,1062,16.0
856,1063,1.0
857,1064,17.0
858,1065,1.0
859,1066,
860,1067,3.0
861,1068,3.0
862,1069,
863,1070,1.0
864,1071,3.0
865,1072,10.0
865,1073,11.0
866,1074,1.0
867,1075,13.0
868,1076,2.0
868,1077,19.0
869,1078,16.0
870,1079,1.0
871,1080,3.0
872,1081,16.0
873,1082,1.0
874,1083,16.0
875,1084,3.0
876,1085,17.0
877,1086,1.0
878,1087,10.0
878,1088,11.0
879,1089,5.0
880,1090,5.0
881,1091,1.0
882,1092,1.0
883,1093,3.0
884,1094,3.0
885,1095,5.0
886,1096,1.0
887,1097,1.0
888,1098,5.0
889,1099,3.0
890,1100,5.0
891,1101,1.0
892,1102,5.0
893,1103,17.0
894,1104,3.0
895,1105,3.0
896,1106,5.0
897,1107,13.0
898,1108,3.0
899,1109,1.0
899,1110,2.0
900,1111,1.0
901,1112,5.0
902,1113,1.0
903,1114,17.0
904,1115,17.0
905,1116,3.0
906,1117,3.0
907,1118,3.0
908,1119,3.0
909,1120,10.0
909,1121,11.0
910,1122,2.0
910,1123,19.0
911,1124,1.0
911,1125,6.0
912,1126,1.0
913,1127,1.0
913,1128,4.0
914,1129,5.0
915,1130,10.0
915,1131,11.0
916,1132,1.0
917,1133,14.0
918,1134,21.0
919,1135,1.0
920,1136,8.0
920,1137,1.0
920,1138,3.0
921,1139,13.0
921,1140,3.0
921,1141,12.0
922,1142,16.0
922,1143,23.0
922,1144,1.0
922,1145,4.0
923,1146,3.0
924,1147,13.0
925,1148,14.0
926,1149,13.0
926,1150,16.0
926,1151,23.0
926,1152,1.0
926,1153,9.0
926,1154,7.0
927,1155,3.0
928,1156,14.0
929,1157,17.0
930,1158,1.0
930,1159,9.0
930,1160,2.0
931,1161,16.0
932,1162,
933,1163,1.0
934,1164,1.0
935,1165,
936,1166,
937,1167,5.0
938,1168,3.0
939,1169,3.0
940,1170,1.0
941,1171,10.0
941,1172,11.0
942,1173,1.0
943,1174,1.0
944,1175,13.0
945,1176,2.0
945,1177,19.0
946,1178,1.0
947,1179,1.0
948,1180,3.0
949,1181,13.0
950,1182,14.0
951,1183,2.0
951,1184,19.0
952,1185,1.0
953,1186,5.0
954,1187,10.0
954,1188,11.0
955,1189,14.0
956,1190,1.0
957,1191,1.0
958,1192,16.0
959,1193,2.0
959,1194,19.0
960,1195,2.0
960,1196,19.0
961,1197,22.0
961,1198,2.0
962,1199,1.0
963,1200,3.0
964,1201,5.0
965,1202,3.0
966,1203,5.0
967,1204,5.0
968,1205,5.0
969,1206,1.0
970,1207,5.0
971,1208,1.0
972,1209,3.0
973,1210,16.0
974,1211,1.0
975,1212,8.0
975,1213,1.0
975,1214,4.0
976,1215,1.0
977,1216,16.0
978,1217,1.0
979,1218,3.0
980,1219,5.0
981,1220,5.0
982,1221,3.0
983,1222,1.0
984,1223,3.0
985,1224,3.0
986,1225,
987,1226,17.0
988,1227,5.0
989,1228,2.0
989,1229,19.0
990,1230,5.0
991,1231,3.0
992,1232,1.0
993,1233,3.0
994,1234,16.0
995,1235,5.0
996,1236,1.0
996,1237,2.0
997,1238,13.0
998,1239,3.0
999,1240,2.0
999,1241,6.0
1000,1242,
1001,1243,
1002,1244,1.0
1003,1245,1.0
1004,1246,3.0
1005,1247,1.0
1006,1248,1.0
1007,1249,1.0
1008,1250,5.0
1009,1251,3.0
1010,1252,9.0
1010,1253,5.0
1011,1254,10.0
1011,1255,11.0
1012,1256,
1013,1257,1.0
1014,1258,16.0
1015,1259,16.0
1016,1260,5.0
1017,1261,1.0
1018,1262,1.0
1019,1263,16.0
1020,1264,3.0
1021,1265,2.0
1021,1266,19.0
1022,1267,2.0
1022,1268,19.0
1023,1269,5.0
1024,1270,16.0
1025,1271,1.0
1026,1272,3.0
1027,1273,5.0
1028,1274,1.0
1029,1275,1.0
1029,1276,25.0
1029,1277,15.0
1030,1278,
1031,1279,1.0
1032,1280,
1033,1281,1.0
1034,1282,1.0
1035,1283,3.0
1036,1284,26.0
1037,1285,1.0
1038,1286,3.0
1039,1287,5.0
1040,1288,5.0
1041,1289,2.0
1041,1290,19.0
1042,1291,2.0
1042,1292,19.0
1043,1293,1.0
1044,1294,27.0
1045,1295,3.0
1046,1296,2.0
1046,1297,19.0
1047,1298,14.0
1048,1299,1.0
1048,1300,4.0
1049,1301,1.0
1050,1302,3.0
1051,1303,14.0
1052,1304,9.0
1052,1305,15.0
1052,1306,5.0
1053,1307,1.0
1054,1308,1.0
1055,1309,1.0
1056,1310,16.0
1057,1311,1.0
1058,1312,10.0
1058,1313,11.0
1059,1314,5.0
1060,1315,16.0
1061,1316,16.0
1062,1317,1.0
1063,1318,3.0
1064,1319,1.0
1065,1320,3.0
1066,1321,13.0
1066,1322,16.0
1066,1323,23.0
1066,1324,7.0
1066,1325,12.0
1067,1326,1.0
1068,1327,13.0
1068,1328,16.0
1068,1329,22.0
1068,1330,2.0
1068,1331,7.0
1069,1332,3.0
1070,1333,17.0
1071,1334,2.0
1071,1335,19.0
1072,1336,1.0
1073,1337,5.0
1074,1338,5.0
1075,1339,5.0
1076,1340,1.0
1077,1341,27.0
1078,1342,10.0
1078,1343,11.0
1079,1344,10.0
1079,1345,11.0
1080,1346,1.0
1081,1347,10.0
1081,1348,11.0
1082,1349,2.0
1082,1350,19.0
1083,1351,5.0
1084,1352,5.0
1085,1353,17.0
1086,1354,13.0
1087,1355,1.0
1088,1356,13.0
1089,1357,1.0
1090,1358,16.0
1091,1359,5.0
1092,1360,
1093,1361,
1094,1362,16.0
1094,1363,7.0
1094,1364,3.0
1094,1365,25.0
1094,1366,15.0
1095,1367,5.0
1096,1368,5.0
1097,1369,3.0
1098,1370,8.0
1098,1371,1.0
1099,1372,14.0
1100,1373,16.0
1101,1374,13.0
1102,1375,1.0
1103,1376,13.0
1104,1377,1.0
1105,1378,14.0
1106,1379,1.0
1107,1380,5.0
1108,1381,1.0
1109,1382,1.0
1109,1383,22.0
1109,1384,2.0
1110,1385,3.0
1111,1386,3.0
1112,1387,2.0
1112,1388,19.0
1113,1389,3.0
1114,1390,3.0
1115,1391,10.0
1115,1392,11.0
1116,1393,5.0
1117,1394,16.0
1118,1395,
1119,1396,
1120,1397,1.0
1121,1398,5.0
1122,1399,5.0
1123,1400,1.0
1124,1401,3.0
1125,1402,
1126,1403,10.0
1126,1404,11.0
1127,1405,16.0
1128,1406,27.0
1129,1407,10.0
1129,1408,11.0
1130,1409,1.0
1131,1410,3.0
1132,1411,13.0
1133,1412,3.0
1134,1413,10.0
1134,1414,11.0
1135,1415,1.0
1136,1416,3.0
1137,1417,5.0
1138,1418,1.0
1139,1419,5.0
1140,1420,1.0
1141,1421,1.0
1142,1422,5.0
1143,1423,3.0
1144,1424,2.0
1144,1425,19.0
1145,1426,3.0
1146,1427,5.0
1147,1428,1.0
1148,1429,16.0
1149,1430,16.0
1150,1431,1.0
1151,1432,1.0
1152,1433,5.0
1153,1434,5.0
1154,1435,2.0
1154,1436,19.0
1155,1437,
1156,1438,1.0
1156,1439,3.0
1156,1440,6.0
1157,1441,13.0
1158,1442,1.0
1159,1443,5.0
1160,1444,17.0
1161,1445,1.0
1162,1446,17.0
1163,1447,1.0
1164,1448,5.0
1165,1449,21.0
1166,1450,3.0
1167,1451,1.0
1168,1452,1.0
1169,1453,5.0
1170,1454,5.0
1171,1455,13.0
1172,1456,1.0
1173,1457,17.0
1174,1458,20.0
1175,1459,13.0
1176,1460,1.0
1177,1461,10.0
1177,1462,11.0
1178,1463,3.0
1179,1464,5.0
1180,1465,1.0
1180,1466,22.0
1180,1467,2.0
1180,1468,4.0
1180,1469,6.0
1181,1470,1.0
1182,1471,3.0
1183,1472,13.0
1184,1473,1.0
1185,1474,14.0
1186,1475,1.0
1187,1476,1.0
1188,1477,1.0
1188,1478,2.0
1188,1479,12.0
1189,1480,17.0
1190,1481,10.0
1190,1482,11.0
1191,1483,1.0
1192,1484,1.0
1193,1485,3.0
1194,1486,14.0
1195,1487,17.0
1196,1488,17.0
1197,1489,20.0
1198,1490,14.0
1199,1491,5.0
1200,1492,3.0
1201,1493,1.0
1202,1494,5.0
1203,1495,1.0
1204,1496,1.0
1205,1497,5.0
1206,1498,10.0
1206,1499,11.0
1207,1500,3.0
1208,1501,5.0
1209,1502,5.0
1210,1503,1.0
1211,1504,1.0
1212,1505,
1213,1506,5.0
1214,1507,1.0
1215,1508,3.0
1216,1509,14.0
1217,1510,13.0
1218,1511,1.0
1219,1512,3.0
1220,1513,1.0
1221,1514,16.0
1222,1515,3.0
1223,1516,3.0
1224,1517,13.0
1225,1518,5.0
1226,1519,1.0
1227,1520,1.0
1228,1521,2.0
1229,1522,13.0
1230,1523,3.0
1231,1524,1.0
1232,1525,
1233,1526,5.0
1234,1527,1.0
1235,1528,1.0
1236,1529,1.0
1237,1530,
1238,1531,1.0
1239,1532,3.0
1240,1533,2.0
1240,1534,19.0
1241,1535,5.0
1242,1536,27.0
1243,1537,1.0
1244,1538,1.0
1245,1539,5.0
1246,1540,3.0
1247,1541,17.0
1248,1542,3.0
1249,1543,1.0
1250,1544,16.0
1251,1545,3.0
1252,1546,3.0
1253,1547,3.0
1254,1548,5.0
1255,1549,1.0
1256,1550,1.0
1257,1551,5.0
1258,1552,1.0
1259,1553,1.0
1260,1554,3.0
1261,1555,3.0
1262,1556,27.0
1263,1557,3.0
1264,1558,13.0
1265,1559,14.0
1266,1560,2.0
1266,1561,19.0
1267,1562,1.0
1268,1563,10.0
1268,1564,11.0
1269,1565,14.0
1270,1566,1.0
1271,1567,5.0
1272,1568,3.0
1273,1569,5.0
1274,1570,1.0
1275,1571,16.0
1276,1572,1.0
1277,1573,14.0
1278,1574,20.0
1279,1575,5.0
1280,1576,1.0
1281,1577,5.0
1282,1578,21.0
1283,1579,1.0
1284,1580,14.0
1285,1581,13.0
1285,1582,16.0
1285,1583,23.0
1285,1584,22.0
1285,1585,2.0
1285,1586,14.0
1285,1587,12.0
1286,1588,2.0
1286,1589,19.0
1287,1590,3.0
1288,1591,1.0
1289,1592,1.0
1290,1593,3.0
1291,1594,
1292,1595,1.0
1293,1596,1.0
1294,1597,3.0
1295,1598,13.0
1296,1599,1.0
1297,1600,10.0
1297,1601,11.0
1298,1602,5.0
1299,1603,1.0
1300,1604,14.0
1301,1605,1.0
1302,1606,1.0
1303,1607,17.0
1304,1608,3.0
1305,1609,1.0
1306,1610,3.0
1307,1611,16.0
1308,1612,13.0
1309,1613,3.0
1310,1614,1.0
1311,1615,16.0
1311,1616,7.0
1311,1617,3.0
1311,1618,25.0
1311,1619,15.0
1312,1620,13.0
1313,1621,1.0
1314,1622,1.0
1315,1623,3.0
1316,1624,2.0
1316,1625,19.0
1317,1626,
1318,1627,13.0
1319,1628,3.0
1320,1629,
1321,1630,
1322,1631,3.0
1323,1632,13.0
1324,1633,16.0
1325,1634,1.0
1326,1635,1.0
1327,1636,17.0
1328,1637,10.0
1328,1638,11.0
1329,1639,1.0
1330,1640,3.0
1331,1641,1.0
1332,1642,
1333,1643,
1334,1644,3.0
1335,1645,1.0
1336,1646,5.0
1337,1647,3.0
1338,1648,5.0
1339,1649,2.0
1339,1650,19.0
1340,1651,1.0
1341,1652,14.0
1342,1653,1.0
1343,1654,1.0
1344,1655,13.0
1345,1656,16.0
1346,1657,1.0
1347,1658,2.0
1347,1659,19.0
1348,1660,1.0
1349,1661,17.0
1350,1662,5.0
1351,1663,17.0
1352,1664,1.0
1353,1665,16.0
1354,1666,1.0
1355,1667,2.0
1355,1668,19.0
1356,1669,1.0
1357,1670,1.0
1357,1671,3.0
1357,1672,4.0
1358,1673,5.0
1359,1674,21.0
1360,1675,17.0
1361,1676,13.0
1362,1677,1.0
1363,1678,17.0
1364,1679,16.0
1365,1680,14.0
1366,1681,3.0
1367,1682,3.0
1367,1683,5.0
1368,1684,1.0
1369,1685,2.0
1369,1686,19.0
1370,1687,16.0
1371,1688,
1372,1689,23.0
1372,1690,1.0
1372,1691,22.0
1372,1692,2.0
1372,1693,7.0
1372,1694,4.0
1373,1695,13.0
1374,1696,5.0
1375,1697,5.0
1376,1698,1.0
1377,1699,13.0
1378,1700,1.0
1379,1701,2.0
1379,1702,19.0
1380,1703,3.0
1381,1704,1.0
1382,1705,1.0
1383,1706,17.0
1384,1707,3.0
1385,1708,
1386,1709,1.0
1387,1710,2.0
1387,1711,19.0
1388,1712,1.0
1389,1713,1.0
1390,1714,1.0
1391,1715,5.0
1392,1716,2.0
1392,1717,14.0
1393,1718,3.0
1394,1719,3.0
1395,1720,1.0
1396,1721,14.0
1397,1722,2.0
1397,1723,19.0
1398,1724,16.0
1399,1725,5.0
1400,1726,3.0
1401,1727,1.0
1402,1728,1.0
1403,1729,
1404,1730,14.0
1405,1731,5.0
1406,1732,14.0
1407,1733,1.0
1408,1734,1.0
1408,1735,14.0
1409,1736,10.0
1409,1737,11.0
1410,1738,1.0
1411,1739,1.0
1412,1740,14.0
1413,1741,1.0
1414,1742,10.0
1414,1743,11.0
1415,1744,1.0
1416,1745,1.0
1417,1746,5.0
1418,1747,5.0
1419,1748,1.0
1419,1749,4.0
1420,1750,5.0
1421,1751,3.0
1422,1752,3.0
1423,1753,14.0
1424,1754,3.0
1425,1755,1.0
1426,1756,5.0
1427,1757,5.0
1428,1758,16.0
1429,1759,1.0
1430,1760,13.0
1431,1761,1.0
1431,1762,4.0
1432,1763,1.0
1433,1764,3.0
1434,1765,
1435,1766,13.0
1436,1767,8.0
1436,1768,1.0
1436,1769,2.0
1436,1770,14.0
1436,1771,6.0
1437,1772,5.0
1438,1773,1.0
1438,1774,2.0
1438,1775,14.0
1439,1776,1.0
1440,1777,1.0
1441,1778,1.0
1442,1779,3.0
1443,1780,8.0
1443,1781,1.0
1444,1782,5.0
1445,1783,1.0
1445,1784,3.0
1445,1785,12.0
1446,1786,21.0
1447,1787,
1448,1788,5.0
1449,1789,1.0
1450,1790,10.0
1450,1791,11.0
1451,1792,1.0
1452,1793,5.0
1453,1794,5.0
1454,1795,1.0
1455,1796,1.0
1456,1797,14.0
1457,1798,1.0
1458,1799,1.0
1459,1800,1.0
1460,1801,1.0
1461,1802,1.0
1462,1803,1.0
1463,1804,2.0
1463,1805,19.0
1464,1806,13.0
1465,1807,16.0
1466,1808,1.0
1467,1809,1.0
1467,1810,3.0
1467,1811,4.0
1467,1812,21.0
1468,1813,1.0
1469,1814,
1470,1815,17.0
1471,1816,14.0
1472,1817,5.0
1473,1818,3.0
1474,1819,17.0
1475,1820,1.0
1476,1821,5.0
1477,1822,16.0
1478,1823,1.0
1479,1824,10.0
1479,1825,11.0
1480,1826,1.0
1481,1827,3.0
1482,1828,1.0
1483,1829,21.0
1484,1830,1.0
1485,1831,17.0
1486,1832,5.0
1487,1833,1.0
1488,1834,1.0
1489,1835,14.0
1490,1836,1.0
1491,1837,
1492,1838,13.0
1493,1839,1.0
1494,1840,1.0
1494,1841,3.0
1494,1842,6.0
1495,1843,1.0
1496,1844,3.0
1497,1845,3.0
1498,1846,3.0
1499,1847,1.0
1500,1848,14.0
1501,1849,2.0
1501,1850,19.0
1502,1851,5.0
1503,1852,1.0
1504,1853,5.0
1505,1854,5.0
1506,1855,1.0
1507,1856,8.0
1507,1857,3.0
1507,1858,5.0
1508,1859,5.0
1509,1860,5.0
1510,1861,2.0
1510,1862,14.0
1511,1863,5.0
1512,1864,1.0
1513,1865,1.0
1514,1866,13.0
1514,1867,14.0
1515,1868,1.0
1516,1869,1.0
1517,1870,3.0
1518,1871,1.0
1519,1872,21.0
1520,1873,1.0
1521,1874,1.0
1522,1875,5.0
1523,1876,
1524,1877,1.0
1524,1878,3.0
1524,1879,4.0
1525,1880,1.0
1526,1881,10.0
1526,1882,11.0
1527,1883,1.0
1528,1884,1.0
1529,1885,1.0
1530,1886,1.0
1530,1887,2.0
1531,1888,1.0
1532,1889,17.0
1533,1890,3.0
1534,1891,13.0
1535,1892,1.0
1536,1893,5.0
1537,1894,20.0
1538,1895,1.0
1538,1896,3.0
1538,1897,4.0
1539,1898,5.0
1540,1899,16.0
1541,1900,5.0
1542,1901,16.0
1543,1902,3.0
1544,1903,2.0
1544,1904,19.0
1545,1905,3.0
1546,1906,1.0
1547,1907,17.0
1548,1908,1.0
1549,1909,5.0
1550,1910,1.0
1551,1911,5.0
1552,1912,1.0
1553,1913,1.0
1553,1914,22.0
1553,1915,3.0
1554,1916,16.0
1555,1917,16.0
1556,1918,13.0
1557,1919,1.0
1558,1920,1.0
1559,1921,5.0
1560,1922,5.0
1561,1923,2.0
1561,1924,19.0
1562,1925,1.0
1563,1926,1.0
1564,1927,3.0
1565,1928,3.0
1566,1929,2.0
1566,1930,19.0
1567,1931,14.0
1568,1932,5.0
1569,1933,13.0
1570,1934,16.0
1571,1935,3.0
1572,1936,5.0
1573,1937,14.0
1574,1938,1.0
1575,1939,5.0
1576,1940,5.0
1577,1941,1.0
1578,1942,1.0
1579,1943,1.0
1580,1944,13.0
1581,1945,17.0
1582,1946,16.0
1583,1947,1.0
1584,1948,1.0
1585,1949,
1586,1950,5.0
1587,1951,5.0
1588,1952,17.0
1589,1953,2.0
1589,1954,19.0
1590,1955,3.0
1591,1956,14.0
1592,1957,3.0
1593,1958,5.0
1594,1959,5.0
1595,1960,8.0
1595,1961,1.0
1595,1962,9.0
1596,1963,1.0
1597,1964,14.0
1598,1965,13.0
1599,1966,1.0
1600,1967,1.0
1601,1968,5.0
1602,1969,3.0
1603,1970,3.0
1604,1971,5.0
1605,1972,10.0
1605,1973,11.0
1606,1974,5.0
1607,1975,2.0
1607,1976,19.0
1608,1977,1.0
1608,1978,22.0
1608,1979,2.0
1609,1980,1.0
1610,1981,8.0
1610,1982,1.0
1610,1983,2.0
1610,1984,4.0
1611,1985,1.0
1612,1986,16.0
1613,1987,13.0
1614,1988,1.0
1614,1989,9.0
1615,1990,5.0
1616,1991,1.0
1617,1992,1.0
1618,1993,14.0
1619,1994,10.0
1619,1995,11.0
1620,1996,14.0
1621,1997,1.0
1622,1998,10.0
1622,1999,11.0
1623,2000,5.0
1624,2001,5.0
1625,2002,5.0
1626,2003,1.0
1627,2004,17.0
1628,2005,
1629,2006,13.0
1629,2007,16.0
1629,2008,3.0
1630,2009,5.0
1631,2010,13.0
1632,2011,3.0
1633,2012,2.0
1633,2013,19.0
1634,2014,1.0
1634,2015,22.0
1634,2016,6.0
1635,2017,1.0
1636,2018,5.0
1637,2019,16.0
1638,2020,1.0
1639,2021,14.0
1640,2022,3.0
1641,2023,17.0
1642,2024,26.0
1643,2025,5.0
1644,2026,16.0
1645,2027,3.0
1646,2028,17.0
1647,2029,5.0
1648,2030,5.0
1649,2031,3.0
1650,2032,1.0
1651,2033,1.0
1652,2034,2.0
1653,2035,5.0
1654,2036,2.0
1654,2037,14.0
1655,2038,2.0
1655,2039,19.0
1656,2040,1.0
1657,2041,2.0
1657,2042,19.0
1658,2043,17.0
1659,2044,5.0
1660,2045,5.0
1661,2046,1.0
1662,2047,3.0
1663,2048,16.0
1664,2049,1.0
1664,2050,3.0
1664,2051,4.0
1665,2052,3.0
1666,2053,1.0
1667,2054,1.0
1667,2055,3.0
1667,2056,6.0
1668,2057,1.0
1668,2058,22.0
1668,2059,2.0
1669,2060,13.0
1669,2061,1.0
1669,2062,9.0
1669,2063,2.0
1669,2064,4.0
1669,2065,12.0
1670,2066,1.0
1671,2067,1.0
1672,2068,3.0
1673,2069,5.0
1674,2070,5.0
1675,2071,5.0
1676,2072,13.0
1677,2073,1.0
1678,2074,1.0
1679,2075,5.0
1680,2076,14.0
1681,2077,14.0
1682,2078,1.0
1683,2079,1.0
1684,2080,3.0
1685,2081,13.0
1686,2082,1.0
1687,2083,13.0
1688,2084,16.0
1689,2085,1.0
1690,2086,2.0
1690,2087,19.0
1691,2088,1.0
1692,2089,2.0
1692,2090,19.0
1693,2091,2.0
1693,2092,19.0
1694,2093,1.0
1695,2094,1.0
1696,2095,3.0
1697,2096,1.0
1697,2097,22.0
1697,2098,2.0
1697,2099,3.0
1697,2100,6.0
1698,2101,
1699,2102,1.0
1700,2103,8.0
1700,2104,1.0
1700,2105,12.0
1701,2106,1.0
1702,2107,1.0
1703,2108,1.0
1704,2109,14.0
1705,2110,13.0
1705,2111,1.0
1705,2112,6.0
1706,2113,1.0
1707,2114,5.0
1708,2115,1.0
1709,2116,3.0
1710,2117,1.0
1711,2118,17.0
1712,2119,1.0
1713,2120,1.0
1714,2121,1.0
1715,2122,5.0
1716,2123,5.0
1717,2124,16.0
1718,2125,13.0
1719,2126,8.0
1719,2127,5.0
1720,2128,1.0
1721,2129,17.0
1722,2130,1.0
1723,2131,
1724,2132,3.0
1725,2133,1.0
1726,2134,5.0
1727,2135,3.0
1728,2136,1.0
1729,2137,
1730,2138,5.0
1731,2139,1.0
1732,2140,
1733,2141,5.0
1734,2142,1.0
1735,2143,13.0
1736,2144,1.0
1736,2145,22.0
1736,2146,2.0
1736,2147,7.0
1736,2148,4.0
1737,2149,3.0
1738,2150,3.0
1739,2151,3.0
1740,2152,3.0
1741,2153,1.0
1742,2154,5.0
1743,2155,17.0
1744,2156,1.0
1745,2157,5.0
1746,2158,2.0
1746,2159,19.0
1747,2160,3.0
1748,2161,3.0
1749,2162,1.0
1750,2163,1.0
1751,2164,13.0
1752,2165,1.0
1753,2166,3.0
1754,2167,17.0
1755,2168,1.0
1756,2169,5.0
1757,2170,5.0
1758,2171,1.0
1759,2172,23.0
1759,2173,1.0
1759,2174,22.0
1759,2175,2.0
1759,2176,6.0
1760,2177,14.0
1761,2178,1.0
1762,2179,5.0
1763,2180,27.0
1764,2181,14.0
1765,2182,10.0
1765,2183,11.0
1766,2184,5.0
1767,2185,5.0
1768,2186,1.0
1769,2187,1.0
1770,2188,3.0
1771,2189,5.0
1772,2190,1.0
1773,2191,17.0
1774,2192,5.0
1775,2193,1.0
1775,2194,4.0
1776,2195,1.0
1777,2196,5.0
1778,2197,5.0
1779,2198,5.0
1780,2199,16.0
1780,2200,22.0
1780,2201,7.0
1780,2202,14.0
1780,2203,3.0
1780,2204,24.0
1780,2205,25.0
1780,2206,15.0
1780,2207,21.0
1781,2208,5.0
1782,2209,3.0
1783,2210,13.0
1784,2211,16.0
1785,2212,13.0
1785,2213,1.0
1786,2214,3.0
1787,2215,13.0
1788,2216,1.0
1789,2217,1.0
1790,2218,5.0
1791,2219,2.0
1791,2220,19.0
1792,2221,1.0
1793,2222,13.0
1794,2223,5.0
1795,2224,1.0
1796,2225,2.0
1796,2226,19.0
1797,2227,1.0
1798,2228,1.0
1799,2229,
1800,2230,2.0
1800,2231,19.0
1801,2232,5.0
1802,2233,2.0
1802,2234,19.0
1803,2235,1.0
1804,2236,2.0
1804,2237,19.0
1805,2238,13.0
1805,2239,1.0
1805,2240,2.0
1805,2241,6.0
1806,2242,14.0
1807,2243,3.0
1808,2244,3.0
1809,2245,3.0
1810,2246,16.0
1811,2247,14.0
1812,2248,1.0
1813,2249,5.0
1814,2250,1.0
1815,2251,17.0
1816,2252,2.0
1816,2253,19.0
1817,2254,14.0
1818,2255,1.0
1819,2256,3.0
1820,2257,5.0
1821,2258,1.0
1822,2259,2.0
1822,2260,19.0
1823,2261,1.0
1824,2262,5.0
1825,2263,5.0
1826,2264,16.0
1827,2265,5.0
1828,2266,1.0
1829,2267,13.0
1829,2268,16.0
1829,2269,23.0
1829,2270,2.0
1829,2271,14.0
1830,2272,3.0
1831,2273,1.0
1832,2274,5.0
1833,2275,5.0
1834,2276,1.0
1835,2277,5.0
1836,2278,1.0
1836,2279,22.0
1837,2280,3.0
1838,2281,5.0
1839,2282,13.0
1840,2283,14.0
1841,2284,1.0
1842,2285,2.0
1842,2286,19.0
1843,2287,1.0
1844,2288,16.0
1845,2289,5.0
1846,2290,1.0
1847,2291,14.0
1848,2292,1.0
1849,2293,3.0
1850,2294,16.0
1851,2295,13.0
1851,2296,16.0
1851,2297,23.0
1851,2298,1.0
1851,2299,7.0
1851,2300,3.0
1852,2301,3.0
1853,2302,5.0
1854,2303,5.0
1855,2304,8.0
1855,2305,1.0
1855,2306,18.0
1856,2307,
1857,2308,
1858,2309,1.0
1859,2310,3.0
1860,2311,1.0
1861,2312,2.0
1861,2313,19.0
1862,2314,1.0
1863,2315,1.0
1864,2316,10.0
1864,2317,11.0
1865,2318,1.0
1866,2319,1.0
1867,2320,8.0
1867,2321,1.0
1867,2322,4.0
1868,2323,3.0
1869,2324,5.0
1870,2325,1.0
1871,2326,5.0
1872,2327,1.0
1873,2328,13.0
1874,2329,2.0
1874,2330,19.0
1875,2331,10.0
1875,2332,11.0
1876,2333,16.0
1876,2334,7.0
1876,2335,15.0
1877,2336,1.0
1878,2337,5.0
1879,2338,3.0
1880,2339,5.0
1881,2340,1.0
1882,2341,13.0
1882,2342,1.0
1882,2343,2.0
1882,2344,6.0
1883,2345,1.0
1884,2346,1.0
1885,2347,13.0
1886,2348,8.0
1886,2349,5.0
1887,2350,1.0
1888,2351,1.0
1888,2352,3.0
1888,2353,4.0
1889,2354,1.0
1890,2355,3.0
1891,2356,17.0
1892,2357,2.0
1892,2358,19.0
1893,2359,10.0
1893,2360,11.0
1894,2361,14.0
1895,2362,13.0
1896,2363,1.0
1897,2364,
1898,2365,3.0
1899,2366,3.0
1900,2367,5.0
1901,2368,5.0
1902,2369,5.0
1903,2370,1.0
1904,2371,3.0
1905,2372,1.0
1906,2373,1.0
1907,2374,1.0
1907,2375,22.0
1907,2376,15.0
1908,2377,13.0
1909,2378,17.0
1910,2379,1.0
1911,2380,1.0
1912,2381,14.0
1912,2382,3.0
1913,2383,5.0
1914,2384,5.0
1915,2385,5.0
1916,2386,14.0
1916,2387,3.0
1917,2388,1.0
1918,2389,1.0
1919,2390,
1920,2391,13.0
1921,2392,1.0
1922,2393,14.0
1923,2394,1.0
1924,2395,1.0
1924,2396,4.0
1925,2397,1.0
1926,2398,
1927,2399,16.0
1928,2400,16.0
1929,2401,16.0
1930,2402,16.0
1931,2403,5.0
1932,2404,3.0
1933,2405,13.0
1934,2406,21.0
1935,2407,5.0
1936,2408,1.0
1937,2409,1.0
1938,2410,5.0
1939,2411,13.0
1940,2412,14.0
1941,2413,1.0
1942,2414,5.0
1943,2415,5.0
1944,2416,1.0
1945,2417,3.0
1946,2418,14.0
1947,2419,3.0
1948,2420,1.0
1948,2421,2.0
1948,2422,14.0
1948,2423,3.0
1949,2424,13.0
1950,2425,1.0
1951,2426,3.0
1952,2427,2.0
1952,2428,19.0
1953,2429,3.0
1954,2430,3.0
1955,2431,1.0
1956,2432,14.0
1957,2433,16.0
1958,2434,17.0
1959,2435,21.0
1960,2436,17.0
1961,2437,25.0
1961,2438,15.0
1962,2439,5.0
1963,2440,1.0
1964,2441,5.0
1965,2442,
1966,2443,5.0
1967,2444,1.0
1968,2445,1.0
1969,2446,1.0
1970,2447,5.0
1971,2448,5.0
1972,2449,5.0
1973,2450,1.0
1974,2451,1.0
1975,2452,20.0
1976,2453,1.0
1977,2454,1.0
1978,2455,5.0
1979,2456,5.0
1980,2457,14.0
1981,2458,3.0
1982,2459,1.0
1982,2460,22.0
1982,2461,2.0
1983,2462,14.0
1984,2463,
1985,2464,13.0
1986,2465,3.0
1986,2466,4.0
1986,2467,6.0
1986,2468,24.0
1987,2469,1.0
1988,2470,3.0
1989,2471,14.0
1990,2472,1.0
1990,2473,22.0
1990,2474,2.0
1990,2475,14.0
1991,2476,14.0
1992,2477,5.0
1993,2478,17.0
1994,2479,5.0
1995,2480,
1996,2481,1.0
1997,2482,17.0
1998,2483,1.0
1999,2484,5.0
2000,2485,
2001,2486,1.0
2002,2487,17.0
2003,2488,1.0
2004,2489,17.0
2005,2490,3.0
2006,2491,5.0
2007,2492,5.0
2008,2493,3.0
2009,2494,1.0
2010,2495,
2011,2496,5.0
2012,2497,1.0
2013,2498,5.0
2014,2499,13.0
2015,2500,1.0
2016,2501,14.0
2017,2502,5.0
2018,2503,
2019,2504,
2020,2505,1.0
2021,2506,3.0
2022,2507,1.0
2023,2508,16.0
2024,2509,5.0
2025,2510,2.0
2025,2511,19.0
2026,2512,3.0
2027,2513,1.0
2028,2514,5.0
2029,2515,3.0
2030,2516,3.0
2031,2517,1.0
2032,2518,3.0
2033,2519,1.0
2034,2520,3.0
2035,2521,3.0
2036,2522,1.0
2037,2523,5.0
2038,2524,5.0
2039,2525,3.0
2040,2526,1.0
2041,2527,22.0
2041,2528,2.0
2041,2529,14.0
2042,2530,16.0
2043,2531,27.0
2044,2532,3.0
2045,2533,3.0
2046,2534,3.0
2047,2535,
2048,2536,5.0
2049,2537,21.0
2050,2538,16.0
2051,2539,1.0
2052,2540,8.0
2052,2541,1.0
2052,2542,9.0
2052,2543,3.0
2053,2544,1.0
2054,2545,8.0
2054,2546,5.0
2055,2547,17.0
2056,2548,1.0
2057,2549,16.0
2058,2550,10.0
2058,2551,11.0
2059,2552,3.0
2060,2553,10.0
2060,2554,11.0
2061,2555,1.0
2062,2556,1.0
2063,2557,2.0
2063,2558,19.0
2064,2559,3.0
2065,2560,5.0
2066,2561,16.0
2067,2562,17.0
2068,2563,1.0
2069,2564,1.0
2069,2565,2.0
2070,2566,16.0
2071,2567,14.0
2072,2568,16.0
2073,2569,5.0
2074,2570,17.0
2075,2571,10.0
2075,2572,11.0
2076,2573,27.0
2077,2574,21.0
2078,2575,1.0
2079,2576,14.0
2080,2577,1.0
2081,2578,1.0
2081,2579,3.0
2082,2580,5.0
2083,2581,1.0
2083,2582,3.0
2084,2583,17.0
2085,2584,5.0
2086,2585,3.0
2087,2586,1.0
2088,2587,5.0
2089,2588,5.0
2090,2589,2.0
2090,2590,19.0
2091,2591,17.0
2092,2592,16.0
2093,2593,5.0
2094,2594,17.0
2095,2595,3.0
2096,2596,22.0
2096,2597,2.0
2096,2598,7.0
2096,2599,14.0
2097,2600,16.0
2098,2601,9.0
2098,2602,12.0
2098,2603,5.0
2099,2604,3.0
2100,2605,3.0
2101,2606,2.0
2101,2607,19.0
2102,2608,1.0
2103,2609,1.0
2104,2610,10.0
2104,2611,11.0
2105,2612,3.0
2106,2613,1.0
2107,2614,1.0
2108,2615,1.0
2109,2616,2.0
2109,2617,19.0
2110,2618,1.0
2111,2619,1.0
2112,2620,5.0
2113,2621,2.0
2113,2622,19.0
2114,2623,13.0
2114,2624,1.0
2114,2625,2.0
2114,2626,14.0
2114,2627,3.0
2115,2628,1.0
2116,2629,3.0
2117,2630,5.0
2118,2631,1.0
2119,2632,1.0
2120,2633,3.0
2121,2634,1.0
2122,2635,
2123,2636,17.0
2124,2637,3.0
2125,2638,1.0
2126,2639,1.0
2127,2640,5.0
2128,2641,1.0
2129,2642,5.0
2130,2643,5.0
2131,2644,16.0
2132,2645,21.0
2133,2646,5.0
2134,2647,16.0
2134,2648,1.0
2134,2649,9.0
2134,2650,2.0
2134,2651,6.0
2134,2652,20.0
2135,2653,1.0
2136,2654,5.0
2137,2655,3.0
2138,2656,1.0
2138,2657,9.0
2138,2658,3.0
2138,2659,12.0
2139,2660,1.0
2140,2661,16.0
2141,2662,1.0
2142,2663,5.0
2143,2664,1.0
2144,2665,3.0
2145,2666,14.0
2146,2667,13.0
2147,2668,3.0
2148,2669,1.0
2149,2670,20.0
2150,2671,
2151,2672,8.0
2151,2673,1.0
2151,2674,3.0
2151,2675,15.0
2152,2676,5.0
2153,2677,14.0
2154,2678,5.0
2155,2679,17.0
2156,2680,1.0
2157,2681,13.0
2157,2682,1.0
2157,2683,12.0
2158,2684,13.0
2159,2685,3.0
2160,2686,1.0
2161,2687,5.0
2162,2688,3.0
2163,2689,1.0
2164,2690,16.0
2165,2691,1.0
2166,2692,5.0
2167,2693,1.0
2168,2694,1.0
2169,2695,13.0
2170,2696,10.0
2170,2697,11.0
2171,2698,2.0
2171,2699,19.0
2172,2700,1.0
2173,2701,1.0
2174,2702,1.0
2175,2703,1.0
2176,2704,1.0
2177,2705,16.0
2178,2706,13.0
2179,2707,16.0
2180,2708,10.0
2180,2709,11.0
2181,2710,2.0
2181,2711,19.0
2182,2712,1.0
2183,2713,16.0
2184,2714,1.0
2185,2715,14.0
2186,2716,2.0
2186,2717,19.0
2187,2718,
2188,2719,17.0
2189,2720,2.0
2189,2721,19.0
2190,2722,1.0
2191,2723,8.0
2191,2724,1.0
2192,2725,3.0
2193,2726,
2194,2727,5.0
2195,2728,2.0
2195,2729,19.0
2196,2730,
2197,2731,10.0
2197,2732,11.0
2198,2733,5.0
2199,2734,1.0
2200,2735,1.0
2201,2736,14.0
2202,2737,8.0
2202,2738,1.0
2203,2739,1.0
2204,2740,5.0
2205,2741,5.0
2206,2742,1.0
2207,2743,2.0
2207,2744,19.0
2208,2745,
2209,2746,3.0
2210,2747,1.0
2211,2748,1.0
2211,2749,2.0
2212,2750,13.0
2213,2751,10.0
2213,2752,11.0
2214,2753,
2215,2754,17.0
2216,2755,1.0
2217,2756,2.0
2217,2757,19.0
2218,2758,5.0
2219,2759,14.0
2220,2760,5.0
2221,2761,14.0
2222,2762,
2223,2763,5.0
2224,2764,1.0
2224,2765,22.0
2224,2766,2.0
2224,2767,14.0
2225,2768,13.0
2226,2769,14.0
2227,2770,
2228,2771,3.0
2229,2772,10.0
2229,2773,11.0
2230,2774,1.0
2231,2775,5.0
2232,2776,13.0
2233,2777,8.0
2233,2778,1.0
2234,2779,1.0
2235,2780,3.0
2236,2781,3.0
2237,2782,3.0
2238,2783,1.0
2239,2784,3.0
2240,2785,1.0
2241,2786,
2242,2787,14.0
2243,2788,1.0
2244,2789,3.0
2244,2790,4.0
2245,2791,14.0
2246,2792,3.0
2247,2793,1.0
2248,2794,1.0
2249,2795,
2250,2796,14.0
2251,2797,25.0
2251,2798,5.0
2252,2799,5.0
2253,2800,1.0
2254,2801,1.0
2255,2802,5.0
2256,2803,3.0
2257,2804,3.0
2258,2805,1.0
2259,2806,
2260,2807,1.0
2261,2808,5.0
2262,2809,1.0
2263,2810,5.0
2264,2811,13.0
2264,2812,23.0
2264,2813,2.0
2265,2814,3.0
2266,2815,14.0
2267,2816,1.0
2268,2817,5.0
2269,2818,16.0
2270,2819,14.0
2271,2820,1.0
2272,2821,16.0
2273,2822,5.0
2274,2823,3.0
2275,2824,3.0
2276,2825,13.0
2276,2826,1.0
2276,2827,2.0
2276,2828,6.0
2277,2829,1.0
2278,2830,1.0
2279,2831,1.0
2280,2832,3.0
2281,2833,1.0
2282,2834,3.0
2283,2835,2.0
2283,2836,19.0
2284,2837,1.0
2285,2838,10.0
2285,2839,11.0
2286,2840,1.0
2287,2841,17.0
2288,2842,5.0
2289,2843,1.0
2290,2844,1.0
2291,2845,1.0
2292,2846,5.0
2293,2847,14.0
2293,2848,3.0
2293,2849,4.0
2294,2850,3.0
2295,2851,3.0
2296,2852,3.0
2297,2853,8.0
2297,2854,1.0
2297,2855,9.0
2297,2856,4.0
2297,2857,12.0
2298,2858,8.0
2298,2859,1.0
2298,2860,9.0
2298,2861,2.0
2298,2862,6.0
2299,2863,1.0
2300,2864,5.0
2301,2865,14.0
2302,2866,5.0
2303,2867,17.0
2304,2868,1.0
2304,2869,2.0
2305,2870,13.0
2306,2871,1.0
2307,2872,16.0
2308,2873,10.0
2308,2874,11.0
2309,2875,16.0
2310,2876,
2311,2877,1.0
2312,2878,
2313,2879,27.0
2314,2880,3.0
2315,2881,1.0
2316,2882,2.0
2316,2883,19.0
2317,2884,17.0
2318,2885,1.0
2319,2886,17.0
2320,2887,3.0
2321,2888,1.0
2322,2889,3.0
2323,2890,2.0
2323,2891,19.0
2324,2892,1.0
2325,2893,1.0
2326,2894,5.0
2327,2895,1.0
2328,2896,2.0
2328,2897,19.0
2329,2898,1.0
2330,2899,16.0
2331,2900,26.0
2332,2901,26.0
2333,2902,1.0
2334,2903,2.0
2334,2904,19.0
2335,2905,2.0
2335,2906,19.0
2336,2907,1.0
2337,2908,2.0
2337,2909,19.0
2338,2910,3.0
2339,2911,3.0
2340,2912,1.0
2341,2913,1.0
2342,2914,5.0
2343,2915,10.0
2343,2916,11.0
2344,2917,1.0
2345,2918,16.0
2345,2919,18.0
2345,2920,15.0
2345,2921,5.0
2346,2922,3.0
2347,2923,1.0
2348,2924,5.0
2349,2925,3.0
2350,2926,14.0
2351,2927,14.0
2352,2928,14.0
2353,2929,1.0
2354,2930,1.0
2355,2931,2.0
2355,2932,14.0
2356,2933,1.0
2357,2934,3.0
2358,2935,2.0
2358,2936,7.0
2358,2937,14.0
2359,2938,8.0
2359,2939,1.0
2359,2940,4.0
2360,2941,1.0
2361,2942,3.0
2362,2943,2.0
2362,2944,19.0
2363,2945,13.0
2364,2946,16.0
2365,2947,2.0
2365,2948,19.0
2366,2949,16.0
2367,2950,1.0
2368,2951,5.0
2369,2952,1.0
2370,2953,1.0
2371,2954,3.0
2372,2955,1.0
2373,2956,
2374,2957,1.0
2375,2958,1.0
2376,2959,
2377,2960,1.0
2378,2961,13.0
2379,2962,1.0
2380,2963,5.0
2381,2964,5.0
2382,2965,10.0
2382,2966,11.0
2383,2967,16.0
2384,2968,5.0
2385,2969,5.0
2386,2970,2.0
2386,2971,19.0
2387,2972,3.0
2388,2973,1.0
2389,2974,13.0
2390,2975,13.0
2390,2976,8.0
2390,2977,1.0
2390,2978,9.0
2390,2979,22.0
2390,2980,3.0
2390,2981,4.0
2390,2982,6.0
2391,2983,14.0
2392,2984,3.0
2393,2985,1.0
2394,2986,1.0
2395,2987,1.0
2395,2988,22.0
2395,2989,2.0
2395,2990,14.0
2395,2991,6.0
2396,2992,14.0
2397,2993,5.0
2398,2994,22.0
2398,2995,2.0
2398,2996,14.0
2399,2997,2.0
2399,2998,19.0
2400,2999,5.0
2401,3000,3.0
2402,3001,16.0
2403,3002,1.0
2404,3003,1.0
2405,3004,
2406,3005,
2407,3006,2.0
2407,3007,19.0
2408,3008,
2409,3009,3.0
2410,3010,1.0
2411,3011,
2412,3012,
2413,3013,1.0
2414,3014,2.0
2414,3015,19.0
2415,3016,5.0
2416,3017,1.0
2417,3018,1.0
2418,3019,1.0
2419,3020,3.0
2420,3021,1.0
2421,3022,16.0
2422,3023,3.0
2423,3024,13.0
2424,3025,
2425,3026,20.0
2426,3027,2.0
2427,3028,5.0
2428,3029,5.0
2429,3030,1.0
2430,3031,5.0
2431,3032,1.0
2431,3033,9.0
2431,3034,25.0
2432,3035,1.0
2433,3036,3.0
2434,3037,2.0
2434,3038,19.0
2435,3039,2.0
2435,3040,19.0
2436,3041,1.0
2437,3042,1.0
2437,3043,6.0
2438,3044,1.0
2439,3045,14.0
2440,3046,5.0
2441,3047,1.0
2442,3048,27.0
2443,3049,1.0
2444,3050,1.0
2445,3051,2.0
2445,3052,19.0
2446,3053,16.0
2447,3054,1.0
2448,3055,5.0
2449,3056,3.0
2450,3057,3.0
2451,3058,2.0
2451,3059,19.0
2452,3060,3.0
2453,3061,2.0
2453,3062,19.0
2454,3063,3.0
2455,3064,1.0
2456,3065,1.0
2457,3066,1.0
2458,3067,27.0
2459,3068,5.0
2460,3069,1.0
2461,3070,16.0
2462,3071,3.0
2463,3072,16.0
2464,3073,1.0
2464,3074,25.0
2465,3075,10.0
2465,3076,11.0
2466,3077,10.0
2466,3078,11.0
2467,3079,10.0
2467,3080,11.0
2468,3081,1.0
2469,3082,1.0
2470,3083,13.0
2471,3084,5.0
2472,3085,
2473,3086,3.0
2474,3087,1.0
2475,3088,5.0
2476,3089,13.0
2476,3090,16.0
2476,3091,1.0
2476,3092,2.0
2476,3093,4.0
2477,3094,1.0
2478,3095,14.0
2479,3096,5.0
2480,3097,10.0
2480,3098,11.0
2481,3099,1.0
2482,3100,
2483,3101,3.0
2484,3102,5.0
2485,3103,5.0
2486,3104,14.0
2487,3105,5.0
2488,3106,3.0
2489,3107,1.0
2490,3108,1.0
2491,3109,1.0
2492,3110,1.0
2493,3111,14.0
2494,3112,3.0
2495,3113,14.0
2496,3114,13.0
2497,3115,3.0
2498,3116,27.0
2499,3117,1.0
2500,3118,17.0
2501,3119,3.0
2502,3120,1.0
2503,3121,1.0
2504,3122,5.0
2505,3123,5.0
2506,3124,1.0
2507,3125,2.0
2507,3126,19.0
2508,3127,1.0
2509,3128,3.0
2510,3129,1.0
2511,3130,1.0
2512,3131,3.0
2513,3132,1.0
2514,3133,5.0
2515,3134,13.0
2516,3135,16.0
2517,3136,1.0
2518,3137,5.0
2519,3138,5.0
2520,3139,1.0
2521,3140,10.0
2521,3141,11.0
2522,3142,5.0
2523,3143,1.0
2524,3144,16.0
2524,3145,7.0
2524,3146,14.0
2524,3147,3.0
2524,3148,15.0
2525,3149,3.0
2526,3150,1.0
2527,3151,1.0
2528,3152,10.0
2528,3153,11.0
2529,3154,5.0
2530,3155,21.0
2531,3156,16.0
2532,3157,1.0
2533,3158,3.0
2534,3159,1.0
2535,3160,1.0
2536,3161,14.0
2537,3162,5.0
2538,3163,1.0
2539,3164,1.0
2540,3165,16.0
2541,3166,1.0
2542,3167,3.0
2543,3168,3.0
2544,3169,24.0
2544,3170,5.0
2545,3171,5.0
2546,3172,3.0
2547,3173,3.0
2548,3174,17.0
2549,3175,1.0
2550,3176,3.0
2551,3177,
2552,3178,1.0
2552,3179,7.0
2552,3180,3.0
2552,3181,4.0
2553,3182,1.0
2554,3183,5.0
2555,3184,1.0
2556,3185,5.0
2557,3186,2.0
2558,3187,1.0
2559,3188,10.0
2559,3189,11.0
2560,3190,1.0
2561,3191,3.0
2562,3192,1.0
2563,3193,13.0
2564,3194,27.0
2565,3195,1.0
2566,3196,13.0
2566,3197,23.0
2566,3198,2.0
2566,3199,14.0
2567,3200,1.0
2568,3201,13.0
2569,3202,14.0
2570,3203,3.0
2571,3204,2.0
2571,3205,19.0
2572,3206,5.0
2573,3207,5.0
2574,3208,13.0
2575,3209,1.0
2576,3210,5.0
2577,3211,1.0
2578,3212,3.0
2579,3213,1.0
2580,3214,1.0
2581,3215,1.0
2582,3216,5.0
2583,3217,3.0
2584,3218,1.0
2585,3219,17.0
2586,3220,1.0
2587,3221,1.0
2588,3222,1.0
2589,3223,10.0
2589,3224,11.0
2590,3225,13.0
2590,3226,1.0
2590,3227,2.0
2590,3228,6.0
2591,3229,2.0
2591,3230,14.0
2591,3231,3.0
2592,3232,3.0
2593,3233,1.0
2594,3234,3.0
2595,3235,5.0
2596,3236,16.0
2597,3237,1.0
2598,3238,5.0
2599,3239,17.0
2600,3240,13.0
2601,3241,1.0
2602,3242,1.0
2603,3243,1.0
2604,3244,17.0
2605,3245,14.0
2606,3246,16.0
2607,3247,1.0
2608,3248,3.0
2609,3249,13.0
2609,3250,1.0
2609,3251,20.0
2610,3252,3.0
2611,3253,14.0
2612,3254,1.0
2613,3255,16.0
2614,3256,1.0
2615,3257,13.0
2615,3258,8.0
2615,3259,1.0
2615,3260,2.0
2616,3261,3.0
2617,3262,1.0
2618,3263,2.0
2618,3264,19.0
2619,3265,1.0
2620,3266,3.0
2621,3267,5.0
2622,3268,17.0
2623,3269,20.0
2624,3270,1.0
2625,3271,1.0
2626,3272,1.0
2627,3273,
2628,3274,2.0
2628,3275,19.0
2629,3276,14.0
2630,3277,1.0
2631,3278,1.0
2632,3279,21.0
2633,3280,3.0
2634,3281,3.0
2635,3282,10.0
2635,3283,11.0
2636,3284,5.0
2636,3285,28.0
2637,3286,14.0
2638,3287,1.0
2639,3288,3.0
2640,3289,16.0
2641,3290,2.0
2641,3291,19.0
2642,3292,1.0
2643,3293,2.0
2643,3294,19.0
2644,3295,1.0
2645,3296,5.0
2646,3297,1.0
2647,3298,1.0
2648,3299,1.0
2649,3300,3.0
2650,3301,3.0
2651,3302,3.0
2652,3303,1.0
2653,3304,1.0
2654,3305,16.0
2655,3306,1.0
2656,3307,1.0
2657,3308,1.0
2658,3309,5.0
2659,3310,1.0
2660,3311,1.0
2660,3312,15.0
2661,3313,1.0
2662,3314,1.0
2663,3315,1.0
2664,3316,5.0
2665,3317,1.0
2666,3318,26.0
2667,3319,2.0
2667,3320,19.0
2668,3321,5.0
2669,3322,16.0
2670,3323,16.0
2671,3324,5.0
2672,3325,13.0
2673,3326,3.0
2674,3327,1.0
2675,3328,5.0
2676,3329,2.0
2676,3330,19.0
2677,3331,18.0
2677,3332,5.0
2678,3333,1.0
2678,3334,2.0
2679,3335,5.0
2680,3336,2.0
2680,3337,19.0
2681,3338,16.0
2682,3339,17.0
2683,3340,1.0
2684,3341,16.0
2685,3342,3.0
2686,3343,8.0
2686,3344,24.0
2686,3345,5.0
2687,3346,1.0
2688,3347,3.0
2689,3348,1.0
2689,3349,22.0
2689,3350,2.0
2689,3351,3.0
2689,3352,6.0
2689,3353,20.0
2690,3354,1.0
2691,3355,1.0
2692,3356,16.0
2693,3357,1.0
2694,3358,16.0
2695,3359,5.0
2696,3360,1.0
2697,3361,3.0
2698,3362,
2699,3363,1.0
2700,3364,13.0
2701,3365,3.0
2702,3366,3.0
2703,3367,8.0
2703,3368,1.0
2703,3369,18.0
2704,3370,8.0
2704,3371,1.0
2704,3372,9.0
2704,3373,3.0
2705,3374,3.0
2706,3375,3.0
2707,3376,1.0
2708,3377,13.0
2709,3378,2.0
2709,3379,14.0
2710,3380,13.0
2710,3381,3.0
2711,3382,1.0
2712,3383,13.0
2712,3384,16.0
2712,3385,1.0
2712,3386,22.0
2712,3387,2.0
2712,3388,6.0
2713,3389,1.0
2713,3390,6.0
2714,3391,5.0
2715,3392,1.0
2716,3393,1.0
2717,3394,5.0
2718,3395,3.0
2719,3396,3.0
2720,3397,14.0
2721,3398,
2722,3399,1.0
2723,3400,1.0
2724,3401,1.0
2725,3402,3.0
2726,3403,3.0
2727,3404,13.0
2728,3405,
2729,3406,
2730,3407,3.0
2731,3408,1.0
2732,3409,16.0
2732,3410,1.0
2732,3411,22.0
2732,3412,2.0
2732,3413,14.0
2733,3414,10.0
2733,3415,11.0
2734,3416,1.0
2735,3417,3.0
2736,3418,5.0
2737,3419,2.0
2737,3420,19.0
2738,3421,16.0
2739,3422,
2740,3423,14.0
2741,3424,1.0
2742,3425,16.0
2743,3426,1.0
2744,3427,1.0
2745,3428,3.0
2746,3429,3.0
2747,3430,2.0
2747,3431,19.0
2748,3432,3.0
2749,3433,1.0
2750,3434,1.0
2751,3435,1.0
2752,3436,1.0
2753,3437,2.0
2753,3438,19.0
2754,3439,5.0
2755,3440,1.0
2756,3441,21.0
2757,3442,5.0
2758,3443,1.0
2759,3444,24.0
2759,3445,5.0
2760,3446,10.0
2760,3447,11.0
2761,3448,3.0
2762,3449,3.0
2763,3450,5.0
2764,3451,16.0
2764,3452,1.0
2765,3453,1.0
2766,3454,3.0
2767,3455,2.0
2767,3456,19.0
2768,3457,
2769,3458,17.0
2770,3459,8.0
2770,3460,1.0
2770,3461,9.0
2770,3462,2.0
2771,3463,2.0
2771,3464,19.0
2772,3465,5.0
2773,3466,3.0
2774,3467,3.0
2775,3468,1.0
2775,3469,3.0
2776,3470,21.0
2777,3471,3.0
2778,3472,1.0
2779,3473,3.0
2780,3474,16.0
2781,3475,1.0
2782,3476,1.0
2783,3477,1.0
2783,3478,3.0
2784,3479,3.0
2785,3480,1.0
2786,3481,3.0
2787,3482,1.0
2788,3483,
2789,3484,16.0
2790,3485,10.0
2790,3486,11.0
2791,3487,5.0
2792,3488,16.0
2793,3489,1.0
2794,3490,3.0
2795,3491,5.0
2796,3492,3.0
2797,3493,16.0
2798,3494,13.0
2799,3495,1.0
2800,3496,2.0
2800,3497,19.0
2801,3498,1.0
2802,3499,
2803,3500,
2804,3501,14.0
2805,3502,5.0
2806,3503,17.0
2807,3504,3.0
2808,3505,5.0
2809,3506,10.0
2809,3507,11.0
2810,3508,3.0
2811,3509,10.0
2811,3510,11.0
2812,3511,1.0
2813,3512,1.0
2814,3513,1.0
2815,3514,3.0
2816,3515,1.0
2816,3516,3.0
2816,3517,24.0
2817,3518,13.0
2818,3519,17.0
2819,3520,3.0
2820,3521,3.0
2821,3522,3.0
2822,3523,1.0
2823,3524,5.0
2824,3525,
2825,3526,5.0
2826,3527,16.0
2827,3528,5.0
2828,3529,1.0
2829,3530,5.0
2830,3531,1.0
2831,3532,1.0
2832,3533,1.0
2833,3534,1.0
2834,3535,1.0
2835,3536,3.0
2836,3537,5.0
2837,3538,17.0
2838,3539,2.0
2838,3540,7.0
2839,3541,14.0
2840,3542,16.0
2841,3543,1.0
2842,3544,2.0
2842,3545,19.0
2843,3546,1.0
2843,3547,22.0
2843,3548,4.0
2844,3549,3.0
2845,3550,3.0
2846,3551,1.0
2847,3552,2.0
2847,3553,19.0
2848,3554,1.0
2848,3555,4.0
2849,3556,2.0
2849,3557,19.0
2850,3558,3.0
2851,3559,3.0
2852,3560,13.0
2853,3561,13.0
2854,3562,2.0
2854,3563,19.0
2855,3564,1.0
2856,3565,5.0
2857,3566,13.0
2858,3567,10.0
2858,3568,11.0
2859,3569,3.0
2860,3570,13.0
2860,3571,1.0
2860,3572,22.0
2860,3573,2.0
2860,3574,6.0
2861,3575,8.0
2861,3576,9.0
2861,3577,15.0
2862,3578,1.0
2863,3579,1.0
2864,3580,5.0
2865,3581,3.0
2866,3582,14.0
2867,3583,3.0
2868,3584,17.0
2869,3585,14.0
2870,3586,16.0
2871,3587,
2872,3588,16.0
2873,3589,2.0
2873,3590,19.0
2874,3591,1.0
2874,3592,9.0
2874,3593,5.0
2875,3594,5.0
2876,3595,5.0
2877,3596,14.0
2878,3597,16.0
2878,3598,7.0
2878,3599,3.0
2878,3600,24.0
2878,3601,25.0
2878,3602,15.0
2879,3603,14.0
2880,3604,17.0
2881,3605,1.0
2882,3606,3.0
2883,3607,16.0
2884,3608,1.0
2885,3609,3.0
2886,3610,5.0
2887,3611,3.0
2888,3612,1.0
2889,3613,5.0
2890,3614,1.0
2891,3615,17.0
2892,3616,10.0
2892,3617,11.0
2893,3618,10.0
2893,3619,11.0
2894,3620,13.0
2894,3621,16.0
2894,3622,23.0
2894,3623,15.0
2895,3624,5.0
2896,3625,5.0
2897,3626,2.0
2897,3627,19.0
2898,3628,1.0
2898,3629,3.0
2899,3630,16.0
2900,3631,3.0
2901,3632,1.0
2902,3633,3.0
2902,3634,5.0
2903,3635,16.0
2904,3636,13.0
2905,3637,3.0
2906,3638,1.0
2906,3639,2.0
2906,3640,14.0
2907,3641,2.0
2907,3642,19.0
2908,3643,
2909,3644,16.0
2910,3645,16.0
2911,3646,3.0
2912,3647,1.0
2913,3648,3.0
2914,3649,17.0
2915,3650,3.0
2916,3651,13.0
2917,3652,16.0
2918,3653,1.0
2919,3654,1.0
2919,3655,4.0
2919,3656,21.0
2920,3657,1.0
2921,3658,1.0
2922,3659,16.0
2923,3660,3.0
2924,3661,20.0
2925,3662,1.0
2926,3663,1.0
2927,3664,1.0
2928,3665,17.0
2929,3666,13.0
2930,3667,1.0
2931,3668,1.0
2932,3669,5.0
2933,3670,1.0
2934,3671,1.0
2935,3672,1.0
2936,3673,1.0
2937,3674,13.0
2938,3675,3.0
2939,3676,1.0
2940,3677,
2941,3678,23.0
2941,3679,1.0
2941,3680,22.0
2941,3681,2.0
2942,3682,1.0
2943,3683,17.0
2944,3684,5.0
2945,3685,13.0
2946,3686,3.0
2947,3687,5.0
2948,3688,1.0
2949,3689,1.0
2950,3690,1.0
2951,3691,3.0
2952,3692,3.0
2953,3693,5.0
2954,3694,13.0
2955,3695,16.0
2956,3696,9.0
2956,3697,5.0
2956,3698,28.0
2957,3699,3.0
2958,3700,5.0
2959,3701,13.0
2960,3702,5.0
2961,3703,1.0
2962,3704,1.0
2963,3705,10.0
2963,3706,11.0
2964,3707,3.0
2965,3708,17.0
2966,3709,3.0
2967,3710,1.0
2968,3711,14.0
2969,3712,10.0
2969,3713,11.0
2970,3714,16.0
2971,3715,13.0
2972,3716,16.0
2973,3717,3.0
2974,3718,1.0
2975,3719,1.0
2976,3720,1.0
2977,3721,5.0
2978,3722,1.0
2979,3723,14.0
2980,3724,
2981,3725,1.0
2982,3726,10.0
2982,3727,11.0
2983,3728,1.0
2984,3729,17.0
2985,3730,17.0
2986,3731,1.0
2987,3732,2.0
2987,3733,19.0
2988,3734,1.0
2989,3735,3.0
2990,3736,2.0
2990,3737,19.0
2991,3738,5.0
2992,3739,1.0
2993,3740,1.0
2994,3741,17.0
2995,3742,3.0
2996,3743,16.0
2996,3744,7.0
2996,3745,3.0
2996,3746,25.0
2996,3747,15.0
2996,3748,21.0
2997,3749,3.0
2998,3750,14.0
2999,3751,1.0
3000,3752,2.0
3000,3753,19.0
3001,3754,5.0
3002,3755,1.0
3003,3756,1.0
3004,3757,1.0
3005,3758,3.0
3006,3759,3.0
3007,3760,1.0
3008,3761,5.0
3009,3762,16.0
3010,3763,1.0
3010,3764,4.0
3011,3765,14.0
3012,3766,16.0
3013,3767,3.0
3014,3768,5.0
3015,3769,3.0
3016,3770,1.0
3017,3771,1.0
3018,3772,16.0
3019,3773,5.0
3020,3774,2.0
3021,3775,29.0
3022,3776,1.0
3023,3777,1.0
3024,3778,5.0
3025,3779,1.0
3025,3780,9.0
3026,3781,5.0
3027,3782,23.0
3027,3783,1.0
3027,3784,2.0
3027,3785,14.0
3028,3786,1.0
3029,3787,1.0
3030,3788,2.0
3030,3789,19.0
3031,3790,5.0
3031,3791,30.0
3032,3792,2.0
3032,3793,19.0
3033,3794,5.0
3034,3795,21.0
3035,3796,1.0
3036,3797,2.0
3036,3798,19.0
3037,3799,1.0
3037,3800,2.0
3038,3801,14.0
3039,3802,14.0
3040,3803,5.0
3041,3804,1.0
3042,3805,5.0
3043,3806,
3044,3807,
3045,3808,5.0
3046,3809,1.0
3047,3810,1.0
3048,3811,1.0
3049,3812,16.0
3049,3813,1.0
3049,3814,3.0
3050,3815,13.0
3050,3816,1.0
3051,3817,3.0
3052,3818,3.0
3053,3819,1.0
3054,3820,13.0
3055,3821,13.0
3056,3822,2.0
3056,3823,19.0
3057,3824,
3058,3825,8.0
3058,3826,1.0
3058,3827,3.0
3059,3828,14.0
3060,3829,13.0
3061,3830,1.0
3062,3831,14.0
3063,3832,1.0
3064,3833,
3065,3834,3.0
3066,3835,1.0
3067,3836,3.0
3067,3837,25.0
3067,3838,15.0
3068,3839,1.0
3069,3840,3.0
3070,3841,1.0
3071,3842,1.0
3072,3843,16.0
3073,3844,1.0
3074,3845,3.0
3075,3846,2.0
3075,3847,19.0
3076,3848,
3077,3849,5.0
3078,3850,13.0
3078,3851,1.0
3078,3852,2.0
3078,3853,6.0
3079,3854,5.0
3080,3855,5.0
3081,3856,3.0
3082,3857,16.0
3083,3858,1.0
3084,3859,5.0
3085,3860,5.0
3086,3861,5.0
3087,3862,13.0
3087,3863,3.0
3088,3864,1.0
3089,3865,5.0
3090,3866,2.0
3090,3867,19.0
3091,3868,3.0
3092,3869,5.0
3093,3870,1.0
3094,3871,
3095,3872,3.0
3096,3873,3.0
3097,3874,8.0
3097,3875,1.0
3097,3876,4.0
3098,3877,3.0
3099,3878,1.0
3100,3879,3.0
3101,3880,1.0
3102,3881,1.0
3103,3882,1.0
3104,3883,1.0
3105,3884,8.0
3105,3885,1.0
3106,3886,1.0
3107,3887,2.0
3107,3888,19.0
3108,3889,5.0
3109,3890,5.0
3110,3891,
3111,3892,14.0
3112,3893,1.0
3113,3894,2.0
3113,3895,19.0
3114,3896,
3115,3897,8.0
3115,3898,1.0
3115,3899,24.0
3116,3900,1.0
3117,3901,3.0
3118,3902,1.0
3119,3903,1.0
3120,3904,3.0
3121,3905,16.0
3122,3906,16.0
3123,3907,16.0
3124,3908,1.0
3125,3909,16.0
3125,3910,1.0
3126,3911,1.0
3127,3912,1.0
3127,3913,22.0
3127,3914,2.0
3127,3915,6.0
3128,3916,1.0
3129,3917,3.0
3130,3918,
3131,3919,1.0
3132,3920,1.0
3133,3921,3.0
3134,3922,2.0
3134,3923,19.0
3135,3924,1.0
3136,3925,3.0
3137,3926,
3138,3927,3.0
3139,3928,1.0
3140,3929,1.0
3141,3930,3.0
3142,3931,16.0
3143,3932,5.0
3144,3933,10.0
3144,3934,11.0
3145,3935,17.0
3146,3936,5.0
3147,3937,5.0
3148,3938,5.0
3149,3939,1.0
3150,3940,1.0
3151,3941,1.0
3152,3942,8.0
3152,3943,1.0
3153,3944,2.0
3153,3945,19.0
3154,3946,5.0
3155,3947,1.0
3156,3948,3.0
3157,3949,5.0
3158,3950,
3159,3951,1.0
3160,3952,13.0
3161,3953,1.0
3162,3954,1.0
3162,3955,7.0
3163,3956,21.0
3164,3957,1.0
3164,3958,22.0
3164,3959,2.0
3164,3960,14.0
3164,3961,24.0
3164,3962,21.0
3165,3963,3.0
3166,3964,
3167,3965,5.0
3168,3966,1.0
3169,3967,2.0
3169,3968,19.0
3170,3969,3.0
3171,3970,3.0
3172,3971,2.0
3172,3972,19.0
3173,3973,1.0
3174,3974,1.0
3175,3975,1.0
3176,3976,22.0
3176,3977,2.0
3176,3978,6.0
3177,3979,1.0
3178,3980,16.0
3179,3981,13.0
3180,3982,1.0
3181,3983,5.0
3182,3984,16.0
3183,3985,1.0
3184,3986,23.0
3184,3987,22.0
3184,3988,2.0
3184,3989,7.0
3184,3990,14.0
3184,3991,3.0
3184,3992,15.0
3185,3993,1.0
3186,3994,1.0
3187,3995,13.0
3188,3996,5.0
3189,3997,17.0
3190,3998,1.0
3191,3999,
3192,4000,3.0
3193,4001,4.0
3194,4002,2.0
3194,4003,19.0
3195,4004,13.0
3195,4005,16.0
3195,4006,8.0
3195,4007,1.0
3195,4008,2.0
3196,4009,2.0
3196,4010,19.0
3197,4011,1.0
3198,4012,14.0
3199,4013,1.0
3200,4014,2.0
3200,4015,19.0
3201,4016,14.0
3202,4017,14.0
3203,4018,1.0
3204,4019,14.0
3205,4020,21.0
3206,4021,17.0
3207,4022,13.0
3208,4023,5.0
3209,4024,1.0
3210,4025,
3211,4026,17.0
3212,4027,1.0
3213,4028,16.0
3214,4029,1.0
3215,4030,3.0
3216,4031,5.0
3217,4032,1.0
3218,4033,10.0
3218,4034,11.0
3219,4035,27.0
3220,4036,10.0
3220,4037,11.0
3221,4038,1.0
3222,4039,1.0
3223,4040,1.0
3224,4041,17.0
3225,4042,
3226,4043,5.0
3227,4044,14.0
3228,4045,14.0
3229,4046,17.0
3230,4047,1.0
3231,4048,5.0
3232,4049,
3233,4050,14.0
3234,4051,5.0
3235,4052,5.0
3236,4053,5.0
3237,4054,3.0
3238,4055,10.0
3238,4056,11.0
3239,4057,1.0
3240,4058,17.0
3241,4059,1.0
3241,4060,24.0
3241,4061,21.0
3242,4062,1.0
3243,4063,1.0
3244,4064,1.0
3244,4065,7.0
3244,4066,3.0
3244,4067,25.0
3244,4068,15.0
3245,4069,5.0
3246,4070,3.0
3247,4071,1.0
3248,4072,1.0
3249,4073,3.0
3250,4074,2.0
3250,4075,19.0
3251,4076,3.0
3252,4077,5.0
3253,4078,1.0
3254,4079,5.0
3255,4080,3.0
3256,4081,1.0
3257,4082,3.0
3258,4083,3.0
3259,4084,2.0
3259,4085,14.0
3259,4086,3.0
3260,4087,2.0
3260,4088,19.0
3261,4089,1.0
3262,4090,16.0
3263,4091,16.0
3264,4092,16.0
3265,4093,13.0
3266,4094,1.0
3266,4095,4.0
3266,4096,12.0
3267,4097,16.0
3268,4098,1.0
3268,4099,6.0
3269,4100,16.0
3270,4101,2.0
3270,4102,19.0
3271,4103,1.0
3272,4104,1.0
3273,4105,1.0
3274,4106,14.0
3275,4107,17.0
3276,4108,16.0
3277,4109,1.0
3278,4110,5.0
3279,4111,1.0
3280,4112,5.0
3281,4113,2.0
3281,4114,19.0
3282,4115,1.0
3283,4116,7.0
3283,4117,3.0
3283,4118,4.0
3284,4119,3.0
3285,4120,13.0
3286,4121,1.0
3287,4122,1.0
3287,4123,4.0
3287,4124,5.0
3288,4125,8.0
3288,4126,1.0
3288,4127,18.0
3289,4128,3.0
3290,4129,1.0
3291,4130,1.0
3292,4131,3.0
3293,4132,5.0
3294,4133,3.0
3295,4134,13.0
3296,4135,5.0
3297,4136,1.0
3298,4137,3.0
3299,4138,5.0
3300,4139,3.0
3301,4140,13.0
3301,4141,16.0
3301,4142,3.0
3302,4143,1.0
3302,4144,3.0
3302,4145,4.0
3303,4146,14.0
3304,4147,1.0
3305,4148,5.0
3306,4149,16.0
3307,4150,16.0
3308,4151,1.0
3309,4152,5.0
3310,4153,1.0
3311,4154,3.0
3312,4155,2.0
3312,4156,19.0
3313,4157,3.0
3314,4158,
3315,4159,10.0
3315,4160,11.0
3316,4161,1.0
3316,4162,3.0
3316,4163,6.0
3316,4164,21.0
3317,4165,5.0
3318,4166,5.0
3319,4167,5.0
3320,4168,1.0
3321,4169,1.0
3322,4170,3.0
3323,4171,16.0
3324,4172,2.0
3324,4173,19.0
3325,4174,10.0
3325,4175,11.0
3326,4176,1.0
3327,4177,3.0
3328,4178,1.0
3329,4179,3.0
3330,4180,1.0
3330,4181,24.0
3331,4182,16.0
3332,4183,17.0
3333,4184,1.0
3334,4185,14.0
3335,4186,16.0
3336,4187,1.0
3337,4188,1.0
3338,4189,17.0
3339,4190,1.0
3340,4191,1.0
3341,4192,3.0
3342,4193,3.0
3343,4194,3.0
3344,4195,16.0
3345,4196,5.0
3346,4197,14.0
3347,4198,1.0
3348,4199,1.0
3349,4200,5.0
3350,4201,3.0
3351,4202,1.0
3352,4203,13.0
3353,4204,5.0
3354,4205,1.0
3355,4206,17.0
3356,4207,3.0
3357,4208,3.0
3358,4209,1.0
3359,4210,5.0
3360,4211,10.0
3360,4212,11.0
3361,4213,1.0
3362,4214,1.0
3363,4215,1.0
3363,4216,6.0
3364,4217,1.0
3365,4218,2.0
3365,4219,19.0
3366,4220,1.0
3367,4221,1.0
3368,4222,1.0
3369,4223,5.0
3370,4224,1.0
3371,4225,2.0
3371,4226,19.0
3372,4227,1.0
3372,4228,6.0
3373,4229,1.0
3374,4230,1.0
3375,4231,3.0
3376,4232,13.0
3377,4233,1.0
3378,4234,1.0
3379,4235,5.0
3380,4236,17.0
3381,4237,1.0
3382,4238,1.0
3383,4239,13.0
3384,4240,1.0
3385,4241,2.0
3385,4242,19.0
3386,4243,1.0
3387,4244,1.0
3388,4245,
3389,4246,16.0
3390,4247,5.0
3391,4248,5.0
3392,4249,1.0
3393,4250,1.0
3394,4251,14.0
3395,4252,10.0
3395,4253,11.0
3396,4254,1.0
3397,4255,1.0
3398,4256,1.0
3399,4257,5.0
3400,4258,5.0
3401,4259,3.0
3402,4260,1.0
3403,4261,7.0
3403,4262,14.0
3403,4263,3.0
3404,4264,5.0
3405,4265,3.0
3406,4266,3.0
3407,4267,1.0
3408,4268,1.0
3409,4269,1.0
3410,4270,1.0
3411,4271,16.0
3412,4272,2.0
3412,4273,19.0
3413,4274,1.0
3414,4275,13.0
3415,4276,1.0
3415,4277,24.0
3415,4278,28.0
3416,4279,2.0
3416,4280,19.0
3417,4281,1.0
3418,4282,1.0
3419,4283,1.0
3420,4284,27.0
3421,4285,1.0
3422,4286,5.0
3423,4287,1.0
3424,4288,1.0
3425,4289,1.0
3426,4290,1.0
3427,4291,1.0
3428,4292,13.0
3428,4293,16.0
3428,4294,23.0
3428,4295,1.0
3428,4296,22.0
3428,4297,2.0
3428,4298,6.0
3429,4299,3.0
3430,4300,1.0
3431,4301,1.0
3431,4302,22.0
3431,4303,2.0
3432,4304,14.0
3433,4305,1.0
3434,4306,1.0
3434,4307,6.0
3435,4308,2.0
3435,4309,14.0
3436,4310,16.0
3437,4311,5.0
3438,4312,1.0
3439,4313,5.0
3440,4314,10.0
3440,4315,11.0
3441,4316,5.0
3442,4317,1.0
3443,4318,22.0
3443,4319,7.0
3443,4320,3.0
3443,4321,4.0
3444,4322,3.0
3445,4323,5.0
3446,4324,1.0
3447,4325,1.0
3448,4326,1.0
3449,4327,2.0
3449,4328,19.0
3450,4329,14.0
3451,4330,1.0
3452,4331,5.0
3453,4332,3.0
3454,4333,13.0
3455,4334,1.0
3456,4335,1.0
3457,4336,14.0
3458,4337,5.0
3459,4338,3.0
3460,4339,13.0
3461,4340,5.0
3462,4341,1.0
3463,4342,5.0
3464,4343,5.0
3465,4344,3.0
3466,4345,3.0
3467,4346,2.0
3467,4347,19.0
3468,4348,16.0
3469,4349,1.0
3470,4350,1.0
3471,4351,3.0
3472,4352,17.0
3473,4353,
3474,4354,3.0
3475,4355,5.0
3476,4356,16.0
3477,4357,5.0
3478,4358,2.0
3478,4359,19.0
3479,4360,21.0
3480,4361,8.0
3480,4362,1.0
3480,4363,5.0
3481,4364,1.0
3482,4365,1.0
3483,4366,2.0
3483,4367,14.0
3484,4368,13.0
3484,4369,16.0
3484,4370,3.0
3484,4371,25.0
3484,4372,15.0
3485,4373,13.0
3486,4374,20.0
3487,4375,
3488,4376,3.0
3489,4377,3.0
3490,4378,13.0
3491,4379,3.0
3492,4380,2.0
3492,4381,19.0
3493,4382,1.0
3494,4383,17.0
3495,4384,16.0
3496,4385,17.0
3497,4386,1.0
3498,4387,3.0
3499,4388,1.0
3499,4389,5.0
3500,4390,3.0
3501,4391,
3502,4392,3.0
3503,4393,13.0
3504,4394,1.0
3505,4395,13.0
3506,4396,8.0
3506,4397,1.0
3506,4398,4.0
3507,4399,1.0
3508,4400,5.0
3509,4401,1.0
3509,4402,22.0
3509,4403,6.0
3510,4404,1.0
3510,4405,22.0
3510,4406,7.0
3510,4407,4.0
3511,4408,5.0
3512,4409,3.0
3513,4410,14.0
3514,4411,1.0
3515,4412,13.0
3515,4413,16.0
3515,4414,8.0
3515,4415,1.0
3515,4416,9.0
3515,4417,2.0
3516,4418,13.0
3517,4419,3.0
3518,4420,5.0
3519,4421,1.0
3519,4422,3.0
3520,4423,1.0
3521,4424,3.0
3522,4425,1.0
3523,4426,13.0
3524,4427,2.0
3524,4428,19.0
3525,4429,1.0
3526,4430,1.0
3527,4431,3.0
3528,4432,3.0
3529,4433,2.0
3529,4434,19.0
3530,4435,1.0
3531,4436,1.0
3532,4437,1.0
3533,4438,1.0
3534,4439,13.0
3535,4440,10.0
3535,4441,11.0
3536,4442,3.0
3537,4443,5.0
3538,4444,14.0
3539,4445,1.0
3540,4446,16.0
3541,4447,1.0
3542,4448,1.0
3543,4449,1.0
3544,4450,1.0
3545,4451,3.0
3546,4452,14.0
3547,4453,1.0
3548,4454,1.0
3549,4455,1.0
3550,4456,1.0
3551,4457,27.0
3552,4458,1.0
3552,4459,2.0
3552,4460,4.0
3552,4461,24.0
3553,4462,13.0
3554,4463,3.0
3555,4464,3.0
3556,4465,5.0
3557,4466,
3558,4467,2.0
3558,4468,19.0
3559,4469,3.0
3560,4470,1.0
3560,4471,22.0
3560,4472,2.0
3560,4473,3.0
3560,4474,6.0
3561,4475,1.0
3561,4476,2.0
3561,4477,3.0
3561,4478,4.0
3562,4479,5.0
3563,4480,5.0
3564,4481,3.0
3565,4482,10.0
3565,4483,11.0
3566,4484,1.0
3567,4485,1.0
3568,4486,1.0
3569,4487,5.0
3570,4488,5.0
3571,4489,5.0
3572,4490,14.0
3573,4491,2.0
3573,4492,19.0
3574,4493,5.0
3575,4494,5.0
3576,4495,13.0
3576,4496,16.0
3576,4497,23.0
3576,4498,1.0
3576,4499,22.0
3576,4500,2.0
3576,4501,14.0
3577,4502,3.0
3578,4503,2.0
3578,4504,19.0
3579,4505,1.0
3580,4506,3.0
3581,4507,5.0
3582,4508,1.0
3583,4509,17.0
3584,4510,1.0
3585,4511,1.0
3586,4512,14.0
3587,4513,1.0
3588,4514,23.0
3588,4515,1.0
3588,4516,14.0
3589,4517,1.0
3590,4518,3.0
3591,4519,1.0
3592,4520,5.0
3593,4521,1.0
3593,4522,18.0
3594,4523,3.0
3595,4524,16.0
3595,4525,7.0
3595,4526,3.0
3595,4527,25.0
3595,4528,15.0
3596,4529,1.0
3597,4530,17.0
3598,4531,
3599,4532,5.0
3600,4533,5.0
3601,4534,10.0
3601,4535,11.0
3602,4536,14.0
3603,4537,1.0
3604,4538,1.0
3605,4539,5.0
3606,4540,16.0
3607,4541,1.0
3608,4542,3.0
3609,4543,1.0
3610,4544,8.0
3610,4545,1.0
3610,4546,9.0
3611,4547,8.0
3611,4548,9.0
3611,4549,24.0
3611,4550,25.0
3611,4551,5.0
3612,4552,5.0
3613,4553,5.0
3614,4554,1.0
3615,4555,14.0
3616,4556,3.0
3617,4557,1.0
3617,4558,3.0
3618,4559,8.0
3618,4560,12.0
3618,4561,5.0
3618,4562,28.0
3619,4563,5.0
3620,4564,5.0
3621,4565,6.0
3621,4566,5.0
3622,4567,1.0
3623,4568,3.0
3624,4569,1.0
3625,4570,13.0
3626,4571,5.0
3627,4572,5.0
3628,4573,16.0
3629,4574,1.0
3630,4575,13.0
3630,4576,1.0
3630,4577,2.0
3631,4578,1.0
3632,4579,13.0
3632,4580,1.0
3632,4581,2.0
3633,4582,17.0
3634,4583,1.0
3635,4584,10.0
3635,4585,11.0
3636,4586,1.0
3637,4587,1.0
3638,4588,1.0
3639,4589,3.0
3640,4590,1.0
3640,4591,22.0
3640,4592,4.0
3640,4593,6.0
3640,4594,12.0
3641,4595,14.0
3642,4596,3.0
3643,4597,1.0
3644,4598,13.0
3645,4599,2.0
3645,4600,19.0
3646,4601,10.0
3646,4602,11.0
3647,4603,2.0
3647,4604,19.0
3648,4605,1.0
3649,4606,13.0
3649,4607,1.0
3649,4608,2.0
3649,4609,3.0
3649,4610,4.0
3650,4611,1.0
3651,4612,3.0
3652,4613,13.0
3653,4614,1.0
3654,4615,5.0
3655,4616,5.0
3656,4617,3.0
3657,4618,1.0
3658,4619,3.0
3659,4620,5.0
3660,4621,1.0
3661,4622,21.0
3662,4623,1.0
3663,4624,3.0
3664,4625,13.0
3664,4626,2.0
3665,4627,1.0
3666,4628,8.0
3666,4629,1.0
3666,4630,9.0
3667,4631,1.0
3667,4632,3.0
3667,4633,24.0
3668,4634,1.0
3669,4635,5.0
3670,4636,1.0
3671,4637,5.0
3672,4638,3.0
3673,4639,1.0
3674,4640,1.0
3675,4641,1.0
3676,4642,14.0
3677,4643,5.0
3678,4644,
3679,4645,3.0
3680,4646,5.0
3681,4647,1.0
3682,4648,2.0
3682,4649,19.0
3683,4650,14.0
3684,4651,5.0
3685,4652,14.0
3686,4653,5.0
3687,4654,
3688,4655,14.0
3689,4656,16.0
3690,4657,1.0
3691,4658,
3692,4659,16.0
3693,4660,1.0
3694,4661,1.0
3695,4662,3.0
3696,4663,3.0
3696,4664,4.0
3697,4665,17.0
3698,4666,1.0
3699,4667,1.0
3700,4668,13.0
3701,4669,16.0
3702,4670,
3703,4671,13.0
3703,4672,12.0
3704,4673,3.0
3705,4674,
3706,4675,
3707,4676,3.0
3708,4677,1.0
3709,4678,13.0
3710,4679,1.0
3711,4680,1.0
3712,4681,3.0
3713,4682,1.0
3714,4683,1.0
3715,4684,8.0
3715,4685,5.0
3716,4686,3.0
3717,4687,
3718,4688,1.0
3719,4689,1.0
3719,4690,2.0
3719,4691,20.0
3720,4692,13.0
3720,4693,2.0
3721,4694,1.0
3722,4695,1.0
3723,4696,14.0
3724,4697,1.0
3725,4698,1.0
3726,4699,1.0
3727,4700,3.0
3728,4701,1.0
3729,4702,1.0
3730,4703,5.0
3731,4704,
3732,4705,1.0
3733,4706,13.0
3733,4707,1.0
3734,4708,2.0
3734,4709,19.0
3735,4710,1.0
3736,4711,10.0
3736,4712,11.0
3737,4713,1.0
3738,4714,2.0
3738,4715,19.0
3739,4716,5.0
3740,4717,5.0
3741,4718,3.0
3742,4719,10.0
3742,4720,11.0
3743,4721,5.0
3744,4722,1.0
3744,4723,2.0
3745,4724,1.0
3746,4725,16.0
3747,4726,5.0
3748,4727,5.0
3749,4728,3.0
3750,4729,1.0
3751,4730,3.0
3752,4731,
3753,4732,2.0
3753,4733,19.0
3754,4734,13.0
3755,4735,
3756,4736,1.0
3756,4737,2.0
3756,4738,6.0
3757,4739,3.0
3758,4740,1.0
3759,4741,3.0
3760,4742,3.0
3761,4743,
3762,4744,1.0
3763,4745,1.0
3764,4746,1.0
3764,4747,4.0
3765,4748,10.0
3765,4749,11.0
3766,4750,13.0
3766,4751,16.0
3766,4752,23.0
3766,4753,1.0
3766,4754,2.0
3766,4755,12.0
3767,4756,1.0
3768,4757,5.0
3769,4758,21.0
3770,4759,16.0
3771,4760,3.0
3772,4761,5.0
3773,4762,5.0
3774,4763,10.0
3774,4764,11.0
3775,4765,10.0
3775,4766,11.0
3776,4767,5.0
3777,4768,3.0
3778,4769,8.0
3778,4770,1.0
3778,4771,18.0
3779,4772,
3780,4773,3.0
3781,4774,5.0
3782,4775,1.0
3783,4776,1.0
3784,4777,
3785,4778,5.0
3786,4779,10.0
3786,4780,11.0
3787,4781,
3788,4782,2.0
3788,4783,19.0
3789,4784,10.0
3789,4785,11.0
3790,4786,10.0
3790,4787,11.0
3791,4788,8.0
3791,4789,1.0
3791,4790,9.0
3791,4791,6.0
3792,4792,1.0
3792,4793,3.0
3792,4794,4.0
3793,4795,
3794,4796,10.0
3794,4797,11.0
3795,4798,2.0
3795,4799,19.0
3796,4800,17.0
3797,4801,3.0
3798,4802,5.0
3799,4803,3.0
3800,4804,3.0
3801,4805,1.0
3802,4806,5.0
3803,4807,1.0
3804,4808,3.0
3805,4809,1.0
3806,4810,13.0
3807,4811,1.0
3808,4812,14.0
3809,4813,5.0
3810,4814,13.0
3811,4815,1.0
3812,4816,3.0
3813,4817,1.0
3813,4818,6.0
3814,4819,1.0
3815,4820,16.0
3816,4821,20.0
3816,4822,5.0
3817,4823,3.0
3818,4824,14.0
3819,4825,23.0
3819,4826,1.0
3819,4827,22.0
3820,4828,1.0
3821,4829,21.0
3822,4830,1.0
3823,4831,1.0
3824,4832,1.0
3825,4833,1.0
3826,4834,
3827,4835,8.0
3827,4836,1.0
3828,4837,1.0
3829,4838,1.0
3830,4839,13.0
3831,4840,5.0
3832,4841,3.0
3833,4842,5.0
3834,4843,3.0
3835,4844,17.0
3836,4845,10.0
3836,4846,11.0
3837,4847,2.0
3837,4848,19.0
3838,4849,5.0
3839,4850,5.0
3840,4851,16.0
3841,4852,1.0
3842,4853,1.0
3843,4854,5.0
3844,4855,17.0
3845,4856,5.0
3846,4857,8.0
3846,4858,9.0
3846,4859,5.0
3847,4860,
3848,4861,10.0
3848,4862,11.0
3849,4863,16.0
3850,4864,1.0
3851,4865,14.0
3852,4866,10.0
3852,4867,11.0
3853,4868,17.0
3854,4869,1.0
3855,4870,2.0
3855,4871,19.0
3856,4872,8.0
3856,4873,1.0
3856,4874,18.0
3857,4875,1.0
3858,4876,8.0
3858,4877,1.0
3858,4878,3.0
3859,4879,3.0
3860,4880,1.0
3861,4881,3.0
3862,4882,3.0
3863,4883,1.0
3864,4884,1.0
3865,4885,1.0
3866,4886,1.0
3867,4887,1.0
3868,4888,2.0
3868,4889,19.0
3869,4890,1.0
3870,4891,1.0
3871,4892,5.0
3872,4893,1.0
3873,4894,5.0
3874,4895,1.0
3874,4896,2.0
3874,4897,14.0
3875,4898,1.0
3876,4899,5.0
3877,4900,5.0
3878,4901,2.0
3878,4902,19.0
3879,4903,1.0
3880,4904,14.0
3881,4905,1.0
3882,4906,3.0
3883,4907,14.0
3884,4908,3.0
3885,4909,13.0
3886,4910,1.0
3887,4911,16.0
3888,4912,1.0
3889,4913,5.0
3890,4914,5.0
3891,4915,14.0
3892,4916,1.0
3893,4917,5.0
3894,4918,5.0
3895,4919,3.0
3896,4920,1.0
3897,4921,1.0
3898,4922,1.0
3899,4923,3.0
3900,4924,1.0
3900,4925,22.0
3900,4926,2.0
3900,4927,14.0
3901,4928,5.0
3902,4929,10.0
3902,4930,11.0
3903,4931,1.0
3904,4932,16.0
3905,4933,2.0
3905,4934,19.0
3906,4935,1.0
3907,4936,14.0
3908,4937,2.0
3908,4938,19.0
3909,4939,1.0
3910,4940,10.0
3910,4941,11.0
3911,4942,5.0
3912,4943,5.0
3913,4944,16.0
3914,4945,17.0
3915,4946,5.0
3916,4947,3.0
3917,4948,13.0
3918,4949,14.0
3919,4950,13.0
3920,4951,1.0
3921,4952,1.0
3922,4953,13.0
3922,4954,1.0
3922,4955,12.0
3923,4956,5.0
3924,4957,10.0
3924,4958,11.0
3925,4959,1.0
3926,4960,5.0
3927,4961,5.0
3928,4962,3.0
3929,4963,1.0
3930,4964,13.0
3931,4965,8.0
3931,4966,1.0
3932,4967,1.0
3933,4968,1.0
3934,4969,13.0
3935,4970,3.0
3936,4971,1.0
3937,4972,1.0
3938,4973,5.0
3939,4974,1.0
3940,4975,1.0
3941,4976,2.0
3941,4977,19.0
3942,4978,1.0
3943,4979,1.0
3944,4980,13.0
3945,4981,3.0
3946,4982,16.0
3946,4983,1.0
3946,4984,7.0
3946,4985,15.0
3947,4986,1.0
3948,4987,5.0
3949,4988,3.0
3950,4989,5.0
3951,4990,14.0
3952,4991,3.0
3953,4992,1.0
3954,4993,17.0
3955,4994,1.0
3956,4995,26.0
3957,4996,14.0
3958,4997,1.0
3959,4998,1.0
3960,4999,5.0
3961,5000,1.0
3962,5001,1.0
3963,5002,14.0
3964,5003,16.0
3964,5004,7.0
3964,5005,3.0
3964,5006,25.0
3964,5007,15.0
3965,5008,2.0
3965,5009,19.0
3966,5010,10.0
3966,5011,11.0
3967,5012,16.0
3968,5013,5.0
3969,5014,5.0
3970,5015,5.0
3971,5016,5.0
3972,5017,2.0
3972,5018,19.0
3973,5019,5.0
3974,5020,3.0
3975,5021,14.0
3976,5022,3.0
3977,5023,1.0
3978,5024,27.0
3979,5025,5.0
3980,5026,1.0
3981,5027,3.0
3982,5028,16.0
3983,5029,5.0
3984,5030,5.0
3985,5031,2.0
3985,5032,19.0
3986,5033,1.0
3987,5034,16.0
3988,5035,1.0
3989,5036,
3990,5037,3.0
3991,5038,13.0
3991,5039,16.0
3991,5040,23.0
3991,5041,1.0
3991,5042,22.0
3991,5043,2.0
3991,5044,6.0
3992,5045,2.0
3992,5046,19.0
3993,5047,1.0
3994,5048,5.0
3995,5049,1.0
3996,5050,3.0
3997,5051,1.0
3998,5052,14.0
3999,5053,13.0
3999,5054,2.0
3999,5055,6.0
4000,5056,1.0
4001,5057,1.0
4002,5058,1.0
4003,5059,17.0
4004,5060,1.0
4005,5061,13.0
4006,5062,3.0
4007,5063,
4008,5064,1.0
4008,5065,22.0
4008,5066,2.0
4008,5067,4.0
4008,5068,6.0
4009,5069,5.0
4010,5070,1.0
4011,5071,
4012,5072,1.0
4013,5073,13.0
4014,5074,1.0
4014,5075,2.0
4014,5076,6.0
4015,5077,1.0
4016,5078,3.0
4017,5079,1.0
4018,5080,3.0
4019,5081,1.0
4020,5082,2.0
4020,5083,19.0
4021,5084,
4022,5085,5.0
4023,5086,3.0
4024,5087,
4025,5088,3.0
4026,5089,2.0
4027,5090,1.0
4028,5091,1.0
4028,5092,3.0
4029,5093,26.0
4030,5094,1.0
4031,5095,2.0
4031,5096,19.0
4032,5097,1.0
4032,5098,3.0
4033,5099,3.0
4034,5100,2.0
4034,5101,19.0
4035,5102,13.0
4036,5103,2.0
4036,5104,19.0
4037,5105,3.0
4038,5106,1.0
4038,5107,3.0
4038,5108,4.0
4039,5109,1.0
4040,5110,3.0
4041,5111,13.0
4042,5112,27.0
4043,5113,16.0
4044,5114,1.0
4045,5115,5.0
4046,5116,2.0
4046,5117,19.0
4047,5118,13.0
4048,5119,1.0
4049,5120,1.0
4050,5121,1.0
4050,5122,6.0
4051,5123,5.0
4052,5124,2.0
4052,5125,14.0
4053,5126,20.0
4054,5127,14.0
4055,5128,1.0
4056,5129,17.0
4057,5130,14.0
4058,5131,26.0
4059,5132,17.0
4060,5133,2.0
4060,5134,19.0
4061,5135,13.0
4062,5136,3.0
4063,5137,17.0
4064,5138,1.0
4065,5139,1.0
4066,5140,
4067,5141,2.0
4067,5142,19.0
4068,5143,3.0
4069,5144,2.0
4069,5145,19.0
4070,5146,1.0
4071,5147,16.0
4072,5148,2.0
4072,5149,19.0
4073,5150,2.0
4073,5151,14.0
4074,5152,3.0
4075,5153,3.0
4076,5154,5.0
4077,5155,1.0
4078,5156,3.0
4079,5157,1.0
4080,5158,3.0
4081,5159,3.0
4082,5160,1.0
4082,5161,4.0
4083,5162,13.0
4083,5163,2.0
4083,5164,6.0
4084,5165,13.0
4085,5166,14.0
4086,5167,1.0
4087,5168,13.0
4088,5169,13.0
4089,5170,5.0
4090,5171,2.0
4090,5172,19.0
4091,5173,8.0
4091,5174,1.0
4092,5175,1.0
4092,5176,4.0
4093,5177,17.0
4094,5178,8.0
4094,5179,1.0
4094,5180,9.0
4094,5181,2.0
4095,5182,5.0
4096,5183,17.0
4097,5184,1.0
4098,5185,13.0
4099,5186,10.0
4099,5187,11.0
4100,5188,1.0
4101,5189,
4102,5190,1.0
4103,5191,1.0
4104,5192,1.0
4105,5193,3.0
4106,5194,5.0
4107,5195,2.0
4107,5196,19.0
4108,5197,5.0
4109,5198,3.0
4110,5199,2.0
4110,5200,19.0
4111,5201,1.0
4112,5202,
4113,5203,1.0
4114,5204,5.0
4115,5205,5.0
4116,5206,5.0
4117,5207,13.0
4118,5208,1.0
4119,5209,17.0
4120,5210,13.0
4121,5211,3.0
4122,5212,
4123,5213,5.0
4124,5214,3.0
4125,5215,16.0
4126,5216,3.0
4127,5217,1.0
4128,5218,14.0
4129,5219,5.0
4130,5220,13.0
4131,5221,16.0
4132,5222,5.0
4133,5223,2.0
4133,5224,19.0
4134,5225,1.0
4135,5226,5.0
4136,5227,1.0
4137,5228,1.0
4138,5229,1.0
4139,5230,1.0
4140,5231,13.0
4141,5232,13.0
4142,5233,10.0
4142,5234,11.0
4143,5235,1.0
4144,5236,3.0
4145,5237,3.0
4146,5238,1.0
4147,5239,13.0
4148,5240,1.0
4149,5241,14.0
4150,5242,1.0
4151,5243,3.0
4152,5244,13.0
4153,5245,16.0
4154,5246,5.0
4155,5247,13.0
4156,5248,18.0
4156,5249,3.0
4157,5250,16.0
4158,5251,1.0
4159,5252,1.0
4160,5253,5.0
4161,5254,8.0
4161,5255,9.0
4161,5256,5.0
4162,5257,5.0
4163,5258,3.0
4164,5259,3.0
4165,5260,13.0
4166,5261,8.0
4166,5262,9.0
4166,5263,5.0
4167,5264,9.0
4167,5265,12.0
4167,5266,5.0
4168,5267,3.0
4169,5268,5.0
4170,5269,5.0
4171,5270,1.0
4172,5271,1.0
4173,5272,1.0
4174,5273,1.0
4175,5274,16.0
4176,5275,16.0
4177,5276,1.0
4178,5277,2.0
4178,5278,3.0
4178,5279,6.0
4179,5280,
4180,5281,5.0
4181,5282,1.0
4182,5283,2.0
4182,5284,19.0
4183,5285,2.0
4183,5286,19.0
4184,5287,2.0
4184,5288,19.0
4185,5289,1.0
4186,5290,1.0
4187,5291,
4188,5292,2.0
4188,5293,19.0
4189,5294,16.0
4190,5295,14.0
4191,5296,3.0
4192,5297,1.0
4193,5298,1.0
4194,5299,1.0
4195,5300,5.0
4196,5301,14.0
4197,5302,13.0
4198,5303,1.0
4199,5304,5.0
4200,5305,3.0
4201,5306,14.0
4202,5307,13.0
4203,5308,3.0
4204,5309,21.0
4205,5310,13.0
4206,5311,3.0
4207,5312,1.0
4208,5313,20.0
4209,5314,1.0
4210,5315,1.0
4211,5316,3.0
4212,5317,2.0
4212,5318,19.0
4213,5319,5.0
4214,5320,16.0
4215,5321,1.0
4216,5322,3.0
4217,5323,1.0
4218,5324,3.0
4219,5325,1.0
4220,5326,13.0
4220,5327,22.0
4220,5328,2.0
4220,5329,7.0
4220,5330,14.0
4220,5331,3.0
4220,5332,6.0
4221,5333,27.0
4222,5334,27.0
4223,5335,3.0
4224,5336,5.0
4225,5337,1.0
4226,5338,16.0
4227,5339,1.0
4228,5340,14.0
4229,5341,26.0
4230,5342,1.0
4231,5343,1.0
4232,5344,16.0
4233,5345,3.0
4234,5346,10.0
4234,5347,11.0
4235,5348,5.0
4236,5349,3.0
4237,5350,3.0
4238,5351,5.0
4239,5352,13.0
4240,5353,17.0
4241,5354,3.0
4242,5355,3.0
4243,5356,5.0
4244,5357,1.0
4245,5358,3.0
4246,5359,13.0
4247,5360,16.0
4248,5361,1.0
4249,5362,3.0
4250,5363,2.0
4250,5364,19.0
4251,5365,3.0
4252,5366,5.0
4253,5367,16.0
4254,5368,14.0
4255,5369,5.0
4256,5370,
4257,5371,
4258,5372,10.0
4258,5373,11.0
4259,5374,13.0
4260,5375,
4261,5376,1.0
4262,5377,16.0
4262,5378,3.0
4262,5379,25.0
4262,5380,15.0
4263,5381,16.0
4264,5382,5.0
4265,5383,5.0
4266,5384,1.0
4267,5385,16.0
4268,5386,3.0
4269,5387,5.0
4270,5388,3.0
4271,5389,13.0
4272,5390,5.0
4273,5391,1.0
4274,5392,10.0
4274,5393,11.0
4275,5394,5.0
4276,5395,1.0
4277,5396,5.0
4278,5397,16.0
4279,5398,1.0
4279,5399,3.0
4279,5400,4.0
4280,5401,
4281,5402,1.0
4282,5403,1.0
4283,5404,2.0
4283,5405,19.0
4284,5406,16.0
4285,5407,2.0
4286,5408,1.0
4287,5409,1.0
4288,5410,21.0
4289,5411,
4290,5412,5.0
4291,5413,3.0
4292,5414,5.0
4293,5415,3.0
4294,5416,5.0
4295,5417,1.0
4296,5418,3.0
4297,5419,1.0
4298,5420,3.0
4299,5421,13.0
4299,5422,2.0
4299,5423,3.0
4299,5424,4.0
4300,5425,3.0
4301,5426,5.0
4302,5427,5.0
4303,5428,17.0
4304,5429,5.0
4305,5430,16.0
4306,5431,14.0
4307,5432,16.0
4308,5433,1.0
4309,5434,3.0
4310,5435,5.0
4311,5436,14.0
4312,5437,5.0
4313,5438,24.0
4313,5439,5.0
4314,5440,14.0
4314,5441,3.0
4315,5442,5.0
4316,5443,14.0
4317,5444,1.0
4318,5445,10.0
4318,5446,11.0
4319,5447,16.0
4320,5448,5.0
4321,5449,3.0
4322,5450,1.0
4323,5451,1.0
4324,5452,17.0
4325,5453,17.0
4326,5454,14.0
4327,5455,13.0
4328,5456,17.0
4329,5457,16.0
4330,5458,13.0
4331,5459,1.0
4331,5460,4.0
4332,5461,16.0
4333,5462,1.0
4334,5463,3.0
4335,5464,5.0
4336,5465,14.0
4337,5466,3.0
4338,5467,5.0
4339,5468,1.0
4340,5469,10.0
4340,5470,11.0
4341,5471,1.0
4342,5472,3.0
4343,5473,1.0
4344,5474,1.0
4345,5475,3.0
4346,5476,1.0
4347,5477,1.0
4348,5478,3.0
4349,5479,1.0
4350,5480,26.0
4351,5481,1.0
4351,5482,3.0
4352,5483,10.0
4352,5484,11.0
4353,5485,1.0
4354,5486,17.0
4355,5487,10.0
4355,5488,11.0
4356,5489,13.0
4357,5490,3.0
4358,5491,5.0
4359,5492,1.0
4360,5493,17.0
4361,5494,13.0
4362,5495,16.0
4363,5496,13.0
4364,5497,
4365,5498,
4366,5499,1.0
4367,5500,16.0
4368,5501,17.0
4369,5502,1.0
4370,5503,17.0
4371,5504,14.0
4372,5505,1.0
4373,5506,3.0
4374,5507,13.0
4375,5508,13.0
4376,5509,1.0
4376,5510,9.0
4376,5511,12.0
4377,5512,8.0
4377,5513,5.0
4378,5514,1.0
4379,5515,17.0
4380,5516,17.0
4381,5517,1.0
4381,5518,2.0
4381,5519,14.0
4382,5520,14.0
4383,5521,16.0
4384,5522,5.0
4385,5523,14.0
4386,5524,1.0
4387,5525,1.0
4388,5526,3.0
4389,5527,13.0
4390,5528,1.0
4391,5529,5.0
4392,5530,2.0
4392,5531,19.0
4393,5532,2.0
4393,5533,19.0
4394,5534,3.0
4395,5535,5.0
4396,5536,3.0
4397,5537,13.0
4398,5538,13.0
4399,5539,3.0
4400,5540,5.0
4401,5541,3.0
4402,5542,1.0
4403,5543,17.0
4404,5544,3.0
4405,5545,16.0
4406,5546,17.0
4407,5547,1.0
4408,5548,5.0
4409,5549,1.0
4410,5550,3.0
4411,5551,5.0
4412,5552,2.0
4412,5553,19.0
4413,5554,1.0
4414,5555,13.0
4415,5556,1.0
4416,5557,1.0
4416,5558,4.0
4417,5559,13.0
4417,5560,16.0
4418,5561,13.0
4419,5562,3.0
4420,5563,
4421,5564,13.0
4421,5565,8.0
4421,5566,1.0
4422,5567,1.0
4423,5568,1.0
4424,5569,5.0
4425,5570,1.0
4426,5571,1.0
4427,5572,13.0
4428,5573,5.0
4429,5574,1.0
4430,5575,26.0
4431,5576,1.0
4432,5577,16.0
4433,5578,16.0
4434,5579,14.0
4435,5580,21.0
4436,5581,5.0
4437,5582,1.0
4438,5583,3.0
4439,5584,2.0
4439,5585,19.0
4440,5586,14.0
4441,5587,1.0
4442,5588,1.0
4443,5589,5.0
4443,5590,28.0
4444,5591,1.0
4445,5592,14.0
4445,5593,3.0
4446,5594,3.0
4447,5595,16.0
4447,5596,22.0
4447,5597,2.0
4447,5598,14.0
4448,5599,5.0
4449,5600,17.0
4450,5601,14.0
4451,5602,1.0
4452,5603,5.0
4453,5604,14.0
4454,5605,1.0
4454,5606,22.0
4454,5607,2.0
4454,5608,14.0
4455,5609,5.0
4456,5610,1.0
4457,5611,1.0
4458,5612,8.0
4458,5613,1.0
4459,5614,2.0
4459,5615,5.0
4460,5616,1.0
4461,5617,2.0
4461,5618,19.0
4462,5619,5.0
4463,5620,1.0
4464,5621,1.0
4465,5622,3.0
4465,5623,4.0
4466,5624,13.0
4466,5625,16.0
4466,5626,23.0
4466,5627,15.0
4467,5628,16.0
4468,5629,2.0
4468,5630,19.0
4469,5631,3.0
4470,5632,3.0
4471,5633,1.0
4472,5634,17.0
4473,5635,3.0
4474,5636,17.0
4475,5637,3.0
4476,5638,3.0
4477,5639,3.0
4478,5640,3.0
4479,5641,8.0
4479,5642,1.0
4479,5643,24.0
4480,5644,5.0
4481,5645,16.0
4482,5646,17.0
4483,5647,1.0
4484,5648,1.0
4485,5649,5.0
4486,5650,2.0
4486,5651,19.0
4487,5652,10.0
4487,5653,11.0
4488,5654,1.0
4489,5655,3.0
4490,5656,17.0
4491,5657,14.0
4492,5658,16.0
4493,5659,3.0
4494,5660,3.0
4495,5661,1.0
4496,5662,5.0
4497,5663,5.0
4498,5664,5.0
4499,5665,27.0
4500,5666,5.0
4501,5667,1.0
4502,5668,13.0
4502,5669,8.0
4502,5670,1.0
4502,5671,9.0
4502,5672,2.0
4502,5673,3.0
4502,5674,6.0
4503,5675,1.0
4504,5676,1.0
4505,5677,14.0
4506,5678,13.0
4507,5679,10.0
4507,5680,11.0
4508,5681,2.0
4508,5682,19.0
4509,5683,13.0
4510,5684,1.0
4511,5685,1.0
4512,5686,1.0
4513,5687,2.0
4513,5688,19.0
4514,5689,3.0
4515,5690,5.0
4516,5691,3.0
4517,5692,3.0
4518,5693,5.0
4519,5694,1.0
4520,5695,1.0
4521,5696,1.0
4522,5697,3.0
4523,5698,
4524,5699,17.0
4525,5700,23.0
4525,5701,1.0
4525,5702,6.0
4525,5703,21.0
4526,5704,5.0
4527,5705,1.0
4528,5706,
4529,5707,1.0
4530,5708,1.0
4531,5709,3.0
4532,5710,1.0
4533,5711,3.0
4533,5712,24.0
4534,5713,1.0
4535,5714,
4536,5715,1.0
4537,5716,5.0
4538,5717,14.0
4539,5718,17.0
4540,5719,1.0
4541,5720,1.0
4542,5721,5.0
4543,5722,2.0
4543,5723,19.0
4544,5724,
4545,5725,3.0
4546,5726,24.0
4546,5727,5.0
4547,5728,5.0
4548,5729,1.0
4548,5730,2.0
4549,5731,3.0
4550,5732,23.0
4550,5733,1.0
4550,5734,22.0
4550,5735,2.0
4550,5736,14.0
4551,5737,2.0
4551,5738,19.0
4552,5739,1.0
4552,5740,3.0
4552,5741,15.0
4553,5742,
4554,5743,10.0
4554,5744,11.0
4555,5745,1.0
4556,5746,1.0
4557,5747,16.0
4558,5748,2.0
4558,5749,19.0
4559,5750,2.0
4559,5751,19.0
4560,5752,2.0
4560,5753,19.0
4561,5754,1.0
4562,5755,1.0
4563,5756,5.0
4564,5757,16.0
4565,5758,1.0
4566,5759,3.0
4567,5760,13.0
4568,5761,5.0
4569,5762,1.0
4570,5763,1.0
4570,5764,4.0
4571,5765,14.0
4572,5766,3.0
4573,5767,3.0
4574,5768,2.0
4574,5769,19.0
4575,5770,3.0
4576,5771,5.0
4577,5772,1.0
4577,5773,22.0
4577,5774,2.0
4578,5775,2.0
4578,5776,19.0
4579,5777,16.0
4580,5778,1.0
4581,5779,1.0
4582,5780,16.0
4582,5781,1.0
4582,5782,2.0
4583,5783,5.0
4584,5784,1.0
4585,5785,3.0
4586,5786,5.0
4587,5787,14.0
4588,5788,13.0
4589,5789,10.0
4589,5790,11.0
4590,5791,3.0
4591,5792,5.0
4592,5793,5.0
4593,5794,3.0
4594,5795,2.0
4594,5796,19.0
4595,5797,23.0
4595,5798,1.0
4595,5799,22.0
4595,5800,3.0
4596,5801,1.0
4596,5802,3.0
4597,5803,1.0
4597,5804,3.0
4597,5805,6.0
4598,5806,1.0
4599,5807,2.0
4599,5808,19.0
4600,5809,1.0
4601,5810,1.0
4602,5811,14.0
4603,5812,26.0
4604,5813,13.0
4604,5814,3.0
4605,5815,13.0
4606,5816,1.0
4607,5817,1.0
4608,5818,
4609,5819,5.0
4610,5820,3.0
4611,5821,
4612,5822,5.0
4613,5823,1.0
4614,5824,1.0
4615,5825,17.0
4616,5826,2.0
4617,5827,3.0
4618,5828,1.0
4619,5829,5.0
4620,5830,2.0
4620,5831,19.0
4621,5832,5.0
4622,5833,3.0
4623,5834,17.0
4624,5835,1.0
4625,5836,22.0
4625,5837,25.0
4626,5838,8.0
4626,5839,5.0
4627,5840,5.0
4628,5841,3.0
4629,5842,1.0
4630,5843,16.0
4630,5844,1.0
4630,5845,2.0
4630,5846,14.0
4630,5847,20.0
4631,5848,2.0
4631,5849,19.0
4632,5850,1.0
4633,5851,3.0
4634,5852,1.0
4634,5853,4.0
4635,5854,5.0
4636,5855,1.0
4637,5856,
4638,5857,1.0
4639,5858,7.0
4639,5859,3.0
4639,5860,15.0
4640,5861,1.0
4641,5862,
4642,5863,5.0
4643,5864,1.0
4644,5865,16.0
4645,5866,1.0
4645,5867,6.0
4646,5868,1.0
4647,5869,1.0
4648,5870,5.0
4649,5871,1.0
4650,5872,3.0
4651,5873,1.0
4652,5874,1.0
4653,5875,1.0
4654,5876,1.0
4655,5877,1.0
4656,5878,1.0
4657,5879,5.0
4658,5880,5.0
4659,5881,13.0
4660,5882,13.0
4660,5883,2.0
4661,5884,8.0
4661,5885,1.0
4661,5886,6.0
4662,5887,5.0
4663,5888,14.0
4664,5889,14.0
4665,5890,17.0
4666,5891,5.0
4667,5892,3.0
4668,5893,14.0
4669,5894,14.0
4670,5895,13.0
4670,5896,23.0
4670,5897,2.0
4670,5898,14.0
4671,5899,1.0
4672,5900,2.0
4672,5901,19.0
4673,5902,1.0
4673,5903,3.0
4674,5904,5.0
4675,5905,1.0
4676,5906,1.0
4677,5907,1.0
4678,5908,8.0
4678,5909,1.0
4678,5910,3.0
4678,5911,6.0
4679,5912,13.0
4680,5913,5.0
4681,5914,16.0
4682,5915,3.0
4683,5916,13.0
4684,5917,8.0
4684,5918,1.0
4684,5919,3.0
4685,5920,1.0
4686,5921,8.0
4686,5922,1.0
4686,5923,4.0
4686,5924,6.0
4687,5925,2.0
4687,5926,19.0
4688,5927,21.0
4689,5928,3.0
4690,5929,5.0
4691,5930,
4692,5931,14.0
4693,5932,13.0
4693,5933,1.0
4693,5934,9.0
4693,5935,2.0
4694,5936,13.0
4695,5937,3.0
4696,5938,2.0
4696,5939,19.0
4697,5940,1.0
4698,5941,16.0
4698,5942,14.0
4698,5943,3.0
4699,5944,3.0
4700,5945,13.0
4701,5946,3.0
4702,5947,3.0
4703,5948,1.0
4704,5949,1.0
4705,5950,1.0
4706,5951,16.0
4707,5952,13.0
4708,5953,3.0
4709,5954,
4710,5955,5.0
4711,5956,3.0
4712,5957,13.0
4713,5958,16.0
4713,5959,1.0
4713,5960,7.0
4713,5961,24.0
4714,5962,3.0
4715,5963,3.0
4716,5964,10.0
4716,5965,11.0
4717,5966,1.0
4717,5967,3.0
4718,5968,1.0
4719,5969,13.0
4719,5970,16.0
4719,5971,7.0
4720,5972,3.0
4721,5973,5.0
4722,5974,17.0
4723,5975,14.0
4724,5976,5.0
4725,5977,1.0
4726,5978,13.0
4727,5979,1.0
4728,5980,22.0
4728,5981,2.0
4729,5982,3.0
4730,5983,14.0
4731,5984,3.0
4732,5985,1.0
4733,5986,3.0
4734,5987,5.0
4735,5988,1.0
4736,5989,14.0
4737,5990,1.0
4738,5991,5.0
4739,5992,1.0
4740,5993,5.0
4741,5994,13.0
4742,5995,16.0
4743,5996,
4744,5997,1.0
4745,5998,1.0
4746,5999,8.0
4746,6000,1.0
4746,6001,4.0
4747,6002,3.0
4748,6003,13.0
4749,6004,
4750,6005,3.0
4751,6006,16.0
4752,6007,1.0
4753,6008,1.0
4754,6009,1.0
4755,6010,3.0
4756,6011,1.0
4757,6012,1.0
4758,6013,1.0
4759,6014,3.0
4760,6015,2.0
4760,6016,19.0
4761,6017,13.0
4762,6018,17.0
4763,6019,3.0
4764,6020,13.0
4765,6021,9.0
4765,6022,5.0
4766,6023,21.0
4767,6024,17.0
4768,6025,2.0
4768,6026,19.0
4769,6027,16.0
4770,6028,1.0
4771,6029,2.0
4771,6030,19.0
4772,6031,1.0
4773,6032,1.0
4774,6033,16.0
4775,6034,2.0
4775,6035,19.0
4776,6036,5.0
4777,6037,5.0
4778,6038,3.0
4779,6039,10.0
4779,6040,11.0
4780,6041,16.0
4781,6042,16.0
4782,6043,3.0
4783,6044,13.0
4784,6045,2.0
4784,6046,19.0
4785,6047,17.0
4786,6048,3.0
4787,6049,2.0
4787,6050,19.0
4788,6051,16.0
4788,6052,3.0
4788,6053,25.0
4788,6054,15.0
4789,6055,13.0
4790,6056,3.0
4791,6057,1.0
4792,6058,16.0
4793,6059,5.0
4794,6060,1.0
4795,6061,14.0
4796,6062,
4797,6063,1.0
4798,6064,9.0
4798,6065,12.0
4798,6066,5.0
4798,6067,28.0
4799,6068,2.0
4799,6069,19.0
4800,6070,3.0
4801,6071,14.0
4802,6072,
4803,6073,1.0
4804,6074,10.0
4804,6075,11.0
4805,6076,
4806,6077,
4807,6078,13.0
4808,6079,13.0
4809,6080,31.0
4810,6081,1.0
4811,6082,14.0
4812,6083,5.0
4813,6084,
4814,6085,26.0
4815,6086,1.0
4816,6087,2.0
4816,6088,19.0
4817,6089,10.0
4817,6090,11.0
4818,6091,1.0
4819,6092,5.0
4820,6093,2.0
4820,6094,19.0
4821,6095,1.0
4822,6096,13.0
4823,6097,1.0
4824,6098,1.0
4825,6099,13.0
4826,6100,16.0
4827,6101,5.0
4828,6102,1.0
4829,6103,1.0
4830,6104,1.0
4831,6105,2.0
4832,6106,1.0
4832,6107,3.0
4832,6108,4.0
4832,6109,15.0
4833,6110,2.0
4833,6111,19.0
4834,6112,13.0
4834,6113,8.0
4834,6114,1.0
4834,6115,18.0
4835,6116,3.0
4836,6117,1.0
4837,6118,16.0
4838,6119,5.0
4839,6120,3.0
4840,6121,5.0
4841,6122,1.0
4842,6123,1.0
4843,6124,17.0
4844,6125,3.0
4845,6126,16.0
4846,6127,16.0
4847,6128,13.0
4848,6129,16.0
4849,6130,1.0
4849,6131,2.0
4849,6132,7.0
4849,6133,14.0
4850,6134,16.0
4851,6135,17.0
4852,6136,
4853,6137,5.0
4854,6138,3.0
4855,6139,3.0
4856,6140,1.0
4857,6141,10.0
4857,6142,11.0
4858,6143,1.0
4859,6144,13.0
4860,6145,1.0
4861,6146,3.0
4862,6147,13.0
4863,6148,1.0
4863,6149,3.0
4864,6150,3.0
4865,6151,5.0
4866,6152,1.0
4867,6153,3.0
4868,6154,1.0
4868,6155,2.0
4868,6156,6.0
4869,6157,2.0
4869,6158,19.0
4870,6159,8.0
4870,6160,1.0
4871,6161,2.0
4871,6162,19.0
4872,6163,27.0
4873,6164,
4874,6165,13.0
4875,6166,17.0
4876,6167,5.0
4877,6168,1.0
4878,6169,8.0
4878,6170,1.0
4878,6171,9.0
4879,6172,10.0
4879,6173,11.0
4880,6174,10.0
4880,6175,11.0
4881,6176,1.0
4882,6177,1.0
4883,6178,10.0
4883,6179,11.0
4884,6180,13.0
4885,6181,14.0
4886,6182,
4887,6183,14.0
4888,6184,5.0
4889,6185,1.0
4890,6186,2.0
4890,6187,19.0
4891,6188,5.0
4892,6189,9.0
4892,6190,24.0
4892,6191,5.0
4893,6192,17.0
4894,6193,1.0
4894,6194,12.0
4895,6195,1.0
4896,6196,3.0
4897,6197,1.0
4898,6198,5.0
4899,6199,8.0
4899,6200,5.0
4900,6201,
4901,6202,5.0
4902,6203,1.0
4903,6204,5.0
4904,6205,10.0
4904,6206,11.0
4905,6207,14.0
4906,6208,3.0
4907,6209,13.0
4908,6210,5.0
4909,6211,1.0
4910,6212,2.0
4910,6213,19.0
4911,6214,1.0
4911,6215,22.0
4911,6216,2.0
4912,6217,10.0
4912,6218,11.0
4913,6219,13.0
4913,6220,2.0
4913,6221,6.0
4914,6222,2.0
4914,6223,19.0
4915,6224,3.0
4916,6225,3.0
4917,6226,17.0
4918,6227,5.0
4919,6228,13.0
4919,6229,2.0
4919,6230,6.0
4920,6231,1.0
4921,6232,3.0
4922,6233,5.0
4923,6234,2.0
4923,6235,19.0
4924,6236,13.0
4924,6237,23.0
4924,6238,3.0
4924,6239,25.0
4924,6240,15.0
4924,6241,21.0
4925,6242,13.0
4926,6243,5.0
4927,6244,1.0
4928,6245,5.0
4929,6246,13.0
4930,6247,1.0
4931,6248,3.0
4932,6249,2.0
4932,6250,19.0
4933,6251,5.0
4934,6252,5.0
4935,6253,1.0
4936,6254,13.0
4937,6255,1.0
4938,6256,2.0
4938,6257,19.0
4939,6258,2.0
4939,6259,19.0
4940,6260,1.0
4941,6261,17.0
4942,6262,14.0
4943,6263,5.0
4944,6264,1.0
4945,6265,13.0
4946,6266,16.0
4947,6267,3.0
4948,6268,5.0
4949,6269,17.0
4950,6270,5.0
4951,6271,13.0
4952,6272,1.0
4952,6273,3.0
4953,6274,16.0
4954,6275,5.0
4955,6276,1.0
4956,6277,5.0
4957,6278,1.0
4958,6279,3.0
4959,6280,13.0
4960,6281,1.0
4961,6282,10.0
4961,6283,11.0
4962,6284,13.0
4963,6285,1.0
4964,6286,2.0
4964,6287,19.0
4965,6288,1.0
4966,6289,13.0
4967,6290,3.0
4968,6291,13.0
4969,6292,2.0
4969,6293,19.0
4970,6294,23.0
4970,6295,1.0
4970,6296,2.0
4970,6297,3.0
4970,6298,4.0
4971,6299,17.0
4972,6300,3.0
4973,6301,1.0
4974,6302,3.0
4975,6303,1.0
4976,6304,2.0
4976,6305,19.0
4977,6306,5.0
4978,6307,3.0
4979,6308,13.0
4979,6309,16.0
4979,6310,7.0
4979,6311,14.0
4979,6312,3.0
4980,6313,7.0
4980,6314,25.0
4981,6315,1.0
4981,6316,22.0
4981,6317,2.0
4981,6318,7.0
4981,6319,14.0
4981,6320,4.0
4982,6321,16.0
4983,6322,
4984,6323,10.0
4984,6324,11.0
4985,6325,8.0
4985,6326,1.0
4985,6327,9.0
4985,6328,2.0
4986,6329,5.0
4987,6330,5.0
4988,6331,20.0
4989,6332,5.0
4990,6333,2.0
4990,6334,14.0
4990,6335,6.0
4991,6336,13.0
4991,6337,1.0
4991,6338,2.0
4992,6339,5.0
4993,6340,14.0
4994,6341,16.0
4995,6342,13.0
4996,6343,5.0
4997,6344,16.0
4998,6345,1.0
4998,6346,2.0
4998,6347,3.0
4998,6348,6.0
4998,6349,12.0
4999,6350,2.0
4999,6351,19.0
5000,6352,
5001,6353,1.0
5002,6354,16.0
5002,6355,1.0
5002,6356,12.0
5002,6357,15.0
5003,6358,1.0
5004,6359,1.0
5005,6360,5.0
5006,6361,1.0
5007,6362,10.0
5007,6363,11.0
5008,6364,
5009,6365,5.0
5010,6366,5.0
5011,6367,1.0
5012,6368,1.0
5013,6369,2.0
5013,6370,19.0
5014,6371,1.0
5015,6372,3.0
5016,6373,14.0
5017,6374,16.0
5018,6375,1.0
5019,6376,1.0
5020,6377,13.0
5021,6378,5.0
5022,6379,1.0
5023,6380,5.0
5024,6381,14.0
5025,6382,1.0
5026,6383,1.0
5027,6384,2.0
5027,6385,19.0
5028,6386,1.0
5029,6387,10.0
5029,6388,11.0
5030,6389,14.0
5031,6390,5.0
5032,6391,3.0
5033,6392,1.0
5034,6393,5.0
5035,6394,16.0
5036,6395,1.0
5037,6396,16.0
5038,6397,1.0
5039,6398,2.0
5039,6399,19.0
5040,6400,17.0
5041,6401,5.0
5042,6402,14.0
5043,6403,16.0
5044,6404,14.0
5045,6405,13.0
5046,6406,2.0
5046,6407,19.0
5047,6408,14.0
5048,6409,8.0
5048,6410,1.0
5048,6411,24.0
5049,6412,3.0
5050,6413,17.0
5051,6414,5.0
5052,6415,3.0
5053,6416,
5054,6417,
5055,6418,1.0
5056,6419,3.0
5057,6420,3.0
5058,6421,1.0
5059,6422,
5060,6423,14.0
5061,6424,
5062,6425,13.0
5063,6426,16.0
5064,6427,1.0
5065,6428,
5066,6429,1.0
5067,6430,2.0
5067,6431,19.0
5068,6432,3.0
5069,6433,17.0
5070,6434,8.0
5070,6435,24.0
5070,6436,5.0
5071,6437,14.0
5072,6438,3.0
5073,6439,5.0
5074,6440,13.0
5075,6441,16.0
5076,6442,10.0
5076,6443,11.0
5077,6444,17.0
5078,6445,1.0
5079,6446,1.0
5080,6447,1.0
5080,6448,3.0
5080,6449,4.0
5081,6450,1.0
5082,6451,17.0
5083,6452,1.0
5084,6453,5.0
5085,6454,5.0
5086,6455,16.0
5087,6456,16.0
5088,6457,13.0
5089,6458,17.0
5090,6459,1.0
5091,6460,1.0
5092,6461,
5093,6462,1.0
5094,6463,2.0
5094,6464,19.0
5095,6465,14.0
5096,6466,1.0
5096,6467,2.0
5096,6468,6.0
5097,6469,3.0
5097,6470,24.0
5098,6471,1.0
5099,6472,16.0
5100,6473,13.0
5101,6474,5.0
5102,6475,16.0
5103,6476,13.0
5104,6477,16.0
5105,6478,27.0
5106,6479,16.0
5107,6480,1.0
5108,6481,3.0
5109,6482,1.0
5110,6483,16.0
5111,6484,13.0
5112,6485,1.0
5113,6486,5.0
5114,6487,1.0
5115,6488,14.0
5116,6489,3.0
5117,6490,16.0
5118,6491,1.0
5119,6492,1.0
5119,6493,4.0
5120,6494,1.0
5121,6495,
5122,6496,3.0
5123,6497,16.0
5124,6498,3.0
5125,6499,2.0
5125,6500,19.0
5126,6501,1.0
5127,6502,10.0
5127,6503,11.0
5128,6504,1.0
5129,6505,2.0
5129,6506,19.0
5130,6507,1.0
5131,6508,2.0
5131,6509,19.0
5132,6510,1.0
5133,6511,3.0
5134,6512,3.0
5135,6513,13.0
5135,6514,16.0
5135,6515,23.0
5135,6516,7.0
5135,6517,14.0
5135,6518,20.0
5136,6519,22.0
5136,6520,2.0
5136,6521,14.0
5137,6522,13.0
5138,6523,1.0
5139,6524,14.0
5140,6525,14.0
5141,6526,1.0
5142,6527,16.0
5143,6528,1.0
5144,6529,1.0
5145,6530,21.0
5146,6531,5.0
5147,6532,1.0
5148,6533,16.0
5148,6534,1.0
5149,6535,1.0
5150,6536,3.0
5151,6537,
5152,6538,10.0
5152,6539,11.0
5153,6540,1.0
5154,6541,
5155,6542,10.0
5155,6543,11.0
5156,6544,3.0
5156,6545,4.0
5157,6546,3.0
5158,6547,3.0
5159,6548,5.0
5160,6549,10.0
5160,6550,11.0
5161,6551,1.0
5162,6552,17.0
5163,6553,16.0
5164,6554,1.0
5165,6555,17.0
5166,6556,1.0
5166,6557,22.0
5166,6558,3.0
5166,6559,4.0
5167,6560,5.0
5168,6561,3.0
5169,6562,1.0
5170,6563,13.0
5170,6564,16.0
5170,6565,2.0
5170,6566,6.0
5171,6567,1.0
5172,6568,13.0
5173,6569,14.0
5174,6570,16.0
5174,6571,7.0
5174,6572,25.0
5174,6573,15.0
5175,6574,
5176,6575,13.0
5177,6576,5.0
5178,6577,2.0
5178,6578,19.0
5179,6579,1.0
5180,6580,3.0
5181,6581,3.0
5182,6582,10.0
5182,6583,11.0
5183,6584,1.0
5184,6585,
5185,6586,13.0
5186,6587,5.0
5187,6588,17.0
5188,6589,14.0
5189,6590,1.0
5190,6591,9.0
5190,6592,5.0
5191,6593,1.0
5192,6594,3.0
5193,6595,5.0
5194,6596,1.0
5195,6597,5.0
5196,6598,2.0
5196,6599,19.0
5197,6600,5.0
5198,6601,1.0
5199,6602,
5200,6603,1.0
5201,6604,27.0
5202,6605,3.0
5203,6606,5.0
5204,6607,13.0
5204,6608,22.0
5204,6609,2.0
5205,6610,2.0
5205,6611,19.0
5206,6612,1.0
5206,6613,3.0
5206,6614,6.0
5207,6615,1.0
5208,6616,16.0
5209,6617,16.0
5210,6618,14.0
5211,6619,5.0
5212,6620,1.0
5213,6621,3.0
5214,6622,16.0
5215,6623,13.0
5216,6624,1.0
5217,6625,3.0
5218,6626,5.0
5219,6627,1.0
5219,6628,3.0
5220,6629,1.0
5221,6630,1.0
5221,6631,3.0
5222,6632,3.0
5223,6633,3.0
5224,6634,2.0
5224,6635,19.0
5225,6636,14.0
5226,6637,1.0
5227,6638,3.0
5228,6639,5.0
5229,6640,9.0
5229,6641,5.0
5230,6642,2.0
5230,6643,19.0
5231,6644,5.0
5232,6645,5.0
5233,6646,1.0
5234,6647,3.0
5235,6648,1.0
5236,6649,3.0
5237,6650,1.0
5238,6651,3.0
5239,6652,3.0
5240,6653,2.0
5240,6654,19.0
5241,6655,5.0
5242,6656,
5243,6657,1.0
5244,6658,1.0
5245,6659,5.0
5246,6660,1.0
5247,6661,5.0
5248,6662,3.0
5249,6663,1.0
5250,6664,2.0
5250,6665,19.0
5251,6666,1.0
5251,6667,24.0
5252,6668,10.0
5252,6669,11.0
5253,6670,5.0
5254,6671,1.0
5255,6672,17.0
5256,6673,5.0
5257,6674,16.0
5258,6675,3.0
5259,6676,13.0
5260,6677,14.0
5261,6678,3.0
5262,6679,17.0
5263,6680,13.0
5264,6681,1.0
5264,6682,6.0
5265,6683,1.0
5266,6684,1.0
5267,6685,1.0
5267,6686,2.0
5268,6687,5.0
5269,6688,3.0
5270,6689,3.0
5271,6690,16.0
5272,6691,16.0
5272,6692,15.0
5272,6693,5.0
5273,6694,1.0
5274,6695,3.0
5275,6696,16.0
5276,6697,13.0
5277,6698,17.0
5278,6699,13.0
5278,6700,2.0
5278,6701,6.0
5279,6702,8.0
5279,6703,9.0
5279,6704,2.0
5279,6705,12.0
5280,6706,3.0
5280,6707,4.0
5280,6708,21.0
5281,6709,13.0
5281,6710,2.0
5281,6711,6.0
5282,6712,16.0
5283,6713,3.0
5284,6714,13.0
5284,6715,16.0
5284,6716,2.0
5285,6717,1.0
5286,6718,26.0
5287,6719,5.0
5288,6720,14.0
5289,6721,1.0
5290,6722,3.0
5291,6723,1.0
5292,6724,10.0
5292,6725,11.0
5293,6726,2.0
5293,6727,4.0
5293,6728,6.0
5294,6729,1.0
5295,6730,1.0
5296,6731,20.0
5297,6732,2.0
5297,6733,19.0
5298,6734,5.0
5299,6735,13.0
5300,6736,16.0
5301,6737,14.0
5302,6738,1.0
5303,6739,17.0
5304,6740,
5305,6741,5.0
5306,6742,13.0
5307,6743,16.0
5308,6744,14.0
5309,6745,17.0
5310,6746,1.0
5311,6747,13.0
5312,6748,24.0
5312,6749,5.0
5313,6750,26.0
5314,6751,13.0
5314,6752,22.0
5314,6753,2.0
5315,6754,14.0
5316,6755,1.0
5317,6756,5.0
5318,6757,16.0
5318,6758,23.0
5318,6759,3.0
5318,6760,25.0
5318,6761,15.0
5319,6762,16.0
5320,6763,5.0
5321,6764,16.0
5322,6765,2.0
5322,6766,19.0
5323,6767,5.0
5324,6768,8.0
5324,6769,1.0
5324,6770,4.0
5325,6771,1.0
5326,6772,1.0
5327,6773,14.0
5328,6774,1.0
5329,6775,3.0
5330,6776,5.0
5331,6777,14.0
5332,6778,16.0
5333,6779,3.0
5334,6780,1.0
5334,6781,22.0
5334,6782,2.0
5334,6783,14.0
5334,6784,6.0
5335,6785,13.0
5336,6786,16.0
5337,6787,16.0
5338,6788,3.0
5339,6789,3.0
5340,6790,1.0
5341,6791,14.0
5342,6792,16.0
5343,6793,1.0
5344,6794,13.0
5345,6795,16.0
5345,6796,7.0
5345,6797,3.0
5345,6798,25.0
5346,6799,5.0
5347,6800,16.0
5348,6801,1.0
5349,6802,13.0
5350,6803,1.0
5350,6804,3.0
5351,6805,17.0
5352,6806,13.0
5353,6807,1.0
5354,6808,5.0
5355,6809,1.0
5356,6810,5.0
5357,6811,1.0
5357,6812,2.0
5358,6813,1.0
5358,6814,3.0
5358,6815,15.0
5359,6816,16.0
5360,6817,14.0
5361,6818,17.0
5362,6819,7.0
5362,6820,3.0
5362,6821,15.0
5363,6822,5.0
5364,6823,27.0
5365,6824,1.0
5366,6825,13.0
5367,6826,7.0
5367,6827,3.0
5368,6828,5.0
5369,6829,5.0
5370,6830,3.0
5371,6831,14.0
5372,6832,1.0
5373,6833,1.0
5374,6834,1.0
5375,6835,5.0
5376,6836,5.0
5377,6837,3.0
5378,6838,14.0
5379,6839,5.0
5380,6840,16.0
5381,6841,14.0
5382,6842,3.0
5383,6843,16.0
5384,6844,1.0
5385,6845,13.0
5386,6846,2.0
5386,6847,19.0
5387,6848,3.0
5388,6849,14.0
5389,6850,16.0
5390,6851,2.0
5390,6852,19.0
5391,6853,16.0
5392,6854,21.0
5393,6855,16.0
5394,6856,5.0
5395,6857,1.0
5396,6858,3.0
5397,6859,13.0
5398,6860,1.0
5399,6861,5.0
5400,6862,17.0
5401,6863,10.0
5401,6864,11.0
5402,6865,10.0
5402,6866,11.0
5403,6867,16.0
5404,6868,3.0
5405,6869,16.0
5406,6870,13.0
5407,6871,1.0
5408,6872,3.0
5409,6873,16.0
5409,6874,8.0
5409,6875,1.0
5409,6876,2.0
5410,6877,16.0
5411,6878,3.0
5412,6879,13.0
5412,6880,16.0
5412,6881,23.0
5412,6882,1.0
5412,6883,3.0
5413,6884,3.0
5414,6885,3.0
5415,6886,17.0
5416,6887,3.0
5417,6888,1.0
5418,6889,5.0
5419,6890,3.0
5420,6891,1.0
5421,6892,17.0
5422,6893,
5423,6894,5.0
5424,6895,5.0
5425,6896,5.0
5426,6897,1.0
5427,6898,5.0
5428,6899,17.0
5429,6900,17.0
5430,6901,2.0
5430,6902,19.0
5431,6903,5.0
5432,6904,3.0
5433,6905,
5434,6906,2.0
5434,6907,19.0
5435,6908,1.0
5436,6909,13.0
5436,6910,23.0
5436,6911,14.0
5437,6912,17.0
5438,6913,
5439,6914,2.0
5439,6915,19.0
5440,6916,1.0
5440,6917,3.0
5440,6918,4.0
5441,6919,13.0
5442,6920,2.0
5442,6921,19.0
5443,6922,2.0
5443,6923,19.0
5444,6924,17.0
5445,6925,1.0
5446,6926,13.0
5447,6927,5.0
5448,6928,2.0
5449,6929,1.0
5450,6930,5.0
5451,6931,3.0
5452,6932,3.0
5453,6933,5.0
5454,6934,3.0
5455,6935,1.0
5456,6936,5.0
5457,6937,1.0
5458,6938,14.0
5459,6939,3.0
5460,6940,16.0
5461,6941,2.0
5461,6942,19.0
5462,6943,10.0
5462,6944,11.0
5463,6945,5.0
5464,6946,2.0
5464,6947,19.0
5465,6948,1.0
5466,6949,1.0
5467,6950,1.0
5468,6951,3.0
5469,6952,8.0
5469,6953,24.0
5469,6954,5.0
5470,6955,1.0
5471,6956,3.0
5472,6957,16.0
5473,6958,1.0
5473,6959,14.0
5474,6960,3.0
5475,6961,1.0
5476,6962,16.0
5477,6963,2.0
5477,6964,14.0
5478,6965,14.0
5479,6966,3.0
5480,6967,14.0
5481,6968,2.0
5481,6969,19.0
5482,6970,
5483,6971,5.0
5484,6972,13.0
5485,6973,1.0
5486,6974,3.0
5487,6975,1.0
5488,6976,5.0
5489,6977,1.0
5490,6978,1.0
5490,6979,18.0
5490,6980,5.0
5491,6981,16.0
5492,6982,1.0
5493,6983,5.0
5494,6984,5.0
5495,6985,1.0
5495,6986,3.0
5495,6987,4.0
5496,6988,1.0
5496,6989,12.0
5497,6990,1.0
5498,6991,1.0
5499,6992,3.0
5500,6993,1.0
5501,6994,1.0
5502,6995,1.0
5503,6996,3.0
5504,6997,1.0
5505,6998,5.0
5506,6999,8.0
5506,7000,9.0
5506,7001,5.0
5507,7002,13.0
5508,7003,1.0
5509,7004,5.0
5510,7005,3.0
5511,7006,5.0
5512,7007,21.0
5513,7008,16.0
5514,7009,5.0
5515,7010,13.0
5516,7011,1.0
5517,7012,1.0
5518,7013,16.0
5519,7014,3.0
5520,7015,16.0
5521,7016,1.0
5521,7017,18.0
5521,7018,3.0
5521,7019,4.0
5522,7020,13.0
5522,7021,16.0
5522,7022,23.0
5522,7023,2.0
5522,7024,7.0
5523,7025,1.0
5523,7026,22.0
5523,7027,2.0
5523,7028,14.0
5524,7029,26.0
5525,7030,3.0
5526,7031,14.0
5527,7032,1.0
5527,7033,18.0
5527,7034,4.0
5528,7035,5.0
5529,7036,1.0
5530,7037,
5531,7038,14.0
5532,7039,3.0
5533,7040,1.0
5534,7041,16.0
5535,7042,8.0
5535,7043,1.0
5535,7044,24.0
5536,7045,1.0
5537,7046,3.0
5538,7047,3.0
5539,7048,3.0
5540,7049,3.0
5541,7050,10.0
5541,7051,11.0
5542,7052,1.0
5543,7053,14.0
5544,7054,14.0
5545,7055,17.0
5546,7056,1.0
5547,7057,10.0
5547,7058,11.0
5548,7059,13.0
5548,7060,16.0
5548,7061,23.0
5548,7062,7.0
5549,7063,14.0
5550,7064,3.0
5551,7065,3.0
5552,7066,5.0
5553,7067,16.0
5554,7068,3.0
5555,7069,22.0
5555,7070,5.0
5556,7071,17.0
5557,7072,1.0
5558,7073,13.0
5559,7074,13.0
5560,7075,1.0
5561,7076,14.0
5562,7077,13.0
5563,7078,5.0
5564,7079,1.0
5565,7080,26.0
5566,7081,13.0
5566,7082,16.0
5566,7083,23.0
5566,7084,1.0
5566,7085,2.0
5566,7086,12.0
5567,7087,17.0
5568,7088,1.0
5569,7089,3.0
5570,7090,1.0
5571,7091,5.0
5572,7092,5.0
5573,7093,1.0
5574,7094,3.0
5575,7095,5.0
5576,7096,10.0
5576,7097,11.0
5577,7098,5.0
5578,7099,14.0
5579,7100,1.0
5579,7101,3.0
5579,7102,4.0
5580,7103,5.0
5581,7104,13.0
5582,7105,14.0
5583,7106,5.0
5584,7107,2.0
5584,7108,19.0
5585,7109,3.0
5586,7110,5.0
5587,7111,1.0
5588,7112,1.0
5589,7113,1.0
5590,7114,23.0
5590,7115,1.0
5590,7116,2.0
5591,7117,24.0
5591,7118,5.0
5592,7119,5.0
5593,7120,5.0
5594,7121,16.0
5594,7122,1.0
5594,7123,7.0
5595,7124,3.0
5596,7125,
5597,7126,1.0
5598,7127,
5599,7128,13.0
5600,7129,14.0
5601,7130,1.0
5602,7131,1.0
5603,7132,1.0
5604,7133,14.0
5605,7134,2.0
5605,7135,19.0
5606,7136,1.0
5607,7137,13.0
5608,7138,3.0
5609,7139,1.0
5610,7140,14.0
5611,7141,1.0
5612,7142,5.0
5613,7143,16.0
5614,7144,1.0
5615,7145,3.0
5616,7146,21.0
5617,7147,2.0
5617,7148,19.0
5618,7149,3.0
5619,7150,13.0
5619,7151,23.0
5619,7152,2.0
5619,7153,14.0
5619,7154,6.0
5620,7155,2.0
5620,7156,19.0
5621,7157,5.0
5622,7158,13.0
5622,7159,16.0
5622,7160,23.0
5623,7161,5.0
5624,7162,1.0
5624,7163,2.0
5624,7164,6.0
5625,7165,13.0
5625,7166,1.0
5625,7167,2.0
5625,7168,6.0
5626,7169,1.0
5627,7170,1.0
5628,7171,3.0
5629,7172,5.0
5630,7173,16.0
5631,7174,5.0
5632,7175,1.0
5633,7176,1.0
5634,7177,3.0
5635,7178,
5636,7179,1.0
5637,7180,1.0
5638,7181,1.0
5639,7182,5.0
5640,7183,13.0
5641,7184,5.0
5642,7185,13.0
5643,7186,1.0
5644,7187,2.0
5644,7188,19.0
5645,7189,3.0
5646,7190,1.0
5647,7191,13.0
5648,7192,1.0
5649,7193,5.0
5650,7194,2.0
5650,7195,19.0
5651,7196,13.0
5652,7197,13.0
5653,7198,1.0
5653,7199,2.0
5654,7200,2.0
5654,7201,14.0
5655,7202,1.0
5656,7203,1.0
5656,7204,3.0
5657,7205,3.0
5658,7206,14.0
5659,7207,16.0
5660,7208,1.0
5660,7209,3.0
5660,7210,4.0
5661,7211,3.0
5662,7212,17.0
5663,7213,1.0
5664,7214,7.0
5664,7215,3.0
5664,7216,25.0
5664,7217,15.0
5665,7218,3.0
5666,7219,13.0
5667,7220,3.0
5668,7221,16.0
5669,7222,16.0
5669,7223,2.0
5669,7224,14.0
5670,7225,
5671,7226,5.0
5672,7227,1.0
5673,7228,17.0
5674,7229,5.0
5675,7230,16.0
5676,7231,13.0
5677,7232,3.0
5678,7233,13.0
5678,7234,1.0
5678,7235,9.0
5678,7236,2.0
5679,7237,13.0
5680,7238,16.0
5680,7239,23.0
5680,7240,22.0
5680,7241,2.0
5680,7242,6.0
5681,7243,5.0
5682,7244,1.0
5683,7245,1.0
5684,7246,14.0
5685,7247,17.0
5686,7248,1.0
5687,7249,1.0
5688,7250,5.0
5689,7251,1.0
5690,7252,1.0
5691,7253,13.0
5692,7254,
5693,7255,13.0
5694,7256,3.0
5695,7257,1.0
5696,7258,5.0
5697,7259,1.0
5698,7260,3.0
5699,7261,8.0
5699,7262,1.0
5699,7263,9.0
5699,7264,20.0
5700,7265,5.0
5701,7266,17.0
5702,7267,1.0
5703,7268,16.0
5704,7269,5.0
5705,7270,1.0
5706,7271,1.0
5707,7272,5.0
5708,7273,16.0
5709,7274,16.0
5710,7275,3.0
5711,7276,14.0
5712,7277,5.0
5713,7278,13.0
5714,7279,1.0
5715,7280,5.0
5716,7281,3.0
5717,7282,5.0
5718,7283,16.0
5719,7284,13.0
5720,7285,1.0
5721,7286,1.0
5722,7287,
5723,7288,5.0
5724,7289,16.0
5725,7290,5.0
5726,7291,1.0
5727,7292,16.0
5728,7293,5.0
5729,7294,3.0
5730,7295,5.0
5731,7296,3.0
5732,7297,5.0
5733,7298,1.0
5734,7299,5.0
5735,7300,1.0
5735,7301,3.0
5736,7302,14.0
5737,7303,1.0
5738,7304,5.0
5739,7305,1.0
5740,7306,8.0
5740,7307,1.0
5740,7308,6.0
5740,7309,25.0
5741,7310,5.0
5742,7311,10.0
5742,7312,11.0
5743,7313,1.0
5744,7314,5.0
5745,7315,13.0
5746,7316,5.0
5747,7317,1.0
5748,7318,2.0
5748,7319,19.0
5749,7320,3.0
5750,7321,5.0
5751,7322,3.0
5752,7323,1.0
5753,7324,14.0
5754,7325,5.0
5755,7326,14.0
5756,7327,5.0
5757,7328,5.0
5758,7329,1.0
5759,7330,13.0
5760,7331,8.0
5760,7332,9.0
5760,7333,5.0
5761,7334,1.0
5762,7335,17.0
5763,7336,1.0
5764,7337,1.0
5764,7338,4.0
5764,7339,12.0
5765,7340,1.0
5766,7341,5.0
5767,7342,1.0
5768,7343,
5769,7344,3.0
5770,7345,1.0
5771,7346,14.0
5772,7347,
5773,7348,2.0
5773,7349,19.0
5774,7350,2.0
5774,7351,19.0
5775,7352,1.0
5775,7353,3.0
5775,7354,4.0
5776,7355,
5777,7356,5.0
5778,7357,1.0
5778,7358,6.0
5778,7359,5.0
5778,7360,28.0
5779,7361,13.0
5780,7362,1.0
5781,7363,3.0
5782,7364,3.0
5783,7365,1.0
5783,7366,22.0
5783,7367,14.0
5784,7368,16.0
5785,7369,1.0
5786,7370,2.0
5786,7371,14.0
5787,7372,5.0
5788,7373,13.0
5789,7374,1.0
5790,7375,1.0
5791,7376,1.0
5792,7377,16.0
5793,7378,3.0
5794,7379,21.0
5795,7380,1.0
5796,7381,2.0
5796,7382,19.0
5797,7383,2.0
5797,7384,19.0
5798,7385,16.0
5799,7386,5.0
5800,7387,1.0
5801,7388,2.0
5801,7389,19.0
5802,7390,1.0
5803,7391,8.0
5803,7392,1.0
5803,7393,3.0
5803,7394,21.0
5804,7395,5.0
5805,7396,17.0
5806,7397,10.0
5806,7398,11.0
5807,7399,3.0
5808,7400,3.0
5809,7401,1.0
5810,7402,3.0
5811,7403,5.0
5812,7404,1.0
5813,7405,5.0
5814,7406,17.0
5815,7407,5.0
5816,7408,13.0
5817,7409,3.0
5818,7410,3.0
5819,7411,8.0
5819,7412,1.0
5820,7413,10.0
5820,7414,11.0
5821,7415,13.0
5821,7416,2.0
5822,7417,5.0
5823,7418,1.0
5824,7419,1.0
5825,7420,1.0
5826,7421,21.0
5827,7422,1.0
5828,7423,16.0
5829,7424,1.0
5830,7425,10.0
5830,7426,11.0
5831,7427,5.0
5832,7428,5.0
5833,7429,1.0
5833,7430,2.0
5833,7431,6.0
5834,7432,2.0
5834,7433,19.0
5835,7434,3.0
5836,7435,17.0
5837,7436,16.0
5838,7437,3.0
5839,7438,17.0
5840,7439,14.0
5841,7440,
5842,7441,1.0
5843,7442,5.0
5844,7443,1.0
5845,7444,
5846,7445,2.0
5846,7446,19.0
5847,7447,13.0
5847,7448,23.0
5847,7449,14.0
5847,7450,3.0
5848,7451,5.0
5849,7452,
5850,7453,3.0
5851,7454,10.0
5851,7455,11.0
5852,7456,1.0
5853,7457,13.0
5853,7458,16.0
5853,7459,23.0
5853,7460,2.0
5854,7461,5.0
5855,7462,14.0
5856,7463,13.0
5857,7464,27.0
5858,7465,13.0
5858,7466,1.0
5858,7467,9.0
5858,7468,12.0
5859,7469,1.0
5860,7470,13.0
5860,7471,16.0
5860,7472,2.0
5860,7473,3.0
5860,7474,6.0
5861,7475,1.0
5862,7476,13.0
5862,7477,2.0
5863,7478,1.0
5863,7479,3.0
5864,7480,3.0
5865,7481,1.0
5866,7482,13.0
5867,7483,16.0
5868,7484,2.0
5868,7485,19.0
5869,7486,
5870,7487,
5871,7488,2.0
5871,7489,19.0
5872,7490,8.0
5872,7491,1.0
5872,7492,22.0
5872,7493,2.0
5872,7494,6.0
5873,7495,13.0
5874,7496,2.0
5874,7497,19.0
5875,7498,1.0
5876,7499,13.0
5876,7500,1.0
5876,7501,2.0
5876,7502,6.0
5877,7503,16.0
5878,7504,1.0
5879,7505,18.0
5879,7506,3.0
5880,7507,16.0
5881,7508,1.0
5882,7509,1.0
5883,7510,5.0
5884,7511,10.0
5884,7512,11.0
5885,7513,1.0
5886,7514,3.0
5887,7515,1.0
5888,7516,16.0
5889,7517,13.0
5890,7518,1.0
5891,7519,1.0
5892,7520,3.0
5893,7521,5.0
5894,7522,16.0
5895,7523,3.0
5896,7524,3.0
5897,7525,5.0
5898,7526,1.0
5899,7527,1.0
5900,7528,1.0
5901,7529,3.0
5902,7530,20.0
5903,7531,1.0
5904,7532,1.0
5905,7533,1.0
5906,7534,16.0
5907,7535,17.0
5908,7536,1.0
5909,7537,1.0
5910,7538,10.0
5910,7539,11.0
5911,7540,1.0
5912,7541,1.0
5913,7542,
5914,7543,10.0
5914,7544,11.0
5915,7545,16.0
5916,7546,10.0
5916,7547,11.0
5917,7548,1.0
5918,7549,1.0
5919,7550,1.0
5920,7551,1.0
5921,7552,17.0
5922,7553,5.0
5923,7554,13.0
5924,7555,5.0
5925,7556,16.0
5926,7557,14.0
5927,7558,13.0
5927,7559,1.0
5927,7560,22.0
5927,7561,2.0
5927,7562,6.0
5928,7563,5.0
5929,7564,13.0
5929,7565,8.0
5929,7566,1.0
5929,7567,6.0
5930,7568,2.0
5931,7569,1.0
5932,7570,1.0
5933,7571,1.0
5934,7572,8.0
5934,7573,1.0
5935,7574,5.0
5935,7575,28.0
5936,7576,1.0
5937,7577,1.0
5938,7578,1.0
5939,7579,21.0
5940,7580,13.0
5940,7581,1.0
5940,7582,18.0
5940,7583,5.0
5941,7584,5.0
5942,7585,1.0
5942,7586,2.0
5942,7587,20.0
5943,7588,17.0
5944,7589,1.0
5945,7590,5.0
5946,7591,3.0
5947,7592,1.0
5948,7593,
5949,7594,13.0
5950,7595,5.0
5951,7596,5.0
5952,7597,1.0
5953,7598,14.0
5954,7599,3.0
5955,7600,5.0
5956,7601,5.0
5957,7602,3.0
5958,7603,3.0
5959,7604,16.0
5959,7605,23.0
5959,7606,22.0
5959,7607,2.0
5959,7608,7.0
5959,7609,14.0
5959,7610,3.0
5959,7611,6.0
5959,7612,25.0
5959,7613,15.0
5960,7614,3.0
5961,7615,3.0
5962,7616,2.0
5962,7617,19.0
5963,7618,3.0
5964,7619,17.0
5965,7620,1.0
5966,7621,1.0
5967,7622,20.0
5968,7623,2.0
5968,7624,19.0
5969,7625,3.0
5970,7626,27.0
5971,7627,16.0
5972,7628,14.0
5973,7629,1.0
5974,7630,5.0
5975,7631,5.0
5976,7632,3.0
5977,7633,14.0
5978,7634,1.0
5979,7635,14.0
5980,7636,5.0
5981,7637,16.0
5982,7638,14.0
5983,7639,1.0
5984,7640,13.0
5984,7641,16.0
5984,7642,23.0
5984,7643,7.0
5984,7644,15.0
5985,7645,1.0
5986,7646,3.0
5987,7647,14.0
5988,7648,13.0
5989,7649,
5990,7650,5.0
5991,7651,10.0
5991,7652,11.0
5992,7653,1.0
5993,7654,5.0
5994,7655,5.0
5995,7656,5.0
5996,7657,16.0
5997,7658,5.0
5998,7659,13.0
5999,7660,10.0
5999,7661,11.0
6000,7662,1.0
6001,7663,
6002,7664,16.0
6003,7665,17.0
6004,7666,13.0
6005,7667,1.0
6006,7668,2.0
6006,7669,19.0
6007,7670,5.0
6008,7671,5.0
6009,7672,1.0
6010,7673,13.0
6011,7674,10.0
6011,7675,11.0
6012,7676,5.0
6013,7677,3.0
6013,7678,4.0
6013,7679,5.0
6014,7680,2.0
6014,7681,19.0
6015,7682,13.0
6016,7683,1.0
6017,7684,1.0
6018,7685,5.0
6019,7686,2.0
6019,7687,19.0
6020,7688,2.0
6020,7689,19.0
6021,7690,1.0
6022,7691,16.0
6023,7692,1.0
6024,7693,5.0
6025,7694,1.0
6026,7695,1.0
6027,7696,5.0
6028,7697,5.0
6029,7698,3.0
6030,7699,16.0
6031,7700,1.0
6032,7701,5.0
6033,7702,20.0
6034,7703,3.0
6035,7704,3.0
6036,7705,3.0
6037,7706,3.0
6038,7707,10.0
6038,7708,11.0
6039,7709,5.0
6040,7710,1.0
6041,7711,17.0
6042,7712,8.0
6042,7713,1.0
6042,7714,2.0
6042,7715,6.0
6043,7716,8.0
6043,7717,9.0
6043,7718,5.0
6044,7719,17.0
6045,7720,2.0
6045,7721,19.0
6046,7722,1.0
6047,7723,5.0
6048,7724,14.0
6049,7725,2.0
6049,7726,19.0
6050,7727,13.0
6050,7728,23.0
6050,7729,7.0
6050,7730,3.0
6051,7731,3.0
6052,7732,3.0
6053,7733,3.0
6054,7734,1.0
6055,7735,1.0
6056,7736,14.0
6057,7737,1.0
6058,7738,3.0
6059,7739,1.0
6060,7740,1.0
6061,7741,1.0
6062,7742,1.0
6063,7743,16.0
6064,7744,3.0
6065,7745,1.0
6066,7746,14.0
6067,7747,14.0
6068,7748,17.0
6069,7749,1.0
6070,7750,5.0
6071,7751,1.0
6072,7752,5.0
6073,7753,1.0
6074,7754,1.0
6075,7755,16.0
6076,7756,5.0
6077,7757,3.0
6078,7758,1.0
6079,7759,3.0
6079,7760,4.0
6080,7761,1.0
6081,7762,3.0
6082,7763,3.0
6083,7764,1.0
6084,7765,16.0
6085,7766,3.0
6086,7767,10.0
6086,7768,11.0
6087,7769,
6088,7770,1.0
6089,7771,2.0
6089,7772,19.0
6090,7773,14.0
6091,7774,13.0
6092,7775,14.0
6093,7776,1.0
6094,7777,10.0
6094,7778,11.0
6095,7779,1.0
6096,7780,26.0
6097,7781,1.0
6098,7782,1.0
6099,7783,2.0
6099,7784,14.0
6099,7785,3.0
6100,7786,13.0
6101,7787,3.0
6102,7788,3.0
6103,7789,14.0
6104,7790,1.0
6105,7791,2.0
6105,7792,19.0
6106,7793,16.0
6106,7794,8.0
6106,7795,9.0
6106,7796,5.0
6107,7797,2.0
6107,7798,19.0
6108,7799,1.0
6108,7800,4.0
6109,7801,1.0
6110,7802,5.0
6111,7803,1.0
6112,7804,21.0
6113,7805,2.0
6113,7806,19.0
6114,7807,5.0
6115,7808,5.0
6116,7809,3.0
6117,7810,1.0
6118,7811,1.0
6119,7812,10.0
6119,7813,11.0
6120,7814,21.0
6121,7815,1.0
6122,7816,8.0
6122,7817,9.0
6122,7818,5.0
6123,7819,5.0
6124,7820,5.0
6125,7821,1.0
6125,7822,9.0
6125,7823,3.0
6126,7824,
6127,7825,5.0
6128,7826,2.0
6128,7827,19.0
6129,7828,3.0
6130,7829,5.0
6131,7830,1.0
6132,7831,13.0
6132,7832,16.0
6132,7833,23.0
6132,7834,1.0
6132,7835,7.0
6132,7836,25.0
6133,7837,
6134,7838,1.0
6134,7839,4.0
6135,7840,17.0
6136,7841,5.0
6137,7842,1.0
6138,7843,3.0
6139,7844,5.0
6140,7845,5.0
6141,7846,3.0
6142,7847,3.0
6143,7848,1.0
6144,7849,13.0
6145,7850,17.0
6146,7851,5.0
6147,7852,1.0
6148,7853,2.0
6148,7854,19.0
6149,7855,1.0
6150,7856,1.0
6151,7857,16.0
6152,7858,1.0
6153,7859,14.0
6154,7860,1.0
6155,7861,17.0
6156,7862,5.0
6157,7863,13.0
6157,7864,16.0
6157,7865,23.0
6157,7866,3.0
6157,7867,25.0
6157,7868,15.0
6158,7869,3.0
6159,7870,5.0
6160,7871,3.0
6161,7872,3.0
6162,7873,3.0
6163,7874,16.0
6164,7875,1.0
6165,7876,14.0
6166,7877,5.0
6167,7878,13.0
6167,7879,16.0
6167,7880,23.0
6167,7881,1.0
6168,7882,
6169,7883,2.0
6169,7884,19.0
6170,7885,13.0
6171,7886,5.0
6172,7887,1.0
6173,7888,1.0
6174,7889,3.0
6175,7890,1.0
6175,7891,2.0
6176,7892,1.0
6177,7893,13.0
6178,7894,8.0
6178,7895,1.0
6179,7896,1.0
6180,7897,13.0
6180,7898,23.0
6180,7899,2.0
6181,7900,1.0
6182,7901,3.0
6183,7902,1.0
6184,7903,1.0
6185,7904,1.0
6186,7905,3.0
6187,7906,5.0
6188,7907,1.0
6189,7908,2.0
6189,7909,19.0
6190,7910,1.0
6191,7911,1.0
6192,7912,1.0
6193,7913,3.0
6194,7914,5.0
6195,7915,16.0
6196,7916,5.0
6197,7917,3.0
6198,7918,1.0
6198,7919,3.0
6198,7920,4.0
6199,7921,13.0
6200,7922,1.0
6201,7923,16.0
6201,7924,3.0
6201,7925,24.0
6201,7926,25.0
6201,7927,15.0
6202,7928,16.0
6203,7929,
6204,7930,3.0
6205,7931,14.0
6206,7932,5.0
6207,7933,16.0
6208,7934,13.0
6209,7935,
6210,7936,5.0
6211,7937,2.0
6211,7938,19.0
6212,7939,2.0
6212,7940,19.0
6213,7941,13.0
6213,7942,23.0
6213,7943,2.0
6213,7944,14.0
6214,7945,1.0
6215,7946,1.0
6216,7947,17.0
6217,7948,10.0
6217,7949,11.0
6218,7950,14.0
6219,7951,3.0
6220,7952,1.0
6220,7953,5.0
6221,7954,3.0
6222,7955,3.0
6223,7956,3.0
6224,7957,5.0
6225,7958,13.0
6226,7959,3.0
6227,7960,2.0
6227,7961,19.0
6228,7962,2.0
6228,7963,19.0
6229,7964,1.0
6230,7965,1.0
6231,7966,16.0
6232,7967,13.0
6232,7968,2.0
6232,7969,6.0
6233,7970,2.0
6233,7971,19.0
6234,7972,5.0
6235,7973,3.0
6236,7974,5.0
6237,7975,1.0
6238,7976,13.0
6239,7977,5.0
6240,7978,3.0
6241,7979,5.0
6242,7980,13.0
6242,7981,2.0
6242,7982,3.0
6242,7983,6.0
6242,7984,24.0
6243,7985,1.0
6244,7986,
6245,7987,17.0
6246,7988,16.0
6247,7989,13.0
6248,7990,5.0
6249,7991,5.0
6250,7992,1.0
6250,7993,2.0
6250,7994,14.0
6251,7995,21.0
6252,7996,3.0
6253,7997,3.0
6254,7998,3.0
6255,7999,1.0
6256,8000,10.0
6256,8001,11.0
6257,8002,1.0
6258,8003,1.0
6259,8004,5.0
6260,8005,13.0
6261,8006,1.0
6262,8007,3.0
6263,8008,10.0
6263,8009,11.0
6264,8010,
6265,8011,3.0
6266,8012,
6267,8013,1.0
6268,8014,
6269,8015,1.0
6270,8016,3.0
6271,8017,16.0
6272,8018,3.0
6273,8019,3.0
6274,8020,5.0
6275,8021,1.0
6276,8022,1.0
6276,8023,3.0
6277,8024,1.0
6278,8025,
6279,8026,10.0
6279,8027,11.0
6280,8028,14.0
6280,8029,3.0
6281,8030,1.0
6281,8031,3.0
6281,8032,4.0
6282,8033,1.0
6283,8034,14.0
6284,8035,13.0
6285,8036,13.0
6286,8037,1.0
6287,8038,1.0
6287,8039,4.0
6287,8040,25.0
6287,8041,15.0
6287,8042,5.0
6288,8043,14.0
6289,8044,13.0
6289,8045,16.0
6289,8046,23.0
6289,8047,3.0
6289,8048,25.0
6289,8049,15.0
6290,8050,17.0
6291,8051,1.0
6292,8052,23.0
6292,8053,1.0
6292,8054,4.0
6293,8055,13.0
6293,8056,2.0
6293,8057,14.0
6293,8058,6.0
6294,8059,3.0
6295,8060,
6296,8061,3.0
6297,8062,10.0
6297,8063,11.0
6298,8064,3.0
6299,8065,
6300,8066,16.0
6301,8067,1.0
6302,8068,3.0
6302,8069,6.0
6303,8070,17.0
6304,8071,1.0
6305,8072,1.0
6306,8073,1.0
6307,8074,3.0
6308,8075,1.0
6309,8076,14.0
6310,8077,1.0
6311,8078,1.0
6312,8079,2.0
6312,8080,19.0
6313,8081,3.0
6314,8082,18.0
6314,8083,5.0
6315,8084,2.0
6315,8085,19.0
6316,8086,8.0
6316,8087,5.0
6317,8088,1.0
6318,8089,1.0
6319,8090,1.0
6320,8091,5.0
6321,8092,3.0
6322,8093,1.0
6323,8094,10.0
6323,8095,11.0
6324,8096,5.0
6325,8097,5.0
6326,8098,5.0
6327,8099,5.0
6328,8100,1.0
6329,8101,
6330,8102,5.0
6331,8103,2.0
6331,8104,19.0
6332,8105,17.0
6333,8106,14.0
6334,8107,1.0
6335,8108,
6336,8109,1.0
6337,8110,3.0
6338,8111,1.0
6338,8112,3.0
6338,8113,4.0
6339,8114,5.0
6340,8115,14.0
6341,8116,3.0
6342,8117,5.0
6343,8118,1.0
6344,8119,1.0
6345,8120,13.0
6346,8121,1.0
6347,8122,1.0
6348,8123,1.0
6349,8124,5.0
6350,8125,1.0
6350,8126,22.0
6350,8127,2.0
6350,8128,6.0
6351,8129,8.0
6351,8130,1.0
6351,8131,9.0
6351,8132,4.0
6352,8133,10.0
6352,8134,11.0
6353,8135,2.0
6353,8136,19.0
6354,8137,17.0
6355,8138,5.0
6356,8139,14.0
6357,8140,14.0
6358,8141,3.0
6359,8142,1.0
6360,8143,17.0
6361,8144,13.0
6361,8145,2.0
6361,8146,6.0
6362,8147,21.0
6363,8148,17.0
6364,8149,13.0
6365,8150,2.0
6365,8151,14.0
6366,8152,1.0
6367,8153,14.0
6367,8154,3.0
6367,8155,4.0
6368,8156,
6369,8157,3.0
6370,8158,14.0
6371,8159,5.0
6372,8160,10.0
6372,8161,11.0
6373,8162,16.0
6374,8163,16.0
6375,8164,16.0
6376,8165,13.0
6377,8166,13.0
6377,8167,16.0
6377,8168,1.0
6377,8169,4.0
6378,8170,10.0
6378,8171,11.0
6379,8172,1.0
6380,8173,3.0
6381,8174,13.0
6382,8175,17.0
6383,8176,1.0
6383,8177,3.0
6384,8178,3.0
6385,8179,
6386,8180,2.0
6386,8181,19.0
6387,8182,17.0
6388,8183,16.0
6389,8184,1.0
6390,8185,16.0
6390,8186,1.0
6390,8187,7.0
6390,8188,3.0
6390,8189,4.0
6390,8190,21.0
6391,8191,2.0
6391,8192,19.0
6392,8193,3.0
6393,8194,1.0
6394,8195,1.0
6395,8196,2.0
6395,8197,19.0
6396,8198,13.0
6397,8199,1.0
6398,8200,10.0
6398,8201,11.0
6399,8202,1.0
6400,8203,1.0
6401,8204,8.0
6401,8205,5.0
6402,8206,1.0
6403,8207,16.0
6404,8208,1.0
6405,8209,1.0
6406,8210,1.0
6407,8211,10.0
6407,8212,11.0
6408,8213,3.0
6409,8214,14.0
6410,8215,1.0
6411,8216,1.0
6412,8217,3.0
6413,8218,5.0
6414,8219,1.0
6415,8220,10.0
6415,8221,11.0
6416,8222,3.0
6417,8223,5.0
6418,8224,1.0
6418,8225,3.0
6418,8226,4.0
6419,8227,5.0
6420,8228,20.0
6421,8229,26.0
6422,8230,23.0
6422,8231,4.0
6423,8232,3.0
6424,8233,17.0
6425,8234,5.0
6426,8235,1.0
6427,8236,5.0
6428,8237,3.0
6429,8238,5.0
6430,8239,5.0
6431,8240,1.0
6432,8241,17.0
6433,8242,13.0
6433,8243,16.0
6433,8244,23.0
6433,8245,2.0
6434,8246,1.0
6435,8247,1.0
6436,8248,26.0
6437,8249,13.0
6438,8250,16.0
6439,8251,3.0
6440,8252,3.0
6441,8253,1.0
6442,8254,2.0
6442,8255,19.0
6443,8256,2.0
6443,8257,19.0
6444,8258,13.0
6445,8259,1.0
6446,8260,14.0
6447,8261,13.0
6448,8262,
6449,8263,1.0
6450,8264,2.0
6450,8265,19.0
6451,8266,10.0
6451,8267,11.0
6452,8268,1.0
6453,8269,1.0
6454,8270,1.0
6455,8271,13.0
6456,8272,13.0
6457,8273,5.0
6458,8274,1.0
6459,8275,13.0
6460,8276,3.0
6461,8277,13.0
6462,8278,2.0
6462,8279,19.0
6463,8280,1.0
6464,8281,2.0
6464,8282,19.0
6465,8283,2.0
6465,8284,19.0
6466,8285,1.0
6467,8286,1.0
6468,8287,1.0
6469,8288,5.0
6470,8289,1.0
6471,8290,
6472,8291,1.0
6473,8292,2.0
6473,8293,19.0
6474,8294,10.0
6474,8295,11.0
6475,8296,
6476,8297,2.0
6476,8298,6.0
6477,8299,13.0
6477,8300,8.0
6477,8301,1.0
6477,8302,9.0
6477,8303,12.0
6478,8304,1.0
6479,8305,2.0
6479,8306,19.0
6480,8307,5.0
6481,8308,5.0
6482,8309,1.0
6482,8310,20.0
6483,8311,8.0
6483,8312,24.0
6483,8313,5.0
6484,8314,5.0
6485,8315,13.0
6486,8316,1.0
6487,8317,13.0
6488,8318,1.0
6489,8319,1.0
6490,8320,8.0
6490,8321,1.0
6490,8322,24.0
6490,8323,5.0
6491,8324,8.0
6491,8325,4.0
6491,8326,24.0
6492,8327,14.0
6493,8328,17.0
6494,8329,1.0
6495,8330,13.0
6495,8331,2.0
6495,8332,6.0
6496,8333,3.0
6497,8334,13.0
6498,8335,1.0
6499,8336,
6500,8337,
6501,8338,13.0
6502,8339,1.0
6503,8340,16.0
6504,8341,3.0
6505,8342,13.0
6505,8343,23.0
6505,8344,2.0
6505,8345,14.0
6505,8346,3.0
6506,8347,16.0
6507,8348,1.0
6508,8349,1.0
6509,8350,2.0
6509,8351,19.0
6510,8352,2.0
6510,8353,19.0
6511,8354,3.0
6512,8355,
6513,8356,1.0
6514,8357,5.0
6515,8358,21.0
6516,8359,16.0
6517,8360,2.0
6517,8361,19.0
6518,8362,13.0
6519,8363,3.0
6520,8364,17.0
6521,8365,3.0
6522,8366,24.0
6522,8367,5.0
6523,8368,3.0
6524,8369,1.0
6525,8370,
6526,8371,1.0
6527,8372,5.0
6528,8373,2.0
6528,8374,19.0
6529,8375,13.0
6530,8376,3.0
6531,8377,1.0
6532,8378,3.0
6533,8379,5.0
6534,8380,2.0
6534,8381,19.0
6535,8382,1.0
6536,8383,16.0
6537,8384,1.0
6537,8385,4.0
6538,8386,1.0
6538,8387,4.0
6539,8388,1.0
6540,8389,1.0
6541,8390,14.0
6542,8391,5.0
6543,8392,1.0
6543,8393,4.0
6543,8394,24.0
6544,8395,1.0
6545,8396,2.0
6545,8397,19.0
6546,8398,1.0
6546,8399,2.0
6547,8400,1.0
6548,8401,14.0
6549,8402,1.0
6549,8403,6.0
6550,8404,10.0
6550,8405,11.0
6551,8406,2.0
6551,8407,19.0
6552,8408,13.0
6553,8409,1.0
6554,8410,13.0
6555,8411,5.0
6556,8412,3.0
6557,8413,10.0
6557,8414,11.0
6558,8415,1.0
6558,8416,3.0
6559,8417,1.0
6560,8418,2.0
6560,8419,19.0
6561,8420,5.0
6562,8421,13.0
6563,8422,5.0
6564,8423,3.0
6565,8424,1.0
6565,8425,2.0
6565,8426,14.0
6566,8427,16.0
6567,8428,16.0
6568,8429,13.0
6568,8430,16.0
6568,8431,23.0
6569,8432,1.0
6570,8433,1.0
6571,8434,
6572,8435,3.0
6573,8436,3.0
6574,8437,3.0
6575,8438,5.0
6576,8439,1.0
6577,8440,5.0
6578,8441,10.0
6578,8442,11.0
6579,8443,16.0
6580,8444,5.0
6581,8445,1.0
6582,8446,3.0
6583,8447,13.0
6584,8448,3.0
6585,8449,
6586,8450,18.0
6586,8451,5.0
6587,8452,
6588,8453,
6589,8454,3.0
6590,8455,5.0
6591,8456,
6592,8457,10.0
6592,8458,11.0
6593,8459,1.0
6594,8460,16.0
6595,8461,16.0
6596,8462,1.0
6597,8463,10.0
6597,8464,11.0
6598,8465,5.0
6599,8466,1.0
6600,8467,1.0
6601,8468,
6602,8469,16.0
6603,8470,14.0
6604,8471,14.0
6605,8472,5.0
6606,8473,10.0
6606,8474,11.0
6607,8475,
6608,8476,5.0
6609,8477,13.0
6610,8478,1.0
6611,8479,5.0
6612,8480,3.0
6613,8481,9.0
6613,8482,12.0
6613,8483,5.0
6614,8484,14.0
6615,8485,1.0
6616,8486,5.0
6617,8487,5.0
6618,8488,8.0
6618,8489,9.0
6618,8490,24.0
6618,8491,5.0
6619,8492,5.0
6620,8493,16.0
6621,8494,1.0
6622,8495,1.0
6623,8496,13.0
6624,8497,5.0
6625,8498,1.0
6626,8499,3.0
6627,8500,3.0
6628,8501,5.0
6629,8502,1.0
6630,8503,5.0
6631,8504,1.0
6631,8505,3.0
6632,8506,
6633,8507,3.0
6634,8508,3.0
6635,8509,1.0
6636,8510,17.0
6637,8511,1.0
6638,8512,1.0
6639,8513,1.0
6639,8514,22.0
6639,8515,2.0
6639,8516,14.0
6640,8517,5.0
6641,8518,1.0
6641,8519,3.0
6641,8520,4.0
6642,8521,10.0
6642,8522,11.0
6643,8523,5.0
6644,8524,2.0
6644,8525,19.0
6645,8526,1.0
6646,8527,
6647,8528,16.0
6647,8529,8.0
6647,8530,1.0
6647,8531,3.0
6647,8532,24.0
6647,8533,5.0
6648,8534,3.0
6649,8535,1.0
6650,8536,3.0
6650,8537,4.0
6651,8538,3.0
6652,8539,1.0
6653,8540,1.0
6654,8541,3.0
6655,8542,13.0
6656,8543,2.0
6656,8544,19.0
6657,8545,17.0
6658,8546,3.0
6659,8547,3.0
6660,8548,5.0
6661,8549,1.0
6662,8550,1.0
6663,8551,14.0
6664,8552,
6665,8553,1.0
6666,8554,17.0
6667,8555,1.0
6668,8556,3.0
6669,8557,13.0
6669,8558,16.0
6669,8559,1.0
6670,8560,5.0
6671,8561,3.0
6672,8562,1.0
6673,8563,2.0
6673,8564,19.0
6674,8565,1.0
6675,8566,14.0
6676,8567,1.0
6677,8568,16.0
6677,8569,18.0
6677,8570,3.0
6677,8571,25.0
6677,8572,15.0
6678,8573,1.0
6678,8574,2.0
6678,8575,6.0
6679,8576,1.0
6680,8577,14.0
6681,8578,13.0
6682,8579,16.0
6683,8580,3.0
6684,8581,
6685,8582,1.0
6686,8583,2.0
6686,8584,19.0
6687,8585,1.0
6687,8586,3.0
6688,8587,1.0
6689,8588,1.0
6690,8589,13.0
6690,8590,16.0
6690,8591,23.0
6690,8592,3.0
6690,8593,25.0
6690,8594,15.0
6691,8595,1.0
6692,8596,1.0
6693,8597,3.0
6694,8598,
6695,8599,14.0
6696,8600,16.0
6697,8601,8.0
6697,8602,9.0
6697,8603,5.0
6698,8604,13.0
6699,8605,5.0
6700,8606,2.0
6700,8607,19.0
6701,8608,1.0
6702,8609,1.0
6703,8610,14.0
6704,8611,1.0
6705,8612,16.0
6706,8613,3.0
6706,8614,4.0
6707,8615,3.0
6708,8616,1.0
6709,8617,
6710,8618,17.0
6711,8619,16.0
6712,8620,5.0
6713,8621,1.0
6714,8622,13.0
6714,8623,16.0
6714,8624,2.0
6714,8625,6.0
6715,8626,2.0
6715,8627,19.0
6716,8628,22.0
6716,8629,2.0
6716,8630,14.0
6717,8631,1.0
6718,8632,1.0
6719,8633,2.0
6719,8634,19.0
6720,8635,5.0
6721,8636,13.0
6721,8637,3.0
6722,8638,17.0
6723,8639,16.0
6724,8640,1.0
6725,8641,10.0
6725,8642,11.0
6726,8643,5.0
6727,8644,3.0
6728,8645,2.0
6728,8646,19.0
6729,8647,14.0
6730,8648,17.0
6731,8649,1.0
6732,8650,1.0
6733,8651,
6734,8652,16.0
6735,8653,14.0
6736,8654,1.0
6737,8655,
6738,8656,3.0
6739,8657,
6740,8658,1.0
6741,8659,13.0
6742,8660,
6743,8661,1.0
6744,8662,14.0
6745,8663,3.0
6746,8664,3.0
6747,8665,5.0
6748,8666,1.0
6749,8667,5.0
6750,8668,3.0
6751,8669,13.0
6752,8670,5.0
6753,8671,2.0
6753,8672,19.0
6754,8673,26.0
6755,8674,1.0
6756,8675,16.0
6757,8676,13.0
6757,8677,16.0
6757,8678,1.0
6757,8679,2.0
6757,8680,4.0
6758,8681,1.0
6759,8682,1.0
6760,8683,13.0
6760,8684,16.0
6760,8685,3.0
6761,8686,5.0
6762,8687,2.0
6762,8688,19.0
6763,8689,1.0
6764,8690,17.0
6765,8691,
6766,8692,1.0
6767,8693,1.0
6768,8694,1.0
6769,8695,1.0
6770,8696,5.0
6771,8697,5.0
6772,8698,1.0
6773,8699,1.0
6774,8700,10.0
6774,8701,11.0
6775,8702,2.0
6775,8703,19.0
6776,8704,13.0
6777,8705,3.0
6778,8706,3.0
6779,8707,17.0
6780,8708,1.0
6781,8709,5.0
6782,8710,1.0
6783,8711,3.0
6784,8712,1.0
6785,8713,5.0
6786,8714,10.0
6786,8715,11.0
6787,8716,10.0
6787,8717,11.0
6788,8718,1.0
6789,8719,1.0
6789,8720,22.0
6789,8721,4.0
6790,8722,3.0
6791,8723,2.0
6791,8724,19.0
6792,8725,8.0
6792,8726,1.0
6792,8727,12.0
6793,8728,
6794,8729,5.0
6795,8730,5.0
6796,8731,1.0
6797,8732,
6798,8733,3.0
6799,8734,1.0
6799,8735,3.0
6799,8736,24.0
6800,8737,5.0
6801,8738,3.0
6802,8739,14.0
6803,8740,10.0
6803,8741,11.0
6804,8742,8.0
6804,8743,1.0
6804,8744,24.0
6805,8745,8.0
6805,8746,5.0
6806,8747,1.0
6807,8748,1.0
6808,8749,1.0
6809,8750,
6810,8751,2.0
6810,8752,19.0
6811,8753,3.0
6812,8754,1.0
6813,8755,1.0
6814,8756,1.0
6814,8757,2.0
6814,8758,7.0
6815,8759,14.0
6816,8760,3.0
6817,8761,1.0
6818,8762,1.0
6819,8763,16.0
6820,8764,3.0
6821,8765,7.0
6821,8766,3.0
6821,8767,15.0
6822,8768,13.0
6822,8769,3.0
6822,8770,6.0
6823,8771,
6824,8772,16.0
6824,8773,3.0
6824,8774,25.0
6824,8775,15.0
6825,8776,3.0
6826,8777,1.0
6827,8778,1.0
6828,8779,8.0
6828,8780,1.0
6828,8781,24.0
6829,8782,1.0
6830,8783,16.0
6831,8784,14.0
6832,8785,3.0
6833,8786,14.0
6834,8787,1.0
6835,8788,2.0
6835,8789,19.0
6836,8790,1.0
6836,8791,22.0
6837,8792,10.0
6837,8793,11.0
6838,8794,
6839,8795,3.0
6840,8796,2.0
6840,8797,19.0
6841,8798,3.0
6842,8799,9.0
6842,8800,12.0
6842,8801,5.0
6843,8802,3.0
6844,8803,
6845,8804,1.0
6846,8805,16.0
6847,8806,1.0
6848,8807,1.0
6849,8808,13.0
6850,8809,16.0
6851,8810,1.0
6852,8811,16.0
6853,8812,1.0
6854,8813,3.0
6855,8814,1.0
6856,8815,16.0
6857,8816,5.0
6858,8817,1.0
6858,8818,3.0
6859,8819,
6860,8820,5.0
6861,8821,16.0
6862,8822,13.0
6863,8823,16.0
6864,8824,1.0
6865,8825,14.0
6866,8826,16.0
6867,8827,1.0
6868,8828,22.0
6868,8829,14.0
6869,8830,1.0
6870,8831,1.0
6871,8832,3.0
6872,8833,
6873,8834,1.0
6874,8835,14.0
6875,8836,1.0
6876,8837,5.0
6877,8838,5.0
6878,8839,17.0
6879,8840,1.0
6880,8841,5.0
6881,8842,2.0
6881,8843,19.0
6882,8844,1.0
6883,8845,5.0
6884,8846,3.0
6885,8847,9.0
6885,8848,5.0
6886,8849,10.0
6886,8850,11.0
6887,8851,2.0
6887,8852,14.0
6888,8853,1.0
6889,8854,1.0
6890,8855,2.0
6890,8856,19.0
6891,8857,3.0
6892,8858,3.0
6893,8859,14.0
6894,8860,5.0
6895,8861,1.0
6895,8862,2.0
6895,8863,14.0
6896,8864,3.0
6897,8865,1.0
6897,8866,2.0
6898,8867,2.0
6898,8868,19.0
6899,8869,16.0
6900,8870,1.0
6900,8871,22.0
6900,8872,2.0
6900,8873,14.0
6901,8874,17.0
6902,8875,17.0
6903,8876,1.0
6904,8877,1.0
6905,8878,2.0
6905,8879,19.0
6906,8880,16.0
6906,8881,1.0
6906,8882,3.0
6907,8883,1.0
6908,8884,5.0
6909,8885,3.0
6910,8886,3.0
6911,8887,10.0
6911,8888,11.0
6912,8889,1.0
6913,8890,13.0
6914,8891,1.0
6915,8892,5.0
6916,8893,24.0
6916,8894,5.0
6917,8895,3.0
6918,8896,1.0
6918,8897,3.0
6919,8898,3.0
6920,8899,10.0
6920,8900,11.0
6921,8901,1.0
6922,8902,5.0
6923,8903,5.0
6924,8904,13.0
6925,8905,8.0
6925,8906,1.0
6926,8907,5.0
6927,8908,21.0
6928,8909,2.0
6928,8910,19.0
6929,8911,1.0
6930,8912,1.0
6931,8913,1.0
6931,8914,2.0
6932,8915,5.0
6933,8916,2.0
6934,8917,8.0
6934,8918,5.0
6935,8919,1.0
6936,8920,1.0
6937,8921,5.0
6938,8922,2.0
6938,8923,19.0
6939,8924,1.0
6940,8925,2.0
6940,8926,19.0
6941,8927,5.0
6942,8928,
6943,8929,5.0
6944,8930,13.0
6945,8931,1.0
6946,8932,16.0
6947,8933,3.0
6948,8934,1.0
6949,8935,1.0
6950,8936,
6951,8937,14.0
6952,8938,2.0
6952,8939,19.0
6953,8940,1.0
6953,8941,3.0
6954,8942,16.0
6955,8943,17.0
6956,8944,1.0
6957,8945,1.0
6958,8946,3.0
6959,8947,5.0
6960,8948,2.0
6960,8949,19.0
6961,8950,1.0
6962,8951,1.0
6963,8952,1.0
6964,8953,1.0
6965,8954,5.0
6966,8955,13.0
6967,8956,5.0
6968,8957,5.0
6969,8958,5.0
6970,8959,2.0
6970,8960,19.0
6971,8961,17.0
6972,8962,16.0
6973,8963,2.0
6973,8964,19.0
6974,8965,1.0
6975,8966,1.0
6975,8967,3.0
6976,8968,1.0
6977,8969,5.0
6978,8970,17.0
6979,8971,16.0
6979,8972,1.0
6979,8973,2.0
6980,8974,1.0
6981,8975,5.0
6982,8976,5.0
6983,8977,13.0
6984,8978,23.0
6984,8979,3.0
6985,8980,21.0
6986,8981,1.0
6987,8982,14.0
6988,8983,5.0
6989,8984,1.0
6989,8985,3.0
6989,8986,24.0
6989,8987,21.0
6990,8988,1.0
6991,8989,
6992,8990,1.0
6993,8991,10.0
6993,8992,11.0
6994,8993,5.0
6995,8994,1.0
6996,8995,16.0
6997,8996,1.0
6998,8997,3.0
6999,8998,1.0
6999,8999,2.0
6999,9000,14.0
7000,9001,1.0
7001,9002,14.0
7002,9003,1.0
7003,9004,14.0
7004,9005,
7005,9006,16.0
7006,9007,3.0
7007,9008,17.0
7008,9009,8.0
7008,9010,22.0
7008,9011,6.0
7008,9012,5.0
7009,9013,5.0
7010,9014,3.0
7011,9015,5.0
7012,9016,1.0
7013,9017,3.0
7014,9018,
7015,9019,14.0
7016,9020,5.0
7017,9021,
7018,9022,3.0
7018,9023,24.0
7019,9024,3.0
7020,9025,2.0
7020,9026,19.0
7021,9027,16.0
7022,9028,3.0
7023,9029,16.0
7024,9030,1.0
7025,9031,5.0
7026,9032,3.0
7027,9033,5.0
7028,9034,3.0
7029,9035,5.0
7030,9036,16.0
7031,9037,13.0
7031,9038,16.0
7031,9039,23.0
7031,9040,7.0
7032,9041,1.0
7033,9042,5.0
7034,9043,1.0
7035,9044,26.0
7036,9045,1.0
7037,9046,3.0
7038,9047,2.0
7038,9048,19.0
7039,9049,1.0
7040,9050,5.0
7041,9051,22.0
7041,9052,2.0
7041,9053,14.0
7042,9054,5.0
7043,9055,14.0
7044,9056,3.0
7045,9057,10.0
7045,9058,11.0
7046,9059,2.0
7046,9060,19.0
7047,9061,2.0
7047,9062,19.0
7048,9063,1.0
7049,9064,
7050,9065,14.0
7051,9066,
7052,9067,3.0
7053,9068,1.0
7054,9069,1.0
7055,9070,1.0
7056,9071,16.0
7057,9072,14.0
7058,9073,3.0
7059,9074,5.0
7060,9075,1.0
7061,9076,3.0
7062,9077,1.0
7063,9078,
7064,9079,13.0
7064,9080,16.0
7064,9081,2.0
7064,9082,7.0
7064,9083,14.0
7065,9084,14.0
7066,9085,1.0
7067,9086,23.0
7068,9087,3.0
7069,9088,1.0
7070,9089,1.0
7071,9090,1.0
7071,9091,25.0
7072,9092,1.0
7073,9093,5.0
7074,9094,14.0
7075,9095,1.0
7076,9096,1.0
7077,9097,13.0
7078,9098,1.0
7078,9099,4.0
7079,9100,2.0
7080,9101,2.0
7081,9102,8.0
7081,9103,3.0
7081,9104,5.0
7082,9105,5.0
7083,9106,1.0
7084,9107,16.0
7085,9108,2.0
7085,9109,19.0
7086,9110,1.0
7087,9111,17.0
7088,9112,5.0
7089,9113,1.0
7090,9114,
7091,9115,3.0
7092,9116,5.0
7093,9117,17.0
7094,9118,1.0
7095,9119,2.0
7095,9120,19.0
7096,9121,10.0
7096,9122,11.0
7097,9123,17.0
7098,9124,17.0
7099,9125,16.0
7100,9126,1.0
7101,9127,1.0
7102,9128,1.0
7103,9129,17.0
7104,9130,1.0
7104,9131,4.0
7105,9132,1.0
7106,9133,5.0
7107,9134,5.0
7108,9135,5.0
7109,9136,10.0
7109,9137,11.0
7110,9138,
7111,9139,8.0
7111,9140,5.0
7112,9141,5.0
7113,9142,27.0
7114,9143,1.0
7115,9144,3.0
7116,9145,3.0
7117,9146,5.0
7118,9147,5.0
7119,9148,14.0
7120,9149,1.0
7121,9150,3.0
7122,9151,1.0
7123,9152,2.0
7123,9153,19.0
7124,9154,1.0
7125,9155,1.0
7126,9156,13.0
7127,9157,1.0
7128,9158,1.0
7129,9159,14.0
7130,9160,14.0
7131,9161,2.0
7131,9162,19.0
7132,9163,5.0
7133,9164,1.0
7134,9165,1.0
7135,9166,1.0
7136,9167,14.0
7137,9168,1.0
7137,9169,4.0
7137,9170,12.0
7138,9171,
7139,9172,10.0
7139,9173,11.0
7140,9174,17.0
7141,9175,3.0
7142,9176,14.0
7143,9177,14.0
7144,9178,5.0
7145,9179,13.0
7145,9180,16.0
7145,9181,3.0
7145,9182,25.0
7145,9183,15.0
7146,9184,17.0
7147,9185,3.0
7148,9186,17.0
7149,9187,
7150,9188,1.0
7151,9189,14.0
7152,9190,13.0
7153,9191,13.0
7154,9192,16.0
7155,9193,16.0
7156,9194,10.0
7156,9195,11.0
7157,9196,14.0
7158,9197,1.0
7159,9198,16.0
7160,9199,1.0
7161,9200,8.0
7161,9201,1.0
7161,9202,9.0
7162,9203,22.0
7162,9204,2.0
7162,9205,14.0
7163,9206,13.0
7164,9207,13.0
7164,9208,16.0
7164,9209,23.0
7164,9210,7.0
7165,9211,3.0
7166,9212,16.0
7167,9213,1.0
7168,9214,13.0
7169,9215,5.0
7170,9216,3.0
7171,9217,21.0
7172,9218,13.0
7173,9219,1.0
7174,9220,3.0
7175,9221,17.0
7176,9222,3.0
7177,9223,3.0
7178,9224,16.0
7179,9225,14.0
7180,9226,14.0
7181,9227,2.0
7181,9228,19.0
7182,9229,1.0
7182,9230,3.0
7183,9231,1.0
7183,9232,15.0
7184,9233,
7185,9234,1.0
7186,9235,5.0
7187,9236,
7188,9237,27.0
7189,9238,3.0
7190,9239,8.0
7190,9240,9.0
7190,9241,3.0
7190,9242,5.0
7191,9243,1.0
7192,9244,3.0
7193,9245,2.0
7193,9246,14.0
7194,9247,23.0
7194,9248,1.0
7194,9249,2.0
7195,9250,1.0
7196,9251,5.0
7197,9252,2.0
7197,9253,19.0
7198,9254,5.0
7199,9255,2.0
7199,9256,19.0
7200,9257,2.0
7200,9258,19.0
7201,9259,16.0
7202,9260,16.0
7203,9261,1.0
7204,9262,3.0
7205,9263,16.0
7206,9264,1.0
7207,9265,2.0
7207,9266,19.0
7208,9267,5.0
7209,9268,5.0
7210,9269,5.0
7211,9270,3.0
7212,9271,26.0
7213,9272,5.0
7214,9273,16.0
7215,9274,5.0
7216,9275,16.0
7217,9276,17.0
7218,9277,3.0
7219,9278,14.0
7220,9279,1.0
7220,9280,2.0
7220,9281,6.0
7221,9282,5.0
7222,9283,1.0
7223,9284,1.0
7224,9285,1.0
7225,9286,5.0
7226,9287,5.0
7227,9288,2.0
7227,9289,19.0
7228,9290,5.0
7229,9291,3.0
7230,9292,1.0
7231,9293,14.0
7232,9294,1.0
7233,9295,5.0
7234,9296,5.0
7235,9297,16.0
7236,9298,17.0
7237,9299,1.0
7238,9300,13.0
7239,9301,1.0
7240,9302,2.0
7240,9303,19.0
7241,9304,1.0
7242,9305,1.0
7243,9306,1.0
7244,9307,1.0
7244,9308,3.0
7244,9309,12.0
7245,9310,14.0
7246,9311,5.0
7247,9312,2.0
7247,9313,19.0
7248,9314,5.0
7249,9315,8.0
7249,9316,1.0
7249,9317,4.0
7250,9318,1.0
7251,9319,14.0
7252,9320,2.0
7252,9321,19.0
7253,9322,1.0
7254,9323,
7255,9324,1.0
7256,9325,
7257,9326,5.0
7258,9327,3.0
7259,9328,16.0
7260,9329,1.0
7261,9330,26.0
7262,9331,3.0
7263,9332,5.0
7264,9333,3.0
7265,9334,16.0
7266,9335,13.0
7267,9336,1.0
7268,9337,1.0
7269,9338,3.0
7270,9339,16.0
7270,9340,1.0
7270,9341,7.0
7270,9342,25.0
7270,9343,15.0
7271,9344,16.0
7272,9345,14.0
7273,9346,8.0
7273,9347,5.0
7274,9348,13.0
7274,9349,16.0
7274,9350,2.0
7275,9351,3.0
7276,9352,1.0
7277,9353,1.0
7277,9354,4.0
7278,9355,16.0
7279,9356,17.0
7280,9357,17.0
7281,9358,2.0
7281,9359,19.0
7282,9360,14.0
7283,9361,16.0
7284,9362,13.0
7285,9363,1.0
7286,9364,5.0
7287,9365,1.0
7288,9366,24.0
7288,9367,5.0
7289,9368,5.0
7290,9369,1.0
7291,9370,
7292,9371,5.0
7293,9372,16.0
7294,9373,1.0
7295,9374,1.0
7296,9375,1.0
7297,9376,3.0
7298,9377,5.0
7299,9378,17.0
7300,9379,1.0
7301,9380,1.0
7302,9381,3.0
7303,9382,5.0
7304,9383,5.0
7305,9384,5.0
7306,9385,5.0
7307,9386,14.0
7308,9387,1.0
7309,9388,1.0
7310,9389,1.0
7311,9390,3.0
7312,9391,1.0
7313,9392,1.0
7314,9393,1.0
7315,9394,1.0
7316,9395,21.0
7317,9396,1.0
7318,9397,2.0
7318,9398,19.0
7319,9399,1.0
7320,9400,1.0
7321,9401,5.0
7322,9402,5.0
7323,9403,1.0
7324,9404,5.0
7325,9405,13.0
7326,9406,5.0
7327,9407,3.0
7328,9408,10.0
7328,9409,11.0
7329,9410,2.0
7329,9411,19.0
7330,9412,1.0
7331,9413,1.0
7332,9414,1.0
7333,9415,5.0
7334,9416,1.0
7334,9417,3.0
7335,9418,1.0
7336,9419,14.0
7337,9420,1.0
7338,9421,13.0
7339,9422,3.0
7340,9423,14.0
7341,9424,1.0
7342,9425,17.0
7343,9426,3.0
7344,9427,1.0
7344,9428,3.0
7345,9429,3.0
7345,9430,4.0
7346,9431,5.0
7347,9432,16.0
7348,9433,10.0
7348,9434,11.0
7349,9435,1.0
7350,9436,2.0
7350,9437,19.0
7351,9438,3.0
7352,9439,5.0
7353,9440,
7354,9441,2.0
7354,9442,19.0
7355,9443,
7356,9444,1.0
7357,9445,1.0
7358,9446,1.0
7359,9447,5.0
7360,9448,1.0
7361,9449,1.0
7362,9450,1.0
7362,9451,2.0
7362,9452,14.0
7363,9453,24.0
7363,9454,5.0
7364,9455,1.0
7365,9456,5.0
7366,9457,
7367,9458,2.0
7367,9459,19.0
7368,9460,13.0
7368,9461,16.0
7368,9462,22.0
7368,9463,2.0
7368,9464,3.0
7368,9465,6.0
7369,9466,1.0
7370,9467,2.0
7370,9468,19.0
7371,9469,
7372,9470,5.0
7373,9471,1.0
7374,9472,5.0
7375,9473,1.0
7376,9474,5.0
7377,9475,17.0
7378,9476,5.0
7379,9477,3.0
7380,9478,10.0
7380,9479,11.0
7381,9480,
7382,9481,17.0
7383,9482,2.0
7383,9483,19.0
7384,9484,1.0
7384,9485,2.0
7384,9486,3.0
7385,9487,3.0
7385,9488,4.0
7386,9489,5.0
7387,9490,14.0
7388,9491,5.0
7389,9492,1.0
7390,9493,3.0
7391,9494,1.0
7392,9495,2.0
7392,9496,19.0
7393,9497,5.0
7394,9498,
7395,9499,
7396,9500,5.0
7397,9501,14.0
7398,9502,3.0
7399,9503,10.0
7399,9504,11.0
7400,9505,10.0
7400,9506,11.0
7401,9507,10.0
7401,9508,11.0
7402,9509,5.0
7403,9510,1.0
7404,9511,16.0
7405,9512,1.0
7406,9513,
7407,9514,1.0
7408,9515,3.0
7409,9516,5.0
7410,9517,2.0
7410,9518,19.0
7411,9519,16.0
7412,9520,5.0
7413,9521,2.0
7413,9522,19.0
7414,9523,13.0
7414,9524,16.0
7414,9525,25.0
7415,9526,1.0
7415,9527,3.0
7416,9528,1.0
7417,9529,
7418,9530,16.0
7418,9531,1.0
7418,9532,2.0
7418,9533,14.0
7419,9534,13.0
7420,9535,1.0
7421,9536,5.0
7422,9537,13.0
7423,9538,1.0
7424,9539,1.0
7425,9540,1.0
7426,9541,2.0
7426,9542,19.0
7427,9543,1.0
7428,9544,1.0
7428,9545,3.0
7429,9546,1.0
7430,9547,9.0
7430,9548,5.0
7430,9549,28.0
7431,9550,
7432,9551,5.0
7433,9552,17.0
7434,9553,
7435,9554,16.0
7436,9555,1.0
7437,9556,26.0
7438,9557,2.0
7438,9558,14.0
7439,9559,1.0
7440,9560,2.0
7440,9561,19.0
7441,9562,16.0
7442,9563,16.0
7443,9564,16.0
7444,9565,1.0
7445,9566,5.0
7446,9567,8.0
7446,9568,15.0
7446,9569,5.0
7447,9570,13.0
7447,9571,1.0
7447,9572,18.0
7447,9573,2.0
7448,9574,2.0
7448,9575,19.0
7449,9576,13.0
7449,9577,16.0
7449,9578,9.0
7450,9579,3.0
7450,9580,4.0
7451,9581,5.0
7452,9582,5.0
7453,9583,2.0
7453,9584,19.0
7454,9585,1.0
7454,9586,9.0
7454,9587,3.0
7455,9588,5.0
7456,9589,16.0
7457,9590,5.0
7458,9591,3.0
7459,9592,3.0
7460,9593,1.0
7460,9594,9.0
7460,9595,5.0
7460,9596,28.0
7461,9597,1.0
7462,9598,1.0
7463,9599,5.0
7464,9600,1.0
7465,9601,1.0
7466,9602,3.0
7467,9603,13.0
7467,9604,16.0
7467,9605,7.0
7468,9606,5.0
7469,9607,1.0
7470,9608,5.0
7471,9609,1.0
7472,9610,13.0
7473,9611,14.0
7474,9612,2.0
7474,9613,19.0
7475,9614,5.0
7476,9615,23.0
7476,9616,3.0
7476,9617,4.0
7476,9618,24.0
7477,9619,2.0
7477,9620,19.0
7478,9621,1.0
7479,9622,2.0
7479,9623,19.0
7480,9624,5.0
7481,9625,5.0
7482,9626,5.0
7483,9627,5.0
7484,9628,
7485,9629,13.0
7485,9630,16.0
7485,9631,23.0
7485,9632,3.0
7486,9633,1.0
7487,9634,10.0
7487,9635,11.0
7488,9636,1.0
7489,9637,2.0
7489,9638,19.0
7490,9639,17.0
7491,9640,5.0
7492,9641,1.0
7493,9642,2.0
7493,9643,19.0
7494,9644,5.0
7495,9645,13.0
7495,9646,1.0
7495,9647,3.0
7496,9648,1.0
7497,9649,5.0
7498,9650,13.0
7498,9651,16.0
7498,9652,7.0
7498,9653,3.0
7499,9654,1.0
7500,9655,1.0
7501,9656,12.0
7501,9657,5.0
7502,9658,16.0
7503,9659,5.0
7504,9660,1.0
7505,9661,3.0
7506,9662,1.0
7507,9663,
7508,9664,5.0
7509,9665,
7510,9666,5.0
7511,9667,1.0
7512,9668,13.0
7513,9669,1.0
7513,9670,22.0
7513,9671,7.0
7513,9672,4.0
7513,9673,6.0
7514,9674,10.0
7514,9675,11.0
7515,9676,1.0
7515,9677,2.0
7516,9678,14.0
7517,9679,14.0
7518,9680,1.0
7519,9681,10.0
7519,9682,11.0
7520,9683,3.0
7521,9684,13.0
7522,9685,14.0
7523,9686,1.0
7523,9687,2.0
7524,9688,1.0
7524,9689,4.0
7525,9690,3.0
7526,9691,1.0
7526,9692,22.0
7527,9693,5.0
7528,9694,1.0
7529,9695,2.0
7529,9696,19.0
7530,9697,
7531,9698,14.0
7532,9699,3.0
7533,9700,14.0
7534,9701,5.0
7535,9702,2.0
7535,9703,19.0
7536,9704,
7537,9705,1.0
7538,9706,5.0
7539,9707,1.0
7540,9708,16.0
7541,9709,2.0
7541,9710,19.0
7542,9711,1.0
7543,9712,2.0
7543,9713,19.0
7544,9714,10.0
7544,9715,11.0
7545,9716,13.0
7546,9717,3.0
7547,9718,5.0
7548,9719,1.0
7549,9720,5.0
7550,9721,5.0
7551,9722,1.0
7552,9723,1.0
7552,9724,22.0
7552,9725,2.0
7552,9726,6.0
7553,9727,1.0
7554,9728,3.0
7555,9729,5.0
7556,9730,5.0
7557,9731,1.0
7558,9732,1.0
7559,9733,21.0
7560,9734,
7561,9735,5.0
7562,9736,3.0
7563,9737,3.0
7564,9738,3.0
7565,9739,1.0
7566,9740,1.0
7567,9741,14.0
7568,9742,14.0
7569,9743,16.0
7570,9744,5.0
7571,9745,3.0
7572,9746,1.0
7573,9747,1.0
7574,9748,1.0
7575,9749,2.0
7575,9750,19.0
7576,9751,1.0
7577,9752,10.0
7577,9753,11.0
7578,9754,1.0
7579,9755,1.0
7580,9756,3.0
7581,9757,1.0
7582,9758,10.0
7582,9759,11.0
7583,9760,3.0
7584,9761,1.0
7585,9762,2.0
7585,9763,19.0
7586,9764,5.0
7587,9765,1.0
7588,9766,1.0
7589,9767,1.0
7590,9768,5.0
7591,9769,
7592,9770,14.0
7593,9771,1.0
7594,9772,17.0
7595,9773,1.0
7596,9774,1.0
7597,9775,16.0
7598,9776,1.0
7599,9777,5.0
7600,9778,17.0
7601,9779,3.0
7602,9780,1.0
7603,9781,1.0
7604,9782,1.0
7605,9783,10.0
7605,9784,11.0
7606,9785,1.0
7607,9786,1.0
7607,9787,2.0
7608,9788,3.0
7609,9789,10.0
7609,9790,11.0
7610,9791,13.0
7610,9792,23.0
7610,9793,3.0
7610,9794,25.0
7611,9795,13.0
7612,9796,3.0
7613,9797,1.0
7614,9798,3.0
7615,9799,13.0
7616,9800,5.0
7617,9801,16.0
7618,9802,13.0
7618,9803,16.0
7618,9804,23.0
7618,9805,2.0
7618,9806,3.0
7619,9807,16.0
7620,9808,1.0
7621,9809,17.0
7622,9810,5.0
7623,9811,1.0
7624,9812,1.0
7624,9813,3.0
7625,9814,2.0
7625,9815,19.0
7626,9816,1.0
7627,9817,21.0
7628,9818,14.0
7629,9819,14.0
7630,9820,1.0
7631,9821,1.0
7632,9822,5.0
7633,9823,14.0
7634,9824,2.0
7634,9825,19.0
7635,9826,1.0
7636,9827,13.0
7637,9828,1.0
7638,9829,1.0
7639,9830,1.0
7640,9831,1.0
7641,9832,16.0
7642,9833,1.0
7643,9834,14.0
7644,9835,16.0
7644,9836,7.0
7644,9837,15.0
7645,9838,
7646,9839,
7647,9840,1.0
7648,9841,5.0
7649,9842,1.0
7650,9843,5.0
7651,9844,1.0
7652,9845,3.0
7653,9846,1.0
7654,9847,1.0
7655,9848,1.0
7655,9849,3.0
7656,9850,5.0
7657,9851,1.0
7658,9852,5.0
7659,9853,5.0
7660,9854,1.0
7661,9855,8.0
7661,9856,5.0
7662,9857,2.0
7662,9858,19.0
7663,9859,1.0
7664,9860,1.0
7665,9861,3.0
7666,9862,1.0
7667,9863,17.0
7668,9864,5.0
7669,9865,1.0
7670,9866,10.0
7670,9867,11.0
7671,9868,1.0
7672,9869,1.0
7673,9870,3.0
7674,9871,1.0
7675,9872,16.0
7676,9873,17.0
7677,9874,2.0
7677,9875,19.0
7678,9876,3.0
7679,9877,1.0
7680,9878,1.0
7681,9879,16.0
7682,9880,1.0
7682,9881,7.0
7682,9882,3.0
7682,9883,4.0
7683,9884,5.0
7684,9885,1.0
7685,9886,5.0
7686,9887,1.0
7686,9888,4.0
7687,9889,1.0
7688,9890,3.0
7688,9891,15.0
7689,9892,17.0
7690,9893,2.0
7690,9894,19.0
7691,9895,2.0
7691,9896,19.0
7692,9897,3.0
7693,9898,14.0
7694,9899,1.0
7695,9900,14.0
7696,9901,5.0
7697,9902,3.0
7698,9903,1.0
7699,9904,3.0
7700,9905,14.0
7701,9906,5.0
7702,9907,2.0
7702,9908,19.0
7703,9909,3.0
7704,9910,13.0
7705,9911,10.0
7705,9912,11.0
7706,9913,3.0
7707,9914,5.0
7708,9915,13.0
7708,9916,22.0
7708,9917,2.0
7708,9918,3.0
7708,9919,6.0
7709,9920,1.0
7710,9921,1.0
7711,9922,16.0
7712,9923,3.0
7713,9924,13.0
7714,9925,13.0
7715,9926,13.0
7716,9927,5.0
7717,9928,2.0
7717,9929,3.0
7717,9930,6.0
7718,9931,5.0
7719,9932,1.0
7720,9933,3.0
7721,9934,1.0
7722,9935,8.0
7722,9936,1.0
7722,9937,9.0
7723,9938,5.0
7724,9939,1.0
7725,9940,16.0
7725,9941,3.0
7726,9942,5.0
7727,9943,10.0
7727,9944,11.0
7728,9945,5.0
7729,9946,1.0
7730,9947,3.0
7731,9948,1.0
7732,9949,1.0
7733,9950,1.0
7734,9951,3.0
7735,9952,1.0
7736,9953,1.0
7737,9954,1.0
7738,9955,3.0
7739,9956,1.0
7740,9957,16.0
7741,9958,3.0
7742,9959,1.0
7743,9960,5.0
7744,9961,1.0
7745,9962,1.0
7746,9963,1.0
7747,9964,26.0
7748,9965,3.0
7749,9966,1.0
7750,9967,14.0
7751,9968,3.0
7752,9969,14.0
7753,9970,1.0
7754,9971,1.0
7754,9972,18.0
7755,9973,5.0
7756,9974,2.0
7756,9975,19.0
7757,9976,21.0
7758,9977,3.0
7759,9978,1.0
7760,9979,24.0
7760,9980,5.0
7761,9981,1.0
7762,9982,1.0
7763,9983,13.0
7764,9984,1.0
7765,9985,1.0
7766,9986,5.0
7767,9987,3.0
7768,9988,1.0
7768,9989,2.0
7768,9990,12.0
7769,9991,13.0
7770,9992,1.0
7770,9993,18.0
7771,9994,1.0
7772,9995,3.0
7773,9996,17.0
7774,9997,3.0
7775,9998,1.0
7776,9999,
7777,10000,13.0
7778,10001,16.0
7778,10002,1.0
7778,10003,22.0
7778,10004,4.0
7779,10005,2.0
7780,10006,2.0
7780,10007,14.0
7781,10008,13.0
7781,10009,16.0
7781,10010,1.0
7781,10011,15.0
7782,10012,13.0
7783,10013,3.0
7784,10014,1.0
7785,10015,10.0
7785,10016,11.0
7786,10017,1.0
7787,10018,17.0
7788,10019,1.0
7789,10020,16.0
7790,10021,14.0
7790,10022,3.0
7790,10023,4.0
7791,10024,10.0
7791,10025,11.0
7792,10026,12.0
7792,10027,5.0
7793,10028,1.0
7794,10029,3.0
7795,10030,10.0
7795,10031,11.0
7796,10032,
7797,10033,16.0
7798,10034,13.0
7799,10035,1.0
7799,10036,3.0
7799,10037,4.0
7800,10038,3.0
7801,10039,5.0
7802,10040,8.0
7802,10041,5.0
7803,10042,2.0
7803,10043,19.0
7804,10044,1.0
7804,10045,3.0
7804,10046,4.0
7805,10047,14.0
7806,10048,13.0
7807,10049,16.0
7807,10050,1.0
7807,10051,9.0
7808,10052,5.0
7809,10053,3.0
7810,10054,17.0
7811,10055,1.0
7812,10056,5.0
7813,10057,3.0
7814,10058,1.0
7815,10059,1.0
7816,10060,17.0
7817,10061,1.0
7818,10062,13.0
7819,10063,5.0
7820,10064,3.0
7821,10065,1.0
7822,10066,1.0
7823,10067,13.0
7824,10068,2.0
7824,10069,19.0
7825,10070,3.0
7826,10071,1.0
7827,10072,1.0
7828,10073,17.0
7829,10074,1.0
7830,10075,3.0
7831,10076,1.0
7832,10077,5.0
7833,10078,3.0
7834,10079,3.0
7835,10080,1.0
7836,10081,27.0
7837,10082,3.0
7838,10083,16.0
7839,10084,16.0
7840,10085,2.0
7840,10086,19.0
7841,10087,3.0
7842,10088,1.0
7843,10089,2.0
7843,10090,19.0
7844,10091,5.0
7845,10092,5.0
7846,10093,17.0
7847,10094,3.0
7848,10095,1.0
7849,10096,1.0
7849,10097,3.0
7849,10098,4.0
7850,10099,10.0
7850,10100,11.0
7851,10101,13.0
7852,10102,2.0
7852,10103,19.0
7853,10104,3.0
7854,10105,16.0
7855,10106,10.0
7855,10107,11.0
7856,10108,
7857,10109,1.0
7858,10110,16.0
7858,10111,1.0
7858,10112,15.0
7858,10113,5.0
7859,10114,1.0
7860,10115,
7861,10116,2.0
7861,10117,19.0
7862,10118,13.0
7863,10119,16.0
7864,10120,16.0
7865,10121,2.0
7865,10122,19.0
7866,10123,5.0
7867,10124,
7868,10125,16.0
7869,10126,13.0
7870,10127,
7871,10128,13.0
7871,10129,1.0
7871,10130,12.0
7871,10131,5.0
7872,10132,14.0
7873,10133,
7874,10134,
7875,10135,2.0
7875,10136,19.0
7876,10137,16.0
7877,10138,3.0
7878,10139,14.0
7879,10140,1.0
7880,10141,16.0
7881,10142,8.0
7881,10143,24.0
7881,10144,5.0
7882,10145,1.0
7882,10146,3.0
7882,10147,24.0
7883,10148,1.0
7884,10149,8.0
7884,10150,1.0
7884,10151,5.0
7884,10152,28.0
7885,10153,3.0
7886,10154,
7887,10155,14.0
7888,10156,14.0
7889,10157,17.0
7890,10158,1.0
7891,10159,13.0
7892,10160,1.0
7893,10161,5.0
7894,10162,1.0
7895,10163,17.0
7896,10164,2.0
7896,10165,19.0
7897,10166,13.0
7897,10167,3.0
7897,10168,25.0
7897,10169,15.0
7898,10170,1.0
7899,10171,1.0
7900,10172,1.0
7900,10173,22.0
7900,10174,2.0
7900,10175,6.0
7901,10176,13.0
7902,10177,1.0
7903,10178,16.0
7903,10179,3.0
7903,10180,25.0
7903,10181,15.0
7904,10182,5.0
7904,10183,28.0
7905,10184,1.0
7906,10185,
7907,10186,3.0
7908,10187,5.0
7909,10188,
7910,10189,3.0
7911,10190,5.0
7912,10191,3.0
7913,10192,16.0
7914,10193,10.0
7914,10194,11.0
7915,10195,3.0
7916,10196,3.0
7917,10197,3.0
7918,10198,5.0
7919,10199,1.0
7920,10200,14.0
7921,10201,16.0
7922,10202,17.0
7923,10203,5.0
7924,10204,10.0
7924,10205,11.0
7925,10206,3.0
7926,10207,3.0
7927,10208,1.0
7928,10209,5.0
7929,10210,1.0
7929,10211,22.0
7929,10212,2.0
7929,10213,14.0
7929,10214,6.0
7930,10215,5.0
7931,10216,14.0
7932,10217,5.0
7933,10218,
7934,10219,2.0
7934,10220,19.0
7935,10221,16.0
7936,10222,1.0
7937,10223,14.0
7938,10224,5.0
7939,10225,1.0
7940,10226,1.0
7941,10227,3.0
7942,10228,16.0
7943,10229,1.0
7944,10230,1.0
7945,10231,17.0
7946,10232,3.0
7947,10233,3.0
7948,10234,3.0
7949,10235,13.0
7949,10236,1.0
7949,10237,2.0
7949,10238,6.0
7950,10239,3.0
7951,10240,1.0
7952,10241,1.0
7952,10242,12.0
7953,10243,3.0
7954,10244,1.0
7955,10245,8.0
7955,10246,1.0
7955,10247,9.0
7956,10248,16.0
7957,10249,
7958,10250,14.0
7959,10251,
7960,10252,1.0
7961,10253,16.0
7962,10254,13.0
7962,10255,8.0
7962,10256,1.0
7962,10257,9.0
7962,10258,18.0
7962,10259,12.0
7963,10260,1.0
7964,10261,3.0
7965,10262,16.0
7966,10263,10.0
7966,10264,11.0
7967,10265,
7968,10266,16.0
7968,10267,7.0
7968,10268,3.0
7968,10269,15.0
7968,10270,21.0
7969,10271,2.0
7969,10272,19.0
7970,10273,5.0
7971,10274,16.0
7972,10275,13.0
7973,10276,14.0
7974,10277,1.0
7975,10278,5.0
7976,10279,16.0
7977,10280,1.0
7978,10281,1.0
7979,10282,9.0
7979,10283,6.0
7979,10284,5.0
7979,10285,28.0
7980,10286,1.0
7981,10287,
7982,10288,3.0
7983,10289,3.0
7984,10290,16.0
7985,10291,1.0
7986,10292,1.0
7987,10293,22.0
7987,10294,2.0
7987,10295,14.0
7988,10296,13.0
7989,10297,1.0
7990,10298,5.0
7991,10299,1.0
7992,10300,1.0
7993,10301,3.0
7994,10302,2.0
7995,10303,5.0
7996,10304,
7997,10305,1.0
7998,10306,5.0
7999,10307,3.0
8000,10308,1.0
8001,10309,1.0
8002,10310,1.0
8003,10311,14.0
8004,10312,17.0
8005,10313,1.0
8006,10314,3.0
8007,10315,17.0
8008,10316,1.0
8009,10317,3.0
8010,10318,3.0
8011,10319,1.0
8011,10320,3.0
8011,10321,4.0
8012,10322,20.0
8013,10323,1.0
8014,10324,1.0
8015,10325,3.0
8016,10326,2.0
8016,10327,19.0
8017,10328,5.0
8018,10329,1.0
8019,10330,3.0
8020,10331,1.0
8021,10332,16.0
8022,10333,16.0
8023,10334,5.0
8024,10335,1.0
8025,10336,5.0
8026,10337,3.0
8027,10338,1.0
8028,10339,5.0
8029,10340,16.0
8030,10341,1.0
8031,10342,16.0
8032,10343,13.0
8032,10344,16.0
8032,10345,1.0
8032,10346,7.0
8033,10347,1.0
8034,10348,13.0
8035,10349,1.0
8036,10350,1.0
8037,10351,1.0
8038,10352,1.0
8038,10353,2.0
8039,10354,2.0
8039,10355,19.0
8040,10356,1.0
8041,10357,27.0
8042,10358,
8043,10359,3.0
8044,10360,1.0
8045,10361,1.0
8046,10362,5.0
8047,10363,1.0
8048,10364,5.0
8049,10365,13.0
8050,10366,1.0
8051,10367,13.0
8052,10368,1.0
8053,10369,16.0
8054,10370,1.0
8055,10371,5.0
8056,10372,3.0
8057,10373,8.0
8057,10374,1.0
8058,10375,16.0
8059,10376,13.0
8060,10377,13.0
8060,10378,8.0
8060,10379,1.0
8060,10380,12.0
8061,10381,7.0
8061,10382,25.0
8061,10383,15.0
8062,10384,13.0
8063,10385,17.0
8064,10386,3.0
8065,10387,5.0
8066,10388,13.0
8066,10389,16.0
8066,10390,7.0
8066,10391,15.0
8067,10392,5.0
8068,10393,1.0
8069,10394,13.0
8070,10395,1.0
8071,10396,16.0
8072,10397,16.0
8072,10398,7.0
8072,10399,3.0
8072,10400,15.0
8073,10401,1.0
8073,10402,3.0
8073,10403,15.0
8073,10404,21.0
8074,10405,1.0
8074,10406,3.0
8075,10407,1.0
8076,10408,3.0
8077,10409,3.0
8078,10410,3.0
8079,10411,3.0
8080,10412,
8081,10413,3.0
8082,10414,1.0
8083,10415,1.0
8084,10416,1.0
8085,10417,5.0
8086,10418,2.0
8086,10419,14.0
8086,10420,4.0
8087,10421,9.0
8087,10422,24.0
8087,10423,5.0
8087,10424,28.0
8088,10425,16.0
8089,10426,
8090,10427,8.0
8090,10428,15.0
8090,10429,5.0
8091,10430,2.0
8091,10431,19.0
8092,10432,2.0
8092,10433,19.0
8093,10434,5.0
8094,10435,1.0
8095,10436,2.0
8095,10437,19.0
8096,10438,3.0
8097,10439,17.0
8098,10440,16.0
8098,10441,15.0
8099,10442,13.0
8100,10443,13.0
8101,10444,10.0
8101,10445,11.0
8102,10446,17.0
8103,10447,13.0
8103,10448,16.0
8103,10449,23.0
8103,10450,2.0
8104,10451,10.0
8104,10452,11.0
8105,10453,14.0
8106,10454,17.0
8107,10455,2.0
8107,10456,19.0
8108,10457,23.0
8108,10458,3.0
8109,10459,5.0
8110,10460,1.0
8111,10461,13.0
8112,10462,3.0
8113,10463,2.0
8113,10464,19.0
8114,10465,14.0
8115,10466,2.0
8115,10467,19.0
8116,10468,1.0
8116,10469,4.0
8117,10470,1.0
8118,10471,5.0
8119,10472,1.0
8119,10473,3.0
8120,10474,1.0
8121,10475,2.0
8121,10476,19.0
8122,10477,1.0
8123,10478,1.0
8124,10479,3.0
8125,10480,17.0
8126,10481,
8127,10482,13.0
8128,10483,1.0
8129,10484,2.0
8129,10485,19.0
8130,10486,3.0
8131,10487,13.0
8131,10488,16.0
8131,10489,23.0
8131,10490,7.0
8132,10491,16.0
8133,10492,5.0
8134,10493,14.0
8135,10494,3.0
8136,10495,16.0
8137,10496,3.0
8138,10497,2.0
8139,10498,1.0
8140,10499,1.0
8141,10500,22.0
8141,10501,3.0
8141,10502,6.0
8142,10503,3.0
8143,10504,5.0
8144,10505,14.0
8145,10506,1.0
8146,10507,5.0
8147,10508,5.0
8148,10509,17.0
8149,10510,3.0
8150,10511,1.0
8151,10512,10.0
8151,10513,11.0
8152,10514,17.0
8153,10515,5.0
8154,10516,3.0
8155,10517,3.0
8156,10518,3.0
8157,10519,5.0
8158,10520,13.0
8159,10521,1.0
8160,10522,1.0
8161,10523,1.0
8162,10524,3.0
8163,10525,5.0
8164,10526,13.0
8165,10527,5.0
8166,10528,1.0
8167,10529,17.0
8168,10530,10.0
8168,10531,11.0
8169,10532,1.0
8170,10533,5.0
8171,10534,1.0
8172,10535,3.0
8172,10536,4.0
8173,10537,1.0
8174,10538,1.0
8175,10539,16.0
8176,10540,1.0
8177,10541,1.0
8177,10542,3.0
8178,10543,21.0
8179,10544,5.0
8180,10545,1.0
8181,10546,5.0
8182,10547,3.0
8183,10548,10.0
8183,10549,11.0
8184,10550,1.0
8185,10551,2.0
8186,10552,1.0
8187,10553,1.0
8187,10554,22.0
8187,10555,3.0
8187,10556,4.0
8187,10557,6.0
8188,10558,3.0
8189,10559,1.0
8189,10560,3.0
8190,10561,1.0
8190,10562,20.0
8191,10563,1.0
8192,10564,8.0
8192,10565,1.0
8192,10566,4.0
8193,10567,1.0
8194,10568,1.0
8194,10569,6.0
8195,10570,1.0
8196,10571,16.0
8197,10572,27.0
8198,10573,5.0
8199,10574,10.0
8199,10575,11.0
8200,10576,1.0
8201,10577,1.0
8202,10578,
8203,10579,1.0
8204,10580,3.0
8205,10581,1.0
8206,10582,5.0
8207,10583,2.0
8207,10584,19.0
8208,10585,10.0
8208,10586,11.0
8209,10587,1.0
8210,10588,5.0
8211,10589,1.0
8212,10590,1.0
8213,10591,1.0
8213,10592,22.0
8213,10593,6.0
8214,10594,14.0
8215,10595,3.0
8216,10596,3.0
8217,10597,5.0
8218,10598,1.0
8219,10599,14.0
8220,10600,8.0
8220,10601,1.0
8220,10602,18.0
8221,10603,5.0
8222,10604,3.0
8223,10605,13.0
8224,10606,5.0
8225,10607,14.0
8226,10608,13.0
8227,10609,3.0
8228,10610,16.0
8229,10611,1.0
8230,10612,5.0
8231,10613,26.0
8232,10614,16.0
8233,10615,2.0
8233,10616,19.0
8234,10617,16.0
8235,10618,13.0
8236,10619,1.0
8237,10620,1.0
8238,10621,5.0
8239,10622,10.0
8239,10623,11.0
8240,10624,1.0
8240,10625,22.0
8240,10626,2.0
8240,10627,6.0
8241,10628,1.0
8242,10629,1.0
8243,10630,27.0
8244,10631,1.0
8245,10632,1.0
8246,10633,1.0
8247,10634,5.0
8248,10635,1.0
8249,10636,3.0
8250,10637,1.0
8251,10638,16.0
8252,10639,2.0
8252,10640,19.0
8253,10641,2.0
8253,10642,19.0
8254,10643,1.0
8255,10644,3.0
8256,10645,5.0
8257,10646,1.0
8258,10647,17.0
8259,10648,13.0
8260,10649,8.0
8260,10650,5.0
8261,10651,3.0
8262,10652,3.0
8263,10653,14.0
8264,10654,1.0
8265,10655,13.0
8266,10656,13.0
8266,10657,16.0
8266,10658,23.0
8266,10659,2.0
8266,10660,14.0
8267,10661,3.0
8268,10662,12.0
8268,10663,5.0
8269,10664,5.0
8270,10665,5.0
8271,10666,3.0
8272,10667,13.0
8272,10668,1.0
8272,10669,22.0
8272,10670,2.0
8273,10671,5.0
8274,10672,1.0
8274,10673,22.0
8274,10674,2.0
8275,10675,5.0
8276,10676,2.0
8276,10677,19.0
8277,10678,5.0
8278,10679,3.0
8279,10680,1.0
8280,10681,13.0
8281,10682,1.0
8282,10683,1.0
8282,10684,3.0
8282,10685,4.0
8283,10686,16.0
8283,10687,7.0
8284,10688,9.0
8284,10689,5.0
8285,10690,14.0
8286,10691,2.0
8287,10692,1.0
8288,10693,3.0
8289,10694,5.0
8290,10695,1.0
8291,10696,2.0
8291,10697,3.0
8292,10698,3.0
8292,10699,4.0
8293,10700,1.0
8294,10701,
8295,10702,2.0
8295,10703,19.0
8296,10704,3.0
8297,10705,16.0
8298,10706,1.0
8299,10707,1.0
8299,10708,2.0
8300,10709,13.0
8300,10710,16.0
8300,10711,1.0
8301,10712,
8302,10713,14.0
8303,10714,1.0
8304,10715,2.0
8304,10716,19.0
8305,10717,3.0
8306,10718,5.0
8307,10719,14.0
8308,10720,3.0
8309,10721,1.0
8309,10722,3.0
8309,10723,6.0
8310,10724,1.0
8311,10725,16.0
8312,10726,5.0
8313,10727,3.0
8314,10728,5.0
8315,10729,5.0
8316,10730,17.0
8317,10731,3.0
8318,10732,13.0
8319,10733,1.0
8320,10734,1.0
8321,10735,17.0
8322,10736,3.0
8322,10737,25.0
8322,10738,15.0
8323,10739,1.0
8324,10740,14.0
8325,10741,1.0
8325,10742,15.0
8326,10743,
8327,10744,10.0
8327,10745,11.0
8328,10746,5.0
8329,10747,5.0
8330,10748,2.0
8330,10749,19.0
8331,10750,1.0
8332,10751,3.0
8333,10752,1.0
8334,10753,2.0
8334,10754,19.0
8335,10755,2.0
8335,10756,19.0
8336,10757,27.0
8337,10758,3.0
8338,10759,1.0
8339,10760,3.0
8340,10761,
8341,10762,10.0
8341,10763,11.0
8342,10764,1.0
8343,10765,1.0
8343,10766,3.0
8343,10767,4.0
8344,10768,13.0
8344,10769,3.0
8345,10770,14.0
8346,10771,1.0
8347,10772,14.0
8348,10773,5.0
8349,10774,3.0
8350,10775,5.0
8351,10776,1.0
8352,10777,3.0
8353,10778,10.0
8353,10779,11.0
8354,10780,1.0
8355,10781,5.0
8356,10782,2.0
8356,10783,19.0
8357,10784,14.0
8357,10785,5.0
8358,10786,14.0
8359,10787,14.0
8360,10788,3.0
8361,10789,14.0
8362,10790,21.0
8363,10791,3.0
8364,10792,1.0
8365,10793,14.0
8366,10794,14.0
8367,10795,1.0
8368,10796,2.0
8368,10797,19.0
8369,10798,2.0
8369,10799,19.0
8370,10800,13.0
8370,10801,23.0
8370,10802,1.0
8370,10803,2.0
8371,10804,1.0
8372,10805,3.0
8373,10806,1.0
8374,10807,1.0
8375,10808,13.0
8376,10809,
8377,10810,1.0
8378,10811,1.0
8379,10812,14.0
8380,10813,3.0
8381,10814,3.0
8382,10815,1.0
8383,10816,5.0
8384,10817,
8385,10818,16.0
8386,10819,3.0
8387,10820,8.0
8387,10821,5.0
8388,10822,1.0
8388,10823,9.0
8388,10824,5.0
8389,10825,23.0
8389,10826,1.0
8389,10827,3.0
8389,10828,4.0
8390,10829,13.0
8390,10830,16.0
8390,10831,23.0
8390,10832,3.0
8391,10833,3.0
8392,10834,3.0
8393,10835,1.0
8394,10836,5.0
8395,10837,
8396,10838,13.0
8397,10839,5.0
8398,10840,5.0
8399,10841,1.0
8399,10842,3.0
8400,10843,1.0
8401,10844,1.0
8402,10845,3.0
8403,10846,2.0
8403,10847,19.0
8404,10848,5.0
8405,10849,5.0
8406,10850,5.0
8407,10851,16.0
8408,10852,5.0
8409,10853,5.0
8410,10854,3.0
8410,10855,15.0
8411,10856,2.0
8412,10857,1.0
8412,10858,4.0
8412,10859,5.0
8413,10860,16.0
8414,10861,
8415,10862,16.0
8416,10863,1.0
8417,10864,1.0
8417,10865,3.0
8418,10866,5.0
8419,10867,
8420,10868,3.0
8421,10869,13.0
8422,10870,
8423,10871,13.0
8423,10872,16.0
8423,10873,1.0
8423,10874,6.0
8423,10875,20.0
8424,10876,3.0
8425,10877,1.0
8426,10878,13.0
8427,10879,1.0
8428,10880,3.0
8429,10881,5.0
8430,10882,1.0
8431,10883,13.0
8432,10884,3.0
8433,10885,14.0
8434,10886,
8435,10887,
8436,10888,8.0
8436,10889,1.0
8437,10890,16.0
8438,10891,16.0
8438,10892,22.0
8438,10893,2.0
8438,10894,21.0
8439,10895,1.0
8439,10896,3.0
8440,10897,8.0
8440,10898,3.0
8440,10899,5.0
8440,10900,28.0
8441,10901,
8442,10902,16.0
8442,10903,1.0
8442,10904,7.0
8442,10905,3.0
8442,10906,25.0
8442,10907,15.0
8443,10908,17.0
8444,10909,1.0
8445,10910,3.0
8446,10911,2.0
8446,10912,19.0
8447,10913,5.0
8448,10914,1.0
8449,10915,1.0
8450,10916,1.0
8451,10917,5.0
8452,10918,
8453,10919,
8454,10920,3.0
8455,10921,5.0
8456,10922,8.0
8456,10923,1.0
8456,10924,3.0
8456,10925,4.0
8456,10926,24.0
8457,10927,1.0
8457,10928,22.0
8457,10929,3.0
8458,10930,1.0
8459,10931,3.0
8460,10932,3.0
8461,10933,1.0
8462,10934,1.0
8463,10935,1.0
8464,10936,17.0
8465,10937,
8466,10938,17.0
8467,10939,5.0
8468,10940,3.0
8469,10941,1.0
8470,10942,1.0
8471,10943,1.0
8471,10944,15.0
8472,10945,
8473,10946,5.0
8474,10947,1.0
8475,10948,14.0
8476,10949,5.0
8477,10950,1.0
8478,10951,5.0
8479,10952,3.0
8480,10953,17.0
8481,10954,1.0
8482,10955,26.0
8483,10956,2.0
8483,10957,19.0
8484,10958,5.0
8485,10959,1.0
8486,10960,16.0
8487,10961,1.0
8488,10962,2.0
8488,10963,19.0
8489,10964,16.0
8490,10965,3.0
8491,10966,1.0
8492,10967,1.0
8493,10968,1.0
8494,10969,14.0
8495,10970,2.0
8495,10971,19.0
8496,10972,3.0
8497,10973,5.0
8498,10974,
8499,10975,2.0
8499,10976,19.0
8500,10977,1.0
8501,10978,
8502,10979,8.0
8502,10980,1.0
8502,10981,12.0
8502,10982,24.0
8503,10983,2.0
8503,10984,19.0
8504,10985,2.0
8504,10986,19.0
8505,10987,5.0
8506,10988,5.0
8507,10989,1.0
8507,10990,22.0
8507,10991,2.0
8508,10992,1.0
8509,10993,1.0
8510,10994,13.0
8511,10995,1.0
8511,10996,4.0
8512,10997,14.0
8513,10998,13.0
8514,10999,10.0
8514,11000,11.0
8515,11001,
8516,11002,
8517,11003,1.0
8518,11004,1.0
8519,11005,1.0
8520,11006,5.0
8521,11007,3.0
8522,11008,5.0
8523,11009,3.0
8524,11010,13.0
8525,11011,3.0
8526,11012,16.0
8527,11013,16.0
8527,11014,8.0
8527,11015,1.0
8527,11016,5.0
8528,11017,13.0
8529,11018,3.0
8530,11019,5.0
8531,11020,1.0
8532,11021,3.0
8533,11022,3.0
8534,11023,3.0
8534,11024,6.0
8535,11025,16.0
8536,11026,16.0
8536,11027,3.0
8536,11028,25.0
8536,11029,15.0
8537,11030,1.0
8538,11031,14.0
8539,11032,14.0
8540,11033,26.0
8541,11034,1.0
8542,11035,1.0
8543,11036,1.0
8544,11037,5.0
8545,11038,
8546,11039,3.0
8547,11040,13.0
8548,11041,13.0
8549,11042,13.0
8549,11043,1.0
8549,11044,9.0
8549,11045,2.0
8550,11046,1.0
8550,11047,2.0
8551,11048,1.0
8552,11049,3.0
8553,11050,3.0
8554,11051,13.0
8555,11052,1.0
8556,11053,13.0
8556,11054,1.0
8556,11055,2.0
8556,11056,6.0
8557,11057,3.0
8557,11058,4.0
8558,11059,21.0
8559,11060,1.0
8560,11061,1.0
8561,11062,5.0
8562,11063,8.0
8562,11064,9.0
8562,11065,24.0
8562,11066,5.0
8563,11067,3.0
8564,11068,3.0
8565,11069,17.0
8566,11070,1.0
8567,11071,8.0
8567,11072,24.0
8567,11073,5.0
8568,11074,1.0
8569,11075,5.0
8570,11076,5.0
8571,11077,
8572,11078,16.0
8573,11079,1.0
8574,11080,1.0
8574,11081,2.0
8575,11082,5.0
8576,11083,1.0
8577,11084,5.0
8578,11085,5.0
8579,11086,1.0
8580,11087,2.0
8580,11088,19.0
8581,11089,2.0
8581,11090,19.0
8582,11091,
8583,11092,13.0
8583,11093,16.0
8583,11094,23.0
8583,11095,2.0
8584,11096,14.0
8585,11097,8.0
8585,11098,1.0
8585,11099,9.0
8585,11100,3.0
8585,11101,6.0
8586,11102,14.0
8587,11103,14.0
8588,11104,1.0
8588,11105,6.0
8589,11106,1.0
8590,11107,2.0
8590,11108,19.0
8591,11109,3.0
8592,11110,17.0
8593,11111,
8594,11112,1.0
8595,11113,5.0
8596,11114,5.0
8597,11115,5.0
8598,11116,16.0
8599,11117,13.0
8600,11118,8.0
8600,11119,9.0
8600,11120,5.0
8601,11121,3.0
8602,11122,13.0
8603,11123,27.0
8604,11124,3.0
8605,11125,1.0
8606,11126,16.0
8607,11127,2.0
8607,11128,19.0
8608,11129,1.0
8609,11130,17.0
8610,11131,10.0
8610,11132,11.0
8611,11133,14.0
8612,11134,10.0
8612,11135,11.0
8613,11136,14.0
8614,11137,16.0
8615,11138,2.0
8615,11139,19.0
8616,11140,1.0
8617,11141,1.0
8618,11142,1.0
8619,11143,1.0
8620,11144,16.0
8620,11145,9.0
8620,11146,12.0
8620,11147,25.0
8620,11148,15.0
8621,11149,13.0
8621,11150,8.0
8621,11151,1.0
8621,11152,18.0
8621,11153,6.0
8622,11154,1.0
8623,11155,13.0
8624,11156,1.0
8625,11157,3.0
8626,11158,5.0
8627,11159,
8628,11160,
8629,11161,14.0
8630,11162,5.0
8631,11163,10.0
8631,11164,11.0
8632,11165,5.0
8633,11166,1.0
8633,11167,2.0
8634,11168,16.0
8635,11169,
8636,11170,2.0
8636,11171,19.0
8637,11172,16.0
8638,11173,1.0
8639,11174,1.0
8639,11175,3.0
8640,11176,1.0
8641,11177,2.0
8641,11178,19.0
8642,11179,16.0
8643,11180,1.0
8644,11181,3.0
8645,11182,1.0
8646,11183,1.0
8647,11184,1.0
8648,11185,
8649,11186,1.0
8650,11187,5.0
8651,11188,2.0
8651,11189,19.0
8652,11190,1.0
8653,11191,3.0
8654,11192,1.0
8655,11193,2.0
8655,11194,19.0
8656,11195,1.0
8657,11196,1.0
8658,11197,5.0
8659,11198,1.0
8660,11199,1.0
8660,11200,14.0
8661,11201,14.0
8662,11202,3.0
8663,11203,1.0
8664,11204,
8665,11205,5.0
8666,11206,23.0
8666,11207,1.0
8666,11208,3.0
8667,11209,2.0
8667,11210,14.0
8667,11211,4.0
8668,11212,1.0
8669,11213,3.0
8670,11214,1.0
8671,11215,24.0
8671,11216,5.0
8672,11217,14.0
8673,11218,13.0
8673,11219,16.0
8673,11220,23.0
8673,11221,1.0
8673,11222,2.0
8674,11223,27.0
8675,11224,5.0
8676,11225,8.0
8676,11226,1.0
8677,11227,8.0
8677,11228,1.0
8677,11229,4.0
8678,11230,5.0
8679,11231,3.0
8680,11232,13.0
8681,11233,5.0
8682,11234,1.0
8682,11235,2.0
8683,11236,2.0
8683,11237,19.0
8684,11238,8.0
8684,11239,1.0
8684,11240,2.0
8684,11241,12.0
8685,11242,3.0
8686,11243,8.0
8686,11244,1.0
8686,11245,18.0
8686,11246,2.0
8687,11247,5.0
8688,11248,1.0
8688,11249,22.0
8688,11250,3.0
8688,11251,25.0
8689,11252,5.0
8690,11253,5.0
8691,11254,16.0
8691,11255,7.0
8692,11256,3.0
8692,11257,4.0
8692,11258,5.0
8693,11259,5.0
8694,11260,17.0
8695,11261,1.0
8696,11262,3.0
8697,11263,10.0
8697,11264,11.0
8698,11265,2.0
8698,11266,19.0
8699,11267,
8700,11268,1.0
8701,11269,1.0
8702,11270,8.0
8702,11271,1.0
8702,11272,9.0
8702,11273,3.0
8703,11274,1.0
8704,11275,16.0
8705,11276,16.0
8706,11277,1.0
8706,11278,3.0
8707,11279,16.0
8708,11280,26.0
8709,11281,3.0
8710,11282,1.0
8711,11283,17.0
8712,11284,1.0
8713,11285,16.0
8714,11286,1.0
8715,11287,16.0
8716,11288,5.0
8717,11289,16.0
8718,11290,1.0
8719,11291,
8720,11292,8.0
8720,11293,1.0
8720,11294,24.0
8721,11295,13.0
8722,11296,14.0
8723,11297,5.0
8724,11298,14.0
8725,11299,
8726,11300,1.0
8727,11301,5.0
8728,11302,1.0
8729,11303,1.0
8729,11304,2.0
8730,11305,1.0
8731,11306,1.0
8732,11307,1.0
8733,11308,1.0
8734,11309,1.0
8735,11310,3.0
8736,11311,2.0
8736,11312,19.0
8737,11313,1.0
8738,11314,2.0
8738,11315,19.0
8739,11316,1.0
8740,11317,5.0
8741,11318,
8742,11319,1.0
8743,11320,17.0
8744,11321,1.0
8744,11322,3.0
8745,11323,5.0
8746,11324,5.0
8747,11325,1.0
8747,11326,3.0
8747,11327,4.0
8748,11328,10.0
8748,11329,11.0
8749,11330,
8750,11331,16.0
8751,11332,1.0
8752,11333,16.0
8753,11334,5.0
8754,11335,14.0
8755,11336,1.0
8756,11337,3.0
8757,11338,1.0
8758,11339,16.0
8759,11340,1.0
8759,11341,3.0
8760,11342,13.0
8761,11343,1.0
8762,11344,1.0
8762,11345,9.0
8762,11346,4.0
8763,11347,3.0
8764,11348,1.0
8765,11349,5.0
8766,11350,1.0
8767,11351,3.0
8768,11352,5.0
8769,11353,1.0
8770,11354,14.0
8771,11355,10.0
8771,11356,11.0
8772,11357,3.0
8773,11358,1.0
8774,11359,1.0
8775,11360,1.0
8776,11361,17.0
8777,11362,3.0
8778,11363,3.0
8779,11364,5.0
8780,11365,1.0
8781,11366,1.0
8782,11367,1.0
8783,11368,1.0
8784,11369,2.0
8784,11370,19.0
8785,11371,2.0
8785,11372,19.0
8786,11373,14.0
8787,11374,2.0
8787,11375,19.0
8788,11376,1.0
8789,11377,13.0
8790,11378,
8791,11379,3.0
8792,11380,5.0
8793,11381,1.0
8794,11382,9.0
8794,11383,5.0
8795,11384,14.0
8796,11385,3.0
8797,11386,1.0
8798,11387,8.0
8798,11388,5.0
8799,11389,2.0
8799,11390,19.0
8800,11391,14.0
8801,11392,
8802,11393,16.0
8803,11394,16.0
8804,11395,5.0
8805,11396,1.0
8806,11397,3.0
8807,11398,2.0
8807,11399,19.0
8808,11400,16.0
8809,11401,17.0
8810,11402,17.0
8811,11403,3.0
8812,11404,5.0
8813,11405,1.0
8814,11406,1.0
8815,11407,3.0
8816,11408,17.0
8817,11409,5.0
8818,11410,1.0
8818,11411,2.0
8818,11412,6.0
8819,11413,1.0
8820,11414,3.0
8820,11415,4.0
8820,11416,24.0
8821,11417,1.0
8822,11418,5.0
8823,11419,3.0
8824,11420,1.0
8825,11421,3.0
8826,11422,1.0
8827,11423,13.0
8827,11424,16.0
8827,11425,18.0
8827,11426,5.0
8828,11427,1.0
8829,11428,3.0
8830,11429,1.0
8831,11430,3.0
8831,11431,4.0
8832,11432,
8833,11433,3.0
8834,11434,5.0
8835,11435,2.0
8835,11436,19.0
8836,11437,1.0
8837,11438,1.0
8838,11439,2.0
8838,11440,3.0
8839,11441,16.0
8840,11442,2.0
8840,11443,19.0
8841,11444,13.0
8841,11445,8.0
8841,11446,1.0
8841,11447,2.0
8841,11448,12.0
8842,11449,8.0
8842,11450,1.0
8842,11451,3.0
8842,11452,6.0
8843,11453,8.0
8843,11454,1.0
8843,11455,4.0
8844,11456,24.0
8844,11457,5.0
8845,11458,
8846,11459,1.0
8846,11460,3.0
8847,11461,3.0
8847,11462,6.0
8848,11463,2.0
8848,11464,19.0
8849,11465,13.0
8849,11466,16.0
8849,11467,25.0
8849,11468,15.0
8849,11469,5.0
8850,11470,18.0
8850,11471,3.0
8851,11472,5.0
8852,11473,16.0
8852,11474,5.0
8853,11475,10.0
8853,11476,11.0
8854,11477,1.0
8855,11478,13.0
8856,11479,10.0
8856,11480,11.0
8857,11481,1.0
8858,11482,17.0
8859,11483,3.0
8860,11484,13.0
8860,11485,23.0
8860,11486,2.0
8861,11487,1.0
8862,11488,1.0
8863,11489,3.0
8864,11490,1.0
8865,11491,5.0
8866,11492,3.0
8867,11493,1.0
8868,11494,5.0
8869,11495,1.0
8869,11496,24.0
8870,11497,3.0
8871,11498,1.0
8871,11499,3.0
8871,11500,4.0
8872,11501,10.0
8872,11502,11.0
8873,11503,13.0
8873,11504,2.0
8873,11505,14.0
8874,11506,5.0
8875,11507,1.0
8876,11508,
8877,11509,1.0
8877,11510,2.0
8877,11511,14.0
8878,11512,5.0
8878,11513,28.0
8879,11514,3.0
8880,11515,1.0
8881,11516,1.0
8882,11517,14.0
8883,11518,3.0
8884,11519,3.0
8885,11520,1.0
8886,11521,1.0
8886,11522,3.0
8887,11523,5.0
8888,11524,1.0
8889,11525,13.0
8889,11526,2.0
8889,11527,6.0
8890,11528,1.0
8890,11529,22.0
8890,11530,2.0
8891,11531,1.0
8891,11532,2.0
8891,11533,4.0
8891,11534,6.0
8892,11535,
8893,11536,
8894,11537,3.0
8895,11538,16.0
8896,11539,3.0
8897,11540,1.0
8898,11541,1.0
8899,11542,1.0
8900,11543,13.0
8901,11544,5.0
8902,11545,1.0
8903,11546,
8904,11547,2.0
8904,11548,19.0
8905,11549,5.0
8906,11550,13.0
8907,11551,23.0
8907,11552,2.0
8908,11553,1.0
8909,11554,1.0
8910,11555,5.0
8911,11556,1.0
8912,11557,13.0
8912,11558,16.0
8912,11559,23.0
8912,11560,2.0
8913,11561,13.0
8914,11562,13.0
8915,11563,3.0
8916,11564,10.0
8916,11565,11.0
8917,11566,2.0
8917,11567,19.0
8918,11568,3.0
8919,11569,9.0
8919,11570,3.0
8920,11571,2.0
8920,11572,19.0
8921,11573,16.0
8922,11574,17.0
8923,11575,2.0
8923,11576,19.0
8924,11577,5.0
8925,11578,3.0
8926,11579,1.0
8927,11580,8.0
8927,11581,1.0
8927,11582,9.0
8928,11583,5.0
8929,11584,5.0
8930,11585,13.0
8931,11586,1.0
8932,11587,13.0
8933,11588,5.0
8934,11589,3.0
8935,11590,1.0
8936,11591,1.0
8937,11592,2.0
8937,11593,19.0
8938,11594,10.0
8938,11595,11.0
8939,11596,17.0
8940,11597,21.0
8941,11598,1.0
8942,11599,5.0
8943,11600,5.0
8944,11601,1.0
8944,11602,4.0
8945,11603,1.0
8946,11604,16.0
8946,11605,2.0
8946,11606,20.0
8947,11607,14.0
8948,11608,1.0
8949,11609,
8950,11610,3.0
8951,11611,16.0
8952,11612,1.0
8953,11613,5.0
8954,11614,8.0
8954,11615,9.0
8954,11616,5.0
8955,11617,
8956,11618,16.0
8957,11619,5.0
8958,11620,5.0
8959,11621,1.0
8960,11622,16.0
8961,11623,1.0
8962,11624,1.0
8963,11625,1.0
8963,11626,22.0
8963,11627,2.0
8963,11628,14.0
8964,11629,3.0
8965,11630,
8966,11631,14.0
8967,11632,3.0
8968,11633,16.0
8969,11634,16.0
8970,11635,1.0
8971,11636,3.0
8972,11637,2.0
8972,11638,14.0
8973,11639,1.0
8974,11640,17.0
8975,11641,3.0
8976,11642,3.0
8977,11643,1.0
8977,11644,9.0
8978,11645,16.0
8979,11646,5.0
8980,11647,3.0
8981,11648,8.0
8981,11649,1.0
8981,11650,9.0
8982,11651,8.0
8982,11652,5.0
8983,11653,1.0
8983,11654,5.0
8984,11655,1.0
8985,11656,10.0
8985,11657,11.0
8986,11658,9.0
8986,11659,5.0
8987,11660,3.0
8988,11661,1.0
8989,11662,13.0
8989,11663,16.0
8989,11664,23.0
8989,11665,22.0
8990,11666,3.0
8991,11667,13.0
8992,11668,1.0
8992,11669,12.0
8993,11670,5.0
8994,11671,1.0
8995,11672,1.0
8995,11673,2.0
8995,11674,6.0
8996,11675,1.0
8997,11676,8.0
8997,11677,1.0
8997,11678,9.0
8998,11679,3.0
8999,11680,3.0
8999,11681,4.0
8999,11682,6.0
9000,11683,1.0
9001,11684,1.0
9002,11685,16.0
9003,11686,22.0
9003,11687,2.0
9003,11688,14.0
9004,11689,1.0
9005,11690,13.0
9006,11691,16.0
9007,11692,5.0
9008,11693,1.0
9008,11694,3.0
9009,11695,1.0
9010,11696,10.0
9010,11697,11.0
9011,11698,3.0
9012,11699,8.0
9012,11700,18.0
9012,11701,15.0
9012,11702,5.0
9013,11703,2.0
9013,11704,19.0
9014,11705,5.0
9015,11706,1.0
9016,11707,1.0
9017,11708,14.0
9018,11709,14.0
9019,11710,5.0
9020,11711,1.0
9020,11712,14.0
9020,11713,4.0
9021,11714,1.0
9021,11715,4.0
9022,11716,8.0
9022,11717,1.0
9023,11718,3.0
9024,11719,16.0
9024,11720,1.0
9024,11721,7.0
9025,11722,2.0
9025,11723,19.0
9026,11724,1.0
9027,11725,5.0
9028,11726,5.0
9029,11727,1.0
9030,11728,5.0
9031,11729,3.0
9032,11730,16.0
9032,11731,1.0
9033,11732,16.0
9033,11733,7.0
9033,11734,25.0
9033,11735,15.0
9034,11736,10.0
9034,11737,11.0
9035,11738,1.0
9036,11739,16.0
9037,11740,1.0
9037,11741,3.0
9037,11742,4.0
9038,11743,13.0
9039,11744,1.0
9039,11745,3.0
9040,11746,5.0
9041,11747,26.0
9042,11748,8.0
9042,11749,5.0
9043,11750,3.0
9044,11751,5.0
9045,11752,5.0
9046,11753,1.0
9047,11754,1.0
9048,11755,1.0
9049,11756,1.0
9050,11757,2.0
9050,11758,19.0
9051,11759,1.0
9051,11760,3.0
9051,11761,4.0
9052,11762,16.0
9053,11763,1.0
9054,11764,16.0
9055,11765,2.0
9055,11766,19.0
9056,11767,
9057,11768,
9058,11769,1.0
9059,11770,
9060,11771,1.0
9061,11772,3.0
9062,11773,3.0
9063,11774,1.0
9064,11775,1.0
9065,11776,10.0
9065,11777,11.0
9066,11778,3.0
9067,11779,2.0
9067,11780,19.0
9068,11781,5.0
9069,11782,10.0
9069,11783,11.0
9070,11784,13.0
9070,11785,16.0
9070,11786,1.0
9070,11787,2.0
9071,11788,16.0
9071,11789,1.0
9071,11790,3.0
9071,11791,4.0
9072,11792,3.0
9073,11793,5.0
9074,11794,3.0
9075,11795,5.0
9076,11796,16.0
9076,11797,3.0
9076,11798,25.0
9076,11799,15.0
9077,11800,1.0
9078,11801,5.0
9079,11802,3.0
9080,11803,1.0
9081,11804,1.0
9082,11805,5.0
9083,11806,21.0
9084,11807,5.0
9085,11808,17.0
9086,11809,13.0
9087,11810,1.0
9088,11811,5.0
9089,11812,13.0
9089,11813,16.0
9089,11814,23.0
9089,11815,3.0
9089,11816,25.0
9089,11817,15.0
9090,11818,5.0
9091,11819,1.0
9092,11820,10.0
9092,11821,11.0
9093,11822,16.0
9094,11823,13.0
9095,11824,5.0
9096,11825,1.0
9097,11826,1.0
9098,11827,1.0
9099,11828,1.0
9099,11829,2.0
9099,11830,14.0
9099,11831,3.0
9099,11832,6.0
9100,11833,16.0
9101,11834,1.0
9102,11835,1.0
9103,11836,1.0
9104,11837,3.0
9105,11838,13.0
9106,11839,3.0
9107,11840,5.0
9108,11841,5.0
9109,11842,5.0
9110,11843,3.0
9111,11844,3.0
9112,11845,1.0
9113,11846,5.0
9114,11847,2.0
9114,11848,19.0
9115,11849,1.0
9116,11850,8.0
9116,11851,1.0
9116,11852,9.0
9116,11853,2.0
9116,11854,6.0
9117,11855,1.0
9117,11856,14.0
9118,11857,1.0
9119,11858,5.0
9120,11859,13.0
9121,11860,1.0
9122,11861,13.0
9123,11862,3.0
9124,11863,13.0
9125,11864,13.0
9126,11865,17.0
9127,11866,2.0
9127,11867,19.0
9128,11868,3.0
9129,11869,1.0
9130,11870,5.0
9131,11871,17.0
9132,11872,8.0
9132,11873,1.0
9132,11874,9.0
9132,11875,18.0
9132,11876,4.0
9133,11877,3.0
9134,11878,14.0
9135,11879,16.0
9136,11880,16.0
9137,11881,17.0
9138,11882,21.0
9139,11883,10.0
9139,11884,11.0
9140,11885,1.0
9140,11886,2.0
9141,11887,16.0
9142,11888,1.0
9143,11889,5.0
9144,11890,1.0
9145,11891,14.0
9145,11892,3.0
9146,11893,5.0
9147,11894,22.0
9147,11895,2.0
9148,11896,5.0
9149,11897,5.0
9150,11898,5.0
9151,11899,1.0
9152,11900,2.0
9152,11901,19.0
9153,11902,1.0
9153,11903,22.0
9153,11904,2.0
9154,11905,1.0
9155,11906,13.0
9156,11907,13.0
9156,11908,16.0
9156,11909,23.0
9156,11910,3.0
9156,11911,25.0
9156,11912,15.0
9157,11913,2.0
9158,11914,1.0
9159,11915,3.0
9160,11916,16.0
9161,11917,31.0
9162,11918,13.0
9162,11919,1.0
9162,11920,6.0
9163,11921,5.0
9164,11922,10.0
9164,11923,11.0
9165,11924,14.0
9166,11925,1.0
9166,11926,3.0
9166,11927,4.0
9167,11928,1.0
9168,11929,2.0
9168,11930,19.0
9169,11931,13.0
9169,11932,2.0
9170,11933,23.0
9170,11934,1.0
9170,11935,25.0
9171,11936,5.0
9172,11937,2.0
9172,11938,19.0
9173,11939,1.0
9173,11940,3.0
9174,11941,1.0
9175,11942,1.0
9175,11943,2.0
9175,11944,6.0
9176,11945,3.0
9177,11946,13.0
9178,11947,1.0
9179,11948,1.0
9180,11949,1.0
9180,11950,9.0
9180,11951,2.0
9180,11952,6.0
9181,11953,5.0
9182,11954,16.0
9183,11955,8.0
9183,11956,1.0
9183,11957,18.0
9183,11958,5.0
9184,11959,23.0
9184,11960,2.0
9184,11961,14.0
9185,11962,1.0
9186,11963,3.0
9187,11964,1.0
9188,11965,16.0
9189,11966,13.0
9189,11967,16.0
9189,11968,1.0
9189,11969,7.0
9190,11970,9.0
9190,11971,2.0
9190,11972,5.0
9191,11973,16.0
9192,11974,3.0
9193,11975,5.0
9194,11976,16.0
9195,11977,5.0
9196,11978,1.0
9197,11979,
9198,11980,26.0
9199,11981,2.0
9199,11982,19.0
9200,11983,16.0
9200,11984,1.0
9200,11985,2.0
9200,11986,7.0
9200,11987,4.0
9201,11988,1.0
9202,11989,2.0
9202,11990,19.0
9203,11991,1.0
9204,11992,10.0
9204,11993,11.0
9205,11994,2.0
9205,11995,19.0
9206,11996,16.0
9207,11997,1.0
9208,11998,1.0
9209,11999,8.0
9209,12000,1.0
9209,12001,9.0
9209,12002,12.0
9210,12003,1.0
9211,12004,3.0
9212,12005,1.0
9213,12006,1.0
9213,12007,22.0
9213,12008,4.0
9214,12009,1.0
9215,12010,1.0
9215,12011,2.0
9215,12012,6.0
9216,12013,1.0
9217,12014,1.0
9218,12015,1.0
9219,12016,1.0
9220,12017,14.0
9221,12018,1.0
9222,12019,3.0
9223,12020,3.0
9224,12021,17.0
9225,12022,8.0
9225,12023,18.0
9225,12024,5.0
9226,12025,5.0
9227,12026,
9228,12027,10.0
9228,12028,11.0
9229,12029,5.0
9230,12030,
9231,12031,17.0
9232,12032,1.0
9233,12033,5.0
9234,12034,16.0
9235,12035,3.0
9236,12036,
9237,12037,1.0
9238,12038,14.0
9239,12039,1.0
9240,12040,3.0
9241,12041,5.0
9242,12042,3.0
9243,12043,2.0
9243,12044,19.0
9244,12045,
9245,12046,5.0
9246,12047,10.0
9246,12048,11.0
9247,12049,16.0
9248,12050,1.0
9249,12051,
9250,12052,1.0
9251,12053,16.0
9252,12054,14.0
9253,12055,
9254,12056,1.0
9255,12057,
9256,12058,1.0
9257,12059,2.0
9257,12060,19.0
9258,12061,5.0
9259,12062,1.0
9260,12063,
9261,12064,13.0
9262,12065,3.0
9263,12066,3.0
9264,12067,1.0
9265,12068,10.0
9265,12069,11.0
9266,12070,5.0
9267,12071,16.0
9268,12072,5.0
9269,12073,13.0
9270,12074,16.0
9271,12075,5.0
9272,12076,3.0
9273,12077,3.0
9274,12078,3.0
9275,12079,16.0
9275,12080,1.0
9276,12081,14.0
9277,12082,1.0
9278,12083,14.0
9279,12084,1.0
9280,12085,26.0
9281,12086,16.0
9282,12087,3.0
9283,12088,21.0
9284,12089,5.0
9285,12090,17.0
9286,12091,14.0
9287,12092,10.0
9287,12093,11.0
9288,12094,2.0
9288,12095,19.0
9289,12096,8.0
9289,12097,1.0
9289,12098,4.0
9290,12099,1.0
9291,12100,2.0
9291,12101,19.0
9292,12102,5.0
9293,12103,1.0
9293,12104,3.0
9294,12105,3.0
9295,12106,1.0
9296,12107,3.0
9297,12108,1.0
9298,12109,1.0
9299,12110,13.0
9300,12111,14.0
9301,12112,3.0
9302,12113,
9303,12114,1.0
9303,12115,9.0
9303,12116,22.0
9303,12117,6.0
9303,12118,5.0
9304,12119,3.0
9305,12120,1.0
9306,12121,8.0
9306,12122,24.0
9306,12123,5.0
9307,12124,1.0
9307,12125,5.0
9308,12126,3.0
9309,12127,21.0
9310,12128,5.0
9311,12129,16.0
9312,12130,5.0
9313,12131,1.0
9313,12132,2.0
9314,12133,8.0
9314,12134,1.0
9314,12135,24.0
9314,12136,15.0
9314,12137,5.0
9315,12138,5.0
9316,12139,13.0
9317,12140,14.0
9318,12141,1.0
9319,12142,1.0
9319,12143,18.0
9319,12144,15.0
9320,12145,8.0
9320,12146,5.0
9321,12147,3.0
9322,12148,13.0
9323,12149,27.0
9324,12150,5.0
9325,12151,8.0
9325,12152,9.0
9325,12153,5.0
9325,12154,28.0
9326,12155,26.0
9327,12156,17.0
9328,12157,1.0
9328,12158,2.0
9329,12159,1.0
9329,12160,3.0
9329,12161,24.0
9330,12162,1.0
9331,12163,1.0
9332,12164,17.0
9333,12165,1.0
9334,12166,13.0
9335,12167,21.0
9336,12168,1.0
9337,12169,3.0
9338,12170,5.0
9339,12171,2.0
9339,12172,19.0
9340,12173,1.0
9340,12174,2.0
9340,12175,6.0
9341,12176,3.0
9342,12177,8.0
9342,12178,1.0
9343,12179,5.0
9344,12180,1.0
9345,12181,3.0
9346,12182,26.0
9347,12183,8.0
9347,12184,1.0
9347,12185,9.0
9347,12186,3.0
9347,12187,24.0
9347,12188,15.0
9348,12189,16.0
9349,12190,8.0
9349,12191,1.0
9349,12192,9.0
9350,12193,16.0
9351,12194,1.0
9352,12195,1.0
9353,12196,5.0
9354,12197,13.0
9354,12198,2.0
9354,12199,6.0
9355,12200,5.0
9356,12201,1.0
9356,12202,21.0
9357,12203,1.0
9358,12204,
9359,12205,5.0
9359,12206,28.0
9360,12207,1.0
9360,12208,6.0
9361,12209,13.0
9362,12210,3.0
9363,12211,13.0
9363,12212,16.0
9363,12213,22.0
9363,12214,2.0
9363,12215,7.0
9363,12216,3.0
9363,12217,4.0
9363,12218,25.0
9363,12219,15.0
9363,12220,21.0
9364,12221,1.0
9364,12222,2.0
9364,12223,14.0
9365,12224,25.0
9365,12225,5.0
9366,12226,1.0
9367,12227,
9368,12228,1.0
9369,12229,14.0
9369,12230,3.0
9369,12231,4.0
9370,12232,1.0
9371,12233,1.0
9371,12234,4.0
9371,12235,24.0
9372,12236,1.0
9373,12237,16.0
9374,12238,1.0
9375,12239,1.0
9376,12240,5.0
9377,12241,3.0
9378,12242,3.0
9379,12243,1.0
9379,12244,14.0
9379,12245,4.0
9380,12246,1.0
9381,12247,1.0
9382,12248,13.0
9383,12249,8.0
9383,12250,1.0
9383,12251,5.0
9384,12252,1.0
9384,12253,5.0
9385,12254,3.0
9386,12255,5.0
9387,12256,23.0
9387,12257,2.0
9387,12258,14.0
9388,12259,5.0
9389,12260,1.0
9390,12261,17.0
9391,12262,3.0
9392,12263,1.0
9393,12264,5.0
9394,12265,3.0
9395,12266,13.0
9395,12267,3.0
9395,12268,6.0
9396,12269,5.0
9397,12270,17.0
9398,12271,5.0
9399,12272,13.0
9399,12273,16.0
9399,12274,23.0
9399,12275,22.0
9399,12276,15.0
9400,12277,14.0
9401,12278,14.0
9402,12279,5.0
9403,12280,10.0
9403,12281,11.0
9404,12282,10.0
9404,12283,11.0
9405,12284,1.0
9406,12285,2.0
9406,12286,19.0
9407,12287,
9408,12288,1.0
9409,12289,1.0
9410,12290,2.0
9410,12291,19.0
9411,12292,1.0
9412,12293,13.0
9413,12294,13.0
9413,12295,1.0
9413,12296,2.0
9413,12297,4.0
9413,12298,6.0
9414,12299,14.0
9415,12300,5.0
9416,12301,5.0
9417,12302,1.0
9418,12303,1.0
9419,12304,3.0
9420,12305,13.0
9421,12306,2.0
9421,12307,19.0
9422,12308,2.0
9422,12309,19.0
9423,12310,5.0
9424,12311,5.0
9425,12312,1.0
9426,12313,16.0
9427,12314,1.0
9428,12315,1.0
9429,12316,3.0
9430,12317,13.0
9430,12318,1.0
9430,12319,2.0
9430,12320,14.0
9431,12321,3.0
9432,12322,27.0
9433,12323,3.0
9434,12324,1.0
9435,12325,13.0
9436,12326,5.0
9437,12327,2.0
9437,12328,19.0
9438,12329,16.0
9439,12330,3.0
9440,12331,21.0
9441,12332,13.0
9442,12333,1.0
9443,12334,3.0
9444,12335,5.0
9445,12336,14.0
9446,12337,1.0
9447,12338,3.0
9448,12339,5.0
9449,12340,16.0
9450,12341,1.0
9451,12342,1.0
9452,12343,1.0
9453,12344,10.0
9453,12345,11.0
9454,12346,5.0
9455,12347,1.0
9456,12348,1.0
9457,12349,1.0
9458,12350,27.0
9459,12351,5.0
9460,12352,10.0
9460,12353,11.0
9461,12354,1.0
9462,12355,2.0
9462,12356,19.0
9463,12357,1.0
9464,12358,13.0
9465,12359,13.0
9466,12360,1.0
9467,12361,16.0
9468,12362,1.0
9469,12363,5.0
9470,12364,5.0
9471,12365,21.0
9472,12366,3.0
9473,12367,1.0
9474,12368,3.0
9475,12369,17.0
9476,12370,5.0
9477,12371,3.0
9478,12372,5.0
9479,12373,5.0
9480,12374,13.0
9481,12375,1.0
9482,12376,1.0
9482,12377,14.0
9483,12378,1.0
9484,12379,1.0
9485,12380,1.0
9486,12381,2.0
9486,12382,19.0
9487,12383,2.0
9488,12384,3.0
9489,12385,1.0
9490,12386,
9491,12387,2.0
9491,12388,19.0
9492,12389,1.0
9492,12390,12.0
9493,12391,5.0
9494,12392,17.0
9495,12393,16.0
9495,12394,7.0
9495,12395,3.0
9495,12396,4.0
9495,12397,25.0
9495,12398,15.0
9496,12399,1.0
9497,12400,1.0
9497,12401,4.0
9498,12402,26.0
9499,12403,14.0
9500,12404,5.0
9501,12405,1.0
9502,12406,1.0
9502,12407,3.0
9503,12408,
9504,12409,1.0
9505,12410,1.0
9506,12411,1.0
9506,12412,24.0
9507,12413,5.0
9508,12414,1.0
9509,12415,1.0
9509,12416,3.0
9510,12417,1.0
9510,12418,5.0
9511,12419,10.0
9511,12420,11.0
9512,12421,1.0
9512,12422,3.0
9512,12423,4.0
9513,12424,13.0
9513,12425,1.0
9513,12426,2.0
9513,12427,6.0
9514,12428,1.0
9515,12429,14.0
9516,12430,2.0
9516,12431,19.0
9517,12432,1.0
9518,12433,5.0
9519,12434,5.0
9520,12435,1.0
9520,12436,2.0
9521,12437,1.0
9522,12438,1.0
9522,12439,3.0
9523,12440,1.0
9523,12441,2.0
9524,12442,17.0
9525,12443,1.0
9526,12444,5.0
9527,12445,1.0
9528,12446,1.0
9528,12447,2.0
9528,12448,14.0
9529,12449,10.0
9529,12450,11.0
9530,12451,1.0
9531,12452,
9532,12453,16.0
9532,12454,1.0
9533,12455,1.0
9534,12456,1.0
9535,12457,13.0
9535,12458,16.0
9535,12459,23.0
9535,12460,1.0
9535,12461,2.0
9536,12462,5.0
9537,12463,2.0
9537,12464,19.0
9538,12465,16.0
9538,12466,3.0
9538,12467,25.0
9538,12468,15.0
9539,12469,1.0
9539,12470,3.0
9539,12471,6.0
9540,12472,1.0
9541,12473,13.0
9542,12474,1.0
9543,12475,10.0
9543,12476,11.0
9544,12477,10.0
9544,12478,11.0
9545,12479,1.0
9545,12480,2.0
9545,12481,12.0
9546,12482,2.0
9546,12483,19.0
9547,12484,26.0
9548,12485,5.0
9549,12486,22.0
9549,12487,2.0
9549,12488,14.0
9550,12489,2.0
9551,12490,3.0
9552,12491,13.0
9552,12492,16.0
9552,12493,2.0
9552,12494,6.0
9553,12495,2.0
9553,12496,19.0
9554,12497,5.0
9555,12498,3.0
9556,12499,
9557,12500,1.0
9557,12501,15.0
9558,12502,14.0
9559,12503,23.0
9559,12504,1.0
9559,12505,22.0
9560,12506,1.0
9561,12507,1.0
9562,12508,1.0
9563,12509,13.0
9563,12510,2.0
9563,12511,20.0
9564,12512,17.0
9565,12513,2.0
9565,12514,19.0
9566,12515,5.0
9567,12516,2.0
9567,12517,19.0
9568,12518,13.0
9569,12519,1.0
9570,12520,16.0
9571,12521,5.0
9572,12522,13.0
9573,12523,
9574,12524,1.0
9575,12525,21.0
9576,12526,1.0
9577,12527,
9578,12528,1.0
9578,12529,3.0
9579,12530,1.0
9580,12531,1.0
9581,12532,1.0
9581,12533,22.0
9581,12534,6.0
9582,12535,5.0
9583,12536,3.0
9584,12537,2.0
9584,12538,19.0
9585,12539,1.0
9585,12540,9.0
9585,12541,24.0
9586,12542,5.0
9587,12543,14.0
9588,12544,1.0
9588,12545,3.0
9588,12546,24.0
9589,12547,17.0
9590,12548,10.0
9590,12549,11.0
9591,12550,14.0
9592,12551,1.0
9593,12552,1.0
9594,12553,2.0
9594,12554,19.0
9595,12555,3.0
9596,12556,1.0
9597,12557,3.0
9598,12558,3.0
9599,12559,1.0
9599,12560,4.0
9600,12561,2.0
9600,12562,19.0
9601,12563,1.0
9602,12564,1.0
9603,12565,2.0
9603,12566,14.0
9604,12567,1.0
9605,12568,1.0
9606,12569,1.0
9607,12570,5.0
9608,12571,5.0
9609,12572,1.0
9610,12573,26.0
9611,12574,1.0
9612,12575,1.0
9613,12576,5.0
9614,12577,1.0
9614,12578,4.0
9614,12579,24.0
9615,12580,16.0
9616,12581,14.0
9617,12582,1.0
9618,12583,1.0
9619,12584,13.0
9620,12585,3.0
9621,12586,14.0
9622,12587,2.0
9622,12588,19.0
9623,12589,3.0
9624,12590,3.0
9625,12591,5.0
9626,12592,1.0
9627,12593,14.0
9628,12594,16.0
9629,12595,5.0
9630,12596,3.0
9631,12597,3.0
9632,12598,1.0
9633,12599,3.0
9634,12600,10.0
9634,12601,11.0
9635,12602,3.0
9636,12603,1.0
9637,12604,1.0
9638,12605,3.0
9639,12606,8.0
9639,12607,24.0
9639,12608,5.0
9640,12609,10.0
9640,12610,11.0
9641,12611,5.0
9642,12612,2.0
9643,12613,2.0
9643,12614,19.0
9644,12615,5.0
9645,12616,5.0
9646,12617,3.0
9647,12618,27.0
9648,12619,
9649,12620,1.0
9650,12621,2.0
9650,12622,19.0
9651,12623,16.0
9652,12624,1.0
9653,12625,16.0
9654,12626,3.0
9655,12627,1.0
9656,12628,13.0
9657,12629,1.0
9658,12630,5.0
9659,12631,1.0
9660,12632,8.0
9660,12633,1.0
9660,12634,22.0
9660,12635,2.0
9660,12636,6.0
9661,12637,8.0
9661,12638,18.0
9661,12639,5.0
9662,12640,17.0
9663,12641,5.0
9664,12642,26.0
9665,12643,14.0
9666,12644,
9667,12645,14.0
9668,12646,17.0
9669,12647,2.0
9669,12648,19.0
9670,12649,23.0
9670,12650,2.0
9671,12651,1.0
9672,12652,3.0
9672,12653,15.0
9673,12654,1.0
9673,12655,2.0
9674,12656,1.0
9674,12657,2.0
9675,12658,1.0
9676,12659,5.0
9677,12660,3.0
9678,12661,3.0
9679,12662,3.0
9680,12663,3.0
9681,12664,1.0
9682,12665,5.0
9683,12666,13.0
9683,12667,1.0
9683,12668,2.0
9683,12669,3.0
9683,12670,4.0
9684,12671,10.0
9684,12672,11.0
9685,12673,1.0
9685,12674,3.0
9686,12675,21.0
9687,12676,2.0
9688,12677,13.0
9689,12678,1.0
9689,12679,3.0
9689,12680,6.0
9690,12681,8.0
9690,12682,5.0
9691,12683,5.0
9692,12684,1.0
9693,12685,1.0
9693,12686,22.0
9693,12687,2.0
9694,12688,1.0
9695,12689,2.0
9695,12690,19.0
9696,12691,13.0
9696,12692,1.0
9696,12693,2.0
9696,12694,12.0
9697,12695,1.0
9697,12696,2.0
9697,12697,6.0
9698,12698,5.0
9699,12699,3.0
9700,12700,5.0
9701,12701,1.0
9701,12702,12.0
9702,12703,5.0
9703,12704,16.0
9703,12705,3.0
9704,12706,1.0
9705,12707,14.0
9706,12708,1.0
9706,12709,18.0
9707,12710,1.0
9708,12711,13.0
9709,12712,5.0
9710,12713,5.0
9711,12714,5.0
9712,12715,5.0
9713,12716,3.0
9714,12717,5.0
9715,12718,1.0
9716,12719,5.0
9717,12720,1.0
9718,12721,1.0
9719,12722,13.0
9720,12723,17.0
9721,12724,5.0
9722,12725,1.0
9723,12726,
9724,12727,3.0
9725,12728,2.0
9725,12729,19.0
9726,12730,5.0
9727,12731,1.0
9728,12732,5.0
9729,12733,13.0
9730,12734,3.0
9731,12735,17.0
9732,12736,14.0
9733,12737,1.0
9734,12738,1.0
9735,12739,1.0
9736,12740,
9737,12741,13.0
9738,12742,1.0
9738,12743,3.0
9738,12744,4.0
9739,12745,2.0
9739,12746,19.0
9740,12747,1.0
9741,12748,13.0
9741,12749,16.0
9741,12750,23.0
9741,12751,2.0
9742,12752,3.0
9743,12753,1.0
9744,12754,5.0
9745,12755,1.0
9746,12756,16.0
9747,12757,8.0
9747,12758,5.0
9748,12759,5.0
9749,12760,3.0
9750,12761,14.0
9751,12762,2.0
9751,12763,19.0
9752,12764,13.0
9753,12765,5.0
9754,12766,13.0
9754,12767,1.0
9754,12768,2.0
9754,12769,6.0
9755,12770,3.0
9756,12771,1.0
9757,12772,1.0
9758,12773,14.0
9759,12774,2.0
9759,12775,19.0
9760,12776,21.0
9761,12777,14.0
9762,12778,3.0
9763,12779,1.0
9764,12780,1.0
9765,12781,1.0
9766,12782,3.0
9767,12783,2.0
9767,12784,19.0
9768,12785,1.0
9769,12786,13.0
9769,12787,3.0
9769,12788,4.0
9770,12789,1.0
9771,12790,16.0
9771,12791,1.0
9771,12792,7.0
9771,12793,15.0
9771,12794,21.0
9772,12795,13.0
9772,12796,16.0
9772,12797,23.0
9772,12798,2.0
9773,12799,14.0
9774,12800,5.0
9775,12801,17.0
9776,12802,13.0
9776,12803,16.0
9776,12804,1.0
9776,12805,7.0
9777,12806,1.0
9777,12807,3.0
9778,12808,2.0
9778,12809,19.0
9779,12810,3.0
9780,12811,1.0
9781,12812,13.0
9782,12813,26.0
9783,12814,13.0
9784,12815,1.0
9785,12816,1.0
9786,12817,1.0
9787,12818,3.0
9788,12819,27.0
9789,12820,3.0
9790,12821,3.0
9791,12822,3.0
9792,12823,27.0
9793,12824,5.0
9794,12825,3.0
9795,12826,2.0
9795,12827,19.0
9796,12828,2.0
9796,12829,19.0
9797,12830,16.0
9798,12831,14.0
9799,12832,5.0
9800,12833,5.0
9801,12834,5.0
9802,12835,3.0
9803,12836,3.0
9804,12837,5.0
9805,12838,5.0
9806,12839,14.0
9807,12840,3.0
9808,12841,2.0
9808,12842,19.0
9809,12843,1.0
9810,12844,5.0
9811,12845,
9812,12846,5.0
9813,12847,13.0
9813,12848,16.0
9813,12849,2.0
9813,12850,6.0
9814,12851,3.0
9815,12852,5.0
9816,12853,1.0
9817,12854,2.0
9817,12855,19.0
9818,12856,3.0
9819,12857,14.0
9820,12858,13.0
9820,12859,23.0
9820,12860,1.0
9820,12861,2.0
9820,12862,7.0
9820,12863,3.0
9821,12864,1.0
9822,12865,1.0
9823,12866,2.0
9823,12867,19.0
9824,12868,13.0
9825,12869,10.0
9825,12870,11.0
9826,12871,3.0
9827,12872,16.0
9828,12873,14.0
9829,12874,5.0
9830,12875,2.0
9830,12876,19.0
9831,12877,16.0
9832,12878,13.0
9832,12879,23.0
9832,12880,2.0
9833,12881,25.0
9833,12882,5.0
9834,12883,2.0
9834,12884,19.0
9835,12885,1.0
9835,12886,22.0
9835,12887,2.0
9836,12888,1.0
9837,12889,25.0
9837,12890,15.0
9838,12891,13.0
9838,12892,3.0
9838,12893,6.0
9839,12894,5.0
9840,12895,1.0
9841,12896,14.0
9842,12897,14.0
9843,12898,13.0
9844,12899,13.0
9845,12900,5.0
9846,12901,1.0
9846,12902,3.0
9847,12903,21.0
9848,12904,13.0
9848,12905,1.0
9848,12906,7.0
9848,12907,14.0
9848,12908,12.0
9849,12909,1.0
9849,12910,2.0
9849,12911,7.0
9849,12912,14.0
9850,12913,16.0
9851,12914,1.0
9852,12915,5.0
9853,12916,1.0
9853,12917,3.0
9854,12918,1.0
9855,12919,3.0
9855,12920,4.0
9856,12921,2.0
9856,12922,19.0
9857,12923,1.0
9858,12924,3.0
9859,12925,1.0
9860,12926,16.0
9861,12927,1.0
9861,12928,24.0
9862,12929,16.0
9863,12930,1.0
9864,12931,3.0
9865,12932,3.0
9865,12933,4.0
9866,12934,1.0
9866,12935,5.0
9866,12936,28.0
9867,12937,8.0
9867,12938,1.0
9867,12939,5.0
9868,12940,3.0
9869,12941,5.0
9870,12942,1.0
9871,12943,5.0
9872,12944,13.0
9872,12945,1.0
9873,12946,3.0
9873,12947,4.0
9873,12948,15.0
9874,12949,1.0
9874,12950,3.0
9875,12951,1.0
9876,12952,
9877,12953,8.0
9877,12954,1.0
9877,12955,9.0
9878,12956,1.0
9879,12957,1.0
9879,12958,3.0
9879,12959,15.0
9880,12960,3.0
9881,12961,1.0
9882,12962,13.0
9882,12963,22.0
9882,12964,2.0
9882,12965,6.0
9883,12966,16.0
9884,12967,10.0
9884,12968,11.0
9885,12969,10.0
9885,12970,11.0
9886,12971,5.0
9887,12972,5.0
9888,12973,14.0
9889,12974,1.0
9889,12975,3.0
9890,12976,1.0
9890,12977,3.0
9890,12978,6.0
9891,12979,5.0
9892,12980,1.0
9892,12981,2.0
9892,12982,14.0
9893,12983,5.0
9894,12984,2.0
9894,12985,19.0
9895,12986,5.0
9896,12987,16.0
9897,12988,1.0
9898,12989,18.0
9898,12990,5.0
9899,12991,1.0
9900,12992,1.0
9901,12993,13.0
9902,12994,1.0
9902,12995,3.0
9903,12996,17.0
9904,12997,1.0
9905,12998,1.0
9905,12999,2.0
9906,13000,3.0
9906,13001,4.0
9907,13002,3.0
9908,13003,14.0
9909,13004,3.0
9910,13005,16.0
9911,13006,1.0
9911,13007,2.0
9911,13008,7.0
9911,13009,14.0
9912,13010,8.0
9912,13011,1.0
9913,13012,3.0
9914,13013,1.0
9915,13014,1.0
9916,13015,16.0
9917,13016,3.0
9918,13017,2.0
9918,13018,19.0
9919,13019,1.0
9920,13020,3.0
9921,13021,13.0
9922,13022,1.0
9923,13023,3.0
9924,13024,1.0
9924,13025,24.0
9925,13026,1.0
9926,13027,13.0
9926,13028,16.0
9926,13029,3.0
9927,13030,14.0
9928,13031,1.0
9929,13032,16.0
9930,13033,1.0
9931,13034,2.0
9931,13035,19.0
9932,13036,1.0
9933,13037,3.0
9934,13038,5.0
9935,13039,1.0
9936,13040,1.0
9937,13041,
9938,13042,10.0
9938,13043,11.0
9939,13044,1.0
9940,13045,2.0
9940,13046,14.0
9940,13047,6.0
9941,13048,1.0
9942,13049,21.0
9943,13050,10.0
9943,13051,11.0
9944,13052,13.0
9945,13053,1.0
9946,13054,14.0
9947,13055,13.0
9948,13056,14.0
9949,13057,5.0
9950,13058,3.0
9951,13059,1.0
9952,13060,3.0
9953,13061,5.0
9954,13062,13.0
9955,13063,3.0
9956,13064,3.0
9957,13065,1.0
9958,13066,10.0
9958,13067,11.0
9959,13068,1.0
9960,13069,14.0
9961,13070,
9962,13071,5.0
9963,13072,1.0
9964,13073,14.0
9965,13074,5.0
9966,13075,14.0
9967,13076,3.0
9968,13077,1.0
9969,13078,1.0
9970,13079,3.0
9971,13080,3.0
9972,13081,17.0
9973,13082,1.0
9974,13083,1.0
9974,13084,2.0
9974,13085,7.0
9975,13086,1.0
9976,13087,5.0
9977,13088,1.0
9978,13089,16.0
9979,13090,2.0
9979,13091,19.0
9980,13092,14.0
9981,13093,1.0
9981,13094,22.0
9981,13095,2.0
9982,13096,1.0
9983,13097,3.0
9984,13098,3.0
9985,13099,1.0
9986,13100,2.0
9986,13101,19.0
9987,13102,1.0
9988,13103,14.0
9989,13104,5.0
9990,13105,5.0
9991,13106,16.0
9992,13107,3.0
9993,13108,5.0
9994,13109,23.0
9994,13110,22.0
9994,13111,14.0
9995,13112,1.0
9995,13113,4.0
9996,13114,3.0
9997,13115,3.0
9998,13116,1.0
9999,13117,1.0
9999,13118,18.0
9999,13119,6.0
9999,13120,15.0
10000,13121,3.0
10001,13122,1.0
10002,13123,1.0
10003,13124,1.0
10004,13125,16.0
10005,13126,1.0
10005,13127,4.0
10006,13128,13.0
10006,13129,2.0
10006,13130,6.0
10007,13131,2.0
10007,13132,19.0
10008,13133,8.0
10008,13134,1.0
10008,13135,24.0
10009,13136,2.0
10010,13137,3.0
10011,13138,10.0
10011,13139,11.0
10012,13140,1.0
10013,13141,14.0
10014,13142,1.0
10015,13143,13.0
10015,13144,2.0
10015,13145,6.0
10016,13146,10.0
10016,13147,11.0
10017,13148,16.0
10018,13149,1.0
10019,13150,16.0
10020,13151,13.0
10021,13152,1.0
10021,13153,3.0
10022,13154,1.0
10022,13155,14.0
10022,13156,3.0
10023,13157,1.0
10024,13158,8.0
10024,13159,1.0
10024,13160,3.0
10024,13161,15.0
10024,13162,5.0
10025,13163,16.0
10025,13164,3.0
10025,13165,25.0
10025,13166,15.0
10026,13167,14.0
10027,13168,1.0
10028,13169,3.0
10029,13170,13.0
10029,13171,16.0
10029,13172,7.0
10030,13173,3.0
10031,13174,1.0
10032,13175,1.0
10032,13176,22.0
10032,13177,2.0
10033,13178,1.0
10033,13179,9.0
10033,13180,3.0
10033,13181,5.0
10033,13182,28.0
10034,13183,5.0
10035,13184,5.0
10036,13185,1.0
10037,13186,8.0
10037,13187,1.0
10037,13188,3.0
10037,13189,24.0
10038,13190,1.0
10039,13191,5.0
10040,13192,14.0
10041,13193,3.0
10042,13194,1.0
10043,13195,5.0
10044,13196,22.0
10044,13197,2.0
10045,13198,3.0
10046,13199,
10047,13200,13.0
10047,13201,16.0
10047,13202,23.0
10048,13203,1.0
10048,13204,3.0
10048,13205,4.0
10049,13206,13.0
10049,13207,1.0
10049,13208,9.0
10049,13209,2.0
10050,13210,1.0
10051,13211,1.0
10051,13212,2.0
10051,13213,6.0
10052,13214,17.0
10053,13215,1.0
10054,13216,5.0
10055,13217,1.0
10055,13218,4.0
10055,13219,24.0
10056,13220,13.0
10057,13221,16.0
10058,13222,13.0
10058,13223,3.0
10059,13224,1.0
10060,13225,1.0
10061,13226,1.0
10062,13227,14.0
10063,13228,2.0
10063,13229,19.0
10064,13230,1.0
10064,13231,3.0
10064,13232,4.0
10065,13233,5.0
10066,13234,25.0
10066,13235,15.0
10067,13236,2.0
10068,13237,3.0
10069,13238,5.0
10070,13239,5.0
10071,13240,3.0
10072,13241,5.0
10072,13242,28.0
10073,13243,23.0
10073,13244,1.0
10073,13245,7.0
10073,13246,4.0
10074,13247,1.0
10075,13248,10.0
10075,13249,11.0
10076,13250,5.0
10077,13251,5.0
10078,13252,1.0
10079,13253,3.0
10079,13254,24.0
10080,13255,8.0
10080,13256,1.0
10080,13257,5.0
10081,13258,26.0
10082,13259,5.0
10083,13260,1.0
10084,13261,16.0
10085,13262,1.0
10086,13263,1.0
10087,13264,10.0
10087,13265,11.0
10088,13266,1.0
10089,13267,21.0
10090,13268,3.0
10091,13269,1.0
10091,13270,3.0
10092,13271,1.0
10093,13272,1.0
10094,13273,1.0
10095,13274,
10096,13275,3.0
10097,13276,8.0
10097,13277,1.0
10097,13278,4.0
10097,13279,24.0
10098,13280,3.0
10099,13281,16.0
10100,13282,3.0
10101,13283,10.0
10101,13284,11.0
10102,13285,1.0
10103,13286,1.0
10104,13287,5.0
10105,13288,1.0
10106,13289,1.0
10107,13290,27.0
10108,13291,3.0
10109,13292,1.0
10110,13293,17.0
10111,13294,16.0
10111,13295,1.0
10111,13296,3.0
10112,13297,10.0
10112,13298,11.0
10113,13299,1.0
10114,13300,3.0
10115,13301,13.0
10116,13302,1.0
10117,13303,3.0
10118,13304,1.0
10119,13305,5.0
10120,13306,5.0
10121,13307,3.0
10122,13308,14.0
10123,13309,1.0
10124,13310,3.0
10125,13311,3.0
10126,13312,2.0
10126,13313,19.0
10127,13314,3.0
10128,13315,1.0
10129,13316,5.0
10130,13317,2.0
10130,13318,19.0
10131,13319,2.0
10131,13320,19.0
10132,13321,21.0
10133,13322,1.0
10134,13323,10.0
10134,13324,11.0
10135,13325,1.0
10136,13326,13.0
10137,13327,1.0
10138,13328,5.0
10139,13329,3.0
10140,13330,1.0
10141,13331,1.0
10142,13332,27.0
10143,13333,2.0
10143,13334,19.0
10144,13335,2.0
10144,13336,14.0
10145,13337,1.0
10146,13338,1.0
10147,13339,1.0
10148,13340,3.0
10149,13341,1.0
10150,13342,5.0
10151,13343,
10152,13344,5.0
10153,13345,3.0
10154,13346,3.0
10155,13347,1.0
10156,13348,10.0
10156,13349,11.0
10157,13350,1.0
10158,13351,10.0
10158,13352,11.0
10159,13353,1.0
10159,13354,2.0
10160,13355,2.0
10160,13356,19.0
10161,13357,1.0
10162,13358,13.0
10163,13359,1.0
10164,13360,14.0
10165,13361,14.0
10166,13362,8.0
10166,13363,1.0
10166,13364,9.0
10166,13365,22.0
10166,13366,5.0
10167,13367,13.0
10167,13368,1.0
10167,13369,2.0
10167,13370,3.0
10167,13371,6.0
10168,13372,1.0
10168,13373,24.0
10169,13374,3.0
10170,13375,13.0
10171,13376,22.0
10171,13377,2.0
10171,13378,6.0
10172,13379,3.0
10173,13380,3.0
10174,13381,1.0
10175,13382,16.0
10176,13383,13.0
10176,13384,22.0
10177,13385,7.0
10177,13386,3.0
10177,13387,4.0
10177,13388,24.0
10178,13389,1.0
10178,13390,22.0
10179,13391,1.0
10180,13392,5.0
10181,13393,17.0
10182,13394,1.0
10182,13395,3.0
10183,13396,5.0
10184,13397,8.0
10184,13398,5.0
10185,13399,13.0
10186,13400,10.0
10186,13401,11.0
10187,13402,3.0
10187,13403,25.0
10187,13404,15.0
10188,13405,3.0
10189,13406,1.0
10189,13407,3.0
10190,13408,3.0
10190,13409,4.0
10191,13410,1.0
10192,13411,1.0
10193,13412,2.0
10194,13413,1.0
10194,13414,22.0
10195,13415,17.0
10196,13416,1.0
10197,13417,1.0
10197,13418,3.0
10197,13419,24.0
10198,13420,23.0
10198,13421,1.0
10198,13422,3.0
10199,13423,23.0
10199,13424,22.0
10199,13425,2.0
10200,13426,1.0
10200,13427,2.0
10201,13428,1.0
10201,13429,3.0
10202,13430,3.0
10203,13431,5.0
10204,13432,3.0
10205,13433,17.0
10206,13434,5.0
10207,13435,16.0
10207,13436,1.0
10207,13437,3.0
10208,13438,3.0
10209,13439,1.0
10209,13440,12.0
10210,13441,1.0
10211,13442,5.0
10212,13443,16.0
10212,13444,7.0
10212,13445,3.0
10212,13446,25.0
10212,13447,15.0
10213,13448,13.0
10214,13449,2.0
10214,13450,19.0
10215,13451,16.0
10216,13452,3.0
10216,13453,5.0
10217,13454,10.0
10217,13455,11.0
10218,13456,3.0
10219,13457,1.0
10220,13458,1.0
10221,13459,1.0
10222,13460,13.0
10223,13461,16.0
10224,13462,1.0
10224,13463,3.0
10225,13464,1.0
10226,13465,8.0
10226,13466,1.0
10226,13467,2.0
10226,13468,4.0
10227,13469,1.0
10228,13470,1.0
10229,13471,1.0
10230,13472,22.0
10230,13473,2.0
10230,13474,14.0
10231,13475,5.0
10232,13476,8.0
10232,13477,1.0
10232,13478,2.0
10232,13479,5.0
10233,13480,5.0
10234,13481,5.0
10235,13482,14.0
10236,13483,1.0
10236,13484,3.0
10237,13485,3.0
10238,13486,16.0
10239,13487,2.0
10239,13488,19.0
10240,13489,23.0
10240,13490,14.0
10240,13491,3.0
10240,13492,25.0
10240,13493,15.0
10241,13494,1.0
10242,13495,13.0
10243,13496,1.0
10244,13497,13.0
10244,13498,16.0
10244,13499,7.0
10245,13500,8.0
10245,13501,5.0
10246,13502,17.0
10247,13503,1.0
10247,13504,3.0
10248,13505,3.0
10249,13506,1.0
10250,13507,3.0
10251,13508,3.0
10252,13509,2.0
10252,13510,19.0
10253,13511,3.0
10253,13512,4.0
10253,13513,24.0
10254,13514,2.0
10254,13515,19.0
10255,13516,1.0
10256,13517,9.0
10256,13518,5.0
10256,13519,28.0
10257,13520,3.0
10258,13521,3.0
10258,13522,15.0
10259,13523,1.0
10259,13524,7.0
10260,13525,5.0
10261,13526,14.0
10262,13527,2.0
10262,13528,19.0
10263,13529,3.0
10264,13530,3.0
10265,13531,3.0
10266,13532,2.0
10266,13533,19.0
10267,13534,
10268,13535,13.0
10269,13536,
10270,13537,16.0
10271,13538,2.0
10271,13539,19.0
10272,13540,3.0
10272,13541,4.0
10273,13542,
10274,13543,
10275,13544,14.0
10276,13545,1.0
10276,13546,4.0
10277,13547,13.0
10278,13548,1.0
10279,13549,1.0
10280,13550,
10281,13551,
10282,13552,13.0
10283,13553,3.0
10284,13554,1.0
10285,13555,1.0
10286,13556,1.0
10287,13557,2.0
10287,13558,19.0
10288,13559,3.0
10289,13560,14.0
10290,13561,1.0
10291,13562,13.0
10292,13563,3.0
10293,13564,3.0
10294,13565,16.0
10295,13566,1.0
10296,13567,1.0
10297,13568,5.0
10298,13569,3.0
10299,13570,3.0
10300,13571,3.0
10301,13572,1.0
10302,13573,16.0
10303,13574,27.0
10304,13575,3.0
10305,13576,3.0
10306,13577,3.0
10307,13578,16.0
10307,13579,1.0
10307,13580,18.0
10307,13581,5.0
10308,13582,5.0
10309,13583,16.0
10310,13584,3.0
10311,13585,1.0
10312,13586,3.0
10313,13587,1.0
10313,13588,9.0
10314,13589,13.0
10315,13590,16.0
10316,13591,13.0
10316,13592,16.0
10316,13593,23.0
10316,13594,2.0
10316,13595,25.0
10317,13596,3.0
10318,13597,5.0
10319,13598,1.0
10319,13599,2.0
10319,13600,6.0
10320,13601,1.0
10321,13602,3.0
10322,13603,1.0
10323,13604,5.0
10324,13605,14.0
10325,13606,10.0
10325,13607,11.0
10326,13608,1.0
10327,13609,3.0
10328,13610,3.0
10329,13611,5.0
10330,13612,1.0
10331,13613,1.0
10332,13614,1.0
10333,13615,1.0
10334,13616,16.0
10335,13617,1.0
10336,13618,13.0
10337,13619,5.0
10338,13620,
10339,13621,1.0
10340,13622,14.0
10341,13623,5.0
10342,13624,1.0
10342,13625,3.0
10343,13626,5.0
10344,13627,5.0
10345,13628,2.0
10345,13629,14.0
10346,13630,3.0
10347,13631,1.0
10348,13632,3.0
10349,13633,3.0
10350,13634,3.0
10351,13635,3.0
10352,13636,1.0
10353,13637,1.0
10354,13638,3.0
10355,13639,8.0
10355,13640,1.0
10355,13641,2.0
10356,13642,5.0
10357,13643,1.0
10358,13644,3.0
10359,13645,2.0
10360,13646,8.0
10360,13647,1.0
10360,13648,5.0
10361,13649,1.0
10362,13650,1.0
10363,13651,5.0
10364,13652,10.0
10364,13653,11.0
10365,13654,13.0
10365,13655,1.0
10365,13656,18.0
10365,13657,15.0
10366,13658,1.0
10367,13659,10.0
10367,13660,11.0
10368,13661,1.0
10369,13662,3.0
10370,13663,1.0
10371,13664,1.0
10372,13665,5.0
10373,13666,10.0
10373,13667,11.0
10374,13668,8.0
10374,13669,1.0
10374,13670,5.0
10375,13671,1.0
10375,13672,22.0
10376,13673,16.0
10377,13674,5.0
10378,13675,8.0
10378,13676,1.0
10378,13677,9.0
10378,13678,3.0
10378,13679,12.0
10379,13680,1.0
10380,13681,1.0
10381,13682,3.0
10382,13683,5.0
10383,13684,5.0
10384,13685,13.0
10385,13686,17.0
10386,13687,5.0
10387,13688,1.0
10388,13689,13.0
10388,13690,22.0
10388,13691,2.0
10389,13692,1.0
10390,13693,5.0
10391,13694,3.0
10392,13695,5.0
10393,13696,1.0
10394,13697,5.0
10395,13698,16.0
10396,13699,1.0
10397,13700,2.0
10397,13701,19.0
10398,13702,5.0
10399,13703,17.0
10400,13704,8.0
10400,13705,5.0
10401,13706,17.0
10402,13707,5.0
10403,13708,17.0
10404,13709,1.0
10405,13710,5.0
10406,13711,1.0
10406,13712,6.0
10407,13713,1.0
10407,13714,15.0
10408,13715,23.0
10408,13716,3.0
10409,13717,1.0
10410,13718,3.0
10411,13719,23.0
10411,13720,2.0
10411,13721,14.0
10411,13722,4.0
10412,13723,13.0
10412,13724,16.0
10412,13725,1.0
10413,13726,5.0
10414,13727,8.0
10414,13728,1.0
10414,13729,9.0
10415,13730,3.0
10416,13731,10.0
10416,13732,11.0
10417,13733,1.0
10417,13734,3.0
10418,13735,3.0
10419,13736,8.0
10419,13737,1.0
10420,13738,16.0
10421,13739,1.0
10422,13740,5.0
10423,13741,1.0
10424,13742,2.0
10424,13743,20.0
10425,13744,16.0
10426,13745,14.0
10427,13746,5.0
10428,13747,
10429,13748,1.0
10430,13749,14.0
10430,13750,3.0
10431,13751,13.0
10431,13752,2.0
10431,13753,6.0
10432,13754,5.0
10433,13755,1.0
10433,13756,7.0
10433,13757,14.0
10434,13758,5.0
10435,13759,14.0
10436,13760,3.0
10437,13761,13.0
10438,13762,13.0
10438,13763,1.0
10438,13764,2.0
10438,13765,6.0
10439,13766,1.0
10439,13767,9.0
10439,13768,24.0
10440,13769,3.0
10440,13770,25.0
10440,13771,15.0
10441,13772,10.0
10441,13773,11.0
10442,13774,13.0
10443,13775,2.0
10443,13776,19.0
10444,13777,13.0
10444,13778,23.0
10444,13779,2.0
10444,13780,6.0
10445,13781,1.0
10446,13782,1.0
10447,13783,17.0
10448,13784,5.0
10449,13785,3.0
10450,13786,5.0
10451,13787,5.0
10452,13788,3.0
10453,13789,1.0
10454,13790,1.0
10454,13791,2.0
10454,13792,6.0
10455,13793,1.0
10456,13794,9.0
10456,13795,5.0
10456,13796,28.0
10457,13797,2.0
10457,13798,14.0
10458,13799,1.0
10459,13800,5.0
10460,13801,1.0
10461,13802,2.0
10461,13803,19.0
10462,13804,2.0
10462,13805,19.0
10463,13806,10.0
10463,13807,11.0
10464,13808,5.0
10465,13809,3.0
10466,13810,10.0
10466,13811,11.0
10467,13812,1.0
10468,13813,13.0
10469,13814,17.0
10470,13815,16.0
10471,13816,8.0
10471,13817,24.0
10471,13818,5.0
10472,13819,3.0
10473,13820,1.0
10474,13821,1.0
10475,13822,2.0
10475,13823,19.0
10476,13824,5.0
10477,13825,2.0
10477,13826,19.0
10478,13827,3.0
10479,13828,3.0
10480,13829,1.0
10480,13830,3.0
10480,13831,12.0
10481,13832,3.0
10482,13833,
10483,13834,16.0
10484,13835,13.0
10485,13836,3.0
10486,13837,
10487,13838,1.0
10488,13839,1.0
10489,13840,3.0
10490,13841,1.0
10491,13842,1.0
10492,13843,1.0
10493,13844,
10494,13845,3.0
10495,13846,1.0
10496,13847,27.0
10497,13848,
10498,13849,13.0
10499,13850,1.0
10500,13851,3.0
10501,13852,2.0
10501,13853,19.0
10502,13854,17.0
10503,13855,1.0
10504,13856,8.0
10504,13857,1.0
10504,13858,4.0
10504,13859,24.0
10504,13860,21.0
10505,13861,2.0
10505,13862,19.0
10506,13863,5.0
10507,13864,3.0
10508,13865,3.0
10509,13866,17.0
10510,13867,3.0
10511,13868,3.0
10512,13869,1.0
10513,13870,13.0
10513,13871,16.0
10513,13872,23.0
10514,13873,
10515,13874,5.0
10516,13875,10.0
10516,13876,11.0
10517,13877,13.0
10518,13878,
10519,13879,14.0
10520,13880,1.0
10520,13881,3.0
10520,13882,4.0
10521,13883,5.0
10522,13884,14.0
10523,13885,1.0
10524,13886,1.0
10525,13887,1.0
10526,13888,10.0
10526,13889,11.0
10527,13890,3.0
10528,13891,1.0
10529,13892,3.0
10530,13893,13.0
10531,13894,3.0
10532,13895,3.0
10533,13896,17.0
10534,13897,1.0
10535,13898,1.0
10536,13899,1.0
10537,13900,1.0
10537,13901,4.0
10538,13902,1.0
10538,13903,3.0
10538,13904,4.0
10538,13905,12.0
10539,13906,5.0
10540,13907,10.0
10540,13908,11.0
10541,13909,1.0
10542,13910,2.0
10542,13911,19.0
10543,13912,10.0
10543,13913,11.0
10544,13914,16.0
10544,13915,7.0
10544,13916,3.0
10544,13917,25.0
10544,13918,15.0
10545,13919,26.0
10546,13920,
10547,13921,1.0
10548,13922,13.0
10549,13923,27.0
10550,13924,17.0
10551,13925,1.0
10552,13926,1.0
10553,13927,1.0
10554,13928,3.0
10555,13929,1.0
10556,13930,1.0
10557,13931,3.0
10557,13932,15.0
10558,13933,22.0
10558,13934,15.0
10559,13935,5.0
10560,13936,1.0
10560,13937,2.0
10561,13938,1.0
10562,13939,10.0
10562,13940,11.0
10563,13941,1.0
10564,13942,3.0
10565,13943,1.0
10565,13944,2.0
10565,13945,7.0
10565,13946,4.0
10566,13947,5.0
10567,13948,13.0
10568,13949,5.0
10569,13950,24.0
10569,13951,5.0
10570,13952,16.0
10571,13953,8.0
10571,13954,5.0
10572,13955,1.0
10573,13956,1.0
10574,13957,5.0
10575,13958,3.0
10576,13959,17.0
10577,13960,5.0
10578,13961,13.0
10579,13962,14.0
10580,13963,3.0
10581,13964,13.0
10582,13965,13.0
10582,13966,23.0
10582,13967,22.0
10582,13968,2.0
10583,13969,1.0
10584,13970,3.0
10585,13971,1.0
10585,13972,3.0
10586,13973,1.0
10587,13974,1.0
10587,13975,3.0
10588,13976,5.0
10589,13977,14.0
10590,13978,1.0
10591,13979,2.0
10591,13980,19.0
10592,13981,14.0
10593,13982,5.0
10594,13983,1.0
10595,13984,8.0
10595,13985,9.0
10595,13986,5.0
10595,13987,28.0
10596,13988,1.0
10597,13989,1.0
10597,13990,3.0
10598,13991,5.0
10599,13992,1.0
10599,13993,24.0
10600,13994,31.0
10601,13995,9.0
10601,13996,12.0
10601,13997,5.0
10602,13998,1.0
10602,13999,3.0
10602,14000,15.0
10603,14001,16.0
10603,14002,22.0
10603,14003,2.0
10603,14004,7.0
10603,14005,14.0
10603,14006,4.0
10604,14007,2.0
10604,14008,14.0
10605,14009,1.0
10606,14010,13.0
10606,14011,16.0
10606,14012,8.0
10606,14013,1.0
10606,14014,2.0
10606,14015,6.0
10607,14016,1.0
10607,14017,4.0
10607,14018,21.0
10608,14019,5.0
10609,14020,22.0
10609,14021,2.0
10609,14022,14.0
10609,14023,4.0
10610,14024,5.0
10611,14025,1.0
10612,14026,3.0
10613,14027,13.0
10613,14028,12.0
10614,14029,2.0
10614,14030,19.0
10615,14031,16.0
10616,14032,13.0
10616,14033,23.0
10616,14034,1.0
10616,14035,22.0
10616,14036,2.0
10616,14037,6.0
10617,14038,2.0
10617,14039,19.0
10618,14040,1.0
10619,14041,16.0
10620,14042,16.0
10620,14043,5.0
10621,14044,21.0
10622,14045,16.0
10623,14046,5.0
10624,14047,14.0
10625,14048,3.0
10625,14049,4.0
10626,14050,17.0
10627,14051,1.0
10627,14052,22.0
10627,14053,2.0
10628,14054,5.0
10629,14055,5.0
10630,14056,1.0
10631,14057,1.0
10632,14058,5.0
10633,14059,3.0
10633,14060,24.0
10634,14061,8.0
10634,14062,5.0
10635,14063,5.0
10636,14064,1.0
10636,14065,4.0
10637,14066,1.0
10638,14067,2.0
10638,14068,19.0
10639,14069,18.0
10639,14070,4.0
10640,14071,1.0
10641,14072,5.0
10642,14073,1.0
10642,14074,4.0
10643,14075,1.0
10644,14076,1.0
10645,14077,1.0
10645,14078,22.0
10645,14079,2.0
10645,14080,6.0
10646,14081,5.0
10647,14082,26.0
10648,14083,14.0
10649,14084,1.0
10649,14085,3.0
10650,14086,5.0
10651,14087,1.0
10652,14088,14.0
10653,14089,1.0
10654,14090,13.0
10655,14091,3.0
10656,14092,16.0
10657,14093,5.0
10658,14094,3.0
10659,14095,5.0
10660,14096,3.0
10661,14097,3.0
10662,14098,1.0
10663,14099,1.0
10663,14100,2.0
10664,14101,5.0
10665,14102,1.0
10665,14103,22.0
10666,14104,1.0
10667,14105,3.0
10668,14106,2.0
10668,14107,19.0
10669,14108,3.0
10670,14109,1.0
10671,14110,1.0
10672,14111,17.0
10673,14112,1.0
10674,14113,1.0
10675,14114,17.0
10676,14115,3.0
10677,14116,2.0
10677,14117,19.0
10678,14118,
10679,14119,1.0
10679,14120,3.0
10680,14121,21.0
10681,14122,3.0
10682,14123,1.0
10683,14124,16.0
10684,14125,3.0
10685,14126,1.0
10686,14127,27.0
10687,14128,17.0
10688,14129,1.0
10689,14130,1.0
10690,14131,1.0
10691,14132,1.0
10692,14133,1.0
10693,14134,3.0
10693,14135,4.0
10693,14136,15.0
10694,14137,2.0
10694,14138,19.0
10695,14139,1.0
10696,14140,14.0
10697,14141,1.0
10698,14142,14.0
10699,14143,13.0
10699,14144,16.0
10699,14145,23.0
10699,14146,7.0
10700,14147,1.0
10700,14148,3.0
10700,14149,4.0
10700,14150,24.0
10700,14151,21.0
10701,14152,16.0
10701,14153,23.0
10701,14154,1.0
10701,14155,5.0
10702,14156,
10703,14157,3.0
10704,14158,3.0
10705,14159,3.0
10706,14160,5.0
10707,14161,1.0
10708,14162,1.0
10709,14163,3.0
10710,14164,1.0
10711,14165,5.0
10712,14166,14.0
10713,14167,1.0
10713,14168,4.0
10714,14169,5.0
10715,14170,5.0
10716,14171,1.0
10717,14172,14.0
10718,14173,3.0
10719,14174,16.0
10720,14175,3.0
10721,14176,14.0
10722,14177,13.0
10723,14178,3.0
10724,14179,16.0
10725,14180,1.0
10726,14181,1.0
10726,14182,9.0
10726,14183,2.0
10726,14184,6.0
10727,14185,13.0
10728,14186,16.0
10729,14187,1.0
10730,14188,1.0
10730,14189,9.0
10730,14190,24.0
10730,14191,5.0
10731,14192,14.0
10732,14193,1.0
10733,14194,5.0
10734,14195,1.0
10735,14196,3.0
10736,14197,5.0
10737,14198,22.0
10737,14199,2.0
10737,14200,7.0
10737,14201,14.0
10738,14202,2.0
10738,14203,19.0
10739,14204,3.0
10740,14205,16.0
10741,14206,1.0
10742,14207,16.0
10743,14208,8.0
10743,14209,5.0
10744,14210,5.0
10745,14211,1.0
10746,14212,2.0
10746,14213,19.0
10747,14214,1.0
10748,14215,1.0
10749,14216,1.0
10750,14217,3.0
10751,14218,23.0
10751,14219,1.0
10752,14220,1.0
10753,14221,23.0
10753,14222,1.0
10753,14223,2.0
10754,14224,3.0
10755,14225,5.0
10756,14226,2.0
10756,14227,19.0
10757,14228,13.0
10757,14229,1.0
10757,14230,7.0
10758,14231,4.0
10758,14232,6.0
10759,14233,3.0
10760,14234,16.0
10761,14235,1.0
10762,14236,14.0
10763,14237,25.0
10764,14238,
10765,14239,3.0
10766,14240,1.0
10767,14241,1.0
10768,14242,8.0
10768,14243,1.0
10769,14244,13.0
10769,14245,3.0
10769,14246,6.0
10770,14247,5.0
10771,14248,5.0
10772,14249,5.0
10773,14250,13.0
10773,14251,2.0
10773,14252,6.0
10774,14253,1.0
10775,14254,3.0
10776,14255,1.0
10777,14256,14.0
10778,14257,1.0
10779,14258,5.0
10780,14259,1.0
10780,14260,3.0
10780,14261,25.0
10780,14262,15.0
10781,14263,1.0
10782,14264,1.0
10783,14265,2.0
10783,14266,19.0
10784,14267,16.0
10785,14268,1.0
10786,14269,3.0
10786,14270,6.0
10787,14271,13.0
10787,14272,23.0
10787,14273,1.0
10787,14274,22.0
10787,14275,2.0
10788,14276,1.0
10788,14277,3.0
10789,14278,3.0
10790,14279,13.0
10791,14280,8.0
10791,14281,1.0
10792,14282,1.0
10793,14283,16.0
10794,14284,16.0
10795,14285,1.0
10796,14286,2.0
10796,14287,19.0
10797,14288,2.0
10797,14289,19.0
10798,14290,23.0
10798,14291,22.0
10798,14292,6.0
10798,14293,5.0
10799,14294,1.0
10800,14295,1.0
10801,14296,1.0
10801,14297,6.0
10802,14298,2.0
10802,14299,14.0
10803,14300,1.0
10803,14301,4.0
10803,14302,24.0
10804,14303,5.0
10805,14304,14.0
10806,14305,1.0
10807,14306,3.0
10808,14307,3.0
10809,14308,1.0
10809,14309,9.0
10809,14310,2.0
10809,14311,5.0
10810,14312,3.0
10811,14313,23.0
10811,14314,1.0
10811,14315,22.0
10811,14316,2.0
10812,14317,1.0
10813,14318,17.0
10814,14319,10.0
10814,14320,11.0
10815,14321,3.0
10815,14322,4.0
10816,14323,14.0
10816,14324,3.0
10817,14325,1.0
10817,14326,14.0
10818,14327,3.0
10819,14328,5.0
10820,14329,2.0
10820,14330,19.0
10821,14331,13.0
10821,14332,1.0
10821,14333,2.0
10821,14334,6.0
10822,14335,1.0
10823,14336,17.0
10824,14337,14.0
10825,14338,1.0
10826,14339,2.0
10826,14340,19.0
10827,14341,1.0
10828,14342,1.0
10828,14343,3.0
10828,14344,4.0
10829,14345,1.0
10829,14346,2.0
10830,14347,
10831,14348,13.0
10831,14349,16.0
10831,14350,23.0
10831,14351,9.0
10831,14352,2.0
10831,14353,14.0
10832,14354,13.0
10832,14355,1.0
10832,14356,6.0
10833,14357,1.0
10833,14358,22.0
10833,14359,2.0
10833,14360,4.0
10834,14361,1.0
10835,14362,1.0
10835,14363,2.0
10835,14364,4.0
10836,14365,1.0
10837,14366,13.0
10838,14367,16.0
10839,14368,3.0
10840,14369,1.0
10841,14370,1.0
10842,14371,14.0
10843,14372,1.0
10843,14373,3.0
10843,14374,4.0
10844,14375,5.0
10845,14376,1.0
10846,14377,1.0
10847,14378,1.0
10847,14379,3.0
10848,14380,5.0
10849,14381,24.0
10849,14382,5.0
10850,14383,5.0
10851,14384,13.0
10852,14385,3.0
10853,14386,13.0
10853,14387,16.0
10853,14388,23.0
10853,14389,2.0
10853,14390,7.0
10854,14391,5.0
10855,14392,13.0
10855,14393,23.0
10855,14394,2.0
10855,14395,6.0
10856,14396,13.0
10857,14397,5.0
10858,14398,10.0
10858,14399,11.0
10859,14400,2.0
10859,14401,14.0
10860,14402,3.0
10861,14403,1.0
10862,14404,16.0
10863,14405,2.0
10863,14406,19.0
10864,14407,3.0
10865,14408,
10866,14409,1.0
10867,14410,10.0
10867,14411,11.0
10868,14412,3.0
10869,14413,10.0
10869,14414,11.0
10870,14415,2.0
10870,14416,19.0
10871,14417,17.0
10872,14418,3.0
10873,14419,1.0
10874,14420,1.0
10875,14421,
10876,14422,1.0
10877,14423,5.0
10878,14424,8.0
10878,14425,1.0
10879,14426,2.0
10879,14427,19.0
10880,14428,17.0
10881,14429,1.0
10882,14430,5.0
10883,14431,
10884,14432,
10885,14433,5.0
10886,14434,16.0
10887,14435,2.0
10887,14436,19.0
10888,14437,1.0
10888,14438,3.0
10888,14439,15.0
10889,14440,5.0
10890,14441,3.0
10891,14442,1.0
10892,14443,1.0
10893,14444,14.0
10894,14445,1.0
10895,14446,3.0
10896,14447,5.0
10897,14448,5.0
10898,14449,1.0
10899,14450,1.0
10900,14451,3.0
10901,14452,21.0
10902,14453,16.0
10903,14454,1.0
10904,14455,3.0
10905,14456,1.0
10906,14457,
10907,14458,5.0
10908,14459,1.0
10908,14460,2.0
10909,14461,5.0
10910,14462,14.0
10911,14463,3.0
10912,14464,5.0
10913,14465,1.0
10914,14466,5.0
10915,14467,3.0
10916,14468,13.0
10917,14469,5.0
10918,14470,3.0
10919,14471,2.0
10919,14472,19.0
10920,14473,1.0
10921,14474,5.0
10922,14475,1.0
10923,14476,1.0
10924,14477,13.0
10925,14478,23.0
10925,14479,2.0
10925,14480,14.0
10926,14481,1.0
10927,14482,3.0
10928,14483,2.0
10928,14484,19.0
10929,14485,2.0
10929,14486,19.0
10930,14487,13.0
10931,14488,17.0
10932,14489,2.0
10932,14490,19.0
10933,14491,3.0
10934,14492,3.0
10935,14493,1.0
10936,14494,1.0
10937,14495,1.0
10937,14496,3.0
10937,14497,24.0
10937,14498,5.0
10938,14499,1.0
10939,14500,3.0
10940,14501,14.0
10941,14502,1.0
10942,14503,5.0
10943,14504,1.0
10944,14505,16.0
10944,14506,1.0
10945,14507,16.0
10945,14508,8.0
10945,14509,15.0
10945,14510,5.0
10946,14511,16.0
10946,14512,7.0
10946,14513,3.0
10946,14514,25.0
10947,14515,1.0
10947,14516,3.0
10948,14517,1.0
10948,14518,24.0
10949,14519,2.0
10949,14520,19.0
10950,14521,14.0
10951,14522,1.0
10951,14523,4.0
10952,14524,1.0
10952,14525,4.0
10953,14526,2.0
10953,14527,19.0
10954,14528,17.0
10955,14529,3.0
10956,14530,1.0
10956,14531,2.0
10957,14532,1.0
10958,14533,14.0
10959,14534,16.0
10959,14535,22.0
10959,14536,25.0
10959,14537,15.0
10960,14538,5.0
10961,14539,13.0
10962,14540,13.0
10962,14541,2.0
10962,14542,6.0
10963,14543,5.0
10964,14544,1.0
10965,14545,1.0
10965,14546,18.0
10966,14547,
10967,14548,5.0
10968,14549,14.0
10969,14550,1.0
10969,14551,3.0
10969,14552,4.0
10970,14553,1.0
10971,14554,1.0
10972,14555,3.0
10973,14556,13.0
10973,14557,2.0
10973,14558,6.0
10974,14559,14.0
10975,14560,5.0
10976,14561,3.0
10977,14562,5.0
10978,14563,8.0
10978,14564,5.0
10979,14565,1.0
10979,14566,4.0
10979,14567,24.0
10980,14568,1.0
10981,14569,3.0
10982,14570,5.0
10983,14571,2.0
10983,14572,14.0
10984,14573,5.0
10985,14574,1.0
10986,14575,2.0
10986,14576,19.0
10987,14577,8.0
10987,14578,9.0
10987,14579,24.0
10987,14580,5.0
10988,14581,13.0
10988,14582,24.0
10988,14583,21.0
10989,14584,5.0
10990,14585,1.0
10990,14586,3.0
10990,14587,4.0
10991,14588,16.0
10992,14589,1.0
10992,14590,24.0
10992,14591,15.0
10993,14592,16.0
10994,14593,14.0
10995,14594,
10996,14595,5.0
10997,14596,3.0
10998,14597,1.0
10999,14598,26.0
11000,14599,23.0
11000,14600,7.0
11000,14601,3.0
11000,14602,25.0
11000,14603,15.0
11001,14604,1.0
11001,14605,5.0
11002,14606,1.0
11002,14607,2.0
11002,14608,6.0
11003,14609,5.0
11004,14610,1.0
11005,14611,13.0
11006,14612,1.0
11007,14613,14.0
11008,14614,2.0
11008,14615,19.0
11009,14616,14.0
11010,14617,13.0
11011,14618,1.0
11012,14619,14.0
11013,14620,3.0
11014,14621,1.0
11015,14622,13.0
11016,14623,2.0
11016,14624,19.0
11017,14625,14.0
11018,14626,13.0
11019,14627,3.0
11020,14628,16.0
11021,14629,13.0
11022,14630,1.0
11022,14631,22.0
11022,14632,2.0
11022,14633,14.0
11022,14634,6.0
11023,14635,1.0
11024,14636,3.0
11025,14637,13.0
11025,14638,16.0
11025,14639,1.0
11025,14640,2.0
11025,14641,7.0
11025,14642,6.0
11026,14643,1.0
11027,14644,17.0
11028,14645,1.0
11028,14646,2.0
11028,14647,14.0
11029,14648,3.0
11030,14649,16.0
11031,14650,2.0
11031,14651,19.0
11032,14652,1.0
11033,14653,23.0
11033,14654,1.0
11033,14655,2.0
11033,14656,12.0
11034,14657,26.0
11035,14658,14.0
11035,14659,3.0
11036,14660,14.0
11037,14661,5.0
11038,14662,1.0
11039,14663,16.0
11040,14664,3.0
11041,14665,1.0
11042,14666,1.0
11043,14667,1.0
11044,14668,17.0
11045,14669,
11046,14670,5.0
11047,14671,3.0
11048,14672,1.0
11049,14673,1.0
11050,14674,2.0
11050,14675,19.0
11051,14676,10.0
11051,14677,11.0
11052,14678,3.0
11053,14679,
11054,14680,1.0
11055,14681,
11056,14682,1.0
11057,14683,3.0
11058,14684,21.0
11059,14685,1.0
11060,14686,1.0
11060,14687,3.0
11061,14688,10.0
11061,14689,11.0
11062,14690,3.0
11063,14691,1.0
11064,14692,1.0
11065,14693,3.0
11066,14694,5.0
11067,14695,5.0
11068,14696,1.0
11068,14697,2.0
11069,14698,16.0
11070,14699,5.0
11071,14700,3.0
11072,14701,3.0
11073,14702,3.0
11074,14703,1.0
11075,14704,10.0
11075,14705,11.0
11076,14706,14.0
11077,14707,3.0
11078,14708,13.0
11079,14709,1.0
11080,14710,
11081,14711,1.0
11082,14712,16.0
11083,14713,2.0
11083,14714,19.0
11084,14715,1.0
11085,14716,2.0
11085,14717,19.0
11086,14718,3.0
11087,14719,5.0
11088,14720,1.0
11089,14721,14.0
11090,14722,5.0
11091,14723,17.0
11092,14724,26.0
11093,14725,5.0
11094,14726,1.0
11095,14727,3.0
11096,14728,2.0
11097,14729,1.0
11097,14730,4.0
11097,14731,24.0
11098,14732,2.0
11098,14733,19.0
11099,14734,5.0
11100,14735,16.0
11101,14736,5.0
11102,14737,10.0
11102,14738,11.0
11103,14739,1.0
11104,14740,5.0
11105,14741,
11106,14742,5.0
11107,14743,1.0
11108,14744,
11109,14745,
11110,14746,3.0
11111,14747,16.0
11112,14748,10.0
11112,14749,11.0
11113,14750,14.0
11114,14751,1.0
11115,14752,1.0
11116,14753,14.0
11117,14754,16.0
11118,14755,1.0
11119,14756,1.0
11120,14757,3.0
11121,14758,5.0
11122,14759,13.0
11122,14760,16.0
11122,14761,23.0
11123,14762,1.0
11124,14763,13.0
11124,14764,16.0
11124,14765,4.0
11125,14766,1.0
11126,14767,13.0
11127,14768,13.0
11128,14769,1.0
11129,14770,1.0
11130,14771,14.0
11131,14772,1.0
11131,14773,3.0
11132,14774,16.0
11133,14775,13.0
11133,14776,1.0
11133,14777,18.0
11134,14778,3.0
11135,14779,8.0
11135,14780,18.0
11135,14781,5.0
11136,14782,1.0
11136,14783,2.0
11137,14784,1.0
11137,14785,3.0
11138,14786,1.0
11139,14787,2.0
11139,14788,19.0
11140,14789,5.0
11141,14790,3.0
11142,14791,1.0
11143,14792,1.0
11144,14793,1.0
11145,14794,
11146,14795,1.0
11146,14796,24.0
11146,14797,5.0
11147,14798,5.0
11148,14799,5.0
11149,14800,16.0
11150,14801,13.0
11151,14802,14.0
11152,14803,5.0
11153,14804,16.0
11154,14805,1.0
11155,14806,13.0
11156,14807,3.0
11157,14808,1.0
11158,14809,3.0
11159,14810,14.0
11160,14811,23.0
11160,14812,1.0
11160,14813,7.0
11161,14814,16.0
11161,14815,1.0
11161,14816,2.0
11161,14817,5.0
11162,14818,
11163,14819,13.0
11163,14820,16.0
11163,14821,2.0
11164,14822,1.0
11165,14823,1.0
11166,14824,13.0
11166,14825,3.0
11167,14826,1.0
11167,14827,7.0
11167,14828,14.0
11167,14829,3.0
11167,14830,4.0
11168,14831,17.0
11169,14832,1.0
11169,14833,2.0
11169,14834,6.0
11170,14835,2.0
11170,14836,19.0
11171,14837,1.0
11171,14838,3.0
11172,14839,1.0
11172,14840,2.0
11173,14841,18.0
11173,14842,5.0
11174,14843,5.0
11175,14844,5.0
11175,14845,28.0
11176,14846,14.0
11177,14847,17.0
11178,14848,16.0
11179,14849,1.0
11179,14850,18.0
11179,14851,5.0
11180,14852,13.0
11180,14853,23.0
11180,14854,2.0
11181,14855,1.0
11182,14856,1.0
11183,14857,8.0
11183,14858,1.0
11183,14859,5.0
11183,14860,28.0
11184,14861,3.0
11185,14862,1.0
11186,14863,3.0
11187,14864,5.0
11188,14865,1.0
11188,14866,2.0
11188,14867,6.0
11189,14868,1.0
11190,14869,3.0
11191,14870,1.0
11192,14871,2.0
11192,14872,19.0
11193,14873,1.0
11194,14874,
11195,14875,15.0
11196,14876,1.0
11197,14877,16.0
11198,14878,13.0
11199,14879,1.0
11200,14880,23.0
11200,14881,1.0
11200,14882,2.0
11201,14883,5.0
11202,14884,1.0
11203,14885,2.0
11203,14886,19.0
11204,14887,17.0
11205,14888,3.0
11206,14889,26.0
11207,14890,5.0
11208,14891,1.0
11208,14892,2.0
11209,14893,13.0
11209,14894,16.0
11209,14895,8.0
11209,14896,1.0
11209,14897,9.0
11210,14898,5.0
11211,14899,16.0
11212,14900,23.0
11212,14901,1.0
11212,14902,7.0
11212,14903,4.0
11213,14904,3.0
11214,14905,5.0
11215,14906,2.0
11215,14907,14.0
11216,14908,3.0
11217,14909,13.0
11218,14910,13.0
11218,14911,2.0
11219,14912,1.0
11220,14913,16.0
11221,14914,16.0
11222,14915,1.0
11223,14916,1.0
11224,14917,1.0
11224,14918,2.0
11225,14919,1.0
11226,14920,13.0
11226,14921,16.0
11227,14922,1.0
11228,14923,2.0
11229,14924,5.0
11230,14925,1.0
11231,14926,17.0
11232,14927,2.0
11232,14928,19.0
11233,14929,
11234,14930,1.0
11234,14931,4.0
11235,14932,17.0
11236,14933,1.0
11237,14934,26.0
11238,14935,16.0
11239,14936,5.0
11240,14937,10.0
11240,14938,11.0
11241,14939,
11242,14940,14.0
11243,14941,16.0
11244,14942,1.0
11245,14943,5.0
11246,14944,1.0
11247,14945,1.0
11248,14946,2.0
11248,14947,19.0
11249,14948,
11250,14949,1.0
11251,14950,5.0
11252,14951,1.0
11253,14952,2.0
11253,14953,19.0
11254,14954,16.0
11255,14955,2.0
11255,14956,19.0
11256,14957,3.0
11256,14958,4.0
11257,14959,2.0
11258,14960,2.0
11258,14961,19.0
11259,14962,10.0
11259,14963,11.0
11260,14964,1.0
11261,14965,14.0
11262,14966,3.0
11263,14967,8.0
11263,14968,1.0
11264,14969,1.0
11265,14970,5.0
11266,14971,1.0
11267,14972,2.0
11267,14973,19.0
11268,14974,1.0
11269,14975,17.0
11270,14976,1.0
11271,14977,1.0
11272,14978,1.0
11272,14979,24.0
11273,14980,2.0
11273,14981,19.0
11274,14982,14.0
11275,14983,5.0
11276,14984,1.0
11277,14985,14.0
11278,14986,1.0
11279,14987,3.0
11280,14988,5.0
11281,14989,1.0
11282,14990,1.0
11283,14991,1.0
11284,14992,2.0
11284,14993,19.0
11285,14994,3.0
11286,14995,1.0
11287,14996,2.0
11287,14997,19.0
11288,14998,5.0
11289,14999,3.0
11290,15000,1.0
11291,15001,14.0
11292,15002,16.0
11293,15003,
11294,15004,
11295,15005,3.0
11296,15006,13.0
11296,15007,2.0
11296,15008,14.0
11297,15009,13.0
11298,15010,5.0
11299,15011,2.0
11299,15012,19.0
11300,15013,7.0
11300,15014,3.0
11300,15015,25.0
11300,15016,15.0
11301,15017,5.0
11302,15018,1.0
11303,15019,3.0
11304,15020,1.0
11305,15021,3.0
11306,15022,21.0
11307,15023,7.0
11307,15024,4.0
11307,15025,15.0
11307,15026,21.0
11308,15027,1.0
11309,15028,1.0
11310,15029,3.0
11311,15030,8.0
11311,15031,1.0
11311,15032,9.0
11311,15033,5.0
11312,15034,14.0
11313,15035,2.0
11313,15036,19.0
11314,15037,14.0
11315,15038,1.0
11315,15039,2.0
11315,15040,6.0
11316,15041,5.0
11317,15042,2.0
11317,15043,19.0
11318,15044,1.0
11319,15045,3.0
11320,15046,5.0
11321,15047,3.0
11322,15048,1.0
11323,15049,3.0
11324,15050,21.0
11325,15051,1.0
11326,15052,1.0
11326,15053,3.0
11327,15054,17.0
11328,15055,1.0
11328,15056,21.0
11328,15057,5.0
11329,15058,3.0
11330,15059,4.0
11331,15060,1.0
11332,15061,5.0
11333,15062,13.0
11333,15063,16.0
11333,15064,1.0
11333,15065,3.0
11333,15066,6.0
11334,15067,4.0
11334,15068,24.0
11334,15069,5.0
11335,15070,16.0
11336,15071,5.0
11337,15072,13.0
11338,15073,2.0
11339,15074,5.0
11340,15075,13.0
11340,15076,2.0
11341,15077,5.0
11342,15078,1.0
11342,15079,4.0
11343,15080,1.0
11344,15081,5.0
11345,15082,3.0
11346,15083,1.0
11347,15084,1.0
11348,15085,5.0
11349,15086,17.0
11350,15087,10.0
11350,15088,11.0
11351,15089,1.0
11352,15090,2.0
11352,15091,19.0
11353,15092,8.0
11353,15093,1.0
11353,15094,15.0
11353,15095,5.0
11354,15096,1.0
11355,15097,1.0
11355,15098,15.0
11356,15099,8.0
11356,15100,1.0
11356,15101,24.0
11357,15102,8.0
11357,15103,9.0
11357,15104,24.0
11357,15105,5.0
11358,15106,1.0
11358,15107,2.0
11358,15108,6.0
11359,15109,23.0
11359,15110,2.0
11359,15111,14.0
11360,15112,1.0
11361,15113,1.0
11361,15114,5.0
11362,15115,5.0
11363,15116,1.0
11364,15117,1.0
11365,15118,1.0
11366,15119,2.0
11366,15120,14.0
11367,15121,8.0
11367,15122,5.0
11367,15123,28.0
11368,15124,5.0
11369,15125,5.0
11370,15126,2.0
11370,15127,19.0
11371,15128,26.0
11372,15129,1.0
11373,15130,1.0
11374,15131,22.0
11374,15132,2.0
11374,15133,4.0
11375,15134,15.0
11375,15135,5.0
11376,15136,5.0
11377,15137,
11378,15138,1.0
11378,15139,6.0
11379,15140,1.0
11380,15141,5.0
11381,15142,1.0
11382,15143,3.0
11383,15144,1.0
11384,15145,1.0
11385,15146,1.0
11386,15147,1.0
11387,15148,3.0
11388,15149,3.0
11389,15150,1.0
11390,15151,1.0
11391,15152,23.0
11391,15153,1.0
11391,15154,3.0
11391,15155,6.0
11392,15156,
11393,15157,1.0
11394,15158,3.0
11395,15159,3.0
11396,15160,5.0
11397,15161,1.0
11398,15162,1.0
11398,15163,2.0
11398,15164,6.0
11399,15165,1.0
11399,15166,9.0
11399,15167,5.0
11399,15168,28.0
11400,15169,3.0
11401,15170,1.0
11402,15171,1.0
11403,15172,14.0
11404,15173,16.0
11405,15174,1.0
11405,15175,7.0
11405,15176,3.0
11406,15177,2.0
11406,15178,19.0
11407,15179,5.0
11408,15180,13.0
11408,15181,16.0
11408,15182,2.0
11409,15183,16.0
11410,15184,2.0
11411,15185,16.0
11412,15186,3.0
11413,15187,5.0
11414,15188,3.0
11415,15189,16.0
11416,15190,1.0
11417,15191,2.0
11417,15192,19.0
11418,15193,
11419,15194,2.0
11419,15195,19.0
11420,15196,3.0
11421,15197,3.0
11422,15198,1.0
11423,15199,13.0
11423,15200,3.0
11423,15201,6.0
11424,15202,16.0
11425,15203,1.0
11425,15204,22.0
11425,15205,2.0
11426,15206,
11427,15207,10.0
11427,15208,11.0
11428,15209,1.0
11429,15210,1.0
11430,15211,2.0
11430,15212,19.0
11431,15213,1.0
11432,15214,5.0
11433,15215,5.0
11434,15216,1.0
11435,15217,3.0
11436,15218,1.0
11437,15219,17.0
11438,15220,1.0
11439,15221,1.0
11439,15222,12.0
11440,15223,1.0
11441,15224,8.0
11441,15225,24.0
11441,15226,5.0
11442,15227,2.0
11442,15228,19.0
11443,15229,1.0
11444,15230,5.0
11445,15231,1.0
11445,15232,3.0
11445,15233,4.0
11446,15234,1.0
11447,15235,3.0
11448,15236,1.0
11449,15237,3.0
11450,15238,14.0
11451,15239,1.0
11451,15240,2.0
11451,15241,12.0
11452,15242,1.0
11453,15243,17.0
11454,15244,1.0
11455,15245,3.0
11456,15246,23.0
11456,15247,1.0
11457,15248,5.0
11458,15249,1.0
11459,15250,1.0
11460,15251,3.0
11461,15252,2.0
11461,15253,19.0
11462,15254,16.0
11463,15255,13.0
11464,15256,8.0
11464,15257,5.0
11465,15258,3.0
11466,15259,10.0
11466,15260,11.0
11467,15261,16.0
11468,15262,
11469,15263,1.0
11470,15264,1.0
11470,15265,22.0
11471,15266,3.0
11472,15267,1.0
11473,15268,2.0
11474,15269,3.0
11475,15270,5.0
11476,15271,16.0
11477,15272,5.0
11478,15273,10.0
11478,15274,11.0
11479,15275,1.0
11480,15276,10.0
11480,15277,11.0
11481,15278,1.0
11482,15279,14.0
11483,15280,16.0
11484,15281,20.0
11485,15282,5.0
11486,15283,1.0
11487,15284,13.0
11487,15285,16.0
11487,15286,8.0
11487,15287,1.0
11487,15288,9.0
11488,15289,13.0
11489,15290,1.0
11490,15291,1.0
11491,15292,3.0
11492,15293,1.0
11493,15294,16.0
11494,15295,1.0
11494,15296,2.0
11494,15297,3.0
11494,15298,4.0
11495,15299,
11496,15300,1.0
11497,15301,1.0
11498,15302,
11499,15303,1.0
11499,15304,14.0
11500,15305,1.0
11501,15306,3.0
11502,15307,1.0
11502,15308,12.0
11503,15309,10.0
11503,15310,11.0
11504,15311,1.0
11505,15312,17.0
11506,15313,1.0
11507,15314,1.0
11508,15315,1.0
11509,15316,16.0
11510,15317,1.0
11511,15318,3.0
11512,15319,14.0
11513,15320,5.0
11514,15321,1.0
11515,15322,3.0
11516,15323,1.0
11516,15324,4.0
11517,15325,8.0
11517,15326,1.0
11517,15327,12.0
11517,15328,25.0
11518,15329,13.0
11518,15330,1.0
11518,15331,2.0
11518,15332,7.0
11518,15333,6.0
11519,15334,1.0
11519,15335,9.0
11519,15336,2.0
11519,15337,12.0
11520,15338,1.0
11520,15339,4.0
11521,15340,1.0
11521,15341,3.0
11521,15342,4.0
11521,15343,15.0
11522,15344,7.0
11522,15345,3.0
11522,15346,15.0
11523,15347,3.0
11523,15348,4.0
11524,15349,1.0
11525,15350,1.0
11525,15351,22.0
11525,15352,7.0
11525,15353,4.0
11526,15354,1.0
11526,15355,2.0
11527,15356,16.0
11527,15357,7.0
11527,15358,3.0
11527,15359,25.0
11527,15360,15.0
11528,15361,2.0
11528,15362,19.0
11529,15363,2.0
11529,15364,19.0
11530,15365,1.0
11530,15366,18.0
11531,15367,1.0
11532,15368,9.0
11532,15369,5.0
11533,15370,1.0
11534,15371,
11535,15372,14.0
11536,15373,13.0
11536,15374,23.0
11536,15375,1.0
11537,15376,24.0
11537,15377,5.0
11538,15378,17.0
11539,15379,1.0
11540,15380,5.0
11541,15381,20.0
11542,15382,2.0
11543,15383,26.0
11544,15384,1.0
11545,15385,14.0
11546,15386,3.0
11547,15387,13.0
11547,15388,9.0
11547,15389,12.0
11547,15390,5.0
11548,15391,13.0
11549,15392,5.0
11550,15393,16.0
11551,15394,
11552,15395,1.0
11553,15396,1.0
11554,15397,3.0
11555,15398,2.0
11555,15399,19.0
11556,15400,1.0
11557,15401,13.0
11557,15402,16.0
11557,15403,23.0
11558,15404,17.0
11559,15405,1.0
11559,15406,20.0
11560,15407,3.0
11561,15408,1.0
11562,15409,2.0
11562,15410,19.0
11563,15411,1.0
11563,15412,3.0
11563,15413,4.0
11564,15414,1.0
11565,15415,13.0
11565,15416,23.0
11565,15417,2.0
11566,15418,13.0
11567,15419,2.0
11568,15420,1.0
11568,15421,3.0
11569,15422,13.0
11570,15423,14.0
11571,15424,5.0
11572,15425,3.0
11573,15426,2.0
11573,15427,14.0
11574,15428,3.0
11574,15429,5.0
11575,15430,1.0
11576,15431,17.0
11577,15432,1.0
11578,15433,1.0
11579,15434,1.0
11580,15435,5.0
11581,15436,9.0
11581,15437,5.0
11581,15438,28.0
11582,15439,17.0
11583,15440,5.0
11584,15441,5.0
11585,15442,5.0
11586,15443,2.0
11586,15444,19.0
11587,15445,14.0
11587,15446,3.0
11588,15447,8.0
11588,15448,5.0
11589,15449,3.0
11590,15450,1.0
11591,15451,9.0
11591,15452,5.0
11592,15453,8.0
11592,15454,9.0
11592,15455,24.0
11592,15456,5.0
11593,15457,26.0
11594,15458,14.0
11595,15459,1.0
11596,15460,5.0
11597,15461,13.0
11598,15462,2.0
11598,15463,19.0
11599,15464,13.0
11600,15465,13.0
11600,15466,23.0
11600,15467,2.0
11601,15468,1.0
11602,15469,2.0
11602,15470,19.0
11603,15471,3.0
11604,15472,5.0
11605,15473,5.0
11606,15474,1.0
11607,15475,3.0
11608,15476,23.0
11608,15477,2.0
11608,15478,14.0
11608,15479,3.0
11609,15480,1.0
11610,15481,2.0
11610,15482,19.0
11611,15483,16.0
11612,15484,1.0
11612,15485,5.0
11613,15486,16.0
11614,15487,5.0
11615,15488,2.0
11615,15489,19.0
11616,15490,3.0
11617,15491,13.0
11618,15492,13.0
11618,15493,16.0
11618,15494,22.0
11618,15495,2.0
11619,15496,5.0
11620,15497,10.0
11620,15498,11.0
11621,15499,5.0
11622,15500,8.0
11622,15501,1.0
11622,15502,3.0
11622,15503,21.0
11623,15504,1.0
11623,15505,3.0
11623,15506,4.0
11624,15507,5.0
11625,15508,13.0
11626,15509,
11627,15510,16.0
11628,15511,1.0
11628,15512,3.0
11629,15513,
11630,15514,2.0
11630,15515,19.0
11631,15516,
11632,15517,1.0
11633,15518,1.0
11634,15519,16.0
11635,15520,3.0
11636,15521,
11637,15522,3.0
11638,15523,5.0
11639,15524,1.0
11639,15525,22.0
11639,15526,2.0
11639,15527,6.0
11640,15528,1.0
11640,15529,22.0
11640,15530,2.0
11641,15531,1.0
11642,15532,17.0
11643,15533,
11644,15534,16.0
11645,15535,13.0
11646,15536,1.0
11646,15537,4.0
11647,15538,10.0
11647,15539,11.0
11648,15540,3.0
11649,15541,13.0
11650,15542,1.0
11651,15543,1.0
11652,15544,2.0
11652,15545,19.0
11653,15546,1.0
11654,15547,1.0
11655,15548,1.0
11656,15549,3.0
11657,15550,17.0
11658,15551,3.0
11658,15552,4.0
11659,15553,3.0
11660,15554,1.0
11661,15555,1.0
11662,15556,2.0
11662,15557,19.0
11663,15558,17.0
11664,15559,1.0
11665,15560,
11666,15561,3.0
11667,15562,3.0
11668,15563,1.0
11669,15564,2.0
11669,15565,19.0
11670,15566,10.0
11670,15567,11.0
11671,15568,13.0
11671,15569,16.0
11671,15570,23.0
11671,15571,22.0
11671,15572,2.0
11671,15573,4.0
11672,15574,1.0
11673,15575,1.0
11674,15576,13.0
11674,15577,1.0
11674,15578,9.0
11674,15579,2.0
11674,15580,14.0
11674,15581,4.0
11674,15582,12.0
11675,15583,14.0
11676,15584,14.0
11677,15585,2.0
11678,15586,5.0
11679,15587,13.0
11679,15588,2.0
11679,15589,6.0
11680,15590,5.0
11681,15591,5.0
11682,15592,3.0
11683,15593,14.0
11684,15594,
11685,15595,5.0
11686,15596,3.0
11687,15597,14.0
11688,15598,1.0
11689,15599,5.0
11690,15600,14.0
11691,15601,10.0
11691,15602,11.0
11692,15603,13.0
11693,15604,3.0
11694,15605,5.0
11695,15606,2.0
11695,15607,19.0
11696,15608,3.0
11697,15609,5.0
11698,15610,3.0
11699,15611,16.0
11700,15612,
11701,15613,3.0
11702,15614,
11703,15615,13.0
11704,15616,14.0
11705,15617,3.0
11706,15618,5.0
11707,15619,
11708,15620,2.0
11708,15621,19.0
11709,15622,5.0
11710,15623,3.0
11711,15624,2.0
11711,15625,19.0
11712,15626,3.0
11713,15627,1.0
11714,15628,1.0
11715,15629,3.0
11716,15630,1.0
11717,15631,1.0
11718,15632,5.0
11719,15633,1.0
11720,15634,1.0
11721,15635,14.0
11722,15636,1.0
11722,15637,6.0
11723,15638,5.0
11724,15639,13.0
11725,15640,1.0
11726,15641,1.0
11726,15642,3.0
11726,15643,4.0
11727,15644,1.0
11728,15645,1.0
11728,15646,22.0
11729,15647,3.0
11730,15648,16.0
11730,15649,7.0
11730,15650,3.0
11730,15651,4.0
11730,15652,25.0
11731,15653,13.0
11732,15654,2.0
11732,15655,19.0
11733,15656,1.0
11733,15657,2.0
11734,15658,23.0
11734,15659,1.0
11734,15660,2.0
11735,15661,1.0
11736,15662,2.0
11737,15663,5.0
11738,15664,1.0
11738,15665,4.0
11739,15666,1.0
11740,15667,
11741,15668,13.0
11741,15669,1.0
11741,15670,2.0
11741,15671,6.0
11742,15672,1.0
11743,15673,1.0
11744,15674,1.0
11744,15675,2.0
11744,15676,3.0
11744,15677,6.0
11745,15678,10.0
11745,15679,11.0
11746,15680,5.0
11747,15681,3.0
11748,15682,1.0
11749,15683,1.0
11750,15684,13.0
11750,15685,1.0
11750,15686,7.0
11751,15687,14.0
11752,15688,14.0
11753,15689,3.0
11754,15690,24.0
11754,15691,5.0
11755,15692,8.0
11755,15693,9.0
11755,15694,5.0
11755,15695,28.0
11756,15696,13.0
11757,15697,1.0
11757,15698,3.0
11758,15699,
11759,15700,10.0
11759,15701,11.0
11760,15702,13.0
11761,15703,14.0
11762,15704,5.0
11763,15705,1.0
11764,15706,24.0
11764,15707,5.0
11765,15708,1.0
11765,15709,3.0
11766,15710,2.0
11766,15711,14.0
11767,15712,1.0
11768,15713,16.0
11769,15714,17.0
11770,15715,5.0
11771,15716,1.0
11772,15717,5.0
11773,15718,1.0
11773,15719,3.0
11774,15720,1.0
11775,15721,13.0
11775,15722,1.0
11775,15723,22.0
11775,15724,2.0
11776,15725,16.0
11777,15726,14.0
11778,15727,10.0
11778,15728,11.0
11779,15729,10.0
11779,15730,11.0
11780,15731,1.0
11781,15732,23.0
11781,15733,1.0
11782,15734,1.0
11782,15735,3.0
11783,15736,14.0
11784,15737,5.0
11785,15738,13.0
11785,15739,1.0
11785,15740,7.0
11786,15741,1.0
11787,15742,16.0
11787,15743,3.0
11787,15744,25.0
11787,15745,15.0
11788,15746,10.0
11788,15747,11.0
11789,15748,3.0
11790,15749,13.0
11790,15750,23.0
11790,15751,2.0
11791,15752,1.0
11792,15753,3.0
11793,15754,5.0
11794,15755,13.0
11794,15756,2.0
11794,15757,14.0
11795,15758,1.0
11795,15759,3.0
11796,15760,23.0
11796,15761,1.0
11796,15762,7.0
11796,15763,3.0
11796,15764,4.0
11797,15765,5.0
11798,15766,1.0
11799,15767,13.0
11800,15768,24.0
11800,15769,5.0
11801,15770,8.0
11801,15771,9.0
11801,15772,5.0
11802,15773,5.0
11803,15774,16.0
11804,15775,13.0
11804,15776,1.0
11804,15777,3.0
11805,15778,1.0
11805,15779,3.0
11805,15780,4.0
11806,15781,13.0
11806,15782,6.0
11807,15783,3.0
11808,15784,1.0
11808,15785,3.0
11809,15786,1.0
11810,15787,1.0
11811,15788,5.0
11812,15789,1.0
11813,15790,1.0
11813,15791,9.0
11813,15792,5.0
11813,15793,28.0
11814,15794,2.0
11814,15795,14.0
11814,15796,3.0
11815,15797,1.0
11815,15798,22.0
11815,15799,2.0
11815,15800,6.0
11816,15801,9.0
11816,15802,5.0
11816,15803,28.0
11817,15804,13.0
11818,15805,1.0
11819,15806,13.0
11820,15807,5.0
11821,15808,16.0
11821,15809,7.0
11821,15810,14.0
11821,15811,3.0
11821,15812,25.0
11821,15813,15.0
11822,15814,1.0
11823,15815,3.0
11824,15816,16.0
11824,15817,3.0
11825,15818,13.0
11825,15819,1.0
11825,15820,2.0
11826,15821,3.0
11826,15822,15.0
11827,15823,5.0
11828,15824,2.0
11828,15825,19.0
11829,15826,1.0
11829,15827,3.0
11829,15828,4.0
11830,15829,1.0
11831,15830,2.0
11831,15831,19.0
11832,15832,23.0
11832,15833,3.0
11833,15834,1.0
11834,15835,8.0
11834,15836,24.0
11834,15837,5.0
11835,15838,13.0
11836,15839,5.0
11837,15840,26.0
11838,15841,3.0
11839,15842,3.0
11840,15843,1.0
11841,15844,1.0
11841,15845,4.0
11841,15846,24.0
11842,15847,3.0
11843,15848,8.0
11844,15849,14.0
11845,15850,14.0
11846,15851,8.0
11846,15852,9.0
11846,15853,24.0
11846,15854,5.0
11847,15855,1.0
11848,15856,1.0
11849,15857,2.0
11849,15858,19.0
11850,15859,2.0
11850,15860,6.0
11851,15861,1.0
11852,15862,3.0
11853,15863,16.0
11854,15864,1.0
11855,15865,3.0
11856,15866,1.0
11857,15867,1.0
11858,15868,16.0
11859,15869,1.0
11860,15870,1.0
11861,15871,2.0
11862,15872,25.0
11863,15873,3.0
11863,15874,12.0
11864,15875,2.0
11864,15876,19.0
11865,15877,1.0
11866,15878,5.0
11867,15879,3.0
11868,15880,2.0
11868,15881,19.0
11869,15882,1.0
11870,15883,3.0
11871,15884,13.0
11872,15885,5.0
11873,15886,3.0
11874,15887,13.0
11875,15888,1.0
11876,15889,3.0
11877,15890,1.0
11878,15891,10.0
11878,15892,11.0
11879,15893,27.0
11880,15894,10.0
11880,15895,11.0
11881,15896,1.0
11882,15897,3.0
11883,15898,1.0
11884,15899,13.0
11885,15900,1.0
11886,15901,16.0
11887,15902,3.0
11888,15903,16.0
11889,15904,1.0
11890,15905,2.0
11890,15906,19.0
11891,15907,17.0
11892,15908,8.0
11892,15909,1.0
11893,15910,1.0
11894,15911,1.0
11894,15912,22.0
11894,15913,2.0
11895,15914,1.0
11896,15915,1.0
11897,15916,1.0
11898,15917,3.0
11899,15918,16.0
11900,15919,1.0
11901,15920,14.0
11902,15921,17.0
11903,15922,1.0
11904,15923,5.0
11905,15924,5.0
11906,15925,3.0
11907,15926,17.0
11908,15927,1.0
11909,15928,1.0
11910,15929,1.0
11911,15930,8.0
11911,15931,1.0
11911,15932,9.0
11912,15933,1.0
11913,15934,5.0
11914,15935,5.0
11915,15936,3.0
11916,15937,1.0
11917,15938,1.0
11917,15939,3.0
11918,15940,2.0
11918,15941,19.0
11919,15942,1.0
11919,15943,7.0
11920,15944,5.0
11921,15945,1.0
11922,15946,5.0
11923,15947,3.0
11924,15948,2.0
11924,15949,19.0
11925,15950,1.0
11926,15951,1.0
11927,15952,1.0
11928,15953,17.0
11929,15954,3.0
11930,15955,10.0
11930,15956,11.0
11931,15957,1.0
11931,15958,2.0
11932,15959,5.0
11933,15960,8.0
11933,15961,1.0
11933,15962,9.0
11933,15963,4.0
11933,15964,24.0
11934,15965,
11935,15966,1.0
11936,15967,1.0
11937,15968,1.0
11938,15969,3.0
11939,15970,13.0
11939,15971,16.0
11939,15972,2.0
11939,15973,6.0
11940,15974,1.0
11941,15975,1.0
11941,15976,3.0
11941,15977,4.0
11942,15978,1.0
11943,15979,21.0
11944,15980,1.0
11945,15981,16.0
11946,15982,1.0
11947,15983,1.0
11947,15984,7.0
11948,15985,1.0
11949,15986,8.0
11949,15987,1.0
11950,15988,17.0
11951,15989,1.0
11951,15990,9.0
11951,15991,12.0
11952,15992,5.0
11953,15993,16.0
11953,15994,7.0
11953,15995,3.0
11953,15996,25.0
11953,15997,15.0
11954,15998,
11955,15999,5.0
11956,16000,1.0
11957,16001,
11958,16002,13.0
11958,16003,8.0
11959,16004,13.0
11959,16005,2.0
11960,16006,3.0
11961,16007,5.0
11962,16008,14.0
11963,16009,1.0
11964,16010,17.0
11965,16011,13.0
11965,16012,2.0
11966,16013,1.0
11967,16014,24.0
11967,16015,5.0
11968,16016,2.0
11968,16017,19.0
11969,16018,5.0
11970,16019,1.0
11971,16020,16.0
11972,16021,1.0
11973,16022,3.0
11974,16023,5.0
11975,16024,3.0
11976,16025,14.0
11977,16026,10.0
11977,16027,11.0
11978,16028,3.0
11979,16029,1.0
11980,16030,2.0
11981,16031,13.0
11982,16032,5.0
11983,16033,5.0
11984,16034,1.0
11984,16035,2.0
11985,16036,1.0
11986,16037,5.0
11987,16038,3.0
11988,16039,1.0
11989,16040,1.0
11990,16041,1.0
11991,16042,3.0
11992,16043,16.0
11992,16044,3.0
11993,16045,1.0
11994,16046,3.0
11995,16047,1.0
11995,16048,3.0
11995,16049,4.0
11996,16050,1.0
11997,16051,1.0
11997,16052,4.0
11997,16053,24.0
11998,16054,8.0
11998,16055,18.0
11998,16056,12.0
11998,16057,5.0
11999,16058,13.0
11999,16059,23.0
11999,16060,1.0
11999,16061,2.0
12000,16062,5.0
12001,16063,17.0
12002,16064,14.0
12003,16065,1.0
12003,16066,2.0
12004,16067,1.0
12004,16068,9.0
12004,16069,15.0
12005,16070,22.0
12005,16071,2.0
12006,16072,1.0
12006,16073,3.0
12006,16074,4.0
12007,16075,1.0
12008,16076,8.0
12008,16077,9.0
12008,16078,2.0
12008,16079,6.0
12009,16080,1.0
12010,16081,10.0
12010,16082,11.0
12011,16083,14.0
12012,16084,13.0
12012,16085,16.0
12012,16086,1.0
12012,16087,22.0
12012,16088,7.0
12012,16089,4.0
12013,16090,1.0
12014,16091,1.0
12015,16092,13.0
12015,16093,8.0
12015,16094,1.0
12015,16095,5.0
12016,16096,5.0
12017,16097,2.0
12017,16098,19.0
12018,16099,13.0
12018,16100,2.0
12018,16101,3.0
12018,16102,6.0
12019,16103,5.0
12020,16104,8.0
12020,16105,1.0
12021,16106,
12022,16107,1.0
12023,16108,5.0
12024,16109,7.0
12024,16110,3.0
12024,16111,4.0
12025,16112,5.0
12026,16113,5.0
12027,16114,1.0
12027,16115,5.0
12028,16116,13.0
12029,16117,5.0
12030,16118,16.0
12031,16119,
12032,16120,5.0
12033,16121,13.0
12034,16122,1.0
12035,16123,5.0
12036,16124,13.0
12037,16125,3.0
12037,16126,4.0
12038,16127,1.0
12039,16128,24.0
12039,16129,5.0
12040,16130,5.0
12041,16131,1.0
12041,16132,4.0
12042,16133,27.0
12043,16134,3.0
12044,16135,2.0
12044,16136,19.0
12045,16137,
12046,16138,1.0
12047,16139,1.0
12048,16140,13.0
12048,16141,16.0
12048,16142,1.0
12048,16143,2.0
12048,16144,6.0
12049,16145,17.0
12050,16146,5.0
12051,16147,5.0
12052,16148,13.0
12052,16149,16.0
12053,16150,5.0
12054,16151,1.0
12055,16152,1.0
12056,16153,
12057,16154,2.0
12057,16155,19.0
12058,16156,1.0
12058,16157,3.0
12058,16158,4.0
12059,16159,17.0
12060,16160,
12061,16161,10.0
12061,16162,11.0
12062,16163,13.0
12062,16164,16.0
12062,16165,2.0
12062,16166,6.0
12063,16167,16.0
12064,16168,1.0
12064,16169,3.0
12065,16170,16.0
12066,16171,16.0
12067,16172,2.0
12067,16173,14.0
12068,16174,8.0
12068,16175,9.0
12068,16176,5.0
12068,16177,28.0
12069,16178,2.0
12069,16179,19.0
12070,16180,3.0
12071,16181,14.0
12072,16182,1.0
12073,16183,5.0
12074,16184,8.0
12074,16185,1.0
12074,16186,24.0
12074,16187,21.0
12075,16188,1.0
12076,16189,17.0
12077,16190,23.0
12077,16191,22.0
12077,16192,2.0
12077,16193,14.0
12077,16194,3.0
12078,16195,3.0
12079,16196,14.0
12080,16197,16.0
12081,16198,1.0
12082,16199,5.0
12083,16200,3.0
12084,16201,10.0
12084,16202,11.0
12085,16203,5.0
12086,16204,1.0
12087,16205,13.0
12087,16206,1.0
12087,16207,2.0
12087,16208,6.0
12088,16209,1.0
12089,16210,1.0
12090,16211,1.0
12091,16212,3.0
12092,16213,1.0
12093,16214,10.0
12093,16215,11.0
12094,16216,10.0
12094,16217,11.0
12095,16218,16.0
12096,16219,1.0
12096,16220,22.0
12096,16221,2.0
12097,16222,10.0
12097,16223,11.0
12098,16224,1.0
12099,16225,5.0
12100,16226,1.0
12101,16227,13.0
12102,16228,14.0
12103,16229,1.0
12104,16230,3.0
12104,16231,4.0
12105,16232,3.0
12106,16233,3.0
12107,16234,3.0
12108,16235,13.0
12109,16236,5.0
12110,16237,1.0
12111,16238,5.0
12112,16239,1.0
12113,16240,10.0
12113,16241,11.0
12114,16242,1.0
12114,16243,3.0
12114,16244,4.0
12115,16245,13.0
12115,16246,8.0
12115,16247,1.0
12115,16248,2.0
12115,16249,6.0
12115,16250,24.0
12116,16251,1.0
12117,16252,1.0
12118,16253,2.0
12118,16254,19.0
12119,16255,2.0
12119,16256,19.0
12120,16257,3.0
12121,16258,3.0
12122,16259,13.0
12123,16260,5.0
12124,16261,1.0
12125,16262,13.0
12126,16263,2.0
12126,16264,19.0
12127,16265,16.0
12128,16266,5.0
12129,16267,1.0
12129,16268,3.0
12130,16269,5.0
12131,16270,2.0
12131,16271,19.0
12132,16272,1.0
12133,16273,1.0
12134,16274,5.0
12135,16275,
12136,16276,8.0
12136,16277,18.0
12136,16278,12.0
12136,16279,5.0
12137,16280,1.0
12137,16281,3.0
12138,16282,1.0
12139,16283,13.0
12139,16284,16.0
12139,16285,2.0
12140,16286,3.0
12141,16287,
12142,16288,1.0
12143,16289,1.0
12143,16290,3.0
12143,16291,6.0
12143,16292,24.0
12144,16293,5.0
12145,16294,21.0
12146,16295,1.0
12146,16296,3.0
12147,16297,16.0
12148,16298,1.0
12149,16299,1.0
12150,16300,1.0
12150,16301,3.0
12150,16302,24.0
12151,16303,23.0
12151,16304,14.0
12151,16305,21.0
12152,16306,3.0
12153,16307,5.0
12154,16308,1.0
12154,16309,4.0
12155,16310,1.0
12156,16311,5.0
12157,16312,5.0
12158,16313,1.0
12159,16314,3.0
12160,16315,1.0
12161,16316,1.0
12162,16317,13.0
12162,16318,1.0
12163,16319,5.0
12164,16320,3.0
12165,16321,1.0
12165,16322,3.0
12165,16323,4.0
12166,16324,8.0
12166,16325,5.0
12167,16326,3.0
12168,16327,1.0
12168,16328,9.0
12169,16329,5.0
12170,16330,5.0
12171,16331,5.0
12172,16332,3.0
12173,16333,5.0
12174,16334,1.0
12175,16335,5.0
12176,16336,5.0
12177,16337,1.0
12178,16338,16.0
12178,16339,1.0
12179,16340,13.0
12179,16341,1.0
12180,16342,
12181,16343,16.0
12182,16344,5.0
12183,16345,1.0
12184,16346,1.0
12185,16347,16.0
12186,16348,1.0
12186,16349,4.0
12187,16350,17.0
12188,16351,20.0
12189,16352,1.0
12190,16353,1.0
12190,16354,24.0
12191,16355,3.0
12192,16356,3.0
12193,16357,5.0
12194,16358,13.0
12194,16359,2.0
12194,16360,6.0
12195,16361,16.0
12195,16362,3.0
12195,16363,25.0
12195,16364,15.0
12196,16365,5.0
12197,16366,1.0
12198,16367,1.0
12198,16368,18.0
12199,16369,2.0
12199,16370,19.0
12200,16371,5.0
12201,16372,1.0
12202,16373,1.0
12202,16374,3.0
12203,16375,2.0
12203,16376,19.0
12204,16377,2.0
12204,16378,19.0
12205,16379,1.0
12206,16380,8.0
12206,16381,1.0
12207,16382,13.0
12208,16383,3.0
12209,16384,3.0
12210,16385,3.0
12211,16386,16.0
12211,16387,23.0
12211,16388,15.0
12212,16389,13.0
12212,16390,2.0
12212,16391,14.0
12212,16392,6.0
12213,16393,1.0
12213,16394,7.0
12213,16395,4.0
12214,16396,5.0
12215,16397,14.0
12216,16398,8.0
12216,16399,6.0
12216,16400,5.0
12217,16401,1.0
12218,16402,1.0
12219,16403,1.0
12220,16404,13.0
12221,16405,1.0
12221,16406,4.0
12221,16407,6.0
12222,16408,1.0
12223,16409,3.0
12223,16410,4.0
12224,16411,3.0
12225,16412,2.0
12225,16413,19.0
12226,16414,3.0
12227,16415,2.0
12227,16416,19.0
12228,16417,3.0
12229,16418,10.0
12229,16419,11.0
12230,16420,1.0
12231,16421,17.0
12232,16422,1.0
12232,16423,3.0
12233,16424,8.0
12233,16425,1.0
12234,16426,1.0
12234,16427,9.0
12234,16428,5.0
12234,16429,28.0
12235,16430,16.0
12235,16431,3.0
12235,16432,25.0
12235,16433,15.0
12236,16434,1.0
12237,16435,5.0
12238,16436,1.0
12239,16437,1.0
12239,16438,2.0
12239,16439,14.0
12240,16440,1.0
12240,16441,2.0
12240,16442,6.0
12241,16443,13.0
12241,16444,23.0
12241,16445,1.0
12241,16446,2.0
12242,16447,10.0
12242,16448,11.0
12243,16449,5.0
12244,16450,
12245,16451,1.0
12246,16452,8.0
12246,16453,5.0
12247,16454,1.0
12248,16455,5.0
12249,16456,17.0
12250,16457,5.0
12251,16458,2.0
12251,16459,19.0
12252,16460,1.0
12252,16461,18.0
12252,16462,5.0
12253,16463,1.0
12254,16464,5.0
12255,16465,13.0
12256,16466,17.0
12257,16467,2.0
12257,16468,5.0
12258,16469,
12259,16470,13.0
12260,16471,14.0
12261,16472,2.0
12261,16473,19.0
12262,16474,13.0
12263,16475,14.0
12264,16476,16.0
12265,16477,14.0
12266,16478,23.0
12266,16479,1.0
12266,16480,7.0
12267,16481,1.0
12268,16482,1.0
12268,16483,18.0
12268,16484,15.0
12269,16485,3.0
12270,16486,
12271,16487,
12272,16488,14.0
12273,16489,1.0
12274,16490,2.0
12274,16491,19.0
12275,16492,1.0
12276,16493,1.0
12276,16494,22.0
12276,16495,2.0
12276,16496,6.0
12277,16497,3.0
12278,16498,14.0
12279,16499,1.0
12280,16500,1.0
12281,16501,3.0
12282,16502,3.0
12283,16503,8.0
12283,16504,1.0
12283,16505,9.0
12283,16506,6.0
12284,16507,
12285,16508,2.0
12285,16509,19.0
12286,16510,
12287,16511,3.0
12287,16512,24.0
12288,16513,13.0
12289,16514,2.0
12290,16515,1.0
12290,16516,15.0
12291,16517,2.0
12291,16518,19.0
12292,16519,1.0
12293,16520,
12294,16521,3.0
12295,16522,3.0
12296,16523,1.0
12297,16524,1.0
12298,16525,1.0
12299,16526,5.0
12300,16527,
12301,16528,3.0
12302,16529,2.0
12302,16530,19.0
12303,16531,2.0
12303,16532,19.0
12304,16533,5.0
12305,16534,3.0
12306,16535,1.0
12307,16536,2.0
12307,16537,19.0
12308,16538,
12309,16539,17.0
12310,16540,10.0
12310,16541,11.0
12311,16542,
12312,16543,16.0
12312,16544,8.0
12312,16545,9.0
12312,16546,5.0
12313,16547,27.0
12314,16548,16.0
12314,16549,1.0
12315,16550,1.0
12316,16551,1.0
12316,16552,7.0
12316,16553,4.0
12317,16554,8.0
12317,16555,5.0
12318,16556,1.0
12319,16557,5.0
12320,16558,5.0
12321,16559,3.0
12322,16560,23.0
12322,16561,1.0
12322,16562,14.0
12323,16563,1.0
12324,16564,1.0
12324,16565,22.0
12324,16566,2.0
12325,16567,13.0
12326,16568,3.0
12327,16569,3.0
12328,16570,17.0
12329,16571,16.0
12330,16572,3.0
12331,16573,13.0
12331,16574,16.0
12331,16575,23.0
12331,16576,1.0
12331,16577,22.0
12331,16578,2.0
12331,16579,7.0
12331,16580,14.0
12332,16581,17.0
12333,16582,14.0
12334,16583,3.0
12335,16584,1.0
12336,16585,13.0
12337,16586,1.0
12338,16587,17.0
12339,16588,3.0
12340,16589,5.0
12341,16590,13.0
12342,16591,13.0
12343,16592,5.0
12344,16593,1.0
12344,16594,22.0
12345,16595,17.0
12346,16596,1.0
12347,16597,3.0
12348,16598,5.0
12349,16599,13.0
12350,16600,13.0
12351,16601,5.0
12352,16602,1.0
12353,16603,1.0
12354,16604,14.0
12355,16605,13.0
12356,16606,14.0
12357,16607,13.0
12358,16608,3.0
12359,16609,17.0
12360,16610,1.0
12361,16611,17.0
12362,16612,1.0
12363,16613,1.0
12364,16614,13.0
12364,16615,1.0
12364,16616,6.0
12365,16617,13.0
12365,16618,16.0
12365,16619,3.0
12365,16620,25.0
12365,16621,15.0
12366,16622,14.0
12367,16623,1.0
12368,16624,14.0
12369,16625,1.0
12370,16626,1.0
12371,16627,1.0
12372,16628,16.0
12373,16629,1.0
12374,16630,2.0
12374,16631,19.0
12375,16632,1.0
12375,16633,3.0
12375,16634,4.0
12376,16635,14.0
12377,16636,21.0
12378,16637,1.0
12379,16638,3.0
12379,16639,4.0
12380,16640,5.0
12381,16641,14.0
12381,16642,3.0
12382,16643,3.0
12383,16644,5.0
12384,16645,1.0
12384,16646,2.0
12384,16647,14.0
12385,16648,3.0
12386,16649,21.0
12387,16650,2.0
12387,16651,6.0
12388,16652,1.0
12389,16653,1.0
12389,16654,4.0
12390,16655,8.0
12390,16656,1.0
12390,16657,6.0
12390,16658,5.0
12391,16659,1.0
12392,16660,
12393,16661,10.0
12393,16662,11.0
12394,16663,1.0
12395,16664,17.0
12396,16665,10.0
12396,16666,11.0
12397,16667,17.0
12398,16668,1.0
12399,16669,1.0
12400,16670,14.0
12401,16671,1.0
12402,16672,14.0
12403,16673,5.0
12404,16674,2.0
12404,16675,3.0
12405,16676,3.0
12406,16677,3.0
12407,16678,5.0
12408,16679,5.0
12409,16680,13.0
12409,16681,23.0
12409,16682,2.0
12410,16683,2.0
12410,16684,14.0
12411,16685,2.0
12411,16686,19.0
12412,16687,13.0
12413,16688,1.0
12414,16689,1.0
12414,16690,18.0
12415,16691,13.0
12415,16692,16.0
12415,16693,23.0
12415,16694,2.0
12416,16695,1.0
12417,16696,3.0
12418,16697,2.0
12418,16698,14.0
12419,16699,5.0
12420,16700,5.0
12421,16701,1.0
12421,16702,3.0
12421,16703,4.0
12422,16704,1.0
12423,16705,13.0
12424,16706,2.0
12425,16707,2.0
12425,16708,19.0
12426,16709,1.0
12426,16710,3.0
12427,16711,3.0
12428,16712,1.0
12428,16713,2.0
12429,16714,5.0
12430,16715,1.0
12431,16716,1.0
12432,16717,16.0
12432,16718,7.0
12432,16719,15.0
12433,16720,13.0
12433,16721,7.0
12433,16722,20.0
12434,16723,13.0
12434,16724,7.0
12434,16725,3.0
12435,16726,5.0
12436,16727,1.0
12437,16728,2.0
12437,16729,19.0
12438,16730,1.0
12438,16731,3.0
12438,16732,4.0
12439,16733,
12440,16734,1.0
12441,16735,2.0
12441,16736,19.0
12442,16737,1.0
12443,16738,3.0
12444,16739,1.0
12444,16740,4.0
12445,16741,2.0
12445,16742,19.0
12446,16743,1.0
12446,16744,2.0
12447,16745,3.0
12448,16746,3.0
12448,16747,25.0
12448,16748,15.0
12449,16749,1.0
12450,16750,1.0
12451,16751,8.0
12451,16752,6.0
12451,16753,5.0
12451,16754,28.0
12452,16755,2.0
12452,16756,19.0
12453,16757,13.0
12454,16758,2.0
12454,16759,19.0
12455,16760,1.0
12455,16761,3.0
12455,16762,4.0
12455,16763,24.0
12456,16764,13.0
12457,16765,5.0
12458,16766,1.0
12459,16767,5.0
12460,16768,5.0
12461,16769,16.0
12462,16770,13.0
12463,16771,8.0
12463,16772,9.0
12463,16773,24.0
12463,16774,5.0
12464,16775,
12465,16776,23.0
12465,16777,1.0
12465,16778,7.0
12466,16779,17.0
12467,16780,13.0
12467,16781,16.0
12467,16782,1.0
12467,16783,7.0
12467,16784,15.0
12468,16785,13.0
12468,16786,16.0
12468,16787,23.0
12469,16788,3.0
12469,16789,6.0
12470,16790,1.0
12470,16791,3.0
12470,16792,4.0
12471,16793,2.0
12471,16794,19.0
12472,16795,16.0
12473,16796,1.0
12473,16797,3.0
12473,16798,5.0
12474,16799,14.0
12475,16800,5.0
12476,16801,1.0
12477,16802,1.0
12478,16803,13.0
12478,16804,1.0
12478,16805,2.0
12478,16806,3.0
12478,16807,6.0
12479,16808,10.0
12479,16809,11.0
12480,16810,1.0
12480,16811,2.0
12481,16812,1.0
12482,16813,13.0
12482,16814,23.0
12482,16815,1.0
12482,16816,2.0
12483,16817,23.0
12483,16818,2.0
12483,16819,14.0
12484,16820,5.0
12485,16821,3.0
12485,16822,4.0
12486,16823,1.0
12487,16824,7.0
12487,16825,3.0
12487,16826,25.0
12487,16827,15.0
12488,16828,2.0
12488,16829,19.0
12489,16830,1.0
12490,16831,13.0
12490,16832,16.0
12490,16833,23.0
12490,16834,7.0
12491,16835,5.0
12492,16836,16.0
12493,16837,1.0
12493,16838,3.0
12494,16839,3.0
12495,16840,1.0
12495,16841,3.0
12496,16842,18.0
12496,16843,5.0
12497,16844,1.0
12498,16845,24.0
12498,16846,5.0
12499,16847,3.0
12500,16848,1.0
12501,16849,
12502,16850,2.0
12502,16851,19.0
12503,16852,3.0
12504,16853,7.0
12504,16854,3.0
12505,16855,1.0
12506,16856,14.0
12507,16857,1.0
12507,16858,2.0
12507,16859,3.0
12507,16860,6.0
12508,16861,24.0
12508,16862,5.0
12509,16863,8.0
12509,16864,1.0
12509,16865,3.0
12510,16866,1.0
12511,16867,1.0
12512,16868,16.0
12512,16869,3.0
12512,16870,25.0
12512,16871,15.0
12513,16872,1.0
12514,16873,5.0
12515,16874,13.0
12516,16875,1.0
12516,16876,3.0
12517,16877,10.0
12517,16878,11.0
12518,16879,14.0
12519,16880,5.0
12520,16881,1.0
12521,16882,3.0
12522,16883,3.0
12523,16884,14.0
12524,16885,1.0
12525,16886,1.0
12526,16887,26.0
12527,16888,1.0
12528,16889,26.0
12529,16890,13.0
12530,16891,17.0
12531,16892,1.0
12532,16893,3.0
12533,16894,10.0
12533,16895,11.0
12534,16896,1.0
12535,16897,8.0
12535,16898,1.0
12536,16899,10.0
12536,16900,11.0
12537,16901,3.0
12538,16902,17.0
12539,16903,1.0
12540,16904,2.0
12540,16905,19.0
12541,16906,2.0
12541,16907,19.0
12542,16908,10.0
12542,16909,11.0
12543,16910,5.0
12544,16911,1.0
12545,16912,5.0
12546,16913,1.0
12547,16914,1.0
12548,16915,8.0
12548,16916,1.0
12548,16917,9.0
12548,16918,18.0
12548,16919,3.0
12549,16920,1.0
12550,16921,13.0
12551,16922,14.0
12552,16923,16.0
12553,16924,16.0
12554,16925,21.0
12555,16926,13.0
12556,16927,1.0
12557,16928,14.0
12558,16929,3.0
12559,16930,3.0
12560,16931,5.0
12561,16932,10.0
12561,16933,11.0
12562,16934,1.0
12563,16935,13.0
12564,16936,16.0
12565,16937,1.0
12566,16938,1.0
12567,16939,16.0
12568,16940,20.0
12568,16941,5.0
12569,16942,24.0
12569,16943,5.0
12570,16944,13.0
12571,16945,5.0
12572,16946,1.0
12573,16947,
12574,16948,5.0
12575,16949,1.0
12576,16950,1.0
12577,16951,3.0
12578,16952,1.0
12579,16953,1.0
12580,16954,10.0
12580,16955,11.0
12581,16956,5.0
12582,16957,2.0
12582,16958,19.0
12583,16959,5.0
12584,16960,2.0
12584,16961,19.0
12585,16962,3.0
12586,16963,14.0
12587,16964,
12588,16965,21.0
12589,16966,3.0
12590,16967,17.0
12591,16968,2.0
12591,16969,19.0
12592,16970,5.0
12593,16971,5.0
12594,16972,1.0
12595,16973,5.0
12596,16974,1.0
12597,16975,1.0
12598,16976,3.0
12599,16977,5.0
12600,16978,14.0
12601,16979,10.0
12601,16980,11.0
12602,16981,3.0
12603,16982,2.0
12603,16983,19.0
12604,16984,5.0
12605,16985,2.0
12605,16986,19.0
12606,16987,5.0
12607,16988,1.0
12608,16989,2.0
12608,16990,19.0
12609,16991,1.0
12610,16992,1.0
12611,16993,1.0
12612,16994,1.0
12613,16995,5.0
12614,16996,1.0
12614,16997,4.0
12614,16998,12.0
12615,16999,1.0
12615,17000,3.0
12616,17001,5.0
12617,17002,14.0
12618,17003,16.0
12619,17004,2.0
12619,17005,19.0
12620,17006,1.0
12621,17007,1.0
12622,17008,1.0
12623,17009,17.0
12624,17010,14.0
12625,17011,5.0
12626,17012,1.0
12626,17013,3.0
12626,17014,4.0
12626,17015,15.0
12626,17016,21.0
12627,17017,1.0
12628,17018,2.0
12628,17019,19.0
12629,17020,16.0
12630,17021,1.0
12631,17022,5.0
12632,17023,5.0
12633,17024,3.0
12634,17025,16.0
12635,17026,16.0
12635,17027,22.0
12635,17028,7.0
12636,17029,2.0
12636,17030,19.0
12637,17031,1.0
12638,17032,3.0
12638,17033,4.0
12639,17034,3.0
12640,17035,1.0
12640,17036,4.0
12640,17037,21.0
12641,17038,8.0
12641,17039,1.0
12641,17040,9.0
12641,17041,4.0
12642,17042,7.0
12642,17043,3.0
12642,17044,4.0
12642,17045,24.0
12642,17046,25.0
12642,17047,15.0
12643,17048,1.0
12643,17049,3.0
12643,17050,4.0
12644,17051,3.0
12645,17052,3.0
12646,17053,1.0
12646,17054,7.0
12646,17055,3.0
12647,17056,
12648,17057,1.0
12648,17058,4.0
12648,17059,24.0
12649,17060,25.0
12650,17061,13.0
12650,17062,16.0
12650,17063,23.0
12650,17064,7.0
12651,17065,3.0
12652,17066,1.0
12653,17067,3.0
12654,17068,2.0
12654,17069,19.0
12655,17070,2.0
12655,17071,19.0
12656,17072,1.0
12657,17073,1.0
12658,17074,1.0
12659,17075,2.0
12659,17076,19.0
12660,17077,1.0
12661,17078,5.0
12662,17079,1.0
12662,17080,2.0
12663,17081,1.0
12664,17082,2.0
12664,17083,19.0
12665,17084,13.0
12666,17085,23.0
12666,17086,2.0
12666,17087,14.0
12667,17088,3.0
12668,17089,8.0
12668,17090,5.0
12669,17091,3.0
12670,17092,10.0
12670,17093,11.0
12671,17094,1.0
12671,17095,9.0
12672,17096,1.0
12673,17097,1.0
12673,17098,22.0
12673,17099,2.0
12674,17100,21.0
12675,17101,5.0
12676,17102,3.0
12676,17103,4.0
12677,17104,3.0
12677,17105,25.0
12677,17106,15.0
12677,17107,21.0
12678,17108,1.0
12678,17109,4.0
12678,17110,21.0
12679,17111,1.0
12680,17112,13.0
12681,17113,3.0
12682,17114,1.0
12683,17115,1.0
12683,17116,3.0
12684,17117,2.0
12684,17118,19.0
12685,17119,1.0
12685,17120,9.0
12685,17121,3.0
12686,17122,1.0
12686,17123,2.0
12686,17124,7.0
12686,17125,14.0
12687,17126,5.0
12688,17127,1.0
12689,17128,13.0
12689,17129,1.0
12689,17130,2.0
12690,17131,1.0
12691,17132,3.0
12692,17133,13.0
12692,17134,16.0
12692,17135,22.0
12692,17136,7.0
12693,17137,2.0
12693,17138,19.0
12694,17139,13.0
12695,17140,10.0
12695,17141,11.0
12696,17142,2.0
12696,17143,19.0
12697,17144,2.0
12697,17145,19.0
12698,17146,
12699,17147,13.0
12700,17148,1.0
12701,17149,1.0
12702,17150,1.0
12703,17151,1.0
12704,17152,1.0
12705,17153,23.0
12705,17154,2.0
12706,17155,13.0
12707,17156,3.0
12708,17157,14.0
12708,17158,3.0
12709,17159,14.0
12710,17160,5.0
12711,17161,13.0
12711,17162,1.0
12711,17163,3.0
12711,17164,6.0
12712,17165,1.0
12713,17166,17.0
12714,17167,5.0
12715,17168,10.0
12715,17169,11.0
12716,17170,8.0
12716,17171,1.0
12716,17172,24.0
12716,17173,21.0
12717,17174,13.0
12717,17175,23.0
12717,17176,14.0
12718,17177,22.0
12719,17178,23.0
12719,17179,14.0
12720,17180,18.0
12720,17181,5.0
12721,17182,1.0
12722,17183,2.0
12722,17184,19.0
12723,17185,5.0
12724,17186,13.0
12725,17187,1.0
12725,17188,3.0
12726,17189,2.0
12726,17190,6.0
12727,17191,1.0
12728,17192,13.0
12728,17193,7.0
12728,17194,3.0
12728,17195,6.0
12729,17196,1.0
12730,17197,13.0
12730,17198,2.0
12730,17199,3.0
12730,17200,6.0
12731,17201,13.0
12731,17202,23.0
12731,17203,3.0
12732,17204,1.0
12732,17205,2.0
12732,17206,6.0
12733,17207,1.0
12734,17208,3.0
12735,17209,22.0
12735,17210,2.0
12735,17211,14.0
12736,17212,1.0
12737,17213,16.0
12738,17214,8.0
12738,17215,5.0
12739,17216,8.0
12739,17217,2.0
12739,17218,14.0
12740,17219,1.0
12741,17220,13.0
12741,17221,16.0
12741,17222,2.0
12741,17223,7.0
12742,17224,2.0
12742,17225,19.0
12743,17226,1.0
12743,17227,5.0
12744,17228,1.0
12744,17229,7.0
12745,17230,23.0
12745,17231,1.0
12745,17232,3.0
12745,17233,4.0
12746,17234,1.0
12747,17235,1.0
12747,17236,9.0
12747,17237,6.0
12747,17238,5.0
12748,17239,1.0
12748,17240,3.0
12749,17241,3.0
12750,17242,1.0
12751,17243,8.0
12751,17244,9.0
12751,17245,24.0
12751,17246,5.0
12752,17247,14.0
12753,17248,
12754,17249,13.0
12755,17250,13.0
12755,17251,16.0
12755,17252,7.0
12755,17253,3.0
12755,17254,25.0
12755,17255,15.0
12756,17256,17.0
12757,17257,1.0
12758,17258,10.0
12758,17259,11.0
12759,17260,1.0
12760,17261,5.0
12761,17262,13.0
12761,17263,2.0
12761,17264,7.0
12761,17265,14.0
12762,17266,3.0
12763,17267,2.0
12763,17268,19.0
12764,17269,17.0
12765,17270,17.0
12766,17271,
12767,17272,24.0
12767,17273,5.0
12768,17274,
12769,17275,1.0
12770,17276,16.0
12771,17277,13.0
12772,17278,
12773,17279,1.0
12774,17280,1.0
12775,17281,1.0
12776,17282,3.0
12777,17283,1.0
12777,17284,3.0
12777,17285,24.0
12778,17286,2.0
12778,17287,19.0
12779,17288,1.0
12780,17289,8.0
12780,17290,9.0
12780,17291,24.0
12780,17292,5.0
12781,17293,1.0
12781,17294,2.0
12781,17295,14.0
12782,17296,
12783,17297,
12784,17298,1.0
12785,17299,13.0
12786,17300,1.0
12787,17301,14.0
12788,17302,16.0
12788,17303,23.0
12788,17304,7.0
12788,17305,3.0
12788,17306,25.0
12788,17307,15.0
12789,17308,2.0
12789,17309,19.0
12790,17310,16.0
12791,17311,1.0
12792,17312,1.0
12793,17313,3.0
12794,17314,14.0
12795,17315,1.0
12796,17316,1.0
12796,17317,3.0
12796,17318,15.0
12797,17319,3.0
12798,17320,13.0
12798,17321,16.0
12798,17322,7.0
12799,17323,13.0
12799,17324,3.0
12800,17325,22.0
12800,17326,14.0
12801,17327,16.0
12802,17328,1.0
12803,17329,13.0
12804,17330,13.0
12804,17331,1.0
12804,17332,2.0
12804,17333,6.0
12805,17334,3.0
12805,17335,5.0
12805,17336,28.0
12806,17337,1.0
12807,17338,13.0
12808,17339,3.0
12809,17340,1.0
12810,17341,14.0
12811,17342,1.0
12812,17343,2.0
12812,17344,19.0
12813,17345,10.0
12813,17346,11.0
12814,17347,13.0
12815,17348,1.0
12816,17349,1.0
12817,17350,17.0
12818,17351,1.0
12819,17352,1.0
12820,17353,
12821,17354,5.0
12822,17355,16.0
12823,17356,1.0
12823,17357,3.0
12823,17358,4.0
12824,17359,2.0
12824,17360,19.0
12825,17361,1.0
12826,17362,3.0
12827,17363,1.0
12828,17364,1.0
12828,17365,2.0
12828,17366,14.0
12828,17367,4.0
12829,17368,3.0
12830,17369,13.0
12831,17370,3.0
12832,17371,2.0
12832,17372,19.0
12833,17373,3.0
12834,17374,27.0
12835,17375,3.0
12836,17376,1.0
12837,17377,17.0
12838,17378,17.0
12839,17379,1.0
12839,17380,22.0
12840,17381,14.0
12841,17382,13.0
12841,17383,16.0
12841,17384,23.0
12841,17385,1.0
12842,17386,2.0
12842,17387,19.0
12843,17388,13.0
12843,17389,23.0
12843,17390,1.0
12843,17391,2.0
12844,17392,5.0
12845,17393,16.0
12846,17394,13.0
12847,17395,13.0
12847,17396,16.0
12847,17397,23.0
12847,17398,7.0
12848,17399,1.0
12849,17400,16.0
12850,17401,5.0
12851,17402,14.0
12852,17403,14.0
12853,17404,1.0
12854,17405,17.0
12855,17406,1.0
12856,17407,3.0
12857,17408,16.0
12858,17409,1.0
12859,17410,3.0
12860,17411,2.0
12860,17412,19.0
12861,17413,10.0
12861,17414,11.0
12862,17415,
12863,17416,8.0
12863,17417,1.0
12864,17418,3.0
12865,17419,16.0
12865,17420,3.0
12865,17421,4.0
12866,17422,17.0
12867,17423,1.0
12868,17424,5.0
12869,17425,18.0
12869,17426,5.0
12870,17427,1.0
12870,17428,3.0
12870,17429,4.0
12870,17430,24.0
12871,17431,1.0
12872,17432,3.0
12873,17433,23.0
12873,17434,1.0
12873,17435,22.0
12873,17436,2.0
12874,17437,13.0
12874,17438,1.0
12874,17439,22.0
12874,17440,2.0
12874,17441,6.0
12875,17442,16.0
12876,17443,1.0
12877,17444,5.0
12878,17445,3.0
12879,17446,1.0
12880,17447,1.0
12880,17448,3.0
12881,17449,2.0
12881,17450,19.0
12882,17451,1.0
12882,17452,3.0
12882,17453,4.0
12883,17454,8.0
12883,17455,1.0
12883,17456,18.0
12884,17457,5.0
12885,17458,16.0
12885,17459,23.0
12885,17460,7.0
12885,17461,15.0
12886,17462,2.0
12886,17463,19.0
12887,17464,
12888,17465,1.0
12889,17466,1.0
12889,17467,2.0
12889,17468,7.0
12890,17469,1.0
12890,17470,22.0
12890,17471,2.0
12890,17472,14.0
12891,17473,10.0
12891,17474,11.0
12892,17475,
12893,17476,13.0
12894,17477,1.0
12895,17478,8.0
12895,17479,1.0
12895,17480,9.0
12895,17481,18.0
12896,17482,14.0
12896,17483,3.0
12897,17484,1.0
12898,17485,3.0
12898,17486,4.0
12898,17487,6.0
12899,17488,3.0
12900,17489,5.0
12901,17490,
12902,17491,1.0
12903,17492,13.0
12903,17493,1.0
12903,17494,2.0
12904,17495,1.0
12905,17496,
12906,17497,1.0
12906,17498,4.0
12907,17499,
12908,17500,3.0
12909,17501,2.0
12909,17502,19.0
12910,17503,16.0
12910,17504,1.0
12910,17505,2.0
12911,17506,3.0
12912,17507,1.0
12912,17508,9.0
12912,17509,3.0
12912,17510,5.0
12913,17511,1.0
12914,17512,3.0
12914,17513,15.0
12915,17514,17.0
12916,17515,3.0
12917,17516,
12918,17517,14.0
12919,17518,26.0
12920,17519,13.0
12920,17520,16.0
12920,17521,1.0
12920,17522,2.0
12921,17523,2.0
12921,17524,14.0
12922,17525,1.0
12923,17526,14.0
12924,17527,5.0
12925,17528,2.0
12925,17529,19.0
12926,17530,1.0
12927,17531,7.0
12927,17532,4.0
12927,17533,25.0
12927,17534,15.0
12927,17535,21.0
12928,17536,1.0
12929,17537,1.0
12930,17538,3.0
12931,17539,3.0
12932,17540,16.0
12933,17541,3.0
12934,17542,5.0
12935,17543,3.0
12936,17544,5.0
12937,17545,17.0
12938,17546,14.0
12939,17547,23.0
12939,17548,2.0
12940,17549,5.0
12941,17550,1.0
12942,17551,5.0
12943,17552,5.0
12944,17553,1.0
12944,17554,3.0
12944,17555,4.0
12945,17556,2.0
12945,17557,6.0
12945,17558,20.0
12946,17559,3.0
12947,17560,1.0
12947,17561,21.0
12948,17562,13.0
12948,17563,23.0
12948,17564,3.0
12948,17565,25.0
12948,17566,15.0
12949,17567,3.0
12950,17568,1.0
12950,17569,3.0
12951,17570,13.0
12951,17571,8.0
12951,17572,1.0
12951,17573,2.0
12952,17574,1.0
12953,17575,3.0
12954,17576,5.0
12955,17577,5.0
12956,17578,1.0
12956,17579,3.0
12957,17580,1.0
12958,17581,13.0
12958,17582,1.0
12958,17583,3.0
12958,17584,6.0
12959,17585,1.0
12960,17586,1.0
12961,17587,5.0
12962,17588,1.0
12963,17589,3.0
12964,17590,2.0
12964,17591,19.0
12965,17592,1.0
12966,17593,1.0
12967,17594,23.0
12967,17595,2.0
12968,17596,1.0
12969,17597,1.0
12970,17598,13.0
12970,17599,23.0
12970,17600,14.0
12971,17601,3.0
12972,17602,9.0
12972,17603,15.0
12972,17604,5.0
12972,17605,28.0
12973,17606,1.0
12974,17607,1.0
12974,17608,2.0
12975,17609,1.0
12976,17610,5.0
12977,17611,1.0
12978,17612,1.0
12979,17613,2.0
12979,17614,14.0
12979,17615,3.0
12980,17616,1.0
12981,17617,1.0
12982,17618,1.0
12983,17619,1.0
12984,17620,16.0
12985,17621,1.0
12985,17622,4.0
12986,17623,16.0
12986,17624,22.0
12986,17625,2.0
12986,17626,14.0
12987,17627,14.0
12988,17628,16.0
12988,17629,18.0
12988,17630,3.0
12988,17631,25.0
12988,17632,15.0
12989,17633,3.0
12990,17634,1.0
12991,17635,1.0
12992,17636,1.0
12993,17637,10.0
12993,17638,11.0
12994,17639,14.0
12995,17640,
12996,17641,5.0
12996,17642,28.0
12997,17643,13.0
12997,17644,1.0
12997,17645,2.0
12997,17646,12.0
12998,17647,13.0
12998,17648,1.0
12998,17649,3.0
12998,17650,6.0
12999,17651,3.0
13000,17652,8.0
13000,17653,1.0
13001,17654,1.0
13002,17655,
13003,17656,3.0
13004,17657,
13005,17658,13.0
13005,17659,16.0
13005,17660,23.0
13005,17661,7.0
13006,17662,3.0
13007,17663,3.0
13008,17664,9.0
13008,17665,5.0
13009,17666,3.0
13010,17667,1.0
13010,17668,3.0
13011,17669,13.0
13012,17670,1.0
13012,17671,3.0
13013,17672,1.0
13014,17673,13.0
13014,17674,2.0
13014,17675,4.0
13015,17676,1.0
13016,17677,3.0
13017,17678,3.0
13018,17679,
13019,17680,1.0
13019,17681,3.0
13020,17682,2.0
13020,17683,19.0
13021,17684,
13022,17685,1.0
13022,17686,3.0
13023,17687,
13024,17688,1.0
13025,17689,5.0
13026,17690,3.0
13027,17691,
13028,17692,1.0
13029,17693,5.0
13030,17694,3.0
13031,17695,1.0
13031,17696,3.0
13032,17697,8.0
13032,17698,9.0
13032,17699,5.0
13033,17700,1.0
13033,17701,3.0
13033,17702,4.0
13033,17703,21.0
13034,17704,14.0
13035,17705,3.0
13036,17706,1.0
13037,17707,5.0
13038,17708,1.0
13039,17709,1.0
13039,17710,3.0
13040,17711,13.0
13040,17712,16.0
13040,17713,23.0
13040,17714,2.0
13040,17715,4.0
13041,17716,5.0
13042,17717,5.0
13043,17718,13.0
13043,17719,16.0
13043,17720,23.0
13044,17721,16.0
13045,17722,13.0
13046,17723,10.0
13046,17724,11.0
13047,17725,3.0
13048,17726,1.0
13049,17727,3.0
13050,17728,5.0
13051,17729,1.0
13052,17730,24.0
13052,17731,5.0
13053,17732,17.0
13054,17733,8.0
13054,17734,24.0
13054,17735,5.0
13055,17736,2.0
13055,17737,19.0
13056,17738,1.0
13057,17739,2.0
13057,17740,19.0
13058,17741,
13059,17742,14.0
13060,17743,1.0
13061,17744,10.0
13061,17745,11.0
13062,17746,1.0
13063,17747,3.0
13064,17748,17.0
13065,17749,5.0
13066,17750,1.0
13067,17751,20.0
13068,17752,2.0
13068,17753,19.0
13069,17754,5.0
13070,17755,1.0
13070,17756,9.0
13070,17757,2.0
13070,17758,4.0
13071,17759,14.0
13072,17760,1.0
13073,17761,1.0
13074,17762,1.0
13075,17763,16.0
13076,17764,1.0
13077,17765,
13078,17766,2.0
13078,17767,19.0
13079,17768,3.0
13080,17769,13.0
13080,17770,16.0
13080,17771,1.0
13080,17772,22.0
13081,17773,1.0
13082,17774,3.0
13083,17775,16.0
13083,17776,23.0
13083,17777,1.0
13083,17778,2.0
13084,17779,3.0
13085,17780,3.0
13086,17781,13.0
13086,17782,16.0
13086,17783,1.0
13086,17784,7.0
13087,17785,1.0
13088,17786,5.0
13089,17787,1.0
13090,17788,14.0
13091,17789,13.0
13092,17790,3.0
13093,17791,17.0
13094,17792,3.0
13095,17793,10.0
13095,17794,11.0
13096,17795,16.0
13097,17796,13.0
13097,17797,2.0
13097,17798,14.0
13098,17799,5.0
13099,17800,10.0
13099,17801,11.0
13100,17802,
13101,17803,5.0
13102,17804,17.0
13103,17805,17.0
13104,17806,10.0
13104,17807,11.0
13105,17808,1.0
13105,17809,4.0
13106,17810,5.0
13107,17811,16.0
13108,17812,3.0
13109,17813,1.0
13110,17814,1.0
13111,17815,3.0
13112,17816,14.0
13113,17817,1.0
13113,17818,24.0
13114,17819,14.0
13115,17820,3.0
13116,17821,1.0
13117,17822,16.0
13118,17823,1.0
13118,17824,2.0
13119,17825,8.0
13119,17826,1.0
13119,17827,12.0
13119,17828,25.0
13120,17829,8.0
13120,17830,1.0
13121,17831,5.0
13122,17832,3.0
13123,17833,13.0
13124,17834,1.0
13125,17835,16.0
13125,17836,1.0
13125,17837,3.0
13126,17838,3.0
13127,17839,1.0
13127,17840,2.0
13127,17841,14.0
13127,17842,21.0
13128,17843,1.0
13129,17844,17.0
13130,17845,18.0
13130,17846,5.0
13131,17847,5.0
13132,17848,13.0
13132,17849,16.0
13132,17850,22.0
13132,17851,2.0
13132,17852,3.0
13133,17853,3.0
13134,17854,3.0
13135,17855,1.0
13136,17856,3.0
13137,17857,3.0
13138,17858,5.0
13139,17859,3.0
13140,17860,17.0
13141,17861,5.0
13142,17862,
13143,17863,1.0
13144,17864,1.0
13145,17865,1.0
13146,17866,16.0
13147,17867,1.0
13148,17868,1.0
13149,17869,1.0
13150,17870,1.0
13151,17871,1.0
13152,17872,1.0
13153,17873,3.0
13154,17874,1.0
13155,17875,5.0
13156,17876,21.0
13157,17877,5.0
13158,17878,5.0
13159,17879,1.0
13159,17880,18.0
13159,17881,4.0
13159,17882,24.0
13160,17883,1.0
13161,17884,5.0
13162,17885,2.0
13162,17886,19.0
13163,17887,1.0
13164,17888,1.0
13164,17889,4.0
13165,17890,14.0
13166,17891,1.0
13167,17892,1.0
13167,17893,3.0
13167,17894,4.0
13167,17895,24.0
13168,17896,13.0
13168,17897,6.0
13169,17898,1.0
13169,17899,4.0
13170,17900,16.0
13171,17901,1.0
13172,17902,3.0
13172,17903,4.0
13173,17904,2.0
13173,17905,19.0
13174,17906,1.0
13175,17907,2.0
13175,17908,19.0
13176,17909,16.0
13176,17910,1.0
13176,17911,3.0
13176,17912,4.0
13176,17913,15.0
13177,17914,7.0
13177,17915,3.0
13178,17916,3.0
13178,17917,5.0
13179,17918,1.0
13180,17919,3.0
13181,17920,5.0
13182,17921,13.0
13182,17922,1.0
13182,17923,2.0
13182,17924,6.0
13183,17925,3.0
13184,17926,1.0
13185,17927,16.0
13185,17928,23.0
13185,17929,7.0
13185,17930,3.0
13185,17931,25.0
13185,17932,15.0
13186,17933,1.0
13186,17934,22.0
13186,17935,3.0
13187,17936,1.0
13188,17937,24.0
13188,17938,5.0
13189,17939,
13190,17940,13.0
13190,17941,16.0
13190,17942,1.0
13190,17943,9.0
13190,17944,12.0
13191,17945,
13192,17946,5.0
13193,17947,8.0
13193,17948,1.0
13193,17949,18.0
13194,17950,1.0
13194,17951,6.0
13195,17952,1.0
13196,17953,2.0
13196,17954,19.0
13197,17955,1.0
13197,17956,7.0
13197,17957,4.0
13198,17958,1.0
13199,17959,1.0
13200,17960,5.0
13201,17961,3.0
13202,17962,1.0
13203,17963,5.0
13204,17964,1.0
13205,17965,14.0
13206,17966,1.0
13206,17967,3.0
13206,17968,4.0
13207,17969,5.0
13208,17970,13.0
13209,17971,3.0
13209,17972,6.0
13210,17973,1.0
13211,17974,26.0
13212,17975,14.0
13213,17976,13.0
13213,17977,1.0
13213,17978,12.0
13214,17979,
13215,17980,1.0
13216,17981,10.0
13216,17982,11.0
13217,17983,8.0
13217,17984,18.0
13217,17985,5.0
13218,17986,3.0
13219,17987,3.0
13220,17988,2.0
13220,17989,14.0
13221,17990,16.0
13222,17991,1.0
13223,17992,17.0
13224,17993,16.0
13224,17994,3.0
13225,17995,5.0
13226,17996,
13227,17997,1.0
13228,17998,14.0
13229,17999,13.0
13230,18000,26.0
13231,18001,1.0
13232,18002,5.0
13233,18003,23.0
13233,18004,1.0
13233,18005,2.0
13233,18006,14.0
13233,18007,4.0
13234,18008,1.0
13234,18009,9.0
13234,18010,12.0
13235,18011,1.0
13236,18012,14.0
13237,18013,1.0
13238,18014,14.0
13239,18015,1.0
13240,18016,2.0
13240,18017,19.0
13241,18018,24.0
13241,18019,5.0
13242,18020,1.0
13243,18021,3.0
13244,18022,2.0
13244,18023,19.0
13245,18024,3.0
13246,18025,1.0
13247,18026,2.0
13248,18027,5.0
13249,18028,17.0
13250,18029,1.0
13250,18030,2.0
13251,18031,14.0
13252,18032,5.0
13253,18033,1.0
13254,18034,16.0
13255,18035,5.0
13256,18036,13.0
13257,18037,8.0
13257,18038,5.0
13258,18039,1.0
13259,18040,3.0
13260,18041,3.0
13261,18042,2.0
13261,18043,14.0
13262,18044,2.0
13263,18045,3.0
13263,18046,4.0
13264,18047,1.0
13265,18048,1.0
13266,18049,10.0
13266,18050,11.0
13267,18051,14.0
13268,18052,3.0
13269,18053,3.0
13270,18054,8.0
13270,18055,5.0
13270,18056,28.0
13271,18057,1.0
13271,18058,5.0
13272,18059,8.0
13272,18060,1.0
13272,18061,4.0
13272,18062,12.0
13273,18063,1.0
13273,18064,2.0
13274,18065,1.0
13275,18066,5.0
13276,18067,3.0
13277,18068,2.0
13277,18069,19.0
13278,18070,14.0
13279,18071,5.0
13280,18072,1.0
13281,18073,13.0
13282,18074,3.0
13282,18075,5.0
13283,18076,13.0
13284,18077,16.0
13285,18078,5.0
13286,18079,13.0
13286,18080,16.0
13286,18081,20.0
13287,18082,13.0
13287,18083,1.0
13287,18084,2.0
13288,18085,2.0
13288,18086,19.0
13289,18087,3.0
13290,18088,3.0
13291,18089,2.0
13291,18090,19.0
13292,18091,5.0
13293,18092,3.0
13294,18093,13.0
13294,18094,3.0
13294,18095,6.0
13295,18096,2.0
13295,18097,19.0
13296,18098,3.0
13297,18099,1.0
13297,18100,2.0
13297,18101,7.0
13297,18102,14.0
13298,18103,1.0
13299,18104,3.0
13300,18105,5.0
13301,18106,5.0
13302,18107,14.0
13303,18108,1.0
13304,18109,14.0
13304,18110,3.0
13305,18111,1.0
13305,18112,2.0
13306,18113,1.0
13307,18114,5.0
13308,18115,1.0
13309,18116,5.0
13310,18117,8.0
13310,18118,3.0
13310,18119,21.0
13310,18120,5.0
13311,18121,1.0
13312,18122,17.0
13313,18123,3.0
13314,18124,14.0
13315,18125,1.0
13316,18126,1.0
13317,18127,5.0
13318,18128,1.0
13319,18129,1.0
13320,18130,3.0
13321,18131,13.0
13321,18132,16.0
13321,18133,1.0
13321,18134,7.0
13322,18135,13.0
13322,18136,16.0
13322,18137,23.0
13322,18138,1.0
13322,18139,2.0
13322,18140,14.0
13323,18141,1.0
13323,18142,21.0
13324,18143,5.0
13325,18144,3.0
13326,18145,5.0
13327,18146,2.0
13327,18147,19.0
13328,18148,5.0
13329,18149,1.0
13330,18150,3.0
13331,18151,3.0
13332,18152,1.0
13333,18153,16.0
13334,18154,2.0
13334,18155,19.0
13335,18156,5.0
13336,18157,1.0
13337,18158,1.0
13338,18159,18.0
13338,18160,5.0
13339,18161,1.0
13340,18162,5.0
13341,18163,1.0
13342,18164,5.0
13343,18165,3.0
13344,18166,1.0
13345,18167,5.0
13346,18168,1.0
13346,18169,3.0
13346,18170,4.0
13347,18171,1.0
13348,18172,17.0
13349,18173,1.0
13350,18174,10.0
13350,18175,11.0
13351,18176,13.0
13351,18177,1.0
13351,18178,22.0
13351,18179,2.0
13351,18180,6.0
13352,18181,3.0
13353,18182,1.0
13354,18183,5.0
13355,18184,1.0
13356,18185,1.0
13357,18186,2.0
13357,18187,19.0
13358,18188,5.0
13359,18189,17.0
13360,18190,5.0
13361,18191,3.0
13362,18192,3.0
13363,18193,1.0
13363,18194,4.0
13364,18195,1.0
13365,18196,23.0
13365,18197,1.0
13365,18198,2.0
13366,18199,10.0
13366,18200,11.0
13367,18201,3.0
13368,18202,17.0
13369,18203,1.0
13370,18204,1.0
13371,18205,1.0
13372,18206,1.0
13373,18207,1.0
13374,18208,1.0
13375,18209,
13376,18210,1.0
13377,18211,27.0
13378,18212,5.0
13379,18213,1.0
13380,18214,2.0
13380,18215,19.0
13381,18216,1.0
13382,18217,3.0
13383,18218,1.0
13384,18219,3.0
13385,18220,1.0
13386,18221,
13387,18222,5.0
13388,18223,1.0
13389,18224,2.0
13390,18225,16.0
13391,18226,1.0
13392,18227,1.0
13393,18228,17.0
13394,18229,1.0
13395,18230,17.0
13396,18231,1.0
13397,18232,1.0
13398,18233,27.0
13399,18234,16.0
13400,18235,5.0
13401,18236,3.0
13402,18237,1.0
13402,18238,2.0
13403,18239,1.0
13403,18240,22.0
13403,18241,2.0
13403,18242,7.0
13403,18243,4.0
13404,18244,14.0
13405,18245,1.0
13405,18246,2.0
13406,18247,1.0
13407,18248,23.0
13407,18249,1.0
13407,18250,2.0
13408,18251,3.0
13409,18252,1.0
13409,18253,4.0
13410,18254,9.0
13410,18255,12.0
13410,18256,5.0
13411,18257,16.0
13412,18258,3.0
13412,18259,4.0
13412,18260,15.0
13413,18261,1.0
13413,18262,22.0
13413,18263,6.0
13414,18264,1.0
13415,18265,14.0
13416,18266,5.0
13417,18267,5.0
13418,18268,7.0
13418,18269,3.0
13418,18270,15.0
13419,18271,1.0
13419,18272,3.0
13420,18273,1.0
13420,18274,22.0
13420,18275,2.0
13420,18276,6.0
13421,18277,14.0
13422,18278,
13423,18279,1.0
13424,18280,16.0
13425,18281,14.0
13426,18282,16.0
13427,18283,1.0
13427,18284,3.0
13428,18285,2.0
13429,18286,1.0
13430,18287,14.0
13431,18288,3.0
13432,18289,3.0
13433,18290,2.0
13433,18291,19.0
13434,18292,17.0
13435,18293,3.0
13436,18294,3.0
13437,18295,17.0
13438,18296,
13439,18297,3.0
13440,18298,2.0
13440,18299,19.0
13441,18300,1.0
13442,18301,
13443,18302,3.0
13444,18303,1.0
13445,18304,1.0
13445,18305,2.0
13445,18306,7.0
13445,18307,14.0
13445,18308,3.0
13446,18309,2.0
13446,18310,19.0
13447,18311,1.0
13448,18312,5.0
13449,18313,16.0
13450,18314,8.0
13450,18315,5.0
13451,18316,1.0
13451,18317,4.0
13452,18318,13.0
13452,18319,1.0
13452,18320,2.0
13452,18321,6.0
13452,18322,12.0
13453,18323,1.0
13453,18324,3.0
13453,18325,12.0
13454,18326,1.0
13455,18327,1.0
13455,18328,3.0
13456,18329,
13457,18330,1.0
13458,18331,1.0
13458,18332,18.0
13459,18333,1.0
13460,18334,16.0
13461,18335,13.0
13461,18336,22.0
13461,18337,2.0
13462,18338,1.0
13462,18339,3.0
13463,18340,8.0
13463,18341,5.0
13464,18342,8.0
13464,18343,1.0
13465,18344,3.0
13466,18345,1.0
13467,18346,5.0
13468,18347,1.0
13468,18348,4.0
13469,18349,
13470,18350,13.0
13471,18351,16.0
13472,18352,1.0
13473,18353,3.0
13474,18354,5.0
13475,18355,3.0
13475,18356,4.0
13476,18357,13.0
13476,18358,16.0
13476,18359,23.0
13476,18360,1.0
13476,18361,2.0
13477,18362,1.0
13478,18363,5.0
13479,18364,3.0
13480,18365,1.0
13481,18366,3.0
13481,18367,12.0
13482,18368,
13483,18369,
13484,18370,5.0
13485,18371,1.0
13486,18372,23.0
13486,18373,1.0
13486,18374,22.0
13486,18375,2.0
13487,18376,3.0
13488,18377,1.0
13489,18378,1.0
13490,18379,1.0
13491,18380,5.0
13492,18381,8.0
13492,18382,1.0
13492,18383,22.0
13493,18384,23.0
13493,18385,22.0
13493,18386,2.0
13494,18387,3.0
13495,18388,1.0
13496,18389,1.0
13497,18390,2.0
13497,18391,14.0
13498,18392,1.0
13499,18393,5.0
13500,18394,1.0
13501,18395,1.0
13501,18396,24.0
13502,18397,13.0
13502,18398,16.0
13502,18399,23.0
13503,18400,5.0
13504,18401,27.0
13505,18402,3.0
13506,18403,13.0
13506,18404,1.0
13506,18405,4.0
13507,18406,3.0
13508,18407,14.0
13509,18408,3.0
13510,18409,5.0
13511,18410,5.0
13512,18411,17.0
13513,18412,5.0
13514,18413,5.0
13515,18414,2.0
13515,18415,3.0
13516,18416,1.0
13517,18417,7.0
13517,18418,25.0
13517,18419,15.0
13518,18420,13.0
13518,18421,8.0
13518,18422,1.0
13519,18423,1.0
13520,18424,2.0
13520,18425,3.0
13520,18426,6.0
13521,18427,1.0
13522,18428,2.0
13522,18429,19.0
13523,18430,2.0
13523,18431,19.0
13524,18432,3.0
13524,18433,4.0
13525,18434,5.0
13526,18435,
13527,18436,1.0
13527,18437,2.0
13527,18438,7.0
13528,18439,5.0
13529,18440,5.0
13530,18441,3.0
13531,18442,1.0
13532,18443,3.0
13532,18444,6.0
13533,18445,8.0
13533,18446,1.0
13533,18447,9.0
13533,18448,2.0
13533,18449,6.0
13534,18450,8.0
13534,18451,1.0
13534,18452,2.0
13535,18453,3.0
13536,18454,1.0
13536,18455,9.0
13536,18456,18.0
13536,18457,15.0
13537,18458,1.0
13538,18459,8.0
13538,18460,1.0
13538,18461,24.0
13539,18462,5.0
13540,18463,1.0
13540,18464,2.0
13541,18465,2.0
13541,18466,14.0
13542,18467,5.0
13543,18468,1.0
13543,18469,3.0
13544,18470,3.0
13545,18471,1.0
13546,18472,13.0
13546,18473,3.0
13546,18474,6.0
13547,18475,1.0
13548,18476,3.0
13549,18477,5.0
13550,18478,1.0
13550,18479,20.0
13551,18480,1.0
13551,18481,4.0
13552,18482,23.0
13552,18483,1.0
13552,18484,6.0
13553,18485,5.0
13554,18486,8.0
13554,18487,1.0
13555,18488,1.0
13556,18489,1.0
13557,18490,1.0
13557,18491,2.0
13558,18492,5.0
13559,18493,1.0
13560,18494,1.0
13560,18495,9.0
13561,18496,1.0
13562,18497,1.0
13563,18498,14.0
13564,18499,3.0
13565,18500,24.0
13565,18501,5.0
13566,18502,1.0
13567,18503,3.0
13567,18504,20.0
13568,18505,10.0
13568,18506,11.0
13569,18507,10.0
13569,18508,11.0
13570,18509,5.0
13571,18510,16.0
13571,18511,23.0
13571,18512,3.0
13571,18513,6.0
13571,18514,25.0
13571,18515,15.0
13572,18516,5.0
13573,18517,1.0
13573,18518,3.0
13573,18519,4.0
13573,18520,24.0
13574,18521,1.0
13575,18522,1.0
13576,18523,2.0
13576,18524,19.0
13577,18525,5.0
13578,18526,5.0
13579,18527,16.0
13579,18528,7.0
13579,18529,3.0
13579,18530,25.0
13579,18531,15.0
13580,18532,2.0
13580,18533,19.0
13581,18534,1.0
13581,18535,3.0
13582,18536,2.0
13582,18537,19.0
13583,18538,13.0
13584,18539,2.0
13584,18540,19.0
13585,18541,1.0
13586,18542,13.0
13587,18543,5.0
13588,18544,13.0
13588,18545,16.0
13588,18546,23.0
13588,18547,1.0
13588,18548,2.0
13588,18549,14.0
13589,18550,3.0
13590,18551,13.0
13590,18552,2.0
13590,18553,14.0
13590,18554,3.0
13591,18555,17.0
13592,18556,13.0
13592,18557,16.0
13592,18558,23.0
13592,18559,7.0
13593,18560,5.0
13594,18561,1.0
13595,18562,1.0
13596,18563,1.0
13597,18564,1.0
13597,18565,3.0
13598,18566,3.0
13599,18567,1.0
13600,18568,2.0
13600,18569,14.0
13601,18570,1.0
13602,18571,16.0
13603,18572,10.0
13603,18573,11.0
13604,18574,2.0
13605,18575,1.0
13606,18576,1.0
13606,18577,6.0
13607,18578,3.0
13608,18579,5.0
13609,18580,5.0
13610,18581,1.0
13610,18582,2.0
13610,18583,14.0
13611,18584,13.0
13612,18585,5.0
13613,18586,1.0
13613,18587,18.0
13614,18588,8.0
13614,18589,9.0
13614,18590,5.0
13615,18591,3.0
13616,18592,3.0
13616,18593,4.0
13616,18594,15.0
13617,18595,
13618,18596,2.0
13618,18597,19.0
13619,18598,23.0
13619,18599,22.0
13619,18600,2.0
13620,18601,1.0
13621,18602,1.0
13622,18603,3.0
13623,18604,1.0
13624,18605,3.0
13625,18606,1.0
13626,18607,5.0
13627,18608,1.0
13628,18609,
13629,18610,14.0
13630,18611,1.0
13631,18612,5.0
13632,18613,1.0
13633,18614,14.0
13634,18615,
13635,18616,23.0
13635,18617,2.0
13636,18618,8.0
13636,18619,9.0
13636,18620,3.0
13636,18621,5.0
13637,18622,1.0
13637,18623,2.0
13637,18624,3.0
13637,18625,6.0
13638,18626,1.0
13639,18627,1.0
13640,18628,17.0
13641,18629,1.0
13642,18630,14.0
13643,18631,16.0
13644,18632,10.0
13644,18633,11.0
13645,18634,5.0
13646,18635,1.0
13647,18636,3.0
13648,18637,3.0
13649,18638,1.0
13650,18639,5.0
13651,18640,10.0
13651,18641,11.0
13652,18642,17.0
13653,18643,14.0
13654,18644,1.0
13655,18645,14.0
13656,18646,
13657,18647,1.0
13657,18648,3.0
13658,18649,2.0
13658,18650,14.0
13659,18651,1.0
13660,18652,5.0
13661,18653,17.0
13662,18654,1.0
13663,18655,1.0
13664,18656,1.0
13665,18657,16.0
13666,18658,5.0
13667,18659,14.0
13668,18660,1.0
13668,18661,2.0
13668,18662,4.0
13669,18663,3.0
13669,18664,4.0
13670,18665,3.0
13671,18666,8.0
13671,18667,22.0
13671,18668,2.0
13671,18669,7.0
13671,18670,14.0
13672,18671,5.0
13673,18672,1.0
13674,18673,3.0
13675,18674,1.0
13676,18675,1.0
13677,18676,1.0
13678,18677,17.0
13679,18678,13.0
13680,18679,3.0
13681,18680,16.0
13682,18681,3.0
13683,18682,27.0
13684,18683,14.0
13685,18684,13.0
13686,18685,1.0
13686,18686,3.0
13687,18687,3.0
13688,18688,10.0
13688,18689,11.0
13689,18690,10.0
13689,18691,11.0
13690,18692,3.0
13691,18693,1.0
13691,18694,22.0
13691,18695,4.0
13691,18696,12.0
13692,18697,3.0
13693,18698,3.0
13694,18699,2.0
13694,18700,4.0
13694,18701,6.0
13695,18702,1.0
13696,18703,5.0
13697,18704,
13698,18705,1.0
13698,18706,3.0
13699,18707,3.0
13700,18708,1.0
13701,18709,3.0
13702,18710,3.0
13703,18711,1.0
13704,18712,5.0
13705,18713,1.0
13706,18714,
13707,18715,5.0
13708,18716,1.0
13708,18717,3.0
13709,18718,26.0
13710,18719,1.0
13711,18720,2.0
13711,18721,19.0
13712,18722,2.0
13712,18723,6.0
13713,18724,21.0
13714,18725,1.0
13715,18726,3.0
13716,18727,
13717,18728,16.0
13718,18729,5.0
13719,18730,10.0
13719,18731,11.0
13720,18732,5.0
13721,18733,
13722,18734,10.0
13722,18735,11.0
13723,18736,1.0
13724,18737,5.0
13725,18738,26.0
13726,18739,5.0
13727,18740,16.0
13728,18741,16.0
13729,18742,5.0
13730,18743,17.0
13731,18744,14.0
13732,18745,14.0
13733,18746,5.0
13734,18747,1.0
13735,18748,5.0
13736,18749,16.0
13737,18750,1.0
13738,18751,27.0
13739,18752,7.0
13739,18753,3.0
13739,18754,25.0
13739,18755,15.0
13740,18756,13.0
13741,18757,17.0
13742,18758,1.0
13742,18759,2.0
13742,18760,6.0
13743,18761,1.0
13744,18762,1.0
13744,18763,24.0
13745,18764,8.0
13745,18765,1.0
13745,18766,9.0
13745,18767,4.0
13746,18768,13.0
13746,18769,1.0
13747,18770,5.0
13748,18771,13.0
13748,18772,1.0
13748,18773,6.0
13748,18774,20.0
13749,18775,3.0
13750,18776,1.0
13750,18777,3.0
13751,18778,5.0
13752,18779,1.0
13753,18780,1.0
13753,18781,22.0
13753,18782,2.0
13753,18783,6.0
13754,18784,1.0
13755,18785,5.0
13756,18786,1.0
13757,18787,3.0
13758,18788,1.0
13759,18789,1.0
13760,18790,1.0
13761,18791,1.0
13762,18792,5.0
13763,18793,21.0
13764,18794,3.0
13765,18795,1.0
13765,18796,3.0
13765,18797,6.0
13766,18798,5.0
13767,18799,14.0
13768,18800,13.0
13769,18801,13.0
13770,18802,3.0
13771,18803,13.0
13772,18804,13.0
13772,18805,23.0
13772,18806,25.0
13772,18807,15.0
13773,18808,
13774,18809,1.0
13775,18810,16.0
13775,18811,3.0
13775,18812,6.0
13775,18813,25.0
13775,18814,15.0
13776,18815,2.0
13776,18816,19.0
13777,18817,
13778,18818,16.0
13778,18819,1.0
13778,18820,7.0
13778,18821,15.0
13779,18822,16.0
13779,18823,8.0
13779,18824,1.0
13779,18825,4.0
13780,18826,2.0
13780,18827,19.0
13781,18828,1.0
13781,18829,4.0
13782,18830,1.0
13783,18831,1.0
13784,18832,
13785,18833,1.0
13786,18834,
13787,18835,1.0
13787,18836,2.0
13787,18837,6.0
13788,18838,1.0
13789,18839,3.0
13790,18840,2.0
13790,18841,19.0
13791,18842,13.0
13792,18843,13.0
13792,18844,23.0
13792,18845,2.0
13792,18846,20.0
13793,18847,13.0
13793,18848,23.0
13793,18849,3.0
13794,18850,5.0
13795,18851,5.0
13796,18852,16.0
13797,18853,1.0
13797,18854,3.0
13798,18855,1.0
13799,18856,3.0
13800,18857,3.0
13801,18858,1.0
13802,18859,5.0
13803,18860,13.0
13803,18861,16.0
13803,18862,23.0
13803,18863,2.0
13804,18864,5.0
13805,18865,1.0
13806,18866,1.0
13807,18867,1.0
13808,18868,1.0
13809,18869,5.0
13810,18870,1.0
13810,18871,9.0
13811,18872,1.0
13811,18873,4.0
13812,18874,1.0
13813,18875,16.0
13814,18876,2.0
13814,18877,3.0
13815,18878,1.0
13815,18879,3.0
13816,18880,5.0
13817,18881,5.0
13818,18882,14.0
13818,18883,3.0
13819,18884,14.0
13820,18885,1.0
13821,18886,2.0
13821,18887,19.0
13822,18888,5.0
13823,18889,2.0
13823,18890,19.0
13824,18891,1.0
13825,18892,5.0
13826,18893,1.0
13826,18894,22.0
13826,18895,2.0
13826,18896,7.0
13826,18897,14.0
13826,18898,4.0
13827,18899,13.0
13828,18900,13.0
13828,18901,2.0
13828,18902,14.0
13828,18903,3.0
13829,18904,5.0
13830,18905,1.0
13831,18906,1.0
13831,18907,3.0
13832,18908,3.0
13833,18909,5.0
13834,18910,14.0
13835,18911,22.0
13835,18912,2.0
13835,18913,14.0
13836,18914,3.0
13837,18915,17.0
13838,18916,27.0
13839,18917,13.0
13839,18918,16.0
13839,18919,1.0
13839,18920,22.0
13839,18921,2.0
13839,18922,7.0
13839,18923,4.0
13839,18924,15.0
13840,18925,5.0
13841,18926,
13842,18927,3.0
13843,18928,5.0
13844,18929,13.0
13844,18930,23.0
13845,18931,1.0
13846,18932,13.0
13847,18933,1.0
13848,18934,1.0
13849,18935,3.0
13850,18936,1.0
13851,18937,3.0
13852,18938,8.0
13852,18939,9.0
13852,18940,5.0
13853,18941,
13854,18942,1.0
13855,18943,1.0
13855,18944,2.0
13855,18945,6.0
13856,18946,1.0
13857,18947,1.0
13857,18948,2.0
13857,18949,14.0
13858,18950,1.0
13858,18951,3.0
13858,18952,4.0
13859,18953,1.0
13859,18954,3.0
13860,18955,3.0
13861,18956,16.0
13861,18957,7.0
13861,18958,3.0
13861,18959,25.0
13861,18960,15.0
13862,18961,1.0
13863,18962,1.0
13864,18963,3.0
13865,18964,13.0
13865,18965,16.0
13865,18966,23.0
13865,18967,2.0
13865,18968,7.0
13866,18969,1.0
13866,18970,3.0
13866,18971,6.0
13867,18972,5.0
13868,18973,10.0
13868,18974,11.0
13869,18975,17.0
13870,18976,1.0
13871,18977,5.0
13872,18978,13.0
13873,18979,5.0
13874,18980,13.0
13874,18981,1.0
13874,18982,2.0
13874,18983,3.0
13874,18984,6.0
13875,18985,13.0
13875,18986,23.0
13875,18987,7.0
13875,18988,3.0
13876,18989,1.0
13877,18990,23.0
13877,18991,2.0
13877,18992,14.0
13878,18993,5.0
13879,18994,2.0
13879,18995,19.0
13880,18996,7.0
13880,18997,14.0
13880,18998,3.0
13881,18999,3.0
13882,19000,3.0
13883,19001,3.0
13884,19002,5.0
13885,19003,17.0
13886,19004,1.0
13887,19005,8.0
13887,19006,1.0
13888,19007,2.0
13888,19008,14.0
13888,19009,3.0
13889,19010,17.0
13890,19011,17.0
13891,19012,2.0
13891,19013,19.0
13892,19014,1.0
13893,19015,17.0
13894,19016,1.0
13894,19017,3.0
13895,19018,1.0
13895,19019,3.0
13895,19020,4.0
13896,19021,14.0
13897,19022,10.0
13897,19023,11.0
13898,19024,17.0
13899,19025,8.0
13899,19026,9.0
13899,19027,24.0
13899,19028,5.0
13900,19029,1.0
13900,19030,7.0
13900,19031,3.0
13900,19032,4.0
13901,19033,14.0
13902,19034,3.0
13903,19035,5.0
13904,19036,1.0
13905,19037,1.0
13906,19038,9.0
13906,19039,5.0
13906,19040,28.0
13907,19041,5.0
13908,19042,3.0
13909,19043,1.0
13910,19044,1.0
13911,19045,2.0
13911,19046,19.0
13912,19047,1.0
13913,19048,3.0
13914,19049,1.0
13915,19050,1.0
13915,19051,3.0
13916,19052,1.0
13917,19053,13.0
13918,19054,3.0
13919,19055,21.0
13920,19056,1.0
13921,19057,5.0
13922,19058,13.0
13922,19059,23.0
13922,19060,2.0
13922,19061,3.0
13923,19062,5.0
13924,19063,17.0
13925,19064,3.0
13926,19065,3.0
13927,19066,3.0
13928,19067,3.0
13929,19068,1.0
13930,19069,5.0
13931,19070,1.0
13932,19071,16.0
13933,19072,3.0
13934,19073,14.0
13935,19074,5.0
13936,19075,1.0
13937,19076,13.0
13938,19077,27.0
13939,19078,13.0
13940,19079,3.0
13941,19080,16.0
13942,19081,13.0
13942,19082,16.0
13942,19083,23.0
13942,19084,2.0
13942,19085,7.0
13942,19086,3.0
13942,19087,4.0
13943,19088,3.0
13943,19089,4.0
13944,19090,16.0
13945,19091,3.0
13946,19092,2.0
13946,19093,19.0
13947,19094,3.0
13948,19095,23.0
13948,19096,2.0
13948,19097,7.0
13948,19098,14.0
13949,19099,1.0
13950,19100,17.0
13951,19101,13.0
13952,19102,17.0
13953,19103,1.0
13954,19104,2.0
13954,19105,19.0
13955,19106,3.0
13956,19107,27.0
13957,19108,1.0
13958,19109,3.0
13959,19110,1.0
13960,19111,2.0
13960,19112,19.0
13961,19113,1.0
13961,19114,12.0
13962,19115,16.0
13963,19116,5.0
13964,19117,17.0
13965,19118,3.0
13966,19119,2.0
13966,19120,19.0
13967,19121,1.0
13968,19122,3.0
13969,19123,17.0
13970,19124,2.0
13970,19125,19.0
13971,19126,1.0
13972,19127,5.0
13973,19128,17.0
13974,19129,16.0
13974,19130,1.0
13974,19131,22.0
13975,19132,2.0
13975,19133,19.0
13976,19134,3.0
13977,19135,1.0
13978,19136,14.0
13979,19137,2.0
13979,19138,19.0
13980,19139,13.0
13981,19140,10.0
13981,19141,11.0
13982,19142,1.0
13983,19143,13.0
13983,19144,1.0
13983,19145,5.0
13984,19146,1.0
13985,19147,22.0
13985,19148,2.0
13985,19149,14.0
13986,19150,1.0
13986,19151,4.0
13987,19152,1.0
13988,19153,16.0
13989,19154,9.0
13989,19155,5.0
13990,19156,1.0
13990,19157,3.0
13990,19158,4.0
13991,19159,13.0
13992,19160,5.0
13993,19161,3.0
13994,19162,23.0
13994,19163,1.0
13994,19164,2.0
13995,19165,1.0
13996,19166,13.0
13996,19167,1.0
13996,19168,2.0
13996,19169,6.0
13997,19170,8.0
13997,19171,1.0
13997,19172,24.0
13998,19173,
13999,19174,
14000,19175,7.0
14000,19176,3.0
14000,19177,4.0
14000,19178,15.0
14000,19179,21.0
14001,19180,3.0
14001,19181,5.0
14002,19182,1.0
14002,19183,4.0
14002,19184,24.0
14003,19185,16.0
14003,19186,3.0
14004,19187,1.0
14004,19188,6.0
14004,19189,12.0
14005,19190,3.0
14006,19191,7.0
14006,19192,3.0
14006,19193,15.0
14007,19194,1.0
14007,19195,3.0
14008,19196,1.0
14008,19197,4.0
14009,19198,3.0
14010,19199,2.0
14010,19200,19.0
14011,19201,16.0
14012,19202,13.0
14012,19203,16.0
14012,19204,7.0
14012,19205,25.0
14013,19206,9.0
14013,19207,5.0
14014,19208,1.0
14015,19209,1.0
14015,19210,4.0
14016,19211,1.0
14017,19212,3.0
14018,19213,13.0
14019,19214,13.0
14019,19215,16.0
14019,19216,3.0
14020,19217,14.0
14021,19218,13.0
14022,19219,3.0
14023,19220,13.0
14024,19221,5.0
14025,19222,
14026,19223,1.0
14027,19224,
14028,19225,3.0
14029,19226,5.0
14030,19227,16.0
14031,19228,1.0
14032,19229,1.0
14033,19230,1.0
14034,19231,3.0
14035,19232,5.0
14036,19233,1.0
14036,19234,4.0
14037,19235,3.0
14038,19236,1.0
14039,19237,18.0
14039,19238,3.0
14039,19239,15.0
14040,19240,1.0
14041,19241,1.0
14042,19242,14.0
14043,19243,3.0
14043,19244,4.0
14044,19245,13.0
14045,19246,1.0
14046,19247,3.0
14047,19248,1.0
14047,19249,3.0
14048,19250,16.0
14049,19251,13.0
14049,19252,20.0
14050,19253,7.0
14050,19254,4.0
14050,19255,25.0
14051,19256,3.0
14052,19257,1.0
14053,19258,3.0
14054,19259,26.0
14055,19260,3.0
14056,19261,1.0
14057,19262,13.0
14057,19263,16.0
14057,19264,23.0
14057,19265,2.0
14058,19266,17.0
14059,19267,8.0
14059,19268,1.0
14059,19269,6.0
14060,19270,3.0
14061,19271,5.0
14062,19272,13.0
14063,19273,13.0
14063,19274,3.0
14063,19275,6.0
14064,19276,
14065,19277,1.0
14065,19278,12.0
14066,19279,5.0
14067,19280,1.0
14068,19281,1.0
14068,19282,4.0
14069,19283,
14070,19284,5.0
14071,19285,1.0
14072,19286,3.0
14073,19287,3.0
14073,19288,5.0
14074,19289,
14075,19290,1.0
14076,19291,8.0
14076,19292,1.0
14076,19293,18.0
14077,19294,3.0
14077,19295,24.0
14078,19296,5.0
14079,19297,3.0
14080,19298,3.0
14081,19299,3.0
14082,19300,2.0
14082,19301,19.0
14083,19302,16.0
14084,19303,1.0
14084,19304,18.0
14084,19305,3.0
14085,19306,1.0
14086,19307,18.0
14086,19308,5.0
14087,19309,1.0
14088,19310,1.0
14089,19311,1.0
14090,19312,
14091,19313,3.0
14092,19314,3.0
14093,19315,2.0
14093,19316,19.0
14094,19317,2.0
14094,19318,19.0
14095,19319,2.0
14095,19320,14.0
14096,19321,16.0
14097,19322,3.0
14097,19323,4.0
14097,19324,15.0
14098,19325,5.0
14099,19326,5.0
14100,19327,1.0
14101,19328,1.0
14102,19329,3.0
14102,19330,6.0
14103,19331,13.0
14104,19332,1.0
14104,19333,2.0
14105,19334,13.0
14105,19335,16.0
14106,19336,17.0
14107,19337,3.0
14108,19338,24.0
14108,19339,5.0
14109,19340,27.0
14110,19341,1.0
14111,19342,1.0
14112,19343,5.0
14113,19344,1.0
14114,19345,5.0
14115,19346,3.0
14116,19347,1.0
14116,19348,25.0
14117,19349,16.0
14117,19350,7.0
14117,19351,25.0
14118,19352,1.0
14118,19353,2.0
14119,19354,1.0
14120,19355,3.0
14120,19356,4.0
14121,19357,1.0
14121,19358,22.0
14121,19359,2.0
14122,19360,2.0
14122,19361,19.0
14123,19362,5.0
14124,19363,2.0
14124,19364,19.0
14125,19365,5.0
14126,19366,3.0
14127,19367,5.0
14128,19368,5.0
14129,19369,1.0
14130,19370,3.0
14130,19371,4.0
14131,19372,1.0
14132,19373,
14133,19374,1.0
14133,19375,3.0
14133,19376,4.0
14134,19377,1.0
14135,19378,1.0
14135,19379,22.0
14135,19380,2.0
14135,19381,14.0
14136,19382,1.0
14137,19383,14.0
14138,19384,2.0
14139,19385,3.0
14140,19386,2.0
14140,19387,14.0
14141,19388,1.0
14141,19389,20.0
14142,19390,5.0
14143,19391,5.0
14144,19392,1.0
14144,19393,3.0
14145,19394,1.0
14145,19395,22.0
14145,19396,2.0
14145,19397,4.0
14146,19398,8.0
14146,19399,1.0
14146,19400,18.0
14147,19401,3.0
14148,19402,17.0
14149,19403,17.0
14150,19404,1.0
14151,19405,3.0
14152,19406,5.0
14153,19407,1.0
14154,19408,14.0
14154,19409,21.0
14155,19410,1.0
14156,19411,13.0
14156,19412,16.0
14156,19413,23.0
14156,19414,2.0
14156,19415,7.0
14157,19416,1.0
14158,19417,5.0
14159,19418,3.0
14160,19419,1.0
14160,19420,5.0
14161,19421,5.0
14162,19422,10.0
14162,19423,11.0
14163,19424,
14164,19425,5.0
14165,19426,3.0
14166,19427,16.0
14167,19428,
14168,19429,5.0
14169,19430,1.0
14170,19431,3.0
14171,19432,3.0
14172,19433,13.0
14172,19434,1.0
14172,19435,22.0
14172,19436,2.0
14173,19437,23.0
14173,19438,3.0
14173,19439,24.0
14174,19440,17.0
14175,19441,14.0
14176,19442,2.0
14176,19443,14.0
14177,19444,10.0
14177,19445,11.0
14178,19446,13.0
14178,19447,16.0
14178,19448,23.0
14178,19449,22.0
14179,19450,16.0
14180,19451,1.0
14181,19452,3.0
14182,19453,5.0
14183,19454,1.0
14183,19455,3.0
14183,19456,4.0
14184,19457,3.0
14185,19458,22.0
14185,19459,2.0
14185,19460,6.0
14186,19461,3.0
14186,19462,6.0
14187,19463,1.0
14187,19464,3.0
14188,19465,
14189,19466,2.0
14189,19467,19.0
14190,19468,5.0
14191,19469,3.0
14192,19470,1.0
14193,19471,1.0
14194,19472,13.0
14195,19473,
14196,19474,1.0
14196,19475,3.0
14197,19476,8.0
14197,19477,1.0
14198,19478,10.0
14198,19479,11.0
14199,19480,1.0
14199,19481,22.0
14199,19482,2.0
14199,19483,7.0
14199,19484,14.0
14199,19485,3.0
14200,19486,5.0
14201,19487,13.0
14202,19488,
14203,19489,1.0
14204,19490,5.0
14205,19491,1.0
14205,19492,3.0
14206,19493,3.0
14207,19494,3.0
14208,19495,3.0
14209,19496,14.0
14210,19497,5.0
14211,19498,1.0
14212,19499,3.0
14213,19500,10.0
14213,19501,11.0
14214,19502,1.0
14214,19503,2.0
14215,19504,5.0
14216,19505,16.0
14217,19506,5.0
14218,19507,3.0
14219,19508,13.0
14220,19509,17.0
14221,19510,3.0
14222,19511,3.0
14223,19512,3.0
14224,19513,13.0
14225,19514,5.0
14226,19515,5.0
14227,19516,13.0
14228,19517,2.0
14228,19518,19.0
14229,19519,16.0
14230,19520,13.0
14231,19521,13.0
14231,19522,2.0
14231,19523,14.0
14231,19524,3.0
14231,19525,4.0
14232,19526,1.0
14233,19527,3.0
14234,19528,16.0
14235,19529,3.0
14236,19530,1.0
14237,19531,3.0
14238,19532,3.0
14239,19533,13.0
14240,19534,5.0
14241,19535,16.0
14242,19536,1.0
14243,19537,5.0
14244,19538,3.0
14245,19539,16.0
14246,19540,1.0
14247,19541,2.0
14247,19542,19.0
14248,19543,16.0
14249,19544,1.0
14250,19545,2.0
14250,19546,19.0
14251,19547,16.0
14252,19548,16.0
14253,19549,3.0
14254,19550,3.0
14255,19551,1.0
14256,19552,16.0
14257,19553,2.0
14257,19554,19.0
14258,19555,16.0
14259,19556,23.0
14259,19557,1.0
14259,19558,2.0
14259,19559,3.0
14260,19560,5.0
14261,19561,12.0
14261,19562,24.0
14261,19563,5.0
14262,19564,1.0
14263,19565,
14264,19566,1.0
14265,19567,4.0
14265,19568,5.0
14266,19569,2.0
14267,19570,8.0
14267,19571,3.0
14268,19572,1.0
14268,19573,2.0
14268,19574,6.0
14268,19575,20.0
14269,19576,1.0
14269,19577,12.0
14270,19578,1.0
14271,19579,3.0
14272,19580,16.0
14273,19581,1.0
14274,19582,14.0
14275,19583,3.0
14276,19584,1.0
14277,19585,1.0
14278,19586,1.0
14279,19587,10.0
14279,19588,11.0
14280,19589,1.0
14281,19590,1.0
14282,19591,7.0
14282,19592,3.0
14282,19593,15.0
14283,19594,3.0
14284,19595,5.0
14285,19596,5.0
14286,19597,3.0
14287,19598,1.0
14288,19599,1.0
14289,19600,2.0
14289,19601,19.0
14290,19602,3.0
14291,19603,10.0
14291,19604,11.0
14292,19605,1.0
14293,19606,3.0
14294,19607,13.0
14294,19608,16.0
14294,19609,7.0
14294,19610,3.0
14294,19611,25.0
14294,19612,15.0
14295,19613,16.0
14296,19614,23.0
14296,19615,1.0
14296,19616,22.0
14296,19617,2.0
14296,19618,7.0
14296,19619,14.0
14297,19620,1.0
14298,19621,10.0
14298,19622,11.0
14299,19623,
14300,19624,13.0
14301,19625,1.0
14301,19626,4.0
14302,19627,1.0
14303,19628,2.0
14303,19629,19.0
14304,19630,13.0
14305,19631,
14306,19632,1.0
14307,19633,2.0
14307,19634,19.0
14308,19635,1.0
14309,19636,1.0
14310,19637,3.0
14311,19638,1.0
14312,19639,5.0
14313,19640,3.0
14313,19641,4.0
14314,19642,3.0
14315,19643,1.0
14315,19644,18.0
14315,19645,3.0
14315,19646,15.0
14316,19647,13.0
14317,19648,1.0
14318,19649,3.0
14318,19650,24.0
14319,19651,17.0
14320,19652,14.0
14321,19653,13.0
14322,19654,1.0
14322,19655,4.0
14323,19656,24.0
14323,19657,5.0
14324,19658,13.0
14324,19659,16.0
14324,19660,23.0
14324,19661,2.0
14324,19662,25.0
14325,19663,1.0
14325,19664,3.0
14326,19665,16.0
14327,19666,16.0
14328,19667,3.0
14329,19668,22.0
14329,19669,2.0
14329,19670,14.0
14330,19671,17.0
14331,19672,2.0
14331,19673,19.0
14332,19674,1.0
14333,19675,1.0
14334,19676,7.0
14334,19677,3.0
14334,19678,4.0
14335,19679,5.0
14336,19680,5.0
14337,19681,3.0
14338,19682,1.0
14339,19683,5.0
14340,19684,5.0
14341,19685,
14342,19686,5.0
14343,19687,13.0
14343,19688,23.0
14343,19689,2.0
14344,19690,2.0
14344,19691,14.0
14345,19692,3.0
14346,19693,1.0
14346,19694,3.0
14347,19695,21.0
14348,19696,1.0
14349,19697,1.0
14350,19698,13.0
14350,19699,23.0
14350,19700,2.0
14350,19701,14.0
14351,19702,
14352,19703,
14353,19704,5.0
14354,19705,
14355,19706,1.0
14356,19707,3.0
14357,19708,2.0
14357,19709,19.0
14358,19710,
14359,19711,1.0
14360,19712,1.0
14360,19713,22.0
14360,19714,3.0
14361,19715,3.0
14362,19716,14.0
14363,19717,13.0
14364,19718,1.0
14365,19719,3.0
14366,19720,16.0
14366,19721,3.0
14366,19722,4.0
14367,19723,5.0
14368,19724,1.0
14368,19725,3.0
14369,19726,2.0
14370,19727,3.0
14371,19728,3.0
14372,19729,1.0
14373,19730,8.0
14373,19731,6.0
14373,19732,5.0
14373,19733,28.0
14374,19734,1.0
14375,19735,13.0
14376,19736,
14377,19737,1.0
14378,19738,5.0
14379,19739,1.0
14380,19740,1.0
14381,19741,3.0
14382,19742,2.0
14382,19743,19.0
14383,19744,1.0
14384,19745,2.0
14384,19746,5.0
14385,19747,1.0
14385,19748,2.0
14386,19749,16.0
14387,19750,1.0
14388,19751,1.0
14388,19752,9.0
14388,19753,15.0
14388,19754,5.0
14389,19755,5.0
14390,19756,5.0
14391,19757,24.0
14391,19758,5.0
14392,19759,1.0
14393,19760,1.0
14393,19761,3.0
14393,19762,4.0
14394,19763,1.0
14395,19764,2.0
14395,19765,19.0
14396,19766,1.0
14397,19767,1.0
14397,19768,4.0
14398,19769,5.0
14399,19770,1.0
14400,19771,5.0
14401,19772,16.0
14402,19773,3.0
14403,19774,1.0
14403,19775,18.0
14404,19776,17.0
14405,19777,1.0
14405,19778,3.0
14405,19779,21.0
14406,19780,1.0
14407,19781,2.0
14407,19782,19.0
14408,19783,8.0
14408,19784,5.0
14409,19785,13.0
14409,19786,9.0
14409,19787,12.0
14409,19788,5.0
14410,19789,13.0
14410,19790,23.0
14410,19791,2.0
14410,19792,14.0
14411,19793,3.0
14412,19794,1.0
14413,19795,1.0
14414,19796,16.0
14415,19797,1.0
14415,19798,2.0
14415,19799,3.0
14416,19800,5.0
14417,19801,5.0
14418,19802,8.0
14418,19803,1.0
14418,19804,2.0
14418,19805,6.0
14419,19806,1.0
14420,19807,1.0
14421,19808,2.0
14421,19809,19.0
14422,19810,1.0
14423,19811,5.0
14424,19812,5.0
14425,19813,1.0
14426,19814,1.0
14427,19815,2.0
14427,19816,19.0
14428,19817,3.0
14429,19818,1.0
14430,19819,3.0
14431,19820,1.0
14432,19821,1.0
14433,19822,14.0
14434,19823,5.0
14435,19824,3.0
14436,19825,1.0
14437,19826,16.0
14438,19827,5.0
14439,19828,1.0
14439,19829,4.0
14440,19830,5.0
14441,19831,3.0
14442,19832,1.0
14443,19833,1.0
14443,19834,3.0
14444,19835,13.0
14444,19836,16.0
14444,19837,2.0
14444,19838,6.0
14445,19839,1.0
14445,19840,3.0
14446,19841,5.0
14447,19842,1.0
14448,19843,1.0
14449,19844,1.0
14449,19845,24.0
14450,19846,2.0
14450,19847,19.0
14451,19848,2.0
14451,19849,19.0
14452,19850,13.0
14452,19851,16.0
14452,19852,23.0
14452,19853,2.0
14453,19854,5.0
14454,19855,13.0
14454,19856,1.0
14454,19857,22.0
14454,19858,2.0
14455,19859,5.0
14456,19860,
14457,19861,1.0
14458,19862,8.0
14458,19863,1.0
14459,19864,1.0
14459,19865,22.0
14459,19866,2.0
14460,19867,3.0
14461,19868,3.0
14462,19869,3.0
14463,19870,1.0
14464,19871,16.0
14464,19872,23.0
14464,19873,1.0
14464,19874,22.0
14464,19875,2.0
14465,19876,1.0
14465,19877,18.0
14466,19878,13.0
14466,19879,16.0
14466,19880,7.0
14466,19881,3.0
14466,19882,15.0
14467,19883,1.0
14467,19884,2.0
14468,19885,3.0
14469,19886,1.0
14469,19887,3.0
14469,19888,4.0
14470,19889,1.0
14470,19890,2.0
14471,19891,5.0
14472,19892,14.0
14473,19893,1.0
14474,19894,5.0
14475,19895,3.0
14476,19896,5.0
14477,19897,2.0
14477,19898,19.0
14478,19899,1.0
14479,19900,2.0
14480,19901,5.0
14481,19902,14.0
14482,19903,5.0
14483,19904,13.0
14484,19905,14.0
14485,19906,1.0
14485,19907,2.0
14486,19908,1.0
14486,19909,24.0
14487,19910,13.0
14488,19911,13.0
14489,19912,17.0
14490,19913,1.0
14491,19914,1.0
14491,19915,3.0
14491,19916,4.0
14492,19917,3.0
14492,19918,4.0
14493,19919,3.0
14494,19920,1.0
14494,19921,6.0
14495,19922,1.0
14496,19923,5.0
14496,19924,28.0
14497,19925,5.0
14498,19926,5.0
14499,19927,1.0
14500,19928,3.0
14501,19929,1.0
14502,19930,1.0
14502,19931,3.0
14502,19932,4.0
14503,19933,5.0
14504,19934,1.0
14505,19935,14.0
14506,19936,17.0
14507,19937,17.0
14508,19938,5.0
14509,19939,3.0
14510,19940,2.0
14510,19941,14.0
14511,19942,1.0
14511,19943,3.0
14512,19944,13.0
14513,19945,1.0
14513,19946,3.0
14513,19947,4.0
14513,19948,6.0
14514,19949,22.0
14514,19950,3.0
14514,19951,4.0
14515,19952,1.0
14516,19953,1.0
14517,19954,3.0
14518,19955,5.0
14519,19956,3.0
14520,19957,3.0
14521,19958,17.0
14522,19959,16.0
14523,19960,1.0
14524,19961,10.0
14524,19962,11.0
14525,19963,1.0
14526,19964,13.0
14527,19965,5.0
14528,19966,17.0
14529,19967,17.0
14530,19968,1.0
14531,19969,3.0
14532,19970,14.0
14533,19971,3.0
14534,19972,3.0
14535,19973,1.0
14536,19974,
14537,19975,13.0
14538,19976,1.0
14539,19977,1.0
14539,19978,9.0
14540,19979,5.0
14541,19980,3.0
14542,19981,5.0
14543,19982,5.0
14544,19983,10.0
14544,19984,11.0
14545,19985,1.0
14546,19986,1.0
14547,19987,16.0
14548,19988,5.0
14549,19989,
14550,19990,3.0
14551,19991,17.0
14552,19992,16.0
14553,19993,
14554,19994,1.0
14554,19995,3.0
14555,19996,1.0
14556,19997,3.0
14557,19998,2.0
14557,19999,19.0
14558,20000,1.0
14559,20001,10.0
14559,20002,11.0
14560,20003,5.0
14561,20004,3.0
14562,20005,1.0
14562,20006,6.0
14563,20007,3.0
14564,20008,1.0
14565,20009,13.0
14566,20010,2.0
14566,20011,19.0
14567,20012,17.0
14568,20013,16.0
14568,20014,7.0
14568,20015,3.0
14568,20016,25.0
14568,20017,15.0
14569,20018,1.0
14570,20019,1.0
14570,20020,15.0
14571,20021,5.0
14572,20022,5.0
14573,20023,5.0
14574,20024,1.0
14575,20025,1.0
14576,20026,5.0
14577,20027,16.0
14577,20028,3.0
14577,20029,25.0
14577,20030,15.0
14578,20031,3.0
14579,20032,23.0
14579,20033,1.0
14579,20034,22.0
14579,20035,2.0
14579,20036,7.0
14579,20037,3.0
14580,20038,3.0
14581,20039,1.0
14582,20040,14.0
14583,20041,1.0
14584,20042,6.0
14584,20043,5.0
14585,20044,1.0
14586,20045,17.0
14587,20046,8.0
14587,20047,1.0
14587,20048,3.0
14587,20049,4.0
14587,20050,12.0
14587,20051,24.0
14588,20052,5.0
14589,20053,1.0
14589,20054,3.0
14589,20055,4.0
14590,20056,1.0
14590,20057,2.0
14590,20058,6.0
14591,20059,1.0
14591,20060,4.0
14592,20061,1.0
14592,20062,3.0
14593,20063,1.0
14594,20064,5.0
14595,20065,1.0
14596,20066,1.0
14597,20067,3.0
14598,20068,1.0
14599,20069,5.0
14600,20070,16.0
14601,20071,17.0
14602,20072,3.0
14603,20073,1.0
14604,20074,
14605,20075,1.0
14606,20076,8.0
14606,20077,1.0
14607,20078,
14608,20079,13.0
14609,20080,1.0
14610,20081,16.0
14611,20082,17.0
14612,20083,10.0
14612,20084,11.0
14613,20085,1.0
14614,20086,5.0
14615,20087,1.0
14616,20088,3.0
14617,20089,8.0
14617,20090,1.0
14617,20091,24.0
14618,20092,1.0
14619,20093,13.0
14619,20094,3.0
14619,20095,6.0
14620,20096,13.0
14621,20097,14.0
14622,20098,3.0
14623,20099,1.0
14623,20100,4.0
14624,20101,24.0
14624,20102,5.0
14625,20103,13.0
14625,20104,16.0
14625,20105,3.0
14625,20106,12.0
14626,20107,1.0
14626,20108,3.0
14626,20109,4.0
14627,20110,13.0
14627,20111,2.0
14627,20112,3.0
14627,20113,6.0
14628,20114,1.0
14628,20115,3.0
14629,20116,3.0
14630,20117,5.0
14631,20118,1.0
14631,20119,3.0
14632,20120,8.0
14632,20121,1.0
14632,20122,3.0
14633,20123,13.0
14633,20124,16.0
14633,20125,1.0
14633,20126,2.0
14634,20127,5.0
14635,20128,3.0
14635,20129,4.0
14636,20130,2.0
14636,20131,19.0
14637,20132,1.0
14638,20133,1.0
14639,20134,13.0
14639,20135,16.0
14639,20136,2.0
14639,20137,7.0
14640,20138,3.0
14641,20139,
14642,20140,1.0
14642,20141,6.0
14643,20142,2.0
14643,20143,7.0
14643,20144,14.0
14643,20145,3.0
14644,20146,
14645,20147,1.0
14646,20148,14.0
14647,20149,3.0
14647,20150,25.0
14647,20151,15.0
14648,20152,
14649,20153,8.0
14649,20154,1.0
14649,20155,4.0
14650,20156,1.0
14651,20157,14.0
14652,20158,
14653,20159,5.0
14654,20160,3.0
14655,20161,5.0
14656,20162,1.0
14657,20163,1.0
14658,20164,3.0
14659,20165,3.0
14660,20166,1.0
14660,20167,4.0
14660,20168,6.0
14661,20169,1.0
14661,20170,4.0
14662,20171,1.0
14663,20172,3.0
14663,20173,25.0
14664,20174,5.0
14665,20175,13.0
14666,20176,9.0
14666,20177,6.0
14666,20178,5.0
14666,20179,28.0
14667,20180,5.0
14668,20181,2.0
14668,20182,19.0
14669,20183,3.0
14670,20184,1.0
14671,20185,5.0
14672,20186,5.0
14673,20187,13.0
14674,20188,5.0
14674,20189,28.0
14675,20190,1.0
14676,20191,5.0
14677,20192,1.0
14677,20193,5.0
14678,20194,3.0
14678,20195,4.0
14679,20196,3.0
14680,20197,1.0
14681,20198,1.0
14682,20199,1.0
14683,20200,1.0
14683,20201,5.0
14684,20202,3.0
14684,20203,4.0
14685,20204,1.0
14686,20205,21.0
14687,20206,1.0
14687,20207,25.0
14688,20208,17.0
14689,20209,13.0
14690,20210,5.0
14691,20211,5.0
14692,20212,1.0
14693,20213,2.0
14693,20214,19.0
14694,20215,18.0
14694,20216,3.0
14695,20217,1.0
14696,20218,1.0
14697,20219,1.0
14697,20220,3.0
14698,20221,1.0
14698,20222,2.0
14698,20223,6.0
14699,20224,14.0
14700,20225,21.0
14701,20226,13.0
14701,20227,16.0
14701,20228,1.0
14701,20229,9.0
14701,20230,2.0
14701,20231,12.0
14702,20232,5.0
14703,20233,5.0
14704,20234,2.0
14704,20235,14.0
14705,20236,5.0
14706,20237,8.0
14706,20238,15.0
14706,20239,5.0
14706,20240,28.0
14707,20241,3.0
14708,20242,1.0
14709,20243,14.0
14710,20244,1.0
14711,20245,1.0
14711,20246,3.0
14712,20247,3.0
14713,20248,1.0
14714,20249,17.0
14715,20250,2.0
14715,20251,19.0
14716,20252,1.0
14716,20253,4.0
14717,20254,5.0
14718,20255,5.0
14719,20256,13.0
14719,20257,1.0
14719,20258,9.0
14719,20259,4.0
14719,20260,12.0
14720,20261,
14721,20262,1.0
14722,20263,1.0
14722,20264,2.0
14723,20265,13.0
14723,20266,22.0
14723,20267,2.0
14724,20268,7.0
14724,20269,3.0
14725,20270,23.0
14725,20271,2.0
14726,20272,21.0
14727,20273,1.0
14728,20274,14.0
14729,20275,3.0
14730,20276,1.0
14731,20277,13.0
14731,20278,1.0
14731,20279,2.0
14731,20280,6.0
14732,20281,1.0
14732,20282,3.0
14733,20283,16.0
14733,20284,2.0
14733,20285,14.0
14733,20286,6.0
14734,20287,16.0
14735,20288,14.0
14736,20289,
14737,20290,5.0
14738,20291,1.0
14739,20292,8.0
14739,20293,24.0
14739,20294,5.0
14740,20295,
14741,20296,1.0
14741,20297,15.0
14742,20298,13.0
14743,20299,14.0
14744,20300,5.0
14745,20301,1.0
14746,20302,26.0
14747,20303,1.0
14748,20304,5.0
14749,20305,8.0
14749,20306,1.0
14749,20307,2.0
14749,20308,6.0
14750,20309,3.0
14751,20310,13.0
14752,20311,1.0
14753,20312,17.0
14754,20313,1.0
14755,20314,1.0
14755,20315,4.0
14756,20316,1.0
14757,20317,1.0
14757,20318,9.0
14757,20319,12.0
14758,20320,1.0
14759,20321,1.0
14760,20322,5.0
14761,20323,3.0
14762,20324,1.0
14762,20325,22.0
14762,20326,2.0
14763,20327,13.0
14763,20328,16.0
14763,20329,7.0
14763,20330,15.0
14764,20331,1.0
14765,20332,1.0
14765,20333,21.0
14766,20334,1.0
14766,20335,2.0
14766,20336,4.0
14767,20337,1.0
14768,20338,16.0
14768,20339,3.0
14768,20340,15.0
14769,20341,8.0
14769,20342,1.0
14770,20343,5.0
14771,20344,3.0
14772,20345,1.0
14773,20346,5.0
14774,20347,1.0
14775,20348,5.0
14776,20349,
14777,20350,1.0
14777,20351,3.0
14777,20352,6.0
14778,20353,1.0
14778,20354,22.0
14779,20355,1.0
14780,20356,1.0
14781,20357,5.0
14782,20358,9.0
14782,20359,22.0
14782,20360,5.0
14782,20361,28.0
14783,20362,1.0
14783,20363,2.0
14784,20364,1.0
14785,20365,1.0
14786,20366,13.0
14786,20367,16.0
14786,20368,23.0
14786,20369,2.0
14787,20370,1.0
14788,20371,14.0
14789,20372,3.0
14789,20373,4.0
14790,20374,3.0
14790,20375,4.0
14791,20376,1.0
14792,20377,5.0
14793,20378,14.0
14794,20379,14.0
14795,20380,3.0
14796,20381,1.0
14797,20382,13.0
14798,20383,1.0
14799,20384,1.0
14800,20385,10.0
14800,20386,11.0
14801,20387,5.0
14802,20388,16.0
14803,20389,1.0
14804,20390,3.0
14805,20391,16.0
14806,20392,8.0
14806,20393,24.0
14806,20394,5.0
14807,20395,3.0
14808,20396,3.0
14809,20397,
14810,20398,
14811,20399,5.0
14812,20400,1.0
14812,20401,18.0
14813,20402,3.0
14814,20403,23.0
14814,20404,3.0
14815,20405,3.0
14816,20406,13.0
14817,20407,1.0
14817,20408,7.0
14817,20409,3.0
14818,20410,13.0
14819,20411,3.0
14820,20412,1.0
14821,20413,13.0
14822,20414,3.0
14823,20415,
14824,20416,13.0
14824,20417,1.0
14824,20418,22.0
14824,20419,2.0
14824,20420,6.0
14825,20421,3.0
14826,20422,3.0
14827,20423,16.0
14828,20424,3.0
14829,20425,1.0
14830,20426,1.0
14831,20427,2.0
14831,20428,19.0
14832,20429,5.0
14833,20430,14.0
14834,20431,3.0
14835,20432,3.0
14836,20433,1.0
14837,20434,3.0
14838,20435,1.0
14839,20436,1.0
14840,20437,1.0
14841,20438,3.0
14842,20439,5.0
14843,20440,1.0
14844,20441,1.0
14845,20442,1.0
14846,20443,27.0
14847,20444,10.0
14847,20445,11.0
14848,20446,1.0
14848,20447,22.0
14848,20448,2.0
14848,20449,4.0
14849,20450,17.0
14850,20451,3.0
14851,20452,1.0
14852,20453,17.0
14853,20454,3.0
14854,20455,
14855,20456,14.0
14856,20457,1.0
14856,20458,21.0
14857,20459,3.0
14858,20460,21.0
14859,20461,16.0
14860,20462,16.0
14861,20463,3.0
14862,20464,5.0
14863,20465,3.0
14864,20466,1.0
14865,20467,2.0
14865,20468,19.0
14866,20469,16.0
14867,20470,3.0
14868,20471,1.0
14869,20472,3.0
14870,20473,3.0
14871,20474,3.0
14872,20475,1.0
14873,20476,5.0
14874,20477,1.0
14875,20478,1.0
14876,20479,1.0
14876,20480,7.0
14876,20481,4.0
14877,20482,16.0
14878,20483,1.0
14878,20484,2.0
14879,20485,1.0
14880,20486,2.0
14880,20487,19.0
14881,20488,1.0
14881,20489,2.0
14881,20490,12.0
14882,20491,1.0
14883,20492,1.0
14883,20493,6.0
14884,20494,5.0
14885,20495,1.0
14886,20496,1.0
14887,20497,
14888,20498,1.0
14889,20499,
14890,20500,1.0
14891,20501,2.0
14891,20502,19.0
14892,20503,18.0
14892,20504,3.0
14893,20505,
14894,20506,1.0
14895,20507,13.0
14896,20508,3.0
14897,20509,2.0
14897,20510,14.0
14898,20511,1.0
14898,20512,2.0
14898,20513,6.0
14899,20514,1.0
14899,20515,22.0
14899,20516,2.0
14900,20517,16.0
14901,20518,13.0
14902,20519,3.0
14903,20520,13.0
14904,20521,16.0
14905,20522,5.0
14906,20523,3.0
14907,20524,5.0
14908,20525,1.0
14909,20526,1.0
14909,20527,7.0
14910,20528,26.0
14911,20529,1.0
14912,20530,13.0
14913,20531,13.0
14914,20532,13.0
14915,20533,1.0
14916,20534,13.0
14917,20535,5.0
14918,20536,13.0
14919,20537,5.0
14920,20538,5.0
14921,20539,1.0
14922,20540,5.0
14923,20541,1.0
14924,20542,23.0
14924,20543,1.0
14924,20544,22.0
14924,20545,2.0
14925,20546,16.0
14926,20547,3.0
14927,20548,1.0
14928,20549,1.0
14929,20550,1.0
14930,20551,5.0
14931,20552,18.0
14931,20553,5.0
14932,20554,1.0
14932,20555,4.0
14933,20556,5.0
14934,20557,13.0
14935,20558,3.0
14936,20559,
14937,20560,6.0
14937,20561,5.0
14938,20562,1.0
14938,20563,4.0
14938,20564,6.0
14939,20565,6.0
14939,20566,5.0
14940,20567,1.0
14941,20568,1.0
14942,20569,16.0
14942,20570,23.0
14942,20571,3.0
14942,20572,25.0
14942,20573,15.0
14943,20574,2.0
14943,20575,19.0
14944,20576,1.0
14944,20577,22.0
14944,20578,2.0
14944,20579,6.0
14945,20580,10.0
14945,20581,11.0
14946,20582,5.0
14947,20583,17.0
14948,20584,20.0
14949,20585,3.0
14950,20586,2.0
14950,20587,19.0
14951,20588,2.0
14951,20589,14.0
14952,20590,1.0
14953,20591,5.0
14954,20592,13.0
14954,20593,1.0
14954,20594,22.0
14954,20595,2.0
14954,20596,6.0
14955,20597,
14956,20598,1.0
14956,20599,3.0
14957,20600,5.0
14958,20601,1.0
14959,20602,1.0
14959,20603,22.0
14959,20604,2.0
14959,20605,6.0
14960,20606,21.0
14961,20607,1.0
14962,20608,
14963,20609,1.0
14964,20610,5.0
14965,20611,
14966,20612,1.0
14967,20613,5.0
14968,20614,2.0
14968,20615,19.0
14969,20616,13.0
14969,20617,23.0
14969,20618,2.0
14970,20619,1.0
14971,20620,3.0
14971,20621,4.0
14971,20622,6.0
14972,20623,3.0
14973,20624,16.0
14973,20625,23.0
14973,20626,1.0
14973,20627,7.0
14973,20628,25.0
14974,20629,1.0
14975,20630,4.0
14976,20631,14.0
14977,20632,3.0
14978,20633,1.0
14979,20634,5.0
14980,20635,23.0
14981,20636,2.0
14981,20637,4.0
14982,20638,
14983,20639,1.0
14984,20640,5.0
14985,20641,1.0
14986,20642,13.0
14986,20643,23.0
14986,20644,1.0
14987,20645,1.0
14987,20646,3.0
14988,20647,3.0
14989,20648,3.0
14990,20649,1.0
14991,20650,1.0
14992,20651,5.0
14993,20652,3.0
14994,20653,1.0
14994,20654,3.0
14995,20655,16.0
14996,20656,1.0
14997,20657,1.0
14998,20658,1.0
14999,20659,1.0
15000,20660,1.0
15000,20661,3.0
15000,20662,4.0
15001,20663,5.0
15002,20664,1.0
15003,20665,16.0
15004,20666,14.0
15005,20667,1.0
15006,20668,3.0
15007,20669,13.0
15007,20670,16.0
15007,20671,7.0
15007,20672,3.0
15007,20673,4.0
15008,20674,1.0
15008,20675,9.0
15008,20676,5.0
15009,20677,2.0
15009,20678,19.0
15010,20679,3.0
15011,20680,2.0
15011,20681,19.0
15012,20682,1.0
15012,20683,3.0
15013,20684,3.0
15014,20685,5.0
15015,20686,13.0
15015,20687,16.0
15015,20688,2.0
15016,20689,1.0
15016,20690,6.0
15017,20691,1.0
15017,20692,4.0
15018,20693,1.0
15019,20694,1.0
15019,20695,2.0
15020,20696,1.0
15021,20697,8.0
15021,20698,9.0
15021,20699,24.0
15021,20700,5.0
15022,20701,1.0
15023,20702,1.0
15024,20703,1.0
15025,20704,1.0
15026,20705,3.0
15026,20706,4.0
15027,20707,13.0
15028,20708,1.0
15029,20709,13.0
15029,20710,1.0
15029,20711,6.0
15030,20712,3.0
15031,20713,2.0
15032,20714,1.0
15033,20715,1.0
15034,20716,1.0
15034,20717,2.0
15034,20718,14.0
15035,20719,13.0
15035,20720,23.0
15035,20721,1.0
15035,20722,22.0
15035,20723,2.0
15036,20724,13.0
15037,20725,3.0
15038,20726,13.0
15039,20727,14.0
15039,20728,3.0
15040,20729,5.0
15041,20730,1.0
15041,20731,3.0
15041,20732,5.0
15042,20733,1.0
15043,20734,1.0
15044,20735,1.0
15045,20736,13.0
15046,20737,1.0
15047,20738,1.0
15047,20739,20.0
15048,20740,16.0
15049,20741,5.0
15050,20742,5.0
15051,20743,10.0
15051,20744,11.0
15052,20745,1.0
15053,20746,1.0
15054,20747,10.0
15054,20748,11.0
15055,20749,24.0
15055,20750,5.0
15056,20751,2.0
15056,20752,19.0
15057,20753,1.0
15058,20754,13.0
15059,20755,1.0
15059,20756,22.0
15059,20757,2.0
15059,20758,4.0
15059,20759,6.0
15060,20760,16.0
15060,20761,5.0
15061,20762,1.0
15062,20763,2.0
15063,20764,1.0
15064,20765,1.0
15064,20766,3.0
15064,20767,4.0
15064,20768,25.0
15065,20769,1.0
15066,20770,8.0
15066,20771,1.0
15066,20772,3.0
15067,20773,13.0
15067,20774,16.0
15067,20775,1.0
15068,20776,1.0
15068,20777,22.0
15068,20778,2.0
15069,20779,21.0
15070,20780,1.0
15070,20781,3.0
15071,20782,13.0
15071,20783,16.0
15071,20784,1.0
15071,20785,2.0
15072,20786,16.0
15073,20787,3.0
15074,20788,1.0
15075,20789,1.0
15076,20790,1.0
15077,20791,1.0
15077,20792,15.0
15078,20793,
15079,20794,13.0
15080,20795,1.0
15081,20796,16.0
15081,20797,1.0
15081,20798,22.0
15081,20799,2.0
15081,20800,14.0
15082,20801,5.0
15083,20802,14.0
15084,20803,1.0
15085,20804,13.0
15086,20805,1.0
15087,20806,22.0
15087,20807,6.0
15087,20808,5.0
15088,20809,13.0
15089,20810,1.0
15090,20811,1.0
15091,20812,16.0
15091,20813,3.0
15091,20814,24.0
15092,20815,1.0
15093,20816,1.0
15094,20817,
15095,20818,1.0
15096,20819,16.0
15097,20820,3.0
15098,20821,1.0
15098,20822,4.0
15099,20823,5.0
15100,20824,8.0
15100,20825,1.0
15100,20826,9.0
15100,20827,12.0
15101,20828,1.0
15102,20829,3.0
15102,20830,4.0
15103,20831,1.0
15104,20832,27.0
15105,20833,1.0
15106,20834,14.0
15107,20835,3.0
15108,20836,3.0
15109,20837,8.0
15109,20838,24.0
15109,20839,5.0
15110,20840,5.0
15111,20841,13.0
15111,20842,23.0
15111,20843,2.0
15112,20844,16.0
15112,20845,1.0
15112,20846,4.0
15113,20847,3.0
15114,20848,13.0
15115,20849,2.0
15115,20850,19.0
15116,20851,1.0
15117,20852,1.0
15118,20853,2.0
15118,20854,19.0
15119,20855,13.0
15120,20856,17.0
15121,20857,3.0
15122,20858,3.0
15123,20859,13.0
15123,20860,1.0
15123,20861,2.0
15123,20862,6.0
15124,20863,10.0
15124,20864,11.0
15125,20865,13.0
15126,20866,3.0
15127,20867,16.0
15128,20868,1.0
15129,20869,1.0
15130,20870,5.0
15131,20871,16.0
15132,20872,21.0
15133,20873,1.0
15134,20874,16.0
15135,20875,13.0
15135,20876,23.0
15135,20877,3.0
15136,20878,21.0
15137,20879,5.0
15138,20880,3.0
15139,20881,13.0
15139,20882,16.0
15139,20883,8.0
15139,20884,1.0
15139,20885,9.0
15139,20886,2.0
15140,20887,10.0
15140,20888,11.0
15141,20889,5.0
15142,20890,13.0
15142,20891,16.0
15142,20892,3.0
15142,20893,25.0
15142,20894,15.0
15143,20895,
15144,20896,13.0
15145,20897,23.0
15145,20898,22.0
15145,20899,2.0
15146,20900,3.0
15147,20901,2.0
15147,20902,19.0
15148,20903,1.0
15149,20904,1.0
15150,20905,3.0
15151,20906,13.0
15152,20907,1.0
15153,20908,3.0
15154,20909,3.0
15155,20910,
15156,20911,3.0
15157,20912,13.0
15158,20913,17.0
15159,20914,1.0
15160,20915,1.0
15161,20916,3.0
15162,20917,3.0
15163,20918,2.0
15163,20919,19.0
15164,20920,17.0
15165,20921,16.0
15166,20922,5.0
15167,20923,1.0
15168,20924,1.0
15169,20925,1.0
15170,20926,16.0
15171,20927,5.0
15172,20928,26.0
15173,20929,5.0
15174,20930,1.0
15175,20931,16.0
15176,20932,5.0
15177,20933,3.0
15178,20934,5.0
15179,20935,1.0
15180,20936,5.0
15181,20937,1.0
15181,20938,3.0
15182,20939,1.0
15183,20940,1.0
15184,20941,21.0
15185,20942,1.0
15185,20943,18.0
15186,20944,8.0
15186,20945,1.0
15186,20946,9.0
15186,20947,4.0
15187,20948,1.0
15188,20949,1.0
15189,20950,5.0
15190,20951,3.0
15191,20952,8.0
15191,20953,1.0
15191,20954,24.0
15192,20955,3.0
15193,20956,16.0
15194,20957,8.0
15195,20958,5.0
15196,20959,22.0
15196,20960,5.0
15197,20961,
15198,20962,1.0
15198,20963,7.0
15198,20964,3.0
15198,20965,4.0
15199,20966,1.0
15199,20967,22.0
15199,20968,2.0
15199,20969,6.0
15200,20970,17.0
15201,20971,3.0
15202,20972,3.0
15203,20973,16.0
15204,20974,1.0
15205,20975,3.0
15206,20976,16.0
15207,20977,5.0
15208,20978,13.0
15208,20979,1.0
15209,20980,
15210,20981,10.0
15210,20982,11.0
15211,20983,2.0
15211,20984,19.0
15212,20985,1.0
15213,20986,1.0
15214,20987,1.0
15215,20988,3.0
15216,20989,
15217,20990,3.0
15218,20991,2.0
15218,20992,19.0
15219,20993,1.0
15220,20994,16.0
15220,20995,1.0
15220,20996,7.0
15220,20997,3.0
15220,20998,15.0
15221,20999,2.0
15222,21000,1.0
15223,21001,1.0
15223,21002,3.0
15223,21003,4.0
15224,21004,16.0
15225,21005,8.0
15225,21006,1.0
15225,21007,9.0
15225,21008,2.0
15225,21009,6.0
15226,21010,7.0
15226,21011,3.0
15226,21012,4.0
15226,21013,15.0
15227,21014,3.0
15228,21015,1.0
15229,21016,1.0
15230,21017,1.0
15231,21018,8.0
15231,21019,1.0
15231,21020,3.0
15231,21021,24.0
15232,21022,16.0
15233,21023,1.0
15234,21024,1.0
15235,21025,1.0
15236,21026,6.0
15236,21027,5.0
15237,21028,16.0
15237,21029,23.0
15237,21030,3.0
15237,21031,4.0
15237,21032,15.0
15238,21033,2.0
15238,21034,19.0
15239,21035,3.0
15240,21036,16.0
15241,21037,3.0
15242,21038,13.0
15243,21039,1.0
15244,21040,1.0
15244,21041,2.0
15244,21042,4.0
15245,21043,1.0
15246,21044,5.0
15247,21045,16.0
15248,21046,5.0
15249,21047,13.0
15249,21048,1.0
15249,21049,2.0
15249,21050,6.0
15250,21051,
15251,21052,2.0
15251,21053,19.0
15252,21054,1.0
15253,21055,1.0
15254,21056,5.0
15255,21057,5.0
15256,21058,1.0
15257,21059,16.0
15258,21060,14.0
15259,21061,3.0
15260,21062,
15261,21063,14.0
15262,21064,13.0
15263,21065,1.0
15263,21066,3.0
15263,21067,24.0
15264,21068,1.0
15264,21069,18.0
15264,21070,3.0
15264,21071,6.0
15265,21072,1.0
15265,21073,3.0
15266,21074,2.0
15266,21075,14.0
15267,21076,18.0
15267,21077,5.0
15268,21078,7.0
15268,21079,3.0
15268,21080,15.0
15269,21081,3.0
15270,21082,
15271,21083,3.0
15272,21084,1.0
15272,21085,2.0
15272,21086,12.0
15273,21087,1.0
15273,21088,2.0
15273,21089,6.0
15274,21090,1.0
15274,21091,3.0
15275,21092,5.0
15276,21093,3.0
15277,21094,5.0
15278,21095,1.0
15279,21096,1.0
15280,21097,2.0
15280,21098,19.0
15281,21099,1.0
15282,21100,20.0
15283,21101,5.0
15284,21102,1.0
15285,21103,1.0
15286,21104,2.0
15286,21105,19.0
15287,21106,1.0
15288,21107,1.0
15289,21108,1.0
15290,21109,2.0
15290,21110,6.0
15291,21111,24.0
15291,21112,5.0
15292,21113,1.0
15293,21114,3.0
15294,21115,5.0
15295,21116,13.0
15295,21117,16.0
15295,21118,3.0
15295,21119,25.0
15295,21120,15.0
15296,21121,3.0
15297,21122,2.0
15297,21123,19.0
15298,21124,1.0
15298,21125,3.0
15298,21126,6.0
15299,21127,1.0
15300,21128,1.0
15300,21129,12.0
15301,21130,1.0
15301,21131,3.0
15301,21132,4.0
15302,21133,3.0
15303,21134,1.0
15303,21135,2.0
15303,21136,6.0
15304,21137,1.0
15304,21138,4.0
15305,21139,3.0
15306,21140,17.0
15307,21141,13.0
15308,21142,1.0
15309,21143,5.0
15310,21144,13.0
15311,21145,5.0
15312,21146,1.0
15312,21147,22.0
15312,21148,3.0
15313,21149,5.0
15314,21150,3.0
15315,21151,1.0
15316,21152,3.0
15317,21153,5.0
15318,21154,1.0
15319,21155,1.0
15319,21156,7.0
15319,21157,4.0
15320,21158,13.0
15320,21159,3.0
15320,21160,15.0
15321,21161,1.0
15322,21162,1.0
15323,21163,5.0
15324,21164,2.0
15324,21165,14.0
15325,21166,3.0
15326,21167,3.0
15327,21168,5.0
15328,21169,3.0
15329,21170,16.0
15330,21171,1.0
15331,21172,1.0
15332,21173,3.0
15333,21174,3.0
15334,21175,14.0
15335,21176,13.0
15335,21177,16.0
15335,21178,7.0
15336,21179,14.0
15337,21180,8.0
15337,21181,1.0
15338,21182,1.0
15338,21183,22.0
15338,21184,2.0
15338,21185,14.0
15338,21186,6.0
15339,21187,14.0
15340,21188,1.0
15341,21189,13.0
15342,21190,3.0
15343,21191,1.0
15343,21192,3.0
15344,21193,1.0
15345,21194,1.0
15345,21195,3.0
15346,21196,2.0
15346,21197,6.0
15347,21198,21.0
15348,21199,1.0
15349,21200,2.0
15349,21201,19.0
15350,21202,16.0
15351,21203,13.0
15352,21204,3.0
15353,21205,1.0
15354,21206,3.0
15355,21207,13.0
15355,21208,1.0
15355,21209,2.0
15355,21210,3.0
15355,21211,6.0
15356,21212,1.0
15357,21213,16.0
15357,21214,1.0
15357,21215,2.0
15357,21216,15.0
15358,21217,1.0
15359,21218,2.0
15359,21219,19.0
15360,21220,13.0
15360,21221,16.0
15360,21222,23.0
15360,21223,2.0
15360,21224,7.0
15361,21225,13.0
15362,21226,16.0
15363,21227,3.0
15363,21228,5.0
15364,21229,2.0
15364,21230,19.0
15365,21231,1.0
15365,21232,15.0
15366,21233,2.0
15366,21234,14.0
15367,21235,3.0
15367,21236,4.0
15368,21237,1.0
15369,21238,23.0
15369,21239,1.0
15369,21240,4.0
15370,21241,3.0
15370,21242,15.0
15371,21243,2.0
15371,21244,19.0
15372,21245,1.0
15373,21246,3.0
15374,21247,3.0
15375,21248,3.0
15375,21249,6.0
15376,21250,1.0
15377,21251,16.0
15377,21252,3.0
15377,21253,4.0
15377,21254,24.0
15377,21255,25.0
15377,21256,15.0
15378,21257,3.0
15379,21258,1.0
15380,21259,5.0
15381,21260,5.0
15382,21261,1.0
15383,21262,1.0
15383,21263,3.0
15384,21264,2.0
15384,21265,19.0
15385,21266,13.0
15386,21267,2.0
15386,21268,19.0
15387,21269,5.0
15388,21270,14.0
15388,21271,3.0
15389,21272,14.0
15390,21273,1.0
15391,21274,1.0
15391,21275,3.0
15392,21276,13.0
15393,21277,23.0
15393,21278,2.0
15393,21279,14.0
15394,21280,
15395,21281,1.0
15396,21282,22.0
15396,21283,2.0
15397,21284,13.0
15398,21285,1.0
15399,21286,14.0
15400,21287,1.0
15400,21288,18.0
15401,21289,13.0
15401,21290,16.0
15401,21291,23.0
15401,21292,2.0
15401,21293,12.0
15402,21294,3.0
15403,21295,2.0
15403,21296,19.0
15404,21297,
15405,21298,3.0
15406,21299,1.0
15407,21300,5.0
15408,21301,1.0
15409,21302,10.0
15409,21303,11.0
15410,21304,14.0
15411,21305,2.0
15411,21306,19.0
15412,21307,1.0
15413,21308,
15414,21309,13.0
15415,21310,
15416,21311,1.0
15416,21312,3.0
15417,21313,1.0
15418,21314,1.0
15419,21315,1.0
15420,21316,1.0
15421,21317,1.0
15422,21318,13.0
15423,21319,17.0
15424,21320,1.0
15424,21321,4.0
15424,21322,32.0
15425,21323,3.0
15426,21324,17.0
15427,21325,17.0
15428,21326,16.0
15429,21327,5.0
15430,21328,2.0
15430,21329,3.0
15430,21330,6.0
15431,21331,5.0
15432,21332,5.0
15433,21333,1.0
15434,21334,
15435,21335,16.0
15436,21336,2.0
15437,21337,16.0
15438,21338,
15439,21339,3.0
15440,21340,2.0
15440,21341,19.0
15441,21342,3.0
15442,21343,2.0
15442,21344,19.0
15443,21345,16.0
15444,21346,5.0
15445,21347,
15446,21348,5.0
15447,21349,3.0
15448,21350,13.0
15449,21351,1.0
15450,21352,1.0
15451,21353,2.0
15451,21354,19.0
15452,21355,14.0
15453,21356,13.0
15454,21357,3.0
15455,21358,1.0
15456,21359,2.0
15456,21360,19.0
15457,21361,2.0
15457,21362,19.0
15458,21363,3.0
15459,21364,16.0
15460,21365,5.0
15461,21366,5.0
15462,21367,3.0
15463,21368,1.0
15464,21369,3.0
15465,21370,13.0
15465,21371,16.0
15465,21372,2.0
15465,21373,20.0
15466,21374,1.0
15467,21375,16.0
15468,21376,1.0
15469,21377,13.0
15469,21378,1.0
15469,21379,22.0
15469,21380,2.0
15469,21381,6.0
15470,21382,17.0
15471,21383,1.0
15472,21384,2.0
15472,21385,19.0
15473,21386,3.0
15474,21387,27.0
15475,21388,13.0
15476,21389,13.0
15477,21390,5.0
15478,21391,3.0
15479,21392,5.0
15480,21393,10.0
15480,21394,11.0
15481,21395,1.0
15481,21396,24.0
15482,21397,3.0
15483,21398,5.0
15484,21399,3.0
15485,21400,5.0
15486,21401,5.0
15487,21402,1.0
15488,21403,24.0
15488,21404,5.0
15489,21405,16.0
15490,21406,5.0
15491,21407,1.0
15491,21408,2.0
15491,21409,6.0
15492,21410,16.0
15492,21411,1.0
15492,21412,3.0
15493,21413,1.0
15493,21414,3.0
15493,21415,4.0
15494,21416,2.0
15494,21417,19.0
15495,21418,1.0
15496,21419,13.0
15496,21420,1.0
15496,21421,2.0
15497,21422,3.0
15498,21423,18.0
15498,21424,3.0
15498,21425,15.0
15499,21426,1.0
15499,21427,4.0
15500,21428,3.0
15501,21429,3.0
15501,21430,4.0
15502,21431,13.0
15502,21432,23.0
15502,21433,2.0
15502,21434,7.0
15502,21435,14.0
15503,21436,2.0
15503,21437,19.0
15504,21438,1.0
15505,21439,10.0
15505,21440,11.0
15506,21441,1.0
15507,21442,3.0
15508,21443,8.0
15508,21444,1.0
15508,21445,24.0
15509,21446,3.0
15510,21447,13.0
15510,21448,16.0
15510,21449,2.0
15511,21450,16.0
15512,21451,14.0
15513,21452,2.0
15513,21453,19.0
15514,21454,3.0
15515,21455,16.0
15516,21456,26.0
15517,21457,16.0
15518,21458,14.0
15519,21459,16.0
15520,21460,5.0
15521,21461,17.0
15522,21462,1.0
15523,21463,5.0
15524,21464,1.0
15525,21465,
15526,21466,2.0
15526,21467,19.0
15527,21468,1.0
15528,21469,3.0
15528,21470,4.0
15529,21471,16.0
15529,21472,8.0
15529,21473,1.0
15529,21474,9.0
15529,21475,4.0
15530,21476,18.0
15530,21477,3.0
15531,21478,16.0
15531,21479,1.0
15531,21480,3.0
15531,21481,4.0
15532,21482,1.0
15533,21483,1.0
15534,21484,1.0
15534,21485,18.0
15534,21486,2.0
15534,21487,4.0
15534,21488,6.0
15535,21489,1.0
15536,21490,2.0
15536,21491,19.0
15537,21492,1.0
15537,21493,9.0
15537,21494,4.0
15537,21495,12.0
15538,21496,16.0
15538,21497,3.0
15538,21498,15.0
15539,21499,5.0
15540,21500,3.0
15540,21501,6.0
15541,21502,1.0
15541,21503,3.0
15541,21504,4.0
15542,21505,21.0
15543,21506,3.0
15544,21507,1.0
15545,21508,1.0
15546,21509,1.0
15547,21510,8.0
15547,21511,5.0
15548,21512,1.0
15548,21513,9.0
15548,21514,2.0
15548,21515,12.0
15549,21516,1.0
15550,21517,1.0
15550,21518,3.0
15550,21519,4.0
15551,21520,3.0
15551,21521,4.0
15552,21522,1.0
15553,21523,16.0
15553,21524,7.0
15553,21525,3.0
15553,21526,15.0
15554,21527,1.0
15555,21528,5.0
15556,21529,1.0
15557,21530,1.0
15557,21531,18.0
15558,21532,13.0
15558,21533,16.0
15558,21534,1.0
15558,21535,2.0
15559,21536,1.0
15560,21537,1.0
15561,21538,16.0
15561,21539,1.0
15561,21540,3.0
15562,21541,2.0
15562,21542,6.0
15563,21543,1.0
15563,21544,9.0
15563,21545,3.0
15563,21546,12.0
15564,21547,2.0
15564,21548,19.0
15565,21549,5.0
15566,21550,1.0
15566,21551,3.0
15567,21552,1.0
15568,21553,13.0
15568,21554,23.0
15568,21555,22.0
15568,21556,2.0
15569,21557,1.0
15569,21558,4.0
15570,21559,1.0
15571,21560,1.0
15571,21561,4.0
15571,21562,12.0
15572,21563,16.0
15572,21564,1.0
15572,21565,15.0
15573,21566,14.0
15574,21567,8.0
15574,21568,1.0
15574,21569,4.0
15574,21570,6.0
15575,21571,1.0
15576,21572,1.0
15576,21573,4.0
15577,21574,3.0
15578,21575,5.0
15579,21576,3.0
15580,21577,1.0
15581,21578,3.0
15582,21579,1.0
15582,21580,4.0
15582,21581,24.0
15583,21582,13.0
15583,21583,16.0
15583,21584,7.0
15584,21585,16.0
15584,21586,1.0
15584,21587,18.0
15584,21588,5.0
15585,21589,3.0
15586,21590,16.0
15587,21591,8.0
15587,21592,5.0
15588,21593,3.0
15588,21594,4.0
15589,21595,1.0
15590,21596,1.0
15590,21597,2.0
15591,21598,1.0
15592,21599,3.0
15593,21600,8.0
15593,21601,24.0
15593,21602,5.0
15594,21603,1.0
15594,21604,3.0
15594,21605,4.0
15595,21606,3.0
15596,21607,3.0
15597,21608,16.0
15598,21609,3.0
15598,21610,4.0
15598,21611,21.0
15599,21612,13.0
15600,21613,10.0
15600,21614,11.0
15601,21615,13.0
15602,21616,8.0
15602,21617,5.0
15603,21618,1.0
15604,21619,1.0
15605,21620,1.0
15606,21621,1.0
15606,21622,3.0
15607,21623,5.0
15608,21624,1.0
15608,21625,3.0
15608,21626,4.0
15609,21627,1.0
15610,21628,5.0
15611,21629,3.0
15612,21630,16.0
15612,21631,23.0
15612,21632,4.0
15612,21633,25.0
15612,21634,15.0
15613,21635,1.0
15613,21636,2.0
15614,21637,1.0
15614,21638,3.0
15615,21639,3.0
15615,21640,21.0
15616,21641,5.0
15617,21642,13.0
15618,21643,1.0
15619,21644,1.0
15620,21645,
15621,21646,13.0
15622,21647,5.0
15623,21648,1.0
15623,21649,14.0
15623,21650,3.0
15624,21651,1.0
15625,21652,
15626,21653,
15627,21654,1.0
15627,21655,3.0
15627,21656,4.0
15628,21657,2.0
15628,21658,19.0
15629,21659,3.0
15630,21660,24.0
15630,21661,5.0
15631,21662,14.0
15632,21663,3.0
15633,21664,16.0
15634,21665,5.0
15635,21666,1.0
15635,21667,3.0
15635,21668,4.0
15635,21669,24.0
15635,21670,15.0
15636,21671,13.0
15636,21672,23.0
15636,21673,2.0
15637,21674,13.0
15638,21675,3.0
15638,21676,4.0
15639,21677,5.0
15640,21678,13.0
15640,21679,16.0
15640,21680,7.0
15641,21681,16.0
15642,21682,1.0
15643,21683,3.0
15644,21684,1.0
15645,21685,1.0
15645,21686,6.0
15646,21687,5.0
15647,21688,3.0
15647,21689,24.0
15647,21690,5.0
15648,21691,17.0
15649,21692,13.0
15650,21693,5.0
15651,21694,1.0
15652,21695,14.0
15653,21696,5.0
15654,21697,8.0
15654,21698,9.0
15654,21699,5.0
15654,21700,28.0
15655,21701,1.0
15656,21702,1.0
15657,21703,5.0
15658,21704,1.0
15659,21705,1.0
15660,21706,13.0
15660,21707,22.0
15660,21708,2.0
15661,21709,8.0
15661,21710,1.0
15662,21711,1.0
15663,21712,16.0
15663,21713,7.0
15663,21714,3.0
15663,21715,15.0
15664,21716,5.0
15665,21717,13.0
15666,21718,26.0
15667,21719,3.0
15668,21720,5.0
15669,21721,5.0
15670,21722,1.0
15671,21723,13.0
15671,21724,16.0
15672,21725,3.0
15673,21726,1.0
15674,21727,
15675,21728,5.0
15676,21729,1.0
15677,21730,13.0
15677,21731,23.0
15677,21732,1.0
15677,21733,22.0
15677,21734,2.0
15678,21735,13.0
15678,21736,16.0
15678,21737,1.0
15678,21738,7.0
15678,21739,3.0
15679,21740,
15680,21741,21.0
15681,21742,
15682,21743,3.0
15682,21744,5.0
15683,21745,13.0
15684,21746,5.0
15685,21747,1.0
15686,21748,3.0
15687,21749,3.0
15687,21750,4.0
15688,21751,3.0
15689,21752,2.0
15689,21753,19.0
15690,21754,5.0
15691,21755,10.0
15691,21756,11.0
15692,21757,1.0
15693,21758,3.0
15694,21759,
15695,21760,1.0
15696,21761,1.0
15696,21762,3.0
15697,21763,1.0
15697,21764,18.0
15698,21765,3.0
15699,21766,2.0
15699,21767,19.0
15700,21768,1.0
15700,21769,3.0
15701,21770,16.0
15701,21771,8.0
15701,21772,15.0
15701,21773,5.0
15701,21774,30.0
15702,21775,3.0
15703,21776,8.0
15703,21777,1.0
15704,21778,23.0
15704,21779,2.0
15704,21780,14.0
15705,21781,5.0
15706,21782,8.0
15706,21783,9.0
15706,21784,22.0
15706,21785,6.0
15706,21786,5.0
15707,21787,2.0
15707,21788,3.0
15708,21789,1.0
15709,21790,1.0
15709,21791,24.0
15710,21792,2.0
15710,21793,19.0
15711,21794,6.0
15711,21795,5.0
15712,21796,14.0
15713,21797,2.0
15713,21798,14.0
15714,21799,1.0
15715,21800,1.0
15716,21801,14.0
15717,21802,2.0
15717,21803,19.0
15718,21804,3.0
15719,21805,5.0
15720,21806,
15721,21807,1.0
15722,21808,3.0
15723,21809,9.0
15723,21810,18.0
15723,21811,5.0
15724,21812,1.0
15725,21813,17.0
15726,21814,3.0
15727,21815,13.0
15728,21816,1.0
15728,21817,2.0
15729,21818,1.0
15729,21819,3.0
15730,21820,4.0
15731,21821,1.0
15732,21822,1.0
15733,21823,1.0
15734,21824,1.0
15734,21825,7.0
15734,21826,3.0
15734,21827,4.0
15735,21828,
15736,21829,13.0
15737,21830,2.0
15737,21831,19.0
15738,21832,1.0
15738,21833,2.0
15738,21834,6.0
15739,21835,
15740,21836,8.0
15740,21837,1.0
15740,21838,22.0
15740,21839,4.0
15741,21840,5.0
15742,21841,
15743,21842,1.0
15743,21843,3.0
15743,21844,4.0
15744,21845,1.0
15744,21846,4.0
15745,21847,1.0
15745,21848,9.0
15745,21849,24.0
15746,21850,3.0
15747,21851,12.0
15747,21852,5.0
15748,21853,
15749,21854,1.0
15750,21855,3.0
15751,21856,1.0
15752,21857,16.0
15752,21858,7.0
15752,21859,3.0
15752,21860,15.0
15753,21861,3.0
15754,21862,16.0
15754,21863,3.0
15754,21864,25.0
15754,21865,15.0
15755,21866,1.0
15755,21867,22.0
15755,21868,2.0
15755,21869,6.0
15756,21870,1.0
15756,21871,2.0
15757,21872,1.0
15758,21873,18.0
15758,21874,5.0
15759,21875,1.0
15760,21876,1.0
15760,21877,3.0
15760,21878,4.0
15761,21879,3.0
15762,21880,1.0
15763,21881,16.0
15764,21882,5.0
15765,21883,1.0
15766,21884,2.0
15766,21885,14.0
15767,21886,26.0
15768,21887,2.0
15768,21888,19.0
15769,21889,3.0
15769,21890,4.0
15770,21891,13.0
15770,21892,2.0
15771,21893,1.0
15772,21894,5.0
15773,21895,3.0
15774,21896,20.0
15775,21897,5.0
15776,21898,23.0
15776,21899,1.0
15776,21900,4.0
15777,21901,
15778,21902,17.0
15779,21903,2.0
15779,21904,14.0
15780,21905,17.0
15781,21906,3.0
15782,21907,8.0
15782,21908,9.0
15782,21909,5.0
15783,21910,16.0
15784,21911,3.0
15785,21912,17.0
15786,21913,1.0
15786,21914,4.0
15787,21915,16.0
15788,21916,22.0
15788,21917,14.0
15789,21918,1.0
15790,21919,17.0
15791,21920,13.0
15791,21921,16.0
15791,21922,23.0
15791,21923,7.0
15792,21924,1.0
15793,21925,
15794,21926,2.0
15795,21927,16.0
15796,21928,3.0
15797,21929,1.0
15798,21930,17.0
15799,21931,16.0
15800,21932,13.0
15801,21933,10.0
15801,21934,11.0
15802,21935,1.0
15802,21936,22.0
15802,21937,2.0
15802,21938,14.0
15803,21939,1.0
15804,21940,5.0
15805,21941,
15806,21942,16.0
15807,21943,16.0
15807,21944,1.0
15807,21945,9.0
15807,21946,3.0
15807,21947,20.0
15808,21948,
15809,21949,17.0
15810,21950,27.0
15811,21951,1.0
15811,21952,18.0
15811,21953,24.0
15811,21954,5.0
15812,21955,1.0
15813,21956,1.0
15814,21957,1.0
15815,21958,2.0
15815,21959,19.0
15816,21960,16.0
15817,21961,3.0
15818,21962,16.0
15819,21963,1.0
15820,21964,14.0
15821,21965,1.0
15821,21966,7.0
15821,21967,3.0
15821,21968,4.0
15821,21969,25.0
15822,21970,1.0
15823,21971,1.0
15824,21972,16.0
15825,21973,3.0
15826,21974,3.0
15827,21975,13.0
15828,21976,5.0
15829,21977,1.0
15830,21978,13.0
15831,21979,3.0
15832,21980,5.0
15833,21981,13.0
15833,21982,23.0
15833,21983,2.0
15834,21984,13.0
15835,21985,16.0
15836,21986,5.0
15837,21987,1.0
15838,21988,13.0
15838,21989,1.0
15838,21990,9.0
15838,21991,12.0
15839,21992,13.0
15840,21993,1.0
15841,21994,3.0
15842,21995,13.0
15843,21996,1.0
15843,21997,9.0
15843,21998,2.0
15844,21999,13.0
15845,22000,27.0
15846,22001,13.0
15847,22002,16.0
15847,22003,1.0
15848,22004,
15849,22005,10.0
15849,22006,11.0
15850,22007,2.0
15850,22008,19.0
15851,22009,1.0
15851,22010,7.0
15851,22011,21.0
15852,22012,1.0
15853,22013,2.0
15853,22014,19.0
15854,22015,8.0
15854,22016,1.0
15855,22017,1.0
15856,22018,17.0
15857,22019,8.0
15857,22020,1.0
15857,22021,9.0
15857,22022,6.0
15857,22023,20.0
15858,22024,21.0
15859,22025,1.0
15860,22026,1.0
15860,22027,4.0
15861,22028,3.0
15862,22029,2.0
15862,22030,14.0
15863,22031,24.0
15863,22032,5.0
15864,22033,9.0
15864,22034,5.0
15865,22035,1.0
15865,22036,4.0
15866,22037,1.0
15867,22038,16.0
15867,22039,8.0
15867,22040,1.0
15868,22041,1.0
15869,22042,18.0
15869,22043,3.0
15870,22044,1.0
15870,22045,3.0
15871,22046,3.0
15872,22047,3.0
15873,22048,1.0
15873,22049,22.0
15873,22050,2.0
15873,22051,6.0
15874,22052,1.0
15874,22053,22.0
15874,22054,2.0
15874,22055,6.0
15875,22056,1.0
15875,22057,4.0
15876,22058,3.0
15877,22059,14.0
15878,22060,13.0
15878,22061,1.0
15878,22062,2.0
15878,22063,7.0
15878,22064,14.0
15879,22065,3.0
15880,22066,5.0
15881,22067,2.0
15881,22068,19.0
15882,22069,17.0
15883,22070,10.0
15883,22071,11.0
15884,22072,1.0
15885,22073,14.0
15886,22074,3.0
15887,22075,1.0
15888,22076,5.0
15889,22077,1.0
15890,22078,1.0
15891,22079,5.0
15892,22080,1.0
15893,22081,2.0
15893,22082,19.0
15894,22083,2.0
15894,22084,19.0
15895,22085,5.0
15896,22086,10.0
15896,22087,11.0
15897,22088,1.0
15898,22089,1.0
15899,22090,2.0
15899,22091,19.0
15900,22092,3.0
15901,22093,1.0
15902,22094,1.0
15903,22095,3.0
15904,22096,1.0
15904,22097,3.0
15904,22098,6.0
15904,22099,12.0
15904,22100,24.0
15905,22101,1.0
15906,22102,16.0
15907,22103,1.0
15908,22104,3.0
15909,22105,2.0
15909,22106,19.0
15910,22107,14.0
15911,22108,1.0
15911,22109,4.0
15912,22110,3.0
15913,22111,10.0
15913,22112,11.0
15914,22113,13.0
15915,22114,8.0
15915,22115,1.0
15915,22116,18.0
15916,22117,3.0
15917,22118,1.0
15917,22119,4.0
15917,22120,20.0
15918,22121,1.0
15919,22122,18.0
15919,22123,5.0
15920,22124,16.0
15920,22125,7.0
15920,22126,15.0
15921,22127,5.0
15922,22128,5.0
15923,22129,8.0
15923,22130,24.0
15923,22131,5.0
15924,22132,3.0
15925,22133,20.0
15926,22134,5.0
15927,22135,21.0
15928,22136,5.0
15929,22137,3.0
15930,22138,1.0
15931,22139,5.0
15931,22140,28.0
15932,22141,13.0
15932,22142,16.0
15932,22143,2.0
15932,22144,7.0
15933,22145,
15934,22146,1.0
15935,22147,17.0
15936,22148,5.0
15937,22149,5.0
15938,22150,13.0
15938,22151,16.0
15938,22152,1.0
15938,22153,7.0
15938,22154,4.0
15939,22155,1.0
15940,22156,1.0
15940,22157,4.0
15941,22158,3.0
15942,22159,
15943,22160,1.0
15944,22161,1.0
15944,22162,9.0
15944,22163,12.0
15945,22164,3.0
15946,22165,13.0
15947,22166,3.0
15948,22167,1.0
15949,22168,17.0
15950,22169,8.0
15950,22170,1.0
15950,22171,4.0
15951,22172,1.0
15952,22173,1.0
15953,22174,1.0
15954,22175,1.0
15954,22176,6.0
15955,22177,16.0
15955,22178,1.0
15955,22179,7.0
15956,22180,1.0
15956,22181,4.0
15957,22182,17.0
15958,22183,13.0
15958,22184,16.0
15958,22185,1.0
15958,22186,9.0
15958,22187,12.0
15959,22188,5.0
15960,22189,1.0
15960,22190,22.0
15960,22191,6.0
15961,22192,5.0
15962,22193,21.0
15963,22194,5.0
15964,22195,5.0
15965,22196,13.0
15965,22197,16.0
15965,22198,23.0
15965,22199,7.0
15966,22200,1.0
15967,22201,5.0
15968,22202,20.0
15969,22203,16.0
15970,22204,1.0
15970,22205,4.0
15971,22206,1.0
15971,22207,15.0
15972,22208,1.0
15972,22209,3.0
15972,22210,4.0
15973,22211,18.0
15973,22212,3.0
15973,22213,4.0
15974,22214,13.0
15974,22215,16.0
15974,22216,3.0
15975,22217,1.0
15976,22218,13.0
15977,22219,2.0
15977,22220,19.0
15978,22221,1.0
15978,22222,9.0
15978,22223,5.0
15979,22224,1.0
15980,22225,3.0
15981,22226,1.0
15981,22227,2.0
15982,22228,3.0
15983,22229,1.0
15984,22230,5.0
15985,22231,8.0
15985,22232,4.0
15985,22233,5.0
15986,22234,1.0
15986,22235,14.0
15986,22236,3.0
15986,22237,4.0
15987,22238,5.0
15988,22239,5.0
15989,22240,13.0
15989,22241,23.0
15989,22242,2.0
15990,22243,23.0
15990,22244,1.0
15990,22245,22.0
15990,22246,2.0
15991,22247,5.0
15992,22248,5.0
15993,22249,3.0
15994,22250,13.0
15995,22251,1.0
15995,22252,22.0
15995,22253,2.0
15996,22254,16.0
15997,22255,1.0
15998,22256,1.0
15998,22257,3.0
15998,22258,4.0
15999,22259,1.0
16000,22260,1.0
16001,22261,14.0
16001,22262,3.0
16002,22263,13.0
16003,22264,8.0
16003,22265,1.0
16003,22266,3.0
16003,22267,4.0
16004,22268,1.0
16004,22269,3.0
16005,22270,1.0
16006,22271,
16007,22272,1.0
16007,22273,3.0
16008,22274,17.0
16009,22275,
16010,22276,
16011,22277,1.0
16012,22278,2.0
16012,22279,19.0
16013,22280,1.0
16013,22281,3.0
16014,22282,1.0
16014,22283,3.0
16014,22284,24.0
16015,22285,2.0
16015,22286,14.0
16015,22287,6.0
16016,22288,3.0
16017,22289,1.0
16017,22290,5.0
16018,22291,1.0
16019,22292,1.0
16019,22293,3.0
16020,22294,3.0
16021,22295,5.0
16022,22296,3.0
16023,22297,5.0
16024,22298,14.0
16025,22299,22.0
16025,22300,2.0
16026,22301,5.0
16027,22302,5.0
16028,22303,1.0
16029,22304,1.0
16030,22305,8.0
16030,22306,1.0
16031,22307,1.0
16031,22308,3.0
16031,22309,4.0
16032,22310,1.0
16033,22311,1.0
16033,22312,2.0
16034,22313,3.0
16034,22314,5.0
16035,22315,3.0
16036,22316,1.0
16037,22317,1.0
16038,22318,17.0
16039,22319,1.0
16040,22320,13.0
16040,22321,16.0
16040,22322,2.0
16040,22323,6.0
16041,22324,1.0
16041,22325,3.0
16042,22326,14.0
16043,22327,2.0
16043,22328,19.0
16044,22329,3.0
16045,22330,3.0
16045,22331,25.0
16045,22332,15.0
16046,22333,2.0
16046,22334,14.0
16047,22335,5.0
16048,22336,1.0
16049,22337,17.0
16050,22338,1.0
16051,22339,13.0
16051,22340,16.0
16051,22341,7.0
16051,22342,15.0
16052,22343,5.0
16053,22344,5.0
16054,22345,23.0
16054,22346,1.0
16054,22347,2.0
16054,22348,7.0
16054,22349,4.0
16055,22350,
16056,22351,1.0
16057,22352,13.0
16058,22353,2.0
16058,22354,19.0
16059,22355,3.0
16060,22356,13.0
16060,22357,2.0
16060,22358,3.0
16061,22359,
16062,22360,16.0
16062,22361,7.0
16062,22362,3.0
16062,22363,25.0
16062,22364,15.0
16063,22365,1.0
16064,22366,5.0
16065,22367,3.0
16066,22368,5.0
16067,22369,1.0
16067,22370,3.0
16068,22371,17.0
16069,22372,12.0
16069,22373,5.0
16070,22374,5.0
16071,22375,1.0
16071,22376,9.0
16071,22377,20.0
16072,22378,13.0
16073,22379,1.0
16074,22380,1.0
16074,22381,9.0
16074,22382,2.0
16074,22383,6.0
16075,22384,3.0
16075,22385,24.0
16075,22386,5.0
16076,22387,2.0
16076,22388,19.0
16077,22389,5.0
16078,22390,1.0
16078,22391,3.0
16079,22392,1.0
16080,22393,1.0
16081,22394,13.0
16081,22395,1.0
16081,22396,2.0
16081,22397,6.0
16082,22398,1.0
16083,22399,5.0
16084,22400,2.0
16084,22401,19.0
16085,22402,13.0
16085,22403,16.0
16085,22404,23.0
16085,22405,2.0
16086,22406,8.0
16087,22407,5.0
16088,22408,2.0
16088,22409,14.0
16088,22410,3.0
16089,22411,17.0
16090,22412,13.0
16091,22413,3.0
16092,22414,1.0
16093,22415,14.0
16094,22416,9.0
16094,22417,6.0
16094,22418,5.0
16095,22419,23.0
16095,22420,1.0
16096,22421,5.0
16097,22422,1.0
16098,22423,14.0
16099,22424,3.0
16100,22425,3.0
16101,22426,2.0
16101,22427,19.0
16102,22428,5.0
16103,22429,1.0
16104,22430,1.0
16104,22431,6.0
16105,22432,12.0
16105,22433,5.0
16106,22434,5.0
16107,22435,1.0
16107,22436,2.0
16107,22437,4.0
16108,22438,5.0
16109,22439,3.0
16110,22440,1.0
16111,22441,14.0
16111,22442,3.0
16112,22443,14.0
16113,22444,14.0
16114,22445,1.0
16114,22446,3.0
16115,22447,16.0
16116,22448,1.0
16117,22449,2.0
16117,22450,19.0
16118,22451,16.0
16118,22452,1.0
16119,22453,1.0
16119,22454,22.0
16119,22455,2.0
16119,22456,6.0
16120,22457,
16121,22458,1.0
16122,22459,5.0
16123,22460,5.0
16124,22461,1.0
16125,22462,8.0
16125,22463,1.0
16125,22464,9.0
16125,22465,2.0
16126,22466,3.0
16127,22467,
16128,22468,1.0
16128,22469,3.0
16128,22470,4.0
16129,22471,1.0
16129,22472,22.0
16129,22473,2.0
16130,22474,1.0
16131,22475,8.0
16131,22476,24.0
16131,22477,5.0
16132,22478,3.0
16133,22479,6.0
16133,22480,5.0
16134,22481,21.0
16135,22482,5.0
16136,22483,1.0
16136,22484,3.0
16137,22485,1.0
16138,22486,8.0
16138,22487,1.0
16138,22488,9.0
16139,22489,3.0
16140,22490,8.0
16140,22491,1.0
16141,22492,2.0
16141,22493,19.0
16142,22494,5.0
16143,22495,5.0
16144,22496,17.0
16145,22497,1.0
16146,22498,1.0
16146,22499,3.0
16147,22500,16.0
16148,22501,1.0
16149,22502,1.0
16150,22503,16.0
16150,22504,25.0
16150,22505,15.0
16151,22506,10.0
16151,22507,11.0
16152,22508,1.0
16152,22509,4.0
16153,22510,13.0
16153,22511,2.0
16153,22512,6.0
16154,22513,2.0
16154,22514,19.0
16155,22515,1.0
16155,22516,4.0
16156,22517,5.0
16157,22518,5.0
16158,22519,13.0
16159,22520,1.0
16160,22521,13.0
16161,22522,3.0
16162,22523,26.0
16163,22524,17.0
16164,22525,3.0
16165,22526,2.0
16165,22527,19.0
16166,22528,1.0
16167,22529,3.0
16168,22530,1.0
16169,22531,17.0
16170,22532,2.0
16170,22533,19.0
16171,22534,
16172,22535,1.0
16173,22536,1.0
16174,22537,23.0
16174,22538,2.0
16175,22539,1.0
16176,22540,16.0
16177,22541,1.0
16178,22542,3.0
16179,22543,1.0
16179,22544,12.0
16180,22545,1.0
16181,22546,3.0
16182,22547,3.0
16183,22548,5.0
16184,22549,5.0
16185,22550,1.0
16186,22551,10.0
16186,22552,11.0
16187,22553,2.0
16187,22554,19.0
16188,22555,
16189,22556,17.0
16190,22557,13.0
16191,22558,13.0
16192,22559,1.0
16193,22560,16.0
16194,22561,1.0
16195,22562,1.0
16196,22563,13.0
16197,22564,3.0
16198,22565,17.0
16199,22566,1.0
16200,22567,1.0
16201,22568,14.0
16202,22569,13.0
16203,22570,3.0
16204,22571,5.0
16205,22572,2.0
16205,22573,19.0
16206,22574,10.0
16206,22575,11.0
16207,22576,13.0
16208,22577,3.0
16209,22578,1.0
16210,22579,3.0
16211,22580,3.0
16212,22581,3.0
16213,22582,1.0
16214,22583,3.0
16215,22584,3.0
16216,22585,3.0
16217,22586,16.0
16218,22587,13.0
16219,22588,16.0
16220,22589,1.0
16220,22590,2.0
16220,22591,6.0
16221,22592,14.0
16222,22593,1.0
16223,22594,2.0
16223,22595,19.0
16224,22596,1.0
16225,22597,5.0
16226,22598,3.0
16226,22599,4.0
16226,22600,21.0
16227,22601,13.0
16227,22602,16.0
16227,22603,2.0
16227,22604,3.0
16227,22605,6.0
16228,22606,3.0
16229,22607,16.0
16229,22608,1.0
16229,22609,4.0
16229,22610,21.0
16230,22611,13.0
16230,22612,16.0
16230,22613,8.0
16230,22614,1.0
16231,22615,5.0
16232,22616,14.0
16232,22617,3.0
16233,22618,5.0
16234,22619,3.0
16235,22620,1.0
16236,22621,1.0
16237,22622,3.0
16238,22623,3.0
16238,22624,4.0
16239,22625,13.0
16239,22626,1.0
16239,22627,6.0
16239,22628,20.0
16240,22629,22.0
16240,22630,2.0
16241,22631,8.0
16241,22632,1.0
16242,22633,16.0
16242,22634,1.0
16242,22635,2.0
16242,22636,3.0
16242,22637,12.0
16243,22638,1.0
16244,22639,16.0
16245,22640,2.0
16245,22641,19.0
16246,22642,1.0
16247,22643,1.0
16248,22644,1.0
16249,22645,1.0
16250,22646,23.0
16250,22647,1.0
16250,22648,22.0
16250,22649,7.0
16251,22650,14.0
16252,22651,
16253,22652,13.0
16254,22653,14.0
16255,22654,1.0
16256,22655,1.0
16257,22656,
16258,22657,2.0
16258,22658,14.0
16259,22659,1.0
16260,22660,1.0
16261,22661,2.0
16261,22662,19.0
16262,22663,13.0
16263,22664,
16264,22665,16.0
16265,22666,1.0
16266,22667,14.0
16267,22668,5.0
16268,22669,1.0
16269,22670,3.0
16270,22671,13.0
16271,22672,1.0
16272,22673,17.0
16273,22674,1.0
16273,22675,3.0
16274,22676,1.0
16275,22677,3.0
16276,22678,1.0
16276,22679,2.0
16277,22680,5.0
16278,22681,13.0
16279,22682,1.0
16280,22683,17.0
16281,22684,1.0
16281,22685,4.0
16281,22686,21.0
16282,22687,8.0
16282,22688,4.0
16282,22689,5.0
16283,22690,1.0
16283,22691,2.0
16283,22692,3.0
16283,22693,6.0
16284,22694,5.0
16285,22695,1.0
16286,22696,8.0
16286,22697,1.0
16286,22698,4.0
16286,22699,24.0
16287,22700,1.0
16288,22701,1.0
16288,22702,12.0
16289,22703,1.0
16290,22704,16.0
16290,22705,22.0
16290,22706,7.0
16290,22707,15.0
16291,22708,3.0
16292,22709,26.0
16293,22710,8.0
16293,22711,9.0
16293,22712,6.0
16293,22713,12.0
16293,22714,5.0
16294,22715,1.0
16295,22716,1.0
16296,22717,12.0
16296,22718,5.0
16297,22719,23.0
16298,22720,1.0
16298,22721,9.0
16299,22722,3.0
16299,22723,15.0
16300,22724,1.0
16301,22725,13.0
16301,22726,16.0
16301,22727,8.0
16301,22728,1.0
16301,22729,9.0
16301,22730,4.0
16301,22731,12.0
16302,22732,1.0
16303,22733,16.0
16303,22734,3.0
16303,22735,25.0
16303,22736,15.0
16304,22737,1.0
16305,22738,1.0
16305,22739,2.0
16306,22740,3.0
16307,22741,1.0
16308,22742,
16309,22743,13.0
16309,22744,16.0
16309,22745,2.0
16310,22746,1.0
16311,22747,8.0
16311,22748,1.0
16312,22749,14.0
16313,22750,1.0
16314,22751,8.0
16314,22752,1.0
16314,22753,15.0
16315,22754,26.0
16316,22755,2.0
16316,22756,14.0
16316,22757,3.0
16317,22758,5.0
16318,22759,3.0
16318,22760,4.0
16319,22761,1.0
16319,22762,3.0
16319,22763,6.0
16320,22764,17.0
16321,22765,1.0
16322,22766,2.0
16322,22767,19.0
16323,22768,1.0
16324,22769,16.0
16325,22770,17.0
16326,22771,1.0
16327,22772,22.0
16327,22773,2.0
16327,22774,14.0
16328,22775,1.0
16329,22776,8.0
16329,22777,24.0
16329,22778,5.0
16330,22779,1.0
16330,22780,2.0
16330,22781,6.0
16331,22782,
16332,22783,16.0
16332,22784,3.0
16332,22785,25.0
16332,22786,15.0
16333,22787,13.0
16333,22788,16.0
16333,22789,1.0
16333,22790,12.0
16334,22791,1.0
16335,22792,21.0
16336,22793,3.0
16337,22794,1.0
16338,22795,1.0
16338,22796,3.0
16338,22797,4.0
16339,22798,5.0
16340,22799,8.0
16340,22800,5.0
16341,22801,14.0
16342,22802,3.0
16343,22803,1.0
16344,22804,16.0
16345,22805,1.0
16346,22806,3.0
16347,22807,1.0
16348,22808,1.0
16349,22809,5.0
16350,22810,3.0
16351,22811,1.0
16351,22812,3.0
16352,22813,13.0
16352,22814,3.0
16352,22815,25.0
16352,22816,15.0
16353,22817,1.0
16354,22818,1.0
16355,22819,1.0
16355,22820,14.0
16356,22821,3.0
16357,22822,1.0
16358,22823,5.0
16359,22824,5.0
16360,22825,5.0
16361,22826,1.0
16362,22827,2.0
16362,22828,19.0
16363,22829,3.0
16364,22830,1.0
16365,22831,1.0
16365,22832,3.0
16365,22833,4.0
16366,22834,3.0
16367,22835,
16368,22836,18.0
16368,22837,5.0
16369,22838,1.0
16370,22839,1.0
16370,22840,3.0
16370,22841,4.0
16371,22842,3.0
16371,22843,4.0
16372,22844,16.0
16372,22845,23.0
16372,22846,7.0
16372,22847,15.0
16373,22848,14.0
16374,22849,1.0
16375,22850,2.0
16375,22851,14.0
16375,22852,3.0
16375,22853,6.0
16376,22854,1.0
16377,22855,3.0
16378,22856,
16379,22857,3.0
16379,22858,4.0
16380,22859,13.0
16380,22860,16.0
16380,22861,7.0
16380,22862,3.0
16380,22863,15.0
16381,22864,5.0
16382,22865,5.0
16383,22866,16.0
16384,22867,1.0
16385,22868,1.0
16385,22869,3.0
16386,22870,1.0
16387,22871,1.0
16388,22872,1.0
16388,22873,4.0
16388,22874,12.0
16389,22875,8.0
16389,22876,5.0
16390,22877,1.0
16390,22878,3.0
16390,22879,4.0
16391,22880,24.0
16391,22881,5.0
16392,22882,
16393,22883,13.0
16393,22884,16.0
16393,22885,22.0
16393,22886,7.0
16393,22887,4.0
16393,22888,15.0
16394,22889,1.0
16395,22890,1.0
16395,22891,22.0
16395,22892,2.0
16395,22893,6.0
16396,22894,5.0
16397,22895,17.0
16398,22896,
16399,22897,1.0
16400,22898,1.0
16400,22899,3.0
16401,22900,14.0
16402,22901,1.0
16403,22902,2.0
16403,22903,19.0
16404,22904,
16405,22905,3.0
16406,22906,1.0
16407,22907,13.0
16407,22908,16.0
16407,22909,1.0
16407,22910,7.0
16408,22911,1.0
16408,22912,3.0
16408,22913,21.0
16409,22914,13.0
16410,22915,16.0
16411,22916,3.0
16411,22917,5.0
16412,22918,1.0
16413,22919,9.0
16413,22920,5.0
16414,22921,1.0
16415,22922,3.0
16416,22923,8.0
16416,22924,5.0
16417,22925,22.0
16417,22926,2.0
16417,22927,14.0
16418,22928,13.0
16418,22929,1.0
16418,22930,2.0
16418,22931,20.0
16419,22932,5.0
16420,22933,3.0
16421,22934,1.0
16422,22935,1.0
16423,22936,1.0
16423,22937,2.0
16423,22938,6.0
16423,22939,20.0
16424,22940,1.0
16424,22941,3.0
16425,22942,9.0
16425,22943,5.0
16426,22944,5.0
16427,22945,1.0
16427,22946,5.0
16427,22947,28.0
16428,22948,1.0
16429,22949,13.0
16430,22950,1.0
16431,22951,13.0
16431,22952,16.0
16431,22953,2.0
16432,22954,1.0
16432,22955,4.0
16433,22956,5.0
16434,22957,5.0
16435,22958,3.0
16436,22959,13.0
16437,22960,5.0
16438,22961,23.0
16438,22962,2.0
16438,22963,14.0
16439,22964,3.0
16440,22965,
16441,22966,1.0
16441,22967,4.0
16442,22968,3.0
16442,22969,15.0
16443,22970,5.0
16444,22971,
16445,22972,14.0
16446,22973,3.0
16447,22974,1.0
16447,22975,6.0
16448,22976,13.0
16448,22977,16.0
16448,22978,1.0
16448,22979,7.0
16449,22980,13.0
16450,22981,3.0
16451,22982,1.0
16452,22983,1.0
16453,22984,16.0
16453,22985,3.0
16453,22986,6.0
16453,22987,15.0
16453,22988,21.0
16454,22989,2.0
16454,22990,19.0
16455,22991,1.0
16455,22992,22.0
16455,22993,2.0
16455,22994,6.0
16456,22995,5.0
16457,22996,1.0
16458,22997,1.0
16459,22998,1.0
16460,22999,2.0
16460,23000,3.0
16461,23001,3.0
16462,23002,20.0
16463,23003,5.0
16464,23004,13.0
16464,23005,16.0
16464,23006,23.0
16464,23007,1.0
16464,23008,4.0
16465,23009,5.0
16466,23010,3.0
16467,23011,5.0
16468,23012,1.0
16469,23013,13.0
16470,23014,22.0
16470,23015,2.0
16470,23016,14.0
16471,23017,3.0
16472,23018,2.0
16472,23019,7.0
16472,23020,3.0
16473,23021,13.0
16474,23022,1.0
16475,23023,2.0
16475,23024,19.0
16476,23025,5.0
16477,23026,14.0
16478,23027,5.0
16479,23028,17.0
16480,23029,8.0
16480,23030,1.0
16480,23031,15.0
16480,23032,5.0
16481,23033,13.0
16482,23034,5.0
16483,23035,1.0
16483,23036,3.0
16483,23037,15.0
16484,23038,1.0
16485,23039,13.0
16486,23040,3.0
16487,23041,3.0
16488,23042,13.0
16488,23043,16.0
16488,23044,23.0
16488,23045,2.0
16489,23046,2.0
16489,23047,19.0
16490,23048,9.0
16490,23049,5.0
16491,23050,16.0
16491,23051,1.0
16491,23052,15.0
16492,23053,21.0
16493,23054,13.0
16494,23055,1.0
16495,23056,3.0
16496,23057,16.0
16496,23058,3.0
16496,23059,25.0
16496,23060,15.0
16497,23061,5.0
16498,23062,13.0
16498,23063,1.0
16498,23064,9.0
16498,23065,12.0
16499,23066,5.0
16500,23067,1.0
16500,23068,2.0
16500,23069,7.0
16501,23070,3.0
16501,23071,4.0
16502,23072,1.0
16502,23073,4.0
16503,23074,5.0
16504,23075,1.0
16505,23076,1.0
16506,23077,1.0
16506,23078,2.0
16506,23079,3.0
16506,23080,4.0
16507,23081,1.0
16507,23082,3.0
16508,23083,8.0
16508,23084,1.0
16508,23085,6.0
16509,23086,13.0
16509,23087,1.0
16509,23088,2.0
16510,23089,
16511,23090,1.0
16511,23091,22.0
16511,23092,2.0
16511,23093,14.0
16512,23094,6.0
16512,23095,5.0
16513,23096,5.0
16514,23097,13.0
16514,23098,16.0
16514,23099,15.0
16515,23100,1.0
16516,23101,
16517,23102,10.0
16517,23103,11.0
16518,23104,1.0
16518,23105,3.0
16519,23106,3.0
16520,23107,10.0
16520,23108,11.0
16521,23109,
16522,23110,13.0
16522,23111,1.0
16522,23112,2.0
16523,23113,1.0
16524,23114,1.0
16525,23115,1.0
16525,23116,3.0
16525,23117,15.0
16526,23118,1.0
16527,23119,26.0
16528,23120,14.0
16529,23121,5.0
16530,23122,17.0
16531,23123,8.0
16531,23124,1.0
16532,23125,3.0
16533,23126,3.0
16534,23127,1.0
16535,23128,1.0
16536,23129,3.0
16537,23130,1.0
16538,23131,1.0
16539,23132,17.0
16540,23133,3.0
16541,23134,1.0
16542,23135,
16543,23136,16.0
16544,23137,3.0
16545,23138,1.0
16545,23139,3.0
16545,23140,4.0
16546,23141,3.0
16547,23142,1.0
16548,23143,5.0
16549,23144,3.0
16550,23145,31.0
16551,23146,1.0
16552,23147,1.0
16553,23148,13.0
16553,23149,23.0
16553,23150,2.0
16554,23151,16.0
16554,23152,9.0
16554,23153,12.0
16554,23154,5.0
16555,23155,
16556,23156,16.0
16557,23157,13.0
16557,23158,16.0
16557,23159,2.0
16557,23160,3.0
16557,23161,6.0
16558,23162,1.0
16559,23163,16.0
16559,23164,3.0
16559,23165,25.0
16559,23166,15.0
16560,23167,2.0
16560,23168,19.0
16561,23169,3.0
16561,23170,4.0
16562,23171,3.0
16563,23172,27.0
16564,23173,16.0
16565,23174,3.0
16566,23175,1.0
16567,23176,
16568,23177,3.0
16569,23178,2.0
16569,23179,19.0
16570,23180,1.0
16571,23181,16.0
16572,23182,16.0
16573,23183,
16574,23184,16.0
16574,23185,2.0
16574,23186,3.0
16574,23187,6.0
16575,23188,3.0
16576,23189,1.0
16577,23190,3.0
16578,23191,13.0
16578,23192,1.0
16578,23193,2.0
16578,23194,12.0
16579,23195,13.0
16579,23196,3.0
16580,23197,16.0
16580,23198,3.0
16580,23199,25.0
16580,23200,15.0
16581,23201,1.0
16582,23202,3.0
16583,23203,1.0
16584,23204,17.0
16585,23205,1.0
16586,23206,13.0
16586,23207,16.0
16586,23208,23.0
16586,23209,2.0
16587,23210,16.0
16588,23211,16.0
16589,23212,1.0
16590,23213,13.0
16590,23214,1.0
16590,23215,22.0
16590,23216,2.0
16590,23217,6.0
16591,23218,3.0
16592,23219,16.0
16593,23220,3.0
16594,23221,3.0
16595,23222,1.0
16596,23223,1.0
16597,23224,13.0
16597,23225,2.0
16597,23226,6.0
16598,23227,14.0
16599,23228,1.0
16600,23229,1.0
16601,23230,1.0
16602,23231,1.0
16603,23232,3.0
16604,23233,2.0
16604,23234,19.0
16605,23235,1.0
16606,23236,13.0
16607,23237,3.0
16608,23238,2.0
16608,23239,19.0
16609,23240,5.0
16610,23241,1.0
16611,23242,16.0
16612,23243,13.0
16613,23244,13.0
16614,23245,14.0
16615,23246,1.0
16616,23247,13.0
16616,23248,1.0
16616,23249,2.0
16617,23250,3.0
16617,23251,4.0
16618,23252,13.0
16618,23253,16.0
16618,23254,3.0
16618,23255,6.0
16619,23256,13.0
16619,23257,2.0
16619,23258,6.0
16620,23259,5.0
16621,23260,1.0
16621,23261,2.0
16622,23262,1.0
16622,23263,18.0
16623,23264,16.0
16624,23265,1.0
16624,23266,2.0
16624,23267,6.0
16625,23268,1.0
16625,23269,3.0
16625,23270,4.0
16626,23271,13.0
16626,23272,18.0
16626,23273,3.0
16626,23274,4.0
16626,23275,6.0
16627,23276,1.0
16627,23277,9.0
16627,23278,4.0
16627,23279,20.0
16628,23280,22.0
16628,23281,2.0
16628,23282,20.0
16629,23283,3.0
16630,23284,14.0
16631,23285,1.0
16632,23286,2.0
16632,23287,19.0
16633,23288,13.0
16634,23289,2.0
16634,23290,19.0
16635,23291,16.0
16636,23292,5.0
16637,23293,3.0
16637,23294,4.0
16638,23295,5.0
16639,23296,5.0
16640,23297,14.0
16641,23298,1.0
16642,23299,
16643,23300,1.0
16644,23301,10.0
16644,23302,11.0
16645,23303,1.0
16646,23304,
16647,23305,10.0
16647,23306,11.0
16648,23307,3.0
16649,23308,16.0
16650,23309,1.0
16651,23310,13.0
16652,23311,3.0
16653,23312,1.0
16653,23313,12.0
16654,23314,1.0
16654,23315,3.0
16655,23316,14.0
16656,23317,16.0
16657,23318,16.0
16658,23319,3.0
16659,23320,1.0
16659,23321,3.0
16660,23322,1.0
16660,23323,2.0
16661,23324,1.0
16662,23325,1.0
16662,23326,3.0
16663,23327,3.0
16663,23328,24.0
16664,23329,10.0
16664,23330,11.0
16665,23331,1.0
16665,23332,3.0
16666,23333,1.0
16667,23334,5.0
16668,23335,1.0
16669,23336,14.0
16670,23337,5.0
16671,23338,8.0
16671,23339,1.0
16671,23340,6.0
16671,23341,24.0
16672,23342,3.0
16673,23343,2.0
16673,23344,19.0
16674,23345,1.0
16675,23346,1.0
16675,23347,22.0
16676,23348,3.0
16677,23349,1.0
16677,23350,4.0
16678,23351,5.0
16679,23352,1.0
16680,23353,1.0
16681,23354,2.0
16681,23355,19.0
16682,23356,13.0
16682,23357,1.0
16682,23358,3.0
16682,23359,6.0
16683,23360,16.0
16683,23361,7.0
16683,23362,25.0
16683,23363,15.0
16684,23364,5.0
16685,23365,1.0
16685,23366,3.0
16685,23367,6.0
16686,23368,1.0
16687,23369,1.0
16687,23370,3.0
16688,23371,1.0
16689,23372,13.0
16690,23373,1.0
16691,23374,5.0
16692,23375,3.0
16693,23376,3.0
16694,23377,12.0
16694,23378,5.0
16695,23379,14.0
16696,23380,1.0
16697,23381,1.0
16698,23382,13.0
16698,23383,16.0
16698,23384,18.0
16698,23385,5.0
16699,23386,7.0
16699,23387,3.0
16699,23388,15.0
16700,23389,23.0
16700,23390,1.0
16700,23391,2.0
16700,23392,4.0
16701,23393,1.0
16701,23394,3.0
16702,23395,5.0
16703,23396,3.0
16704,23397,13.0
16704,23398,16.0
16704,23399,23.0
16704,23400,2.0
16705,23401,2.0
16705,23402,4.0
16706,23403,2.0
16707,23404,6.0
16707,23405,5.0
16708,23406,1.0
16708,23407,9.0
16709,23408,16.0
16710,23409,1.0
16711,23410,3.0
16712,23411,5.0
16713,23412,1.0
16714,23413,3.0
16715,23414,5.0
16716,23415,22.0
16716,23416,3.0
16716,23417,21.0
16717,23418,5.0
16718,23419,1.0
16719,23420,1.0
16719,23421,6.0
16720,23422,1.0
16721,23423,16.0
16721,23424,1.0
16721,23425,4.0
16721,23426,12.0
16722,23427,16.0
16722,23428,7.0
16722,23429,25.0
16722,23430,15.0
16723,23431,1.0
16724,23432,2.0
16724,23433,19.0
16725,23434,1.0
16725,23435,12.0
16726,23436,2.0
16726,23437,19.0
16727,23438,5.0
16728,23439,13.0
16728,23440,2.0
16728,23441,3.0
16728,23442,12.0
16729,23443,
16730,23444,5.0
16731,23445,5.0
16732,23446,1.0
16733,23447,13.0
16733,23448,16.0
16733,23449,2.0
16734,23450,5.0
16735,23451,1.0
16736,23452,1.0
16737,23453,1.0
16738,23454,2.0
16738,23455,19.0
16739,23456,1.0
16740,23457,1.0
16741,23458,5.0
16742,23459,3.0
16743,23460,1.0
16744,23461,13.0
16744,23462,16.0
16744,23463,7.0
16744,23464,15.0
16745,23465,1.0
16746,23466,3.0
16746,23467,4.0
16747,23468,1.0
16748,23469,1.0
16749,23470,5.0
16750,23471,1.0
16751,23472,1.0
16752,23473,3.0
16753,23474,3.0
16754,23475,13.0
16755,23476,3.0
16756,23477,3.0
16757,23478,1.0
16758,23479,3.0
16759,23480,17.0
16760,23481,3.0
16760,23482,4.0
16761,23483,16.0
16762,23484,1.0
16763,23485,5.0
16764,23486,1.0
16765,23487,1.0
16765,23488,22.0
16765,23489,2.0
16765,23490,6.0
16766,23491,13.0
16766,23492,16.0
16766,23493,3.0
16766,23494,4.0
16766,23495,25.0
16766,23496,15.0
16767,23497,3.0
16768,23498,
16769,23499,1.0
16769,23500,6.0
16770,23501,1.0
16771,23502,1.0
16772,23503,1.0
16773,23504,13.0
16774,23505,16.0
16775,23506,13.0
16775,23507,1.0
16775,23508,2.0
16775,23509,12.0
16776,23510,17.0
16777,23511,1.0
16777,23512,4.0
16778,23513,3.0
16779,23514,14.0
16780,23515,1.0
16781,23516,1.0
16782,23517,3.0
16783,23518,13.0
16784,23519,3.0
16784,23520,5.0
16785,23521,3.0
16786,23522,3.0
16787,23523,1.0
16788,23524,1.0
16789,23525,13.0
16790,23526,5.0
16791,23527,5.0
16792,23528,13.0
16792,23529,1.0
16792,23530,2.0
16792,23531,6.0
16793,23532,25.0
16793,23533,15.0
16794,23534,2.0
16794,23535,19.0
16795,23536,
16796,23537,1.0
16797,23538,1.0
16798,23539,22.0
16798,23540,2.0
16798,23541,14.0
16799,23542,5.0
16800,23543,3.0
16800,23544,4.0
16801,23545,13.0
16801,23546,2.0
16801,23547,3.0
16801,23548,4.0
16802,23549,14.0
16802,23550,5.0
16803,23551,1.0
16804,23552,5.0
16805,23553,3.0
16806,23554,3.0
16807,23555,5.0
16808,23556,5.0
16809,23557,13.0
16809,23558,16.0
16809,23559,7.0
16809,23560,4.0
16810,23561,5.0
16811,23562,1.0
16811,23563,4.0
16812,23564,14.0
16813,23565,3.0
16813,23566,6.0
16814,23567,1.0
16815,23568,16.0
16815,23569,1.0
16815,23570,9.0
16815,23571,4.0
16816,23572,
16817,23573,1.0
16817,23574,3.0
16818,23575,16.0
16818,23576,7.0
16818,23577,3.0
16818,23578,25.0
16818,23579,15.0
16819,23580,1.0
16819,23581,3.0
16819,23582,6.0
16820,23583,1.0
16820,23584,3.0
16820,23585,4.0
16821,23586,13.0
16821,23587,2.0
16821,23588,4.0
16822,23589,1.0
16823,23590,13.0
16823,23591,3.0
16824,23592,5.0
16825,23593,
16826,23594,1.0
16827,23595,2.0
16827,23596,19.0
16828,23597,23.0
16828,23598,1.0
16828,23599,2.0
16828,23600,14.0
16829,23601,1.0
16829,23602,3.0
16830,23603,1.0
16830,23604,22.0
16830,23605,3.0
16830,23606,6.0
16831,23607,9.0
16831,23608,5.0
16832,23609,3.0
16832,23610,4.0
16833,23611,1.0
16834,23612,3.0
16835,23613,14.0
16836,23614,18.0
16836,23615,5.0
16837,23616,5.0
16838,23617,2.0
16838,23618,19.0
16839,23619,13.0
16840,23620,1.0
16841,23621,5.0
16842,23622,17.0
16843,23623,3.0
16844,23624,1.0
16844,23625,3.0
16845,23626,13.0
16845,23627,1.0
16845,23628,2.0
16845,23629,6.0
16846,23630,2.0
16846,23631,19.0
16847,23632,1.0
16848,23633,1.0
16849,23634,3.0
16850,23635,5.0
16851,23636,14.0
16852,23637,1.0
16853,23638,5.0
16854,23639,1.0
16855,23640,1.0
16855,23641,3.0
16855,23642,6.0
16856,23643,17.0
16857,23644,3.0
16858,23645,14.0
16859,23646,23.0
16859,23647,1.0
16859,23648,2.0
16859,23649,7.0
16859,23650,14.0
16859,23651,3.0
16860,23652,1.0
16860,23653,4.0
16860,23654,12.0
16861,23655,1.0
16861,23656,3.0
16861,23657,4.0
16862,23658,17.0
16863,23659,1.0
16863,23660,6.0
16864,23661,1.0
16865,23662,13.0
16865,23663,2.0
16866,23664,13.0
16866,23665,2.0
16867,23666,
16868,23667,3.0
16869,23668,10.0
16869,23669,11.0
16870,23670,24.0
16870,23671,5.0
16871,23672,5.0
16872,23673,13.0
16872,23674,16.0
16872,23675,2.0
16872,23676,6.0
16873,23677,
16874,23678,
16875,23679,
16876,23680,1.0
16876,23681,4.0
16877,23682,3.0
16878,23683,14.0
16879,23684,
16880,23685,3.0
16881,23686,3.0
16881,23687,4.0
16882,23688,3.0
16883,23689,5.0
16884,23690,1.0
16885,23691,5.0
16886,23692,8.0
16886,23693,5.0
16887,23694,1.0
16887,23695,3.0
16887,23696,4.0
16888,23697,5.0
16889,23698,1.0
16890,23699,3.0
16890,23700,4.0
16891,23701,14.0
16892,23702,16.0
16892,23703,1.0
16892,23704,7.0
16892,23705,3.0
16893,23706,5.0
16894,23707,16.0
16895,23708,5.0
16896,23709,1.0
16897,23710,1.0
16898,23711,13.0
16898,23712,3.0
16898,23713,6.0
16899,23714,1.0
16899,23715,3.0
16900,23716,2.0
16900,23717,3.0
16900,23718,4.0
16900,23719,6.0
16900,23720,24.0
16901,23721,1.0
16902,23722,1.0
16903,23723,14.0
16904,23724,5.0
16905,23725,1.0
16906,23726,5.0
16907,23727,20.0
16908,23728,3.0
16909,23729,1.0
16909,23730,3.0
16910,23731,1.0
16911,23732,1.0
16912,23733,7.0
16912,23734,25.0
16912,23735,15.0
16912,23736,21.0
16913,23737,3.0
16914,23738,1.0
16915,23739,1.0
16915,23740,24.0
16916,23741,8.0
16916,23742,9.0
16916,23743,18.0
16916,23744,5.0
16917,23745,1.0
16918,23746,1.0
16918,23747,3.0
16919,23748,5.0
16920,23749,16.0
16921,23750,16.0
16922,23751,1.0
16922,23752,18.0
16922,23753,5.0
16923,23754,1.0
16923,23755,3.0
16924,23756,14.0
16925,23757,3.0
16926,23758,13.0
16927,23759,13.0
16928,23760,3.0
16929,23761,13.0
16930,23762,3.0
16931,23763,1.0
16932,23764,1.0
16933,23765,3.0
16934,23766,14.0
16935,23767,3.0
16936,23768,8.0
16936,23769,9.0
16936,23770,5.0
16937,23771,1.0
16938,23772,1.0
16939,23773,13.0
16940,23774,13.0
16941,23775,2.0
16941,23776,19.0
16942,23777,1.0
16943,23778,1.0
16944,23779,5.0
16945,23780,
16946,23781,
16947,23782,
16948,23783,3.0
16949,23784,21.0
16950,23785,1.0
16951,23786,5.0
16952,23787,1.0
16953,23788,3.0
16954,23789,5.0
16955,23790,13.0
16956,23791,1.0
16957,23792,1.0
16957,23793,2.0
16958,23794,1.0
16959,23795,3.0
16960,23796,1.0
16961,23797,3.0
16962,23798,16.0
16963,23799,5.0
16964,23800,16.0
16964,23801,1.0
16964,23802,3.0
16964,23803,4.0
16965,23804,3.0
16966,23805,17.0
16967,23806,16.0
16968,23807,1.0
16969,23808,1.0
16970,23809,14.0
16971,23810,14.0
16972,23811,16.0
16973,23812,2.0
16973,23813,19.0
16974,23814,13.0
16975,23815,3.0
16976,23816,1.0
16977,23817,14.0
16978,23818,5.0
16979,23819,
16980,23820,17.0
16981,23821,1.0
16981,23822,22.0
16981,23823,2.0
16981,23824,14.0
16982,23825,5.0
16983,23826,1.0
16984,23827,17.0
16985,23828,5.0
16986,23829,1.0
16986,23830,3.0
16986,23831,4.0
16987,23832,3.0
16988,23833,5.0
16989,23834,1.0
16990,23835,1.0
16991,23836,3.0
16992,23837,3.0
16993,23838,1.0
16994,23839,3.0
16995,23840,1.0
16995,23841,2.0
16995,23842,14.0
16996,23843,3.0
16997,23844,5.0
16998,23845,13.0
16998,23846,16.0
16998,23847,7.0
16998,23848,12.0
16999,23849,5.0
17000,23850,16.0
17000,23851,1.0
17000,23852,4.0
17001,23853,3.0
17002,23854,3.0
17003,23855,3.0
17004,23856,17.0
17005,23857,1.0
17006,23858,3.0
17007,23859,13.0
17008,23860,5.0
17009,23861,5.0
17010,23862,16.0
17011,23863,16.0
17012,23864,3.0
17013,23865,1.0
17014,23866,3.0
17015,23867,5.0
17016,23868,2.0
17016,23869,19.0
17017,23870,3.0
17018,23871,5.0
17019,23872,3.0
17020,23873,1.0
17021,23874,8.0
17021,23875,9.0
17021,23876,5.0
17022,23877,13.0
17023,23878,2.0
17023,23879,19.0
17024,23880,1.0
17025,23881,1.0
17026,23882,1.0
17027,23883,14.0
17028,23884,3.0
17029,23885,16.0
17029,23886,23.0
17029,23887,1.0
17029,23888,4.0
17030,23889,1.0
17031,23890,16.0
17031,23891,23.0
17031,23892,3.0
17031,23893,25.0
17031,23894,15.0
17032,23895,3.0
17032,23896,4.0
17032,23897,15.0
17033,23898,3.0
17034,23899,2.0
17034,23900,14.0
17035,23901,1.0
17035,23902,3.0
17036,23903,3.0
17037,23904,14.0
17038,23905,14.0
17039,23906,24.0
17039,23907,5.0
17040,23908,1.0
17040,23909,3.0
17040,23910,4.0
17041,23911,1.0
17041,23912,6.0
17042,23913,13.0
17042,23914,16.0
17042,23915,20.0
17043,23916,1.0
17044,23917,9.0
17044,23918,24.0
17044,23919,5.0
17045,23920,5.0
17046,23921,1.0
17046,23922,4.0
17047,23923,14.0
17048,23924,5.0
17049,23925,3.0
17050,23926,5.0
17051,23927,1.0
17052,23928,1.0
17052,23929,22.0
17052,23930,2.0
17053,23931,1.0
17053,23932,2.0
17054,23933,3.0
17055,23934,1.0
17056,23935,10.0
17056,23936,11.0
17057,23937,1.0
17057,23938,22.0
17057,23939,2.0
17057,23940,4.0
17058,23941,1.0
17058,23942,2.0
17059,23943,3.0
17059,23944,4.0
17060,23945,3.0
17061,23946,13.0
17062,23947,13.0
17062,23948,16.0
17062,23949,23.0
17062,23950,2.0
17062,23951,25.0
17062,23952,15.0
17063,23953,1.0
17063,23954,3.0
17063,23955,4.0
17064,23956,5.0
17065,23957,1.0
17065,23958,2.0
17065,23959,14.0
17065,23960,6.0
17066,23961,24.0
17066,23962,5.0
17067,23963,13.0
17067,23964,16.0
17067,23965,25.0
17067,23966,15.0
17068,23967,22.0
17068,23968,2.0
17069,23969,1.0
17070,23970,2.0
17070,23971,14.0
17071,23972,1.0
17072,23973,1.0
17072,23974,3.0
17072,23975,4.0
17073,23976,14.0
17074,23977,14.0
17075,23978,1.0
17076,23979,1.0
17076,23980,2.0
17077,23981,1.0
17077,23982,3.0
17078,23983,13.0
17078,23984,16.0
17078,23985,23.0
17079,23986,3.0
17080,23987,
17081,23988,8.0
17081,23989,1.0
17081,23990,4.0
17082,23991,1.0
17083,23992,1.0
17084,23993,
17085,23994,13.0
17085,23995,2.0
17085,23996,14.0
17086,23997,1.0
17086,23998,7.0
17086,23999,3.0
17086,24000,15.0
17087,24001,1.0
17087,24002,2.0
17088,24003,1.0
17088,24004,3.0
17088,24005,4.0
17089,24006,17.0
17090,24007,1.0
17090,24008,3.0
17091,24009,3.0
17091,24010,4.0
17091,24011,6.0
17092,24012,18.0
17092,24013,5.0
17093,24014,3.0
17094,24015,13.0
17095,24016,1.0
17095,24017,3.0
17095,24018,6.0
17096,24019,14.0
17097,24020,13.0
17097,24021,18.0
17097,24022,15.0
17098,24023,1.0
17099,24024,5.0
17100,24025,1.0
17101,24026,1.0
17102,24027,14.0
17103,24028,1.0
17103,24029,2.0
17103,24030,4.0
17104,24031,5.0
17105,24032,1.0
17106,24033,1.0
17106,24034,9.0
17106,24035,12.0
17107,24036,3.0
17108,24037,10.0
17108,24038,11.0
17109,24039,3.0
17110,24040,13.0
17110,24041,1.0
17110,24042,18.0
17111,24043,
17112,24044,1.0
17112,24045,3.0
17113,24046,1.0
17114,24047,
17115,24048,3.0
17115,24049,4.0
17116,24050,3.0
17117,24051,24.0
17117,24052,5.0
17118,24053,13.0
17118,24054,16.0
17118,24055,23.0
17118,24056,2.0
17119,24057,13.0
17119,24058,16.0
17119,24059,23.0
17119,24060,2.0
17120,24061,16.0
17120,24062,3.0
17121,24063,1.0
17121,24064,3.0
17121,24065,4.0
17122,24066,3.0
17122,24067,4.0
17123,24068,1.0
17123,24069,3.0
17123,24070,4.0
17124,24071,26.0
17125,24072,1.0
17126,24073,13.0
17127,24074,
17128,24075,1.0
17129,24076,5.0
17130,24077,1.0
17131,24078,13.0
17132,24079,
17133,24080,3.0
17134,24081,3.0
17135,24082,23.0
17135,24083,1.0
17135,24084,22.0
17135,24085,2.0
17136,24086,5.0
17137,24087,5.0
17138,24088,5.0
17139,24089,
17140,24090,1.0
17140,24091,7.0
17140,24092,3.0
17140,24093,15.0
17141,24094,1.0
17142,24095,1.0
17143,24096,1.0
17144,24097,1.0
17144,24098,22.0
17145,24099,1.0
17146,24100,14.0
17147,24101,1.0
17147,24102,4.0
17148,24103,2.0
17148,24104,19.0
17149,24105,5.0
17150,24106,1.0
17151,24107,1.0
17152,24108,5.0
17153,24109,5.0
17154,24110,
17155,24111,23.0
17155,24112,1.0
17155,24113,3.0
17156,24114,1.0
17157,24115,3.0
17158,24116,3.0
17159,24117,16.0
17159,24118,2.0
17159,24119,7.0
17159,24120,3.0
17160,24121,2.0
17160,24122,19.0
17161,24123,17.0
17162,24124,16.0
17163,24125,16.0
17163,24126,3.0
17163,24127,25.0
17163,24128,15.0
17164,24129,21.0
17165,24130,17.0
17166,24131,1.0
17166,24132,3.0
17166,24133,4.0
17167,24134,20.0
17168,24135,3.0
17169,24136,8.0
17169,24137,1.0
17169,24138,9.0
17169,24139,12.0
17170,24140,1.0
17170,24141,6.0
17171,24142,5.0
17172,24143,13.0
17172,24144,1.0
17172,24145,18.0
17173,24146,1.0
17174,24147,
17175,24148,3.0
17176,24149,13.0
17177,24150,5.0
17178,24151,1.0
17179,24152,3.0
17180,24153,3.0
17181,24154,1.0
17181,24155,3.0
17181,24156,4.0
17182,24157,3.0
17182,24158,4.0
17183,24159,1.0
17183,24160,18.0
17183,24161,7.0
17183,24162,3.0
17184,24163,14.0
17185,24164,1.0
17186,24165,5.0
17187,24166,5.0
17188,24167,1.0
17189,24168,1.0
17190,24169,1.0
17191,24170,14.0
17192,24171,5.0
17193,24172,1.0
17194,24173,15.0
17194,24174,5.0
17195,24175,17.0
17196,24176,13.0
17196,24177,16.0
17196,24178,23.0
17196,24179,2.0
17197,24180,26.0
17198,24181,22.0
17198,24182,14.0
17199,24183,5.0
17200,24184,1.0
17201,24185,1.0
17202,24186,13.0
17202,24187,16.0
17202,24188,23.0
17202,24189,25.0
17203,24190,16.0
17204,24191,1.0
17204,24192,2.0
17205,24193,1.0
17206,24194,3.0
17207,24195,5.0
17208,24196,1.0
17208,24197,3.0
17209,24198,17.0
17210,24199,13.0
17210,24200,1.0
17210,24201,7.0
17210,24202,12.0
17211,24203,2.0
17211,24204,19.0
17212,24205,1.0
17213,24206,22.0
17213,24207,2.0
17213,24208,14.0
17213,24209,3.0
17214,24210,13.0
17215,24211,3.0
17216,24212,1.0
17216,24213,3.0
17216,24214,15.0
17217,24215,21.0
17218,24216,1.0
17219,24217,1.0
17220,24218,10.0
17220,24219,11.0
17221,24220,5.0
17222,24221,3.0
17222,24222,4.0
17223,24223,1.0
17223,24224,4.0
17224,24225,1.0
17224,24226,3.0
17225,24227,1.0
17226,24228,1.0
17227,24229,8.0
17227,24230,1.0
17228,24231,16.0
17228,24232,3.0
17228,24233,25.0
17228,24234,15.0
17229,24235,3.0
17230,24236,
17231,24237,3.0
17232,24238,3.0
17233,24239,2.0
17233,24240,19.0
17234,24241,2.0
17235,24242,1.0
17235,24243,3.0
17236,24244,1.0
17237,24245,3.0
17238,24246,8.0
17238,24247,5.0
17239,24248,3.0
17240,24249,5.0
17241,24250,13.0
17241,24251,16.0
17241,24252,7.0
17241,24253,15.0
17242,24254,5.0
17243,24255,1.0
17244,24256,3.0
17245,24257,24.0
17245,24258,5.0
17246,24259,1.0
17247,24260,13.0
17248,24261,1.0
17249,24262,1.0
17249,24263,4.0
17250,24264,1.0
17251,24265,
17252,24266,
17253,24267,1.0
17253,24268,4.0
17254,24269,1.0
17255,24270,3.0
17255,24271,4.0
17256,24272,3.0
17257,24273,13.0
17257,24274,23.0
17257,24275,2.0
17257,24276,25.0
17258,24277,
17259,24278,3.0
17259,24279,5.0
17260,24280,16.0
17261,24281,13.0
17261,24282,16.0
17261,24283,1.0
17261,24284,9.0
17261,24285,4.0
17261,24286,12.0
17262,24287,1.0
17263,24288,20.0
17264,24289,13.0
17264,24290,2.0
17264,24291,14.0
17264,24292,3.0
17265,24293,1.0
17265,24294,2.0
17266,24295,1.0
17266,24296,3.0
17267,24297,3.0
17268,24298,1.0
17269,24299,24.0
17269,24300,5.0
17270,24301,1.0
17271,24302,2.0
17271,24303,19.0
17272,24304,3.0
17273,24305,8.0
17273,24306,4.0
17273,24307,24.0
17273,24308,5.0
17274,24309,13.0
17274,24310,16.0
17274,24311,23.0
17274,24312,1.0
17274,24313,2.0
17275,24314,16.0
17276,24315,16.0
17277,24316,13.0
17278,24317,3.0
17279,24318,2.0
17279,24319,19.0
17280,24320,3.0
17281,24321,3.0
17282,24322,13.0
17283,24323,
17284,24324,2.0
17284,24325,19.0
17285,24326,14.0
17286,24327,5.0
17287,24328,5.0
17288,24329,3.0
17289,24330,3.0
17290,24331,5.0
17291,24332,
17292,24333,1.0
17293,24334,16.0
17293,24335,2.0
17294,24336,1.0
17294,24337,3.0
17295,24338,1.0
17296,24339,2.0
17296,24340,19.0
17297,24341,1.0
17298,24342,1.0
17299,24343,1.0
17300,24344,1.0
17301,24345,1.0
17302,24346,2.0
17302,24347,19.0
17303,24348,1.0
17304,24349,3.0
17305,24350,2.0
17305,24351,19.0
17306,24352,13.0
17306,24353,1.0
17306,24354,3.0
17306,24355,6.0
17307,24356,13.0
17308,24357,23.0
17308,24358,1.0
17308,24359,2.0
17309,24360,5.0
17310,24361,1.0
17311,24362,13.0
17312,24363,13.0
17312,24364,16.0
17312,24365,23.0
17312,24366,2.0
17313,24367,3.0
17313,24368,4.0
17314,24369,3.0
17315,24370,13.0
17315,24371,1.0
17315,24372,2.0
17315,24373,6.0
17316,24374,8.0
17316,24375,1.0
17316,24376,9.0
17316,24377,12.0
17317,24378,3.0
17318,24379,2.0
17318,24380,19.0
17319,24381,14.0
17320,24382,5.0
17321,24383,1.0
17322,24384,22.0
17322,24385,2.0
17322,24386,14.0
17323,24387,8.0
17323,24388,3.0
17323,24389,4.0
17324,24390,16.0
17325,24391,2.0
17325,24392,19.0
17326,24393,2.0
17326,24394,14.0
17327,24395,27.0
17328,24396,3.0
17329,24397,14.0
17330,24398,5.0
17331,24399,16.0
17332,24400,3.0
17333,24401,5.0
17334,24402,1.0
17335,24403,13.0
17335,24404,23.0
17335,24405,1.0
17335,24406,22.0
17335,24407,2.0
17335,24408,14.0
17336,24409,1.0
17337,24410,1.0
17338,24411,3.0
17339,24412,16.0
17339,24413,7.0
17339,24414,4.0
17339,24415,15.0
17340,24416,13.0
17340,24417,2.0
17340,24418,7.0
17340,24419,14.0
17341,24420,13.0
17341,24421,2.0
17341,24422,3.0
17341,24423,6.0
17342,24424,16.0
17343,24425,1.0
17343,24426,3.0
17344,24427,3.0
17345,24428,3.0
17345,24429,4.0
17346,24430,13.0
17346,24431,16.0
17346,24432,1.0
17346,24433,2.0
17346,24434,14.0
17347,24435,
17348,24436,1.0
17349,24437,5.0
17350,24438,3.0
17351,24439,1.0
17352,24440,14.0
17353,24441,3.0
17353,24442,15.0
17354,24443,13.0
17355,24444,2.0
17355,24445,19.0
17356,24446,3.0
17357,24447,3.0
17358,24448,2.0
17358,24449,19.0
17359,24450,13.0
17359,24451,16.0
17359,24452,23.0
17359,24453,3.0
17359,24454,15.0
17360,24455,1.0
17361,24456,13.0
17362,24457,16.0
17363,24458,1.0
17363,24459,3.0
17364,24460,1.0
17365,24461,5.0
17366,24462,22.0
17366,24463,2.0
17366,24464,3.0
17366,24465,6.0
17367,24466,3.0
17368,24467,1.0
17368,24468,9.0
17369,24469,5.0
17370,24470,13.0
17370,24471,16.0
17370,24472,23.0
17370,24473,2.0
17370,24474,14.0
17371,24475,1.0
17372,24476,1.0
17372,24477,18.0
17372,24478,15.0
17373,24479,5.0
17374,24480,1.0
17374,24481,22.0
17374,24482,2.0
17375,24483,1.0
17375,24484,3.0
17376,24485,1.0
17377,24486,1.0
17377,24487,9.0
17377,24488,3.0
17377,24489,6.0
17378,24490,1.0
17379,24491,1.0
17380,24492,14.0
17381,24493,1.0
17381,24494,3.0
17381,24495,4.0
17382,24496,13.0
17382,24497,1.0
17382,24498,2.0
17382,24499,6.0
17383,24500,1.0
17383,24501,12.0
17384,24502,14.0
17385,24503,3.0
17386,24504,5.0
17387,24505,
17388,24506,1.0
17389,24507,1.0
17390,24508,17.0
17391,24509,1.0
17392,24510,1.0
17393,24511,3.0
17393,24512,4.0
17394,24513,1.0
17395,24514,13.0
17395,24515,16.0
17395,24516,3.0
17396,24517,23.0
17396,24518,2.0
17397,24519,2.0
17397,24520,14.0
17398,24521,
17399,24522,1.0
17399,24523,3.0
17399,24524,4.0
17400,24525,1.0
17401,24526,5.0
17402,24527,23.0
17402,24528,1.0
17402,24529,7.0
17402,24530,4.0
17403,24531,1.0
17403,24532,3.0
17404,24533,1.0
17405,24534,1.0
17405,24535,3.0
17406,24536,1.0
17407,24537,1.0
17408,24538,4.0
17408,24539,24.0
17408,24540,15.0
17409,24541,13.0
17409,24542,1.0
17409,24543,18.0
17410,24544,23.0
17410,24545,1.0
17410,24546,2.0
17411,24547,13.0
17412,24548,5.0
17413,24549,1.0
17414,24550,1.0
17414,24551,22.0
17414,24552,2.0
17414,24553,6.0
17415,24554,3.0
17416,24555,1.0
17416,24556,6.0
17417,24557,1.0
17418,24558,1.0
17419,24559,24.0
17419,24560,5.0
17420,24561,1.0
17421,24562,3.0
17421,24563,4.0
17422,24564,1.0
17422,24565,3.0
17423,24566,1.0
17424,24567,3.0
17425,24568,1.0
17426,24569,1.0
17427,24570,1.0
17427,24571,3.0
17427,24572,4.0
17428,24573,24.0
17428,24574,5.0
17429,24575,13.0
17429,24576,16.0
17429,24577,2.0
17429,24578,3.0
17430,24579,1.0
17430,24580,4.0
17431,24581,1.0
17431,24582,24.0
17432,24583,1.0
17433,24584,1.0
17434,24585,8.0
17434,24586,1.0
17434,24587,9.0
17435,24588,
17436,24589,3.0
17437,24590,1.0
17437,24591,4.0
17437,24592,12.0
17438,24593,3.0
17439,24594,
17440,24595,1.0
17440,24596,14.0
17441,24597,
17442,24598,1.0
17442,24599,4.0
17442,24600,20.0
17443,24601,1.0
17443,24602,2.0
17443,24603,6.0
17444,24604,1.0
17445,24605,8.0
17445,24606,1.0
17445,24607,4.0
17446,24608,1.0
17446,24609,9.0
17446,24610,2.0
17447,24611,
17448,24612,5.0
17449,24613,16.0
17450,24614,5.0
17451,24615,5.0
17452,24616,1.0
17453,24617,1.0
17453,24618,3.0
17453,24619,4.0
17454,24620,13.0
17455,24621,6.0
17455,24622,12.0
17455,24623,5.0
17456,24624,1.0
17456,24625,3.0
17457,24626,16.0
17458,24627,1.0
17459,24628,16.0
17459,24629,3.0
17460,24630,13.0
17461,24631,1.0
17461,24632,22.0
17461,24633,2.0
17461,24634,4.0
17461,24635,6.0
17462,24636,2.0
17462,24637,19.0
17463,24638,5.0
17464,24639,2.0
17464,24640,19.0
17465,24641,3.0
17465,24642,4.0
17466,24643,10.0
17466,24644,11.0
17467,24645,1.0
17467,24646,2.0
17467,24647,6.0
17468,24648,3.0
17468,24649,12.0
17468,24650,5.0
17469,24651,14.0
17469,24652,3.0
17470,24653,16.0
17471,24654,17.0
17472,24655,1.0
17472,24656,2.0
17473,24657,2.0
17473,24658,14.0
17473,24659,6.0
17474,24660,8.0
17474,24661,1.0
17474,24662,12.0
17475,24663,1.0
17476,24664,3.0
17476,24665,4.0
17477,24666,5.0
17478,24667,14.0
17479,24668,16.0
17479,24669,23.0
17479,24670,3.0
17480,24671,1.0
17480,24672,2.0
17481,24673,8.0
17481,24674,5.0
17482,24675,
17483,24676,
17484,24677,1.0
17484,24678,3.0
17484,24679,4.0
17485,24680,3.0
17485,24681,6.0
17486,24682,2.0
17486,24683,14.0
17487,24684,5.0
17488,24685,1.0
17489,24686,
17490,24687,1.0
17491,24688,26.0
17492,24689,2.0
17492,24690,19.0
17493,24691,1.0
17494,24692,16.0
17494,24693,1.0
17494,24694,3.0
17494,24695,25.0
17494,24696,15.0
17495,24697,1.0
17496,24698,5.0
17497,24699,2.0
17497,24700,14.0
17498,24701,13.0
17498,24702,16.0
17498,24703,2.0
17499,24704,3.0
17500,24705,1.0
17501,24706,3.0
17502,24707,17.0
17503,24708,5.0
17504,24709,5.0
17505,24710,2.0
17506,24711,5.0
17507,24712,1.0
17508,24713,5.0
17509,24714,13.0
17509,24715,23.0
17509,24716,2.0
17510,24717,23.0
17510,24718,1.0
17510,24719,22.0
17510,24720,14.0
17510,24721,3.0
17511,24722,13.0
17511,24723,1.0
17511,24724,3.0
17512,24725,14.0
17513,24726,3.0
17514,24727,13.0
17515,24728,1.0
17516,24729,17.0
17517,24730,5.0
17518,24731,1.0
17518,24732,5.0
17519,24733,1.0
17520,24734,3.0
17521,24735,14.0
17522,24736,1.0
17523,24737,17.0
17524,24738,1.0
17525,24739,13.0
17525,24740,3.0
17526,24741,1.0
17526,24742,3.0
17527,24743,1.0
17528,24744,8.0
17529,24745,1.0
17530,24746,5.0
17531,24747,2.0
17531,24748,19.0
17532,24749,14.0
17533,24750,14.0
17534,24751,17.0
17535,24752,1.0
17535,24753,2.0
17535,24754,6.0
17536,24755,20.0
17537,24756,1.0
17538,24757,13.0
17538,24758,16.0
17538,24759,23.0
17539,24760,3.0
17539,24761,15.0
17540,24762,1.0
17540,24763,3.0
17541,24764,13.0
17542,24765,2.0
17542,24766,19.0
17543,24767,13.0
17543,24768,16.0
17543,24769,22.0
17543,24770,2.0
17543,24771,6.0
17544,24772,3.0
17545,24773,26.0
17546,24774,17.0
17547,24775,5.0
17548,24776,3.0
17548,24777,4.0
17549,24778,5.0
17550,24779,5.0
17551,24780,1.0
17552,24781,1.0
17552,24782,2.0
17552,24783,6.0
17553,24784,3.0
17554,24785,10.0
17554,24786,11.0
17555,24787,1.0
17556,24788,2.0
17556,24789,19.0
17557,24790,13.0
17557,24791,16.0
17557,24792,1.0
17557,24793,9.0
17557,24794,4.0
17558,24795,5.0
17559,24796,1.0
17559,24797,3.0
17559,24798,4.0
17560,24799,13.0
17560,24800,3.0
17560,24801,6.0
17561,24802,1.0
17562,24803,1.0
17563,24804,14.0
17564,24805,16.0
17565,24806,26.0
17566,24807,13.0
17566,24808,1.0
17566,24809,2.0
17566,24810,6.0
17567,24811,16.0
17568,24812,16.0
17568,24813,23.0
17568,24814,3.0
17568,24815,25.0
17568,24816,15.0
17569,24817,17.0
17570,24818,1.0
17570,24819,2.0
17570,24820,6.0
17571,24821,13.0
17572,24822,1.0
17573,24823,5.0
17574,24824,5.0
17575,24825,3.0
17576,24826,5.0
17577,24827,1.0
17577,24828,2.0
17577,24829,3.0
17577,24830,6.0
17578,24831,10.0
17578,24832,11.0
17579,24833,13.0
17579,24834,1.0
17579,24835,2.0
17579,24836,6.0
17580,24837,1.0
17581,24838,9.0
17581,24839,5.0
17581,24840,28.0
17582,24841,3.0
17583,24842,3.0
17584,24843,14.0
17585,24844,1.0
17585,24845,15.0
17586,24846,5.0
17587,24847,5.0
17588,24848,16.0
17589,24849,5.0
17590,24850,9.0
17590,24851,3.0
17590,24852,24.0
17590,24853,5.0
17591,24854,5.0
17592,24855,1.0
17593,24856,14.0
17594,24857,8.0
17594,24858,1.0
17594,24859,2.0
17594,24860,3.0
17594,24861,4.0
17594,24862,6.0
17595,24863,5.0
17596,24864,1.0
17596,24865,6.0
17597,24866,1.0
17598,24867,14.0
17599,24868,1.0
17599,24869,12.0
17600,24870,1.0
17600,24871,3.0
17601,24872,8.0
17601,24873,1.0
17601,24874,12.0
17602,24875,16.0
17603,24876,1.0
17603,24877,3.0
17603,24878,6.0
17603,24879,21.0
17604,24880,8.0
17604,24881,1.0
17604,24882,3.0
17604,24883,6.0
17605,24884,1.0
17605,24885,4.0
17606,24886,16.0
17606,24887,7.0
17606,24888,3.0
17606,24889,25.0
17606,24890,15.0
17607,24891,16.0
17608,24892,3.0
17608,24893,4.0
17609,24894,1.0
17609,24895,22.0
17609,24896,3.0
17610,24897,
17611,24898,17.0
17612,24899,5.0
17613,24900,17.0
17614,24901,13.0
17615,24902,1.0
17615,24903,5.0
17616,24904,5.0
17617,24905,16.0
17617,24906,18.0
17617,24907,3.0
17617,24908,25.0
17617,24909,15.0
17618,24910,3.0
17618,24911,6.0
17619,24912,3.0
17619,24913,4.0
17620,24914,1.0
17620,24915,18.0
17620,24916,6.0
17621,24917,3.0
17622,24918,1.0
17622,24919,9.0
17622,24920,22.0
17622,24921,2.0
17622,24922,4.0
17622,24923,6.0
17623,24924,1.0
17623,24925,4.0
17624,24926,13.0
17625,24927,1.0
17626,24928,5.0
17627,24929,1.0
17628,24930,1.0
17629,24931,12.0
17629,24932,5.0
17630,24933,1.0
17630,24934,6.0
17631,24935,24.0
17631,24936,5.0
17632,24937,8.0
17632,24938,1.0
17632,24939,9.0
17632,24940,22.0
17632,24941,2.0
17632,24942,6.0
17633,24943,5.0
17634,24944,5.0
17635,24945,16.0
17636,24946,16.0
17637,24947,1.0
17638,24948,17.0
17639,24949,3.0
17640,24950,27.0
17641,24951,13.0
17642,24952,5.0
17643,24953,17.0
17644,24954,2.0
17645,24955,3.0
17646,24956,2.0
17646,24957,19.0
17647,24958,18.0
17647,24959,3.0
17648,24960,1.0
17648,24961,3.0
17649,24962,13.0
17649,24963,16.0
17649,24964,2.0
17650,24965,5.0
17651,24966,1.0
17652,24967,1.0
17653,24968,1.0
17653,24969,5.0
17654,24970,1.0
17654,24971,3.0
17654,24972,6.0
17655,24973,1.0
17655,24974,2.0
17656,24975,1.0
17657,24976,3.0
17658,24977,13.0
17658,24978,2.0
17658,24979,7.0
17659,24980,1.0
17660,24981,
17661,24982,16.0
17662,24983,1.0
17662,24984,18.0
17663,24985,1.0
17664,24986,1.0
17665,24987,
17666,24988,
17667,24989,1.0
17667,24990,3.0
17668,24991,3.0
17669,24992,1.0
17670,24993,1.0
17671,24994,1.0
17672,24995,1.0
17673,24996,3.0
17674,24997,13.0
17675,24998,13.0
17676,24999,1.0
17677,25000,1.0
17677,25001,2.0
17678,25002,3.0
17679,25003,13.0
17680,25004,3.0
17681,25005,3.0
17682,25006,17.0
17683,25007,5.0
17684,25008,3.0
17685,25009,1.0
17686,25010,1.0
17687,25011,3.0
17688,25012,3.0
17689,25013,17.0
17690,25014,16.0
17691,25015,1.0
17692,25016,13.0
17693,25017,2.0
17693,25018,19.0
17694,25019,3.0
17695,25020,13.0
17696,25021,1.0
17697,25022,16.0
17698,25023,3.0
17699,25024,21.0
17700,25025,17.0
17701,25026,3.0
17702,25027,3.0
17703,25028,16.0
17704,25029,16.0
17705,25030,7.0
17705,25031,14.0
17706,25032,16.0
17707,25033,1.0
17708,25034,3.0
17708,25035,24.0
17708,25036,15.0
17709,25037,1.0
17710,25038,14.0
17711,25039,13.0
17711,25040,16.0
17711,25041,22.0
17711,25042,2.0
17712,25043,8.0
17712,25044,1.0
17712,25045,4.0
17713,25046,18.0
17713,25047,3.0
17714,25048,5.0
17715,25049,1.0
17715,25050,3.0
17715,25051,4.0
17716,25052,8.0
17716,25053,1.0
17716,25054,24.0
17717,25055,1.0
17718,25056,12.0
17718,25057,5.0
17719,25058,16.0
17720,25059,5.0
17721,25060,9.0
17721,25061,3.0
17722,25062,22.0
17722,25063,2.0
17722,25064,6.0
17723,25065,1.0
17723,25066,6.0
17724,25067,16.0
17724,25068,3.0
17724,25069,25.0
17725,25070,1.0
17726,25071,5.0
17727,25072,17.0
17728,25073,5.0
17729,25074,15.0
17729,25075,5.0
17730,25076,1.0
17730,25077,3.0
17730,25078,4.0
17731,25079,5.0
17732,25080,
17733,25081,1.0
17733,25082,18.0
17733,25083,12.0
17734,25084,1.0
17734,25085,9.0
17735,25086,1.0
17736,25087,1.0
17736,25088,3.0
17737,25089,5.0
17738,25090,16.0
17739,25091,1.0
17740,25092,1.0
17741,25093,16.0
17741,25094,3.0
17741,25095,25.0
17741,25096,15.0
17742,25097,1.0
17742,25098,3.0
17743,25099,1.0
17744,25100,13.0
17744,25101,16.0
17744,25102,23.0
17744,25103,2.0
17745,25104,1.0
17746,25105,3.0
17747,25106,3.0
17748,25107,16.0
17748,25108,1.0
17748,25109,7.0
17748,25110,15.0
17749,25111,1.0
17750,25112,
17751,25113,3.0
17751,25114,4.0
17751,25115,15.0
17752,25116,1.0
17753,25117,5.0
17754,25118,5.0
17755,25119,1.0
17756,25120,1.0
17757,25121,5.0
17758,25122,5.0
17759,25123,13.0
17759,25124,1.0
17759,25125,2.0
17760,25126,13.0
17760,25127,16.0
17760,25128,2.0
17760,25129,6.0
17761,25130,24.0
17761,25131,5.0
17762,25132,8.0
17762,25133,9.0
17762,25134,5.0
17763,25135,1.0
17764,25136,3.0
17765,25137,1.0
17765,25138,3.0
17766,25139,14.0
17766,25140,3.0
17767,25141,5.0
17768,25142,1.0
17769,25143,3.0
17770,25144,9.0
17770,25145,24.0
17770,25146,5.0
17771,25147,1.0
17772,25148,1.0
17772,25149,3.0
17773,25150,16.0
17773,25151,8.0
17773,25152,1.0
17774,25153,3.0
17775,25154,1.0
17775,25155,3.0
17776,25156,2.0
17776,25157,14.0
17776,25158,6.0
17777,25159,13.0
17778,25160,9.0
17778,25161,5.0
17779,25162,
17780,25163,23.0
17780,25164,22.0
17780,25165,2.0
17780,25166,14.0
17781,25167,3.0
17782,25168,1.0
17783,25169,1.0
17783,25170,5.0
17784,25171,1.0
17784,25172,3.0
17784,25173,4.0
17784,25174,24.0
17785,25175,1.0
17785,25176,22.0
17785,25177,2.0
17786,25178,1.0
17786,25179,3.0
17786,25180,15.0
17787,25181,1.0
17787,25182,22.0
17787,25183,2.0
17788,25184,22.0
17788,25185,7.0
17788,25186,14.0
17788,25187,3.0
17789,25188,1.0
17790,25189,3.0
17790,25190,4.0
17791,25191,1.0
17792,25192,13.0
17792,25193,16.0
17792,25194,1.0
17792,25195,2.0
17792,25196,3.0
17792,25197,4.0
17792,25198,6.0
17793,25199,
17794,25200,13.0
17794,25201,1.0
17794,25202,2.0
17794,25203,20.0
17795,25204,2.0
17795,25205,19.0
17796,25206,
17797,25207,1.0
17797,25208,2.0
17797,25209,3.0
17797,25210,6.0
17798,25211,
17799,25212,1.0
17799,25213,4.0
17800,25214,
17801,25215,16.0
17801,25216,3.0
17801,25217,6.0
17801,25218,24.0
17802,25219,1.0
17802,25220,3.0
17802,25221,4.0
17803,25222,13.0
17803,25223,3.0
17803,25224,6.0
17804,25225,1.0
17804,25226,4.0
17805,25227,1.0
17805,25228,3.0
17805,25229,4.0
17805,25230,12.0
17806,25231,3.0
17807,25232,13.0
17807,25233,14.0
17807,25234,4.0
17808,25235,16.0
17808,25236,1.0
17809,25237,8.0
17809,25238,1.0
17810,25239,2.0
17810,25240,19.0
17811,25241,20.0
17812,25242,1.0
17813,25243,
17814,25244,1.0
17815,25245,1.0
17815,25246,3.0
17815,25247,4.0
17816,25248,20.0
17817,25249,8.0
17817,25250,1.0
17818,25251,7.0
17818,25252,3.0
17818,25253,4.0
17819,25254,13.0
17819,25255,23.0
17819,25256,22.0
17819,25257,3.0
17820,25258,1.0
17821,25259,5.0
17822,25260,17.0
17823,25261,13.0
17823,25262,16.0
17823,25263,7.0
17823,25264,3.0
17823,25265,4.0
17824,25266,5.0
17825,25267,18.0
17825,25268,5.0
17826,25269,16.0
17826,25270,7.0
17826,25271,3.0
17826,25272,25.0
17826,25273,15.0
17827,25274,3.0
17828,25275,2.0
17829,25276,1.0
17830,25277,1.0
17830,25278,22.0
17830,25279,2.0
17831,25280,5.0
17832,25281,1.0
17832,25282,4.0
17832,25283,6.0
17832,25284,24.0
17833,25285,3.0
17834,25286,13.0
17834,25287,1.0
17834,25288,2.0
17834,25289,6.0
17835,25290,5.0
17836,25291,10.0
17836,25292,11.0
17837,25293,1.0
17838,25294,1.0
17838,25295,3.0
17838,25296,4.0
17839,25297,14.0
17840,25298,17.0
17841,25299,3.0
17842,25300,5.0
17843,25301,1.0
17844,25302,1.0
17845,25303,13.0
17845,25304,16.0
17845,25305,7.0
17845,25306,3.0
17845,25307,15.0
17846,25308,1.0
17847,25309,13.0
17847,25310,3.0
17847,25311,24.0
17848,25312,5.0
17849,25313,
17850,25314,13.0
17850,25315,16.0
17850,25316,23.0
17850,25317,2.0
17851,25318,3.0
17851,25319,4.0
17852,25320,1.0
17853,25321,3.0
17853,25322,4.0
17854,25323,1.0
17855,25324,2.0
17856,25325,14.0
17857,25326,3.0
17858,25327,22.0
17858,25328,2.0
17859,25329,16.0
17859,25330,1.0
17859,25331,3.0
17859,25332,4.0
17860,25333,1.0
17861,25334,1.0
17861,25335,18.0
17861,25336,3.0
17862,25337,13.0
17862,25338,16.0
17862,25339,23.0
17863,25340,13.0
17863,25341,3.0
17863,25342,6.0
17864,25343,5.0
17865,25344,8.0
17865,25345,1.0
17866,25346,1.0
17867,25347,5.0
17868,25348,21.0
17869,25349,3.0
17870,25350,3.0
17871,25351,1.0
17872,25352,16.0
17873,25353,13.0
17874,25354,1.0
17875,25355,16.0
17876,25356,1.0
17877,25357,8.0
17877,25358,9.0
17877,25359,15.0
17877,25360,5.0
17877,25361,28.0
17878,25362,1.0
17879,25363,1.0
17880,25364,5.0
17881,25365,23.0
17881,25366,3.0
17882,25367,5.0
17883,25368,1.0
17884,25369,8.0
17884,25370,1.0
17885,25371,1.0
17886,25372,1.0
17887,25373,3.0
17888,25374,2.0
17889,25375,1.0
17889,25376,2.0
17889,25377,4.0
17890,25378,14.0
17891,25379,10.0
17891,25380,11.0
17892,25381,2.0
17892,25382,19.0
17893,25383,10.0
17893,25384,11.0
17894,25385,24.0
17894,25386,5.0
17895,25387,1.0
17895,25388,5.0
17896,25389,5.0
17897,25390,1.0
17897,25391,18.0
17897,25392,15.0
17898,25393,1.0
17899,25394,1.0
17899,25395,6.0
17900,25396,1.0
17901,25397,13.0
17901,25398,2.0
17901,25399,6.0
17902,25400,1.0
17903,25401,26.0
17904,25402,3.0
17904,25403,5.0
17905,25404,5.0
17906,25405,5.0
17907,25406,1.0
17908,25407,2.0
17908,25408,19.0
17909,25409,3.0
17909,25410,5.0
17910,25411,1.0
17911,25412,1.0
17911,25413,15.0
17912,25414,1.0
17913,25415,1.0
17913,25416,3.0
17913,25417,4.0
17914,25418,5.0
17915,25419,13.0
17916,25420,2.0
17916,25421,19.0
17917,25422,3.0
17918,25423,1.0
17919,25424,1.0
17920,25425,1.0
17920,25426,5.0
17920,25427,28.0
17921,25428,13.0
17921,25429,23.0
17921,25430,2.0
17921,25431,6.0
17922,25432,3.0
17923,25433,3.0
17924,25434,17.0
17925,25435,1.0
17926,25436,17.0
17927,25437,1.0
17927,25438,3.0
17928,25439,5.0
17929,25440,16.0
17930,25441,13.0
17930,25442,22.0
17930,25443,7.0
17930,25444,14.0
17930,25445,3.0
17931,25446,1.0
17932,25447,13.0
17932,25448,1.0
17932,25449,22.0
17932,25450,2.0
17932,25451,6.0
17933,25452,13.0
17933,25453,16.0
17933,25454,8.0
17933,25455,1.0
17933,25456,9.0
17933,25457,2.0
17933,25458,3.0
17933,25459,12.0
17934,25460,1.0
17935,25461,1.0
17935,25462,6.0
17935,25463,5.0
17935,25464,28.0
17936,25465,1.0
17937,25466,2.0
17937,25467,14.0
17938,25468,3.0
17939,25469,3.0
17940,25470,2.0
17940,25471,19.0
17941,25472,1.0
17942,25473,3.0
17943,25474,2.0
17944,25475,16.0
17944,25476,1.0
17944,25477,2.0
17944,25478,12.0
17945,25479,1.0
17945,25480,22.0
17945,25481,2.0
17945,25482,14.0
17946,25483,2.0
17946,25484,19.0
17947,25485,1.0
17948,25486,16.0
17949,25487,1.0
17950,25488,16.0
17950,25489,1.0
17950,25490,7.0
17950,25491,4.0
17951,25492,1.0
17952,25493,1.0
17952,25494,4.0
17953,25495,1.0
17953,25496,2.0
17954,25497,1.0
17954,25498,22.0
17954,25499,2.0
17954,25500,4.0
17955,25501,1.0
17956,25502,3.0
17956,25503,4.0
17957,25504,2.0
17957,25505,19.0
17958,25506,1.0
17958,25507,12.0
17959,25508,1.0
17959,25509,2.0
17959,25510,6.0
17960,25511,1.0
17961,25512,1.0
17962,25513,1.0
17963,25514,8.0
17963,25515,1.0
17963,25516,4.0
17964,25517,1.0
17964,25518,9.0
17964,25519,6.0
17965,25520,1.0
17965,25521,6.0
17966,25522,13.0
17966,25523,23.0
17966,25524,2.0
17967,25525,1.0
17967,25526,3.0
17967,25527,12.0
17968,25528,13.0
17968,25529,16.0
17968,25530,7.0
17969,25531,1.0
17970,25532,
17971,25533,1.0
17971,25534,3.0
17971,25535,4.0
17972,25536,1.0
17973,25537,7.0
17973,25538,3.0
17974,25539,
17975,25540,1.0
17975,25541,3.0
17976,25542,1.0
17977,25543,9.0
17977,25544,12.0
17977,25545,5.0
17978,25546,13.0
17978,25547,23.0
17978,25548,1.0
17978,25549,2.0
17979,25550,1.0
17979,25551,3.0
17979,25552,4.0
17979,25553,24.0
17980,25554,13.0
17980,25555,2.0
17980,25556,14.0
17981,25557,1.0
17982,25558,5.0
17983,25559,3.0
17984,25560,5.0
17985,25561,
17986,25562,22.0
17986,25563,2.0
17986,25564,14.0
17987,25565,5.0
17988,25566,1.0
17988,25567,24.0
17989,25568,1.0
17989,25569,3.0
17990,25570,3.0
17991,25571,1.0
17992,25572,3.0
17993,25573,16.0
17993,25574,23.0
17993,25575,2.0
17993,25576,7.0
17993,25577,3.0
17994,25578,13.0
17994,25579,1.0
17994,25580,2.0
17994,25581,6.0
17995,25582,16.0
17996,25583,5.0
17997,25584,13.0
17997,25585,18.0
17998,25586,1.0
17998,25587,2.0
17999,25588,3.0
17999,25589,4.0
18000,25590,1.0
18001,25591,16.0
18002,25592,1.0
18003,25593,1.0
18004,25594,1.0
18005,25595,13.0
18005,25596,3.0
18005,25597,4.0
18006,25598,5.0
18007,25599,2.0
18007,25600,19.0
18008,25601,3.0
18009,25602,13.0
18010,25603,1.0
18011,25604,14.0
18012,25605,13.0
18012,25606,1.0
18012,25607,2.0
18012,25608,6.0
18013,25609,3.0
18014,25610,1.0
18015,25611,17.0
18016,25612,1.0
18016,25613,2.0
18016,25614,4.0
18016,25615,6.0
18017,25616,1.0
18018,25617,3.0
18019,25618,1.0
18020,25619,13.0
18020,25620,1.0
18020,25621,22.0
18020,25622,2.0
18020,25623,6.0
18021,25624,1.0
18021,25625,4.0
18022,25626,3.0
18023,25627,2.0
18023,25628,19.0
18024,25629,13.0
18025,25630,16.0
18026,25631,3.0
18027,25632,1.0
18028,25633,3.0
18029,25634,1.0
18030,25635,1.0
18030,25636,3.0
18030,25637,24.0
18030,25638,15.0
18031,25639,1.0
18032,25640,13.0
18033,25641,17.0
18034,25642,13.0
18035,25643,
18036,25644,1.0
18037,25645,8.0
18037,25646,1.0
18037,25647,9.0
18038,25648,3.0
18038,25649,4.0
18039,25650,3.0
18040,25651,8.0
18040,25652,1.0
18040,25653,12.0
18041,25654,17.0
18042,25655,1.0
18042,25656,3.0
18042,25657,4.0
18043,25658,21.0
18044,25659,17.0
18045,25660,5.0
18046,25661,
18047,25662,1.0
18048,25663,1.0
18049,25664,1.0
18050,25665,1.0
18051,25666,3.0
18052,25667,1.0
18052,25668,24.0
18053,25669,5.0
18054,25670,3.0
18055,25671,1.0
18056,25672,13.0
18057,25673,1.0
18058,25674,16.0
18058,25675,22.0
18058,25676,7.0
18058,25677,15.0
18059,25678,1.0
18060,25679,1.0
18060,25680,4.0
18061,25681,1.0
18061,25682,9.0
18061,25683,18.0
18062,25684,16.0
18062,25685,1.0
18062,25686,15.0
18063,25687,2.0
18063,25688,14.0
18063,25689,6.0
18064,25690,13.0
18065,25691,1.0
18066,25692,1.0
18066,25693,3.0
18066,25694,4.0
18066,25695,24.0
18067,25696,1.0
18068,25697,12.0
18068,25698,5.0
18069,25699,8.0
18069,25700,1.0
18069,25701,6.0
18070,25702,1.0
18071,25703,5.0
18072,25704,1.0
18072,25705,15.0
18073,25706,1.0
18074,25707,
18075,25708,2.0
18075,25709,19.0
18076,25710,3.0
18077,25711,1.0
18077,25712,22.0
18077,25713,2.0
18077,25714,6.0
18078,25715,3.0
18078,25716,4.0
18079,25717,1.0
18079,25718,22.0
18079,25719,2.0
18080,25720,1.0
18081,25721,1.0
18081,25722,3.0
18081,25723,4.0
18081,25724,6.0
18082,25725,1.0
18082,25726,3.0
18083,25727,1.0
18084,25728,13.0
18085,25729,13.0
18085,25730,1.0
18085,25731,4.0
18085,25732,12.0
18086,25733,7.0
18086,25734,4.0
18086,25735,24.0
18086,25736,25.0
18087,25737,3.0
18088,25738,1.0
18088,25739,3.0
18088,25740,4.0
18089,25741,5.0
18090,25742,3.0
18090,25743,25.0
18090,25744,15.0
18091,25745,1.0
18091,25746,18.0
18091,25747,3.0
18091,25748,4.0
18092,25749,1.0
18092,25750,4.0
18093,25751,13.0
18093,25752,16.0
18093,25753,23.0
18093,25754,22.0
18093,25755,2.0
18094,25756,1.0
18094,25757,22.0
18094,25758,2.0
18094,25759,3.0
18095,25760,3.0
18095,25761,6.0
18096,25762,1.0
18096,25763,18.0
18096,25764,3.0
18096,25765,4.0
18097,25766,3.0
18098,25767,1.0
18099,25768,16.0
18099,25769,14.0
18099,25770,3.0
18100,25771,13.0
18100,25772,23.0
18100,25773,1.0
18100,25774,2.0
18100,25775,7.0
18100,25776,25.0
18101,25777,1.0
18102,25778,1.0
18102,25779,4.0
18102,25780,12.0
18103,25781,3.0
18104,25782,3.0
18105,25783,1.0
18106,25784,1.0
18106,25785,4.0
18107,25786,1.0
18108,25787,13.0
18108,25788,16.0
18108,25789,1.0
18108,25790,2.0
18108,25791,7.0
18109,25792,1.0
18109,25793,3.0
18110,25794,3.0
18111,25795,1.0
18112,25796,13.0
18112,25797,7.0
18112,25798,3.0
18112,25799,6.0
18113,25800,13.0
18113,25801,22.0
18113,25802,2.0
18113,25803,14.0
18114,25804,
18115,25805,1.0
18116,25806,1.0
18116,25807,12.0
18116,25808,24.0
18117,25809,1.0
18118,25810,3.0
18119,25811,1.0
18120,25812,27.0
18121,25813,13.0
18121,25814,23.0
18121,25815,14.0
18121,25816,3.0
18122,25817,1.0
18122,25818,3.0
18122,25819,4.0
18123,25820,3.0
18123,25821,4.0
18124,25822,16.0
18125,25823,1.0
18125,25824,3.0
18125,25825,4.0
18125,25826,21.0
18126,25827,3.0
18127,25828,14.0
18128,25829,1.0
18128,25830,3.0
18129,25831,1.0
18129,25832,2.0
18129,25833,6.0
18130,25834,5.0
18131,25835,3.0
18132,25836,23.0
18132,25837,1.0
18132,25838,4.0
18133,25839,13.0
18133,25840,16.0
18133,25841,2.0
18134,25842,1.0
18135,25843,5.0
18136,25844,13.0
18136,25845,16.0
18136,25846,1.0
18136,25847,2.0
18136,25848,4.0
18137,25849,26.0
18138,25850,13.0
18138,25851,16.0
18138,25852,7.0
18139,25853,18.0
18139,25854,5.0
18140,25855,1.0
18140,25856,4.0
18141,25857,1.0
18141,25858,3.0
18142,25859,
18143,25860,5.0
18144,25861,
18145,25862,13.0
18145,25863,16.0
18145,25864,1.0
18145,25865,7.0
18145,25866,4.0
18146,25867,1.0
18146,25868,2.0
18146,25869,3.0
18146,25870,6.0
18147,25871,
18148,25872,
18149,25873,3.0
18150,25874,
18151,25875,
18152,25876,3.0
18153,25877,18.0
18153,25878,5.0
18154,25879,
18155,25880,5.0
18156,25881,13.0
18156,25882,1.0
18156,25883,2.0
18156,25884,6.0
18157,25885,1.0
18157,25886,22.0
18157,25887,2.0
18157,25888,7.0
18158,25889,16.0
18159,25890,1.0
18160,25891,1.0
18160,25892,3.0
18160,25893,4.0
18161,25894,16.0
18161,25895,3.0
18161,25896,15.0
18162,25897,3.0
18163,25898,24.0
18163,25899,5.0
18164,25900,1.0
18164,25901,4.0
18165,25902,2.0
18165,25903,14.0
18166,25904,1.0
18166,25905,18.0
18166,25906,3.0
18166,25907,4.0
18167,25908,1.0
18167,25909,3.0
18168,25910,10.0
18168,25911,11.0
18169,25912,3.0
18170,25913,10.0
18170,25914,11.0
18171,25915,1.0
18172,25916,1.0
18173,25917,3.0
18174,25918,2.0
18174,25919,19.0
18175,25920,3.0
18176,25921,1.0
18176,25922,12.0
18177,25923,1.0
18178,25924,1.0
18179,25925,
18180,25926,13.0
18180,25927,23.0
18180,25928,2.0
18180,25929,3.0
18181,25930,1.0
18182,25931,2.0
18182,25932,19.0
18183,25933,13.0
18184,25934,18.0
18184,25935,3.0
18184,25936,4.0
18185,25937,5.0
18186,25938,13.0
18186,25939,23.0
18186,25940,2.0
18186,25941,7.0
18187,25942,1.0
18188,25943,2.0
18188,25944,19.0
18189,25945,1.0
18189,25946,22.0
18189,25947,2.0
18189,25948,6.0
18190,25949,1.0
18190,25950,2.0
18190,25951,4.0
18190,25952,6.0
18191,25953,1.0
18192,25954,13.0
18193,25955,7.0
18193,25956,3.0
18193,25957,4.0
18194,25958,
18195,25959,18.0
18195,25960,5.0
18196,25961,14.0
18197,25962,2.0
18197,25963,19.0
18198,25964,8.0
18198,25965,1.0
18198,25966,24.0
18199,25967,13.0
18199,25968,16.0
18199,25969,23.0
18199,25970,2.0
18199,25971,12.0
18199,25972,25.0
18200,25973,1.0
18200,25974,2.0
18201,25975,
18202,25976,
18203,25977,16.0
18204,25978,10.0
18204,25979,11.0
18205,25980,21.0
18206,25981,13.0
18207,25982,1.0
18208,25983,8.0
18208,25984,5.0
18209,25985,16.0
18209,25986,23.0
18209,25987,3.0
18209,25988,25.0
18209,25989,15.0
18210,25990,5.0
18211,25991,1.0
18211,25992,2.0
18212,25993,1.0
18213,25994,3.0
18214,25995,1.0
18215,25996,1.0
18216,25997,16.0
18216,25998,8.0
18216,25999,1.0
18216,26000,9.0
18216,26001,12.0
18216,26002,5.0
18217,26003,13.0
18218,26004,13.0
18218,26005,6.0
18219,26006,1.0
18220,26007,16.0
18220,26008,1.0
18220,26009,22.0
18220,26010,14.0
18221,26011,13.0
18222,26012,1.0
18223,26013,3.0
18224,26014,13.0
18224,26015,23.0
18225,26016,14.0
18226,26017,2.0
18226,26018,3.0
18226,26019,4.0
18227,26020,1.0
18228,26021,1.0
18229,26022,1.0
18230,26023,5.0
18231,26024,3.0
18232,26025,1.0
18232,26026,6.0
18233,26027,3.0
18234,26028,1.0
18234,26029,2.0
18234,26030,3.0
18234,26031,6.0
18235,26032,1.0
18235,26033,4.0
18236,26034,1.0
18236,26035,22.0
18236,26036,2.0
18237,26037,13.0
18238,26038,5.0
18239,26039,4.0
18240,26040,5.0
18241,26041,17.0
18242,26042,5.0
18243,26043,1.0
18244,26044,13.0
18245,26045,
18246,26046,1.0
18247,26047,16.0
18248,26048,1.0
18248,26049,3.0
18249,26050,16.0
18249,26051,1.0
18249,26052,7.0
18249,26053,3.0
18249,26054,25.0
18249,26055,15.0
18250,26056,17.0
18251,26057,1.0
18252,26058,3.0
18253,26059,3.0
18254,26060,23.0
18254,26061,1.0
18254,26062,2.0
18254,26063,7.0
18255,26064,1.0
18255,26065,9.0
18255,26066,2.0
18255,26067,14.0
18256,26068,13.0
18257,26069,3.0
18258,26070,2.0
18258,26071,19.0
18259,26072,8.0
18259,26073,1.0
18259,26074,24.0
18259,26075,5.0
18260,26076,13.0
18260,26077,16.0
18260,26078,7.0
18260,26079,3.0
18260,26080,25.0
18260,26081,15.0
18261,26082,5.0
18262,26083,5.0
18263,26084,14.0
18264,26085,1.0
18264,26086,2.0
18265,26087,5.0
18266,26088,1.0
18267,26089,3.0
18267,26090,4.0
18268,26091,5.0
18269,26092,1.0
18270,26093,1.0
18270,26094,3.0
18270,26095,4.0
18271,26096,16.0
18272,26097,3.0
18273,26098,2.0
18273,26099,19.0
18274,26100,23.0
18274,26101,2.0
18274,26102,14.0
18275,26103,1.0
18275,26104,3.0
18275,26105,4.0
18276,26106,1.0
18277,26107,8.0
18278,26108,1.0
18279,26109,2.0
18279,26110,19.0
18280,26111,13.0
18281,26112,1.0
18282,26113,8.0
18282,26114,1.0
18282,26115,22.0
18282,26116,6.0
18282,26117,5.0
18283,26118,13.0
18284,26119,3.0
18284,26120,6.0
18285,26121,16.0
18285,26122,23.0
18285,26123,3.0
18285,26124,25.0
18285,26125,15.0
18286,26126,
18287,26127,2.0
18287,26128,19.0
18288,26129,5.0
18289,26130,1.0
18290,26131,1.0
18290,26132,3.0
18290,26133,6.0
18291,26134,16.0
18291,26135,1.0
18291,26136,9.0
18292,26137,16.0
18292,26138,23.0
18292,26139,4.0
18292,26140,25.0
18292,26141,15.0
18293,26142,23.0
18293,26143,1.0
18293,26144,22.0
18293,26145,4.0
18294,26146,2.0
18294,26147,14.0
18295,26148,3.0
18296,26149,1.0
18296,26150,3.0
18296,26151,25.0
18296,26152,21.0
18297,26153,1.0
18297,26154,2.0
18297,26155,4.0
18297,26156,12.0
18298,26157,5.0
18299,26158,13.0
18299,26159,16.0
18299,26160,2.0
18300,26161,3.0
18301,26162,1.0
18302,26163,1.0
18303,26164,1.0
18304,26165,3.0
18305,26166,1.0
18306,26167,13.0
18306,26168,16.0
18306,26169,2.0
18307,26170,3.0
18308,26171,1.0
18308,26172,4.0
18308,26173,6.0
18308,26174,21.0
18309,26175,1.0
18309,26176,4.0
18310,26177,3.0
18311,26178,1.0
18312,26179,3.0
18312,26180,15.0
18313,26181,5.0
18314,26182,1.0
18315,26183,13.0
18315,26184,2.0
18316,26185,3.0
18316,26186,4.0
18316,26187,15.0
18317,26188,1.0
18317,26189,3.0
18317,26190,4.0
18318,26191,
18319,26192,5.0
18320,26193,1.0
18320,26194,22.0
18320,26195,2.0
18320,26196,4.0
18321,26197,1.0
18321,26198,3.0
18321,26199,4.0
18322,26200,3.0
18323,26201,
18324,26202,1.0
18324,26203,22.0
18324,26204,2.0
18324,26205,6.0
18325,26206,16.0
18326,26207,1.0
18327,26208,17.0
18328,26209,27.0
18329,26210,1.0
18330,26211,1.0
18331,26212,1.0
18331,26213,4.0
18331,26214,6.0
18331,26215,24.0
18332,26216,1.0
18333,26217,23.0
18333,26218,22.0
18333,26219,2.0
18333,26220,7.0
18333,26221,14.0
18334,26222,4.0
18334,26223,24.0
18334,26224,25.0
18335,26225,27.0
18336,26226,1.0
18336,26227,4.0
18337,26228,1.0
18337,26229,3.0
18337,26230,4.0
18338,26231,1.0
18338,26232,7.0
18339,26233,14.0
18340,26234,5.0
18341,26235,13.0
18341,26236,22.0
18341,26237,2.0
18341,26238,14.0
18341,26239,6.0
18342,26240,5.0
18343,26241,1.0
18343,26242,2.0
18343,26243,14.0
18344,26244,1.0
18344,26245,5.0
18345,26246,1.0
18346,26247,18.0
18346,26248,5.0
18347,26249,3.0
18348,26250,16.0
18349,26251,1.0
18350,26252,2.0
18350,26253,14.0
18351,26254,13.0
18352,26255,13.0
18353,26256,3.0
18354,26257,2.0
18354,26258,14.0
18355,26259,3.0
18356,26260,13.0
18357,26261,3.0
18358,26262,3.0
18359,26263,3.0
18360,26264,3.0
18361,26265,26.0
18362,26266,1.0
18363,26267,2.0
18364,26268,1.0
18364,26269,3.0
18365,26270,5.0
18366,26271,1.0
18367,26272,3.0
18368,26273,5.0
18369,26274,1.0
18370,26275,3.0
18371,26276,2.0
18371,26277,19.0
18372,26278,1.0
18372,26279,3.0
18372,26280,4.0
18373,26281,3.0
18373,26282,4.0
18374,26283,13.0
18375,26284,1.0
18375,26285,3.0
18376,26286,13.0
18376,26287,16.0
18376,26288,23.0
18376,26289,2.0
18376,26290,3.0
18377,26291,5.0
18378,26292,13.0
18379,26293,1.0
18380,26294,1.0
18380,26295,24.0
18381,26296,1.0
18381,26297,4.0
18382,26298,5.0
18383,26299,2.0
18383,26300,19.0
18384,26301,1.0
18385,26302,7.0
18385,26303,3.0
18385,26304,25.0
18385,26305,15.0
18386,26306,1.0
18387,26307,13.0
18387,26308,1.0
18387,26309,4.0
18387,26310,12.0
18387,26311,24.0
18387,26312,5.0
18388,26313,13.0
18388,26314,2.0
18388,26315,6.0
18389,26316,1.0
18390,26317,2.0
18390,26318,3.0
18390,26319,4.0
18390,26320,6.0
18391,26321,1.0
18391,26322,9.0
18391,26323,5.0
18392,26324,8.0
18392,26325,1.0
18392,26326,9.0
18392,26327,2.0
18392,26328,12.0
18393,26329,1.0
18393,26330,4.0
18394,26331,7.0
18394,26332,3.0
18394,26333,15.0
18395,26334,21.0
18396,26335,1.0
18397,26336,8.0
18397,26337,1.0
18398,26338,14.0
18399,26339,1.0
18399,26340,3.0
18400,26341,3.0
18401,26342,1.0
18402,26343,1.0
18403,26344,1.0
18404,26345,1.0
18404,26346,2.0
18404,26347,6.0
18405,26348,5.0
18406,26349,2.0
18406,26350,14.0
18407,26351,1.0
18407,26352,3.0
18408,26353,3.0
18409,26354,1.0
18409,26355,4.0
18410,26356,2.0
18410,26357,19.0
18411,26358,2.0
18411,26359,19.0
18412,26360,5.0
18413,26361,1.0
18414,26362,17.0
18415,26363,1.0
18416,26364,1.0
18417,26365,17.0
18418,26366,5.0
18419,26367,1.0
18420,26368,1.0
18420,26369,2.0
18420,26370,4.0
18420,26371,12.0
18421,26372,3.0
18422,26373,1.0
18422,26374,4.0
18423,26375,13.0
18423,26376,1.0
18423,26377,12.0
18424,26378,3.0
18425,26379,1.0
18425,26380,22.0
18425,26381,3.0
18426,26382,7.0
18426,26383,3.0
18426,26384,4.0
18427,26385,1.0
18427,26386,4.0
18428,26387,
18429,26388,1.0
18430,26389,
18431,26390,1.0
18431,26391,4.0
18432,26392,1.0
18432,26393,3.0
18432,26394,4.0
18433,26395,16.0
18433,26396,23.0
18433,26397,3.0
18433,26398,25.0
18433,26399,15.0
18434,26400,3.0
18435,26401,8.0
18435,26402,1.0
18436,26403,1.0
18436,26404,3.0
18437,26405,8.0
18437,26406,1.0
18438,26407,23.0
18438,26408,22.0
18438,26409,2.0
18438,26410,4.0
18439,26411,3.0
18440,26412,13.0
18440,26413,16.0
18440,26414,7.0
18441,26415,1.0
18442,26416,8.0
18442,26417,1.0
18442,26418,12.0
18443,26419,1.0
18443,26420,2.0
18444,26421,1.0
18444,26422,22.0
18444,26423,2.0
18444,26424,6.0
18445,26425,1.0
18445,26426,4.0
18446,26427,1.0
18446,26428,3.0
18447,26429,1.0
18447,26430,4.0
18448,26431,22.0
18448,26432,2.0
18448,26433,14.0
18448,26434,6.0
18449,26435,1.0
18450,26436,1.0
18451,26437,13.0
18451,26438,23.0
18451,26439,2.0
18452,26440,5.0
18453,26441,1.0
18453,26442,22.0
18453,26443,2.0
18453,26444,4.0
18454,26445,13.0
18454,26446,1.0
18454,26447,2.0
18454,26448,6.0
18455,26449,1.0
18456,26450,1.0
18457,26451,13.0
18457,26452,16.0
18457,26453,1.0
18458,26454,3.0
18459,26455,1.0
18459,26456,3.0
18459,26457,4.0
18460,26458,3.0
18460,26459,21.0
18461,26460,13.0
18461,26461,2.0
18461,26462,6.0
18462,26463,23.0
18462,26464,2.0
18462,26465,14.0
18462,26466,6.0
18463,26467,5.0
18464,26468,1.0
18464,26469,4.0
18465,26470,1.0
18466,26471,3.0
18466,26472,15.0
18467,26473,13.0
18468,26474,3.0
18469,26475,13.0
18470,26476,1.0
18471,26477,1.0
18471,26478,3.0
18472,26479,13.0
18472,26480,2.0
18472,26481,7.0
18472,26482,3.0
18473,26483,1.0
18474,26484,3.0
18474,26485,4.0
18475,26486,3.0
18476,26487,
18477,26488,
18478,26489,3.0
18479,26490,1.0
18479,26491,3.0
18479,26492,4.0
18480,26493,1.0
18480,26494,4.0
18481,26495,1.0
18481,26496,3.0
18481,26497,4.0
18482,26498,1.0
18482,26499,3.0
18482,26500,15.0
18483,26501,1.0
18483,26502,4.0
18483,26503,20.0
18484,26504,
18485,26505,
18486,26506,16.0
18487,26507,3.0
18487,26508,24.0
18488,26509,3.0
18489,26510,13.0
18489,26511,2.0
18489,26512,14.0
18490,26513,1.0
18490,26514,3.0
18490,26515,4.0
18491,26516,3.0
18492,26517,8.0
18492,26518,1.0
18492,26519,3.0
18493,26520,1.0
18493,26521,12.0
18494,26522,13.0
18495,26523,18.0
18495,26524,5.0
18496,26525,1.0
18497,26526,8.0
18497,26527,1.0
18497,26528,9.0
18497,26529,4.0
18498,26530,13.0
18498,26531,23.0
18499,26532,3.0
18499,26533,15.0
18500,26534,1.0
18500,26535,3.0
18501,26536,9.0
18501,26537,18.0
18501,26538,5.0
18502,26539,
18503,26540,16.0
18504,26541,8.0
18504,26542,1.0
18504,26543,9.0
18504,26544,6.0
18505,26545,1.0
18506,26546,1.0
18507,26547,16.0
18508,26548,
18509,26549,1.0
18510,26550,
18511,26551,1.0
18511,26552,4.0
18512,26553,1.0
18513,26554,1.0
18513,26555,3.0
18514,26556,13.0
18514,26557,23.0
18514,26558,2.0
18515,26559,13.0
18515,26560,23.0
18515,26561,2.0
18516,26562,1.0
18516,26563,3.0
18517,26564,13.0
18517,26565,3.0
18517,26566,6.0
18518,26567,
18519,26568,8.0
18519,26569,1.0
18520,26570,1.0
18521,26571,5.0
18522,26572,3.0
18523,26573,5.0
18524,26574,3.0
18525,26575,5.0
18526,26576,1.0
18527,26577,1.0
18527,26578,6.0
18528,26579,5.0
18529,26580,3.0
18530,26581,14.0
18531,26582,1.0
18532,26583,2.0
18532,26584,19.0
18533,26585,22.0
18533,26586,2.0
18533,26587,14.0
18534,26588,1.0
18534,26589,12.0
18535,26590,5.0
18536,26591,1.0
18536,26592,3.0
18536,26593,4.0
18537,26594,13.0
18538,26595,9.0
18538,26596,24.0
18538,26597,5.0
18539,26598,3.0
18540,26599,1.0
18541,26600,3.0
18542,26601,5.0
18543,26602,3.0
18544,26603,1.0
18544,26604,2.0
18544,26605,6.0
18545,26606,3.0
18546,26607,5.0
18547,26608,17.0
18548,26609,13.0
18549,26610,8.0
18549,26611,1.0
18550,26612,
18551,26613,1.0
18552,26614,5.0
18553,26615,13.0
18553,26616,16.0
18553,26617,23.0
18553,26618,22.0
18553,26619,2.0
18554,26620,23.0
18555,26621,3.0
18556,26622,8.0
18556,26623,24.0
18556,26624,5.0
18557,26625,1.0
18557,26626,22.0
18557,26627,2.0
18558,26628,1.0
18559,26629,
18560,26630,1.0
18561,26631,
18562,26632,2.0
18562,26633,19.0
18563,26634,1.0
18564,26635,24.0
18564,26636,5.0
18565,26637,1.0
18566,26638,1.0
18567,26639,1.0
18567,26640,3.0
18567,26641,4.0
18568,26642,13.0
18568,26643,8.0
18568,26644,1.0
18568,26645,9.0
18569,26646,5.0
18570,26647,13.0
18571,26648,13.0
18571,26649,16.0
18571,26650,3.0
18571,26651,25.0
18571,26652,15.0
18572,26653,1.0
18573,26654,3.0
18574,26655,1.0
18574,26656,3.0
18575,26657,3.0
18576,26658,1.0
18576,26659,3.0
18577,26660,14.0
18578,26661,2.0
18578,26662,19.0
18579,26663,23.0
18579,26664,2.0
18579,26665,4.0
18580,26666,1.0
18581,26667,3.0
18582,26668,1.0
18583,26669,13.0
18584,26670,1.0
18585,26671,1.0
18585,26672,7.0
18585,26673,4.0
18586,26674,3.0
18587,26675,3.0
18588,26676,1.0
18589,26677,21.0
18589,26678,5.0
18590,26679,1.0
18590,26680,14.0
18590,26681,4.0
18591,26682,5.0
18592,26683,3.0
18593,26684,1.0
18593,26685,2.0
18594,26686,23.0
18594,26687,3.0
18595,26688,2.0
18595,26689,19.0
18596,26690,1.0
18597,26691,3.0
18598,26692,13.0
18599,26693,8.0
18599,26694,1.0
18599,26695,9.0
18600,26696,5.0
18601,26697,13.0
18601,26698,23.0
18601,26699,2.0
18602,26700,
18603,26701,1.0
18603,26702,24.0
18604,26703,1.0
18605,26704,17.0
18606,26705,
18607,26706,24.0
18607,26707,5.0
18608,26708,5.0
18609,26709,1.0
18609,26710,3.0
18610,26711,3.0
18610,26712,15.0
18611,26713,1.0
18611,26714,3.0
18612,26715,3.0
18613,26716,16.0
18614,26717,13.0
18614,26718,3.0
18614,26719,4.0
18614,26720,6.0
18615,26721,3.0
18615,26722,4.0
18616,26723,1.0
18617,26724,27.0
18618,26725,1.0
18618,26726,9.0
18618,26727,2.0
18618,26728,5.0
18619,26729,5.0
18620,26730,1.0
18621,26731,1.0
18622,26732,5.0
18623,26733,5.0
18624,26734,5.0
18625,26735,13.0
18625,26736,23.0
18625,26737,2.0
18625,26738,7.0
18625,26739,14.0
18626,26740,13.0
18627,26741,3.0
18628,26742,1.0
18629,26743,13.0
18629,26744,2.0
18630,26745,1.0
18631,26746,17.0
18632,26747,1.0
18632,26748,2.0
18632,26749,6.0
18633,26750,13.0
18634,26751,3.0
18635,26752,3.0
18636,26753,1.0
18636,26754,7.0
18636,26755,4.0
18637,26756,1.0
18638,26757,2.0
18638,26758,19.0
18639,26759,5.0
18640,26760,17.0
18641,26761,1.0
18641,26762,22.0
18641,26763,2.0
18641,26764,4.0
18642,26765,1.0
18643,26766,2.0
18643,26767,19.0
18644,26768,5.0
18645,26769,2.0
18645,26770,14.0
18646,26771,3.0
18647,26772,1.0
18647,26773,2.0
18647,26774,6.0
18648,26775,1.0
18649,26776,3.0
18650,26777,3.0
18650,26778,4.0
18651,26779,3.0
18652,26780,1.0
18653,26781,1.0
18654,26782,21.0
18655,26783,1.0
18656,26784,3.0
18657,26785,16.0
18658,26786,3.0
18658,26787,6.0
18659,26788,5.0
18660,26789,13.0
18661,26790,3.0
18662,26791,1.0
18663,26792,24.0
18663,26793,5.0
18664,26794,
18665,26795,2.0
18665,26796,19.0
18666,26797,16.0
18666,26798,22.0
18666,26799,7.0
18666,26800,15.0
18667,26801,3.0
18668,26802,1.0
18669,26803,1.0
18670,26804,1.0
18670,26805,12.0
18671,26806,
18672,26807,13.0
18672,26808,2.0
18672,26809,6.0
18673,26810,1.0
18673,26811,6.0
18674,26812,
18675,26813,
18676,26814,
18677,26815,3.0
18678,26816,24.0
18678,26817,5.0
18679,26818,1.0
18679,26819,4.0
18680,26820,25.0
18680,26821,30.0
18681,26822,3.0
18682,26823,2.0
18682,26824,6.0
18683,26825,1.0
18683,26826,24.0
18684,26827,1.0
18685,26828,1.0
18686,26829,14.0
18687,26830,1.0
18688,26831,1.0
18689,26832,1.0
18689,26833,3.0
18689,26834,4.0
18690,26835,13.0
18691,26836,13.0
18691,26837,18.0
18691,26838,3.0
18692,26839,1.0
18693,26840,
18694,26841,
18695,26842,
18696,26843,22.0
18696,26844,2.0
18697,26845,1.0
18698,26846,5.0
18699,26847,14.0
18700,26848,1.0
18701,26849,14.0
18701,26850,3.0
18701,26851,4.0
18701,26852,25.0
18702,26853,3.0
18703,26854,1.0
18703,26855,4.0
18704,26856,27.0
18705,26857,2.0
18705,26858,19.0
18706,26859,2.0
18706,26860,19.0
18707,26861,16.0
18708,26862,3.0
18709,26863,10.0
18709,26864,11.0
18710,26865,2.0
18710,26866,19.0
18711,26867,14.0
18712,26868,1.0
18713,26869,2.0
18713,26870,19.0
18714,26871,2.0
18714,26872,19.0
18715,26873,1.0
18716,26874,13.0
18716,26875,2.0
18716,26876,3.0
18716,26877,6.0
18717,26878,2.0
18717,26879,6.0
18718,26880,5.0
18719,26881,13.0
18719,26882,16.0
18719,26883,1.0
18719,26884,2.0
18720,26885,16.0
18721,26886,1.0
18722,26887,1.0
18723,26888,1.0
18723,26889,3.0
18724,26890,1.0
18725,26891,14.0
18726,26892,1.0
18727,26893,3.0
18728,26894,3.0
18729,26895,5.0
18730,26896,3.0
18731,26897,8.0
18731,26898,5.0
18732,26899,16.0
18733,26900,9.0
18733,26901,22.0
18733,26902,3.0
18733,26903,5.0
18734,26904,3.0
18735,26905,13.0
18735,26906,2.0
18735,26907,6.0
18736,26908,1.0
18736,26909,2.0
18737,26910,14.0
18738,26911,1.0
18739,26912,22.0
18739,26913,3.0
18739,26914,6.0
18740,26915,5.0
18741,26916,1.0
18742,26917,1.0
18743,26918,3.0
18744,26919,26.0
18745,26920,16.0
18746,26921,1.0
18747,26922,17.0
18748,26923,14.0
18749,26924,2.0
18749,26925,14.0
18750,26926,1.0
18751,26927,3.0
18752,26928,1.0
18753,26929,5.0
18754,26930,5.0
18755,26931,5.0
18756,26932,24.0
18756,26933,5.0
18757,26934,1.0
18758,26935,16.0
18758,26936,22.0
18758,26937,2.0
18758,26938,3.0
18758,26939,6.0
18758,26940,15.0
18759,26941,16.0
18760,26942,1.0
18761,26943,1.0
18761,26944,14.0
18761,26945,3.0
18761,26946,4.0
18762,26947,3.0
18763,26948,3.0
18763,26949,4.0
18764,26950,13.0
18764,26951,16.0
18764,26952,23.0
18764,26953,2.0
18764,26954,7.0
18765,26955,13.0
18765,26956,16.0
18766,26957,5.0
18767,26958,3.0
18767,26959,5.0
18768,26960,5.0
18769,26961,1.0
18770,26962,13.0
18770,26963,3.0
18770,26964,6.0
18771,26965,1.0
18771,26966,22.0
18771,26967,2.0
18772,26968,1.0
18773,26969,3.0
18774,26970,5.0
18775,26971,1.0
18775,26972,6.0
18776,26973,8.0
18776,26974,5.0
18777,26975,14.0
18778,26976,13.0
18778,26977,2.0
18778,26978,6.0
18779,26979,3.0
18779,26980,12.0
18780,26981,1.0
18780,26982,2.0
18780,26983,4.0
18781,26984,13.0
18781,26985,16.0
18781,26986,23.0
18781,26987,2.0
18782,26988,13.0
18783,26989,1.0
18784,26990,1.0
18785,26991,13.0
18785,26992,1.0
18785,26993,2.0
18785,26994,3.0
18785,26995,6.0
18786,26996,5.0
18787,26997,3.0
18787,26998,4.0
18787,26999,24.0
18788,27000,3.0
18789,27001,3.0
18790,27002,1.0
18790,27003,4.0
18791,27004,22.0
18791,27005,2.0
18791,27006,14.0
18792,27007,13.0
18793,27008,3.0
18794,27009,1.0
18794,27010,4.0
18795,27011,1.0
18795,27012,3.0
18795,27013,12.0
18796,27014,1.0
18797,27015,2.0
18797,27016,3.0
18797,27017,6.0
18798,27018,1.0
18798,27019,2.0
18799,27020,1.0
18799,27021,4.0
18800,27022,1.0
18800,27023,2.0
18800,27024,14.0
18801,27025,23.0
18801,27026,1.0
18801,27027,2.0
18802,27028,
18803,27029,8.0
18803,27030,5.0
18804,27031,3.0
18805,27032,16.0
18805,27033,1.0
18805,27034,20.0
18806,27035,1.0
18806,27036,9.0
18807,27037,1.0
18808,27038,3.0
18809,27039,
18810,27040,1.0
18810,27041,6.0
18811,27042,13.0
18812,27043,
18813,27044,3.0
18813,27045,4.0
18814,27046,13.0
18814,27047,2.0
18814,27048,6.0
18815,27049,16.0
18815,27050,7.0
18815,27051,3.0
18816,27052,1.0
18817,27053,1.0
18817,27054,22.0
18817,27055,2.0
18817,27056,7.0
18817,27057,14.0
18818,27058,18.0
18818,27059,3.0
18819,27060,3.0
18820,27061,12.0
18821,27062,5.0
18822,27063,1.0
18823,27064,13.0
18823,27065,16.0
18823,27066,2.0
18823,27067,14.0
18824,27068,1.0
18825,27069,16.0
18825,27070,22.0
18825,27071,3.0
18826,27072,1.0
18826,27073,12.0
18827,27074,1.0
18827,27075,2.0
18828,27076,1.0
18828,27077,6.0
18829,27078,1.0
18830,27079,13.0
18830,27080,1.0
18830,27081,3.0
18830,27082,6.0
18831,27083,1.0
18831,27084,3.0
18832,27085,5.0
18833,27086,1.0
18833,27087,15.0
18834,27088,2.0
18834,27089,14.0
18835,27090,1.0
18836,27091,5.0
18837,27092,1.0
18837,27093,3.0
18837,27094,12.0
18838,27095,1.0
18839,27096,13.0
18840,27097,13.0
18841,27098,3.0
18842,27099,1.0
18843,27100,
18844,27101,
18845,27102,3.0
18846,27103,1.0
18847,27104,5.0
18848,27105,17.0
18849,27106,3.0
18849,27107,4.0
18849,27108,6.0
18850,27109,1.0
18851,27110,1.0
18851,27111,3.0
18851,27112,4.0
18852,27113,17.0
18853,27114,1.0
18853,27115,2.0
18853,27116,4.0
18854,27117,3.0
18854,27118,4.0
18855,27119,1.0
18856,27120,1.0
18856,27121,3.0
18856,27122,4.0
18857,27123,13.0
18857,27124,16.0
18857,27125,23.0
18857,27126,3.0
18857,27127,15.0
18858,27128,1.0
18859,27129,13.0
18859,27130,16.0
18859,27131,2.0
18859,27132,7.0
18860,27133,16.0
18860,27134,1.0
18860,27135,22.0
18860,27136,2.0
18860,27137,3.0
18860,27138,4.0
18860,27139,6.0
18861,27140,1.0
18862,27141,1.0
18863,27142,
18864,27143,3.0
18865,27144,3.0
18866,27145,1.0
18866,27146,4.0
18867,27147,
18868,27148,5.0
18869,27149,5.0
18870,27150,13.0
18870,27151,16.0
18870,27152,3.0
18870,27153,6.0
18871,27154,1.0
18871,27155,18.0
18871,27156,4.0
18872,27157,
18873,27158,1.0
18873,27159,3.0
18874,27160,3.0
18875,27161,1.0
18876,27162,
18877,27163,1.0
18878,27164,1.0
18878,27165,2.0
18879,27166,1.0
18879,27167,12.0
18880,27168,5.0
18881,27169,21.0
18882,27170,5.0
18883,27171,5.0
18884,27172,2.0
18884,27173,19.0
18885,27174,
18886,27175,1.0
18887,27176,1.0
18888,27177,1.0
18889,27178,10.0
18889,27179,11.0
18890,27180,1.0
18891,27181,13.0
18891,27182,1.0
18891,27183,18.0
18892,27184,2.0
18892,27185,19.0
18893,27186,5.0
18894,27187,16.0
18894,27188,3.0
18894,27189,25.0
18894,27190,15.0
18895,27191,1.0
18895,27192,2.0
18896,27193,13.0
18896,27194,23.0
18896,27195,2.0
18897,27196,1.0
18897,27197,3.0
18897,27198,4.0
18898,27199,1.0
18899,27200,1.0
18899,27201,3.0
18899,27202,6.0
18900,27203,13.0
18901,27204,16.0
18901,27205,1.0
18901,27206,3.0
18902,27207,3.0
18903,27208,1.0
18903,27209,3.0
18904,27210,13.0
18904,27211,16.0
18904,27212,23.0
18904,27213,2.0
18904,27214,7.0
18905,27215,1.0
18906,27216,1.0
18906,27217,14.0
18906,27218,4.0
18907,27219,8.0
18907,27220,24.0
18907,27221,5.0
18908,27222,1.0
18909,27223,1.0
18909,27224,18.0
18910,27225,
18911,27226,1.0
18912,27227,1.0
18912,27228,2.0
18912,27229,6.0
18913,27230,3.0
18914,27231,
18915,27232,3.0
18916,27233,1.0
18917,27234,2.0
18917,27235,19.0
18918,27236,23.0
18918,27237,2.0
18918,27238,14.0
18918,27239,3.0
18919,27240,26.0
18920,27241,1.0
18921,27242,13.0
18922,27243,5.0
18923,27244,22.0
18923,27245,2.0
18923,27246,14.0
18924,27247,1.0
18925,27248,5.0
18926,27249,
18927,27250,1.0
18927,27251,22.0
18927,27252,2.0
18928,27253,16.0
18929,27254,1.0
18930,27255,1.0
18931,27256,1.0
18932,27257,3.0
18933,27258,14.0
18934,27259,13.0
18934,27260,23.0
18935,27261,5.0
18936,27262,5.0
18937,27263,1.0
18938,27264,3.0
18938,27265,15.0
18939,27266,3.0
18940,27267,2.0
18940,27268,19.0
18941,27269,
18942,27270,
18943,27271,
18944,27272,3.0
18944,27273,4.0
18945,27274,1.0
18945,27275,4.0
18946,27276,3.0
18947,27277,3.0
18947,27278,4.0
18948,27279,1.0
18949,27280,1.0
18950,27281,13.0
18950,27282,1.0
18950,27283,2.0
18950,27284,12.0
18951,27285,1.0
18952,27286,16.0
18952,27287,7.0
18952,27288,25.0
18953,27289,1.0
18954,27290,3.0
18955,27291,
18956,27292,1.0
18956,27293,4.0
18957,27294,16.0
18958,27295,13.0
18958,27296,1.0
18958,27297,2.0
18958,27298,6.0
18959,27299,
18960,27300,
18961,27301,1.0
18962,27302,1.0
18963,27303,5.0
18964,27304,1.0
18965,27305,2.0
18965,27306,19.0
18966,27307,13.0
18966,27308,3.0
18967,27309,1.0
18968,27310,16.0
18968,27311,3.0
18968,27312,25.0
18968,27313,15.0
18969,27314,3.0
18970,27315,1.0
18971,27316,1.0
18972,27317,1.0
18973,27318,13.0
18973,27319,1.0
18973,27320,22.0
18973,27321,2.0
18974,27322,1.0
18975,27323,2.0
18975,27324,3.0
18975,27325,6.0
18976,27326,16.0
18977,27327,14.0
18978,27328,2.0
18978,27329,19.0
18979,27330,3.0
18980,27331,1.0
18981,27332,2.0
18981,27333,19.0
18982,27334,8.0
18982,27335,9.0
18982,27336,5.0
18983,27337,5.0
18984,27338,14.0
18985,27339,23.0
18985,27340,2.0
18985,27341,14.0
18986,27342,1.0
18986,27343,2.0
18987,27344,5.0
18988,27345,27.0
18989,27346,1.0
18989,27347,2.0
18990,27348,1.0
18990,27349,14.0
18990,27350,3.0
18990,27351,4.0
18991,27352,
18992,27353,1.0
18993,27354,2.0
18993,27355,19.0
18994,27356,10.0
18994,27357,11.0
18995,27358,3.0
18996,27359,3.0
18997,27360,23.0
18997,27361,7.0
18997,27362,14.0
18997,27363,3.0
18998,27364,13.0
18999,27365,13.0
18999,27366,2.0
18999,27367,6.0
19000,27368,1.0
19001,27369,13.0
19001,27370,7.0
19001,27371,14.0
19001,27372,3.0
19002,27373,22.0
19002,27374,2.0
19003,27375,1.0
19004,27376,1.0
19005,27377,1.0
19005,27378,3.0
19005,27379,4.0
19006,27380,1.0
19007,27381,3.0
19007,27382,4.0
19008,27383,7.0
19008,27384,3.0
19008,27385,15.0
19009,27386,13.0
19009,27387,16.0
19009,27388,2.0
19009,27389,3.0
19010,27390,3.0
19010,27391,4.0
19011,27392,1.0
19011,27393,2.0
19011,27394,24.0
19012,27395,1.0
19012,27396,3.0
19013,27397,1.0
19014,27398,1.0
19015,27399,22.0
19015,27400,2.0
19016,27401,
19017,27402,1.0
19018,27403,13.0
19018,27404,3.0
19019,27405,1.0
19019,27406,24.0
19020,27407,8.0
19020,27408,1.0
19020,27409,4.0
19021,27410,1.0
19021,27411,3.0
19022,27412,3.0
19023,27413,17.0
19024,27414,5.0
19025,27415,1.0
19025,27416,4.0
19025,27417,6.0
19026,27418,3.0
19027,27419,1.0
19028,27420,16.0
19029,27421,1.0
19030,27422,3.0
19030,27423,4.0
19031,27424,13.0
19032,27425,
19033,27426,5.0
19034,27427,13.0
19034,27428,1.0
19034,27429,3.0
19034,27430,12.0
19035,27431,1.0
19035,27432,24.0
19036,27433,5.0
19037,27434,16.0
19038,27435,16.0
19038,27436,7.0
19038,27437,3.0
19038,27438,25.0
19038,27439,15.0
19039,27440,1.0
19039,27441,2.0
19039,27442,6.0
19040,27443,5.0
19041,27444,3.0
19042,27445,16.0
19042,27446,1.0
19042,27447,3.0
19043,27448,23.0
19043,27449,1.0
19043,27450,2.0
19043,27451,3.0
19043,27452,4.0
19043,27453,6.0
19044,27454,16.0
19045,27455,1.0
19045,27456,3.0
19046,27457,22.0
19046,27458,2.0
19046,27459,7.0
19047,27460,1.0
19047,27461,2.0
19047,27462,6.0
19048,27463,5.0
19049,27464,
19050,27465,13.0
19051,27466,5.0
19052,27467,13.0
19052,27468,1.0
19053,27469,1.0
19054,27470,13.0
19054,27471,2.0
19055,27472,16.0
19056,27473,13.0
19056,27474,16.0
19056,27475,1.0
19056,27476,9.0
19056,27477,12.0
19057,27478,1.0
19057,27479,9.0
19057,27480,5.0
19057,27481,28.0
19058,27482,27.0
19059,27483,1.0
19059,27484,9.0
19059,27485,2.0
19060,27486,8.0
19060,27487,3.0
19060,27488,21.0
19060,27489,5.0
19061,27490,13.0
19062,27491,5.0
19063,27492,1.0
19064,27493,5.0
19065,27494,3.0
19066,27495,5.0
19067,27496,13.0
19068,27497,1.0
19068,27498,2.0
19069,27499,17.0
19070,27500,5.0
19071,27501,3.0
19072,27502,3.0
19073,27503,3.0
19074,27504,5.0
19075,27505,16.0
19076,27506,1.0
19077,27507,1.0
19078,27508,1.0
19079,27509,2.0
19079,27510,14.0
19080,27511,5.0
19081,27512,1.0
19082,27513,2.0
19082,27514,6.0
19083,27515,3.0
19084,27516,1.0
19085,27517,14.0
19086,27518,17.0
19087,27519,1.0
19088,27520,1.0
19089,27521,3.0
19090,27522,1.0
19090,27523,22.0
19090,27524,2.0
19090,27525,6.0
19091,27526,
19092,27527,3.0
19092,27528,4.0
19093,27529,13.0
19094,27530,1.0
19094,27531,18.0
19095,27532,16.0
19095,27533,2.0
19095,27534,7.0
19095,27535,3.0
19096,27536,13.0
19096,27537,16.0
19096,27538,14.0
19097,27539,8.0
19097,27540,5.0
19098,27541,16.0
19098,27542,3.0
19098,27543,12.0
19098,27544,25.0
19098,27545,15.0
19099,27546,5.0
19100,27547,1.0
19100,27548,3.0
19100,27549,4.0
19101,27550,2.0
19102,27551,1.0
19103,27552,5.0
19104,27553,3.0
19104,27554,4.0
19105,27555,26.0
19106,27556,13.0
19106,27557,1.0
19106,27558,18.0
19106,27559,4.0
19107,27560,14.0
19108,27561,8.0
19108,27562,5.0
19109,27563,1.0
19110,27564,1.0
19110,27565,3.0
19111,27566,13.0
19111,27567,1.0
19111,27568,12.0
19112,27569,5.0
19113,27570,2.0
19113,27571,4.0
19114,27572,1.0
19115,27573,2.0
19115,27574,19.0
19116,27575,13.0
19116,27576,1.0
19116,27577,2.0
19116,27578,6.0
19117,27579,1.0
19117,27580,14.0
19117,27581,6.0
19118,27582,3.0
19119,27583,1.0
19119,27584,2.0
19119,27585,3.0
19119,27586,6.0
19120,27587,
19121,27588,1.0
19121,27589,18.0
19121,27590,3.0
19122,27591,1.0
19122,27592,3.0
19122,27593,4.0
19123,27594,1.0
19123,27595,24.0
19124,27596,3.0
19125,27597,16.0
19125,27598,22.0
19125,27599,7.0
19125,27600,15.0
19126,27601,1.0
19126,27602,2.0
19126,27603,6.0
19127,27604,1.0
19127,27605,7.0
19127,27606,3.0
19127,27607,4.0
19128,27608,13.0
19129,27609,
19130,27610,1.0
19131,27611,8.0
19131,27612,5.0
19132,27613,13.0
19133,27614,3.0
19133,27615,4.0
19133,27616,24.0
19134,27617,16.0
19134,27618,7.0
19134,27619,3.0
19134,27620,25.0
19134,27621,15.0
19135,27622,1.0
19136,27623,
19137,27624,1.0
19138,27625,1.0
19139,27626,1.0
19139,27627,3.0
19140,27628,16.0
19141,27629,1.0
19142,27630,22.0
19142,27631,2.0
19142,27632,6.0
19143,27633,12.0
19143,27634,5.0
19144,27635,5.0
19145,27636,17.0
19146,27637,1.0
19147,27638,3.0
19147,27639,4.0
19148,27640,2.0
19148,27641,3.0
19148,27642,4.0
19148,27643,15.0
19149,27644,16.0
19150,27645,1.0
19151,27646,13.0
19151,27647,23.0
19151,27648,2.0
19151,27649,14.0
19152,27650,13.0
19152,27651,8.0
19152,27652,1.0
19152,27653,6.0
19153,27654,13.0
19153,27655,16.0
19153,27656,1.0
19153,27657,12.0
19154,27658,1.0
19154,27659,2.0
19154,27660,14.0
19155,27661,1.0
19155,27662,3.0
19155,27663,4.0
19156,27664,1.0
19156,27665,3.0
19156,27666,4.0
19157,27667,5.0
19158,27668,13.0
19158,27669,1.0
19158,27670,9.0
19158,27671,12.0
19159,27672,1.0
19159,27673,2.0
19159,27674,6.0
19160,27675,23.0
19160,27676,1.0
19160,27677,2.0
19160,27678,4.0
19161,27679,5.0
19162,27680,3.0
19163,27681,1.0
19163,27682,4.0
19164,27683,13.0
19165,27684,22.0
19165,27685,2.0
19166,27686,14.0
19167,27687,3.0
19168,27688,
19169,27689,5.0
19170,27690,1.0
19170,27691,3.0
19170,27692,21.0
19171,27693,1.0
19171,27694,6.0
19172,27695,13.0
19173,27696,1.0
19173,27697,4.0
19174,27698,1.0
19174,27699,3.0
19174,27700,24.0
19175,27701,1.0
19175,27702,3.0
19175,27703,4.0
19176,27704,1.0
19177,27705,3.0
19178,27706,1.0
19178,27707,3.0
19178,27708,24.0
19179,27709,1.0
19179,27710,4.0
19180,27711,13.0
19180,27712,2.0
19180,27713,3.0
19180,27714,6.0
19181,27715,1.0
19181,27716,2.0
19181,27717,6.0
19182,27718,1.0
19182,27719,2.0
19182,27720,3.0
19182,27721,6.0
19182,27722,12.0
19183,27723,1.0
19184,27724,1.0
19184,27725,3.0
19184,27726,4.0
19185,27727,13.0
19185,27728,23.0
19185,27729,7.0
19185,27730,25.0
19186,27731,8.0
19186,27732,1.0
19186,27733,2.0
19186,27734,6.0
19187,27735,1.0
19187,27736,12.0
19188,27737,2.0
19189,27738,1.0
19189,27739,6.0
19190,27740,21.0
19191,27741,1.0
19191,27742,3.0
19192,27743,1.0
19192,27744,3.0
19193,27745,1.0
19194,27746,3.0
19194,27747,6.0
19195,27748,3.0
19195,27749,4.0
19196,27750,1.0
19197,27751,22.0
19197,27752,2.0
19197,27753,14.0
19197,27754,6.0
19198,27755,
19199,27756,5.0
19200,27757,
19201,27758,1.0
19201,27759,4.0
19202,27760,3.0
19202,27761,4.0
19203,27762,7.0
19203,27763,14.0
19203,27764,3.0
19203,27765,4.0
19204,27766,13.0
19204,27767,3.0
19205,27768,5.0
19206,27769,1.0
19206,27770,2.0
19206,27771,6.0
19207,27772,1.0
19207,27773,18.0
19207,27774,22.0
19207,27775,2.0
19207,27776,6.0
19208,27777,1.0
19208,27778,4.0
19209,27779,3.0
19210,27780,1.0
19211,27781,3.0
19211,27782,4.0
19212,27783,24.0
19212,27784,5.0
19213,27785,1.0
19213,27786,4.0
19213,27787,6.0
19214,27788,16.0
19214,27789,1.0
19214,27790,3.0
19214,27791,15.0
19215,27792,12.0
19215,27793,5.0
19216,27794,12.0
19216,27795,5.0
19217,27796,23.0
19217,27797,1.0
19217,27798,7.0
19217,27799,3.0
19217,27800,15.0
19218,27801,1.0
19219,27802,3.0
19220,27803,16.0
19220,27804,5.0
19221,27805,5.0
19222,27806,5.0
19223,27807,1.0
19224,27808,1.0
19225,27809,16.0
19226,27810,5.0
19227,27811,1.0
19228,27812,18.0
19228,27813,3.0
19229,27814,1.0
19230,27815,13.0
19231,27816,
19232,27817,1.0
19233,27818,1.0
19233,27819,3.0
19234,27820,1.0
19235,27821,5.0
19236,27822,13.0
19236,27823,16.0
19236,27824,23.0
19236,27825,3.0
19236,27826,25.0
19236,27827,15.0
19237,27828,
19238,27829,14.0
19239,27830,5.0
19240,27831,1.0
19241,27832,1.0
19242,27833,5.0
19243,27834,5.0
19244,27835,13.0
19244,27836,2.0
19244,27837,6.0
19245,27838,16.0
19246,27839,3.0
19247,27840,17.0
19248,27841,
19249,27842,
19250,27843,16.0
19250,27844,1.0
19250,27845,2.0
19250,27846,6.0
19251,27847,1.0
19252,27848,5.0
19253,27849,1.0
19254,27850,1.0
19255,27851,14.0
19256,27852,5.0
19257,27853,5.0
19258,27854,1.0
19259,27855,5.0
19260,27856,1.0
19261,27857,14.0
19262,27858,1.0
19263,27859,24.0
19263,27860,5.0
19264,27861,3.0
19265,27862,5.0
19266,27863,17.0
19267,27864,7.0
19267,27865,4.0
19267,27866,25.0
19267,27867,15.0
19268,27868,1.0
19269,27869,1.0
19270,27870,1.0
19270,27871,2.0
19270,27872,4.0
19270,27873,6.0
19271,27874,13.0
19272,27875,27.0
19273,27876,3.0
19274,27877,
19275,27878,1.0
19276,27879,
19277,27880,2.0
19278,27881,5.0
19279,27882,13.0
19279,27883,3.0
19279,27884,6.0
19280,27885,5.0
19281,27886,16.0
19282,27887,1.0
19282,27888,22.0
19282,27889,2.0
19283,27890,16.0
19284,27891,5.0
19285,27892,1.0
19286,27893,14.0
19287,27894,3.0
19287,27895,4.0
19288,27896,1.0
19289,27897,2.0
19289,27898,19.0
19290,27899,1.0
19291,27900,1.0
19292,27901,27.0
19293,27902,2.0
19293,27903,19.0
19294,27904,1.0
19295,27905,14.0
19296,27906,1.0
19297,27907,13.0
19297,27908,14.0
19298,27909,23.0
19298,27910,14.0
19298,27911,3.0
19299,27912,16.0
19300,27913,5.0
19301,27914,23.0
19301,27915,1.0
19301,27916,3.0
19301,27917,4.0
19302,27918,1.0
19303,27919,1.0
19304,27920,5.0
19305,27921,13.0
19305,27922,16.0
19306,27923,3.0
19307,27924,3.0
19308,27925,17.0
19309,27926,1.0
19309,27927,2.0
19309,27928,6.0
19310,27929,16.0
19311,27930,2.0
19311,27931,14.0
19312,27932,2.0
19312,27933,14.0
19313,27934,1.0
19314,27935,1.0
19315,27936,5.0
19316,27937,1.0
19317,27938,1.0
19318,27939,14.0
19319,27940,1.0
19320,27941,3.0
19321,27942,10.0
19321,27943,11.0
19322,27944,5.0
19323,27945,1.0
19324,27946,1.0
19325,27947,2.0
19325,27948,19.0
19326,27949,1.0
19327,27950,1.0
19327,27951,2.0
19327,27952,6.0
19328,27953,10.0
19328,27954,11.0
19329,27955,3.0
19330,27956,5.0
19331,27957,13.0
19331,27958,2.0
19331,27959,6.0
19332,27960,22.0
19332,27961,14.0
19333,27962,1.0
19333,27963,3.0
19334,27964,3.0
19335,27965,1.0
19336,27966,3.0
19337,27967,3.0
19338,27968,1.0
19339,27969,1.0
19340,27970,17.0
19341,27971,1.0
19341,27972,3.0
19342,27973,22.0
19342,27974,2.0
19342,27975,14.0
19343,27976,18.0
19343,27977,5.0
19344,27978,1.0
19345,27979,13.0
19345,27980,3.0
19345,27981,6.0
19346,27982,2.0
19346,27983,7.0
19346,27984,14.0
19347,27985,8.0
19347,27986,5.0
19348,27987,8.0
19348,27988,1.0
19348,27989,6.0
19349,27990,1.0
19349,27991,22.0
19349,27992,2.0
19350,27993,5.0
19351,27994,1.0
19352,27995,1.0
19353,27996,1.0
19353,27997,7.0
19353,27998,4.0
19353,27999,15.0
19354,28000,8.0
19354,28001,1.0
19354,28002,9.0
19354,28003,12.0
19355,28004,3.0
19355,28005,4.0
19356,28006,13.0
19356,28007,2.0
19356,28008,6.0
19357,28009,1.0
19357,28010,3.0
19357,28011,4.0
19358,28012,5.0
19359,28013,1.0
19359,28014,2.0
19359,28015,3.0
19359,28016,4.0
19360,28017,16.0
19361,28018,
19362,28019,1.0
19362,28020,2.0
19362,28021,3.0
19362,28022,6.0
19363,28023,16.0
19364,28024,5.0
19365,28025,1.0
19366,28026,14.0
19367,28027,3.0
19367,28028,4.0
19368,28029,1.0
19368,28030,3.0
19368,28031,6.0
19369,28032,1.0
19369,28033,3.0
19369,28034,4.0
19370,28035,1.0
19370,28036,3.0
19370,28037,4.0
19370,28038,24.0
19371,28039,3.0
19371,28040,6.0
19372,28041,5.0
19373,28042,1.0
19373,28043,4.0
19374,28044,
19375,28045,1.0
19375,28046,4.0
19376,28047,16.0
19377,28048,1.0
19377,28049,2.0
19378,28050,5.0
19379,28051,23.0
19379,28052,1.0
19379,28053,22.0
19379,28054,2.0
19379,28055,6.0
19379,28056,25.0
19380,28057,18.0
19380,28058,5.0
19381,28059,3.0
19382,28060,1.0
19383,28061,5.0
19384,28062,3.0
19384,28063,24.0
19385,28064,24.0
19385,28065,5.0
19386,28066,1.0
19387,28067,8.0
19387,28068,1.0
19388,28069,14.0
19388,28070,21.0
19389,28071,2.0
19390,28072,16.0
19391,28073,1.0
19391,28074,3.0
19391,28075,4.0
19392,28076,1.0
19393,28077,16.0
19394,28078,1.0
19395,28079,2.0
19395,28080,14.0
19396,28081,1.0
19397,28082,1.0
19398,28083,1.0
19399,28084,13.0
19400,28085,1.0
19401,28086,8.0
19401,28087,24.0
19401,28088,5.0
19402,28089,5.0
19403,28090,3.0
19404,28091,1.0
19405,28092,1.0
19406,28093,13.0
19407,28094,2.0
19408,28095,1.0
19409,28096,1.0
19410,28097,7.0
19410,28098,3.0
19410,28099,4.0
19411,28100,17.0
19412,28101,23.0
19412,28102,22.0
19412,28103,25.0
19413,28104,1.0
19413,28105,2.0
19413,28106,14.0
19414,28107,5.0
19415,28108,1.0
19416,28109,8.0
19416,28110,5.0
19417,28111,3.0
19418,28112,13.0
19418,28113,16.0
19418,28114,7.0
19419,28115,2.0
19419,28116,14.0
19419,28117,3.0
19420,28118,1.0
19421,28119,1.0
19421,28120,3.0
19421,28121,4.0
19422,28122,1.0
19423,28123,1.0
19423,28124,3.0
19423,28125,4.0
19424,28126,1.0
19424,28127,3.0
19425,28128,1.0
19425,28129,3.0
19425,28130,4.0
19426,28131,5.0
19427,28132,3.0
19428,28133,1.0
19428,28134,22.0
19428,28135,3.0
19429,28136,13.0
19429,28137,16.0
19429,28138,3.0
19430,28139,1.0
19430,28140,3.0
19431,28141,1.0
19432,28142,13.0
19432,28143,16.0
19432,28144,23.0
19432,28145,2.0
19433,28146,1.0
19434,28147,3.0
19434,28148,4.0
19435,28149,16.0
19435,28150,23.0
19435,28151,3.0
19435,28152,15.0
19436,28153,5.0
19437,28154,1.0
19438,28155,5.0
19439,28156,1.0
19440,28157,5.0
19441,28158,22.0
19441,28159,2.0
19441,28160,14.0
19442,28161,5.0
19443,28162,3.0
19443,28163,4.0
19443,28164,15.0
19444,28165,2.0
19444,28166,7.0
19444,28167,14.0
19445,28168,1.0
19445,28169,4.0
19446,28170,23.0
19446,28171,1.0
19446,28172,22.0
19447,28173,1.0
19448,28174,9.0
19448,28175,5.0
19448,28176,32.0
19448,28177,32.0
19449,28178,1.0
19449,28179,22.0
19449,28180,7.0
19449,28181,25.0
19450,28182,1.0
19451,28183,14.0
19451,28184,6.0
19452,28185,1.0
19452,28186,4.0
19453,28187,1.0
19454,28188,13.0
19454,28189,1.0
19454,28190,2.0
19455,28191,1.0
19456,28192,22.0
19456,28193,2.0
19456,28194,6.0
19457,28195,
19458,28196,8.0
19458,28197,1.0
19458,28198,3.0
19459,28199,
19460,28200,1.0
19460,28201,22.0
19461,28202,1.0
19461,28203,3.0
19462,28204,5.0
19463,28205,1.0
19464,28206,1.0
19464,28207,22.0
19464,28208,2.0
19464,28209,14.0
19464,28210,6.0
19465,28211,16.0
19465,28212,3.0
19466,28213,13.0
19466,28214,16.0
19466,28215,23.0
19466,28216,7.0
19466,28217,3.0
19466,28218,15.0
19467,28219,1.0
19468,28220,16.0
19469,28221,9.0
19469,28222,5.0
19470,28223,2.0
19470,28224,19.0
19471,28225,17.0
19472,28226,14.0
19473,28227,1.0
19473,28228,3.0
19473,28229,4.0
19474,28230,1.0
19474,28231,4.0
19475,28232,5.0
19476,28233,13.0
19477,28234,9.0
19477,28235,24.0
19477,28236,5.0
19478,28237,
19479,28238,13.0
19479,28239,16.0
19479,28240,22.0
19479,28241,2.0
19480,28242,1.0
19481,28243,13.0
19481,28244,7.0
19481,28245,6.0
19482,28246,1.0
19483,28247,13.0
19484,28248,1.0
19484,28249,7.0
19485,28250,
19486,28251,16.0
19487,28252,
19488,28253,3.0
19489,28254,1.0
19489,28255,3.0
19489,28256,4.0
19490,28257,1.0
19491,28258,16.0
19492,28259,1.0
19492,28260,3.0
19492,28261,12.0
19493,28262,3.0
19494,28263,
19495,28264,13.0
19495,28265,16.0
19495,28266,7.0
19495,28267,4.0
19495,28268,15.0
19496,28269,1.0
19497,28270,1.0
19497,28271,22.0
19497,28272,2.0
19497,28273,6.0
19498,28274,16.0
19498,28275,7.0
19498,28276,25.0
19498,28277,15.0
19499,28278,3.0
19500,28279,6.0
19501,28280,
19502,28281,24.0
19502,28282,5.0
19503,28283,8.0
19503,28284,1.0
19503,28285,6.0
19503,28286,24.0
19504,28287,13.0
19504,28288,23.0
19504,28289,2.0
19505,28290,3.0
19506,28291,7.0
19506,28292,3.0
19506,28293,4.0
19507,28294,1.0
19507,28295,6.0
19508,28296,13.0
19508,28297,23.0
19508,28298,2.0
19509,28299,1.0
19510,28300,3.0
19511,28301,1.0
19511,28302,2.0
19511,28303,14.0
19512,28304,2.0
19512,28305,19.0
19513,28306,1.0
19513,28307,3.0
19513,28308,4.0
19514,28309,1.0
19514,28310,2.0
19515,28311,1.0
19515,28312,3.0
19516,28313,1.0
19517,28314,5.0
19518,28315,1.0
19518,28316,3.0
19518,28317,24.0
19519,28318,13.0
19520,28319,1.0
19520,28320,4.0
19520,28321,24.0
19521,28322,1.0
19521,28323,12.0
19522,28324,13.0
19523,28325,1.0
19524,28326,1.0
19525,28327,1.0
19525,28328,9.0
19526,28329,
19527,28330,1.0
19527,28331,3.0
19528,28332,9.0
19528,28333,12.0
19528,28334,25.0
19528,28335,5.0
19529,28336,1.0
19530,28337,
19531,28338,3.0
19532,28339,13.0
19532,28340,1.0
19532,28341,2.0
19532,28342,6.0
19533,28343,14.0
19534,28344,1.0
19535,28345,1.0
19536,28346,1.0
19537,28347,1.0
19538,28348,1.0
19539,28349,1.0
19539,28350,3.0
19540,28351,1.0
19540,28352,3.0
19541,28353,2.0
19541,28354,19.0
19542,28355,10.0
19542,28356,11.0
19543,28357,13.0
19544,28358,1.0
19545,28359,1.0
19546,28360,1.0
19547,28361,23.0
19547,28362,2.0
19547,28363,14.0
19548,28364,5.0
19549,28365,27.0
19550,28366,13.0
19550,28367,23.0
19550,28368,1.0
19550,28369,22.0
19550,28370,2.0
19551,28371,3.0
19552,28372,3.0
19552,28373,4.0
19553,28374,2.0
19553,28375,4.0
19554,28376,17.0
19555,28377,5.0
19556,28378,1.0
19557,28379,24.0
19557,28380,15.0
19557,28381,5.0
19558,28382,1.0
19558,28383,3.0
19559,28384,2.0
19559,28385,19.0
19560,28386,3.0
19561,28387,16.0
19561,28388,23.0
19561,28389,2.0
19561,28390,7.0
19561,28391,15.0
19562,28392,1.0
19563,28393,14.0
19564,28394,8.0
19564,28395,1.0
19564,28396,4.0
19564,28397,12.0
19565,28398,
19566,28399,1.0
19567,28400,16.0
19568,28401,13.0
19568,28402,8.0
19568,28403,1.0
19568,28404,2.0
19568,28405,6.0
19569,28406,14.0
19570,28407,12.0
19570,28408,5.0
19571,28409,1.0
19571,28410,4.0
19572,28411,13.0
19572,28412,23.0
19572,28413,1.0
19572,28414,22.0
19572,28415,2.0
19573,28416,13.0
19573,28417,16.0
19573,28418,1.0
19573,28419,2.0
19574,28420,1.0
19574,28421,4.0
19575,28422,1.0
19576,28423,1.0
19576,28424,2.0
19577,28425,17.0
19578,28426,1.0
19579,28427,3.0
19580,28428,1.0
19581,28429,5.0
19582,28430,1.0
19583,28431,3.0
19584,28432,14.0
19585,28433,1.0
19586,28434,14.0
19587,28435,5.0
19588,28436,1.0
19588,28437,2.0
19588,28438,14.0
19589,28439,13.0
19590,28440,2.0
19590,28441,19.0
19591,28442,3.0
19592,28443,1.0
19592,28444,3.0
19592,28445,4.0
19593,28446,1.0
19594,28447,13.0
19595,28448,1.0
19596,28449,1.0
19597,28450,13.0
19598,28451,23.0
19598,28452,3.0
19599,28453,3.0
19599,28454,4.0
19600,28455,5.0
19601,28456,
19602,28457,16.0
19603,28458,1.0
19603,28459,4.0
19604,28460,
19605,28461,1.0
19606,28462,18.0
19606,28463,2.0
19606,28464,5.0
19607,28465,1.0
19608,28466,5.0
19609,28467,1.0
19610,28468,1.0
19611,28469,1.0
19612,28470,1.0
19613,28471,13.0
19614,28472,1.0
19615,28473,14.0
19616,28474,
19617,28475,13.0
19617,28476,2.0
19617,28477,6.0
19618,28478,14.0
19619,28479,1.0
19620,28480,3.0
19620,28481,4.0
19621,28482,
19622,28483,10.0
19622,28484,11.0
19623,28485,3.0
19624,28486,1.0
19625,28487,16.0
19626,28488,3.0
19627,28489,3.0
19628,28490,14.0
19628,28491,3.0
19629,28492,13.0
19629,28493,3.0
19629,28494,6.0
19630,28495,1.0
19630,28496,3.0
19631,28497,13.0
19631,28498,1.0
19631,28499,2.0
19631,28500,6.0
19632,28501,3.0
19632,28502,6.0
19633,28503,8.0
19633,28504,1.0
19634,28505,13.0
19635,28506,10.0
19635,28507,11.0
19636,28508,14.0
19637,28509,3.0
19638,28510,3.0
19639,28511,1.0
19640,28512,2.0
19640,28513,19.0
19641,28514,2.0
19641,28515,19.0
19642,28516,2.0
19642,28517,19.0
19643,28518,2.0
19643,28519,19.0
19644,28520,5.0
19645,28521,5.0
19646,28522,2.0
19646,28523,19.0
19647,28524,9.0
19647,28525,5.0
19648,28526,1.0
19648,28527,3.0
19648,28528,4.0
19648,28529,24.0
19649,28530,22.0
19649,28531,2.0
19649,28532,14.0
19650,28533,3.0
19650,28534,6.0
19651,28535,1.0
19652,28536,2.0
19652,28537,6.0
19653,28538,5.0
19654,28539,3.0
19654,28540,4.0
19655,28541,16.0
19655,28542,1.0
19655,28543,3.0
19655,28544,25.0
19655,28545,15.0
19655,28546,21.0
19656,28547,1.0
19656,28548,6.0
19657,28549,5.0
19658,28550,1.0
19658,28551,9.0
19658,28552,12.0
19659,28553,2.0
19659,28554,19.0
19660,28555,13.0
19660,28556,23.0
19660,28557,2.0
19660,28558,3.0
19661,28559,3.0
19661,28560,4.0
19662,28561,1.0
19662,28562,6.0
19663,28563,13.0
19663,28564,1.0
19663,28565,2.0
19663,28566,3.0
19663,28567,6.0
19664,28568,
19665,28569,2.0
19665,28570,19.0
19666,28571,1.0
19666,28572,4.0
19667,28573,1.0
19667,28574,4.0
19668,28575,3.0
19668,28576,4.0
19669,28577,
19670,28578,1.0
19670,28579,2.0
19671,28580,13.0
19671,28581,16.0
19671,28582,7.0
19672,28583,1.0
19672,28584,22.0
19672,28585,3.0
19672,28586,6.0
19673,28587,5.0
19674,28588,1.0
19675,28589,16.0
19675,28590,1.0
19675,28591,3.0
19676,28592,12.0
19676,28593,5.0
19677,28594,5.0
19678,28595,3.0
19679,28596,1.0
19679,28597,4.0
19680,28598,5.0
19681,28599,1.0
19681,28600,3.0
19682,28601,13.0
19683,28602,13.0
19683,28603,16.0
19683,28604,23.0
19684,28605,1.0
19684,28606,9.0
19684,28607,12.0
19685,28608,13.0
19685,28609,1.0
19685,28610,2.0
19685,28611,6.0
19686,28612,1.0
19686,28613,3.0
19687,28614,1.0
19687,28615,3.0
19688,28616,1.0
19689,28617,1.0
19689,28618,5.0
19690,28619,1.0
19691,28620,13.0
19692,28621,1.0
19692,28622,3.0
19693,28623,8.0
19693,28624,24.0
19693,28625,5.0
19694,28626,5.0
19695,28627,3.0
19696,28628,1.0
19696,28629,7.0
19696,28630,3.0
19697,28631,1.0
19698,28632,13.0
19698,28633,2.0
19698,28634,3.0
19699,28635,3.0
19700,28636,1.0
19700,28637,6.0
19701,28638,16.0
19701,28639,7.0
19701,28640,3.0
19701,28641,25.0
19701,28642,15.0
19702,28643,
19703,28644,1.0
19703,28645,4.0
19703,28646,24.0
19704,28647,5.0
19705,28648,1.0
19706,28649,1.0
19706,28650,3.0
19707,28651,24.0
19707,28652,5.0
19708,28653,13.0
19708,28654,1.0
19708,28655,12.0
19709,28656,1.0
19709,28657,3.0
19709,28658,4.0
19710,28659,1.0
19711,28660,1.0
19712,28661,13.0
19712,28662,16.0
19712,28663,3.0
19713,28664,1.0
19713,28665,3.0
19714,28666,5.0
19715,28667,1.0
19715,28668,6.0
19716,28669,3.0
19716,28670,4.0
19717,28671,17.0
19718,28672,5.0
19719,28673,13.0
19719,28674,2.0
19719,28675,14.0
19720,28676,1.0
19721,28677,1.0
19721,28678,7.0
19722,28679,1.0
19722,28680,2.0
19722,28681,6.0
19723,28682,1.0
19724,28683,5.0
19725,28684,3.0
19725,28685,5.0
19726,28686,1.0
19727,28687,5.0
19728,28688,5.0
19729,28689,2.0
19729,28690,14.0
19729,28691,6.0
19730,28692,1.0
19730,28693,6.0
19730,28694,24.0
19731,28695,5.0
19732,28696,3.0
19733,28697,1.0
19733,28698,3.0
19733,28699,4.0
19734,28700,3.0
19734,28701,4.0
19735,28702,13.0
19736,28703,1.0
19737,28704,1.0
19738,28705,1.0
19738,28706,2.0
19738,28707,3.0
19738,28708,24.0
19739,28709,17.0
19740,28710,1.0
19741,28711,16.0
19742,28712,5.0
19743,28713,18.0
19743,28714,5.0
19744,28715,1.0
19744,28716,3.0
19744,28717,4.0
19745,28718,24.0
19745,28719,5.0
19746,28720,13.0
19747,28721,5.0
19748,28722,
19749,28723,1.0
19749,28724,3.0
19749,28725,5.0
19750,28726,13.0
19750,28727,3.0
19750,28728,6.0
19751,28729,
19752,28730,3.0
19752,28731,6.0
19753,28732,1.0
19754,28733,2.0
19754,28734,19.0
19755,28735,23.0
19755,28736,3.0
19755,28737,21.0
19756,28738,3.0
19757,28739,2.0
19757,28740,19.0
19758,28741,1.0
19758,28742,3.0
19758,28743,4.0
19759,28744,1.0
19759,28745,3.0
19759,28746,4.0
19760,28747,2.0
19760,28748,19.0
19761,28749,
19762,28750,7.0
19762,28751,3.0
19762,28752,4.0
19763,28753,5.0
19764,28754,13.0
19764,28755,2.0
19764,28756,14.0
19765,28757,1.0
19765,28758,3.0
19766,28759,5.0
19767,28760,8.0
19767,28761,5.0
19768,28762,3.0
19768,28763,15.0
19769,28764,1.0
19769,28765,3.0
19769,28766,4.0
19770,28767,
19771,28768,13.0
19771,28769,23.0
19771,28770,22.0
19771,28771,2.0
19772,28772,1.0
19772,28773,2.0
19772,28774,6.0
19773,28775,3.0
19774,28776,3.0
19774,28777,4.0
19774,28778,15.0
19775,28779,5.0
19776,28780,24.0
19776,28781,5.0
19777,28782,3.0
19778,28783,3.0
19779,28784,1.0
19779,28785,22.0
19779,28786,3.0
19780,28787,9.0
19780,28788,18.0
19780,28789,5.0
19781,28790,1.0
19782,28791,24.0
19782,28792,5.0
19783,28793,14.0
19784,28794,3.0
19784,28795,4.0
19785,28796,3.0
19786,28797,1.0
19787,28798,1.0
19788,28799,1.0
19789,28800,16.0
19790,28801,3.0
19791,28802,1.0
19791,28803,2.0
19792,28804,1.0
19792,28805,4.0
19793,28806,16.0
19794,28807,5.0
19795,28808,
19796,28809,1.0
19797,28810,13.0
19797,28811,16.0
19797,28812,3.0
19797,28813,6.0
19798,28814,13.0
19798,28815,23.0
19798,28816,2.0
19798,28817,14.0
19799,28818,15.0
19799,28819,5.0
19800,28820,2.0
19800,28821,19.0
19801,28822,13.0
19802,28823,3.0
19803,28824,13.0
19803,28825,23.0
19803,28826,2.0
19804,28827,3.0
19805,28828,1.0
19806,28829,3.0
19806,28830,4.0
19806,28831,15.0
19806,28832,21.0
19807,28833,
19808,28834,3.0
19808,28835,4.0
19809,28836,1.0
19809,28837,22.0
19809,28838,2.0
19809,28839,14.0
19810,28840,16.0
19810,28841,3.0
19810,28842,25.0
19810,28843,15.0
19811,28844,1.0
19811,28845,4.0
19812,28846,13.0
19813,28847,1.0
19813,28848,15.0
19814,28849,2.0
19814,28850,19.0
19815,28851,13.0
19815,28852,2.0
19815,28853,3.0
19815,28854,6.0
19816,28855,3.0
19816,28856,4.0
19817,28857,5.0
19818,28858,5.0
19819,28859,13.0
19819,28860,1.0
19819,28861,2.0
19819,28862,6.0
19820,28863,16.0
19821,28864,16.0
19822,28865,1.0
19823,28866,1.0
19823,28867,3.0
19823,28868,24.0
19824,28869,
19825,28870,1.0
19826,28871,
19827,28872,
19828,28873,
19829,28874,1.0
19830,28875,1.0
19830,28876,4.0
19831,28877,1.0
19832,28878,1.0
19832,28879,3.0
19832,28880,4.0
19833,28881,1.0
19833,28882,3.0
19834,28883,1.0
19834,28884,4.0
19834,28885,24.0
19835,28886,13.0
19836,28887,1.0
19836,28888,18.0
19837,28889,1.0
19837,28890,18.0
19837,28891,3.0
19837,28892,4.0
19838,28893,13.0
19838,28894,16.0
19838,28895,23.0
19838,28896,2.0
19839,28897,1.0
19840,28898,16.0
19840,28899,7.0
19840,28900,15.0
19841,28901,1.0
19842,28902,17.0
19843,28903,5.0
19844,28904,17.0
19845,28905,3.0
19845,28906,4.0
19846,28907,3.0
19846,28908,4.0
19847,28909,1.0
19847,28910,2.0
19847,28911,6.0
19848,28912,26.0
19849,28913,16.0
19850,28914,1.0
19851,28915,3.0
19852,28916,3.0
19853,28917,17.0
19854,28918,1.0
19855,28919,1.0
19856,28920,14.0
19857,28921,5.0
19858,28922,3.0
19859,28923,14.0
19860,28924,3.0
19861,28925,16.0
19861,28926,1.0
19861,28927,7.0
19861,28928,3.0
19861,28929,15.0
19862,28930,
19863,28931,2.0
19863,28932,19.0
19864,28933,
19865,28934,1.0
19866,28935,
19867,28936,21.0
19867,28937,5.0
19868,28938,
19869,28939,3.0
19870,28940,1.0
19870,28941,2.0
19870,28942,6.0
19870,28943,12.0
19871,28944,13.0
19871,28945,16.0
19871,28946,23.0
19871,28947,2.0
19872,28948,
19873,28949,
19874,28950,3.0
19874,28951,4.0
19875,28952,8.0
19875,28953,24.0
19875,28954,5.0
19876,28955,5.0
19877,28956,10.0
19877,28957,11.0
19878,28958,
19879,28959,1.0
19880,28960,1.0
19881,28961,5.0
19882,28962,2.0
19882,28963,19.0
19883,28964,3.0
19883,28965,4.0
19884,28966,2.0
19884,28967,19.0
19885,28968,
19886,28969,27.0
19887,28970,1.0
19888,28971,1.0
19889,28972,8.0
19889,28973,5.0
19890,28974,1.0
19891,28975,5.0
19892,28976,3.0
19893,28977,16.0
19894,28978,13.0
19894,28979,2.0
19894,28980,6.0
19895,28981,13.0
19896,28982,26.0
19897,28983,26.0
19898,28984,1.0
19899,28985,1.0
19899,28986,3.0
19900,28987,1.0
19901,28988,5.0
19902,28989,17.0
19903,28990,1.0
19903,28991,9.0
19904,28992,1.0
19905,28993,13.0
19906,28994,1.0
19907,28995,2.0
19907,28996,19.0
19908,28997,1.0
19909,28998,1.0
19910,28999,1.0
19910,29000,3.0
19911,29001,16.0
19911,29002,1.0
19911,29003,9.0
19911,29004,18.0
19912,29005,5.0
19913,29006,5.0
19914,29007,2.0
19914,29008,19.0
19915,29009,26.0
19916,29010,1.0
19916,29011,2.0
19916,29012,6.0
19917,29013,1.0
19918,29014,27.0
19919,29015,1.0
19920,29016,2.0
19920,29017,19.0
19921,29018,13.0
19922,29019,7.0
19922,29020,3.0
19922,29021,15.0
19923,29022,1.0
19924,29023,3.0
19925,29024,1.0
19926,29025,8.0
19926,29026,9.0
19926,29027,24.0
19926,29028,5.0
19927,29029,1.0
19928,29030,13.0
19928,29031,2.0
19928,29032,7.0
19929,29033,1.0
19930,29034,3.0
19931,29035,8.0
19931,29036,1.0
19932,29037,1.0
19933,29038,2.0
19933,29039,19.0
19934,29040,13.0
19935,29041,8.0
19935,29042,6.0
19935,29043,24.0
19935,29044,5.0
19936,29045,3.0
19937,29046,5.0
19938,29047,1.0
19938,29048,3.0
19938,29049,4.0
19939,29050,3.0
19940,29051,
19941,29052,1.0
19941,29053,2.0
19941,29054,6.0
19942,29055,8.0
19942,29056,1.0
19942,29057,18.0
19943,29058,14.0
19944,29059,3.0
19945,29060,16.0
19945,29061,1.0
19945,29062,12.0
19946,29063,1.0
19947,29064,1.0
19947,29065,3.0
19948,29066,21.0
19949,29067,13.0
19949,29068,2.0
19950,29069,8.0
19950,29070,1.0
19950,29071,24.0
19951,29072,1.0
19951,29073,3.0
19951,29074,6.0
19952,29075,1.0
19952,29076,2.0
19953,29077,1.0
19953,29078,3.0
19954,29079,
19955,29080,7.0
19955,29081,3.0
19955,29082,4.0
19956,29083,1.0
19957,29084,
19958,29085,1.0
19958,29086,3.0
19959,29087,1.0
19960,29088,17.0
19961,29089,18.0
19961,29090,3.0
19961,29091,15.0
19962,29092,3.0
19962,29093,4.0
19963,29094,1.0
19964,29095,1.0
19965,29096,1.0
19966,29097,3.0
19967,29098,3.0
19967,29099,15.0
19968,29100,1.0
19969,29101,1.0
19970,29102,13.0
19970,29103,16.0
19970,29104,1.0
19970,29105,7.0
19971,29106,
19972,29107,1.0
19973,29108,13.0
19973,29109,1.0
19973,29110,2.0
19973,29111,6.0
19974,29112,1.0
19975,29113,1.0
19975,29114,3.0
19975,29115,24.0
19975,29116,21.0
19976,29117,3.0
19977,29118,3.0
19978,29119,18.0
19978,29120,5.0
19979,29121,5.0
19980,29122,1.0
19981,29123,1.0
19982,29124,24.0
19982,29125,5.0
19983,29126,3.0
19984,29127,
19985,29128,13.0
19985,29129,2.0
19986,29130,1.0
19986,29131,18.0
19986,29132,4.0
19987,29133,3.0
19988,29134,1.0
19988,29135,3.0
19988,29136,4.0
19989,29137,1.0
19989,29138,2.0
19990,29139,1.0
19990,29140,18.0
19991,29141,17.0
19992,29142,13.0
19992,29143,16.0
19992,29144,1.0
19993,29145,1.0
19993,29146,4.0
19994,29147,1.0
19994,29148,3.0
19994,29149,4.0
19995,29150,1.0
19996,29151,1.0
19996,29152,2.0
19996,29153,14.0
19997,29154,5.0
19998,29155,3.0
19999,29156,1.0
19999,29157,4.0
20000,29158,13.0
20001,29159,1.0
20001,29160,22.0
20001,29161,2.0
20001,29162,7.0
20001,29163,4.0
20001,29164,6.0
20002,29165,1.0
20002,29166,22.0
20002,29167,2.0
20002,29168,6.0
20003,29169,3.0
20004,29170,3.0
20005,29171,3.0
20006,29172,1.0
20007,29173,
20008,29174,13.0
20009,29175,1.0
20010,29176,1.0
20011,29177,1.0
20011,29178,2.0
20011,29179,14.0
20012,29180,1.0
20013,29181,18.0
20013,29182,3.0
20013,29183,15.0
20014,29184,5.0
20015,29185,1.0
20015,29186,4.0
20016,29187,13.0
20016,29188,16.0
20016,29189,23.0
20016,29190,1.0
20016,29191,2.0
20017,29192,1.0
20017,29193,7.0
20017,29194,4.0
20018,29195,1.0
20019,29196,24.0
20019,29197,5.0
20020,29198,1.0
20020,29199,3.0
20020,29200,4.0
20021,29201,5.0
20022,29202,1.0
20023,29203,1.0
20024,29204,1.0
20024,29205,3.0
20024,29206,4.0
20025,29207,14.0
20026,29208,3.0
20027,29209,1.0
20028,29210,8.0
20028,29211,5.0
20029,29212,7.0
20029,29213,3.0
20029,29214,4.0
20030,29215,1.0
20030,29216,3.0
20031,29217,5.0
20032,29218,13.0
20033,29219,16.0
20033,29220,18.0
20033,29221,7.0
20033,29222,3.0
20033,29223,4.0
20033,29224,15.0
20034,29225,1.0
20034,29226,22.0
20034,29227,2.0
20035,29228,
20036,29229,1.0
20036,29230,2.0
20036,29231,6.0
20037,29232,1.0
20037,29233,4.0
20037,29234,6.0
20038,29235,17.0
20039,29236,3.0
20040,29237,22.0
20040,29238,2.0
20040,29239,14.0
20040,29240,6.0
20041,29241,
20042,29242,
20043,29243,13.0
20044,29244,1.0
20045,29245,13.0
20046,29246,1.0
20047,29247,
20048,29248,
20049,29249,18.0
20049,29250,5.0
20050,29251,
20051,29252,
20052,29253,4.0
20052,29254,24.0
20053,29255,1.0
20054,29256,1.0
20055,29257,1.0
20055,29258,2.0
20055,29259,4.0
20055,29260,6.0
20056,29261,13.0
20056,29262,23.0
20056,29263,2.0
20056,29264,7.0
20057,29265,16.0
20058,29266,16.0
20058,29267,1.0
20058,29268,15.0
20059,29269,1.0
20060,29270,1.0
20060,29271,4.0
20061,29272,8.0
20061,29273,1.0
20061,29274,4.0
20061,29275,24.0
20061,29276,21.0
20062,29277,3.0
20062,29278,6.0
20063,29279,3.0
20064,29280,3.0
20065,29281,1.0
20066,29282,1.0
20067,29283,13.0
20068,29284,5.0
20069,29285,1.0
20070,29286,1.0
20071,29287,2.0
20071,29288,19.0
20072,29289,1.0
20073,29290,5.0
20074,29291,1.0
20075,29292,18.0
20075,29293,3.0
20076,29294,16.0
20077,29295,1.0
20077,29296,3.0
20078,29297,3.0
20079,29298,5.0
20080,29299,1.0
20080,29300,15.0
20081,29301,1.0
20081,29302,2.0
20081,29303,6.0
20082,29304,1.0
20083,29305,1.0
20083,29306,3.0
20084,29307,1.0
20085,29308,1.0
20086,29309,14.0
20087,29310,1.0
20087,29311,4.0
20087,29312,6.0
20088,29313,1.0
20089,29314,13.0
20089,29315,2.0
20089,29316,6.0
20090,29317,14.0
20091,29318,2.0
20091,29319,19.0
20092,29320,2.0
20092,29321,14.0
20093,29322,1.0
20093,29323,2.0
20093,29324,14.0
20094,29325,1.0
20095,29326,16.0
20096,29327,1.0
20097,29328,8.0
20097,29329,22.0
20097,29330,6.0
20097,29331,5.0
20098,29332,16.0
20098,29333,3.0
20098,29334,25.0
20098,29335,15.0
20099,29336,1.0
20099,29337,4.0
20100,29338,14.0
20101,29339,2.0
20101,29340,19.0
20102,29341,5.0
20103,29342,
20104,29343,5.0
20105,29344,3.0
20106,29345,22.0
20106,29346,2.0
20106,29347,14.0
20107,29348,
20108,29349,3.0
20108,29350,4.0
20109,29351,2.0
20109,29352,19.0
20110,29353,
20111,29354,
20112,29355,13.0
20112,29356,7.0
20112,29357,3.0
20113,29358,
20114,29359,1.0
20115,29360,
20116,29361,
20117,29362,4.0
20117,29363,21.0
20118,29364,1.0
20118,29365,21.0
20119,29366,14.0
20120,29367,1.0
20120,29368,2.0
20120,29369,6.0
20121,29370,1.0
20121,29371,2.0
20122,29372,
20123,29373,21.0
20124,29374,10.0
20124,29375,11.0
20125,29376,13.0
20126,29377,1.0
20127,29378,
20128,29379,1.0
20128,29380,2.0
20128,29381,6.0
20129,29382,16.0
20130,29383,14.0
20131,29384,3.0
20132,29385,14.0
20133,29386,3.0
20134,29387,5.0
20135,29388,1.0
20136,29389,3.0
20136,29390,12.0
20137,29391,1.0
20137,29392,2.0
20137,29393,4.0
20137,29394,6.0
20138,29395,13.0
20138,29396,2.0
20139,29397,1.0
20140,29398,16.0
20141,29399,1.0
20142,29400,1.0
20143,29401,10.0
20143,29402,11.0
20144,29403,2.0
20144,29404,14.0
20144,29405,3.0
20145,29406,1.0
20146,29407,1.0
20147,29408,10.0
20147,29409,11.0
20148,29410,6.0
20148,29411,12.0
20148,29412,5.0
20149,29413,
20150,29414,3.0
20151,29415,1.0
20151,29416,9.0
20151,29417,12.0
20152,29418,3.0
20153,29419,13.0
20153,29420,22.0
20153,29421,2.0
20153,29422,6.0
20154,29423,5.0
20155,29424,5.0
20156,29425,14.0
20157,29426,5.0
20158,29427,1.0
20159,29428,
20160,29429,1.0
20160,29430,4.0
20161,29431,16.0
20162,29432,
20163,29433,13.0
20163,29434,23.0
20163,29435,1.0
20163,29436,2.0
20164,29437,3.0
20164,29438,4.0
20165,29439,16.0
20165,29440,22.0
20165,29441,3.0
20165,29442,6.0
20166,29443,
20167,29444,1.0
20168,29445,
20169,29446,16.0
20169,29447,1.0
20169,29448,3.0
20170,29449,1.0
20170,29450,3.0
20170,29451,4.0
20171,29452,1.0
20172,29453,16.0
20172,29454,7.0
20172,29455,25.0
20172,29456,15.0
20173,29457,16.0
20174,29458,8.0
20174,29459,1.0
20174,29460,9.0
20175,29461,
20176,29462,1.0
20177,29463,21.0
20178,29464,13.0
20178,29465,16.0
20178,29466,1.0
20178,29467,2.0
20178,29468,20.0
20179,29469,1.0
20179,29470,6.0
20180,29471,1.0
20180,29472,4.0
20181,29473,3.0
20181,29474,4.0
20182,29475,5.0
20183,29476,1.0
20183,29477,3.0
20183,29478,4.0
20184,29479,5.0
20185,29480,5.0
20186,29481,3.0
20187,29482,3.0
20187,29483,6.0
20188,29484,13.0
20188,29485,23.0
20188,29486,1.0
20188,29487,2.0
20188,29488,7.0
20188,29489,14.0
20189,29490,5.0
20190,29491,16.0
20190,29492,20.0
20190,29493,5.0
20191,29494,13.0
20192,29495,1.0
20193,29496,2.0
20193,29497,19.0
20194,29498,1.0
20195,29499,1.0
20196,29500,16.0
20197,29501,1.0
20198,29502,1.0
20198,29503,2.0
20199,29504,5.0
20200,29505,1.0
20200,29506,2.0
20201,29507,1.0
20201,29508,22.0
20201,29509,2.0
20201,29510,6.0
20202,29511,1.0
20202,29512,2.0
20203,29513,
20204,29514,
20205,29515,1.0
20206,29516,2.0
20206,29517,3.0
20207,29518,2.0
20207,29519,14.0
20207,29520,6.0
20208,29521,13.0
20208,29522,1.0
20208,29523,18.0
20208,29524,6.0
20209,29525,21.0
20210,29526,3.0
20211,29527,1.0
20211,29528,3.0
20211,29529,24.0
20211,29530,15.0
20212,29531,5.0
20213,29532,3.0
20213,29533,4.0
20214,29534,1.0
20215,29535,1.0
20215,29536,2.0
20216,29537,
20217,29538,3.0
20217,29539,4.0
20218,29540,3.0
20219,29541,12.0
20219,29542,5.0
20220,29543,1.0
20220,29544,3.0
20220,29545,4.0
20221,29546,13.0
20222,29547,5.0
20223,29548,14.0
20224,29549,1.0
20225,29550,1.0
20225,29551,18.0
20225,29552,4.0
20226,29553,1.0
20227,29554,1.0
20227,29555,3.0
20227,29556,4.0
20228,29557,5.0
20229,29558,13.0
20230,29559,1.0
20231,29560,13.0
20231,29561,23.0
20231,29562,2.0
20232,29563,1.0
20233,29564,2.0
20234,29565,1.0
20234,29566,22.0
20234,29567,2.0
20235,29568,5.0
20236,29569,1.0
20237,29570,13.0
20237,29571,22.0
20237,29572,2.0
20237,29573,14.0
20237,29574,6.0
20238,29575,16.0
20238,29576,3.0
20238,29577,25.0
20238,29578,15.0
20239,29579,2.0
20239,29580,19.0
20240,29581,1.0
20241,29582,1.0
20241,29583,22.0
20241,29584,2.0
20242,29585,5.0
20243,29586,1.0
20244,29587,17.0
20245,29588,16.0
20246,29589,2.0
20246,29590,19.0
20247,29591,2.0
20247,29592,19.0
20248,29593,22.0
20248,29594,2.0
20248,29595,14.0
20249,29596,1.0
20249,29597,3.0
20249,29598,4.0
20250,29599,14.0
20251,29600,1.0
20252,29601,2.0
20252,29602,19.0
20253,29603,5.0
20254,29604,3.0
20255,29605,3.0
20256,29606,1.0
20257,29607,1.0
20258,29608,1.0
20258,29609,22.0
20258,29610,2.0
20259,29611,13.0
20260,29612,1.0
20260,29613,22.0
20260,29614,2.0
20261,29615,1.0
20262,29616,1.0
20262,29617,22.0
20262,29618,2.0
20262,29619,6.0
20263,29620,3.0
20264,29621,1.0
20264,29622,3.0
20265,29623,1.0
20266,29624,1.0
20267,29625,5.0
20268,29626,1.0
20268,29627,3.0
20269,29628,13.0
20269,29629,16.0
20269,29630,1.0
20269,29631,9.0
20269,29632,2.0
20269,29633,12.0
20270,29634,1.0
20270,29635,2.0
20270,29636,4.0
20271,29637,1.0
20271,29638,12.0
20272,29639,13.0
20272,29640,1.0
20272,29641,2.0
20272,29642,6.0
20273,29643,1.0
20273,29644,3.0
20273,29645,4.0
20274,29646,16.0
20274,29647,1.0
20274,29648,15.0
20275,29649,
20276,29650,13.0
20276,29651,2.0
20276,29652,3.0
20276,29653,4.0
20277,29654,5.0
20278,29655,1.0
20278,29656,3.0
20278,29657,4.0
20278,29658,15.0
20279,29659,1.0
20280,29660,1.0
20281,29661,16.0
20282,29662,13.0
20282,29663,16.0
20282,29664,7.0
20282,29665,15.0
20283,29666,1.0
20283,29667,4.0
20284,29668,1.0
20284,29669,2.0
20284,29670,14.0
20284,29671,4.0
20284,29672,6.0
20285,29673,5.0
20286,29674,1.0
20286,29675,4.0
20287,29676,14.0
20288,29677,1.0
20289,29678,1.0
20290,29679,1.0
20290,29680,21.0
20291,29681,3.0
20291,29682,4.0
20292,29683,2.0
20293,29684,1.0
20293,29685,22.0
20293,29686,2.0
20293,29687,14.0
20294,29688,13.0
20294,29689,16.0
20294,29690,1.0
20294,29691,4.0
20295,29692,1.0
20295,29693,4.0
20295,29694,6.0
20296,29695,3.0
20297,29696,5.0
20298,29697,5.0
20299,29698,
20300,29699,17.0
20301,29700,
20302,29701,1.0
20302,29702,3.0
20302,29703,24.0
20303,29704,1.0
20303,29705,2.0
20303,29706,4.0
20304,29707,
20305,29708,1.0
20305,29709,18.0
20305,29710,3.0
20305,29711,4.0
20306,29712,1.0
20306,29713,22.0
20306,29714,2.0
20306,29715,14.0
20307,29716,1.0
20307,29717,3.0
20307,29718,4.0
20308,29719,3.0
20308,29720,4.0
20309,29721,3.0
20309,29722,4.0
20309,29723,6.0
20310,29724,13.0
20311,29725,14.0
20312,29726,16.0
20312,29727,3.0
20313,29728,23.0
20313,29729,3.0
20313,29730,4.0
20314,29731,26.0
20315,29732,3.0
20316,29733,1.0
20317,29734,5.0
20318,29735,16.0
20319,29736,8.0
20319,29737,5.0
20320,29738,1.0
20321,29739,1.0
20322,29740,13.0
20322,29741,16.0
20322,29742,23.0
20322,29743,2.0
20323,29744,1.0
20324,29745,1.0
20324,29746,15.0
20324,29747,5.0
20325,29748,1.0
20326,29749,9.0
20326,29750,24.0
20326,29751,5.0
20327,29752,3.0
20327,29753,5.0
20328,29754,3.0
20329,29755,16.0
20329,29756,22.0
20329,29757,7.0
20329,29758,15.0
20330,29759,5.0
20331,29760,1.0
20331,29761,3.0
20332,29762,5.0
20333,29763,3.0
20333,29764,24.0
20334,29765,1.0
20335,29766,1.0
20336,29767,17.0
20337,29768,1.0
20337,29769,3.0
20337,29770,4.0
20338,29771,1.0
20338,29772,4.0
20339,29773,3.0
20340,29774,1.0
20340,29775,4.0
20341,29776,1.0
20341,29777,7.0
20341,29778,3.0
20342,29779,1.0
20343,29780,24.0
20343,29781,5.0
20344,29782,14.0
20345,29783,16.0
20346,29784,1.0
20347,29785,1.0
20347,29786,15.0
20348,29787,5.0
20349,29788,21.0
20350,29789,17.0
20351,29790,13.0
20351,29791,16.0
20351,29792,6.0
20351,29793,25.0
20351,29794,15.0
20352,29795,1.0
20353,29796,2.0
20353,29797,14.0
20353,29798,3.0
20353,29799,4.0
20353,29800,21.0
20354,29801,3.0
20355,29802,
20356,29803,5.0
20357,29804,1.0
20358,29805,3.0
20359,29806,14.0
20359,29807,21.0
20360,29808,13.0
20360,29809,16.0
20360,29810,23.0
20360,29811,2.0
20361,29812,1.0
20362,29813,1.0
20362,29814,4.0
20363,29815,
20364,29816,8.0
20364,29817,1.0
20364,29818,12.0
20365,29819,1.0
20365,29820,3.0
20365,29821,24.0
20366,29822,1.0
20366,29823,2.0
20367,29824,13.0
20367,29825,2.0
20367,29826,6.0
20368,29827,12.0
20368,29828,5.0
20369,29829,3.0
20370,29830,1.0
20370,29831,24.0
20371,29832,9.0
20371,29833,12.0
20371,29834,5.0
20372,29835,1.0
20373,29836,13.0
20374,29837,2.0
20374,29838,19.0
20375,29839,1.0
20376,29840,
20377,29841,13.0
20377,29842,1.0
20377,29843,2.0
20377,29844,6.0
20378,29845,22.0
20378,29846,2.0
20378,29847,6.0
20379,29848,2.0
20379,29849,19.0
20380,29850,1.0
20381,29851,2.0
20381,29852,3.0
20381,29853,4.0
20381,29854,6.0
20382,29855,1.0
20383,29856,1.0
20383,29857,4.0
20384,29858,13.0
20384,29859,23.0
20384,29860,22.0
20384,29861,2.0
20385,29862,1.0
20385,29863,2.0
20385,29864,4.0
20385,29865,6.0
20386,29866,3.0
20387,29867,3.0
20388,29868,13.0
20389,29869,
20390,29870,1.0
20391,29871,3.0
20391,29872,4.0
20392,29873,5.0
20393,29874,13.0
20393,29875,16.0
20393,29876,1.0
20393,29877,7.0
20394,29878,3.0
20395,29879,16.0
20396,29880,3.0
20397,29881,5.0
20398,29882,1.0
20399,29883,1.0
20400,29884,3.0
20401,29885,5.0
20402,29886,1.0
20403,29887,3.0
20404,29888,1.0
20405,29889,1.0
20406,29890,22.0
20406,29891,2.0
20406,29892,14.0
20407,29893,27.0
20408,29894,5.0
20409,29895,14.0
20410,29896,3.0
20411,29897,
20412,29898,1.0
20413,29899,1.0
20413,29900,4.0
20414,29901,14.0
20415,29902,1.0
20416,29903,3.0
20416,29904,4.0
20417,29905,13.0
20418,29906,
20419,29907,3.0
20420,29908,1.0
20421,29909,5.0
20422,29910,1.0
20423,29911,13.0
20423,29912,16.0
20423,29913,23.0
20424,29914,13.0
20425,29915,
20426,29916,5.0
20427,29917,1.0
20427,29918,22.0
20427,29919,2.0
20427,29920,14.0
20427,29921,6.0
20428,29922,8.0
20428,29923,9.0
20428,29924,5.0
20429,29925,2.0
20429,29926,19.0
20430,29927,16.0
20430,29928,7.0
20430,29929,15.0
20431,29930,1.0
20431,29931,2.0
20432,29932,3.0
20433,29933,1.0
20434,29934,1.0
20434,29935,2.0
20435,29936,2.0
20435,29937,14.0
20436,29938,1.0
20436,29939,3.0
20436,29940,4.0
20437,29941,1.0
20437,29942,18.0
20437,29943,4.0
20438,29944,
20439,29945,13.0
20439,29946,23.0
20439,29947,3.0
20440,29948,
20441,29949,1.0
20442,29950,13.0
20442,29951,16.0
20442,29952,2.0
20442,29953,6.0
20443,29954,2.0
20443,29955,19.0
20444,29956,3.0
20445,29957,3.0
20446,29958,8.0
20446,29959,1.0
20446,29960,3.0
20446,29961,24.0
20447,29962,13.0
20447,29963,1.0
20447,29964,22.0
20447,29965,2.0
20447,29966,6.0
20448,29967,1.0
20449,29968,1.0
20449,29969,9.0
20450,29970,1.0
20450,29971,3.0
20450,29972,4.0
20451,29973,13.0
20451,29974,16.0
20451,29975,23.0
20451,29976,3.0
20451,29977,15.0
20452,29978,23.0
20452,29979,1.0
20452,29980,22.0
20452,29981,2.0
20452,29982,14.0
20453,29983,3.0
20453,29984,15.0
20454,29985,17.0
20455,29986,22.0
20455,29987,2.0
20456,29988,8.0
20456,29989,5.0
20457,29990,1.0
20458,29991,13.0
20458,29992,16.0
20458,29993,2.0
20459,29994,1.0
20460,29995,1.0
20460,29996,15.0
20461,29997,3.0
20462,29998,7.0
20462,29999,3.0
20462,30000,4.0
20463,30001,1.0
20463,30002,3.0
20463,30003,4.0
20464,30004,1.0
20465,30005,5.0
20466,30006,1.0
20466,30007,2.0
20466,30008,6.0
20467,30009,13.0
20468,30010,1.0
20469,30011,1.0
20469,30012,3.0
20470,30013,5.0
20471,30014,13.0
20471,30015,16.0
20471,30016,2.0
20472,30017,20.0
20473,30018,1.0
20474,30019,16.0
20474,30020,3.0
20474,30021,15.0
20475,30022,5.0
20476,30023,1.0
20476,30024,3.0
20477,30025,16.0
20477,30026,1.0
20477,30027,22.0
20478,30028,3.0
20479,30029,3.0
20480,30030,8.0
20480,30031,3.0
20480,30032,5.0
20481,30033,22.0
20481,30034,2.0
20482,30035,13.0
20483,30036,1.0
20484,30037,24.0
20484,30038,5.0
20485,30039,2.0
20485,30040,19.0
20486,30041,5.0
20487,30042,2.0
20487,30043,19.0
20488,30044,3.0
20489,30045,
20490,30046,1.0
20490,30047,3.0
20491,30048,1.0
20491,30049,3.0
20492,30050,
20493,30051,1.0
20493,30052,3.0
20494,30053,13.0
20494,30054,2.0
20495,30055,1.0
20496,30056,2.0
20496,30057,14.0
20497,30058,3.0
20498,30059,3.0
20499,30060,13.0
20499,30061,3.0
20499,30062,15.0
20500,30063,1.0
20500,30064,3.0
20500,30065,15.0
20501,30066,8.0
20501,30067,1.0
20501,30068,18.0
20502,30069,1.0
20502,30070,3.0
20503,30071,1.0
20504,30072,
20505,30073,3.0
20506,30074,1.0
20506,30075,3.0
20506,30076,4.0
20507,30077,16.0
20507,30078,3.0
20507,30079,4.0
20508,30080,1.0
20508,30081,12.0
20509,30082,16.0
20509,30083,3.0
20509,30084,25.0
20509,30085,15.0
20510,30086,18.0
20510,30087,5.0
20511,30088,3.0
20512,30089,1.0
20513,30090,13.0
20513,30091,1.0
20514,30092,5.0
20515,30093,5.0
20516,30094,3.0
20516,30095,4.0
20517,30096,2.0
20517,30097,14.0
20518,30098,16.0
20519,30099,5.0
20520,30100,1.0
20521,30101,5.0
20522,30102,5.0
20523,30103,22.0
20523,30104,3.0
20523,30105,6.0
20524,30106,16.0
20525,30107,1.0
20525,30108,3.0
20526,30109,8.0
20526,30110,5.0
20527,30111,1.0
20527,30112,3.0
20528,30113,16.0
20528,30114,3.0
20528,30115,4.0
20529,30116,1.0
20529,30117,22.0
20530,30118,13.0
20530,30119,2.0
20530,30120,7.0
20530,30121,14.0
20531,30122,16.0
20531,30123,3.0
20532,30124,1.0
20533,30125,1.0
20533,30126,4.0
20533,30127,12.0
20533,30128,24.0
20534,30129,1.0
20535,30130,13.0
20535,30131,20.0
20536,30132,24.0
20536,30133,5.0
20537,30134,22.0
20537,30135,2.0
20537,30136,14.0
20538,30137,3.0
20539,30138,1.0
20540,30139,16.0
20541,30140,1.0
20542,30141,3.0
20542,30142,4.0
20543,30143,3.0
20543,30144,4.0
20544,30145,17.0
20545,30146,13.0
20545,30147,16.0
20545,30148,2.0
20545,30149,7.0
20545,30150,3.0
20545,30151,6.0
20545,30152,25.0
20546,30153,14.0
20547,30154,3.0
20548,30155,5.0
20549,30156,2.0
20549,30157,19.0
20550,30158,
20551,30159,1.0
20552,30160,8.0
20552,30161,5.0
20553,30162,1.0
20554,30163,3.0
20555,30164,1.0
20555,30165,4.0
20556,30166,13.0
20556,30167,16.0
20556,30168,23.0
20556,30169,2.0
20557,30170,17.0
20558,30171,
20559,30172,
20560,30173,
20561,30174,3.0
20562,30175,1.0
20562,30176,3.0
20563,30177,5.0
20564,30178,1.0
20564,30179,4.0
20565,30180,16.0
20565,30181,7.0
20565,30182,3.0
20565,30183,25.0
20565,30184,15.0
20566,30185,1.0
20566,30186,3.0
20566,30187,4.0
20567,30188,5.0
20568,30189,1.0
20568,30190,3.0
20568,30191,4.0
20569,30192,24.0
20569,30193,5.0
20570,30194,1.0
20570,30195,18.0
20570,30196,3.0
20570,30197,15.0
20571,30198,2.0
20571,30199,19.0
20572,30200,1.0
20573,30201,1.0
20573,30202,4.0
20574,30203,1.0
20575,30204,17.0
20576,30205,
20577,30206,17.0
20578,30207,3.0
20578,30208,4.0
20579,30209,5.0
20580,30210,3.0
20580,30211,15.0
20581,30212,3.0
20582,30213,1.0
20583,30214,1.0
20584,30215,1.0
20584,30216,2.0
20584,30217,6.0
20585,30218,3.0
20586,30219,3.0
20587,30220,
20588,30221,16.0
20588,30222,3.0
20588,30223,4.0
20588,30224,24.0
20588,30225,15.0
20589,30226,14.0
20590,30227,3.0
20590,30228,5.0
20591,30229,1.0
20592,30230,1.0
20593,30231,3.0
20593,30232,4.0
20594,30233,1.0
20595,30234,1.0
20596,30235,
20597,30236,13.0
20597,30237,23.0
20597,30238,7.0
20598,30239,13.0
20598,30240,1.0
20598,30241,6.0
20598,30242,24.0
20599,30243,5.0
20600,30244,1.0
20600,30245,4.0
20601,30246,
20602,30247,1.0
20602,30248,4.0
20602,30249,6.0
20602,30250,24.0
20603,30251,3.0
20603,30252,4.0
20604,30253,
20605,30254,14.0
20606,30255,5.0
20607,30256,1.0
20607,30257,3.0
20607,30258,4.0
20608,30259,1.0
20609,30260,13.0
20609,30261,3.0
20609,30262,6.0
20609,30263,15.0
20610,30264,1.0
20611,30265,18.0
20611,30266,3.0
20612,30267,3.0
20612,30268,6.0
20613,30269,14.0
20614,30270,1.0
20615,30271,13.0
20615,30272,1.0
20615,30273,9.0
20615,30274,2.0
20615,30275,12.0
20616,30276,3.0
20617,30277,1.0
20618,30278,3.0
20618,30279,15.0
20619,30280,5.0
20620,30281,13.0
20620,30282,16.0
20620,30283,1.0
20620,30284,7.0
20620,30285,3.0
20620,30286,21.0
20621,30287,1.0
20622,30288,1.0
20622,30289,4.0
20623,30290,14.0
20624,30291,1.0
20625,30292,
20626,30293,14.0
20627,30294,1.0
20628,30295,1.0
20629,30296,3.0
20630,30297,3.0
20630,30298,4.0
20631,30299,
20632,30300,2.0
20632,30301,19.0
20633,30302,3.0
20633,30303,6.0
20634,30304,24.0
20634,30305,5.0
20635,30306,27.0
20636,30307,3.0
20636,30308,24.0
20636,30309,15.0
20636,30310,21.0
20637,30311,16.0
20637,30312,7.0
20637,30313,3.0
20637,30314,25.0
20637,30315,15.0
20638,30316,1.0
20638,30317,3.0
20639,30318,1.0
20639,30319,3.0
20639,30320,4.0
20640,30321,13.0
20640,30322,16.0
20640,30323,3.0
20640,30324,6.0
20641,30325,1.0
20641,30326,9.0
20641,30327,2.0
20642,30328,
20643,30329,13.0
20643,30330,23.0
20643,30331,2.0
20643,30332,14.0
20643,30333,3.0
20644,30334,5.0
20645,30335,1.0
20645,30336,21.0
20646,30337,8.0
20646,30338,5.0
20647,30339,1.0
20648,30340,3.0
20648,30341,4.0
20649,30342,16.0
20649,30343,1.0
20649,30344,2.0
20649,30345,6.0
20650,30346,1.0
20650,30347,3.0
20650,30348,4.0
20651,30349,2.0
20651,30350,19.0
20652,30351,1.0
20652,30352,4.0
20653,30353,1.0
20654,30354,22.0
20654,30355,2.0
20654,30356,14.0
20655,30357,1.0
20655,30358,9.0
20655,30359,6.0
20656,30360,1.0
20657,30361,1.0
20657,30362,4.0
20658,30363,1.0
20658,30364,18.0
20658,30365,3.0
20659,30366,18.0
20659,30367,3.0
20659,30368,25.0
20659,30369,15.0
20660,30370,16.0
20661,30371,3.0
20662,30372,1.0
20663,30373,13.0
20664,30374,1.0
20665,30375,1.0
20666,30376,1.0
20666,30377,24.0
20667,30378,1.0
20668,30379,1.0
20668,30380,15.0
20669,30381,14.0
20670,30382,1.0
20670,30383,3.0
20670,30384,4.0
20671,30385,13.0
20671,30386,2.0
20671,30387,6.0
20672,30388,3.0
20673,30389,3.0
20674,30390,2.0
20674,30391,19.0
20675,30392,1.0
20675,30393,4.0
20676,30394,
20677,30395,16.0
20677,30396,23.0
20677,30397,3.0
20677,30398,25.0
20677,30399,15.0
20678,30400,1.0
20678,30401,2.0
20678,30402,6.0
20679,30403,1.0
20680,30404,1.0
20681,30405,1.0
20682,30406,3.0
20683,30407,18.0
20683,30408,3.0
20683,30409,4.0
20684,30410,1.0
20684,30411,4.0
20684,30412,21.0
20685,30413,1.0
20686,30414,3.0
20687,30415,2.0
20687,30416,19.0
20688,30417,13.0
20689,30418,1.0
20690,30419,5.0
20691,30420,1.0
20692,30421,
20693,30422,1.0
20693,30423,18.0
20693,30424,3.0
20694,30425,5.0
20695,30426,17.0
20696,30427,2.0
20696,30428,19.0
20697,30429,
20698,30430,3.0
20698,30431,4.0
20699,30432,8.0
20699,30433,1.0
20700,30434,1.0
20701,30435,1.0
20701,30436,22.0
20701,30437,2.0
20702,30438,1.0
20703,30439,24.0
20703,30440,15.0
20703,30441,5.0
20704,30442,3.0
20705,30443,1.0
20705,30444,4.0
20705,30445,6.0
20706,30446,1.0
20706,30447,2.0
20706,30448,6.0
20707,30449,1.0
20707,30450,4.0
20707,30451,24.0
20708,30452,3.0
20709,30453,13.0
20710,30454,13.0
20711,30455,5.0
20712,30456,1.0
20712,30457,22.0
20713,30458,3.0
20713,30459,5.0
20714,30460,13.0
20714,30461,16.0
20714,30462,9.0
20715,30463,14.0
20716,30464,3.0
20717,30465,3.0
20718,30466,5.0
20719,30467,26.0
20720,30468,13.0
20721,30469,1.0
20721,30470,18.0
20722,30471,13.0
20722,30472,2.0
20722,30473,3.0
20722,30474,6.0
20723,30475,5.0
20724,30476,1.0
20725,30477,2.0
20725,30478,3.0
20725,30479,4.0
20725,30480,15.0
20726,30481,3.0
20726,30482,4.0
20727,30483,1.0
20727,30484,22.0
20727,30485,2.0
20727,30486,4.0
20728,30487,1.0
20729,30488,16.0
20730,30489,3.0
20731,30490,16.0
20732,30491,22.0
20732,30492,2.0
20732,30493,6.0
20733,30494,1.0
20733,30495,3.0
20734,30496,
20735,30497,3.0
20735,30498,4.0
20735,30499,6.0
20736,30500,1.0
20736,30501,32.0
20736,30502,32.0
20737,30503,3.0
20738,30504,17.0
20739,30505,1.0
20739,30506,4.0
20739,30507,24.0
20740,30508,1.0
20741,30509,1.0
20741,30510,4.0
20741,30511,12.0
20742,30512,5.0
20743,30513,5.0
20744,30514,1.0
20745,30515,1.0
20745,30516,22.0
20745,30517,7.0
20745,30518,3.0
20746,30519,3.0
20747,30520,1.0
20747,30521,3.0
20747,30522,24.0
20748,30523,1.0
20748,30524,6.0
20749,30525,1.0
20749,30526,4.0
20750,30527,9.0
20750,30528,5.0
20751,30529,1.0
20752,30530,1.0
20752,30531,2.0
20752,30532,6.0
20753,30533,
20754,30534,1.0
20754,30535,4.0
20755,30536,1.0
20756,30537,5.0
20757,30538,3.0
20758,30539,3.0
20759,30540,13.0
20760,30541,
20761,30542,3.0
20761,30543,4.0
20762,30544,2.0
20762,30545,19.0
20763,30546,5.0
20764,30547,13.0
20765,30548,1.0
20765,30549,6.0
20766,30550,
20767,30551,1.0
20768,30552,1.0
20769,30553,1.0
20769,30554,3.0
20770,30555,1.0
20771,30556,3.0
20772,30557,13.0
20772,30558,2.0
20773,30559,
20774,30560,1.0
20774,30561,6.0
20775,30562,8.0
20775,30563,1.0
20775,30564,4.0
20776,30565,5.0
20777,30566,13.0
20777,30567,16.0
20777,30568,23.0
20777,30569,2.0
20777,30570,14.0
20778,30571,8.0
20778,30572,24.0
20778,30573,5.0
20779,30574,5.0
20780,30575,
20781,30576,23.0
20781,30577,2.0
20781,30578,7.0
20781,30579,14.0
20782,30580,1.0
20782,30581,3.0
20783,30582,18.0
20783,30583,3.0
20784,30584,1.0
20784,30585,3.0
20784,30586,4.0
20784,30587,6.0
20785,30588,3.0
20785,30589,5.0
20786,30590,18.0
20786,30591,3.0
20786,30592,15.0
20787,30593,2.0
20787,30594,14.0
20788,30595,13.0
20788,30596,3.0
20789,30597,
20790,30598,1.0
20790,30599,4.0
20791,30600,1.0
20791,30601,4.0
20792,30602,2.0
20792,30603,14.0
20793,30604,
20794,30605,
20795,30606,
20796,30607,1.0
20797,30608,3.0
20798,30609,13.0
20798,30610,16.0
20798,30611,3.0
20799,30612,1.0
20799,30613,2.0
20799,30614,4.0
20799,30615,6.0
20800,30616,1.0
20801,30617,1.0
20801,30618,3.0
20802,30619,12.0
20802,30620,5.0
20803,30621,13.0
20804,30622,13.0
20804,30623,16.0
20804,30624,1.0
20804,30625,7.0
20804,30626,3.0
20804,30627,25.0
20804,30628,15.0
20805,30629,5.0
20806,30630,1.0
20806,30631,18.0
20806,30632,3.0
20806,30633,4.0
20807,30634,18.0
20807,30635,7.0
20807,30636,3.0
20807,30637,15.0
20808,30638,10.0
20808,30639,11.0
20809,30640,3.0
20809,30641,4.0
20810,30642,1.0
20810,30643,4.0
20810,30644,24.0
20811,30645,16.0
20811,30646,3.0
20811,30647,25.0
20811,30648,15.0
20812,30649,1.0
20812,30650,3.0
20813,30651,
20814,30652,3.0
20814,30653,24.0
20815,30654,5.0
20816,30655,13.0
20817,30656,16.0
20818,30657,3.0
20819,30658,3.0
20820,30659,3.0
20821,30660,8.0
20821,30661,1.0
20822,30662,1.0
20823,30663,1.0
20823,30664,22.0
20823,30665,4.0
20824,30666,3.0
20825,30667,1.0
20826,30668,24.0
20826,30669,5.0
20827,30670,1.0
20827,30671,2.0
20828,30672,1.0
20829,30673,3.0
20830,30674,14.0
20831,30675,5.0
20832,30676,1.0
20833,30677,3.0
20834,30678,16.0
20834,30679,2.0
20834,30680,14.0
20835,30681,1.0
20835,30682,3.0
20835,30683,24.0
20836,30684,1.0
20836,30685,2.0
20837,30686,1.0
20838,30687,16.0
20838,30688,23.0
20838,30689,1.0
20838,30690,7.0
20838,30691,15.0
20839,30692,
20840,30693,3.0
20841,30694,3.0
20842,30695,1.0
20843,30696,2.0
20843,30697,19.0
20844,30698,1.0
20844,30699,9.0
20844,30700,12.0
20845,30701,1.0
20846,30702,8.0
20846,30703,3.0
20846,30704,24.0
20846,30705,5.0
20847,30706,1.0
20847,30707,3.0
20847,30708,4.0
20848,30709,1.0
20849,30710,22.0
20849,30711,2.0
20849,30712,14.0
20850,30713,3.0
20851,30714,2.0
20851,30715,14.0
20851,30716,3.0
20852,30717,1.0
20852,30718,3.0
20853,30719,3.0
20854,30720,1.0
20855,30721,5.0
20856,30722,5.0
20857,30723,1.0
20858,30724,13.0
20858,30725,16.0
20858,30726,2.0
20858,30727,6.0
20859,30728,1.0
20860,30729,1.0
20861,30730,16.0
20861,30731,23.0
20861,30732,3.0
20862,30733,1.0
20863,30734,3.0
20863,30735,21.0
20864,30736,1.0
20864,30737,3.0
20865,30738,1.0
20866,30739,1.0
20867,30740,1.0
20868,30741,1.0
20869,30742,1.0
20870,30743,5.0
20871,30744,5.0
20872,30745,1.0
20872,30746,3.0
20872,30747,4.0
20872,30748,6.0
20873,30749,1.0
20873,30750,3.0
20873,30751,4.0
20874,30752,3.0
20874,30753,6.0
20875,30754,1.0
20875,30755,18.0
20876,30756,13.0
20876,30757,1.0
20876,30758,3.0
20877,30759,3.0
20878,30760,1.0
20878,30761,3.0
20878,30762,24.0
20879,30763,1.0
20879,30764,2.0
20879,30765,6.0
20880,30766,1.0
20881,30767,3.0
20881,30768,4.0
20882,30769,1.0
20882,30770,3.0
20883,30771,13.0
20883,30772,1.0
20883,30773,2.0
20883,30774,6.0
20884,30775,13.0
20885,30776,1.0
20885,30777,3.0
20886,30778,3.0
20887,30779,1.0
20887,30780,2.0
20887,30781,3.0
20887,30782,6.0
20888,30783,1.0
20889,30784,1.0
20889,30785,2.0
20889,30786,6.0
20890,30787,
20891,30788,
20892,30789,1.0
20892,30790,4.0
20893,30791,13.0
20893,30792,1.0
20893,30793,2.0
20893,30794,6.0
20894,30795,1.0
20894,30796,3.0
20894,30797,4.0
20895,30798,13.0
20895,30799,16.0
20895,30800,23.0
20895,30801,2.0
20895,30802,7.0
20895,30803,25.0
20896,30804,22.0
20896,30805,2.0
20896,30806,14.0
20896,30807,6.0
20897,30808,3.0
20898,30809,1.0
20898,30810,3.0
20898,30811,24.0
20899,30812,1.0
20900,30813,1.0
20901,30814,13.0
20901,30815,16.0
20901,30816,3.0
20901,30817,15.0
20902,30818,1.0
20903,30819,8.0
20903,30820,5.0
20904,30821,13.0
20904,30822,4.0
20905,30823,3.0
20906,30824,13.0
20906,30825,16.0
20906,30826,3.0
20906,30827,21.0
20907,30828,1.0
20908,30829,5.0
20909,30830,1.0
20909,30831,3.0
20909,30832,5.0
20910,30833,3.0
20911,30834,3.0
20912,30835,2.0
20912,30836,19.0
20913,30837,3.0
20914,30838,1.0
20915,30839,13.0
20915,30840,16.0
20915,30841,1.0
20915,30842,22.0
20915,30843,2.0
20915,30844,7.0
20916,30845,1.0
20916,30846,3.0
20916,30847,4.0
20917,30848,3.0
20918,30849,1.0
20918,30850,7.0
20918,30851,3.0
20918,30852,4.0
20918,30853,24.0
20918,30854,21.0
20919,30855,1.0
20920,30856,5.0
20921,30857,3.0
20922,30858,
20923,30859,1.0
20924,30860,1.0
20925,30861,22.0
20925,30862,2.0
20925,30863,14.0
20926,30864,1.0
20927,30865,26.0
20928,30866,9.0
20928,30867,5.0
20929,30868,1.0
20930,30869,5.0
20931,30870,1.0
20932,30871,2.0
20932,30872,6.0
20933,30873,1.0
20934,30874,1.0
20935,30875,3.0
20935,30876,4.0
20936,30877,3.0
20937,30878,16.0
20938,30879,1.0
20939,30880,3.0
20939,30881,24.0
20940,30882,5.0
20941,30883,2.0
20941,30884,19.0
20942,30885,3.0
20943,30886,14.0
20944,30887,13.0
20944,30888,16.0
20944,30889,3.0
20945,30890,1.0
20946,30891,1.0
20946,30892,4.0
20946,30893,12.0
20947,30894,1.0
20947,30895,3.0
20947,30896,4.0
20948,30897,16.0
20948,30898,2.0
20949,30899,
20950,30900,3.0
20950,30901,6.0
20951,30902,1.0
20952,30903,10.0
20952,30904,11.0
20953,30905,1.0
20954,30906,22.0
20954,30907,14.0
20954,30908,3.0
20955,30909,21.0
20956,30910,13.0
20956,30911,23.0
20956,30912,2.0
20956,30913,14.0
20957,30914,1.0
20957,30915,3.0
20957,30916,4.0
20957,30917,24.0
20958,30918,17.0
20959,30919,3.0
20960,30920,1.0
20961,30921,1.0
20961,30922,22.0
20961,30923,2.0
20961,30924,6.0
20962,30925,23.0
20962,30926,3.0
20963,30927,14.0
20964,30928,7.0
20964,30929,15.0
20965,30930,1.0
20965,30931,3.0
20965,30932,4.0
20966,30933,
20967,30934,
20968,30935,1.0
20969,30936,
20970,30937,8.0
20970,30938,1.0
20970,30939,6.0
20971,30940,16.0
20971,30941,23.0
20971,30942,25.0
20971,30943,15.0
20972,30944,8.0
20972,30945,1.0
20972,30946,2.0
20972,30947,14.0
20972,30948,6.0
20973,30949,1.0
20974,30950,13.0
20974,30951,23.0
20974,30952,22.0
20974,30953,2.0
20975,30954,3.0
20976,30955,1.0
20977,30956,16.0
20978,30957,13.0
20978,30958,9.0
20978,30959,4.0
20978,30960,12.0
20979,30961,1.0
20979,30962,3.0
20980,30963,1.0
20980,30964,2.0
20980,30965,6.0
20981,30966,23.0
20981,30967,3.0
20981,30968,25.0
20982,30969,24.0
20982,30970,5.0
20983,30971,1.0
20983,30972,4.0
20983,30973,6.0
20984,30974,
20985,30975,13.0
20985,30976,16.0
20985,30977,22.0
20985,30978,2.0
20986,30979,3.0
20987,30980,3.0
20988,30981,1.0
20989,30982,1.0
20989,30983,22.0
20989,30984,2.0
20989,30985,3.0
20990,30986,13.0
20991,30987,
20992,30988,12.0
20992,30989,5.0
20993,30990,1.0
20993,30991,24.0
20994,30992,3.0
20995,30993,3.0
20996,30994,
20997,30995,1.0
20998,30996,3.0
20999,30997,2.0
20999,30998,6.0
21000,30999,1.0
21000,31000,3.0
21001,31001,1.0
21001,31002,4.0
21002,31003,18.0
21002,31004,3.0
21002,31005,15.0
21003,31006,3.0
21003,31007,5.0
21004,31008,1.0
21005,31009,3.0
21006,31010,1.0
21007,31011,
21008,31012,5.0
21009,31013,1.0
21010,31014,1.0
21011,31015,1.0
21011,31016,3.0
21011,31017,4.0
21011,31018,21.0
21012,31019,16.0
21012,31020,3.0
21012,31021,25.0
21012,31022,15.0
21013,31023,23.0
21013,31024,14.0
21013,31025,3.0
21014,31026,8.0
21014,31027,24.0
21014,31028,5.0
21015,31029,
21016,31030,5.0
21017,31031,13.0
21018,31032,8.0
21018,31033,3.0
21019,31034,1.0
21020,31035,1.0
21020,31036,22.0
21020,31037,2.0
21020,31038,6.0
21021,31039,13.0
21022,31040,1.0
21022,31041,3.0
21023,31042,13.0
21023,31043,16.0
21023,31044,3.0
21024,31045,16.0
21025,31046,1.0
21026,31047,3.0
21027,31048,
21028,31049,1.0
21028,31050,3.0
21029,31051,1.0
21030,31052,1.0
21030,31053,24.0
21031,31054,1.0
21032,31055,5.0
21033,31056,
21034,31057,3.0
21034,31058,6.0
21035,31059,1.0
21036,31060,17.0
21037,31061,2.0
21037,31062,19.0
21038,31063,24.0
21038,31064,5.0
21039,31065,
21040,31066,2.0
21040,31067,19.0
21041,31068,3.0
21042,31069,1.0
21043,31070,
21044,31071,5.0
21045,31072,1.0
21045,31073,9.0
21045,31074,18.0
21046,31075,5.0
21047,31076,5.0
21048,31077,1.0
21049,31078,1.0
21049,31079,3.0
21050,31080,3.0
21051,31081,3.0
21052,31082,1.0
21053,31083,1.0
21053,31084,3.0
21053,31085,24.0
21054,31086,1.0
21054,31087,22.0
21054,31088,2.0
21055,31089,3.0
21056,31090,1.0
21056,31091,3.0
21057,31092,14.0
21058,31093,3.0
21059,31094,16.0
21059,31095,1.0
21059,31096,3.0
21060,31097,1.0
21061,31098,5.0
21062,31099,13.0
21062,31100,1.0
21062,31101,6.0
21062,31102,21.0
21063,31103,1.0
21063,31104,4.0
21064,31105,1.0
21065,31106,
21066,31107,16.0
21066,31108,23.0
21066,31109,1.0
21067,31110,
21068,31111,8.0
21068,31112,1.0
21068,31113,9.0
21068,31114,12.0
21069,31115,1.0
21069,31116,4.0
21070,31117,1.0
21071,31118,1.0
21071,31119,3.0
21071,31120,4.0
21071,31121,6.0
21072,31122,
21073,31123,5.0
21074,31124,
21075,31125,
21076,31126,
21077,31127,1.0
21077,31128,2.0
21077,31129,7.0
21077,31130,25.0
21078,31131,3.0
21078,31132,4.0
21078,31133,15.0
21079,31134,
21080,31135,13.0
21080,31136,2.0
21080,31137,6.0
21081,31138,1.0
21081,31139,3.0
21081,31140,4.0
21082,31141,17.0
21083,31142,14.0
21084,31143,1.0
21084,31144,24.0
21085,31145,21.0
21086,31146,1.0
21087,31147,13.0
21087,31148,16.0
21087,31149,7.0
21088,31150,1.0
21089,31151,3.0
21090,31152,1.0
21090,31153,3.0
21091,31154,1.0
21092,31155,3.0
21092,31156,4.0
21093,31157,1.0
21094,31158,8.0
21094,31159,1.0
21094,31160,18.0
21094,31161,4.0
21095,31162,1.0
21095,31163,2.0
21095,31164,14.0
21096,31165,3.0
21097,31166,2.0
21097,31167,19.0
21098,31168,1.0
21098,31169,4.0
21099,31170,
21100,31171,2.0
21100,31172,14.0
21100,31173,6.0
21101,31174,5.0
21102,31175,25.0
21102,31176,15.0
21103,31177,5.0
21104,31178,13.0
21105,31179,5.0
21105,31180,30.0
21106,31181,3.0
21107,31182,16.0
21108,31183,5.0
21109,31184,7.0
21109,31185,3.0
21109,31186,4.0
21110,31187,1.0
21110,31188,2.0
21110,31189,6.0
21111,31190,
21112,31191,13.0
21112,31192,1.0
21112,31193,2.0
21112,31194,6.0
21113,31195,21.0
21114,31196,14.0
21115,31197,1.0
21116,31198,1.0
21117,31199,13.0
21117,31200,16.0
21117,31201,3.0
21118,31202,16.0
21119,31203,14.0
21120,31204,2.0
21120,31205,19.0
21121,31206,1.0
21121,31207,6.0
21122,31208,1.0
21123,31209,21.0
21124,31210,3.0
21124,31211,4.0
21125,31212,13.0
21126,31213,
21127,31214,22.0
21127,31215,2.0
21128,31216,3.0
21128,31217,4.0
21129,31218,1.0
21129,31219,2.0
21129,31220,3.0
21129,31221,4.0
21129,31222,6.0
21129,31223,24.0
21130,31224,15.0
21130,31225,5.0
21130,31226,30.0
21131,31227,1.0
21131,31228,6.0
21132,31229,3.0
21132,31230,5.0
21133,31231,1.0
21134,31232,13.0
21135,31233,
21136,31234,1.0
21136,31235,22.0
21136,31236,2.0
21136,31237,14.0
21137,31238,16.0
21138,31239,8.0
21138,31240,5.0
21139,31241,3.0
21139,31242,4.0
21140,31243,5.0
21141,31244,
21142,31245,1.0
21142,31246,4.0
21143,31247,1.0
21143,31248,22.0
21143,31249,2.0
21144,31250,13.0
21145,31251,13.0
21145,31252,1.0
21145,31253,2.0
21145,31254,6.0
21146,31255,2.0
21146,31256,4.0
21147,31257,1.0
21147,31258,2.0
21148,31259,
21149,31260,13.0
21150,31261,1.0
21151,31262,3.0
21152,31263,1.0
21152,31264,3.0
21152,31265,24.0
21153,31266,1.0
21153,31267,3.0
21154,31268,
21155,31269,
21156,31270,1.0
21157,31271,
21158,31272,3.0
21159,31273,13.0
21159,31274,3.0
21160,31275,
21161,31276,13.0
21161,31277,1.0
21161,31278,2.0
21162,31279,1.0
21162,31280,3.0
21163,31281,1.0
21163,31282,3.0
21163,31283,4.0
21164,31284,1.0
21165,31285,16.0
21165,31286,4.0
21165,31287,20.0
21165,31288,25.0
21165,31289,15.0
21166,31290,1.0
21167,31291,2.0
21167,31292,19.0
21168,31293,1.0
21168,31294,2.0
21169,31295,1.0
21169,31296,3.0
21170,31297,1.0
21170,31298,3.0
21170,31299,4.0
21171,31300,23.0
21171,31301,1.0
21171,31302,3.0
21172,31303,5.0
21173,31304,1.0
21173,31305,3.0
21173,31306,4.0
21174,31307,17.0
21175,31308,16.0
21176,31309,1.0
21177,31310,5.0
21178,31311,1.0
21178,31312,2.0
21178,31313,3.0
21178,31314,4.0
21178,31315,6.0
21179,31316,22.0
21179,31317,2.0
21179,31318,6.0
21180,31319,10.0
21180,31320,11.0
21181,31321,1.0
21181,31322,3.0
21181,31323,4.0
21181,31324,6.0
21181,31325,24.0
21182,31326,7.0
21183,31327,1.0
21183,31328,22.0
21183,31329,6.0
21184,31330,2.0
21184,31331,14.0
21185,31332,17.0
21186,31333,8.0
21186,31334,1.0
21186,31335,24.0
21187,31336,1.0
21187,31337,3.0
21188,31338,1.0
21188,31339,2.0
21188,31340,6.0
21189,31341,5.0
21190,31342,
21191,31343,3.0
21191,31344,4.0
21192,31345,3.0
21192,31346,4.0
21193,31347,1.0
21194,31348,5.0
21195,31349,24.0
21195,31350,5.0
21196,31351,1.0
21197,31352,1.0
21198,31353,14.0
21199,31354,1.0
21200,31355,13.0
21200,31356,23.0
21200,31357,2.0
21201,31358,16.0
21201,31359,1.0
21202,31360,1.0
21203,31361,22.0
21203,31362,2.0
21203,31363,14.0
21204,31364,1.0
21205,31365,
21206,31366,3.0
21207,31367,
21208,31368,1.0
21209,31369,
21210,31370,13.0
21211,31371,
21212,31372,13.0
21212,31373,22.0
21212,31374,3.0
21213,31375,1.0
21214,31376,13.0
21214,31377,2.0
21214,31378,7.0
21215,31379,2.0
21215,31380,19.0
21216,31381,1.0
21217,31382,1.0
21217,31383,3.0
21217,31384,4.0
21218,31385,3.0
21218,31386,4.0
21218,31387,24.0
21219,31388,27.0
21220,31389,2.0
21220,31390,19.0
21221,31391,3.0
21222,31392,1.0
21222,31393,4.0
21223,31394,
21224,31395,1.0
21225,31396,1.0
21226,31397,1.0
21227,31398,21.0
21228,31399,1.0
21228,31400,14.0
21229,31401,1.0
21230,31402,1.0
21231,31403,1.0
21231,31404,6.0
21232,31405,1.0
21232,31406,2.0
21233,31407,1.0
21234,31408,13.0
21234,31409,2.0
21234,31410,6.0
21235,31411,1.0
21236,31412,2.0
21236,31413,19.0
21237,31414,13.0
21237,31415,16.0
21237,31416,5.0
21238,31417,3.0
21239,31418,1.0
21239,31419,3.0
21240,31420,3.0
21241,31421,5.0
21242,31422,1.0
21242,31423,22.0
21242,31424,4.0
21242,31425,24.0
21243,31426,16.0
21244,31427,3.0
21244,31428,4.0
21245,31429,24.0
21245,31430,5.0
21246,31431,13.0
21247,31432,17.0
21248,31433,13.0
21248,31434,2.0
21248,31435,6.0
21249,31436,
21250,31437,1.0
21250,31438,6.0
21251,31439,
21252,31440,1.0
21252,31441,3.0
21252,31442,12.0
21253,31443,17.0
21254,31444,8.0
21254,31445,1.0
21254,31446,24.0
21255,31447,1.0
21255,31448,2.0
21255,31449,6.0
21256,31450,3.0
21257,31451,17.0
21258,31452,3.0
21258,31453,6.0
21259,31454,1.0
21260,31455,16.0
21260,31456,23.0
21260,31457,25.0
21260,31458,15.0
21261,31459,1.0
21261,31460,3.0
21262,31461,13.0
21263,31462,3.0
21264,31463,1.0
21264,31464,4.0
21265,31465,8.0
21265,31466,4.0
21266,31467,13.0
21266,31468,1.0
21266,31469,4.0
21266,31470,12.0
21267,31471,13.0
21268,31472,1.0
21269,31473,3.0
21270,31474,3.0
21270,31475,6.0
21271,31476,1.0
21271,31477,4.0
21272,31478,1.0
21273,31479,1.0
21274,31480,3.0
21275,31481,2.0
21275,31482,19.0
21276,31483,2.0
21276,31484,3.0
21276,31485,6.0
21277,31486,
21278,31487,5.0
21279,31488,
21280,31489,1.0
21281,31490,1.0
21281,31491,3.0
21281,31492,4.0
21282,31493,7.0
21282,31494,3.0
21282,31495,4.0
21282,31496,15.0
21283,31497,20.0
21284,31498,
21285,31499,3.0
21286,31500,1.0
21287,31501,1.0
21288,31502,13.0
21288,31503,8.0
21288,31504,1.0
21288,31505,2.0
21288,31506,3.0
21289,31507,5.0
21290,31508,5.0
21291,31509,1.0
21291,31510,4.0
21292,31511,1.0
21293,31512,1.0
21293,31513,2.0
21293,31514,6.0
21294,31515,3.0
21295,31516,3.0
21296,31517,13.0
21296,31518,16.0
21296,31519,23.0
21296,31520,2.0
21297,31521,3.0
21298,31522,
21299,31523,13.0
21299,31524,16.0
21299,31525,8.0
21299,31526,9.0
21299,31527,6.0
21299,31528,20.0
21300,31529,1.0
21300,31530,3.0
21301,31531,1.0
21301,31532,2.0
21301,31533,4.0
21301,31534,6.0
21302,31535,1.0
21302,31536,22.0
21302,31537,2.0
21302,31538,6.0
21303,31539,1.0
21304,31540,16.0
21304,31541,22.0
21304,31542,25.0
21304,31543,15.0
21305,31544,
21306,31545,1.0
21306,31546,22.0
21306,31547,3.0
21307,31548,3.0
21307,31549,4.0
21308,31550,3.0
21308,31551,24.0
21309,31552,23.0
21309,31553,1.0
21309,31554,2.0
21309,31555,7.0
21309,31556,14.0
21310,31557,1.0
21310,31558,3.0
21311,31559,3.0
21312,31560,5.0
21313,31561,7.0
21313,31562,3.0
21313,31563,15.0
21314,31564,
21315,31565,3.0
21316,31566,16.0
21316,31567,7.0
21316,31568,3.0
21316,31569,25.0
21316,31570,15.0
21317,31571,13.0
21317,31572,16.0
21317,31573,1.0
21317,31574,2.0
21317,31575,4.0
21318,31576,1.0
21319,31577,22.0
21319,31578,3.0
21319,31579,6.0
21320,31580,3.0
21321,31581,1.0
21322,31582,1.0
21323,31583,
21324,31584,1.0
21325,31585,3.0
21326,31586,3.0
21326,31587,25.0
21326,31588,15.0
21327,31589,1.0
21328,31590,13.0
21328,31591,2.0
21328,31592,6.0
21329,31593,1.0
21330,31594,16.0
21331,31595,1.0
21331,31596,14.0
21332,31597,1.0
21333,31598,3.0
21334,31599,1.0
21335,31600,3.0
21336,31601,1.0
21336,31602,9.0
21336,31603,12.0
21337,31604,5.0
21338,31605,5.0
21339,31606,26.0
21340,31607,1.0
21340,31608,2.0
21341,31609,2.0
21341,31610,19.0
21342,31611,1.0
21342,31612,24.0
21343,31613,5.0
21344,31614,1.0
21344,31615,3.0
21344,31616,4.0
21345,31617,5.0
21346,31618,13.0
21346,31619,16.0
21346,31620,7.0
21347,31621,3.0
21347,31622,4.0
21348,31623,1.0
21348,31624,3.0
21349,31625,1.0
21349,31626,4.0
21350,31627,1.0
21351,31628,1.0
21351,31629,2.0
21351,31630,6.0
21352,31631,5.0
21353,31632,13.0
21353,31633,1.0
21353,31634,6.0
21354,31635,1.0
21355,31636,1.0
21356,31637,1.0
21356,31638,22.0
21356,31639,2.0
21356,31640,6.0
21357,31641,1.0
21358,31642,1.0
21359,31643,1.0
21359,31644,4.0
21360,31645,5.0
21361,31646,17.0
21362,31647,1.0
21363,31648,1.0
21364,31649,1.0
21364,31650,3.0
21365,31651,10.0
21365,31652,11.0
21366,31653,1.0
21367,31654,3.0
21368,31655,1.0
21368,31656,3.0
21368,31657,6.0
21369,31658,5.0
21370,31659,5.0
21371,31660,1.0
21372,31661,
21373,31662,3.0
21374,31663,1.0
21375,31664,5.0
21376,31665,1.0
21377,31666,3.0
21378,31667,3.0
21379,31668,2.0
21379,31669,14.0
21380,31670,1.0
21381,31671,3.0
21381,31672,4.0
21382,31673,5.0
21383,31674,1.0
21383,31675,18.0
21383,31676,3.0
21384,31677,
21385,31678,3.0
21385,31679,4.0
21386,31680,1.0
21387,31681,
21388,31682,2.0
21388,31683,19.0
21389,31684,2.0
21389,31685,6.0
21390,31686,1.0
21391,31687,1.0
21392,31688,3.0
21393,31689,13.0
21394,31690,3.0
21395,31691,
21396,31692,3.0
21397,31693,1.0
21398,31694,3.0
21398,31695,4.0
21399,31696,1.0
21399,31697,2.0
21399,31698,14.0
21400,31699,8.0
21400,31700,1.0
21401,31701,1.0
21402,31702,
21403,31703,5.0
21404,31704,3.0
21404,31705,5.0
21405,31706,5.0
21406,31707,16.0
21407,31708,1.0
21408,31709,13.0
21408,31710,3.0
21408,31711,6.0
21409,31712,1.0
21410,31713,1.0
21411,31714,1.0
21412,31715,1.0
21413,31716,14.0
21414,31717,1.0
21415,31718,1.0
21415,31719,18.0
21415,31720,3.0
21415,31721,15.0
21416,31722,1.0
21416,31723,3.0
21417,31724,5.0
21418,31725,1.0
21418,31726,3.0
21418,31727,4.0
21418,31728,24.0
21419,31729,3.0
21420,31730,3.0
21421,31731,1.0
21422,31732,3.0
21423,31733,1.0
21423,31734,3.0
21423,31735,4.0
21424,31736,1.0
21424,31737,22.0
21424,31738,2.0
21424,31739,7.0
21424,31740,4.0
21424,31741,6.0
21425,31742,16.0
21425,31743,23.0
21425,31744,3.0
21425,31745,4.0
21425,31746,25.0
21425,31747,15.0
21426,31748,13.0
21426,31749,1.0
21426,31750,14.0
21426,31751,3.0
21426,31752,6.0
21427,31753,
21428,31754,1.0
21428,31755,3.0
21428,31756,6.0
21428,31757,15.0
21429,31758,1.0
21429,31759,4.0
21429,31760,12.0
21429,31761,24.0
21430,31762,1.0
21431,31763,1.0
21432,31764,
21433,31765,16.0
21433,31766,7.0
21433,31767,3.0
21433,31768,25.0
21433,31769,15.0
21434,31770,3.0
21434,31771,4.0
21435,31772,1.0
21435,31773,4.0
21435,31774,21.0
21436,31775,1.0
21436,31776,25.0
21436,31777,21.0
21437,31778,1.0
21437,31779,2.0
21437,31780,4.0
21438,31781,
21439,31782,1.0
21439,31783,22.0
21439,31784,2.0
21440,31785,5.0
21441,31786,
21442,31787,
21443,31788,2.0
21443,31789,19.0
21444,31790,13.0
21444,31791,16.0
21444,31792,4.0
21445,31793,5.0
21446,31794,1.0
21447,31795,3.0
21448,31796,1.0
21448,31797,14.0
21449,31798,1.0
21449,31799,24.0
21450,31800,3.0
21451,31801,1.0
21451,31802,6.0
21452,31803,1.0
21453,31804,1.0
21454,31805,1.0
21454,31806,22.0
21455,31807,3.0
21455,31808,4.0
21456,31809,13.0
21456,31810,18.0
21456,31811,3.0
21457,31812,1.0
21458,31813,1.0
21459,31814,1.0
21460,31815,13.0
21460,31816,16.0
21460,31817,23.0
21460,31818,7.0
21460,31819,14.0
21461,31820,3.0
21461,31821,4.0
21462,31822,16.0
21463,31823,1.0
21464,31824,17.0
21465,31825,5.0
21466,31826,20.0
21466,31827,24.0
21466,31828,25.0
21466,31829,15.0
21467,31830,3.0
21468,31831,16.0
21469,31832,13.0
21469,31833,16.0
21469,31834,22.0
21469,31835,7.0
21469,31836,3.0
21469,31837,15.0
21470,31838,1.0
21471,31839,8.0
21471,31840,24.0
21471,31841,5.0
21472,31842,1.0
21472,31843,3.0
21472,31844,4.0
21473,31845,1.0
21474,31846,2.0
21474,31847,3.0
21474,31848,6.0
21475,31849,2.0
21475,31850,19.0
21476,31851,3.0
21477,31852,1.0
21477,31853,3.0
21477,31854,12.0
21478,31855,14.0
21479,31856,17.0
21480,31857,
21481,31858,13.0
21482,31859,13.0
21483,31860,1.0
21483,31861,3.0
21483,31862,6.0
21484,31863,
21485,31864,13.0
21485,31865,1.0
21485,31866,2.0
21485,31867,12.0
21486,31868,1.0
21487,31869,8.0
21487,31870,1.0
21488,31871,13.0
21488,31872,16.0
21488,31873,2.0
21488,31874,3.0
21488,31875,4.0
21488,31876,6.0
21488,31877,15.0
21489,31878,1.0
21489,31879,24.0
21490,31880,3.0
21491,31881,1.0
21491,31882,22.0
21492,31883,5.0
21493,31884,
21494,31885,1.0
21494,31886,2.0
21495,31887,1.0
21495,31888,2.0
21496,31889,1.0
21496,31890,22.0
21497,31891,5.0
21498,31892,1.0
21498,31893,3.0
21498,31894,4.0
21499,31895,3.0
21500,31896,
21501,31897,1.0
21502,31898,17.0
21503,31899,13.0
21504,31900,5.0
21505,31901,1.0
21505,31902,24.0
21506,31903,1.0
21506,31904,3.0
21507,31905,16.0
21507,31906,1.0
21507,31907,9.0
21507,31908,12.0
21507,31909,15.0
21508,31910,
21509,31911,5.0
21510,31912,3.0
21511,31913,9.0
21511,31914,5.0
21512,31915,1.0
21513,31916,13.0
21513,31917,3.0
21513,31918,6.0
21514,31919,1.0
21515,31920,1.0
21515,31921,22.0
21515,31922,4.0
21516,31923,13.0
21516,31924,16.0
21516,31925,3.0
21516,31926,20.0
21517,31927,1.0
21518,31928,
21519,31929,1.0
21520,31930,5.0
21521,31931,3.0
21521,31932,4.0
21522,31933,23.0
21522,31934,14.0
21523,31935,1.0
21524,31936,18.0
21524,31937,5.0
21525,31938,1.0
21526,31939,3.0
21527,31940,5.0
21528,31941,3.0
21528,31942,4.0
21529,31943,1.0
21530,31944,
21531,31945,
21532,31946,1.0
21532,31947,2.0
21532,31948,6.0
21533,31949,1.0
21533,31950,2.0
21534,31951,8.0
21534,31952,1.0
21534,31953,6.0
21535,31954,2.0
21535,31955,19.0
21536,31956,
21537,31957,3.0
21538,31958,1.0
21539,31959,13.0
21539,31960,16.0
21539,31961,2.0
21539,31962,7.0
21539,31963,4.0
21540,31964,1.0
21541,31965,1.0
21541,31966,4.0
21542,31967,1.0
21542,31968,3.0
21542,31969,4.0
21543,31970,13.0
21543,31971,23.0
21544,31972,1.0
21544,31973,2.0
21545,31974,3.0
21546,31975,1.0
21547,31976,1.0
21548,31977,7.0
21548,31978,3.0
21548,31979,4.0
21548,31980,15.0
21549,31981,13.0
21549,31982,1.0
21549,31983,2.0
21549,31984,6.0
21550,31985,5.0
21551,31986,5.0
21552,31987,2.0
21552,31988,19.0
21553,31989,3.0
21553,31990,24.0
21553,31991,5.0
21554,31992,3.0
21555,31993,5.0
21556,31994,1.0
21557,31995,1.0
21557,31996,6.0
21558,31997,13.0
21559,31998,8.0
21559,31999,5.0
21560,32000,16.0
21560,32001,3.0
21560,32002,25.0
21560,32003,15.0
21561,32004,5.0
21562,32005,1.0
21562,32006,2.0
21562,32007,4.0
21562,32008,6.0
21563,32009,27.0
21564,32010,5.0
21565,32011,5.0
21566,32012,5.0
21567,32013,
21568,32014,1.0
21569,32015,8.0
21569,32016,5.0
21570,32017,16.0
21571,32018,1.0
21571,32019,2.0
21571,32020,12.0
21571,32021,20.0
21572,32022,3.0
21572,32023,4.0
21573,32024,
21574,32025,13.0
21574,32026,1.0
21574,32027,2.0
21574,32028,6.0
21575,32029,
21576,32030,3.0
21577,32031,1.0
21577,32032,3.0
21578,32033,1.0
21578,32034,3.0
21578,32035,4.0
21579,32036,1.0
21579,32037,7.0
21579,32038,14.0
21579,32039,4.0
21580,32040,17.0
21581,32041,
21582,32042,16.0
21582,32043,3.0
21583,32044,26.0
21584,32045,5.0
21585,32046,1.0
21586,32047,17.0
21587,32048,
21588,32049,1.0
21589,32050,3.0
21590,32051,2.0
21590,32052,19.0
21591,32053,1.0
21592,32054,
21593,32055,1.0
21594,32056,3.0
21594,32057,4.0
21594,32058,24.0
21595,32059,1.0
21595,32060,2.0
21595,32061,4.0
21596,32062,3.0
21597,32063,23.0
21597,32064,22.0
21597,32065,2.0
21597,32066,7.0
21597,32067,14.0
21598,32068,13.0
21598,32069,1.0
21598,32070,2.0
21598,32071,3.0
21598,32072,15.0
21599,32073,26.0
21600,32074,5.0
21601,32075,12.0
21601,32076,5.0
21602,32077,1.0
21602,32078,4.0
21603,32079,1.0
21603,32080,22.0
21603,32081,2.0
21604,32082,5.0
21605,32083,1.0
21605,32084,3.0
21606,32085,3.0
21606,32086,6.0
21607,32087,1.0
21607,32088,2.0
21608,32089,3.0
21609,32090,3.0
21610,32091,1.0
21611,32092,3.0
21612,32093,1.0
21612,32094,3.0
21612,32095,4.0
21613,32096,
21614,32097,13.0
21614,32098,1.0
21614,32099,2.0
21614,32100,6.0
21615,32101,1.0
21616,32102,16.0
21616,32103,1.0
21616,32104,4.0
21616,32105,12.0
21617,32106,1.0
21617,32107,3.0
21618,32108,13.0
21618,32109,16.0
21618,32110,23.0
21618,32111,2.0
21618,32112,7.0
21619,32113,13.0
21619,32114,1.0
21619,32115,2.0
21619,32116,6.0
21620,32117,1.0
21621,32118,1.0
21622,32119,
21623,32120,3.0
21624,32121,1.0
21624,32122,4.0
21625,32123,
21626,32124,
21627,32125,
21628,32126,2.0
21628,32127,14.0
21629,32128,13.0
21629,32129,1.0
21629,32130,18.0
21630,32131,26.0
21631,32132,1.0
21632,32133,3.0
21633,32134,1.0
21633,32135,3.0
21633,32136,4.0
21634,32137,8.0
21634,32138,1.0
21634,32139,24.0
21634,32140,5.0
21635,32141,
21636,32142,1.0
21636,32143,22.0
21636,32144,2.0
21637,32145,1.0
21638,32146,1.0
21639,32147,1.0
21640,32148,1.0
21640,32149,2.0
21640,32150,3.0
21640,32151,6.0
21641,32152,1.0
21641,32153,4.0
21642,32154,14.0
21643,32155,5.0
21644,32156,22.0
21644,32157,2.0
21645,32158,1.0
21645,32159,3.0
21646,32160,13.0
21646,32161,1.0
21646,32162,22.0
21646,32163,2.0
21646,32164,6.0
21647,32165,1.0
21647,32166,3.0
21647,32167,12.0
21648,32168,22.0
21648,32169,2.0
21648,32170,14.0
21649,32171,5.0
21650,32172,
21651,32173,5.0
21652,32174,5.0
21652,32175,30.0
21653,32176,5.0
21654,32177,1.0
21655,32178,1.0
21656,32179,13.0
21656,32180,1.0
21656,32181,2.0
21656,32182,6.0
21657,32183,1.0
21658,32184,
21659,32185,1.0
21660,32186,1.0
21660,32187,4.0
21661,32188,3.0
21662,32189,
21663,32190,1.0
21663,32191,2.0
21663,32192,6.0
21664,32193,1.0
21665,32194,1.0
21665,32195,3.0
21666,32196,13.0
21666,32197,1.0
21666,32198,9.0
21666,32199,12.0
21667,32200,3.0
21667,32201,4.0
21668,32202,13.0
21668,32203,1.0
21668,32204,2.0
21668,32205,6.0
21669,32206,9.0
21669,32207,24.0
21669,32208,5.0
21670,32209,8.0
21670,32210,1.0
21671,32211,1.0
21671,32212,4.0
21672,32213,
21673,32214,24.0
21673,32215,5.0
21674,32216,16.0
21674,32217,25.0
21674,32218,15.0
21674,32219,21.0
21675,32220,1.0
21676,32221,1.0
21677,32222,1.0
21678,32223,
21679,32224,
21680,32225,
21681,32226,1.0
21681,32227,24.0
21681,32228,5.0
21682,32229,1.0
21683,32230,13.0
21684,32231,1.0
21685,32232,3.0
21685,32233,6.0
21686,32234,
21687,32235,16.0
21687,32236,3.0
21688,32237,16.0
21688,32238,1.0
21689,32239,16.0
21689,32240,2.0
21689,32241,25.0
21689,32242,15.0
21690,32243,3.0
21690,32244,6.0
21691,32245,3.0
21692,32246,1.0
21692,32247,2.0
21692,32248,4.0
21693,32249,1.0
21694,32250,13.0
21694,32251,23.0
21695,32252,3.0
21695,32253,4.0
21696,32254,
21697,32255,
21698,32256,3.0
21698,32257,4.0
21699,32258,3.0
21699,32259,4.0
21700,32260,3.0
21700,32261,4.0
21701,32262,13.0
21702,32263,18.0
21702,32264,5.0
21703,32265,1.0
21704,32266,5.0
21705,32267,23.0
21705,32268,1.0
21705,32269,2.0
21705,32270,14.0
21706,32271,1.0
21706,32272,3.0
21707,32273,
21708,32274,1.0
21708,32275,22.0
21708,32276,2.0
21709,32277,
21710,32278,1.0
21710,32279,2.0
21711,32280,1.0
21711,32281,18.0
21711,32282,3.0
21711,32283,4.0
21712,32284,1.0
21712,32285,22.0
21713,32286,1.0
21714,32287,3.0
21715,32288,5.0
21716,32289,17.0
21717,32290,1.0
21717,32291,2.0
21717,32292,6.0
21718,32293,2.0
21718,32294,3.0
21718,32295,6.0
21719,32296,2.0
21719,32297,19.0
21720,32298,1.0
21721,32299,1.0
21721,32300,3.0
21722,32301,
21723,32302,3.0
21723,32303,21.0
21724,32304,1.0
21725,32305,1.0
21726,32306,13.0
21727,32307,
21728,32308,1.0
21728,32309,24.0
21729,32310,16.0
21729,32311,1.0
21729,32312,4.0
21729,32313,15.0
21730,32314,1.0
21730,32315,22.0
21730,32316,2.0
21730,32317,6.0
21731,32318,1.0
21732,32319,1.0
21733,32320,3.0
21733,32321,4.0
21734,32322,3.0
21735,32323,16.0
21736,32324,24.0
21736,32325,5.0
21737,32326,1.0
21737,32327,4.0
21738,32328,5.0
21739,32329,2.0
21739,32330,6.0
21740,32331,8.0
21740,32332,18.0
21740,32333,5.0
21741,32334,16.0
21741,32335,3.0
21741,32336,25.0
21741,32337,15.0
21742,32338,16.0
21743,32339,5.0
21744,32340,1.0
21745,32341,22.0
21745,32342,2.0
21745,32343,14.0
21746,32344,5.0
21747,32345,14.0
21748,32346,5.0
21749,32347,
21750,32348,17.0
21751,32349,1.0
21751,32350,5.0
21752,32351,
21753,32352,5.0
21754,32353,3.0
21755,32354,
21756,32355,2.0
21756,32356,19.0
21757,32357,5.0
21758,32358,
21759,32359,2.0
21759,32360,14.0
21760,32361,5.0
21761,32362,16.0
21762,32363,1.0
21763,32364,1.0
21764,32365,1.0
21764,32366,4.0
21764,32367,21.0
21765,32368,
21766,32369,
21767,32370,7.0
21767,32371,3.0
21767,32372,25.0
21767,32373,15.0
21768,32374,
21769,32375,16.0
21770,32376,1.0
21770,32377,22.0
21770,32378,2.0
21770,32379,14.0
21771,32380,1.0
21772,32381,13.0
21772,32382,3.0
21772,32383,6.0
21773,32384,1.0
21774,32385,2.0
21774,32386,7.0
21774,32387,14.0
21774,32388,3.0
21775,32389,8.0
21775,32390,1.0
21775,32391,6.0
21776,32392,1.0
21776,32393,12.0
21777,32394,16.0
21777,32395,7.0
21777,32396,3.0
21777,32397,15.0
21778,32398,1.0
21778,32399,3.0
21778,32400,24.0
21779,32401,1.0
21780,32402,5.0
21781,32403,1.0
21782,32404,1.0
21782,32405,3.0
21782,32406,4.0
21783,32407,8.0
21783,32408,24.0
21783,32409,5.0
21784,32410,2.0
21784,32411,7.0
21784,32412,14.0
21785,32413,3.0
21786,32414,1.0
21786,32415,3.0
21786,32416,15.0
21787,32417,1.0
21787,32418,3.0
21788,32419,5.0
21789,32420,3.0
21790,32421,13.0
21790,32422,16.0
21790,32423,2.0
21790,32424,6.0
21791,32425,22.0
21791,32426,7.0
21791,32427,25.0
21791,32428,15.0
21792,32429,1.0
21792,32430,3.0
21792,32431,4.0
21792,32432,21.0
21793,32433,
21794,32434,3.0
21794,32435,4.0
21795,32436,1.0
21796,32437,9.0
21796,32438,5.0
21797,32439,5.0
21798,32440,3.0
21798,32441,4.0
21799,32442,3.0
21800,32443,16.0
21800,32444,3.0
21801,32445,1.0
21801,32446,4.0
21802,32447,1.0
21802,32448,4.0
21803,32449,17.0
21804,32450,1.0
21805,32451,1.0
21805,32452,3.0
21805,32453,4.0
21806,32454,
21807,32455,1.0
21808,32456,3.0
21808,32457,24.0
21809,32458,1.0
21809,32459,3.0
21809,32460,15.0
21810,32461,
21811,32462,16.0
21811,32463,22.0
21811,32464,3.0
21811,32465,4.0
21812,32466,13.0
21812,32467,16.0
21812,32468,7.0
21812,32469,25.0
21812,32470,15.0
21813,32471,3.0
21814,32472,
21815,32473,5.0
21816,32474,7.0
21816,32475,3.0
21817,32476,1.0
21817,32477,3.0
21818,32478,1.0
21818,32479,9.0
21818,32480,4.0
21819,32481,13.0
21819,32482,16.0
21819,32483,22.0
21819,32484,3.0
21819,32485,4.0
21819,32486,6.0
21819,32487,15.0
21820,32488,1.0
21820,32489,22.0
21820,32490,6.0
21821,32491,17.0
21822,32492,16.0
21823,32493,1.0
21824,32494,1.0
21824,32495,22.0
21825,32496,1.0
21826,32497,5.0
21827,32498,
21828,32499,13.0
21828,32500,7.0
21828,32501,5.0
21828,32502,30.0
21829,32503,13.0
21829,32504,3.0
21829,32505,6.0
21830,32506,1.0
21830,32507,3.0
21831,32508,5.0
21832,32509,1.0
21832,32510,22.0
21832,32511,2.0
21832,32512,6.0
21833,32513,
21834,32514,1.0
21835,32515,1.0
21835,32516,21.0
21836,32517,13.0
21836,32518,16.0
21836,32519,1.0
21837,32520,1.0
21837,32521,4.0
21838,32522,14.0
21839,32523,3.0
21840,32524,1.0
21840,32525,3.0
21841,32526,1.0
21842,32527,2.0
21842,32528,3.0
21843,32529,1.0
21843,32530,2.0
21843,32531,4.0
21844,32532,1.0
21844,32533,4.0
21845,32534,2.0
21845,32535,19.0
21846,32536,13.0
21846,32537,23.0
21846,32538,2.0
21846,32539,7.0
21846,32540,6.0
21847,32541,1.0
21847,32542,5.0
21848,32543,7.0
21848,32544,3.0
21848,32545,4.0
21849,32546,5.0
21850,32547,13.0
21850,32548,16.0
21850,32549,3.0
21850,32550,20.0
21851,32551,1.0
21851,32552,12.0
21852,32553,5.0
21853,32554,
21854,32555,1.0
21854,32556,2.0
21854,32557,14.0
21854,32558,4.0
21855,32559,3.0
21855,32560,4.0
21856,32561,1.0
21857,32562,1.0
21857,32563,3.0
21857,32564,4.0
21858,32565,13.0
21858,32566,2.0
21859,32567,5.0
21860,32568,
21861,32569,3.0
21862,32570,13.0
21863,32571,1.0
21863,32572,22.0
21863,32573,2.0
21863,32574,6.0
21864,32575,2.0
21864,32576,14.0
21865,32577,13.0
21865,32578,1.0
21865,32579,6.0
21866,32580,1.0
21867,32581,1.0
21867,32582,3.0
21867,32583,24.0
21868,32584,1.0
21869,32585,
21870,32586,17.0
21871,32587,1.0
21872,32588,1.0
21872,32589,3.0
21872,32590,4.0
21873,32591,1.0
21873,32592,3.0
21874,32593,13.0
21875,32594,1.0
21876,32595,3.0
21877,32596,1.0
21877,32597,3.0
21878,32598,23.0
21878,32599,1.0
21878,32600,2.0
21879,32601,3.0
21879,32602,15.0
21880,32603,1.0
21880,32604,3.0
21880,32605,4.0
21881,32606,1.0
21881,32607,3.0
21882,32608,13.0
21882,32609,1.0
21882,32610,12.0
21883,32611,1.0
21884,32612,
21885,32613,1.0
21885,32614,22.0
21886,32615,
21887,32616,1.0
21887,32617,22.0
21887,32618,2.0
21888,32619,1.0
21888,32620,9.0
21888,32621,4.0
21889,32622,2.0
21890,32623,1.0
21890,32624,7.0
21890,32625,14.0
21890,32626,3.0
21891,32627,1.0
21892,32628,
21893,32629,1.0
21893,32630,18.0
21893,32631,4.0
21894,32632,16.0
21894,32633,23.0
21894,32634,2.0
21895,32635,2.0
21895,32636,3.0
21895,32637,6.0
21895,32638,21.0
21896,32639,3.0
21897,32640,1.0
21898,32641,1.0
21898,32642,3.0
21898,32643,4.0
21899,32644,13.0
21900,32645,1.0
21901,32646,3.0
21902,32647,1.0
21902,32648,3.0
21903,32649,13.0
21903,32650,23.0
21903,32651,2.0
21903,32652,14.0
21904,32653,
21905,32654,5.0
21906,32655,13.0
21906,32656,3.0
21906,32657,6.0
21907,32658,16.0
21907,32659,3.0
21907,32660,25.0
21907,32661,15.0
21908,32662,1.0
21909,32663,3.0
21910,32664,3.0
21911,32665,1.0
21911,32666,3.0
21912,32667,
21913,32668,1.0
21913,32669,4.0
21914,32670,5.0
21915,32671,1.0
21916,32672,3.0
21917,32673,1.0
21918,32674,7.0
21918,32675,3.0
21918,32676,15.0
21919,32677,
21920,32678,5.0
21920,32679,30.0
21921,32680,13.0
21921,32681,2.0
21921,32682,3.0
21922,32683,1.0
21923,32684,1.0
21923,32685,22.0
21923,32686,6.0
21924,32687,1.0
21924,32688,18.0
21924,32689,4.0
21925,32690,
21926,32691,14.0
21927,32692,8.0
21927,32693,1.0
21927,32694,18.0
21928,32695,1.0
21929,32696,1.0
21930,32697,1.0
21931,32698,1.0
21932,32699,3.0
21933,32700,1.0
21934,32701,8.0
21934,32702,24.0
21934,32703,5.0
21935,32704,1.0
21936,32705,1.0
21936,32706,3.0
21937,32707,5.0
21938,32708,1.0
21938,32709,22.0
21938,32710,2.0
21938,32711,14.0
21939,32712,5.0
21940,32713,1.0
21941,32714,14.0
21942,32715,1.0
21943,32716,2.0
21944,32717,5.0
21945,32718,14.0
21946,32719,1.0
21946,32720,2.0
21946,32721,3.0
21946,32722,6.0
21947,32723,
21948,32724,8.0
21948,32725,1.0
21948,32726,6.0
21949,32727,3.0
21950,32728,24.0
21950,32729,5.0
21951,32730,3.0
21952,32731,13.0
21952,32732,16.0
21952,32733,23.0
21952,32734,3.0
21952,32735,15.0
21953,32736,1.0
21953,32737,2.0
21954,32738,
21955,32739,3.0
21955,32740,4.0
21956,32741,22.0
21956,32742,2.0
21956,32743,6.0
21957,32744,2.0
21957,32745,4.0
21958,32746,22.0
21958,32747,3.0
21959,32748,1.0
21959,32749,2.0
21960,32750,1.0
21960,32751,3.0
21961,32752,3.0
21962,32753,
21963,32754,1.0
21964,32755,5.0
21965,32756,
21966,32757,3.0
21966,32758,4.0
21966,32759,6.0
21967,32760,22.0
21967,32761,2.0
21968,32762,5.0
21969,32763,3.0
21969,32764,4.0
21970,32765,13.0
21970,32766,1.0
21970,32767,2.0
21970,32768,3.0
21970,32769,6.0
21971,32770,1.0
21972,32771,5.0
21973,32772,
21974,32773,1.0
21974,32774,3.0
21975,32775,1.0
21976,32776,16.0
21976,32777,3.0
21977,32778,
21978,32779,3.0
21978,32780,4.0
21978,32781,24.0
21978,32782,15.0
21979,32783,
21980,32784,1.0
21981,32785,8.0
21981,32786,1.0
21981,32787,18.0
21981,32788,4.0
21982,32789,3.0
21983,32790,1.0
21984,32791,5.0
21985,32792,1.0
21986,32793,23.0
21986,32794,1.0
21987,32795,1.0
21987,32796,9.0
21988,32797,1.0
21988,32798,3.0
21989,32799,1.0
21990,32800,
21991,32801,2.0
21991,32802,19.0
21992,32803,8.0
21992,32804,1.0
21992,32805,22.0
21992,32806,2.0
21992,32807,6.0
21993,32808,1.0
21993,32809,2.0
21993,32810,14.0
21993,32811,3.0
21993,32812,4.0
21994,32813,3.0
21995,32814,5.0
21996,32815,8.0
21996,32816,5.0
21997,32817,1.0
21997,32818,3.0
21997,32819,4.0
21998,32820,
21999,32821,2.0
21999,32822,14.0
22000,32823,1.0
22000,32824,6.0
22000,32825,12.0
22001,32826,
22002,32827,
22003,32828,1.0
22004,32829,
22005,32830,3.0
22005,32831,4.0
22006,32832,13.0
22006,32833,2.0
22006,32834,3.0
22006,32835,6.0
22007,32836,16.0
22007,32837,3.0
22007,32838,6.0
22008,32839,1.0
22008,32840,3.0
22008,32841,4.0
22008,32842,12.0
22009,32843,3.0
22010,32844,1.0
22011,32845,1.0
22011,32846,18.0
22012,32847,3.0
22012,32848,4.0
22013,32849,5.0
22014,32850,1.0
22014,32851,6.0
22015,32852,1.0
22016,32853,1.0
22017,32854,
22018,32855,1.0
22019,32856,1.0
22020,32857,13.0
22020,32858,1.0
22020,32859,2.0
22021,32860,1.0
22021,32861,6.0
22022,32862,1.0
22023,32863,1.0
22023,32864,3.0
22023,32865,4.0
22024,32866,1.0
22024,32867,3.0
22024,32868,6.0
22025,32869,
22026,32870,
22027,32871,1.0
22027,32872,3.0
22028,32873,5.0
22028,32874,32.0
22028,32875,32.0
22029,32876,1.0
22029,32877,2.0
22029,32878,6.0
22030,32879,
22031,32880,16.0
22032,32881,1.0
22033,32882,1.0
22034,32883,
22035,32884,13.0
22035,32885,1.0
22035,32886,2.0
22035,32887,12.0
22036,32888,
22037,32889,5.0
22038,32890,1.0
22038,32891,3.0
22038,32892,4.0
22039,32893,3.0
22040,32894,13.0
22040,32895,16.0
22040,32896,23.0
22041,32897,3.0
22042,32898,1.0
22042,32899,4.0
22042,32900,12.0
22043,32901,3.0
22044,32902,3.0
22045,32903,1.0
22046,32904,
22047,32905,1.0
22048,32906,2.0
22049,32907,22.0
22049,32908,2.0
22049,32909,14.0
22050,32910,1.0
22050,32911,4.0
22051,32912,
22052,32913,1.0
22052,32914,5.0
22053,32915,1.0
22053,32916,3.0
22053,32917,4.0
22054,32918,1.0
22054,32919,3.0
22054,32920,4.0
22055,32921,1.0
22055,32922,18.0
22055,32923,3.0
22056,32924,1.0
22056,32925,3.0
22057,32926,1.0
22057,32927,22.0
22057,32928,2.0
22057,32929,7.0
22057,32930,4.0
22058,32931,7.0
22058,32932,14.0
22058,32933,24.0
22059,32934,9.0
22059,32935,12.0
22059,32936,5.0
22060,32937,1.0
22061,32938,13.0
22061,32939,23.0
22061,32940,2.0
22061,32941,7.0
22062,32942,16.0
22062,32943,1.0
22062,32944,3.0
22063,32945,3.0
22064,32946,3.0
22065,32947,5.0
22066,32948,16.0
22066,32949,1.0
22067,32950,
22068,32951,5.0
22069,32952,17.0
22070,32953,13.0
22070,32954,16.0
22070,32955,1.0
22070,32956,4.0
22071,32957,16.0
22071,32958,1.0
22071,32959,3.0
22072,32960,22.0
22072,32961,6.0
22072,32962,25.0
22072,32963,15.0
22073,32964,5.0
22074,32965,1.0
22074,32966,18.0
22075,32967,3.0
22076,32968,1.0
22077,32969,14.0
22078,32970,1.0
22079,32971,3.0
22080,32972,1.0
22081,32973,3.0
22081,32974,4.0
22082,32975,8.0
22082,32976,1.0
22082,32977,22.0
22083,32978,9.0
22083,32979,18.0
22083,32980,5.0
22084,32981,1.0
22085,32982,5.0
22086,32983,21.0
22087,32984,13.0
22087,32985,1.0
22088,32986,1.0
22089,32987,5.0
22090,32988,16.0
22090,32989,1.0
22090,32990,3.0
22090,32991,4.0
22090,32992,15.0
22091,32993,13.0
22091,32994,1.0
22091,32995,2.0
22091,32996,6.0
22092,32997,8.0
22092,32998,1.0
22093,32999,1.0
22093,33000,24.0
22094,33001,2.0
22094,33002,19.0
22095,33003,1.0
22096,33004,13.0
22097,33005,3.0
22098,33006,14.0
22099,33007,1.0
22100,33008,13.0
22100,33009,16.0
22100,33010,7.0
22101,33011,1.0
22102,33012,16.0
22102,33013,1.0
22102,33014,18.0
22102,33015,3.0
22102,33016,15.0
22103,33017,1.0
22104,33018,3.0
22105,33019,1.0
22105,33020,3.0
22106,33021,
22107,33022,1.0
22107,33023,3.0
22107,33024,4.0
22108,33025,
22109,33026,
22110,33027,1.0
22110,33028,22.0
22110,33029,7.0
22110,33030,4.0
22111,33031,1.0
22112,33032,3.0
22113,33033,5.0
22114,33034,13.0
22114,33035,1.0
22114,33036,2.0
22114,33037,6.0
22115,33038,1.0
22116,33039,1.0
22116,33040,3.0
22116,33041,4.0
22117,33042,3.0
22117,33043,15.0
22118,33044,3.0
22118,33045,4.0
22119,33046,13.0
22119,33047,16.0
22119,33048,3.0
22119,33049,4.0
22119,33050,6.0
22120,33051,2.0
22120,33052,3.0
22121,33053,1.0
22121,33054,3.0
22121,33055,4.0
22122,33056,
22123,33057,
22124,33058,1.0
22125,33059,1.0
22126,33060,5.0
22127,33061,1.0
22128,33062,3.0
22128,33063,4.0
22129,33064,1.0
22130,33065,5.0
22131,33066,23.0
22131,33067,14.0
22131,33068,3.0
22132,33069,3.0
22133,33070,13.0
22133,33071,16.0
22133,33072,3.0
22133,33073,6.0
22133,33074,15.0
22134,33075,17.0
22135,33076,1.0
22135,33077,9.0
22135,33078,4.0
22136,33079,1.0
22136,33080,18.0
22136,33081,3.0
22136,33082,24.0
22136,33083,15.0
22137,33084,13.0
22138,33085,3.0
22138,33086,6.0
22139,33087,3.0
22140,33088,1.0
22140,33089,3.0
22140,33090,4.0
22141,33091,1.0
22141,33092,12.0
22142,33093,3.0
22142,33094,4.0
22143,33095,5.0
22144,33096,1.0
22144,33097,3.0
22144,33098,4.0
22145,33099,
22146,33100,1.0
22147,33101,18.0
22147,33102,3.0
22148,33103,1.0
22149,33104,16.0
22149,33105,3.0
22149,33106,4.0
22149,33107,25.0
22149,33108,15.0
22150,33109,13.0
22150,33110,1.0
22150,33111,2.0
22150,33112,14.0
22150,33113,6.0
22151,33114,1.0
22152,33115,1.0
22152,33116,18.0
22153,33117,1.0
22153,33118,3.0
22153,33119,4.0
22153,33120,24.0
22154,33121,1.0
22155,33122,8.0
22155,33123,24.0
22155,33124,5.0
22156,33125,1.0
22156,33126,15.0
22157,33127,1.0
22157,33128,22.0
22157,33129,2.0
22157,33130,4.0
22158,33131,
22159,33132,1.0
22159,33133,3.0
22159,33134,4.0
22160,33135,
22161,33136,13.0
22162,33137,16.0
22163,33138,1.0
22164,33139,22.0
22164,33140,3.0
22164,33141,6.0
22165,33142,1.0
22166,33143,16.0
22167,33144,2.0
22167,33145,19.0
22168,33146,1.0
22169,33147,24.0
22169,33148,5.0
22170,33149,1.0
22171,33150,3.0
22171,33151,6.0
22172,33152,1.0
22172,33153,12.0
22173,33154,1.0
22174,33155,13.0
22174,33156,23.0
22174,33157,18.0
22175,33158,16.0
22175,33159,3.0
22175,33160,15.0
22176,33161,13.0
22176,33162,2.0
22177,33163,3.0
22178,33164,3.0
22178,33165,4.0
22179,33166,5.0
22180,33167,1.0
22181,33168,16.0
22182,33169,2.0
22182,33170,3.0
22182,33171,4.0
22182,33172,6.0
22183,33173,1.0
22184,33174,16.0
22185,33175,13.0
22185,33176,16.0
22185,33177,7.0
22185,33178,14.0
22185,33179,3.0
22186,33180,1.0
22186,33181,3.0
22186,33182,4.0
22187,33183,7.0
22187,33184,3.0
22187,33185,4.0
22187,33186,25.0
22188,33187,1.0
22189,33188,
22190,33189,1.0
22190,33190,3.0
22190,33191,4.0
22191,33192,13.0
22191,33193,2.0
22191,33194,3.0
22191,33195,6.0
22192,33196,
22193,33197,
22194,33198,23.0
22194,33199,22.0
22194,33200,3.0
22194,33201,25.0
22194,33202,15.0
22195,33203,1.0
22195,33204,7.0
22195,33205,3.0
22195,33206,4.0
22196,33207,1.0
22196,33208,22.0
22196,33209,2.0
22196,33210,6.0
22196,33211,24.0
22197,33212,
22198,33213,
22199,33214,1.0
22199,33215,3.0
22199,33216,4.0
22200,33217,3.0
22201,33218,1.0
22202,33219,5.0
22203,33220,3.0
22203,33221,4.0
22203,33222,6.0
22204,33223,
22205,33224,2.0
22205,33225,3.0
22205,33226,6.0
22206,33227,
22207,33228,17.0
22208,33229,1.0
22209,33230,3.0
22209,33231,4.0
22210,33232,1.0
22210,33233,3.0
22211,33234,8.0
22211,33235,1.0
22211,33236,3.0
22211,33237,24.0
22212,33238,23.0
22212,33239,22.0
22212,33240,2.0
22213,33241,2.0
22213,33242,19.0
22214,33243,9.0
22214,33244,5.0
22215,33245,16.0
22215,33246,1.0
22215,33247,3.0
22215,33248,25.0
22216,33249,5.0
22217,33250,1.0
22217,33251,2.0
22218,33252,13.0
22218,33253,2.0
22218,33254,6.0
22219,33255,16.0
22220,33256,17.0
22221,33257,3.0
22222,33258,3.0
22223,33259,6.0
22223,33260,5.0
22224,33261,5.0
22225,33262,1.0
22225,33263,4.0
22226,33264,3.0
22226,33265,4.0
22227,33266,1.0
22227,33267,2.0
22228,33268,21.0
22229,33269,1.0
22229,33270,7.0
22229,33271,3.0
22229,33272,4.0
22230,33273,1.0
22230,33274,2.0
22230,33275,4.0
22231,33276,13.0
22231,33277,1.0
22231,33278,2.0
22231,33279,4.0
22231,33280,6.0
22232,33281,1.0
22232,33282,3.0
22233,33283,8.0
22233,33284,1.0
22233,33285,4.0
22234,33286,5.0
22235,33287,1.0
22236,33288,1.0
22237,33289,
22238,33290,
22239,33291,1.0
22240,33292,
22241,33293,13.0
22241,33294,2.0
22241,33295,7.0
22241,33296,14.0
22241,33297,25.0
22242,33298,1.0
22242,33299,3.0
22243,33300,1.0
22243,33301,22.0
22243,33302,2.0
22243,33303,7.0
22243,33304,14.0
22244,33305,1.0
22244,33306,3.0
22245,33307,16.0
22245,33308,23.0
22245,33309,1.0
22245,33310,2.0
22246,33311,
22247,33312,1.0
22247,33313,22.0
22247,33314,2.0
22247,33315,14.0
22248,33316,1.0
22249,33317,1.0
22249,33318,22.0
22250,33319,13.0
22250,33320,3.0
22251,33321,23.0
22251,33322,7.0
22251,33323,3.0
22252,33324,1.0
22253,33325,16.0
22254,33326,1.0
22255,33327,
22256,33328,16.0
22256,33329,18.0
22256,33330,3.0
22256,33331,15.0
22257,33332,1.0
22257,33333,3.0
22257,33334,4.0
22258,33335,
22259,33336,2.0
22260,33337,1.0
22260,33338,3.0
22261,33339,13.0
22261,33340,23.0
22261,33341,1.0
22261,33342,2.0
22262,33343,3.0
22262,33344,4.0
22263,33345,
22264,33346,
22265,33347,
22266,33348,
22267,33349,16.0
22268,33350,10.0
22268,33351,11.0
22269,33352,14.0
22270,33353,1.0
22271,33354,1.0
22272,33355,2.0
22272,33356,14.0
22273,33357,
22274,33358,1.0
22274,33359,3.0
22274,33360,4.0
22275,33361,1.0
22275,33362,22.0
22275,33363,2.0
22275,33364,6.0
22276,33365,
22277,33366,23.0
22277,33367,1.0
22277,33368,2.0
22277,33369,7.0
22278,33370,22.0
22278,33371,3.0
22278,33372,4.0
22279,33373,1.0
22280,33374,2.0
22280,33375,19.0
22281,33376,3.0
22281,33377,4.0
22282,33378,1.0
22283,33379,1.0
22283,33380,22.0
22283,33381,2.0
22284,33382,3.0
22285,33383,3.0
22286,33384,1.0
22287,33385,
22288,33386,1.0
22289,33387,5.0
22290,33388,1.0
22290,33389,2.0
22291,33390,23.0
22291,33391,3.0
22292,33392,3.0
22292,33393,6.0
22293,33394,
22294,33395,3.0
22294,33396,4.0
22295,33397,
22296,33398,3.0
22296,33399,4.0
22297,33400,22.0
22297,33401,3.0
22297,33402,6.0
22298,33403,
22299,33404,3.0
22300,33405,13.0
22300,33406,1.0
22300,33407,2.0
22300,33408,6.0
22301,33409,1.0
22301,33410,2.0
22301,33411,6.0
22302,33412,1.0
22303,33413,
22304,33414,1.0
22304,33415,3.0
22305,33416,1.0
22306,33417,
22307,33418,2.0
22307,33419,19.0
22308,33420,3.0
22309,33421,1.0
22310,33422,1.0
22310,33423,3.0
22311,33424,2.0
22311,33425,19.0
22312,33426,3.0
22313,33427,1.0
22314,33428,
22315,33429,3.0
22316,33430,1.0
22317,33431,1.0
22318,33432,1.0
22319,33433,1.0
22319,33434,22.0
22319,33435,2.0
22319,33436,6.0
22320,33437,
22321,33438,3.0
22322,33439,
22323,33440,
22324,33441,1.0
22325,33442,1.0
22326,33443,
22327,33444,
22328,33445,1.0
22329,33446,13.0
22329,33447,2.0
22329,33448,3.0
22329,33449,6.0
22330,33450,16.0
22330,33451,1.0
22330,33452,3.0
22330,33453,4.0
22330,33454,6.0
22331,33455,
22332,33456,14.0
22333,33457,16.0
22334,33458,1.0
22334,33459,3.0
22335,33460,
22336,33461,3.0
22337,33462,16.0
22337,33463,3.0
22337,33464,4.0
22337,33465,15.0
22338,33466,2.0
22338,33467,19.0
22339,33468,1.0
22340,33469,3.0
22340,33470,25.0
22340,33471,15.0
22341,33472,16.0
22341,33473,1.0
22341,33474,2.0
22342,33475,5.0
22343,33476,1.0
22343,33477,2.0
22343,33478,6.0
22344,33479,
22345,33480,1.0
22346,33481,22.0
22346,33482,2.0
22346,33483,14.0
22346,33484,3.0
22347,33485,
22348,33486,13.0
22348,33487,1.0
22349,33488,
22350,33489,1.0
22351,33490,3.0
22351,33491,4.0
22351,33492,6.0
22352,33493,8.0
22352,33494,3.0
22352,33495,4.0
22353,33496,
22354,33497,3.0
22355,33498,22.0
22355,33499,2.0
22356,33500,18.0
22356,33501,3.0
22357,33502,
22358,33503,22.0
22358,33504,2.0
22358,33505,6.0
22359,33506,21.0
22360,33507,2.0
22360,33508,19.0
22361,33509,
22362,33510,5.0
22363,33511,1.0
22363,33512,3.0
22363,33513,4.0
22364,33514,23.0
22364,33515,2.0
22365,33516,13.0
22366,33517,3.0
22367,33518,
22368,33519,
22369,33520,
22370,33521,1.0
22370,33522,18.0
22370,33523,15.0
22371,33524,1.0
22372,33525,8.0
22372,33526,18.0
22372,33527,5.0
22373,33528,
22374,33529,14.0
22375,33530,1.0
22376,33531,2.0
22376,33532,19.0
22377,33533,
22378,33534,1.0
22379,33535,13.0
22380,33536,1.0
22381,33537,5.0
22382,33538,16.0
22383,33539,13.0
22384,33540,1.0
22385,33541,1.0
22386,33542,13.0
22387,33543,10.0
22387,33544,11.0
22388,33545,1.0
22389,33546,13.0
22390,33547,1.0
22391,33548,1.0
22392,33549,1.0
22393,33550,5.0
22394,33551,13.0
22395,33552,2.0
22395,33553,19.0
22396,33554,1.0
22397,33555,3.0
22398,33556,5.0
22399,33557,16.0
22400,33558,2.0
22400,33559,19.0
22401,33560,14.0
22402,33561,16.0
22403,33562,1.0
22404,33563,5.0
22405,33564,5.0
22406,33565,1.0
22407,33566,16.0
22408,33567,1.0
22409,33568,17.0
22410,33569,2.0
22410,33570,19.0
22411,33571,1.0
22412,33572,3.0
22412,33573,4.0
22413,33574,5.0
22414,33575,1.0
22415,33576,2.0
22415,33577,19.0
22416,33578,2.0
22416,33579,19.0
22417,33580,17.0
22418,33581,1.0
22419,33582,26.0
22420,33583,5.0
22421,33584,3.0
22422,33585,1.0
22423,33586,1.0
22423,33587,5.0
22424,33588,2.0
22424,33589,19.0
22425,33590,1.0
22426,33591,8.0
22426,33592,5.0
22427,33593,5.0
22428,33594,1.0
22429,33595,16.0
22430,33596,5.0
22431,33597,5.0
22432,33598,1.0
22433,33599,1.0
22434,33600,22.0
22434,33601,14.0
22435,33602,16.0
22436,33603,13.0
22437,33604,3.0
22438,33605,5.0
22439,33606,1.0
22440,33607,2.0
22440,33608,19.0
22441,33609,3.0
22442,33610,1.0
22443,33611,3.0
22444,33612,3.0
22445,33613,1.0
22446,33614,16.0
22447,33615,3.0
22448,33616,13.0
22449,33617,2.0
22449,33618,19.0
22450,33619,3.0
22451,33620,3.0
22452,33621,3.0
22453,33622,1.0
22454,33623,1.0
22455,33624,1.0
22456,33625,3.0
22457,33626,14.0
22458,33627,3.0
22459,33628,3.0
22460,33629,13.0
22460,33630,3.0
22460,33631,6.0
22461,33632,1.0
22462,33633,5.0
22463,33634,1.0
22464,33635,3.0
22465,33636,14.0
22466,33637,1.0
22467,33638,3.0
22468,33639,3.0
22469,33640,1.0
22470,33641,8.0
22470,33642,5.0
22471,33643,3.0
22472,33644,16.0
22473,33645,16.0
22474,33646,13.0
22475,33647,16.0
22476,33648,2.0
22476,33649,19.0
22477,33650,17.0
22478,33651,16.0
22479,33652,16.0
22480,33653,1.0
22480,33654,4.0
22481,33655,16.0
22482,33656,3.0
22483,33657,3.0
22484,33658,8.0
22484,33659,1.0
22484,33660,6.0
22485,33661,5.0
22486,33662,2.0
22486,33663,19.0
22487,33664,2.0
22487,33665,19.0
22488,33666,1.0
22489,33667,1.0
22490,33668,3.0
22491,33669,16.0
22492,33670,1.0
22493,33671,3.0
22494,33672,13.0
22495,33673,1.0
22496,33674,1.0
22497,33675,1.0
22497,33676,4.0
22497,33677,24.0
22498,33678,1.0
22499,33679,16.0
22500,33680,3.0
22501,33681,5.0
22502,33682,13.0
22503,33683,14.0
22504,33684,1.0
22505,33685,1.0
22506,33686,1.0
22507,33687,16.0
22508,33688,1.0
22509,33689,1.0
22510,33690,16.0
22511,33691,17.0
22512,33692,1.0
22513,33693,1.0
22514,33694,13.0
22515,33695,1.0
22516,33696,21.0
22517,33697,16.0
22518,33698,17.0
22519,33699,2.0
22519,33700,19.0
22520,33701,5.0
22521,33702,5.0
22522,33703,16.0
22523,33704,1.0
22524,33705,1.0
22524,33706,22.0
22524,33707,2.0
22524,33708,3.0
22524,33709,6.0
22525,33710,1.0
22526,33711,5.0
22527,33712,1.0
22528,33713,1.0
22529,33714,5.0
22530,33715,16.0
22531,33716,10.0
22531,33717,11.0
22532,33718,2.0
22532,33719,19.0
22533,33720,5.0
22534,33721,10.0
22534,33722,11.0
22535,33723,8.0
22535,33724,1.0
22535,33725,6.0
22536,33726,1.0
22537,33727,23.0
22537,33728,14.0
22538,33729,1.0
22539,33730,2.0
22539,33731,19.0
22540,33732,16.0
22541,33733,5.0
22542,33734,1.0
22543,33735,1.0
22544,33736,2.0
22544,33737,19.0
22545,33738,16.0
22546,33739,2.0
22546,33740,19.0
22547,33741,16.0
22548,33742,3.0
22549,33743,5.0
22550,33744,3.0
22551,33745,13.0
22552,33746,20.0
22553,33747,3.0
22554,33748,8.0
22554,33749,1.0
22554,33750,4.0
22554,33751,12.0
22555,33752,16.0
22556,33753,14.0
22557,33754,13.0
22558,33755,3.0
22559,33756,5.0
22560,33757,
22561,33758,3.0
22562,33759,16.0
22563,33760,1.0
22564,33761,3.0
22565,33762,1.0
22566,33763,8.0
22566,33764,24.0
22566,33765,5.0
22567,33766,1.0
22568,33767,2.0
22568,33768,19.0
22569,33769,5.0
22570,33770,2.0
22570,33771,19.0
22571,33772,8.0
22571,33773,1.0
22572,33774,22.0
22572,33775,2.0
22572,33776,14.0
22573,33777,5.0
22574,33778,1.0
22575,33779,5.0
22576,33780,13.0
22577,33781,3.0
22578,33782,1.0
22579,33783,16.0
22580,33784,1.0
22581,33785,5.0
22582,33786,14.0
22583,33787,5.0
22584,33788,3.0
22585,33789,2.0
22585,33790,19.0
22586,33791,14.0
22587,33792,1.0
22588,33793,2.0
22588,33794,19.0
22589,33795,1.0
22590,33796,16.0
22591,33797,16.0
22592,33798,1.0
22593,33799,1.0
22594,33800,13.0
22595,33801,16.0
22596,33802,17.0
22597,33803,5.0
22598,33804,1.0
22599,33805,1.0
22600,33806,3.0
22601,33807,10.0
22601,33808,11.0
22602,33809,10.0
22602,33810,11.0
22603,33811,10.0
22603,33812,11.0
22604,33813,1.0
22605,33814,1.0
22606,33815,3.0
22607,33816,1.0
22608,33817,17.0
22609,33818,1.0
22610,33819,5.0
22611,33820,1.0
22612,33821,16.0
22613,33822,5.0
22614,33823,2.0
22614,33824,19.0
22615,33825,5.0
22616,33826,1.0
22616,33827,4.0
22617,33828,1.0
22618,33829,1.0
22619,33830,13.0
22619,33831,1.0
22619,33832,6.0
22619,33833,5.0
22620,33834,3.0
22621,33835,16.0
22622,33836,1.0
22623,33837,1.0
22624,33838,2.0
22624,33839,19.0
22625,33840,3.0
22626,33841,3.0
22627,33842,1.0
22628,33843,1.0
22629,33844,1.0
22630,33845,1.0
22631,33846,3.0
22632,33847,1.0
22633,33848,2.0
22633,33849,19.0
22634,33850,2.0
22634,33851,19.0
22635,33852,14.0
22636,33853,2.0
22636,33854,19.0
22637,33855,14.0
22638,33856,1.0
22639,33857,14.0
22640,33858,17.0
22641,33859,13.0
22642,33860,1.0
22643,33861,1.0
22644,33862,1.0
22645,33863,13.0
22646,33864,16.0
22647,33865,5.0
22648,33866,16.0
22649,33867,1.0
22650,33868,3.0
22651,33869,1.0
22652,33870,1.0
22653,33871,13.0
22654,33872,16.0
22655,33873,16.0
22656,33874,1.0
22657,33875,2.0
22657,33876,19.0
22658,33877,3.0
22659,33878,5.0
22660,33879,2.0
22660,33880,19.0
22661,33881,16.0
22662,33882,1.0
22663,33883,13.0
22663,33884,16.0
22663,33885,7.0
22663,33886,3.0
22664,33887,17.0
22665,33888,1.0
22666,33889,13.0
22667,33890,3.0
22668,33891,14.0
22669,33892,1.0
22670,33893,13.0
22671,33894,5.0
22672,33895,5.0
22673,33896,1.0
22674,33897,1.0
22675,33898,16.0
22676,33899,10.0
22676,33900,11.0
22677,33901,1.0
22678,33902,2.0
22678,33903,19.0
22679,33904,1.0
22680,33905,3.0
22681,33906,16.0
22682,33907,5.0
22683,33908,5.0
22684,33909,10.0
22684,33910,11.0
22685,33911,1.0
22686,33912,13.0
22686,33913,16.0
22686,33914,23.0
22686,33915,1.0
22687,33916,1.0
22688,33917,2.0
22688,33918,19.0
22689,33919,1.0
22690,33920,2.0
22690,33921,19.0
22691,33922,3.0
22692,33923,1.0
22693,33924,2.0
22693,33925,19.0
22694,33926,5.0
22695,33927,3.0
22696,33928,1.0
22697,33929,16.0
22698,33930,1.0
22699,33931,10.0
22699,33932,11.0
22700,33933,26.0
22701,33934,1.0
22702,33935,3.0
22703,33936,2.0
22703,33937,19.0
22704,33938,17.0
22705,33939,5.0
22706,33940,1.0
22707,33941,5.0
22708,33942,3.0
22709,33943,3.0
22710,33944,1.0
22711,33945,5.0
22712,33946,5.0
22713,33947,5.0
22714,33948,1.0
22715,33949,5.0
22716,33950,2.0
22716,33951,19.0
22717,33952,1.0
22718,33953,1.0
22719,33954,16.0
22720,33955,1.0
22721,33956,13.0
22722,33957,1.0
22723,33958,2.0
22723,33959,19.0
22724,33960,16.0
22725,33961,1.0
22726,33962,1.0
22727,33963,14.0
22728,33964,1.0
22729,33965,13.0
22730,33966,1.0
22731,33967,3.0
22732,33968,1.0
22733,33969,5.0
22734,33970,1.0
22735,33971,1.0
22736,33972,1.0
22737,33973,5.0
22738,33974,8.0
22738,33975,1.0
22738,33976,3.0
22739,33977,1.0
22740,33978,13.0
22741,33979,1.0
22742,33980,2.0
22742,33981,19.0
22743,33982,1.0
22744,33983,1.0
22745,33984,
22746,33985,1.0
22746,33986,3.0
22746,33987,4.0
22747,33988,5.0
22748,33989,3.0
22749,33990,5.0
22750,33991,13.0
22751,33992,5.0
22752,33993,10.0
22752,33994,11.0
22753,33995,16.0
22754,33996,1.0
22755,33997,2.0
22755,33998,19.0
22756,33999,1.0
22757,34000,3.0
22758,34001,5.0
22759,34002,5.0
22760,34003,5.0
22761,34004,17.0
22762,34005,9.0
22762,34006,5.0
22763,34007,1.0
22764,34008,16.0
22765,34009,27.0
22766,34010,8.0
22766,34011,5.0
22767,34012,10.0
22767,34013,11.0
22768,34014,2.0
22768,34015,19.0
22769,34016,3.0
22770,34017,5.0
22771,34018,10.0
22771,34019,11.0
22772,34020,1.0
22772,34021,3.0
22772,34022,21.0
22773,34023,1.0
22774,34024,10.0
22774,34025,11.0
22775,34026,16.0
22776,34027,3.0
22777,34028,3.0
22778,34029,1.0
22779,34030,1.0
22780,34031,1.0
22781,34032,2.0
22781,34033,19.0
22782,34034,3.0
22783,34035,1.0
22784,34036,5.0
22785,34037,5.0
22786,34038,1.0
22787,34039,3.0
22788,34040,5.0
22789,34041,1.0
22790,34042,1.0
22791,34043,13.0
22792,34044,8.0
22792,34045,1.0
22792,34046,9.0
22792,34047,2.0
22793,34048,5.0
22794,34049,3.0
22795,34050,1.0
22796,34051,13.0
22797,34052,1.0
22798,34053,1.0
22799,34054,5.0
22800,34055,1.0
22800,34056,6.0
22801,34057,3.0
22802,34058,1.0
22803,34059,3.0
22804,34060,1.0
22805,34061,1.0
22806,34062,5.0
22807,34063,2.0
22807,34064,19.0
22808,34065,2.0
22808,34066,19.0
22809,34067,3.0
22810,34068,1.0
22811,34069,1.0
22812,34070,1.0
22813,34071,1.0
22813,34072,2.0
22814,34073,2.0
22814,34074,19.0
22815,34075,2.0
22815,34076,19.0
22816,34077,1.0
22817,34078,5.0
22818,34079,10.0
22818,34080,11.0
22819,34081,17.0
22820,34082,13.0
22821,34083,1.0
22822,34084,3.0
22823,34085,1.0
22824,34086,5.0
22825,34087,16.0
22826,34088,16.0
22827,34089,1.0
22827,34090,18.0
22827,34091,4.0
22828,34092,16.0
22829,34093,13.0
22829,34094,16.0
22829,34095,1.0
22829,34096,7.0
22829,34097,12.0
22830,34098,3.0
22831,34099,5.0
22832,34100,1.0
22833,34101,5.0
22834,34102,5.0
22835,34103,16.0
22836,34104,3.0
22837,34105,10.0
22837,34106,11.0
22838,34107,21.0
22839,34108,14.0
22840,34109,5.0
22841,34110,5.0
22842,34111,2.0
22842,34112,19.0
22843,34113,5.0
22844,34114,21.0
22845,34115,1.0
22846,34116,5.0
22847,34117,5.0
22848,34118,13.0
22849,34119,1.0
22850,34120,1.0
22851,34121,10.0
22851,34122,11.0
22852,34123,17.0
22853,34124,1.0
22854,34125,13.0
22855,34126,1.0
22856,34127,23.0
22856,34128,1.0
22856,34129,22.0
22856,34130,14.0
22857,34131,5.0
22858,34132,3.0
22859,34133,5.0
22860,34134,5.0
22861,34135,13.0
22862,34136,3.0
22863,34137,10.0
22863,34138,11.0
22864,34139,14.0
22865,34140,1.0
22866,34141,3.0
22867,34142,2.0
22867,34143,19.0
22868,34144,2.0
22868,34145,19.0
22869,34146,1.0
22870,34147,2.0
22870,34148,19.0
22871,34149,5.0
22872,34150,3.0
22873,34151,1.0
22874,34152,27.0
22875,34153,3.0
22876,34154,1.0
22877,34155,3.0
22878,34156,5.0
22879,34157,13.0
22880,34158,2.0
22880,34159,19.0
22881,34160,2.0
22881,34161,19.0
22882,34162,10.0
22882,34163,11.0
22883,34164,3.0
22884,34165,1.0
22885,34166,1.0
22886,34167,1.0
22887,34168,5.0
22888,34169,13.0
22888,34170,16.0
22888,34171,3.0
22889,34172,5.0
22890,34173,3.0
22891,34174,1.0
22892,34175,2.0
22892,34176,19.0
22893,34177,5.0
22894,34178,16.0
22895,34179,1.0
22896,34180,1.0
22897,34181,1.0
22898,34182,2.0
22898,34183,19.0
22899,34184,17.0
22900,34185,3.0
22901,34186,21.0
22902,34187,10.0
22902,34188,11.0
22903,34189,1.0
22904,34190,1.0
22905,34191,13.0
22906,34192,2.0
22906,34193,19.0
22907,34194,5.0
22908,34195,13.0
22909,34196,3.0
22910,34197,3.0
22911,34198,3.0
22911,34199,15.0
22912,34200,2.0
22912,34201,19.0
22913,34202,16.0
22914,34203,1.0
22915,34204,3.0
22916,34205,1.0
22917,34206,5.0
22918,34207,5.0
22919,34208,1.0
22920,34209,26.0
22921,34210,10.0
22921,34211,11.0
22922,34212,10.0
22922,34213,11.0
22923,34214,16.0
22924,34215,1.0
22925,34216,5.0
22926,34217,16.0
22926,34218,3.0
22926,34219,25.0
22926,34220,15.0
22927,34221,1.0
22928,34222,2.0
22928,34223,19.0
22929,34224,16.0
22930,34225,3.0
22931,34226,1.0
22932,34227,1.0
22933,34228,1.0
22934,34229,3.0
22935,34230,16.0
22936,34231,2.0
22936,34232,19.0
22937,34233,5.0
22938,34234,3.0
22939,34235,16.0
22940,34236,1.0
22941,34237,2.0
22941,34238,14.0
22942,34239,5.0
22943,34240,13.0
22943,34241,1.0
22943,34242,22.0
22943,34243,2.0
22943,34244,6.0
22944,34245,16.0
22945,34246,5.0
22946,34247,1.0
22947,34248,14.0
22948,34249,1.0
22949,34250,3.0
22950,34251,17.0
22951,34252,5.0
22952,34253,1.0
22952,34254,4.0
22953,34255,5.0
22954,34256,5.0
22955,34257,5.0
22956,34258,13.0
22957,34259,21.0
22958,34260,14.0
22959,34261,21.0
22960,34262,1.0
22961,34263,10.0
22961,34264,11.0
22962,34265,3.0
22963,34266,
22964,34267,13.0
22965,34268,3.0
22966,34269,1.0
22967,34270,14.0
22968,34271,1.0
22969,34272,1.0
22969,34273,3.0
22969,34274,4.0
22970,34275,5.0
22971,34276,2.0
22971,34277,19.0
22972,34278,5.0
22973,34279,5.0
22974,34280,5.0
22975,34281,14.0
22976,34282,21.0
22977,34283,1.0
22978,34284,1.0
22979,34285,10.0
22979,34286,11.0
22980,34287,17.0
22981,34288,14.0
22982,34289,5.0
22983,34290,5.0
22984,34291,1.0
22985,34292,1.0
22986,34293,2.0
22986,34294,19.0
22987,34295,5.0
22988,34296,3.0
22989,34297,27.0
22990,34298,5.0
22991,34299,3.0
22992,34300,2.0
22992,34301,19.0
22993,34302,5.0
22994,34303,10.0
22994,34304,11.0
22995,34305,17.0
22996,34306,17.0
22997,34307,10.0
22997,34308,11.0
22998,34309,1.0
22999,34310,2.0
22999,34311,19.0
23000,34312,1.0
23001,34313,3.0
23002,34314,3.0
23003,34315,1.0
23004,34316,17.0
23005,34317,2.0
23005,34318,19.0
23006,34319,1.0
23007,34320,1.0
23008,34321,1.0
23009,34322,10.0
23009,34323,11.0
23010,34324,1.0
23011,34325,2.0
23011,34326,19.0
23012,34327,3.0
23013,34328,1.0
23014,34329,5.0
23015,34330,1.0
23016,34331,17.0
23017,34332,1.0
23018,34333,2.0
23018,34334,19.0
23019,34335,1.0
23020,34336,20.0
23021,34337,14.0
23022,34338,1.0
23023,34339,1.0
23023,34340,22.0
23023,34341,2.0
23023,34342,4.0
23023,34343,6.0
23024,34344,5.0
23025,34345,16.0
23026,34346,3.0
23027,34347,1.0
23028,34348,14.0
23029,34349,14.0
23030,34350,
23031,34351,3.0
23032,34352,14.0
23033,34353,2.0
23033,34354,19.0
23034,34355,1.0
23035,34356,
23036,34357,
23037,34358,20.0
23038,34359,5.0
23039,34360,16.0
23040,34361,14.0
23041,34362,8.0
23041,34363,5.0
23042,34364,5.0
23043,34365,1.0
23044,34366,13.0
23044,34367,16.0
23044,34368,8.0
23044,34369,1.0
23044,34370,2.0
23044,34371,4.0
23045,34372,1.0
23046,34373,1.0
23047,34374,16.0
23048,34375,1.0
23049,34376,1.0
23050,34377,5.0
23051,34378,1.0
23052,34379,14.0
23053,34380,16.0
23054,34381,3.0
23055,34382,13.0
23056,34383,21.0
23057,34384,14.0
23058,34385,3.0
23059,34386,1.0
23060,34387,5.0
23061,34388,24.0
23061,34389,5.0
23062,34390,2.0
23062,34391,19.0
23063,34392,2.0
23063,34393,19.0
23064,34394,1.0
23065,34395,5.0
23066,34396,5.0
23067,34397,16.0
23068,34398,1.0
23069,34399,2.0
23069,34400,19.0
23070,34401,16.0
23071,34402,5.0
23072,34403,16.0
23073,34404,1.0
23074,34405,3.0
23075,34406,2.0
23075,34407,19.0
23076,34408,13.0
23077,34409,5.0
23078,34410,1.0
23079,34411,1.0
23080,34412,5.0
23081,34413,2.0
23081,34414,19.0
23082,34415,17.0
23083,34416,10.0
23083,34417,11.0
23084,34418,1.0
23085,34419,1.0
23086,34420,14.0
23087,34421,1.0
23088,34422,1.0
23089,34423,10.0
23089,34424,11.0
23090,34425,3.0
23091,34426,3.0
23092,34427,1.0
23093,34428,10.0
23093,34429,11.0
23094,34430,5.0
23095,34431,3.0
23096,34432,1.0
23097,34433,5.0
23098,34434,1.0
23099,34435,21.0
23100,34436,17.0
23101,34437,5.0
23102,34438,1.0
23103,34439,14.0
23104,34440,5.0
23105,34441,13.0
23105,34442,16.0
23105,34443,1.0
23105,34444,9.0
23106,34445,14.0
23107,34446,1.0
23108,34447,1.0
23109,34448,5.0
23110,34449,13.0
23111,34450,16.0
23112,34451,14.0
23113,34452,13.0
23114,34453,1.0
23115,34454,1.0
23116,34455,1.0
23117,34456,3.0
23118,34457,10.0
23118,34458,11.0
23119,34459,10.0
23119,34460,11.0
23120,34461,1.0
23121,34462,5.0
23122,34463,5.0
23123,34464,14.0
23124,34465,1.0
23125,34466,5.0
23126,34467,2.0
23126,34468,19.0
23127,34469,16.0
23128,34470,1.0
23129,34471,1.0
23130,34472,1.0
23131,34473,1.0
23132,34474,13.0
23133,34475,5.0
23134,34476,5.0
23135,34477,
23136,34478,2.0
23136,34479,19.0
23137,34480,16.0
23138,34481,3.0
23139,34482,1.0
23140,34483,13.0
23141,34484,1.0
23142,34485,5.0
23143,34486,3.0
23144,34487,1.0
23145,34488,13.0
23146,34489,3.0
23147,34490,16.0
23148,34491,1.0
23149,34492,5.0
23150,34493,1.0
23151,34494,14.0
23152,34495,3.0
23153,34496,3.0
23154,34497,1.0
23154,34498,22.0
23154,34499,5.0
23155,34500,1.0
23156,34501,1.0
23157,34502,1.0
23158,34503,5.0
23159,34504,5.0
23160,34505,2.0
23160,34506,19.0
23161,34507,10.0
23161,34508,11.0
23162,34509,1.0
23163,34510,3.0
23164,34511,13.0
23165,34512,1.0
23166,34513,1.0
23167,34514,5.0
23168,34515,10.0
23168,34516,11.0
23169,34517,5.0
23170,34518,1.0
23170,34519,22.0
23170,34520,7.0
23170,34521,14.0
23171,34522,3.0
23172,34523,2.0
23172,34524,19.0
23173,34525,1.0
23174,34526,26.0
23175,34527,3.0
23176,34528,1.0
23177,34529,3.0
23178,34530,13.0
23179,34531,1.0
23179,34532,3.0
23179,34533,12.0
23180,34534,1.0
23181,34535,17.0
23182,34536,1.0
23183,34537,14.0
23184,34538,1.0
23185,34539,16.0
23186,34540,1.0
23187,34541,1.0
23188,34542,1.0
23189,34543,1.0
23190,34544,13.0
23191,34545,15.0
23191,34546,5.0
23192,34547,14.0
23193,34548,1.0
23194,34549,1.0
23195,34550,5.0
23196,34551,1.0
23197,34552,2.0
23197,34553,19.0
23198,34554,1.0
23199,34555,3.0
23200,34556,14.0
23201,34557,13.0
23201,34558,1.0
23201,34559,2.0
23201,34560,12.0
23202,34561,17.0
23203,34562,3.0
23204,34563,1.0
23204,34564,3.0
23204,34565,4.0
23204,34566,6.0
23205,34567,16.0
23206,34568,5.0
23207,34569,1.0
23208,34570,1.0
23209,34571,5.0
23210,34572,2.0
23210,34573,19.0
23211,34574,1.0
23212,34575,1.0
23213,34576,2.0
23213,34577,19.0
23214,34578,16.0
23215,34579,13.0
23216,34580,1.0
23217,34581,16.0
23218,34582,14.0
23219,34583,1.0
23220,34584,5.0
23221,34585,5.0
23222,34586,1.0
23223,34587,1.0
23224,34588,5.0
23225,34589,1.0
23226,34590,1.0
23227,34591,1.0
23228,34592,13.0
23229,34593,3.0
23230,34594,1.0
23231,34595,20.0
23232,34596,1.0
23233,34597,1.0
23234,34598,5.0
23235,34599,1.0
23236,34600,14.0
23237,34601,10.0
23237,34602,11.0
23238,34603,2.0
23238,34604,19.0
23239,34605,1.0
23240,34606,1.0
23241,34607,10.0
23241,34608,11.0
23242,34609,14.0
23243,34610,3.0
23244,34611,5.0
23245,34612,14.0
23246,34613,1.0
23247,34614,13.0
23248,34615,5.0
23249,34616,5.0
23250,34617,1.0
23251,34618,22.0
23251,34619,2.0
23251,34620,14.0
23252,34621,1.0
23253,34622,5.0
23254,34623,1.0
23255,34624,16.0
23256,34625,2.0
23256,34626,19.0
23257,34627,1.0
23258,34628,16.0
23259,34629,8.0
23259,34630,1.0
23259,34631,3.0
23260,34632,1.0
23261,34633,22.0
23261,34634,2.0
23261,34635,14.0
23262,34636,16.0
23263,34637,5.0
23264,34638,3.0
23265,34639,1.0
23266,34640,1.0
23267,34641,1.0
23268,34642,14.0
23269,34643,14.0
23270,34644,14.0
23271,34645,1.0
23272,34646,3.0
23273,34647,3.0
23274,34648,17.0
23275,34649,2.0
23275,34650,19.0
23276,34651,1.0
23277,34652,14.0
23278,34653,5.0
23279,34654,1.0
23280,34655,7.0
23280,34656,14.0
23280,34657,3.0
23280,34658,25.0
23280,34659,15.0
23281,34660,20.0
23282,34661,1.0
23283,34662,13.0
23284,34663,3.0
23285,34664,13.0
23286,34665,13.0
23287,34666,3.0
23288,34667,3.0
23289,34668,1.0
23290,34669,3.0
23291,34670,3.0
23292,34671,16.0
23293,34672,22.0
23293,34673,14.0
23293,34674,3.0
23293,34675,5.0
23294,34676,1.0
23295,34677,14.0
23296,34678,5.0
23297,34679,5.0
23298,34680,5.0
23299,34681,1.0
23300,34682,
23301,34683,1.0
23302,34684,16.0
23303,34685,10.0
23303,34686,11.0
23304,34687,10.0
23304,34688,11.0
23305,34689,13.0
23306,34690,13.0
23307,34691,5.0
23308,34692,5.0
23309,34693,1.0
23310,34694,5.0
23311,34695,5.0
23312,34696,2.0
23312,34697,19.0
23313,34698,1.0
23314,34699,1.0
23315,34700,14.0
23316,34701,17.0
23317,34702,5.0
23318,34703,2.0
23318,34704,19.0
23319,34705,1.0
23320,34706,1.0
23321,34707,1.0
23322,34708,1.0
23323,34709,10.0
23323,34710,11.0
23324,34711,13.0
23325,34712,5.0
23326,34713,1.0
23327,34714,16.0
23328,34715,1.0
23329,34716,3.0
23330,34717,1.0
23331,34718,5.0
23332,34719,1.0
23333,34720,5.0
23334,34721,1.0
23335,34722,13.0
23336,34723,13.0
23337,34724,3.0
23338,34725,16.0
23339,34726,17.0
23340,34727,3.0
23341,34728,5.0
23342,34729,1.0
23343,34730,1.0
23344,34731,3.0
23345,34732,1.0
23346,34733,2.0
23346,34734,19.0
23347,34735,13.0
23348,34736,5.0
23349,34737,2.0
23349,34738,19.0
23350,34739,16.0
23351,34740,17.0
23352,34741,1.0
23353,34742,1.0
23354,34743,10.0
23354,34744,11.0
23355,34745,5.0
23356,34746,3.0
23357,34747,1.0
23358,34748,1.0
23359,34749,13.0
23360,34750,3.0
23361,34751,3.0
23362,34752,1.0
23363,34753,16.0
23364,34754,1.0
23365,34755,1.0
23366,34756,5.0
23367,34757,1.0
23368,34758,13.0
23369,34759,3.0
23370,34760,17.0
23371,34761,1.0
23372,34762,3.0
23373,34763,10.0
23373,34764,11.0
23374,34765,1.0
23375,34766,1.0
23376,34767,2.0
23376,34768,19.0
23377,34769,1.0
23378,34770,16.0
23379,34771,16.0
23380,34772,2.0
23380,34773,19.0
23381,34774,16.0
23382,34775,3.0
23383,34776,1.0
23384,34777,14.0
23385,34778,8.0
23386,34779,1.0
23387,34780,14.0
23388,34781,26.0
23389,34782,1.0
23390,34783,5.0
23391,34784,14.0
23392,34785,5.0
23393,34786,1.0
23394,34787,3.0
23395,34788,1.0
23395,34789,4.0
23396,34790,2.0
23396,34791,19.0
23397,34792,1.0
23398,34793,1.0
23399,34794,1.0
23400,34795,1.0
23401,34796,1.0
23402,34797,3.0
23403,34798,1.0
23404,34799,3.0
23405,34800,1.0
23406,34801,
23407,34802,3.0
23408,34803,1.0
23409,34804,5.0
23410,34805,5.0
23411,34806,1.0
23412,34807,1.0
23413,34808,1.0
23414,34809,1.0
23415,34810,14.0
23416,34811,3.0
23417,34812,3.0
23418,34813,
23419,34814,5.0
23420,34815,3.0
23421,34816,1.0
23422,34817,3.0
23423,34818,3.0
23424,34819,5.0
23425,34820,3.0
23426,34821,1.0
23427,34822,1.0
23428,34823,26.0
23429,34824,14.0
23430,34825,5.0
23431,34826,14.0
23432,34827,1.0
23433,34828,14.0
23434,34829,3.0
23435,34830,10.0
23435,34831,11.0
23436,34832,16.0
23437,34833,16.0
23437,34834,23.0
23437,34835,7.0
23437,34836,3.0
23437,34837,25.0
23437,34838,15.0
23438,34839,2.0
23438,34840,19.0
23439,34841,3.0
23440,34842,1.0
23441,34843,27.0
23442,34844,27.0
23443,34845,5.0
23444,34846,3.0
23445,34847,1.0
23446,34848,3.0
23447,34849,
23448,34850,16.0
23449,34851,16.0
23450,34852,5.0
23451,34853,14.0
23452,34854,16.0
23453,34855,16.0
23454,34856,13.0
23455,34857,3.0
23456,34858,1.0
23457,34859,5.0
23458,34860,1.0
23459,34861,1.0
23460,34862,3.0
23461,34863,1.0
23462,34864,1.0
23463,34865,2.0
23464,34866,3.0
23465,34867,13.0
23466,34868,21.0
23467,34869,1.0
23468,34870,1.0
23469,34871,1.0
23470,34872,1.0
23470,34873,4.0
23471,34874,3.0
23472,34875,14.0
23473,34876,1.0
23474,34877,17.0
23475,34878,16.0
23476,34879,1.0
23477,34880,16.0
23478,34881,5.0
23479,34882,1.0
23480,34883,7.0
23480,34884,3.0
23480,34885,4.0
23481,34886,1.0
23482,34887,1.0
23483,34888,10.0
23483,34889,11.0
23484,34890,1.0
23484,34891,2.0
23484,34892,3.0
23484,34893,6.0
23485,34894,16.0
23486,34895,13.0
23486,34896,16.0
23486,34897,1.0
23486,34898,9.0
23486,34899,20.0
23487,34900,3.0
23488,34901,2.0
23488,34902,19.0
23489,34903,5.0
23490,34904,1.0
23491,34905,2.0
23491,34906,6.0
23491,34907,5.0
23492,34908,3.0
23493,34909,16.0
23494,34910,5.0
23495,34911,1.0
23496,34912,16.0
23497,34913,17.0
23498,34914,2.0
23498,34915,19.0
23499,34916,3.0
23500,34917,13.0
23501,34918,1.0
23502,34919,1.0
23503,34920,13.0
23504,34921,1.0
23505,34922,14.0
23506,34923,3.0
23507,34924,1.0
23508,34925,1.0
23509,34926,1.0
23510,34927,1.0
23511,34928,1.0
23512,34929,1.0
23513,34930,17.0
23514,34931,2.0
23514,34932,19.0
23515,34933,1.0
23516,34934,13.0
23517,34935,1.0
23518,34936,13.0
23518,34937,16.0
23518,34938,23.0
23518,34939,2.0
23518,34940,7.0
23518,34941,6.0
23518,34942,15.0
23519,34943,3.0
23520,34944,2.0
23520,34945,19.0
23521,34946,17.0
23522,34947,1.0
23523,34948,17.0
23524,34949,16.0
23525,34950,1.0
23526,34951,1.0
23527,34952,1.0
23528,34953,10.0
23528,34954,11.0
23529,34955,13.0
23530,34956,
23531,34957,5.0
23532,34958,16.0
23533,34959,13.0
23534,34960,13.0
23535,34961,13.0
23536,34962,2.0
23536,34963,19.0
23537,34964,16.0
23538,34965,1.0
23539,34966,1.0
23540,34967,1.0
23541,34968,29.0
23542,34969,2.0
23542,34970,19.0
23543,34971,5.0
23544,34972,3.0
23545,34973,5.0
23546,34974,1.0
23547,34975,16.0
23548,34976,14.0
23549,34977,1.0
23550,34978,1.0
23551,34979,1.0
23552,34980,2.0
23552,34981,19.0
23553,34982,2.0
23553,34983,19.0
23554,34984,5.0
23555,34985,3.0
23556,34986,1.0
23556,34987,3.0
23557,34988,1.0
23558,34989,13.0
23559,34990,3.0
23560,34991,5.0
23561,34992,1.0
23562,34993,1.0
23563,34994,1.0
23563,34995,9.0
23564,34996,3.0
23565,34997,10.0
23565,34998,11.0
23566,34999,2.0
23566,35000,14.0
23567,35001,2.0
23567,35002,19.0
23568,35003,13.0
23569,35004,3.0
23570,35005,16.0
23571,35006,2.0
23571,35007,19.0
23572,35008,
23573,35009,1.0
23574,35010,14.0
23575,35011,10.0
23575,35012,11.0
23576,35013,3.0
23577,35014,5.0
23578,35015,1.0
23579,35016,5.0
23580,35017,5.0
23581,35018,2.0
23581,35019,19.0
23582,35020,1.0
23583,35021,13.0
23584,35022,2.0
23584,35023,19.0
23585,35024,3.0
23586,35025,16.0
23586,35026,7.0
23586,35027,3.0
23586,35028,25.0
23586,35029,15.0
23587,35030,12.0
23587,35031,5.0
23588,35032,5.0
23589,35033,1.0
23590,35034,1.0
23591,35035,14.0
23592,35036,1.0
23593,35037,13.0
23594,35038,3.0
23595,35039,1.0
23596,35040,16.0
23597,35041,17.0
23598,35042,
23599,35043,5.0
23600,35044,1.0
23601,35045,3.0
23602,35046,17.0
23603,35047,
23604,35048,1.0
23605,35049,3.0
23606,35050,5.0
23607,35051,13.0
23608,35052,27.0
23609,35053,5.0
23610,35054,13.0
23611,35055,1.0
23612,35056,16.0
23613,35057,16.0
23614,35058,1.0
23615,35059,3.0
23616,35060,17.0
23617,35061,27.0
23618,35062,16.0
23619,35063,3.0
23620,35064,5.0
23621,35065,1.0
23622,35066,1.0
23623,35067,1.0
23624,35068,5.0
23625,35069,13.0
23626,35070,5.0
23627,35071,14.0
23628,35072,1.0
23629,35073,13.0
23630,35074,1.0
23631,35075,16.0
23632,35076,1.0
23633,35077,20.0
23634,35078,1.0
23635,35079,1.0
23635,35080,3.0
23635,35081,4.0
23636,35082,1.0
23637,35083,27.0
23638,35084,1.0
23639,35085,1.0
23640,35086,
23641,35087,5.0
23642,35088,10.0
23642,35089,11.0
23643,35090,16.0
23644,35091,21.0
23645,35092,2.0
23645,35093,19.0
23646,35094,3.0
23647,35095,3.0
23648,35096,5.0
23649,35097,1.0
23650,35098,1.0
23651,35099,1.0
23652,35100,1.0
23653,35101,10.0
23653,35102,11.0
23654,35103,5.0
23655,35104,5.0
23656,35105,7.0
23656,35106,14.0
23656,35107,3.0
23656,35108,6.0
23657,35109,1.0
23658,35110,
23659,35111,5.0
23660,35112,3.0
23661,35113,5.0
23662,35114,3.0
23663,35115,1.0
23664,35116,3.0
23665,35117,21.0
23666,35118,2.0
23666,35119,19.0
23667,35120,14.0
23668,35121,17.0
23669,35122,1.0
23670,35123,5.0
23671,35124,1.0
23672,35125,16.0
23673,35126,5.0
23674,35127,16.0
23675,35128,1.0
23676,35129,1.0
23677,35130,17.0
23678,35131,7.0
23678,35132,14.0
23678,35133,3.0
23679,35134,1.0
23680,35135,1.0
23681,35136,5.0
23682,35137,1.0
23683,35138,14.0
23684,35139,5.0
23685,35140,1.0
23686,35141,5.0
23687,35142,1.0
23688,35143,3.0
23689,35144,16.0
23690,35145,21.0
23691,35146,1.0
23692,35147,16.0
23693,35148,3.0
23694,35149,1.0
23695,35150,1.0
23696,35151,1.0
23697,35152,2.0
23697,35153,19.0
23698,35154,3.0
23699,35155,1.0
23700,35156,5.0
23701,35157,3.0
23702,35158,3.0
23703,35159,13.0
23703,35160,16.0
23704,35161,5.0
23705,35162,1.0
23706,35163,3.0
23707,35164,1.0
23708,35165,3.0
23709,35166,14.0
23710,35167,5.0
23711,35168,5.0
23712,35169,16.0
23713,35170,5.0
23714,35171,1.0
23715,35172,1.0
23716,35173,5.0
23717,35174,1.0
23718,35175,1.0
23719,35176,3.0
23720,35177,5.0
23721,35178,2.0
23721,35179,19.0
23722,35180,16.0
23723,35181,3.0
23724,35182,2.0
23725,35183,5.0
23726,35184,5.0
23727,35185,1.0
23728,35186,1.0
23729,35187,2.0
23729,35188,19.0
23730,35189,1.0
23731,35190,13.0
23732,35191,1.0
23733,35192,1.0
23734,35193,1.0
23735,35194,2.0
23735,35195,19.0
23736,35196,1.0
23737,35197,1.0
23738,35198,10.0
23738,35199,11.0
23739,35200,5.0
23740,35201,13.0
23741,35202,27.0
23742,35203,5.0
23743,35204,1.0
23744,35205,27.0
23745,35206,1.0
23746,35207,2.0
23746,35208,19.0
23747,35209,2.0
23747,35210,19.0
23748,35211,3.0
23749,35212,1.0
23750,35213,17.0
23751,35214,1.0
23752,35215,3.0
23753,35216,5.0
23754,35217,2.0
23754,35218,19.0
23755,35219,1.0
23755,35220,4.0
23756,35221,1.0
23757,35222,1.0
23758,35223,1.0
23759,35224,1.0
23760,35225,3.0
23761,35226,1.0
23762,35227,1.0
23763,35228,1.0
23764,35229,1.0
23765,35230,17.0
23766,35231,1.0
23767,35232,16.0
23768,35233,1.0
23769,35234,16.0
23770,35235,1.0
23771,35236,1.0
23772,35237,1.0
23773,35238,26.0
23774,35239,5.0
23775,35240,20.0
23776,35241,5.0
23777,35242,1.0
23778,35243,13.0
23779,35244,1.0
23780,35245,1.0
23781,35246,5.0
23782,35247,5.0
23783,35248,1.0
23784,35249,3.0
23785,35250,1.0
23785,35251,3.0
23786,35252,5.0
23787,35253,5.0
23788,35254,5.0
23789,35255,16.0
23790,35256,5.0
23791,35257,
23792,35258,5.0
23793,35259,1.0
23794,35260,1.0
23795,35261,1.0
23796,35262,13.0
23797,35263,3.0
23798,35264,14.0
23798,35265,3.0
23799,35266,1.0
23800,35267,1.0
23801,35268,22.0
23801,35269,2.0
23801,35270,14.0
23802,35271,3.0
23803,35272,2.0
23803,35273,19.0
23804,35274,5.0
23805,35275,5.0
23806,35276,1.0
23807,35277,13.0
23808,35278,26.0
23809,35279,1.0
23810,35280,2.0
23810,35281,19.0
23811,35282,1.0
23812,35283,1.0
23813,35284,10.0
23813,35285,11.0
23814,35286,3.0
23815,35287,13.0
23816,35288,3.0
23817,35289,16.0
23818,35290,1.0
23819,35291,5.0
23820,35292,5.0
23821,35293,5.0
23822,35294,16.0
23823,35295,10.0
23823,35296,11.0
23824,35297,1.0
23825,35298,5.0
23826,35299,1.0
23827,35300,3.0
23828,35301,1.0
23829,35302,3.0
23830,35303,2.0
23830,35304,19.0
23831,35305,2.0
23831,35306,19.0
23832,35307,1.0
23833,35308,10.0
23833,35309,11.0
23834,35310,5.0
23835,35311,1.0
23836,35312,5.0
23837,35313,24.0
23837,35314,5.0
23838,35315,21.0
23839,35316,3.0
23840,35317,10.0
23840,35318,11.0
23841,35319,1.0
23842,35320,
23843,35321,5.0
23844,35322,10.0
23844,35323,11.0
23845,35324,17.0
23846,35325,1.0
23847,35326,1.0
23848,35327,21.0
23849,35328,17.0
23850,35329,1.0
23851,35330,5.0
23852,35331,16.0
23853,35332,5.0
23854,35333,14.0
23855,35334,1.0
23856,35335,3.0
23857,35336,1.0
23858,35337,1.0
23859,35338,1.0
23860,35339,3.0
23861,35340,5.0
23862,35341,2.0
23862,35342,19.0
23863,35343,1.0
23864,35344,5.0
23865,35345,5.0
23866,35346,8.0
23866,35347,24.0
23866,35348,5.0
23867,35349,14.0
23868,35350,14.0
23869,35351,3.0
23870,35352,1.0
23871,35353,2.0
23871,35354,19.0
23872,35355,3.0
23873,35356,1.0
23874,35357,1.0
23875,35358,1.0
23876,35359,1.0
23877,35360,1.0
23878,35361,1.0
23879,35362,3.0
23880,35363,2.0
23880,35364,19.0
23881,35365,2.0
23881,35366,19.0
23882,35367,16.0
23883,35368,5.0
23884,35369,13.0
23885,35370,13.0
23886,35371,20.0
23887,35372,3.0
23888,35373,3.0
23889,35374,5.0
23890,35375,3.0
23891,35376,5.0
23892,35377,1.0
23893,35378,5.0
23894,35379,14.0
23895,35380,5.0
23896,35381,17.0
23897,35382,5.0
23898,35383,2.0
23898,35384,19.0
23899,35385,13.0
23900,35386,1.0
23901,35387,3.0
23902,35388,3.0
23903,35389,5.0
23904,35390,1.0
23905,35391,1.0
23906,35392,1.0
23907,35393,1.0
23908,35394,14.0
23908,35395,25.0
23909,35396,3.0
23910,35397,1.0
23911,35398,1.0
23912,35399,5.0
23913,35400,14.0
23914,35401,3.0
23915,35402,5.0
23916,35403,1.0
23917,35404,5.0
23918,35405,3.0
23919,35406,5.0
23920,35407,3.0
23921,35408,3.0
23922,35409,1.0
23923,35410,1.0
23923,35411,15.0
23924,35412,1.0
23924,35413,4.0
23925,35414,5.0
23926,35415,1.0
23927,35416,3.0
23928,35417,1.0
23929,35418,1.0
23930,35419,14.0
23931,35420,16.0
23932,35421,17.0
23933,35422,3.0
23934,35423,17.0
23935,35424,3.0
23936,35425,1.0
23937,35426,2.0
23937,35427,19.0
23938,35428,2.0
23938,35429,19.0
23939,35430,1.0
23940,35431,2.0
23940,35432,19.0
23941,35433,1.0
23942,35434,1.0
23943,35435,1.0
23944,35436,5.0
23945,35437,17.0
23946,35438,5.0
23947,35439,1.0
23948,35440,1.0
23949,35441,5.0
23950,35442,5.0
23951,35443,16.0
23952,35444,5.0
23953,35445,20.0
23954,35446,1.0
23955,35447,5.0
23956,35448,5.0
23957,35449,3.0
23958,35450,5.0
23959,35451,5.0
23960,35452,3.0
23961,35453,14.0
23962,35454,17.0
23963,35455,5.0
23964,35456,5.0
23965,35457,5.0
23966,35458,16.0
23967,35459,1.0
23968,35460,8.0
23968,35461,1.0
23968,35462,3.0
23969,35463,13.0
23970,35464,3.0
23971,35465,1.0
23972,35466,1.0
23973,35467,5.0
23974,35468,8.0
23974,35469,1.0
23974,35470,2.0
23974,35471,4.0
23974,35472,12.0
23975,35473,17.0
23976,35474,14.0
23977,35475,1.0
23978,35476,1.0
23978,35477,2.0
23978,35478,4.0
23978,35479,21.0
23979,35480,3.0
23980,35481,5.0
23981,35482,3.0
23982,35483,16.0
23983,35484,16.0
23984,35485,3.0
23985,35486,2.0
23985,35487,19.0
23986,35488,14.0
23987,35489,14.0
23988,35490,10.0
23988,35491,11.0
23989,35492,13.0
23990,35493,13.0
23990,35494,1.0
23990,35495,2.0
23990,35496,6.0
23991,35497,1.0
23992,35498,2.0
23992,35499,19.0
23993,35500,1.0
23994,35501,1.0
23995,35502,1.0
23996,35503,5.0
23997,35504,27.0
23998,35505,1.0
23999,35506,16.0
24000,35507,5.0
24001,35508,5.0
24002,35509,13.0
24002,35510,23.0
24002,35511,2.0
24002,35512,7.0
24002,35513,3.0
24003,35514,1.0
24004,35515,1.0
24005,35516,17.0
24006,35517,1.0
24007,35518,2.0
24007,35519,19.0
24008,35520,1.0
24009,35521,1.0
24010,35522,1.0
24011,35523,21.0
24012,35524,5.0
24013,35525,1.0
24014,35526,14.0
24015,35527,3.0
24016,35528,3.0
24017,35529,1.0
24017,35530,22.0
24017,35531,2.0
24017,35532,7.0
24017,35533,14.0
24018,35534,5.0
24019,35535,5.0
24020,35536,1.0
24020,35537,6.0
24021,35538,5.0
24022,35539,3.0
24023,35540,13.0
24023,35541,16.0
24023,35542,23.0
24023,35543,1.0
24023,35544,22.0
24023,35545,2.0
24023,35546,20.0
24024,35547,1.0
24024,35548,3.0
24025,35549,5.0
24026,35550,16.0
24027,35551,1.0
24028,35552,23.0
24028,35553,2.0
24028,35554,7.0
24029,35555,1.0
24030,35556,13.0
24031,35557,3.0
24032,35558,1.0
24033,35559,5.0
24034,35560,5.0
24035,35561,1.0
24036,35562,1.0
24037,35563,3.0
24038,35564,1.0
24039,35565,1.0
24040,35566,1.0
24041,35567,5.0
24042,35568,2.0
24042,35569,19.0
24043,35570,5.0
24044,35571,1.0
24045,35572,5.0
24046,35573,3.0
24047,35574,1.0
24048,35575,3.0
24049,35576,10.0
24049,35577,11.0
24050,35578,5.0
24051,35579,5.0
24052,35580,5.0
24053,35581,2.0
24053,35582,19.0
24054,35583,2.0
24054,35584,19.0
24055,35585,1.0
24056,35586,1.0
24057,35587,1.0
24058,35588,5.0
24059,35589,16.0
24060,35590,10.0
24060,35591,11.0
24061,35592,5.0
24062,35593,
24063,35594,23.0
24063,35595,22.0
24063,35596,14.0
24063,35597,3.0
24064,35598,3.0
24065,35599,1.0
24066,35600,14.0
24067,35601,3.0
24068,35602,2.0
24068,35603,19.0
24069,35604,1.0
24070,35605,3.0
24071,35606,16.0
24072,35607,3.0
24073,35608,16.0
24074,35609,1.0
24075,35610,3.0
24076,35611,1.0
24076,35612,2.0
24077,35613,1.0
24078,35614,1.0
24079,35615,3.0
24080,35616,14.0
24081,35617,24.0
24081,35618,5.0
24082,35619,1.0
24083,35620,3.0
24084,35621,5.0
24085,35622,1.0
24086,35623,14.0
24087,35624,17.0
24088,35625,5.0
24089,35626,13.0
24090,35627,5.0
24091,35628,8.0
24091,35629,1.0
24092,35630,1.0
24093,35631,3.0
24094,35632,13.0
24095,35633,5.0
24096,35634,5.0
24097,35635,13.0
24098,35636,13.0
24099,35637,14.0
24100,35638,
24101,35639,2.0
24101,35640,19.0
24102,35641,16.0
24103,35642,1.0
24104,35643,5.0
24105,35644,1.0
24105,35645,22.0
24105,35646,2.0
24105,35647,14.0
24106,35648,1.0
24107,35649,16.0
24108,35650,1.0
24109,35651,5.0
24110,35652,2.0
24110,35653,19.0
24111,35654,
24112,35655,16.0
24113,35656,5.0
24114,35657,1.0
24115,35658,14.0
24116,35659,5.0
24117,35660,10.0
24117,35661,11.0
24118,35662,2.0
24118,35663,19.0
24119,35664,2.0
24119,35665,19.0
24120,35666,1.0
24121,35667,5.0
24122,35668,1.0
24123,35669,26.0
24124,35670,3.0
24125,35671,16.0
24125,35672,1.0
24125,35673,7.0
24126,35674,2.0
24126,35675,19.0
24127,35676,16.0
24128,35677,
24129,35678,13.0
24130,35679,5.0
24131,35680,8.0
24131,35681,1.0
24131,35682,4.0
24132,35683,5.0
24133,35684,1.0
24134,35685,13.0
24134,35686,8.0
24134,35687,12.0
24134,35688,5.0
24134,35689,28.0
24135,35690,27.0
24136,35691,5.0
24137,35692,3.0
24138,35693,5.0
24139,35694,1.0
24140,35695,5.0
24141,35696,16.0
24142,35697,16.0
24143,35698,17.0
24144,35699,14.0
24145,35700,1.0
24146,35701,3.0
24147,35702,1.0
24148,35703,1.0
24149,35704,17.0
24150,35705,5.0
24151,35706,1.0
24152,35707,5.0
24153,35708,1.0
24154,35709,16.0
24155,35710,2.0
24155,35711,19.0
24156,35712,2.0
24156,35713,19.0
24157,35714,16.0
24158,35715,1.0
24159,35716,26.0
24160,35717,10.0
24160,35718,11.0
24161,35719,5.0
24162,35720,5.0
24163,35721,1.0
24164,35722,5.0
24165,35723,1.0
24166,35724,14.0
24167,35725,1.0
24168,35726,1.0
24169,35727,16.0
24170,35728,13.0
24171,35729,14.0
24172,35730,1.0
24173,35731,1.0
24174,35732,1.0
24175,35733,5.0
24176,35734,3.0
24177,35735,5.0
24178,35736,2.0
24178,35737,19.0
24179,35738,5.0
24180,35739,5.0
24181,35740,
24182,35741,
24183,35742,3.0
24184,35743,16.0
24185,35744,14.0
24186,35745,3.0
24187,35746,16.0
24188,35747,1.0
24189,35748,1.0
24190,35749,1.0
24191,35750,1.0
24192,35751,21.0
24193,35752,1.0
24194,35753,5.0
24195,35754,1.0
24196,35755,17.0
24197,35756,1.0
24198,35757,1.0
24199,35758,16.0
24200,35759,13.0
24200,35760,1.0
24200,35761,22.0
24200,35762,2.0
24200,35763,6.0
24201,35764,1.0
24201,35765,2.0
24201,35766,3.0
24201,35767,6.0
24202,35768,3.0
24203,35769,3.0
24204,35770,3.0
24205,35771,10.0
24205,35772,11.0
24206,35773,5.0
24207,35774,2.0
24207,35775,19.0
24208,35776,16.0
24209,35777,5.0
24210,35778,13.0
24211,35779,1.0
24212,35780,1.0
24213,35781,2.0
24213,35782,19.0
24214,35783,
24215,35784,3.0
24216,35785,2.0
24216,35786,19.0
24217,35787,3.0
24218,35788,13.0
24219,35789,14.0
24220,35790,5.0
24221,35791,1.0
24222,35792,1.0
24223,35793,1.0
24224,35794,
24225,35795,1.0
24225,35796,22.0
24225,35797,2.0
24225,35798,14.0
24226,35799,1.0
24227,35800,5.0
24228,35801,1.0
24229,35802,5.0
24230,35803,8.0
24230,35804,1.0
24230,35805,2.0
24231,35806,9.0
24231,35807,25.0
24231,35808,5.0
24232,35809,16.0
24233,35810,1.0
24234,35811,2.0
24234,35812,19.0
24235,35813,1.0
24236,35814,13.0
24237,35815,5.0
24238,35816,3.0
24239,35817,1.0
24240,35818,10.0
24240,35819,11.0
24241,35820,16.0
24242,35821,1.0
24243,35822,17.0
24244,35823,5.0
24245,35824,14.0
24246,35825,1.0
24246,35826,4.0
24247,35827,5.0
24248,35828,16.0
24249,35829,5.0
24250,35830,1.0
24251,35831,1.0
24252,35832,1.0
24253,35833,1.0
24254,35834,1.0
24255,35835,3.0
24256,35836,1.0
24257,35837,17.0
24258,35838,17.0
24259,35839,16.0
24260,35840,5.0
24261,35841,3.0
24262,35842,13.0
24263,35843,5.0
24264,35844,
24265,35845,10.0
24265,35846,11.0
24266,35847,5.0
24267,35848,14.0
24268,35849,5.0
24269,35850,10.0
24269,35851,11.0
24270,35852,1.0
24271,35853,2.0
24271,35854,19.0
24272,35855,1.0
24273,35856,14.0
24274,35857,2.0
24274,35858,19.0
24275,35859,3.0
24276,35860,5.0
24277,35861,14.0
24278,35862,14.0
24279,35863,3.0
24280,35864,3.0
24281,35865,14.0
24282,35866,16.0
24283,35867,1.0
24284,35868,16.0
24285,35869,14.0
24286,35870,16.0
24287,35871,1.0
24288,35872,14.0
24289,35873,5.0
24290,35874,5.0
24291,35875,1.0
24292,35876,1.0
24293,35877,1.0
24294,35878,1.0
24295,35879,3.0
24296,35880,
24297,35881,14.0
24298,35882,3.0
24299,35883,1.0
24300,35884,5.0
24301,35885,3.0
24302,35886,1.0
24303,35887,13.0
24304,35888,14.0
24305,35889,2.0
24305,35890,19.0
24306,35891,
24307,35892,16.0
24308,35893,
24309,35894,10.0
24309,35895,11.0
24310,35896,16.0
24311,35897,
24312,35898,1.0
24313,35899,2.0
24313,35900,19.0
24314,35901,2.0
24314,35902,19.0
24315,35903,1.0
24316,35904,16.0
24316,35905,1.0
24316,35906,18.0
24316,35907,3.0
24317,35908,1.0
24318,35909,17.0
24319,35910,17.0
24320,35911,9.0
24320,35912,5.0
24321,35913,1.0
24322,35914,13.0
24322,35915,1.0
24322,35916,3.0
24322,35917,6.0
24323,35918,3.0
24324,35919,1.0
24325,35920,5.0
24326,35921,1.0
24327,35922,1.0
24328,35923,3.0
24329,35924,5.0
24330,35925,2.0
24330,35926,19.0
24331,35927,16.0
24332,35928,3.0
24333,35929,1.0
24334,35930,8.0
24334,35931,1.0
24334,35932,3.0
24334,35933,24.0
24334,35934,21.0
24335,35935,14.0
24336,35936,14.0
24337,35937,1.0
24338,35938,14.0
24339,35939,1.0
24340,35940,14.0
24341,35941,3.0
24342,35942,16.0
24343,35943,1.0
24344,35944,
24345,35945,13.0
24346,35946,5.0
24347,35947,1.0
24348,35948,5.0
24349,35949,17.0
24350,35950,5.0
24351,35951,1.0
24352,35952,1.0
24353,35953,10.0
24353,35954,11.0
24354,35955,5.0
24355,35956,1.0
24356,35957,16.0
24357,35958,14.0
24358,35959,17.0
24359,35960,1.0
24360,35961,3.0
24361,35962,14.0
24362,35963,2.0
24362,35964,19.0
24363,35965,5.0
24364,35966,16.0
24365,35967,1.0
24366,35968,5.0
24367,35969,1.0
24368,35970,16.0
24369,35971,10.0
24369,35972,11.0
24370,35973,16.0
24371,35974,1.0
24372,35975,1.0
24373,35976,1.0
24374,35977,13.0
24375,35978,5.0
24376,35979,1.0
24377,35980,2.0
24377,35981,19.0
24378,35982,1.0
24379,35983,
24380,35984,1.0
24381,35985,5.0
24382,35986,1.0
24383,35987,1.0
24384,35988,1.0
24385,35989,2.0
24385,35990,19.0
24386,35991,17.0
24387,35992,14.0
24388,35993,16.0
24389,35994,5.0
24390,35995,5.0
24391,35996,10.0
24391,35997,11.0
24392,35998,1.0
24393,35999,1.0
24394,36000,5.0
24395,36001,5.0
24396,36002,2.0
24396,36003,19.0
24397,36004,3.0
24398,36005,14.0
24399,36006,5.0
24400,36007,1.0
24401,36008,14.0
24402,36009,16.0
24403,36010,1.0
24404,36011,1.0
24405,36012,14.0
24406,36013,2.0
24406,36014,19.0
24407,36015,1.0
24408,36016,3.0
24409,36017,13.0
24410,36018,17.0
24411,36019,10.0
24411,36020,11.0
24412,36021,1.0
24413,36022,1.0
24414,36023,3.0
24415,36024,8.0
24415,36025,24.0
24415,36026,5.0
24416,36027,3.0
24417,36028,3.0
24418,36029,2.0
24418,36030,19.0
24419,36031,2.0
24419,36032,19.0
24420,36033,1.0
24421,36034,16.0
24422,36035,1.0
24423,36036,5.0
24424,36037,14.0
24425,36038,10.0
24425,36039,11.0
24426,36040,1.0
24427,36041,14.0
24428,36042,16.0
24429,36043,5.0
24430,36044,3.0
24431,36045,5.0
24432,36046,1.0
24433,36047,5.0
24434,36048,1.0
24435,36049,14.0
24436,36050,1.0
24437,36051,10.0
24437,36052,11.0
24438,36053,14.0
24439,36054,1.0
24440,36055,1.0
24441,36056,5.0
24442,36057,1.0
24443,36058,2.0
24443,36059,19.0
24444,36060,3.0
24445,36061,3.0
24446,36062,1.0
24446,36063,22.0
24446,36064,2.0
24446,36065,7.0
24446,36066,4.0
24446,36067,21.0
24447,36068,1.0
24448,36069,14.0
24449,36070,5.0
24450,36071,26.0
24451,36072,14.0
24452,36073,1.0
24453,36074,5.0
24454,36075,3.0
24455,36076,5.0
24456,36077,1.0
24457,36078,1.0
24458,36079,1.0
24459,36080,16.0
24460,36081,2.0
24460,36082,19.0
24461,36083,5.0
24462,36084,17.0
24463,36085,3.0
24464,36086,16.0
24465,36087,13.0
24466,36088,1.0
24467,36089,5.0
24468,36090,1.0
24469,36091,1.0
24470,36092,1.0
24471,36093,1.0
24472,36094,16.0
24473,36095,5.0
24474,36096,1.0
24475,36097,3.0
24476,36098,
24477,36099,2.0
24477,36100,19.0
24478,36101,1.0
24479,36102,23.0
24479,36103,1.0
24479,36104,14.0
24480,36105,1.0
24481,36106,1.0
24482,36107,2.0
24482,36108,3.0
24482,36109,6.0
24483,36110,5.0
24484,36111,2.0
24484,36112,19.0
24485,36113,5.0
24486,36114,17.0
24487,36115,5.0
24488,36116,5.0
24489,36117,5.0
24490,36118,1.0
24491,36119,17.0
24492,36120,17.0
24493,36121,3.0
24494,36122,1.0
24495,36123,13.0
24496,36124,16.0
24497,36125,13.0
24498,36126,1.0
24499,36127,16.0
24500,36128,1.0
24501,36129,5.0
24502,36130,5.0
24503,36131,13.0
24504,36132,13.0
24505,36133,1.0
24506,36134,17.0
24507,36135,10.0
24507,36136,11.0
24508,36137,3.0
24509,36138,5.0
24510,36139,8.0
24510,36140,5.0
24511,36141,26.0
24512,36142,5.0
24513,36143,16.0
24514,36144,1.0
24515,36145,3.0
24516,36146,1.0
24517,36147,2.0
24517,36148,19.0
24518,36149,1.0
24519,36150,27.0
24520,36151,13.0
24521,36152,2.0
24521,36153,19.0
24522,36154,1.0
24522,36155,30.0
24523,36156,3.0
24524,36157,1.0
24525,36158,16.0
24526,36159,1.0
24527,36160,
24528,36161,1.0
24529,36162,1.0
24530,36163,1.0
24531,36164,1.0
24532,36165,1.0
24533,36166,14.0
24534,36167,2.0
24534,36168,19.0
24535,36169,5.0
24536,36170,14.0
24537,36171,14.0
24538,36172,3.0
24539,36173,1.0
24540,36174,2.0
24540,36175,19.0
24541,36176,1.0
24542,36177,2.0
24542,36178,19.0
24543,36179,
24544,36180,16.0
24545,36181,10.0
24545,36182,11.0
24546,36183,3.0
24547,36184,1.0
24548,36185,3.0
24549,36186,1.0
24550,36187,13.0
24551,36188,13.0
24552,36189,16.0
24553,36190,1.0
24554,36191,1.0
24555,36192,5.0
24556,36193,14.0
24557,36194,
24558,36195,3.0
24559,36196,14.0
24560,36197,3.0
24561,36198,16.0
24562,36199,5.0
24563,36200,5.0
24564,36201,5.0
24565,36202,3.0
24566,36203,13.0
24567,36204,5.0
24568,36205,13.0
24569,36206,5.0
24570,36207,3.0
24571,36208,3.0
24572,36209,21.0
24573,36210,1.0
24574,36211,14.0
24575,36212,5.0
24576,36213,13.0
24577,36214,13.0
24578,36215,3.0
24579,36216,17.0
24580,36217,3.0
24581,36218,5.0
24582,36219,1.0
24583,36220,3.0
24584,36221,5.0
24585,36222,1.0
24586,36223,3.0
24587,36224,
24588,36225,5.0
24589,36226,3.0
24590,36227,1.0
24591,36228,
24592,36229,16.0
24593,36230,3.0
24594,36231,3.0
24595,36232,1.0
24596,36233,5.0
24597,36234,16.0
24598,36235,1.0
24599,36236,16.0
24600,36237,3.0
24601,36238,5.0
24602,36239,16.0
24603,36240,1.0
24604,36241,1.0
24605,36242,16.0
24605,36243,1.0
24605,36244,22.0
24605,36245,2.0
24605,36246,3.0
24605,36247,6.0
24606,36248,1.0
24607,36249,1.0
24608,36250,2.0
24608,36251,19.0
24609,36252,13.0
24610,36253,3.0
24611,36254,1.0
24612,36255,1.0
24613,36256,3.0
24614,36257,2.0
24614,36258,19.0
24615,36259,5.0
24616,36260,5.0
24617,36261,
24618,36262,3.0
24619,36263,1.0
24620,36264,1.0
24621,36265,1.0
24622,36266,3.0
24623,36267,14.0
24624,36268,1.0
24625,36269,17.0
24626,36270,
24627,36271,13.0
24628,36272,1.0
24629,36273,1.0
24630,36274,16.0
24631,36275,1.0
24632,36276,16.0
24633,36277,14.0
24634,36278,3.0
24635,36279,1.0
24636,36280,1.0
24637,36281,1.0
24638,36282,2.0
24638,36283,19.0
24639,36284,1.0
24640,36285,5.0
24641,36286,1.0
24642,36287,5.0
24643,36288,10.0
24643,36289,11.0
24644,36290,8.0
24644,36291,1.0
24644,36292,9.0
24645,36293,16.0
24646,36294,1.0
24647,36295,14.0
24648,36296,10.0
24648,36297,11.0
24649,36298,1.0
24650,36299,1.0
24651,36300,1.0
24652,36301,3.0
24653,36302,1.0
24653,36303,3.0
24653,36304,4.0
24654,36305,5.0
24655,36306,2.0
24655,36307,19.0
24656,36308,17.0
24657,36309,
24658,36310,5.0
24659,36311,2.0
24659,36312,19.0
24660,36313,2.0
24660,36314,19.0
24661,36315,22.0
24661,36316,2.0
24661,36317,14.0
24662,36318,1.0
24663,36319,16.0
24664,36320,5.0
24665,36321,3.0
24666,36322,3.0
24667,36323,17.0
24668,36324,5.0
24669,36325,1.0
24669,36326,22.0
24669,36327,3.0
24670,36328,14.0
24671,36329,16.0
24672,36330,16.0
24673,36331,17.0
24674,36332,17.0
24675,36333,3.0
24676,36334,13.0
24677,36335,3.0
24678,36336,21.0
24679,36337,1.0
24680,36338,5.0
24681,36339,1.0
24682,36340,
24683,36341,1.0
24684,36342,2.0
24684,36343,19.0
24685,36344,5.0
24686,36345,20.0
24687,36346,1.0
24688,36347,23.0
24688,36348,1.0
24689,36349,5.0
24690,36350,2.0
24690,36351,19.0
24691,36352,2.0
24691,36353,19.0
24692,36354,16.0
24693,36355,1.0
24694,36356,5.0
24695,36357,16.0
24696,36358,5.0
24697,36359,1.0
24698,36360,3.0
24699,36361,13.0
24700,36362,2.0
24700,36363,19.0
24701,36364,5.0
24702,36365,5.0
24703,36366,1.0
24704,36367,1.0
24705,36368,2.0
24705,36369,19.0
24706,36370,1.0
24707,36371,14.0
24708,36372,1.0
24709,36373,1.0
24710,36374,5.0
24711,36375,5.0
24712,36376,
24713,36377,3.0
24714,36378,1.0
24715,36379,5.0
24716,36380,5.0
24717,36381,1.0
24718,36382,14.0
24719,36383,13.0
24720,36384,1.0
24721,36385,10.0
24721,36386,11.0
24722,36387,1.0
24723,36388,10.0
24723,36389,11.0
24724,36390,1.0
24725,36391,5.0
24726,36392,1.0
24727,36393,1.0
24728,36394,
24729,36395,21.0
24730,36396,16.0
24731,36397,3.0
24732,36398,
24733,36399,1.0
24734,36400,3.0
24735,36401,1.0
24736,36402,10.0
24736,36403,11.0
24737,36404,5.0
24738,36405,16.0
24739,36406,3.0
24740,36407,10.0
24740,36408,11.0
24741,36409,3.0
24742,36410,17.0
24743,36411,10.0
24743,36412,11.0
24744,36413,13.0
24745,36414,13.0
24746,36415,5.0
24747,36416,1.0
24748,36417,1.0
24749,36418,3.0
24750,36419,2.0
24750,36420,19.0
24751,36421,
24752,36422,1.0
24753,36423,22.0
24753,36424,2.0
24753,36425,14.0
24754,36426,2.0
24754,36427,19.0
24755,36428,2.0
24755,36429,19.0
24756,36430,1.0
24757,36431,5.0
24758,36432,13.0
24759,36433,1.0
24760,36434,5.0
24761,36435,1.0
24762,36436,14.0
24763,36437,1.0
24764,36438,24.0
24764,36439,5.0
24765,36440,3.0
24766,36441,1.0
24767,36442,1.0
24768,36443,5.0
24769,36444,13.0
24770,36445,17.0
24771,36446,21.0
24772,36447,1.0
24773,36448,1.0
24774,36449,1.0
24775,36450,1.0
24776,36451,5.0
24777,36452,1.0
24778,36453,5.0
24779,36454,2.0
24779,36455,19.0
24780,36456,16.0
24781,36457,3.0
24782,36458,10.0
24782,36459,11.0
24783,36460,5.0
24784,36461,1.0
24785,36462,16.0
24786,36463,1.0
24787,36464,1.0
24788,36465,16.0
24789,36466,27.0
24790,36467,1.0
24791,36468,5.0
24792,36469,13.0
24792,36470,23.0
24792,36471,2.0
24793,36472,1.0
24794,36473,10.0
24794,36474,11.0
24795,36475,3.0
24796,36476,1.0
24797,36477,3.0
24798,36478,3.0
24799,36479,1.0
24800,36480,3.0
24801,36481,1.0
24802,36482,27.0
24803,36483,1.0
24804,36484,13.0
24805,36485,1.0
24806,36486,16.0
24807,36487,16.0
24808,36488,16.0
24809,36489,3.0
24810,36490,5.0
24811,36491,10.0
24811,36492,11.0
24812,36493,1.0
24813,36494,5.0
24814,36495,1.0
24815,36496,5.0
24816,36497,5.0
24817,36498,5.0
24818,36499,1.0
24819,36500,1.0
24820,36501,1.0
24821,36502,3.0
24822,36503,16.0
24823,36504,5.0
24824,36505,8.0
24824,36506,1.0
24824,36507,9.0
24825,36508,2.0
24825,36509,19.0
24826,36510,1.0
24827,36511,5.0
24828,36512,1.0
24829,36513,16.0
24830,36514,1.0
24831,36515,1.0
24832,36516,2.0
24832,36517,14.0
24833,36518,1.0
24834,36519,17.0
24835,36520,3.0
24836,36521,9.0
24836,36522,6.0
24836,36523,5.0
24837,36524,13.0
24838,36525,1.0
24839,36526,1.0
24840,36527,5.0
24841,36528,14.0
24842,36529,1.0
24843,36530,5.0
24844,36531,3.0
24845,36532,5.0
24846,36533,7.0
24846,36534,14.0
24847,36535,1.0
24848,36536,3.0
24849,36537,1.0
24850,36538,1.0
24851,36539,1.0
24852,36540,14.0
24853,36541,3.0
24854,36542,1.0
24855,36543,1.0
24856,36544,16.0
24857,36545,5.0
24858,36546,1.0
24859,36547,1.0
24860,36548,1.0
24861,36549,2.0
24861,36550,19.0
24862,36551,20.0
24863,36552,14.0
24864,36553,1.0
24865,36554,13.0
24866,36555,1.0
24867,36556,5.0
24868,36557,14.0
24869,36558,1.0
24870,36559,1.0
24871,36560,13.0
24872,36561,10.0
24872,36562,11.0
24873,36563,1.0
24874,36564,1.0
24875,36565,2.0
24875,36566,19.0
24876,36567,1.0
24877,36568,5.0
24878,36569,29.0
24879,36570,5.0
24880,36571,1.0
24881,36572,1.0
24882,36573,1.0
24883,36574,14.0
24884,36575,1.0
24885,36576,5.0
24886,36577,13.0
24887,36578,1.0
24888,36579,3.0
24889,36580,1.0
24890,36581,3.0
24891,36582,1.0
24892,36583,3.0
24893,36584,3.0
24894,36585,1.0
24895,36586,16.0
24895,36587,7.0
24895,36588,3.0
24895,36589,25.0
24895,36590,15.0
24896,36591,3.0
24897,36592,1.0
24898,36593,26.0
24899,36594,3.0
24900,36595,5.0
24901,36596,10.0
24901,36597,11.0
24902,36598,13.0
24903,36599,1.0
24904,36600,1.0
24905,36601,1.0
24906,36602,1.0
24907,36603,1.0
24908,36604,14.0
24909,36605,5.0
24910,36606,3.0
24911,36607,16.0
24912,36608,1.0
24913,36609,1.0
24914,36610,16.0
24915,36611,5.0
24916,36612,5.0
24917,36613,14.0
24918,36614,17.0
24919,36615,3.0
24920,36616,1.0
24920,36617,24.0
24921,36618,5.0
24922,36619,3.0
24923,36620,1.0
24924,36621,5.0
24925,36622,5.0
24926,36623,3.0
24927,36624,3.0
24928,36625,1.0
24929,36626,16.0
24930,36627,3.0
24931,36628,2.0
24931,36629,19.0
24932,36630,5.0
24933,36631,14.0
24934,36632,1.0
24935,36633,1.0
24936,36634,3.0
24937,36635,3.0
24938,36636,5.0
24939,36637,1.0
24939,36638,4.0
24939,36639,6.0
24939,36640,21.0
24940,36641,1.0
24941,36642,10.0
24941,36643,11.0
24942,36644,5.0
24943,36645,3.0
24944,36646,3.0
24945,36647,
24946,36648,3.0
24947,36649,16.0
24948,36650,5.0
24949,36651,16.0
24950,36652,3.0
24951,36653,5.0
24952,36654,5.0
24953,36655,2.0
24953,36656,19.0
24954,36657,5.0
24955,36658,14.0
24956,36659,1.0
24957,36660,1.0
24958,36661,5.0
24959,36662,5.0
24960,36663,3.0
24961,36664,5.0
24962,36665,3.0
24963,36666,3.0
24964,36667,1.0
24965,36668,14.0
24965,36669,3.0
24966,36670,13.0
24967,36671,16.0
24968,36672,16.0
24969,36673,14.0
24970,36674,14.0
24971,36675,3.0
24972,36676,5.0
24973,36677,1.0
24974,36678,2.0
24974,36679,19.0
24975,36680,5.0
24976,36681,3.0
24977,36682,5.0
24978,36683,16.0
24979,36684,2.0
24979,36685,19.0
24980,36686,2.0
24980,36687,19.0
24981,36688,3.0
24982,36689,14.0
24983,36690,13.0
24984,36691,16.0
24985,36692,5.0
24986,36693,1.0
24987,36694,1.0
24987,36695,9.0
24987,36696,2.0
24988,36697,16.0
24989,36698,8.0
24989,36699,1.0
24990,36700,14.0
24991,36701,26.0
24992,36702,14.0
24993,36703,5.0
24994,36704,5.0
24995,36705,17.0
24996,36706,16.0
24997,36707,23.0
24997,36708,3.0
24998,36709,1.0
24999,36710,21.0
25000,36711,26.0
25001,36712,13.0
25002,36713,3.0
25003,36714,5.0
25004,36715,3.0
25005,36716,1.0
25006,36717,14.0
25007,36718,21.0
25008,36719,5.0
25009,36720,2.0
25009,36721,19.0
25010,36722,3.0
25011,36723,16.0
25012,36724,21.0
25013,36725,10.0
25013,36726,11.0
25014,36727,20.0
25015,36728,16.0
25016,36729,3.0
25017,36730,5.0
25018,36731,17.0
25019,36732,1.0
25020,36733,10.0
25020,36734,11.0
25021,36735,1.0
25022,36736,5.0
25023,36737,2.0
25023,36738,19.0
25024,36739,1.0
25025,36740,2.0
25025,36741,19.0
25026,36742,10.0
25026,36743,11.0
25027,36744,1.0
25028,36745,1.0
25029,36746,5.0
25030,36747,3.0
25031,36748,1.0
25031,36749,3.0
25032,36750,2.0
25032,36751,19.0
25033,36752,24.0
25033,36753,5.0
25034,36754,5.0
25035,36755,5.0
25036,36756,17.0
25037,36757,16.0
25038,36758,8.0
25038,36759,24.0
25038,36760,5.0
25039,36761,5.0
25040,36762,5.0
25041,36763,5.0
25042,36764,5.0
25043,36765,5.0
25044,36766,5.0
25045,36767,5.0
25046,36768,2.0
25046,36769,19.0
25047,36770,1.0
25048,36771,3.0
25049,36772,2.0
25049,36773,19.0
25050,36774,
25051,36775,17.0
25052,36776,3.0
25053,36777,27.0
25054,36778,2.0
25054,36779,19.0
25055,36780,1.0
25056,36781,3.0
25057,36782,1.0
25058,36783,5.0
25059,36784,17.0
25060,36785,13.0
25061,36786,16.0
25062,36787,1.0
25063,36788,3.0
25064,36789,5.0
25065,36790,3.0
25066,36791,1.0
25067,36792,26.0
25068,36793,2.0
25068,36794,19.0
25069,36795,1.0
25070,36796,1.0
25071,36797,17.0
25072,36798,3.0
25073,36799,5.0
25074,36800,5.0
25075,36801,13.0
25076,36802,1.0
25077,36803,1.0
25078,36804,1.0
25079,36805,10.0
25079,36806,11.0
25080,36807,3.0
25081,36808,
25082,36809,
25083,36810,16.0
25084,36811,14.0
25085,36812,5.0
25086,36813,2.0
25086,36814,19.0
25087,36815,13.0
25088,36816,2.0
25088,36817,19.0
25089,36818,10.0
25089,36819,11.0
25090,36820,5.0
25091,36821,5.0
25092,36822,5.0
25093,36823,1.0
25094,36824,5.0
25095,36825,1.0
25096,36826,3.0
25097,36827,16.0
25098,36828,16.0
25099,36829,13.0
25100,36830,1.0
25101,36831,5.0
25102,36832,16.0
25103,36833,1.0
25104,36834,3.0
25104,36835,4.0
25105,36836,16.0
25106,36837,1.0
25107,36838,21.0
25108,36839,5.0
25109,36840,14.0
25110,36841,13.0
25111,36842,5.0
25112,36843,1.0
25113,36844,13.0
25114,36845,1.0
25115,36846,1.0
25116,36847,3.0
25117,36848,5.0
25118,36849,3.0
25119,36850,1.0
25120,36851,13.0
25121,36852,1.0
25122,36853,14.0
25123,36854,1.0
25124,36855,5.0
25125,36856,23.0
25126,36857,1.0
25127,36858,10.0
25127,36859,11.0
25128,36860,2.0
25128,36861,19.0
25129,36862,1.0
25130,36863,2.0
25130,36864,14.0
25130,36865,3.0
25131,36866,3.0
25132,36867,13.0
25133,36868,16.0
25134,36869,1.0
25135,36870,3.0
25136,36871,5.0
25137,36872,10.0
25137,36873,11.0
25138,36874,16.0
25139,36875,14.0
25140,36876,1.0
25141,36877,1.0
25142,36878,10.0
25142,36879,11.0
25143,36880,10.0
25143,36881,11.0
25144,36882,16.0
25145,36883,13.0
25146,36884,21.0
25147,36885,10.0
25147,36886,11.0
25148,36887,14.0
25149,36888,14.0
25150,36889,1.0
25151,36890,16.0
25152,36891,5.0
25153,36892,5.0
25154,36893,1.0
25155,36894,3.0
25156,36895,1.0
25157,36896,13.0
25158,36897,13.0
25159,36898,5.0
25160,36899,1.0
25161,36900,1.0
25162,36901,1.0
25163,36902,16.0
25164,36903,16.0
25165,36904,14.0
25166,36905,1.0
25167,36906,5.0
25168,36907,1.0
25169,36908,1.0
25170,36909,13.0
25171,36910,13.0
25172,36911,13.0
25172,36912,9.0
25173,36913,1.0
25174,36914,1.0
25175,36915,14.0
25176,36916,13.0
25177,36917,1.0
25178,36918,1.0
25178,36919,22.0
25178,36920,14.0
25179,36921,13.0
25180,36922,5.0
25181,36923,
25182,36924,1.0
25183,36925,5.0
25184,36926,3.0
25185,36927,5.0
25186,36928,1.0
25187,36929,17.0
25188,36930,1.0
25189,36931,1.0
25190,36932,1.0
25191,36933,13.0
25192,36934,1.0
25193,36935,13.0
25194,36936,1.0
25195,36937,1.0
25196,36938,14.0
25197,36939,5.0
25198,36940,3.0
25199,36941,3.0
25200,36942,
25201,36943,1.0
25202,36944,1.0
25203,36945,1.0
25204,36946,1.0
25205,36947,5.0
25206,36948,5.0
25207,36949,1.0
25208,36950,5.0
25209,36951,3.0
25210,36952,5.0
25211,36953,5.0
25212,36954,1.0
25213,36955,1.0
25214,36956,1.0
25214,36957,9.0
25214,36958,2.0
25214,36959,4.0
25214,36960,12.0
25215,36961,17.0
25216,36962,1.0
25217,36963,5.0
25218,36964,5.0
25219,36965,17.0
25220,36966,2.0
25220,36967,19.0
25221,36968,17.0
25222,36969,3.0
25223,36970,1.0
25224,36971,1.0
25225,36972,2.0
25225,36973,19.0
25226,36974,14.0
25226,36975,3.0
25227,36976,14.0
25228,36977,3.0
25229,36978,10.0
25229,36979,11.0
25230,36980,2.0
25230,36981,19.0
25231,36982,1.0
25232,36983,1.0
25233,36984,1.0
25234,36985,3.0
25235,36986,24.0
25235,36987,5.0
25236,36988,5.0
25237,36989,1.0
25238,36990,1.0
25239,36991,1.0
25240,36992,5.0
25241,36993,13.0
25242,36994,13.0
25243,36995,3.0
25244,36996,5.0
25245,36997,14.0
25246,36998,3.0
25247,36999,14.0
25248,37000,1.0
25248,37001,2.0
25249,37002,1.0
25250,37003,3.0
25251,37004,3.0
25252,37005,3.0
25253,37006,3.0
25254,37007,13.0
25255,37008,5.0
25256,37009,1.0
25257,37010,5.0
25258,37011,1.0
25259,37012,5.0
25260,37013,5.0
25261,37014,5.0
25262,37015,3.0
25263,37016,3.0
25264,37017,1.0
25265,37018,1.0
25266,37019,14.0
25267,37020,
25268,37021,3.0
25269,37022,10.0
25269,37023,11.0
25270,37024,3.0
25271,37025,13.0
25272,37026,1.0
25273,37027,5.0
25274,37028,2.0
25274,37029,19.0
25275,37030,3.0
25276,37031,21.0
25277,37032,5.0
25278,37033,16.0
25279,37034,10.0
25279,37035,11.0
25280,37036,3.0
25281,37037,1.0
25282,37038,3.0
25283,37039,5.0
25284,37040,1.0
25285,37041,14.0
25286,37042,16.0
25287,37043,13.0
25288,37044,2.0
25288,37045,19.0
25289,37046,3.0
25290,37047,2.0
25290,37048,19.0
25291,37049,13.0
25292,37050,1.0
25293,37051,1.0
25294,37052,21.0
25295,37053,14.0
25296,37054,2.0
25296,37055,19.0
25297,37056,16.0
25298,37057,5.0
25299,37058,1.0
25299,37059,7.0
25299,37060,3.0
25299,37061,4.0
25299,37062,24.0
25299,37063,21.0
25300,37064,8.0
25300,37065,5.0
25301,37066,5.0
25302,37067,17.0
25303,37068,13.0
25304,37069,5.0
25305,37070,1.0
25306,37071,2.0
25306,37072,19.0
25307,37073,1.0
25308,37074,1.0
25309,37075,17.0
25310,37076,3.0
25311,37077,16.0
25312,37078,1.0
25312,37079,6.0
25313,37080,10.0
25313,37081,11.0
25314,37082,3.0
25315,37083,13.0
25316,37084,10.0
25316,37085,11.0
25317,37086,2.0
25317,37087,19.0
25318,37088,5.0
25319,37089,1.0
25320,37090,3.0
25321,37091,5.0
25322,37092,1.0
25323,37093,14.0
25324,37094,1.0
25325,37095,3.0
25326,37096,1.0
25327,37097,13.0
25328,37098,1.0
25329,37099,13.0
25330,37100,3.0
25331,37101,10.0
25331,37102,11.0
25332,37103,16.0
25333,37104,1.0
25334,37105,5.0
25335,37106,2.0
25335,37107,19.0
25336,37108,
25337,37109,1.0
25338,37110,14.0
25339,37111,17.0
25340,37112,1.0
25341,37113,1.0
25342,37114,16.0
25342,37115,1.0
25342,37116,7.0
25342,37117,3.0
25342,37118,25.0
25342,37119,15.0
25342,37120,21.0
25343,37121,1.0
25344,37122,2.0
25344,37123,19.0
25345,37124,2.0
25345,37125,19.0
25346,37126,1.0
25347,37127,1.0
25348,37128,1.0
25349,37129,13.0
25350,37130,1.0
25351,37131,5.0
25352,37132,24.0
25352,37133,5.0
25353,37134,10.0
25353,37135,11.0
25354,37136,17.0
25355,37137,2.0
25355,37138,19.0
25356,37139,14.0
25357,37140,2.0
25358,37141,1.0
25359,37142,1.0
25360,37143,10.0
25360,37144,11.0
25361,37145,3.0
25362,37146,2.0
25362,37147,19.0
25363,37148,10.0
25363,37149,11.0
25364,37150,14.0
25365,37151,1.0
25366,37152,1.0
25367,37153,1.0
25368,37154,1.0
25369,37155,5.0
25370,37156,
25371,37157,3.0
25372,37158,13.0
25373,37159,1.0
25374,37160,5.0
25375,37161,2.0
25375,37162,19.0
25376,37163,1.0
25377,37164,1.0
25378,37165,1.0
25379,37166,16.0
25380,37167,3.0
25381,37168,1.0
25382,37169,1.0
25383,37170,1.0
25384,37171,1.0
25385,37172,1.0
25386,37173,3.0
25387,37174,1.0
25388,37175,5.0
25389,37176,2.0
25389,37177,19.0
25390,37178,16.0
25391,37179,13.0
25392,37180,29.0
25393,37181,5.0
25394,37182,1.0
25395,37183,5.0
25396,37184,5.0
25397,37185,3.0
25398,37186,13.0
25399,37187,2.0
25399,37188,19.0
25400,37189,5.0
25401,37190,5.0
25402,37191,2.0
25402,37192,19.0
25403,37193,1.0
25404,37194,5.0
25405,37195,3.0
25406,37196,1.0
25407,37197,2.0
25407,37198,19.0
25408,37199,1.0
25409,37200,3.0
25410,37201,21.0
25411,37202,1.0
25411,37203,5.0
25412,37204,14.0
25413,37205,14.0
25414,37206,14.0
25415,37207,1.0
25416,37208,1.0
25417,37209,26.0
25418,37210,14.0
25419,37211,16.0
25420,37212,5.0
25421,37213,1.0
25422,37214,3.0
25423,37215,14.0
25424,37216,5.0
25425,37217,2.0
25425,37218,19.0
25426,37219,3.0
25427,37220,13.0
25428,37221,5.0
25429,37222,16.0
25430,37223,1.0
25431,37224,5.0
25432,37225,5.0
25433,37226,1.0
25434,37227,3.0
25435,37228,14.0
25436,37229,27.0
25437,37230,27.0
25438,37231,1.0
25439,37232,5.0
25440,37233,1.0
25441,37234,14.0
25442,37235,1.0
25443,37236,1.0
25444,37237,3.0
25445,37238,
25446,37239,1.0
25447,37240,1.0
25448,37241,16.0
25449,37242,5.0
25450,37243,1.0
25451,37244,1.0
25452,37245,2.0
25452,37246,19.0
25453,37247,
25454,37248,3.0
25455,37249,3.0
25456,37250,1.0
25457,37251,1.0
25458,37252,3.0
25459,37253,17.0
25460,37254,5.0
25461,37255,5.0
25462,37256,10.0
25462,37257,11.0
25463,37258,1.0
25464,37259,
25465,37260,2.0
25465,37261,19.0
25466,37262,5.0
25467,37263,14.0
25468,37264,13.0
25469,37265,1.0
25470,37266,1.0
25471,37267,3.0
25472,37268,5.0
25473,37269,16.0
25474,37270,14.0
25475,37271,16.0
25476,37272,1.0
25477,37273,5.0
25478,37274,27.0
25479,37275,7.0
25480,37276,1.0
25481,37277,1.0
25482,37278,5.0
25483,37279,10.0
25483,37280,11.0
25484,37281,13.0
25484,37282,3.0
25484,37283,6.0
25485,37284,1.0
25486,37285,21.0
25487,37286,17.0
25488,37287,1.0
25489,37288,13.0
25490,37289,10.0
25490,37290,11.0
25491,37291,16.0
25492,37292,1.0
25493,37293,1.0
25494,37294,3.0
25495,37295,21.0
25496,37296,3.0
25497,37297,27.0
25498,37298,10.0
25498,37299,11.0
25499,37300,5.0
25500,37301,1.0
25501,37302,1.0
25501,37303,3.0
25501,37304,4.0
25502,37305,14.0
25503,37306,13.0
25504,37307,1.0
25505,37308,1.0
25506,37309,16.0
25507,37310,3.0
25508,37311,3.0
25509,37312,5.0
25510,37313,5.0
25511,37314,13.0
25512,37315,1.0
25513,37316,
25514,37317,1.0
25515,37318,16.0
25516,37319,13.0
25517,37320,5.0
25518,37321,5.0
25519,37322,1.0
25520,37323,5.0
25521,37324,1.0
25522,37325,13.0
25522,37326,16.0
25522,37327,23.0
25522,37328,1.0
25522,37329,7.0
25522,37330,14.0
25522,37331,3.0
25522,37332,6.0
25523,37333,1.0
25524,37334,5.0
25525,37335,21.0
25526,37336,5.0
25527,37337,5.0
25528,37338,16.0
25529,37339,1.0
25530,37340,1.0
25531,37341,3.0
25532,37342,17.0
25533,37343,17.0
25534,37344,1.0
25535,37345,1.0
25536,37346,14.0
25537,37347,1.0
25538,37348,3.0
25539,37349,2.0
25539,37350,19.0
25540,37351,1.0
25541,37352,13.0
25542,37353,1.0
25543,37354,2.0
25543,37355,19.0
25544,37356,3.0
25545,37357,1.0
25546,37358,5.0
25547,37359,14.0
25548,37360,8.0
25548,37361,18.0
25548,37362,5.0
25549,37363,1.0
25550,37364,1.0
25551,37365,1.0
25552,37366,16.0
25553,37367,1.0
25554,37368,16.0
25555,37369,
25556,37370,3.0
25557,37371,1.0
25557,37372,2.0
25558,37373,3.0
25559,37374,10.0
25559,37375,11.0
25560,37376,1.0
25561,37377,14.0
25562,37378,3.0
25563,37379,16.0
25564,37380,5.0
25565,37381,5.0
25566,37382,27.0
25567,37383,3.0
25568,37384,5.0
25569,37385,5.0
25570,37386,1.0
25571,37387,5.0
25572,37388,16.0
25573,37389,1.0
25574,37390,1.0
25575,37391,1.0
25576,37392,21.0
25577,37393,5.0
25578,37394,24.0
25578,37395,5.0
25579,37396,1.0
25580,37397,5.0
25581,37398,5.0
25582,37399,17.0
25583,37400,3.0
25584,37401,5.0
25585,37402,17.0
25586,37403,21.0
25587,37404,1.0
25588,37405,2.0
25588,37406,19.0
25589,37407,1.0
25590,37408,2.0
25590,37409,19.0
25591,37410,1.0
25591,37411,4.0
25592,37412,1.0
25593,37413,2.0
25593,37414,19.0
25594,37415,14.0
25595,37416,5.0
25596,37417,5.0
25597,37418,3.0
25598,37419,1.0
25599,37420,1.0
25600,37421,16.0
25601,37422,1.0
25602,37423,1.0
25603,37424,3.0
25604,37425,3.0
25605,37426,5.0
25606,37427,1.0
25607,37428,16.0
25608,37429,1.0
25609,37430,5.0
25610,37431,1.0
25611,37432,14.0
25612,37433,1.0
25613,37434,5.0
25614,37435,1.0
25615,37436,16.0
25616,37437,14.0
25617,37438,2.0
25617,37439,19.0
25618,37440,1.0
25619,37441,5.0
25620,37442,16.0
25621,37443,1.0
25622,37444,13.0
25623,37445,3.0
25624,37446,1.0
25625,37447,5.0
25626,37448,1.0
25627,37449,1.0
25628,37450,8.0
25628,37451,1.0
25628,37452,9.0
25628,37453,4.0
25628,37454,24.0
25629,37455,1.0
25630,37456,1.0
25631,37457,16.0
25632,37458,1.0
25633,37459,3.0
25634,37460,14.0
25635,37461,3.0
25636,37462,1.0
25637,37463,5.0
25638,37464,5.0
25639,37465,3.0
25640,37466,1.0
25641,37467,1.0
25642,37468,1.0
25643,37469,14.0
25644,37470,14.0
25645,37471,5.0
25646,37472,1.0
25647,37473,1.0
25648,37474,17.0
25649,37475,17.0
25650,37476,5.0
25651,37477,2.0
25651,37478,19.0
25652,37479,5.0
25653,37480,3.0
25654,37481,14.0
25655,37482,13.0
25656,37483,13.0
25657,37484,5.0
25658,37485,3.0
25659,37486,1.0
25660,37487,1.0
25661,37488,16.0
25662,37489,16.0
25663,37490,5.0
25664,37491,21.0
25665,37492,10.0
25665,37493,11.0
25666,37494,3.0
25667,37495,8.0
25667,37496,24.0
25667,37497,5.0
25668,37498,16.0
25669,37499,3.0
25670,37500,1.0
25670,37501,3.0
25671,37502,24.0
25671,37503,5.0
25672,37504,5.0
25673,37505,5.0
25674,37506,17.0
25675,37507,1.0
25676,37508,1.0
25677,37509,3.0
25678,37510,1.0
25679,37511,10.0
25679,37512,11.0
25680,37513,16.0
25681,37514,1.0
25682,37515,5.0
25683,37516,1.0
25684,37517,5.0
25685,37518,1.0
25686,37519,1.0
25687,37520,2.0
25687,37521,19.0
25688,37522,
25689,37523,1.0
25690,37524,3.0
25691,37525,3.0
25692,37526,1.0
25693,37527,21.0
25694,37528,5.0
25695,37529,3.0
25696,37530,1.0
25696,37531,2.0
25696,37532,6.0
25697,37533,5.0
25698,37534,1.0
25699,37535,1.0
25700,37536,1.0
25701,37537,2.0
25701,37538,19.0
25702,37539,13.0
25703,37540,3.0
25704,37541,5.0
25705,37542,16.0
25705,37543,1.0
25705,37544,7.0
25705,37545,15.0
25706,37546,16.0
25707,37547,2.0
25707,37548,19.0
25708,37549,
25709,37550,5.0
25710,37551,13.0
25711,37552,16.0
25712,37553,1.0
25713,37554,1.0
25714,37555,10.0
25714,37556,11.0
25715,37557,10.0
25715,37558,11.0
25716,37559,5.0
25717,37560,
25718,37561,1.0
25719,37562,
25720,37563,14.0
25721,37564,5.0
25722,37565,5.0
25723,37566,5.0
25724,37567,8.0
25724,37568,1.0
25724,37569,5.0
25725,37570,16.0
25726,37571,1.0
25727,37572,1.0
25728,37573,5.0
25729,37574,1.0
25730,37575,3.0
25731,37576,5.0
25732,37577,13.0
25733,37578,16.0
25734,37579,10.0
25734,37580,11.0
25735,37581,5.0
25736,37582,1.0
25737,37583,3.0
25738,37584,1.0
25739,37585,1.0
25740,37586,2.0
25740,37587,19.0
25741,37588,3.0
25742,37589,5.0
25743,37590,2.0
25744,37591,8.0
25744,37592,1.0
25744,37593,4.0
25745,37594,5.0
25746,37595,5.0
25747,37596,17.0
25748,37597,1.0
25749,37598,16.0
25750,37599,17.0
25751,37600,1.0
25752,37601,5.0
25753,37602,5.0
25754,37603,1.0
25755,37604,1.0
25756,37605,5.0
25757,37606,1.0
25758,37607,1.0
25759,37608,2.0
25759,37609,19.0
25760,37610,5.0
25761,37611,1.0
25762,37612,13.0
25762,37613,16.0
25762,37614,1.0
25762,37615,7.0
25762,37616,15.0
25763,37617,16.0
25764,37618,1.0
25765,37619,1.0
25766,37620,14.0
25767,37621,2.0
25767,37622,19.0
25768,37623,13.0
25769,37624,1.0
25770,37625,5.0
25771,37626,5.0
25772,37627,5.0
25773,37628,1.0
25774,37629,13.0
25775,37630,5.0
25776,37631,5.0
25777,37632,17.0
25778,37633,1.0
25779,37634,
25780,37635,5.0
25781,37636,3.0
25782,37637,14.0
25783,37638,16.0
25784,37639,1.0
25785,37640,1.0
25786,37641,3.0
25787,37642,1.0
25788,37643,14.0
25789,37644,2.0
25789,37645,19.0
25790,37646,1.0
25791,37647,13.0
25792,37648,5.0
25793,37649,10.0
25793,37650,11.0
25794,37651,13.0
25795,37652,16.0
25796,37653,16.0
25797,37654,5.0
25798,37655,16.0
25799,37656,3.0
25800,37657,5.0
25801,37658,17.0
25802,37659,
25803,37660,1.0
25804,37661,3.0
25805,37662,5.0
25806,37663,2.0
25806,37664,19.0
25807,37665,5.0
25808,37666,1.0
25809,37667,1.0
25810,37668,1.0
25811,37669,5.0
25812,37670,14.0
25813,37671,5.0
25814,37672,5.0
25815,37673,1.0
25816,37674,5.0
25817,37675,1.0
25818,37676,3.0
25819,37677,27.0
25820,37678,14.0
25821,37679,3.0
25822,37680,1.0
25823,37681,13.0
25824,37682,3.0
25825,37683,1.0
25826,37684,1.0
25827,37685,1.0
25828,37686,2.0
25828,37687,19.0
25829,37688,14.0
25830,37689,1.0
25831,37690,3.0
25832,37691,5.0
25833,37692,2.0
25833,37693,19.0
25834,37694,1.0
25835,37695,5.0
25836,37696,1.0
25837,37697,16.0
25838,37698,1.0
25838,37699,9.0
25839,37700,1.0
25840,37701,5.0
25841,37702,3.0
25842,37703,13.0
25843,37704,5.0
25844,37705,5.0
25845,37706,1.0
25846,37707,13.0
25847,37708,5.0
25848,37709,1.0
25849,37710,1.0
25850,37711,3.0
25851,37712,3.0
25852,37713,3.0
25853,37714,2.0
25853,37715,19.0
25854,37716,3.0
25855,37717,16.0
25856,37718,3.0
25857,37719,5.0
25858,37720,1.0
25859,37721,5.0
25860,37722,13.0
25861,37723,5.0
25862,37724,1.0
25863,37725,1.0
25864,37726,2.0
25864,37727,19.0
25865,37728,3.0
25866,37729,1.0
25867,37730,2.0
25867,37731,19.0
25868,37732,2.0
25868,37733,19.0
25869,37734,14.0
25870,37735,16.0
25871,37736,1.0
25872,37737,1.0
25873,37738,14.0
25874,37739,3.0
25875,37740,1.0
25876,37741,1.0
25877,37742,
25878,37743,1.0
25879,37744,
25880,37745,1.0
25881,37746,1.0
25882,37747,1.0
25883,37748,5.0
25884,37749,17.0
25885,37750,2.0
25885,37751,19.0
25886,37752,16.0
25887,37753,1.0
25888,37754,1.0
25889,37755,5.0
25890,37756,1.0
25891,37757,22.0
25891,37758,2.0
25892,37759,27.0
25893,37760,27.0
25894,37761,5.0
25895,37762,10.0
25895,37763,11.0
25896,37764,10.0
25896,37765,11.0
25897,37766,1.0
25898,37767,1.0
25899,37768,3.0
25900,37769,
25901,37770,5.0
25902,37771,3.0
25903,37772,13.0
25904,37773,
25905,37774,2.0
25905,37775,19.0
25906,37776,5.0
25907,37777,14.0
25908,37778,2.0
25908,37779,6.0
25909,37780,1.0
25910,37781,14.0
25911,37782,1.0
25912,37783,5.0
25913,37784,16.0
25914,37785,1.0
25915,37786,1.0
25916,37787,13.0
25917,37788,1.0
25918,37789,5.0
25919,37790,14.0
25920,37791,1.0
25921,37792,1.0
25922,37793,3.0
25923,37794,1.0
25924,37795,
25925,37796,5.0
25926,37797,26.0
25927,37798,1.0
25928,37799,1.0
25928,37800,2.0
25928,37801,14.0
25929,37802,5.0
25930,37803,14.0
25931,37804,1.0
25931,37805,2.0
25932,37806,16.0
25933,37807,1.0
25934,37808,1.0
25935,37809,1.0
25936,37810,16.0
25937,37811,1.0
25938,37812,1.0
25939,37813,13.0
25940,37814,1.0
25941,37815,2.0
25941,37816,19.0
25942,37817,21.0
25943,37818,3.0
25944,37819,5.0
25945,37820,1.0
25946,37821,1.0
25947,37822,1.0
25948,37823,8.0
25948,37824,3.0
25948,37825,5.0
25949,37826,14.0
25950,37827,3.0
25951,37828,13.0
25952,37829,1.0
25952,37830,3.0
25952,37831,4.0
25953,37832,3.0
25954,37833,14.0
25955,37834,1.0
25956,37835,1.0
25957,37836,1.0
25958,37837,1.0
25959,37838,13.0
25960,37839,1.0
25961,37840,
25962,37841,8.0
25962,37842,5.0
25963,37843,14.0
25964,37844,1.0
25965,37845,1.0
25966,37846,5.0
25967,37847,1.0
25968,37848,1.0
25969,37849,14.0
25970,37850,1.0
25971,37851,3.0
25972,37852,5.0
25973,37853,13.0
25974,37854,5.0
25975,37855,1.0
25976,37856,14.0
25977,37857,16.0
25978,37858,5.0
25979,37859,5.0
25980,37860,13.0
25981,37861,27.0
25982,37862,3.0
25983,37863,1.0
25984,37864,1.0
25985,37865,1.0
25986,37866,5.0
25987,37867,5.0
25988,37868,1.0
25988,37869,3.0
25989,37870,16.0
25990,37871,1.0
25991,37872,14.0
25992,37873,5.0
25993,37874,13.0
25993,37875,16.0
25993,37876,23.0
25993,37877,1.0
25993,37878,2.0
25993,37879,7.0
25993,37880,3.0
25993,37881,25.0
25994,37882,1.0
25995,37883,8.0
25995,37884,1.0
25995,37885,7.0
25995,37886,24.0
25995,37887,21.0
25996,37888,1.0
25997,37889,14.0
25998,37890,16.0
25999,37891,5.0
26000,37892,3.0
26001,37893,1.0
26001,37894,4.0
26002,37895,8.0
26002,37896,1.0
26003,37897,3.0
26004,37898,1.0
26005,37899,3.0
26006,37900,5.0
26007,37901,1.0
26008,37902,10.0
26008,37903,11.0
26009,37904,14.0
26010,37905,16.0
26011,37906,16.0
26012,37907,1.0
26013,37908,5.0
26014,37909,5.0
26015,37910,16.0
26016,37911,1.0
26016,37912,9.0
26017,37913,5.0
26018,37914,16.0
26019,37915,1.0
26020,37916,5.0
26021,37917,3.0
26022,37918,17.0
26023,37919,5.0
26024,37920,1.0
26025,37921,5.0
26026,37922,1.0
26027,37923,14.0
26028,37924,5.0
26029,37925,14.0
26030,37926,1.0
26031,37927,1.0
26032,37928,14.0
26033,37929,2.0
26033,37930,19.0
26034,37931,1.0
26035,37932,3.0
26036,37933,5.0
26037,37934,14.0
26038,37935,1.0
26039,37936,1.0
26040,37937,5.0
26041,37938,1.0
26042,37939,3.0
26043,37940,1.0
26044,37941,2.0
26044,37942,19.0
26045,37943,1.0
26046,37944,23.0
26046,37945,22.0
26046,37946,2.0
26046,37947,14.0
26047,37948,5.0
26048,37949,10.0
26048,37950,11.0
26049,37951,1.0
26050,37952,27.0
26051,37953,14.0
26052,37954,10.0
26052,37955,11.0
26053,37956,3.0
26054,37957,5.0
26055,37958,3.0
26056,37959,1.0
26057,37960,14.0
26058,37961,1.0
26059,37962,14.0
26060,37963,1.0
26061,37964,2.0
26061,37965,19.0
26062,37966,3.0
26063,37967,5.0
26064,37968,14.0
26065,37969,27.0
26066,37970,1.0
26067,37971,13.0
26068,37972,1.0
26069,37973,1.0
26070,37974,1.0
26071,37975,1.0
26072,37976,10.0
26072,37977,11.0
26073,37978,3.0
26074,37979,13.0
26075,37980,5.0
26076,37981,5.0
26077,37982,1.0
26078,37983,10.0
26078,37984,11.0
26079,37985,13.0
26080,37986,1.0
26081,37987,14.0
26082,37988,
26083,37989,16.0
26084,37990,5.0
26085,37991,
26086,37992,21.0
26087,37993,10.0
26087,37994,11.0
26088,37995,1.0
26089,37996,14.0
26090,37997,3.0
26091,37998,14.0
26092,37999,
26093,38000,16.0
26094,38001,17.0
26095,38002,3.0
26096,38003,5.0
26097,38004,1.0
26098,38005,1.0
26099,38006,1.0
26100,38007,1.0
26101,38008,5.0
26102,38009,5.0
26103,38010,5.0
26104,38011,16.0
26105,38012,14.0
26106,38013,1.0
26106,38014,22.0
26106,38015,2.0
26106,38016,14.0
26107,38017,27.0
26108,38018,3.0
26109,38019,3.0
26110,38020,21.0
26111,38021,5.0
26112,38022,5.0
26113,38023,3.0
26114,38024,1.0
26115,38025,5.0
26116,38026,5.0
26117,38027,2.0
26117,38028,19.0
26118,38029,3.0
26119,38030,17.0
26120,38031,5.0
26121,38032,10.0
26121,38033,11.0
26122,38034,1.0
26123,38035,3.0
26124,38036,3.0
26125,38037,16.0
26126,38038,1.0
26127,38039,2.0
26127,38040,19.0
26128,38041,5.0
26129,38042,5.0
26130,38043,2.0
26130,38044,3.0
26131,38045,14.0
26132,38046,5.0
26133,38047,14.0
26134,38048,
26135,38049,16.0
26136,38050,5.0
26137,38051,14.0
26138,38052,1.0
26139,38053,1.0
26140,38054,5.0
26141,38055,1.0
26142,38056,1.0
26143,38057,17.0
26144,38058,3.0
26145,38059,14.0
26146,38060,
26147,38061,5.0
26148,38062,1.0
26149,38063,1.0
26150,38064,16.0
26151,38065,16.0
26152,38066,1.0
26153,38067,14.0
26154,38068,5.0
26155,38069,3.0
26156,38070,10.0
26156,38071,11.0
26157,38072,13.0
26158,38073,1.0
26159,38074,26.0
26160,38075,1.0
26161,38076,
26162,38077,14.0
26163,38078,2.0
26163,38079,19.0
26164,38080,10.0
26164,38081,11.0
26165,38082,5.0
26166,38083,1.0
26167,38084,14.0
26168,38085,1.0
26169,38086,3.0
26170,38087,1.0
26171,38088,5.0
26172,38089,1.0
26173,38090,3.0
26174,38091,3.0
26175,38092,2.0
26175,38093,19.0
26176,38094,16.0
26176,38095,7.0
26176,38096,3.0
26176,38097,4.0
26176,38098,15.0
26176,38099,21.0
26177,38100,3.0
26178,38101,16.0
26178,38102,9.0
26178,38103,3.0
26178,38104,5.0
26179,38105,1.0
26180,38106,1.0
26181,38107,2.0
26181,38108,19.0
26182,38109,1.0
26183,38110,3.0
26184,38111,1.0
26185,38112,1.0
26186,38113,1.0
26187,38114,1.0
26188,38115,3.0
26189,38116,17.0
26190,38117,2.0
26190,38118,19.0
26191,38119,5.0
26192,38120,5.0
26193,38121,1.0
26194,38122,2.0
26194,38123,19.0
26195,38124,1.0
26196,38125,14.0
26197,38126,3.0
26198,38127,16.0
26199,38128,1.0
26200,38129,13.0
26201,38130,5.0
26202,38131,3.0
26203,38132,2.0
26203,38133,19.0
26204,38134,14.0
26205,38135,5.0
26206,38136,17.0
26207,38137,1.0
26208,38138,5.0
26209,38139,13.0
26209,38140,1.0
26209,38141,2.0
26209,38142,6.0
26210,38143,13.0
26211,38144,5.0
26212,38145,13.0
26213,38146,14.0
26214,38147,5.0
26215,38148,1.0
26216,38149,5.0
26217,38150,
26218,38151,16.0
26219,38152,3.0
26220,38153,
26221,38154,1.0
26222,38155,1.0
26223,38156,17.0
26224,38157,5.0
26225,38158,1.0
26226,38159,8.0
26226,38160,1.0
26226,38161,9.0
26227,38162,1.0
26227,38163,3.0
26227,38164,4.0
26228,38165,5.0
26229,38166,3.0
26230,38167,1.0
26231,38168,2.0
26231,38169,19.0
26232,38170,1.0
26233,38171,16.0
26233,38172,5.0
26234,38173,23.0
26234,38174,1.0
26234,38175,9.0
26234,38176,4.0
26234,38177,12.0
26235,38178,1.0
26236,38179,5.0
26237,38180,1.0
26237,38181,20.0
26238,38182,5.0
26239,38183,1.0
26240,38184,1.0
26241,38185,26.0
26242,38186,1.0
26242,38187,4.0
26243,38188,16.0
26244,38189,1.0
26245,38190,1.0
26246,38191,1.0
26247,38192,3.0
26248,38193,3.0
26249,38194,2.0
26249,38195,19.0
26250,38196,1.0
26251,38197,1.0
26252,38198,3.0
26253,38199,10.0
26253,38200,11.0
26254,38201,1.0
26255,38202,3.0
26256,38203,1.0
26257,38204,1.0
26258,38205,5.0
26259,38206,14.0
26260,38207,16.0
26261,38208,5.0
26262,38209,1.0
26263,38210,1.0
26264,38211,3.0
26265,38212,23.0
26265,38213,22.0
26265,38214,7.0
26266,38215,5.0
26267,38216,16.0
26268,38217,3.0
26269,38218,1.0
26270,38219,3.0
26271,38220,3.0
26272,38221,
26273,38222,3.0
26274,38223,16.0
26275,38224,14.0
26276,38225,3.0
26276,38226,4.0
26277,38227,3.0
26278,38228,3.0
26279,38229,5.0
26280,38230,27.0
26281,38231,13.0
26282,38232,2.0
26282,38233,14.0
26283,38234,5.0
26284,38235,21.0
26285,38236,3.0
26286,38237,24.0
26286,38238,5.0
26287,38239,16.0
26288,38240,1.0
26289,38241,1.0
26290,38242,1.0
26291,38243,
26292,38244,3.0
26293,38245,1.0
26294,38246,1.0
26295,38247,1.0
26296,38248,13.0
26297,38249,14.0
26298,38250,16.0
26299,38251,2.0
26299,38252,19.0
26300,38253,1.0
26301,38254,1.0
26302,38255,1.0
26303,38256,16.0
26304,38257,1.0
26305,38258,5.0
26306,38259,17.0
26307,38260,2.0
26307,38261,19.0
26308,38262,5.0
26309,38263,16.0
26310,38264,10.0
26310,38265,11.0
26311,38266,1.0
26312,38267,16.0
26313,38268,2.0
26313,38269,19.0
26314,38270,1.0
26315,38271,23.0
26315,38272,1.0
26316,38273,5.0
26317,38274,2.0
26317,38275,19.0
26318,38276,5.0
26319,38277,1.0
26320,38278,3.0
26321,38279,16.0
26322,38280,1.0
26323,38281,5.0
26324,38282,1.0
26325,38283,5.0
26326,38284,
26327,38285,1.0
26328,38286,5.0
26329,38287,16.0
26330,38288,3.0
26331,38289,1.0
26332,38290,5.0
26333,38291,5.0
26334,38292,14.0
26335,38293,23.0
26335,38294,14.0
26336,38295,5.0
26337,38296,16.0
26338,38297,1.0
26338,38298,2.0
26338,38299,3.0
26339,38300,5.0
26340,38301,16.0
26341,38302,5.0
26342,38303,3.0
26343,38304,1.0
26344,38305,2.0
26344,38306,19.0
26345,38307,3.0
26346,38308,1.0
26347,38309,16.0
26348,38310,1.0
26349,38311,5.0
26350,38312,3.0
26351,38313,1.0
26352,38314,13.0
26353,38315,14.0
26354,38316,14.0
26355,38317,14.0
26356,38318,5.0
26357,38319,14.0
26358,38320,2.0
26358,38321,19.0
26359,38322,5.0
26360,38323,
26361,38324,1.0
26362,38325,1.0
26363,38326,16.0
26364,38327,17.0
26365,38328,1.0
26366,38329,5.0
26367,38330,16.0
26368,38331,10.0
26368,38332,11.0
26369,38333,2.0
26369,38334,19.0
26370,38335,17.0
26371,38336,13.0
26372,38337,1.0
26373,38338,13.0
26374,38339,14.0
26375,38340,1.0
26376,38341,5.0
26377,38342,3.0
26378,38343,5.0
26379,38344,3.0
26380,38345,1.0
26381,38346,1.0
26382,38347,13.0
26383,38348,1.0
26384,38349,2.0
26384,38350,19.0
26385,38351,17.0
26386,38352,3.0
26387,38353,10.0
26387,38354,11.0
26388,38355,5.0
26389,38356,1.0
26389,38357,3.0
26390,38358,1.0
26391,38359,13.0
26391,38360,1.0
26391,38361,2.0
26392,38362,1.0
26393,38363,5.0
26394,38364,5.0
26395,38365,1.0
26396,38366,1.0
26397,38367,5.0
26398,38368,1.0
26399,38369,13.0
26400,38370,13.0
26400,38371,1.0
26400,38372,2.0
26400,38373,6.0
26401,38374,1.0
26401,38375,4.0
26402,38376,1.0
26403,38377,13.0
26404,38378,21.0
26405,38379,17.0
26406,38380,3.0
26407,38381,16.0
26408,38382,13.0
26408,38383,1.0
26408,38384,22.0
26408,38385,2.0
26408,38386,6.0
26409,38387,3.0
26410,38388,5.0
26411,38389,10.0
26411,38390,11.0
26412,38391,13.0
26413,38392,1.0
26414,38393,16.0
26415,38394,26.0
26416,38395,1.0
26417,38396,17.0
26418,38397,17.0
26419,38398,3.0
26420,38399,14.0
26421,38400,20.0
26422,38401,3.0
26423,38402,1.0
26424,38403,1.0
26425,38404,5.0
26426,38405,1.0
26427,38406,1.0
26428,38407,3.0
26429,38408,1.0
26430,38409,16.0
26431,38410,3.0
26432,38411,16.0
26433,38412,13.0
26434,38413,22.0
26434,38414,2.0
26434,38415,14.0
26435,38416,5.0
26436,38417,10.0
26436,38418,11.0
26437,38419,14.0
26438,38420,14.0
26439,38421,1.0
26440,38422,10.0
26440,38423,11.0
26441,38424,17.0
26442,38425,5.0
26443,38426,14.0
26444,38427,5.0
26445,38428,2.0
26445,38429,19.0
26446,38430,2.0
26446,38431,19.0
26447,38432,1.0
26448,38433,
26449,38434,1.0
26450,38435,1.0
26451,38436,1.0
26452,38437,
26453,38438,5.0
26454,38439,1.0
26455,38440,1.0
26456,38441,2.0
26456,38442,19.0
26457,38443,1.0
26458,38444,1.0
26458,38445,3.0
26459,38446,
26460,38447,1.0
26461,38448,3.0
26462,38449,1.0
26462,38450,3.0
26462,38451,24.0
26463,38452,14.0
26464,38453,5.0
26465,38454,2.0
26465,38455,14.0
26466,38456,5.0
26467,38457,3.0
26468,38458,1.0
26469,38459,5.0
26470,38460,1.0
26471,38461,1.0
26472,38462,1.0
26473,38463,14.0
26474,38464,1.0
26475,38465,3.0
26476,38466,13.0
26476,38467,1.0
26476,38468,9.0
26476,38469,2.0
26477,38470,14.0
26478,38471,14.0
26479,38472,1.0
26480,38473,
26481,38474,1.0
26482,38475,1.0
26483,38476,17.0
26484,38477,5.0
26485,38478,5.0
26486,38479,2.0
26486,38480,19.0
26487,38481,13.0
26488,38482,
26489,38483,2.0
26489,38484,19.0
26490,38485,13.0
26491,38486,1.0
26491,38487,5.0
26492,38488,1.0
26493,38489,1.0
26494,38490,14.0
26495,38491,5.0
26496,38492,1.0
26497,38493,1.0
26498,38494,13.0
26499,38495,1.0
26500,38496,5.0
26501,38497,16.0
26502,38498,3.0
26503,38499,5.0
26504,38500,16.0
26505,38501,5.0
26506,38502,1.0
26507,38503,1.0
26508,38504,14.0
26509,38505,1.0
26510,38506,14.0
26511,38507,1.0
26512,38508,2.0
26512,38509,19.0
26513,38510,13.0
26514,38511,17.0
26515,38512,2.0
26515,38513,19.0
26516,38514,5.0
26517,38515,5.0
26518,38516,1.0
26519,38517,5.0
26520,38518,5.0
26521,38519,3.0
26522,38520,1.0
26523,38521,5.0
26524,38522,
26525,38523,
26526,38524,13.0
26527,38525,5.0
26528,38526,
26529,38527,3.0
26530,38528,1.0
26531,38529,16.0
26532,38530,1.0
26533,38531,1.0
26534,38532,3.0
26535,38533,1.0
26536,38534,1.0
26537,38535,1.0
26538,38536,1.0
26538,38537,4.0
26538,38538,12.0
26539,38539,1.0
26540,38540,1.0
26540,38541,4.0
26541,38542,5.0
26542,38543,14.0
26543,38544,5.0
26544,38545,16.0
26545,38546,5.0
26546,38547,1.0
26547,38548,14.0
26548,38549,1.0
26549,38550,3.0
26550,38551,1.0
26551,38552,5.0
26552,38553,3.0
26553,38554,5.0
26554,38555,5.0
26555,38556,13.0
26556,38557,13.0
26557,38558,3.0
26558,38559,1.0
26559,38560,
26560,38561,16.0
26561,38562,14.0
26562,38563,
26563,38564,16.0
26564,38565,1.0
26565,38566,13.0
26566,38567,1.0
26567,38568,1.0
26568,38569,1.0
26569,38570,16.0
26570,38571,1.0
26571,38572,1.0
26572,38573,14.0
26573,38574,3.0
26574,38575,3.0
26575,38576,1.0
26576,38577,1.0
26577,38578,14.0
26578,38579,3.0
26579,38580,
26580,38581,1.0
26581,38582,3.0
26582,38583,5.0
26583,38584,1.0
26584,38585,13.0
26585,38586,1.0
26586,38587,5.0
26587,38588,5.0
26588,38589,
26589,38590,2.0
26589,38591,14.0
26589,38592,12.0
26590,38593,5.0
26591,38594,14.0
26592,38595,5.0
26593,38596,3.0
26594,38597,22.0
26594,38598,2.0
26594,38599,14.0
26595,38600,5.0
26596,38601,2.0
26596,38602,19.0
26597,38603,1.0
26598,38604,3.0
26599,38605,5.0
26600,38606,17.0
26601,38607,1.0
26602,38608,26.0
26603,38609,5.0
26604,38610,13.0
26605,38611,2.0
26605,38612,19.0
26606,38613,5.0
26607,38614,3.0
26608,38615,13.0
26609,38616,1.0
26610,38617,2.0
26610,38618,19.0
26611,38619,14.0
26612,38620,3.0
26613,38621,3.0
26614,38622,1.0
26615,38623,3.0
26616,38624,1.0
26617,38625,1.0
26618,38626,13.0
26619,38627,1.0
26619,38628,4.0
26620,38629,5.0
26621,38630,5.0
26622,38631,1.0
26623,38632,16.0
26624,38633,1.0
26625,38634,5.0
26626,38635,5.0
26627,38636,16.0
26628,38637,17.0
26629,38638,5.0
26630,38639,1.0
26631,38640,3.0
26632,38641,2.0
26632,38642,19.0
26633,38643,3.0
26634,38644,14.0
26635,38645,1.0
26636,38646,1.0
26637,38647,1.0
26638,38648,1.0
26639,38649,
26640,38650,17.0
26641,38651,5.0
26642,38652,13.0
26643,38653,26.0
26644,38654,2.0
26644,38655,19.0
26645,38656,22.0
26645,38657,7.0
26645,38658,3.0
26645,38659,4.0
26646,38660,5.0
26647,38661,3.0
26648,38662,1.0
26649,38663,1.0
26650,38664,5.0
26651,38665,1.0
26652,38666,5.0
26653,38667,27.0
26654,38668,20.0
26655,38669,1.0
26656,38670,13.0
26657,38671,13.0
26658,38672,1.0
26659,38673,16.0
26660,38674,16.0
26661,38675,2.0
26661,38676,19.0
26662,38677,3.0
26663,38678,13.0
26664,38679,14.0
26665,38680,1.0
26666,38681,5.0
26667,38682,3.0
26668,38683,1.0
26669,38684,1.0
26670,38685,5.0
26671,38686,1.0
26672,38687,1.0
26673,38688,5.0
26674,38689,14.0
26675,38690,2.0
26675,38691,19.0
26676,38692,
26677,38693,1.0
26678,38694,1.0
26679,38695,1.0
26680,38696,1.0
26681,38697,2.0
26681,38698,19.0
26682,38699,1.0
26683,38700,1.0
26684,38701,1.0
26685,38702,1.0
26686,38703,1.0
26687,38704,10.0
26687,38705,11.0
26688,38706,1.0
26689,38707,1.0
26690,38708,
26691,38709,14.0
26692,38710,21.0
26693,38711,2.0
26693,38712,19.0
26694,38713,5.0
26695,38714,14.0
26696,38715,14.0
26697,38716,5.0
26698,38717,1.0
26699,38718,5.0
26700,38719,1.0
26701,38720,3.0
26702,38721,3.0
26703,38722,5.0
26704,38723,2.0
26704,38724,19.0
26705,38725,16.0
26706,38726,5.0
26707,38727,5.0
26708,38728,17.0
26709,38729,16.0
26710,38730,17.0
26711,38731,10.0
26711,38732,11.0
26712,38733,5.0
26713,38734,13.0
26714,38735,2.0
26714,38736,19.0
26715,38737,2.0
26715,38738,19.0
26716,38739,16.0
26716,38740,23.0
26716,38741,7.0
26716,38742,14.0
26716,38743,3.0
26716,38744,4.0
26716,38745,25.0
26716,38746,15.0
26717,38747,16.0
26718,38748,5.0
26719,38749,5.0
26720,38750,1.0
26721,38751,13.0
26721,38752,16.0
26721,38753,23.0
26721,38754,2.0
26721,38755,14.0
26721,38756,3.0
26722,38757,2.0
26722,38758,19.0
26723,38759,2.0
26723,38760,19.0
26724,38761,1.0
26725,38762,1.0
26726,38763,14.0
26727,38764,1.0
26728,38765,16.0
26729,38766,1.0
26730,38767,2.0
26730,38768,19.0
26731,38769,2.0
26731,38770,19.0
26732,38771,8.0
26732,38772,5.0
26733,38773,1.0
26734,38774,14.0
26735,38775,1.0
26736,38776,2.0
26736,38777,19.0
26737,38778,
26738,38779,
26739,38780,5.0
26740,38781,1.0
26741,38782,16.0
26742,38783,5.0
26743,38784,3.0
26744,38785,1.0
26745,38786,16.0
26746,38787,1.0
26747,38788,5.0
26748,38789,3.0
26749,38790,1.0
26750,38791,1.0
26751,38792,1.0
26752,38793,1.0
26752,38794,22.0
26752,38795,2.0
26752,38796,14.0
26753,38797,1.0
26754,38798,16.0
26755,38799,13.0
26755,38800,1.0
26755,38801,9.0
26755,38802,12.0
26756,38803,1.0
26757,38804,3.0
26758,38805,1.0
26759,38806,5.0
26760,38807,14.0
26761,38808,5.0
26762,38809,3.0
26763,38810,5.0
26764,38811,1.0
26765,38812,14.0
26766,38813,3.0
26767,38814,3.0
26768,38815,2.0
26768,38816,19.0
26769,38817,1.0
26770,38818,13.0
26771,38819,1.0
26772,38820,3.0
26773,38821,13.0
26774,38822,3.0
26775,38823,1.0
26776,38824,
26777,38825,17.0
26778,38826,1.0
26779,38827,2.0
26779,38828,19.0
26780,38829,17.0
26781,38830,1.0
26782,38831,5.0
26783,38832,8.0
26783,38833,1.0
26783,38834,9.0
26784,38835,5.0
26785,38836,3.0
26786,38837,2.0
26786,38838,19.0
26787,38839,
26788,38840,1.0
26789,38841,1.0
26789,38842,22.0
26789,38843,2.0
26789,38844,14.0
26790,38845,1.0
26791,38846,16.0
26792,38847,2.0
26792,38848,19.0
26793,38849,5.0
26794,38850,1.0
26795,38851,5.0
26796,38852,16.0
26797,38853,10.0
26797,38854,11.0
26798,38855,
26799,38856,3.0
26800,38857,5.0
26801,38858,2.0
26801,38859,19.0
26802,38860,1.0
26803,38861,10.0
26803,38862,11.0
26804,38863,1.0
26805,38864,10.0
26805,38865,11.0
26806,38866,3.0
26807,38867,1.0
26808,38868,27.0
26809,38869,1.0
26810,38870,1.0
26811,38871,3.0
26812,38872,24.0
26812,38873,5.0
26813,38874,1.0
26814,38875,1.0
26815,38876,1.0
26816,38877,1.0
26817,38878,13.0
26818,38879,3.0
26819,38880,1.0
26820,38881,2.0
26820,38882,19.0
26821,38883,5.0
26822,38884,5.0
26823,38885,3.0
26824,38886,1.0
26825,38887,1.0
26826,38888,3.0
26827,38889,
26828,38890,5.0
26829,38891,10.0
26829,38892,11.0
26830,38893,16.0
26831,38894,5.0
26832,38895,1.0
26832,38896,3.0
26833,38897,3.0
26834,38898,1.0
26835,38899,16.0
26836,38900,5.0
26837,38901,1.0
26838,38902,13.0
26838,38903,16.0
26838,38904,1.0
26838,38905,2.0
26838,38906,6.0
26839,38907,1.0
26840,38908,1.0
26841,38909,1.0
26841,38910,21.0
26842,38911,1.0
26843,38912,1.0
26844,38913,2.0
26844,38914,19.0
26845,38915,1.0
26846,38916,20.0
26847,38917,1.0
26848,38918,1.0
26849,38919,1.0
26850,38920,3.0
26851,38921,13.0
26852,38922,1.0
26853,38923,1.0
26854,38924,1.0
26855,38925,5.0
26856,38926,3.0
26857,38927,1.0
26858,38928,8.0
26858,38929,1.0
26859,38930,5.0
26860,38931,14.0
26861,38932,5.0
26862,38933,14.0
26863,38934,27.0
26864,38935,1.0
26865,38936,3.0
26866,38937,1.0
26867,38938,14.0
26868,38939,1.0
26869,38940,27.0
26870,38941,1.0
26871,38942,5.0
26872,38943,2.0
26872,38944,19.0
26873,38945,1.0
26874,38946,1.0
26875,38947,1.0
26876,38948,5.0
26877,38949,2.0
26877,38950,19.0
26878,38951,5.0
26879,38952,16.0
26880,38953,14.0
26881,38954,24.0
26881,38955,5.0
26882,38956,3.0
26883,38957,1.0
26884,38958,16.0
26885,38959,5.0
26886,38960,16.0
26887,38961,5.0
26888,38962,5.0
26889,38963,1.0
26889,38964,4.0
26889,38965,12.0
26890,38966,13.0
26891,38967,1.0
26892,38968,5.0
26893,38969,1.0
26894,38970,
26895,38971,5.0
26896,38972,13.0
26897,38973,5.0
26898,38974,21.0
26899,38975,1.0
26900,38976,1.0
26901,38977,1.0
26902,38978,5.0
26903,38979,17.0
26904,38980,5.0
26905,38981,16.0
26906,38982,16.0
26907,38983,17.0
26908,38984,17.0
26909,38985,5.0
26910,38986,16.0
26911,38987,1.0
26912,38988,3.0
26913,38989,1.0
26914,38990,16.0
26915,38991,3.0
26916,38992,5.0
26917,38993,5.0
26918,38994,3.0
26919,38995,13.0
26920,38996,21.0
26921,38997,1.0
26922,38998,3.0
26923,38999,13.0
26924,39000,2.0
26924,39001,19.0
26925,39002,3.0
26926,39003,1.0
26927,39004,5.0
26928,39005,5.0
26929,39006,1.0
26930,39007,21.0
26931,39008,1.0
26932,39009,3.0
26933,39010,1.0
26934,39011,1.0
26935,39012,3.0
26936,39013,5.0
26937,39014,3.0
26938,39015,1.0
26939,39016,14.0
26940,39017,5.0
26941,39018,16.0
26942,39019,1.0
26943,39020,1.0
26944,39021,1.0
26945,39022,5.0
26946,39023,1.0
26947,39024,5.0
26948,39025,1.0
26948,39026,3.0
26949,39027,5.0
26950,39028,1.0
26951,39029,1.0
26952,39030,1.0
26953,39031,1.0
26954,39032,1.0
26955,39033,5.0
26956,39034,1.0
26957,39035,1.0
26958,39036,3.0
26959,39037,5.0
26960,39038,3.0
26961,39039,5.0
26962,39040,1.0
26963,39041,5.0
26964,39042,5.0
26965,39043,1.0
26966,39044,1.0
26967,39045,3.0
26968,39046,5.0
26969,39047,5.0
26970,39048,
26971,39049,5.0
26972,39050,5.0
26973,39051,3.0
26974,39052,14.0
26975,39053,1.0
26976,39054,5.0
26977,39055,8.0
26977,39056,1.0
26977,39057,9.0
26978,39058,21.0
26979,39059,2.0
26979,39060,19.0
26980,39061,3.0
26981,39062,
26982,39063,3.0
26983,39064,1.0
26984,39065,20.0
26985,39066,1.0
26986,39067,3.0
26987,39068,3.0
26988,39069,14.0
26989,39070,1.0
26990,39071,1.0
26991,39072,16.0
26992,39073,3.0
26993,39074,5.0
26994,39075,1.0
26995,39076,13.0
26996,39077,21.0
26997,39078,1.0
26998,39079,2.0
26998,39080,19.0
26999,39081,3.0
27000,39082,1.0
27001,39083,14.0
27002,39084,3.0
27003,39085,1.0
27004,39086,2.0
27004,39087,19.0
27005,39088,1.0
27006,39089,
27007,39090,5.0
27008,39091,3.0
27009,39092,1.0
27010,39093,13.0
27011,39094,3.0
27012,39095,1.0
27013,39096,1.0
27014,39097,3.0
27015,39098,3.0
27016,39099,1.0
27016,39100,4.0
27016,39101,24.0
27017,39102,5.0
27018,39103,1.0
27019,39104,1.0
27020,39105,5.0
27021,39106,3.0
27022,39107,
27023,39108,1.0
27024,39109,1.0
27025,39110,5.0
27026,39111,1.0
27027,39112,14.0
27028,39113,5.0
27029,39114,10.0
27029,39115,11.0
27030,39116,27.0
27031,39117,3.0
27032,39118,3.0
27033,39119,5.0
27034,39120,5.0
27035,39121,1.0
27035,39122,2.0
27035,39123,14.0
27035,39124,3.0
27035,39125,24.0
27036,39126,3.0
27037,39127,1.0
27038,39128,3.0
27039,39129,13.0
27040,39130,5.0
27041,39131,1.0
27042,39132,3.0
27043,39133,16.0
27044,39134,3.0
27045,39135,5.0
27046,39136,16.0
27047,39137,16.0
27048,39138,5.0
27049,39139,1.0
27050,39140,16.0
27051,39141,1.0
27052,39142,1.0
27053,39143,2.0
27053,39144,19.0
27054,39145,1.0
27055,39146,5.0
27056,39147,1.0
27057,39148,2.0
27057,39149,19.0
27058,39150,3.0
27059,39151,1.0
27060,39152,5.0
27061,39153,16.0
27062,39154,1.0
27063,39155,2.0
27063,39156,19.0
27064,39157,5.0
27065,39158,3.0
27066,39159,5.0
27067,39160,1.0
27068,39161,14.0
27069,39162,5.0
27070,39163,10.0
27070,39164,11.0
27071,39165,14.0
27072,39166,5.0
27073,39167,1.0
27074,39168,14.0
27075,39169,5.0
27076,39170,1.0
27077,39171,5.0
27078,39172,8.0
27078,39173,1.0
27078,39174,2.0
27079,39175,1.0
27080,39176,3.0
27081,39177,5.0
27082,39178,3.0
27083,39179,1.0
27083,39180,4.0
27084,39181,16.0
27085,39182,13.0
27085,39183,2.0
27086,39184,2.0
27086,39185,19.0
27087,39186,2.0
27087,39187,19.0
27088,39188,1.0
27089,39189,1.0
27090,39190,3.0
27091,39191,5.0
27092,39192,1.0
27093,39193,17.0
27094,39194,3.0
27095,39195,3.0
27096,39196,3.0
27097,39197,1.0
27098,39198,1.0
27099,39199,3.0
27100,39200,13.0
27101,39201,13.0
27102,39202,3.0
27103,39203,1.0
27104,39204,17.0
27105,39205,5.0
27106,39206,5.0
27107,39207,13.0
27108,39208,1.0
27109,39209,5.0
27110,39210,3.0
27111,39211,3.0
27112,39212,16.0
27113,39213,5.0
27114,39214,14.0
27115,39215,13.0
27116,39216,16.0
27117,39217,1.0
27118,39218,1.0
27119,39219,27.0
27120,39220,3.0
27121,39221,1.0
27121,39222,24.0
27122,39223,3.0
27123,39224,13.0
27124,39225,5.0
27125,39226,21.0
27126,39227,3.0
27127,39228,2.0
27127,39229,19.0
27128,39230,13.0
27129,39231,2.0
27129,39232,19.0
27130,39233,1.0
27131,39234,1.0
27132,39235,1.0
27133,39236,24.0
27133,39237,5.0
27134,39238,10.0
27134,39239,11.0
27135,39240,3.0
27136,39241,17.0
27137,39242,14.0
27138,39243,1.0
27139,39244,2.0
27139,39245,19.0
27140,39246,1.0
27141,39247,5.0
27142,39248,5.0
27143,39249,5.0
27144,39250,5.0
27145,39251,3.0
27146,39252,1.0
27146,39253,3.0
27147,39254,5.0
27148,39255,1.0
27149,39256,1.0
27149,39257,3.0
27150,39258,5.0
27151,39259,1.0
27152,39260,3.0
27153,39261,23.0
27153,39262,1.0
27153,39263,22.0
27153,39264,2.0
27153,39265,7.0
27154,39266,1.0
27155,39267,
27156,39268,10.0
27156,39269,11.0
27157,39270,16.0
27157,39271,22.0
27157,39272,14.0
27157,39273,3.0
27157,39274,25.0
27157,39275,15.0
27158,39276,27.0
27159,39277,5.0
27160,39278,1.0
27161,39279,3.0
27162,39280,1.0
27163,39281,3.0
27164,39282,1.0
27165,39283,16.0
27166,39284,3.0
27167,39285,17.0
27168,39286,1.0
27169,39287,1.0
27170,39288,1.0
27171,39289,3.0
27172,39290,2.0
27172,39291,19.0
27173,39292,14.0
27174,39293,1.0
27175,39294,5.0
27176,39295,1.0
27177,39296,13.0
27178,39297,17.0
27179,39298,1.0
27180,39299,5.0
27181,39300,1.0
27182,39301,5.0
27183,39302,
27184,39303,1.0
27185,39304,5.0
27186,39305,1.0
27187,39306,17.0
27188,39307,16.0
27189,39308,1.0
27190,39309,1.0
27191,39310,14.0
27192,39311,3.0
27193,39312,2.0
27193,39313,19.0
27194,39314,10.0
27194,39315,11.0
27195,39316,3.0
27196,39317,1.0
27197,39318,1.0
27198,39319,21.0
27199,39320,
27200,39321,
27201,39322,1.0
27202,39323,5.0
27203,39324,5.0
27204,39325,1.0
27205,39326,1.0
27206,39327,13.0
27207,39328,21.0
27208,39329,5.0
27209,39330,13.0
27210,39331,2.0
27210,39332,19.0
27211,39333,1.0
27212,39334,3.0
27213,39335,3.0
27214,39336,1.0
27215,39337,2.0
27215,39338,14.0
27215,39339,3.0
27216,39340,5.0
27217,39341,1.0
27218,39342,2.0
27218,39343,6.0
27219,39344,14.0
27220,39345,1.0
27221,39346,14.0
27222,39347,3.0
27223,39348,3.0
27224,39349,1.0
27225,39350,13.0
27226,39351,13.0
27227,39352,1.0
27228,39353,10.0
27228,39354,11.0
27229,39355,20.0
27230,39356,14.0
27231,39357,3.0
27232,39358,1.0
27232,39359,3.0
27233,39360,10.0
27233,39361,11.0
27234,39362,3.0
27235,39363,1.0
27236,39364,5.0
27237,39365,1.0
27238,39366,3.0
27239,39367,16.0
27240,39368,1.0
27241,39369,1.0
27242,39370,1.0
27243,39371,13.0
27244,39372,1.0
27245,39373,1.0
27246,39374,1.0
27247,39375,5.0
27248,39376,1.0
27249,39377,
27250,39378,17.0
27251,39379,2.0
27251,39380,19.0
27252,39381,5.0
27253,39382,1.0
27254,39383,14.0
27255,39384,1.0
27256,39385,1.0
27257,39386,3.0
27258,39387,3.0
27259,39388,14.0
27260,39389,1.0
27261,39390,16.0
27262,39391,14.0
27263,39392,1.0
27264,39393,1.0
27264,39394,4.0
27265,39395,1.0
27266,39396,1.0
27267,39397,14.0
27268,39398,14.0
27269,39399,5.0
27270,39400,1.0
27271,39401,1.0
27272,39402,1.0
27273,39403,1.0
27274,39404,26.0
27275,39405,2.0
27275,39406,19.0
27276,39407,14.0
27277,39408,5.0
27278,39409,1.0
27279,39410,24.0
27279,39411,5.0
27280,39412,2.0
27280,39413,19.0
27281,39414,5.0
27282,39415,5.0
27283,39416,1.0
27284,39417,1.0
27285,39418,5.0
27286,39419,1.0
27287,39420,1.0
27288,39421,5.0
27289,39422,5.0
27290,39423,7.0
27290,39424,15.0
27291,39425,5.0
27292,39426,2.0
27292,39427,19.0
27293,39428,3.0
27294,39429,1.0
27295,39430,17.0
27296,39431,3.0
27297,39432,3.0
27298,39433,1.0
27299,39434,16.0
27300,39435,2.0
27300,39436,19.0
27301,39437,2.0
27301,39438,19.0
27302,39439,
27303,39440,1.0
27304,39441,1.0
27305,39442,2.0
27306,39443,14.0
27307,39444,27.0
27308,39445,3.0
27309,39446,1.0
27310,39447,3.0
27311,39448,3.0
27312,39449,14.0
27313,39450,5.0
27314,39451,3.0
27315,39452,13.0
27315,39453,16.0
27315,39454,23.0
27315,39455,7.0
27315,39456,14.0
27316,39457,14.0
27317,39458,5.0
27318,39459,16.0
27319,39460,3.0
27320,39461,5.0
27321,39462,2.0
27321,39463,19.0
27322,39464,16.0
27323,39465,5.0
27324,39466,3.0
27325,39467,5.0
27326,39468,5.0
27327,39469,1.0
27327,39470,3.0
27327,39471,4.0
27328,39472,1.0
27329,39473,10.0
27329,39474,11.0
27330,39475,2.0
27330,39476,19.0
27331,39477,5.0
27332,39478,1.0
27333,39479,2.0
27333,39480,19.0
27334,39481,3.0
27335,39482,13.0
27336,39483,3.0
27337,39484,5.0
27338,39485,5.0
27339,39486,5.0
27340,39487,5.0
27341,39488,1.0
27341,39489,14.0
27342,39490,2.0
27342,39491,19.0
27343,39492,5.0
27344,39493,2.0
27344,39494,19.0
27345,39495,2.0
27345,39496,19.0
27346,39497,1.0
27347,39498,
27348,39499,5.0
27349,39500,16.0
27350,39501,5.0
27351,39502,5.0
27352,39503,1.0
27353,39504,5.0
27354,39505,13.0
27355,39506,13.0
27356,39507,1.0
27357,39508,13.0
27358,39509,1.0
27359,39510,3.0
27360,39511,2.0
27360,39512,19.0
27361,39513,1.0
27362,39514,5.0
27363,39515,2.0
27363,39516,19.0
27364,39517,1.0
27365,39518,1.0
27366,39519,13.0
27367,39520,5.0
27368,39521,5.0
27369,39522,13.0
27370,39523,1.0
27371,39524,1.0
27372,39525,5.0
27373,39526,2.0
27373,39527,19.0
27374,39528,1.0
27375,39529,2.0
27375,39530,19.0
27376,39531,2.0
27376,39532,19.0
27377,39533,1.0
27378,39534,1.0
27379,39535,13.0
27380,39536,5.0
27381,39537,22.0
27381,39538,2.0
27381,39539,14.0
27382,39540,5.0
27383,39541,16.0
27384,39542,1.0
27385,39543,1.0
27386,39544,17.0
27387,39545,10.0
27387,39546,11.0
27388,39547,3.0
27389,39548,1.0
27390,39549,5.0
27391,39550,5.0
27392,39551,1.0
27393,39552,1.0
27394,39553,14.0
27395,39554,3.0
27396,39555,1.0
27397,39556,1.0
27398,39557,16.0
27399,39558,1.0
27400,39559,5.0
27401,39560,1.0
27402,39561,1.0
27403,39562,14.0
27404,39563,1.0
27405,39564,13.0
27406,39565,10.0
27406,39566,11.0
27407,39567,5.0
27408,39568,10.0
27408,39569,11.0
27409,39570,1.0
27410,39571,3.0
27411,39572,3.0
27412,39573,1.0
27413,39574,1.0
27414,39575,14.0
27415,39576,5.0
27416,39577,3.0
27417,39578,5.0
27418,39579,5.0
27419,39580,2.0
27419,39581,19.0
27420,39582,13.0
27421,39583,1.0
27422,39584,1.0
27423,39585,3.0
27424,39586,13.0
27424,39587,1.0
27424,39588,22.0
27424,39589,2.0
27424,39590,14.0
27424,39591,6.0
27425,39592,3.0
27426,39593,1.0
27427,39594,13.0
27428,39595,13.0
27429,39596,3.0
27430,39597,5.0
27431,39598,3.0
27432,39599,3.0
27433,39600,1.0
27434,39601,13.0
27435,39602,1.0
27436,39603,5.0
27437,39604,1.0
27438,39605,5.0
27439,39606,16.0
27440,39607,16.0
27441,39608,1.0
27442,39609,3.0
27443,39610,1.0
27444,39611,2.0
27444,39612,19.0
27445,39613,5.0
27446,39614,3.0
27447,39615,1.0
27448,39616,10.0
27448,39617,11.0
27449,39618,1.0
27450,39619,1.0
27451,39620,2.0
27451,39621,19.0
27452,39622,3.0
27453,39623,1.0
27454,39624,5.0
27455,39625,26.0
27456,39626,2.0
27456,39627,19.0
27457,39628,3.0
27458,39629,10.0
27458,39630,11.0
27459,39631,3.0
27460,39632,1.0
27461,39633,3.0
27462,39634,3.0
27463,39635,5.0
27464,39636,1.0
27465,39637,10.0
27465,39638,11.0
27466,39639,5.0
27467,39640,1.0
27468,39641,1.0
27469,39642,3.0
27470,39643,16.0
27471,39644,3.0
27472,39645,3.0
27473,39646,8.0
27473,39647,1.0
27473,39648,4.0
27474,39649,1.0
27475,39650,1.0
27476,39651,2.0
27476,39652,19.0
27477,39653,3.0
27478,39654,2.0
27478,39655,19.0
27479,39656,1.0
27479,39657,9.0
27479,39658,3.0
27480,39659,2.0
27480,39660,19.0
27481,39661,16.0
27482,39662,1.0
27483,39663,5.0
27484,39664,1.0
27485,39665,1.0
27486,39666,1.0
27487,39667,5.0
27488,39668,5.0
27489,39669,1.0
27490,39670,2.0
27490,39671,19.0
27491,39672,1.0
27492,39673,3.0
27493,39674,3.0
27493,39675,6.0
27494,39676,1.0
27495,39677,13.0
27496,39678,1.0
27497,39679,3.0
27498,39680,1.0
27499,39681,2.0
27499,39682,19.0
27500,39683,16.0
27501,39684,10.0
27501,39685,11.0
27502,39686,1.0
27503,39687,1.0
27504,39688,1.0
27505,39689,3.0
27506,39690,1.0
27507,39691,3.0
27508,39692,1.0
27509,39693,1.0
27510,39694,13.0
27511,39695,16.0
27512,39696,1.0
27513,39697,16.0
27514,39698,14.0
27515,39699,5.0
27516,39700,2.0
27516,39701,19.0
27517,39702,13.0
27518,39703,1.0
27519,39704,16.0
27520,39705,2.0
27520,39706,19.0
27521,39707,1.0
27522,39708,16.0
27523,39709,17.0
27524,39710,1.0
27524,39711,22.0
27524,39712,2.0
27525,39713,1.0
27526,39714,3.0
27527,39715,1.0
27527,39716,3.0
27527,39717,4.0
27528,39718,16.0
27529,39719,17.0
27530,39720,1.0
27531,39721,14.0
27532,39722,3.0
27533,39723,1.0
27534,39724,1.0
27535,39725,1.0
27536,39726,1.0
27537,39727,3.0
27538,39728,1.0
27539,39729,16.0
27540,39730,3.0
27541,39731,5.0
27542,39732,3.0
27543,39733,1.0
27544,39734,17.0
27545,39735,3.0
27546,39736,2.0
27547,39737,3.0
27548,39738,13.0
27549,39739,14.0
27550,39740,5.0
27551,39741,5.0
27552,39742,3.0
27553,39743,16.0
27554,39744,2.0
27554,39745,19.0
27555,39746,5.0
27556,39747,5.0
27557,39748,1.0
27558,39749,1.0
27558,39750,3.0
27559,39751,14.0
27560,39752,1.0
27561,39753,16.0
27562,39754,3.0
27563,39755,1.0
27564,39756,2.0
27564,39757,19.0
27565,39758,3.0
27566,39759,2.0
27566,39760,19.0
27567,39761,3.0
27568,39762,3.0
27569,39763,5.0
27570,39764,2.0
27570,39765,19.0
27571,39766,13.0
27572,39767,5.0
27573,39768,1.0
27574,39769,3.0
27575,39770,10.0
27575,39771,11.0
27576,39772,1.0
27577,39773,3.0
27578,39774,5.0
27579,39775,1.0
27580,39776,5.0
27581,39777,3.0
27582,39778,
27583,39779,1.0
27584,39780,1.0
27585,39781,1.0
27586,39782,13.0
27587,39783,1.0
27588,39784,3.0
27589,39785,3.0
27590,39786,14.0
27591,39787,3.0
27592,39788,16.0
27593,39789,14.0
27594,39790,1.0
27595,39791,1.0
27596,39792,5.0
27597,39793,2.0
27597,39794,19.0
27598,39795,1.0
27599,39796,1.0
27600,39797,1.0
27601,39798,2.0
27601,39799,19.0
27602,39800,1.0
27603,39801,27.0
27604,39802,1.0
27605,39803,17.0
27606,39804,14.0
27607,39805,10.0
27607,39806,11.0
27608,39807,10.0
27608,39808,11.0
27609,39809,1.0
27610,39810,5.0
27611,39811,1.0
27612,39812,3.0
27613,39813,5.0
27614,39814,5.0
27615,39815,
27616,39816,1.0
27617,39817,17.0
27618,39818,1.0
27619,39819,21.0
27620,39820,14.0
27621,39821,1.0
27621,39822,2.0
27622,39823,1.0
27623,39824,3.0
27624,39825,14.0
27625,39826,16.0
27626,39827,2.0
27626,39828,19.0
27627,39829,1.0
27628,39830,14.0
27629,39831,3.0
27630,39832,2.0
27630,39833,19.0
27631,39834,
27632,39835,5.0
27633,39836,16.0
27634,39837,1.0
27635,39838,13.0
27636,39839,5.0
27637,39840,13.0
27638,39841,13.0
27639,39842,1.0
27640,39843,16.0
27641,39844,2.0
27641,39845,19.0
27642,39846,1.0
27643,39847,5.0
27644,39848,1.0
27645,39849,5.0
27646,39850,2.0
27646,39851,19.0
27647,39852,3.0
27648,39853,5.0
27649,39854,2.0
27649,39855,19.0
27650,39856,1.0
27651,39857,1.0
27652,39858,5.0
27653,39859,1.0
27654,39860,
27655,39861,2.0
27655,39862,19.0
27656,39863,5.0
27657,39864,5.0
27658,39865,1.0
27659,39866,5.0
27660,39867,5.0
27661,39868,1.0
27662,39869,1.0
27662,39870,22.0
27662,39871,2.0
27662,39872,6.0
27663,39873,13.0
27664,39874,1.0
27665,39875,26.0
27666,39876,16.0
27666,39877,23.0
27666,39878,1.0
27666,39879,22.0
27666,39880,2.0
27666,39881,14.0
27667,39882,1.0
27668,39883,14.0
27669,39884,1.0
27670,39885,3.0
27671,39886,3.0
27672,39887,1.0
27673,39888,5.0
27674,39889,2.0
27674,39890,19.0
27675,39891,3.0
27676,39892,17.0
27677,39893,1.0
27677,39894,3.0
27678,39895,1.0
27679,39896,1.0
27680,39897,1.0
27681,39898,1.0
27682,39899,10.0
27682,39900,11.0
27683,39901,1.0
27684,39902,2.0
27684,39903,19.0
27685,39904,3.0
27686,39905,5.0
27687,39906,23.0
27687,39907,22.0
27687,39908,2.0
27687,39909,4.0
27688,39910,1.0
27689,39911,5.0
27690,39912,5.0
27691,39913,1.0
27692,39914,3.0
27693,39915,3.0
27694,39916,2.0
27694,39917,19.0
27695,39918,16.0
27696,39919,2.0
27696,39920,19.0
27697,39921,1.0
27698,39922,3.0
27699,39923,5.0
27700,39924,1.0
27701,39925,1.0
27702,39926,1.0
27703,39927,3.0
27704,39928,14.0
27705,39929,1.0
27706,39930,1.0
27707,39931,5.0
27708,39932,5.0
27709,39933,
27710,39934,1.0
27711,39935,3.0
27712,39936,1.0
27713,39937,1.0
27714,39938,16.0
27715,39939,5.0
27716,39940,8.0
27716,39941,1.0
27717,39942,5.0
27718,39943,17.0
27719,39944,5.0
27720,39945,5.0
27721,39946,1.0
27722,39947,3.0
27723,39948,5.0
27724,39949,13.0
27725,39950,1.0
27726,39951,3.0
27727,39952,5.0
27728,39953,1.0
27729,39954,2.0
27729,39955,19.0
27730,39956,1.0
27731,39957,8.0
27731,39958,1.0
27731,39959,9.0
27731,39960,12.0
27732,39961,1.0
27733,39962,1.0
27734,39963,2.0
27734,39964,19.0
27735,39965,3.0
27736,39966,13.0
27737,39967,1.0
27738,39968,1.0
27739,39969,1.0
27740,39970,13.0
27741,39971,2.0
27742,39972,2.0
27742,39973,19.0
27743,39974,1.0
27744,39975,13.0
27744,39976,1.0
27744,39977,2.0
27745,39978,14.0
27746,39979,5.0
27747,39980,17.0
27748,39981,1.0
27749,39982,1.0
27750,39983,1.0
27751,39984,5.0
27752,39985,14.0
27753,39986,14.0
27754,39987,17.0
27755,39988,14.0
27756,39989,
27757,39990,1.0
27757,39991,24.0
27758,39992,3.0
27759,39993,1.0
27760,39994,1.0
27761,39995,1.0
27762,39996,1.0
27763,39997,5.0
27764,39998,1.0
27765,39999,1.0
27766,40000,3.0
27767,40001,14.0
27768,40002,14.0
27769,40003,1.0
27770,40004,3.0
27771,40005,
27772,40006,5.0
27773,40007,
27774,40008,1.0
27775,40009,10.0
27775,40010,11.0
27776,40011,1.0
27777,40012,5.0
27778,40013,10.0
27778,40014,11.0
27779,40015,2.0
27779,40016,19.0
27780,40017,16.0
27781,40018,1.0
27782,40019,5.0
27783,40020,13.0
27784,40021,17.0
27785,40022,5.0
27786,40023,5.0
27787,40024,13.0
27788,40025,1.0
27789,40026,8.0
27789,40027,1.0
27790,40028,10.0
27790,40029,11.0
27791,40030,3.0
27792,40031,13.0
27793,40032,1.0
27794,40033,5.0
27795,40034,17.0
27796,40035,1.0
27796,40036,18.0
27797,40037,3.0
27798,40038,2.0
27798,40039,19.0
27799,40040,1.0
27800,40041,5.0
27801,40042,5.0
27802,40043,14.0
27803,40044,5.0
27804,40045,1.0
27805,40046,1.0
27806,40047,1.0
27807,40048,16.0
27808,40049,3.0
27809,40050,1.0
27810,40051,3.0
27811,40052,1.0
27812,40053,5.0
27813,40054,1.0
27814,40055,16.0
27815,40056,14.0
27816,40057,5.0
27817,40058,2.0
27817,40059,19.0
27818,40060,3.0
27819,40061,16.0
27820,40062,1.0
27821,40063,3.0
27822,40064,13.0
27823,40065,16.0
27824,40066,1.0
27825,40067,16.0
27825,40068,3.0
27825,40069,25.0
27825,40070,15.0
27826,40071,1.0
27827,40072,5.0
27828,40073,5.0
27829,40074,3.0
27830,40075,1.0
27831,40076,16.0
27832,40077,1.0
27833,40078,26.0
27834,40079,13.0
27835,40080,5.0
27836,40081,1.0
27837,40082,3.0
27838,40083,5.0
27839,40084,5.0
27840,40085,1.0
27840,40086,2.0
27840,40087,15.0
27841,40088,1.0
27842,40089,5.0
27843,40090,5.0
27844,40091,5.0
27845,40092,1.0
27846,40093,1.0
27847,40094,1.0
27848,40095,3.0
27849,40096,3.0
27850,40097,5.0
27851,40098,1.0
27852,40099,
27853,40100,5.0
27854,40101,3.0
27855,40102,16.0
27856,40103,8.0
27856,40104,1.0
27856,40105,18.0
27857,40106,3.0
27858,40107,1.0
27859,40108,3.0
27860,40109,1.0
27861,40110,5.0
27862,40111,3.0
27863,40112,5.0
27864,40113,1.0
27865,40114,14.0
27866,40115,1.0
27866,40116,3.0
27867,40117,10.0
27867,40118,11.0
27868,40119,3.0
27868,40120,4.0
27869,40121,2.0
27869,40122,19.0
27870,40123,2.0
27870,40124,19.0
27871,40125,3.0
27872,40126,1.0
27873,40127,2.0
27873,40128,19.0
27874,40129,16.0
27875,40130,3.0
27876,40131,16.0
27877,40132,1.0
27878,40133,3.0
27879,40134,5.0
27880,40135,1.0
27881,40136,3.0
27882,40137,1.0
27883,40138,20.0
27884,40139,2.0
27884,40140,19.0
27885,40141,3.0
27886,40142,5.0
27887,40143,1.0
27887,40144,3.0
27887,40145,6.0
27888,40146,2.0
27888,40147,19.0
27889,40148,1.0
27890,40149,14.0
27891,40150,2.0
27891,40151,19.0
27892,40152,1.0
27893,40153,5.0
27894,40154,14.0
27895,40155,2.0
27895,40156,19.0
27896,40157,2.0
27896,40158,19.0
27897,40159,21.0
27898,40160,5.0
27899,40161,16.0
27900,40162,1.0
27901,40163,2.0
27901,40164,14.0
27902,40165,2.0
27902,40166,19.0
27903,40167,1.0
27904,40168,3.0
27905,40169,1.0
27906,40170,3.0
27907,40171,1.0
27908,40172,2.0
27908,40173,19.0
27909,40174,13.0
27910,40175,2.0
27910,40176,19.0
27911,40177,5.0
27912,40178,1.0
27913,40179,1.0
27914,40180,5.0
27915,40181,5.0
27916,40182,16.0
27917,40183,1.0
27918,40184,2.0
27918,40185,19.0
27919,40186,1.0
27920,40187,13.0
27921,40188,16.0
27922,40189,16.0
27923,40190,1.0
27924,40191,13.0
27925,40192,13.0
27926,40193,2.0
27926,40194,19.0
27927,40195,
27928,40196,3.0
27929,40197,2.0
27929,40198,19.0
27930,40199,3.0
27931,40200,1.0
27932,40201,5.0
27933,40202,2.0
27933,40203,19.0
27934,40204,1.0
27935,40205,1.0
27936,40206,1.0
27937,40207,1.0
27937,40208,2.0
27937,40209,6.0
27938,40210,5.0
27939,40211,2.0
27939,40212,19.0
27940,40213,14.0
27941,40214,1.0
27942,40215,5.0
27943,40216,3.0
27944,40217,1.0
27945,40218,1.0
27946,40219,3.0
27947,40220,5.0
27948,40221,5.0
27949,40222,3.0
27950,40223,1.0
27951,40224,1.0
27952,40225,16.0
27953,40226,1.0
27954,40227,13.0
27955,40228,1.0
27956,40229,5.0
27957,40230,5.0
27958,40231,5.0
27959,40232,14.0
27960,40233,1.0
27961,40234,3.0
27962,40235,17.0
27963,40236,13.0
27964,40237,5.0
27965,40238,3.0
27966,40239,1.0
27967,40240,2.0
27967,40241,19.0
27968,40242,1.0
27969,40243,3.0
27970,40244,3.0
27971,40245,5.0
27972,40246,8.0
27972,40247,9.0
27972,40248,5.0
27973,40249,1.0
27974,40250,14.0
27975,40251,1.0
27976,40252,1.0
27977,40253,5.0
27978,40254,16.0
27979,40255,14.0
27980,40256,1.0
27981,40257,16.0
27982,40258,3.0
27983,40259,5.0
27984,40260,2.0
27984,40261,19.0
27985,40262,3.0
27986,40263,2.0
27986,40264,19.0
27987,40265,1.0
27988,40266,13.0
27988,40267,1.0
27988,40268,2.0
27988,40269,20.0
27989,40270,3.0
27990,40271,14.0
27991,40272,3.0
27992,40273,14.0
27993,40274,5.0
27994,40275,1.0
27995,40276,1.0
27996,40277,5.0
27997,40278,5.0
27998,40279,5.0
27999,40280,1.0
28000,40281,13.0
28000,40282,3.0
28001,40283,5.0
28002,40284,5.0
28003,40285,5.0
28004,40286,1.0
28005,40287,1.0
28006,40288,16.0
28007,40289,1.0
28008,40290,3.0
28009,40291,3.0
28010,40292,5.0
28011,40293,14.0
28012,40294,17.0
28013,40295,1.0
28014,40296,5.0
28015,40297,13.0
28016,40298,13.0
28017,40299,1.0
28018,40300,16.0
28018,40301,1.0
28018,40302,7.0
28018,40303,14.0
28018,40304,4.0
28019,40305,3.0
28020,40306,5.0
28021,40307,16.0
28022,40308,14.0
28023,40309,5.0
28024,40310,3.0
28025,40311,3.0
28026,40312,14.0
28027,40313,13.0
28028,40314,26.0
28029,40315,5.0
28030,40316,
28031,40317,1.0
28031,40318,2.0
28031,40319,6.0
28032,40320,1.0
28033,40321,16.0
28034,40322,1.0
28035,40323,1.0
28036,40324,5.0
28037,40325,16.0
28038,40326,14.0
28039,40327,16.0
28040,40328,1.0
28041,40329,3.0
28042,40330,17.0
28043,40331,1.0
28044,40332,1.0
28045,40333,1.0
28045,40334,3.0
28045,40335,24.0
28045,40336,15.0
28045,40337,21.0
28046,40338,1.0
28046,40339,2.0
28047,40340,16.0
28048,40341,5.0
28049,40342,16.0
28050,40343,1.0
28051,40344,17.0
28052,40345,1.0
28053,40346,17.0
28054,40347,13.0
28055,40348,5.0
28056,40349,16.0
28057,40350,5.0
28058,40351,5.0
28059,40352,14.0
28060,40353,1.0
28061,40354,2.0
28061,40355,19.0
28062,40356,13.0
28062,40357,22.0
28062,40358,2.0
28062,40359,6.0
28063,40360,17.0
28064,40361,10.0
28064,40362,11.0
28065,40363,1.0
28065,40364,4.0
28065,40365,24.0
28066,40366,1.0
28067,40367,1.0
28067,40368,6.0
28068,40369,1.0
28069,40370,3.0
28070,40371,8.0
28070,40372,9.0
28070,40373,24.0
28070,40374,5.0
28071,40375,3.0
28072,40376,3.0
28073,40377,1.0
28074,40378,13.0
28075,40379,1.0
28075,40380,22.0
28075,40381,2.0
28075,40382,6.0
28076,40383,1.0
28077,40384,13.0
28078,40385,3.0
28079,40386,14.0
28080,40387,13.0
28081,40388,13.0
28082,40389,3.0
28083,40390,3.0
28084,40391,3.0
28085,40392,1.0
28086,40393,1.0
28087,40394,16.0
28088,40395,5.0
28089,40396,16.0
28090,40397,1.0
28091,40398,5.0
28092,40399,1.0
28093,40400,1.0
28094,40401,1.0
28095,40402,1.0
28096,40403,3.0
28097,40404,20.0
28098,40405,3.0
28099,40406,1.0
28100,40407,5.0
28101,40408,1.0
28102,40409,5.0
28103,40410,1.0
28104,40411,5.0
28105,40412,1.0
28105,40413,3.0
28105,40414,4.0
28106,40415,1.0
28107,40416,5.0
28108,40417,5.0
28109,40418,14.0
28110,40419,14.0
28111,40420,3.0
28112,40421,3.0
28113,40422,1.0
28114,40423,2.0
28114,40424,19.0
28115,40425,3.0
28116,40426,24.0
28116,40427,5.0
28117,40428,5.0
28118,40429,25.0
28119,40430,1.0
28120,40431,5.0
28121,40432,1.0
28121,40433,3.0
28122,40434,1.0
28123,40435,16.0
28124,40436,1.0
28125,40437,14.0
28126,40438,1.0
28127,40439,10.0
28127,40440,11.0
28128,40441,14.0
28129,40442,5.0
28130,40443,1.0
28131,40444,3.0
28132,40445,1.0
28133,40446,5.0
28134,40447,3.0
28135,40448,3.0
28136,40449,3.0
28137,40450,13.0
28138,40451,1.0
28139,40452,16.0
28140,40453,5.0
28141,40454,1.0
28142,40455,5.0
28143,40456,3.0
28144,40457,1.0
28145,40458,2.0
28146,40459,14.0
28147,40460,16.0
28148,40461,1.0
28149,40462,1.0
28150,40463,2.0
28150,40464,19.0
28151,40465,17.0
28152,40466,
28153,40467,16.0
28154,40468,5.0
28155,40469,5.0
28156,40470,16.0
28157,40471,1.0
28158,40472,5.0
28159,40473,5.0
28160,40474,5.0
28161,40475,1.0
28162,40476,1.0
28163,40477,1.0
28164,40478,2.0
28164,40479,19.0
28165,40480,1.0
28166,40481,1.0
28167,40482,2.0
28167,40483,19.0
28168,40484,3.0
28169,40485,1.0
28170,40486,1.0
28171,40487,1.0
28172,40488,5.0
28173,40489,10.0
28173,40490,11.0
28174,40491,5.0
28175,40492,1.0
28176,40493,18.0
28176,40494,5.0
28177,40495,5.0
28178,40496,
28179,40497,14.0
28180,40498,14.0
28181,40499,5.0
28182,40500,8.0
28182,40501,1.0
28182,40502,20.0
28183,40503,5.0
28184,40504,2.0
28184,40505,19.0
28185,40506,13.0
28186,40507,3.0
28187,40508,3.0
28188,40509,16.0
28189,40510,17.0
28190,40511,21.0
28191,40512,13.0
28192,40513,1.0
28193,40514,1.0
28194,40515,16.0
28195,40516,17.0
28196,40517,16.0
28197,40518,17.0
28198,40519,1.0
28199,40520,5.0
28200,40521,1.0
28201,40522,5.0
28202,40523,1.0
28202,40524,18.0
28202,40525,3.0
28202,40526,4.0
28203,40527,3.0
28204,40528,3.0
28205,40529,5.0
28206,40530,1.0
28207,40531,13.0
28208,40532,1.0
28209,40533,3.0
28210,40534,5.0
28211,40535,13.0
28212,40536,8.0
28212,40537,1.0
28212,40538,9.0
28213,40539,3.0
28214,40540,1.0
28215,40541,26.0
28216,40542,5.0
28217,40543,16.0
28218,40544,5.0
28219,40545,1.0
28220,40546,5.0
28221,40547,1.0
28222,40548,1.0
28223,40549,14.0
28224,40550,1.0
28225,40551,2.0
28225,40552,19.0
28226,40553,13.0
28227,40554,5.0
28228,40555,5.0
28229,40556,1.0
28230,40557,1.0
28231,40558,14.0
28232,40559,3.0
28233,40560,3.0
28234,40561,3.0
28235,40562,1.0
28236,40563,13.0
28237,40564,1.0
28238,40565,2.0
28238,40566,19.0
28239,40567,1.0
28240,40568,2.0
28240,40569,19.0
28241,40570,10.0
28241,40571,11.0
28242,40572,1.0
28243,40573,1.0
28244,40574,3.0
28245,40575,1.0
28246,40576,3.0
28247,40577,17.0
28248,40578,1.0
28249,40579,17.0
28250,40580,3.0
28251,40581,1.0
28252,40582,10.0
28252,40583,11.0
28253,40584,3.0
28254,40585,5.0
28255,40586,1.0
28256,40587,1.0
28257,40588,14.0
28258,40589,17.0
28259,40590,2.0
28259,40591,19.0
28260,40592,13.0
28261,40593,1.0
28261,40594,3.0
28262,40595,3.0
28263,40596,3.0
28264,40597,1.0
28264,40598,3.0
28265,40599,3.0
28266,40600,3.0
28267,40601,3.0
28268,40602,3.0
28269,40603,13.0
28270,40604,13.0
28271,40605,1.0
28272,40606,5.0
28273,40607,1.0
28274,40608,1.0
28275,40609,5.0
28276,40610,3.0
28277,40611,16.0
28278,40612,3.0
28279,40613,2.0
28279,40614,19.0
28280,40615,5.0
28281,40616,5.0
28282,40617,1.0
28282,40618,2.0
28283,40619,13.0
28284,40620,1.0
28285,40621,1.0
28286,40622,14.0
28287,40623,3.0
28288,40624,3.0
28289,40625,1.0
28290,40626,13.0
28291,40627,5.0
28292,40628,16.0
28293,40629,2.0
28293,40630,19.0
28294,40631,5.0
28295,40632,3.0
28296,40633,13.0
28297,40634,2.0
28297,40635,19.0
28298,40636,2.0
28299,40637,1.0
28300,40638,5.0
28301,40639,3.0
28302,40640,13.0
28303,40641,2.0
28303,40642,19.0
28304,40643,2.0
28304,40644,19.0
28305,40645,13.0
28306,40646,27.0
28307,40647,5.0
28308,40648,1.0
28308,40649,3.0
28309,40650,1.0
28310,40651,1.0
28311,40652,3.0
28312,40653,14.0
28313,40654,14.0
28314,40655,2.0
28314,40656,19.0
28315,40657,
28316,40658,13.0
28316,40659,16.0
28316,40660,23.0
28316,40661,7.0
28316,40662,3.0
28316,40663,6.0
28316,40664,25.0
28316,40665,15.0
28317,40666,1.0
28318,40667,1.0
28319,40668,17.0
28320,40669,5.0
28321,40670,1.0
28322,40671,1.0
28323,40672,16.0
28324,40673,14.0
28325,40674,3.0
28326,40675,14.0
28327,40676,5.0
28328,40677,26.0
28329,40678,29.0
28330,40679,3.0
28331,40680,16.0
28332,40681,17.0
28333,40682,3.0
28334,40683,5.0
28335,40684,13.0
28336,40685,10.0
28336,40686,11.0
28337,40687,5.0
28338,40688,1.0
28339,40689,1.0
28339,40690,7.0
28340,40691,10.0
28340,40692,11.0
28341,40693,5.0
28342,40694,3.0
28343,40695,3.0
28344,40696,5.0
28345,40697,
28346,40698,5.0
28347,40699,5.0
28348,40700,1.0
28349,40701,17.0
28350,40702,14.0
28351,40703,
28352,40704,3.0
28353,40705,5.0
28354,40706,2.0
28354,40707,19.0
28355,40708,10.0
28355,40709,11.0
28356,40710,1.0
28357,40711,5.0
28358,40712,5.0
28359,40713,1.0
28360,40714,2.0
28360,40715,19.0
28361,40716,17.0
28362,40717,5.0
28363,40718,3.0
28364,40719,5.0
28365,40720,1.0
28366,40721,23.0
28366,40722,1.0
28367,40723,1.0
28368,40724,13.0
28369,40725,1.0
28370,40726,17.0
28371,40727,5.0
28372,40728,5.0
28373,40729,5.0
28374,40730,5.0
28375,40731,2.0
28375,40732,19.0
28376,40733,5.0
28377,40734,1.0
28378,40735,1.0
28379,40736,1.0
28380,40737,14.0
28381,40738,5.0
28382,40739,1.0
28383,40740,1.0
28384,40741,2.0
28384,40742,19.0
28385,40743,1.0
28386,40744,16.0
28387,40745,3.0
28388,40746,17.0
28389,40747,5.0
28390,40748,5.0
28391,40749,1.0
28392,40750,1.0
28393,40751,1.0
28394,40752,2.0
28394,40753,19.0
28395,40754,16.0
28396,40755,14.0
28397,40756,3.0
28398,40757,13.0
28398,40758,16.0
28398,40759,23.0
28398,40760,18.0
28398,40761,7.0
28398,40762,3.0
28398,40763,6.0
28398,40764,12.0
28398,40765,25.0
28398,40766,15.0
28399,40767,1.0
28400,40768,3.0
28401,40769,16.0
28402,40770,1.0
28402,40771,4.0
28403,40772,13.0
28403,40773,16.0
28403,40774,2.0
28403,40775,6.0
28404,40776,3.0
28405,40777,1.0
28406,40778,3.0
28407,40779,2.0
28407,40780,19.0
28408,40781,5.0
28409,40782,1.0
28410,40783,3.0
28411,40784,16.0
28412,40785,1.0
28413,40786,1.0
28413,40787,4.0
28414,40788,3.0
28415,40789,16.0
28416,40790,16.0
28417,40791,5.0
28418,40792,5.0
28419,40793,5.0
28420,40794,2.0
28420,40795,19.0
28421,40796,5.0
28422,40797,16.0
28423,40798,1.0
28424,40799,3.0
28425,40800,21.0
28426,40801,
28427,40802,1.0
28428,40803,1.0
28429,40804,5.0
28430,40805,1.0
28431,40806,9.0
28431,40807,5.0
28432,40808,5.0
28433,40809,1.0
28434,40810,1.0
28435,40811,3.0
28436,40812,5.0
28437,40813,16.0
28438,40814,10.0
28438,40815,11.0
28439,40816,1.0
28440,40817,16.0
28441,40818,13.0
28442,40819,1.0
28443,40820,14.0
28444,40821,5.0
28445,40822,14.0
28446,40823,1.0
28447,40824,3.0
28448,40825,2.0
28448,40826,19.0
28449,40827,16.0
28450,40828,3.0
28451,40829,3.0
28452,40830,3.0
28453,40831,1.0
28454,40832,5.0
28455,40833,3.0
28456,40834,2.0
28456,40835,14.0
28456,40836,3.0
28457,40837,1.0
28458,40838,1.0
28459,40839,2.0
28459,40840,19.0
28460,40841,17.0
28461,40842,1.0
28461,40843,4.0
28462,40844,3.0
28463,40845,1.0
28464,40846,5.0
28465,40847,2.0
28465,40848,19.0
28466,40849,1.0
28467,40850,1.0
28468,40851,
28469,40852,13.0
28470,40853,1.0
28471,40854,3.0
28472,40855,5.0
28473,40856,14.0
28474,40857,1.0
28475,40858,14.0
28476,40859,13.0
28477,40860,5.0
28478,40861,21.0
28479,40862,5.0
28480,40863,2.0
28480,40864,19.0
28481,40865,13.0
28482,40866,3.0
28483,40867,1.0
28484,40868,3.0
28485,40869,1.0
28486,40870,3.0
28487,40871,5.0
28488,40872,3.0
28489,40873,1.0
28490,40874,2.0
28490,40875,19.0
28491,40876,17.0
28492,40877,1.0
28493,40878,5.0
28494,40879,5.0
28495,40880,5.0
28496,40881,5.0
28497,40882,18.0
28497,40883,5.0
28498,40884,14.0
28499,40885,5.0
28500,40886,3.0
28501,40887,5.0
28502,40888,2.0
28502,40889,19.0
28503,40890,14.0
28504,40891,5.0
28505,40892,1.0
28506,40893,1.0
28507,40894,1.0
28508,40895,16.0
28509,40896,2.0
28509,40897,19.0
28510,40898,1.0
28511,40899,2.0
28511,40900,19.0
28512,40901,14.0
28513,40902,1.0
28514,40903,16.0
28515,40904,13.0
28516,40905,13.0
28517,40906,16.0
28518,40907,2.0
28518,40908,19.0
28519,40909,1.0
28519,40910,2.0
28519,40911,6.0
28520,40912,2.0
28520,40913,19.0
28521,40914,5.0
28522,40915,5.0
28523,40916,5.0
28524,40917,1.0
28525,40918,1.0
28526,40919,1.0
28527,40920,2.0
28527,40921,19.0
28528,40922,1.0
28529,40923,1.0
28530,40924,5.0
28531,40925,14.0
28532,40926,5.0
28533,40927,3.0
28534,40928,5.0
28535,40929,3.0
28536,40930,1.0
28537,40931,16.0
28538,40932,2.0
28538,40933,19.0
28539,40934,1.0
28540,40935,5.0
28541,40936,
28542,40937,2.0
28542,40938,19.0
28543,40939,5.0
28544,40940,3.0
28545,40941,3.0
28546,40942,2.0
28546,40943,19.0
28547,40944,1.0
28548,40945,5.0
28549,40946,13.0
28550,40947,1.0
28551,40948,1.0
28552,40949,10.0
28552,40950,11.0
28553,40951,1.0
28554,40952,10.0
28554,40953,11.0
28555,40954,3.0
28556,40955,5.0
28557,40956,16.0
28558,40957,13.0
28559,40958,17.0
28560,40959,1.0
28561,40960,1.0
28562,40961,1.0
28562,40962,3.0
28563,40963,1.0
28563,40964,9.0
28563,40965,2.0
28564,40966,1.0
28565,40967,3.0
28566,40968,5.0
28567,40969,1.0
28567,40970,24.0
28568,40971,1.0
28569,40972,1.0
28570,40973,1.0
28571,40974,13.0
28571,40975,1.0
28571,40976,22.0
28571,40977,2.0
28572,40978,1.0
28573,40979,5.0
28574,40980,3.0
28575,40981,16.0
28576,40982,10.0
28576,40983,11.0
28577,40984,3.0
28578,40985,3.0
28579,40986,14.0
28580,40987,17.0
28581,40988,10.0
28581,40989,11.0
28582,40990,3.0
28583,40991,5.0
28584,40992,3.0
28585,40993,1.0
28586,40994,1.0
28587,40995,14.0
28588,40996,5.0
28589,40997,3.0
28590,40998,5.0
28591,40999,5.0
28592,41000,16.0
28593,41001,5.0
28594,41002,14.0
28595,41003,1.0
28596,41004,
28597,41005,3.0
28598,41006,
28599,41007,13.0
28599,41008,23.0
28599,41009,2.0
28599,41010,14.0
28600,41011,3.0
28601,41012,1.0
28602,41013,
28603,41014,5.0
28604,41015,3.0
28605,41016,14.0
28606,41017,16.0
28607,41018,
28608,41019,14.0
28609,41020,1.0
28610,41021,3.0
28611,41022,5.0
28612,41023,
28613,41024,2.0
28613,41025,19.0
28614,41026,3.0
28615,41027,1.0
28616,41028,17.0
28617,41029,1.0
28618,41030,3.0
28619,41031,2.0
28619,41032,19.0
28620,41033,14.0
28621,41034,3.0
28622,41035,17.0
28623,41036,3.0
28624,41037,17.0
28625,41038,17.0
28626,41039,17.0
28627,41040,5.0
28628,41041,3.0
28629,41042,1.0
28630,41043,16.0
28631,41044,1.0
28632,41045,3.0
28633,41046,5.0
28634,41047,3.0
28635,41048,5.0
28636,41049,13.0
28637,41050,17.0
28638,41051,1.0
28639,41052,5.0
28640,41053,5.0
28641,41054,13.0
28642,41055,1.0
28643,41056,2.0
28643,41057,19.0
28644,41058,1.0
28645,41059,1.0
28646,41060,1.0
28647,41061,1.0
28648,41062,1.0
28649,41063,13.0
28650,41064,1.0
28651,41065,1.0
28651,41066,3.0
28651,41067,6.0
28652,41068,1.0
28653,41069,5.0
28654,41070,14.0
28655,41071,1.0
28656,41072,3.0
28657,41073,5.0
28658,41074,1.0
28659,41075,3.0
28660,41076,2.0
28660,41077,19.0
28661,41078,14.0
28662,41079,1.0
28663,41080,3.0
28664,41081,16.0
28665,41082,16.0
28666,41083,3.0
28667,41084,17.0
28668,41085,1.0
28669,41086,3.0
28670,41087,1.0
28671,41088,14.0
28671,41089,3.0
28672,41090,3.0
28673,41091,16.0
28674,41092,10.0
28674,41093,11.0
28675,41094,1.0
28676,41095,1.0
28677,41096,17.0
28678,41097,1.0
28679,41098,3.0
28680,41099,17.0
28681,41100,1.0
28682,41101,17.0
28683,41102,1.0
28684,41103,1.0
28685,41104,1.0
28686,41105,3.0
28687,41106,5.0
28688,41107,1.0
28689,41108,1.0
28690,41109,
28691,41110,1.0
28692,41111,1.0
28693,41112,16.0
28694,41113,3.0
28695,41114,2.0
28695,41115,19.0
28696,41116,1.0
28697,41117,27.0
28698,41118,14.0
28699,41119,13.0
28700,41120,3.0
28701,41121,1.0
28702,41122,13.0
28703,41123,14.0
28704,41124,14.0
28705,41125,17.0
28706,41126,1.0
28707,41127,2.0
28707,41128,19.0
28708,41129,2.0
28708,41130,19.0
28709,41131,5.0
28710,41132,3.0
28711,41133,1.0
28712,41134,
28713,41135,5.0
28714,41136,2.0
28714,41137,19.0
28715,41138,5.0
28716,41139,
28717,41140,1.0
28718,41141,3.0
28719,41142,1.0
28720,41143,1.0
28721,41144,5.0
28722,41145,5.0
28723,41146,1.0
28724,41147,13.0
28725,41148,5.0
28726,41149,1.0
28727,41150,16.0
28728,41151,16.0
28729,41152,1.0
28730,41153,5.0
28731,41154,1.0
28732,41155,17.0
28733,41156,5.0
28734,41157,3.0
28735,41158,1.0
28736,41159,21.0
28737,41160,17.0
28738,41161,1.0
28739,41162,17.0
28740,41163,2.0
28740,41164,19.0
28741,41165,16.0
28742,41166,3.0
28743,41167,3.0
28744,41168,1.0
28745,41169,3.0
28746,41170,1.0
28747,41171,1.0
28748,41172,17.0
28749,41173,14.0
28750,41174,10.0
28750,41175,11.0
28751,41176,5.0
28752,41177,2.0
28752,41178,19.0
28753,41179,5.0
28754,41180,1.0
28754,41181,3.0
28755,41182,
28756,41183,1.0
28757,41184,1.0
28758,41185,1.0
28759,41186,14.0
28760,41187,16.0
28761,41188,16.0
28762,41189,1.0
28762,41190,2.0
28762,41191,14.0
28763,41192,3.0
28764,41193,17.0
28765,41194,3.0
28766,41195,1.0
28766,41196,12.0
28767,41197,2.0
28767,41198,19.0
28768,41199,13.0
28769,41200,13.0
28770,41201,16.0
28771,41202,27.0
28772,41203,10.0
28772,41204,11.0
28773,41205,2.0
28773,41206,19.0
28774,41207,1.0
28775,41208,1.0
28776,41209,14.0
28777,41210,3.0
28778,41211,16.0
28779,41212,5.0
28780,41213,3.0
28781,41214,5.0
28782,41215,1.0
28783,41216,16.0
28784,41217,
28785,41218,1.0
28786,41219,5.0
28787,41220,3.0
28788,41221,1.0
28789,41222,1.0
28790,41223,5.0
28791,41224,1.0
28792,41225,5.0
28793,41226,1.0
28794,41227,3.0
28795,41228,2.0
28795,41229,19.0
28796,41230,5.0
28797,41231,5.0
28798,41232,1.0
28799,41233,1.0
28800,41234,2.0
28800,41235,19.0
28801,41236,2.0
28801,41237,19.0
28802,41238,2.0
28802,41239,19.0
28803,41240,17.0
28804,41241,2.0
28804,41242,19.0
28805,41243,1.0
28806,41244,1.0
28807,41245,17.0
28808,41246,1.0
28809,41247,3.0
28810,41248,16.0
28811,41249,14.0
28812,41250,5.0
28813,41251,14.0
28814,41252,13.0
28815,41253,1.0
28816,41254,1.0
28817,41255,5.0
28818,41256,1.0
28819,41257,17.0
28820,41258,5.0
28821,41259,3.0
28822,41260,14.0
28823,41261,1.0
28824,41262,1.0
28825,41263,5.0
28826,41264,1.0
28827,41265,8.0
28827,41266,1.0
28827,41267,2.0
28827,41268,14.0
28827,41269,24.0
28828,41270,13.0
28829,41271,3.0
28830,41272,5.0
28831,41273,23.0
28831,41274,14.0
28832,41275,10.0
28832,41276,11.0
28833,41277,1.0
28834,41278,10.0
28834,41279,11.0
28835,41280,3.0
28836,41281,1.0
28837,41282,2.0
28837,41283,19.0
28838,41284,1.0
28839,41285,16.0
28840,41286,5.0
28841,41287,1.0
28841,41288,22.0
28841,41289,14.0
28842,41290,3.0
28843,41291,16.0
28844,41292,3.0
28845,41293,3.0
28846,41294,5.0
28847,41295,5.0
28848,41296,3.0
28849,41297,2.0
28849,41298,19.0
28850,41299,24.0
28850,41300,5.0
28851,41301,5.0
28852,41302,5.0
28853,41303,1.0
28854,41304,1.0
28855,41305,5.0
28856,41306,1.0
28857,41307,
28858,41308,16.0
28859,41309,1.0
28859,41310,7.0
28859,41311,14.0
28860,41312,5.0
28861,41313,5.0
28862,41314,13.0
28863,41315,3.0
28864,41316,5.0
28865,41317,3.0
28866,41318,10.0
28866,41319,11.0
28867,41320,1.0
28868,41321,14.0
28869,41322,2.0
28869,41323,19.0
28870,41324,2.0
28870,41325,19.0
28871,41326,5.0
28872,41327,26.0
28873,41328,17.0
28874,41329,1.0
28875,41330,1.0
28876,41331,27.0
28877,41332,13.0
28878,41333,13.0
28879,41334,1.0
28880,41335,13.0
28881,41336,1.0
28881,41337,4.0
28882,41338,2.0
28882,41339,19.0
28883,41340,5.0
28884,41341,1.0
28885,41342,14.0
28886,41343,2.0
28886,41344,19.0
28887,41345,8.0
28887,41346,1.0
28887,41347,9.0
28888,41348,13.0
28889,41349,13.0
28890,41350,1.0
28891,41351,16.0
28892,41352,1.0
28893,41353,1.0
28894,41354,1.0
28895,41355,1.0
28895,41356,2.0
28895,41357,14.0
28896,41358,5.0
28897,41359,13.0
28898,41360,3.0
28899,41361,13.0
28900,41362,13.0
28900,41363,1.0
28900,41364,2.0
28901,41365,3.0
28902,41366,17.0
28903,41367,13.0
28904,41368,1.0
28905,41369,1.0
28906,41370,5.0
28907,41371,3.0
28908,41372,3.0
28909,41373,14.0
28910,41374,16.0
28911,41375,2.0
28911,41376,19.0
28912,41377,5.0
28913,41378,5.0
28914,41379,14.0
28915,41380,
28916,41381,3.0
28917,41382,5.0
28918,41383,
28919,41384,10.0
28919,41385,11.0
28920,41386,5.0
28921,41387,1.0
28922,41388,3.0
28923,41389,
28924,41390,16.0
28925,41391,5.0
28926,41392,5.0
28927,41393,23.0
28927,41394,3.0
28927,41395,4.0
28928,41396,1.0
28929,41397,5.0
28930,41398,5.0
28931,41399,1.0
28932,41400,1.0
28933,41401,1.0
28934,41402,1.0
28935,41403,2.0
28935,41404,19.0
28936,41405,1.0
28937,41406,27.0
28938,41407,27.0
28939,41408,3.0
28940,41409,16.0
28941,41410,14.0
28942,41411,3.0
28943,41412,13.0
28944,41413,16.0
28945,41414,5.0
28946,41415,2.0
28946,41416,19.0
28947,41417,14.0
28948,41418,27.0
28949,41419,1.0
28950,41420,3.0
28951,41421,1.0
28952,41422,21.0
28953,41423,3.0
28954,41424,1.0
28955,41425,
28956,41426,1.0
28957,41427,3.0
28958,41428,5.0
28959,41429,1.0
28960,41430,3.0
28961,41431,1.0
28962,41432,1.0
28963,41433,3.0
28964,41434,13.0
28965,41435,13.0
28966,41436,1.0
28967,41437,5.0
28968,41438,14.0
28969,41439,1.0
28970,41440,2.0
28970,41441,19.0
28971,41442,1.0
28972,41443,1.0
28973,41444,5.0
28974,41445,3.0
28975,41446,14.0
28976,41447,1.0
28977,41448,5.0
28978,41449,3.0
28979,41450,1.0
28980,41451,16.0
28981,41452,1.0
28982,41453,1.0
28982,41454,3.0
28982,41455,4.0
28983,41456,10.0
28983,41457,11.0
28984,41458,1.0
28985,41459,2.0
28985,41460,19.0
28986,41461,3.0
28987,41462,5.0
28988,41463,2.0
28988,41464,19.0
28989,41465,3.0
28990,41466,3.0
28991,41467,3.0
28992,41468,16.0
28993,41469,1.0
28994,41470,1.0
28995,41471,13.0
28996,41472,3.0
28997,41473,27.0
28998,41474,1.0
28999,41475,5.0
29000,41476,1.0
29001,41477,3.0
29002,41478,1.0
29003,41479,16.0
29004,41480,13.0
29005,41481,10.0
29005,41482,11.0
29006,41483,1.0
29007,41484,5.0
29008,41485,3.0
29009,41486,3.0
29010,41487,27.0
29011,41488,13.0
29012,41489,13.0
29013,41490,3.0
29014,41491,3.0
29015,41492,1.0
29016,41493,17.0
29017,41494,14.0
29018,41495,5.0
29019,41496,17.0
29020,41497,1.0
29021,41498,10.0
29021,41499,11.0
29022,41500,3.0
29023,41501,10.0
29023,41502,11.0
29024,41503,27.0
29025,41504,14.0
29026,41505,13.0
29027,41506,13.0
29028,41507,3.0
29029,41508,3.0
29030,41509,13.0
29031,41510,1.0
29032,41511,13.0
29033,41512,13.0
29033,41513,2.0
29033,41514,3.0
29033,41515,6.0
29034,41516,3.0
29035,41517,1.0
29036,41518,3.0
29037,41519,2.0
29037,41520,19.0
29038,41521,1.0
29039,41522,1.0
29040,41523,3.0
29041,41524,3.0
29042,41525,13.0
29042,41526,8.0
29042,41527,1.0
29042,41528,6.0
29042,41529,20.0
29043,41530,16.0
29044,41531,2.0
29044,41532,19.0
29045,41533,3.0
29046,41534,3.0
29047,41535,14.0
29048,41536,14.0
29049,41537,2.0
29049,41538,19.0
29050,41539,1.0
29050,41540,6.0
29051,41541,5.0
29052,41542,27.0
29053,41543,5.0
29054,41544,
29055,41545,20.0
29056,41546,5.0
29057,41547,1.0
29058,41548,16.0
29058,41549,1.0
29058,41550,6.0
29059,41551,3.0
29060,41552,5.0
29061,41553,3.0
29062,41554,3.0
29063,41555,2.0
29063,41556,19.0
29064,41557,27.0
29065,41558,13.0
29066,41559,9.0
29066,41560,18.0
29067,41561,14.0
29068,41562,1.0
29069,41563,3.0
29070,41564,1.0
29071,41565,1.0
29072,41566,1.0
29073,41567,3.0
29074,41568,
29075,41569,16.0
29076,41570,2.0
29076,41571,19.0
29077,41572,
29078,41573,2.0
29078,41574,19.0
29079,41575,13.0
29080,41576,16.0
29081,41577,17.0
29082,41578,1.0
29083,41579,1.0
29084,41580,3.0
29085,41581,3.0
29086,41582,3.0
29087,41583,13.0
29088,41584,13.0
29089,41585,13.0
29090,41586,2.0
29090,41587,19.0
29091,41588,14.0
29092,41589,1.0
29093,41590,3.0
29094,41591,1.0
29095,41592,1.0
29096,41593,1.0
29097,41594,1.0
29098,41595,2.0
29098,41596,19.0
29099,41597,16.0
29100,41598,5.0
29101,41599,1.0
29102,41600,5.0
29103,41601,1.0
29104,41602,1.0
29105,41603,2.0
29105,41604,19.0
29106,41605,1.0
29107,41606,21.0
29108,41607,5.0
29109,41608,3.0
29110,41609,21.0
29111,41610,
29112,41611,17.0
29113,41612,10.0
29113,41613,11.0
29114,41614,16.0
29115,41615,21.0
29116,41616,16.0
29117,41617,1.0
29118,41618,1.0
29119,41619,1.0
29120,41620,1.0
29121,41621,13.0
29122,41622,17.0
29123,41623,5.0
29124,41624,2.0
29124,41625,19.0
29125,41626,16.0
29126,41627,5.0
29127,41628,3.0
29128,41629,1.0
29129,41630,10.0
29129,41631,11.0
29130,41632,1.0
29131,41633,10.0
29131,41634,11.0
29132,41635,17.0
29133,41636,1.0
29134,41637,1.0
29135,41638,3.0
29136,41639,16.0
29137,41640,1.0
29138,41641,5.0
29139,41642,1.0
29140,41643,3.0
29141,41644,10.0
29141,41645,11.0
29142,41646,17.0
29143,41647,13.0
29144,41648,16.0
29145,41649,3.0
29146,41650,5.0
29147,41651,1.0
29148,41652,13.0
29149,41653,16.0
29150,41654,1.0
29150,41655,2.0
29150,41656,6.0
29151,41657,1.0
29152,41658,1.0
29153,41659,1.0
29154,41660,14.0
29155,41661,5.0
29156,41662,17.0
29157,41663,5.0
29158,41664,1.0
29159,41665,5.0
29160,41666,1.0
29161,41667,1.0
29162,41668,1.0
29163,41669,13.0
29164,41670,1.0
29165,41671,5.0
29166,41672,1.0
29167,41673,1.0
29168,41674,16.0
29169,41675,16.0
29170,41676,1.0
29171,41677,1.0
29172,41678,1.0
29173,41679,3.0
29174,41680,16.0
29175,41681,16.0
29176,41682,5.0
29177,41683,5.0
29178,41684,1.0
29179,41685,5.0
29180,41686,3.0
29181,41687,14.0
29182,41688,
29183,41689,13.0
29184,41690,5.0
29185,41691,17.0
29186,41692,
29187,41693,5.0
29188,41694,1.0
29189,41695,1.0
29190,41696,1.0
29191,41697,20.0
29192,41698,1.0
29193,41699,5.0
29194,41700,2.0
29194,41701,19.0
29195,41702,1.0
29196,41703,1.0
29197,41704,17.0
29198,41705,3.0
29199,41706,10.0
29199,41707,11.0
29200,41708,17.0
29201,41709,13.0
29202,41710,
29203,41711,16.0
29204,41712,5.0
29205,41713,5.0
29206,41714,13.0
29206,41715,23.0
29206,41716,2.0
29207,41717,13.0
29208,41718,1.0
29209,41719,14.0
29210,41720,1.0
29211,41721,1.0
29212,41722,5.0
29213,41723,2.0
29213,41724,19.0
29214,41725,13.0
29214,41726,16.0
29214,41727,7.0
29214,41728,3.0
29214,41729,15.0
29215,41730,3.0
29216,41731,3.0
29217,41732,13.0
29218,41733,3.0
29219,41734,16.0
29220,41735,1.0
29221,41736,1.0
29222,41737,1.0
29223,41738,1.0
29224,41739,14.0
29225,41740,2.0
29225,41741,19.0
29226,41742,5.0
29227,41743,3.0
29228,41744,17.0
29229,41745,
29230,41746,2.0
29230,41747,19.0
29231,41748,3.0
29232,41749,5.0
29233,41750,5.0
29234,41751,13.0
29235,41752,2.0
29235,41753,19.0
29236,41754,1.0
29237,41755,5.0
29238,41756,1.0
29239,41757,5.0
29240,41758,3.0
29241,41759,1.0
29242,41760,1.0
29243,41761,3.0
29244,41762,3.0
29245,41763,1.0
29246,41764,1.0
29247,41765,
29248,41766,1.0
29249,41767,1.0
29250,41768,5.0
29251,41769,1.0
29252,41770,14.0
29253,41771,1.0
29254,41772,14.0
29255,41773,1.0
29256,41774,5.0
29257,41775,3.0
29258,41776,3.0
29259,41777,1.0
29260,41778,1.0
29261,41779,16.0
29262,41780,16.0
29263,41781,13.0
29264,41782,3.0
29265,41783,2.0
29265,41784,19.0
29266,41785,1.0
29267,41786,3.0
29268,41787,1.0
29269,41788,2.0
29269,41789,19.0
29270,41790,1.0
29271,41791,10.0
29271,41792,11.0
29272,41793,3.0
29273,41794,14.0
29274,41795,10.0
29274,41796,11.0
29275,41797,1.0
29276,41798,15.0
29277,41799,5.0
29278,41800,14.0
29279,41801,3.0
29280,41802,2.0
29280,41803,19.0
29281,41804,21.0
29282,41805,16.0
29283,41806,1.0
29284,41807,3.0
29285,41808,5.0
29286,41809,5.0
29287,41810,1.0
29288,41811,1.0
29289,41812,10.0
29289,41813,11.0
29290,41814,16.0
29291,41815,3.0
29292,41816,1.0
29293,41817,1.0
29294,41818,3.0
29295,41819,27.0
29296,41820,3.0
29297,41821,5.0
29298,41822,1.0
29299,41823,5.0
29300,41824,3.0
29301,41825,1.0
29302,41826,
29303,41827,5.0
29304,41828,2.0
29305,41829,5.0
29306,41830,3.0
29307,41831,1.0
29308,41832,5.0
29309,41833,1.0
29310,41834,3.0
29311,41835,
29312,41836,27.0
29313,41837,1.0
29314,41838,16.0
29315,41839,17.0
29316,41840,1.0
29317,41841,13.0
29317,41842,16.0
29317,41843,7.0
29317,41844,15.0
29318,41845,
29319,41846,13.0
29320,41847,1.0
29321,41848,16.0
29322,41849,1.0
29323,41850,13.0
29324,41851,16.0
29325,41852,16.0
29326,41853,3.0
29327,41854,13.0
29328,41855,3.0
29329,41856,1.0
29330,41857,3.0
29331,41858,1.0
29332,41859,1.0
29333,41860,5.0
29334,41861,1.0
29335,41862,1.0
29336,41863,3.0
29337,41864,3.0
29338,41865,3.0
29339,41866,3.0
29340,41867,13.0
29341,41868,1.0
29342,41869,3.0
29343,41870,1.0
29344,41871,5.0
29345,41872,5.0
29346,41873,16.0
29347,41874,1.0
29348,41875,16.0
29349,41876,3.0
29350,41877,1.0
29351,41878,10.0
29351,41879,11.0
29352,41880,2.0
29352,41881,19.0
29353,41882,5.0
29354,41883,16.0
29354,41884,1.0
29354,41885,15.0
29355,41886,1.0
29356,41887,1.0
29357,41888,1.0
29358,41889,5.0
29359,41890,2.0
29359,41891,19.0
29360,41892,16.0
29361,41893,5.0
29362,41894,3.0
29363,41895,1.0
29364,41896,3.0
29365,41897,5.0
29366,41898,13.0
29367,41899,1.0
29368,41900,5.0
29369,41901,16.0
29370,41902,1.0
29371,41903,1.0
29372,41904,17.0
29373,41905,
29374,41906,14.0
29375,41907,5.0
29376,41908,13.0
29377,41909,16.0
29378,41910,1.0
29379,41911,17.0
29380,41912,14.0
29381,41913,1.0
29382,41914,14.0
29383,41915,
29384,41916,13.0
29385,41917,3.0
29386,41918,13.0
29387,41919,5.0
29388,41920,1.0
29389,41921,5.0
29390,41922,13.0
29391,41923,1.0
29392,41924,16.0
29393,41925,5.0
29394,41926,1.0
29395,41927,13.0
29396,41928,14.0
29397,41929,13.0
29398,41930,14.0
29399,41931,17.0
29400,41932,10.0
29400,41933,11.0
29401,41934,10.0
29401,41935,11.0
29402,41936,5.0
29403,41937,16.0
29404,41938,27.0
29405,41939,1.0
29406,41940,1.0
29407,41941,5.0
29408,41942,14.0
29409,41943,3.0
29410,41944,16.0
29411,41945,14.0
29412,41946,1.0
29412,41947,3.0
29412,41948,4.0
29413,41949,17.0
29414,41950,5.0
29415,41951,5.0
29416,41952,1.0
29417,41953,1.0
29418,41954,10.0
29418,41955,11.0
29419,41956,1.0
29420,41957,21.0
29421,41958,3.0
29422,41959,10.0
29422,41960,11.0
29423,41961,5.0
29424,41962,2.0
29424,41963,19.0
29425,41964,3.0
29426,41965,1.0
29427,41966,16.0
29428,41967,13.0
29429,41968,1.0
29430,41969,1.0
29431,41970,1.0
29432,41971,3.0
29433,41972,13.0
29434,41973,1.0
29435,41974,14.0
29436,41975,1.0
29437,41976,14.0
29438,41977,2.0
29438,41978,19.0
29439,41979,3.0
29440,41980,13.0
29441,41981,27.0
29442,41982,13.0
29443,41983,5.0
29444,41984,10.0
29444,41985,11.0
29445,41986,1.0
29446,41987,2.0
29446,41988,19.0
29447,41989,1.0
29448,41990,1.0
29449,41991,1.0
29450,41992,5.0
29451,41993,2.0
29451,41994,19.0
29452,41995,3.0
29453,41996,20.0
29454,41997,1.0
29455,41998,5.0
29456,41999,3.0
29457,42000,5.0
29458,42001,5.0
29459,42002,1.0
29460,42003,1.0
29461,42004,1.0
29462,42005,16.0
29463,42006,5.0
29464,42007,3.0
29465,42008,3.0
29466,42009,1.0
29467,42010,3.0
29468,42011,27.0
29469,42012,1.0
29470,42013,3.0
29471,42014,3.0
29472,42015,1.0
29473,42016,16.0
29474,42017,1.0
29475,42018,16.0
29476,42019,16.0
29477,42020,1.0
29478,42021,1.0
29479,42022,1.0
29480,42023,2.0
29480,42024,19.0
29481,42025,2.0
29481,42026,19.0
29482,42027,5.0
29483,42028,3.0
29484,42029,2.0
29484,42030,19.0
29485,42031,5.0
29486,42032,13.0
29487,42033,5.0
29488,42034,5.0
29489,42035,1.0
29490,42036,5.0
29491,42037,16.0
29492,42038,1.0
29493,42039,1.0
29494,42040,1.0
29495,42041,1.0
29496,42042,5.0
29497,42043,16.0
29498,42044,5.0
29499,42045,1.0
29500,42046,1.0
29501,42047,1.0
29502,42048,5.0
29503,42049,17.0
29504,42050,5.0
29505,42051,21.0
29506,42052,16.0
29507,42053,3.0
29508,42054,16.0
29509,42055,5.0
29510,42056,2.0
29510,42057,19.0
29511,42058,
29512,42059,1.0
29513,42060,1.0
29514,42061,14.0
29515,42062,14.0
29516,42063,1.0
29517,42064,2.0
29517,42065,19.0
29518,42066,3.0
29519,42067,16.0
29520,42068,1.0
29521,42069,5.0
29522,42070,14.0
29523,42071,8.0
29523,42072,1.0
29523,42073,6.0
29524,42074,14.0
29525,42075,5.0
29526,42076,1.0
29527,42077,5.0
29528,42078,17.0
29529,42079,14.0
29530,42080,5.0
29531,42081,13.0
29532,42082,3.0
29533,42083,5.0
29534,42084,2.0
29534,42085,19.0
29535,42086,13.0
29536,42087,1.0
29537,42088,10.0
29537,42089,11.0
29538,42090,5.0
29539,42091,
29540,42092,5.0
29541,42093,5.0
29542,42094,1.0
29543,42095,5.0
29544,42096,1.0
29545,42097,1.0
29546,42098,5.0
29547,42099,13.0
29548,42100,1.0
29549,42101,14.0
29550,42102,5.0
29551,42103,5.0
29552,42104,2.0
29552,42105,19.0
29553,42106,
29554,42107,5.0
29555,42108,10.0
29555,42109,11.0
29556,42110,3.0
29557,42111,1.0
29558,42112,1.0
29559,42113,13.0
29560,42114,2.0
29560,42115,7.0
29561,42116,1.0
29562,42117,1.0
29563,42118,1.0
29563,42119,3.0
29564,42120,2.0
29564,42121,19.0
29565,42122,3.0
29566,42123,5.0
29567,42124,3.0
29568,42125,14.0
29569,42126,5.0
29570,42127,5.0
29571,42128,3.0
29572,42129,10.0
29572,42130,11.0
29573,42131,1.0
29574,42132,13.0
29575,42133,2.0
29575,42134,19.0
29576,42135,5.0
29577,42136,27.0
29578,42137,1.0
29579,42138,3.0
29580,42139,1.0
29581,42140,5.0
29582,42141,5.0
29583,42142,5.0
29584,42143,
29585,42144,16.0
29586,42145,3.0
29587,42146,
29588,42147,5.0
29589,42148,5.0
29590,42149,5.0
29591,42150,1.0
29592,42151,3.0
29593,42152,5.0
29594,42153,13.0
29594,42154,1.0
29594,42155,2.0
29595,42156,5.0
29596,42157,5.0
29597,42158,
29598,42159,21.0
29599,42160,16.0
29600,42161,
29601,42162,13.0
29602,42163,1.0
29603,42164,2.0
29603,42165,19.0
29604,42166,16.0
29605,42167,16.0
29606,42168,14.0
29607,42169,1.0
29608,42170,1.0
29609,42171,3.0
29610,42172,5.0
29611,42173,1.0
29612,42174,1.0
29613,42175,3.0
29614,42176,3.0
29615,42177,13.0
29616,42178,5.0
29617,42179,5.0
29618,42180,3.0
29619,42181,2.0
29619,42182,19.0
29620,42183,16.0
29621,42184,13.0
29622,42185,5.0
29623,42186,1.0
29624,42187,1.0
29625,42188,16.0
29626,42189,1.0
29626,42190,2.0
29626,42191,14.0
29627,42192,5.0
29628,42193,5.0
29629,42194,1.0
29630,42195,1.0
29631,42196,16.0
29632,42197,13.0
29633,42198,2.0
29633,42199,19.0
29634,42200,5.0
29635,42201,3.0
29636,42202,3.0
29637,42203,2.0
29637,42204,19.0
29638,42205,3.0
29639,42206,14.0
29640,42207,5.0
29641,42208,9.0
29641,42209,15.0
29641,42210,5.0
29642,42211,24.0
29642,42212,5.0
29643,42213,13.0
29644,42214,1.0
29645,42215,2.0
29645,42216,19.0
29646,42217,1.0
29647,42218,1.0
29648,42219,3.0
29649,42220,
29650,42221,14.0
29651,42222,14.0
29652,42223,13.0
29653,42224,3.0
29654,42225,5.0
29655,42226,1.0
29656,42227,1.0
29657,42228,5.0
29658,42229,16.0
29659,42230,5.0
29660,42231,3.0
29661,42232,1.0
29662,42233,5.0
29663,42234,1.0
29664,42235,1.0
29665,42236,5.0
29666,42237,3.0
29667,42238,2.0
29667,42239,19.0
29668,42240,5.0
29669,42241,21.0
29670,42242,14.0
29671,42243,5.0
29672,42244,
29673,42245,5.0
29674,42246,3.0
29675,42247,1.0
29676,42248,17.0
29677,42249,2.0
29677,42250,19.0
29678,42251,5.0
29679,42252,1.0
29679,42253,4.0
29680,42254,13.0
29681,42255,2.0
29681,42256,19.0
29682,42257,17.0
29683,42258,13.0
29684,42259,5.0
29685,42260,2.0
29685,42261,19.0
29686,42262,14.0
29687,42263,14.0
29688,42264,14.0
29689,42265,1.0
29690,42266,1.0
29691,42267,5.0
29692,42268,3.0
29693,42269,13.0
29694,42270,5.0
29695,42271,13.0
29695,42272,23.0
29695,42273,2.0
29695,42274,14.0
29696,42275,16.0
29697,42276,2.0
29697,42277,19.0
29698,42278,13.0
29699,42279,10.0
29699,42280,11.0
29700,42281,1.0
29701,42282,3.0
29702,42283,5.0
29703,42284,13.0
29704,42285,1.0
29705,42286,3.0
29706,42287,1.0
29707,42288,5.0
29708,42289,1.0
29709,42290,21.0
29710,42291,13.0
29711,42292,13.0
29712,42293,16.0
29713,42294,16.0
29713,42295,3.0
29713,42296,25.0
29713,42297,15.0
29713,42298,21.0
29714,42299,1.0
29715,42300,16.0
29716,42301,21.0
29717,42302,2.0
29717,42303,19.0
29718,42304,5.0
29719,42305,13.0
29720,42306,14.0
29721,42307,13.0
29722,42308,1.0
29723,42309,3.0
29724,42310,2.0
29724,42311,19.0
29725,42312,16.0
29726,42313,17.0
29727,42314,5.0
29728,42315,3.0
29729,42316,3.0
29730,42317,1.0
29731,42318,13.0
29732,42319,2.0
29732,42320,19.0
29733,42321,5.0
29734,42322,13.0
29734,42323,16.0
29734,42324,23.0
29734,42325,2.0
29734,42326,7.0
29735,42327,16.0
29735,42328,23.0
29735,42329,2.0
29736,42330,3.0
29737,42331,5.0
29738,42332,1.0
29739,42333,13.0
29740,42334,2.0
29740,42335,19.0
29741,42336,1.0
29742,42337,1.0
29743,42338,14.0
29744,42339,14.0
29745,42340,13.0
29746,42341,14.0
29747,42342,3.0
29748,42343,3.0
29749,42344,1.0
29750,42345,2.0
29751,42346,2.0
29751,42347,19.0
29752,42348,17.0
29753,42349,13.0
29754,42350,2.0
29754,42351,19.0
29755,42352,17.0
29756,42353,1.0
29757,42354,
29758,42355,2.0
29758,42356,19.0
29759,42357,27.0
29760,42358,2.0
29760,42359,19.0
29761,42360,2.0
29761,42361,19.0
29762,42362,1.0
29763,42363,13.0
29764,42364,17.0
29765,42365,13.0
29766,42366,1.0
29767,42367,5.0
29768,42368,1.0
29769,42369,21.0
29770,42370,14.0
29771,42371,21.0
29772,42372,1.0
29773,42373,14.0
29774,42374,21.0
29775,42375,1.0
29776,42376,1.0
29777,42377,1.0
29778,42378,1.0
29779,42379,1.0
29780,42380,1.0
29781,42381,5.0
29782,42382,5.0
29783,42383,1.0
29784,42384,3.0
29785,42385,14.0
29786,42386,16.0
29786,42387,7.0
29786,42388,3.0
29786,42389,25.0
29786,42390,15.0
29787,42391,3.0
29788,42392,1.0
29789,42393,1.0
29790,42394,5.0
29791,42395,16.0
29792,42396,5.0
29793,42397,5.0
29794,42398,13.0
29795,42399,13.0
29796,42400,14.0
29797,42401,5.0
29798,42402,5.0
29799,42403,3.0
29800,42404,5.0
29801,42405,3.0
29802,42406,5.0
29803,42407,1.0
29804,42408,10.0
29804,42409,11.0
29805,42410,5.0
29806,42411,17.0
29807,42412,16.0
29808,42413,5.0
29809,42414,1.0
29810,42415,13.0
29811,42416,5.0
29812,42417,1.0
29813,42418,13.0
29814,42419,5.0
29815,42420,5.0
29816,42421,
29817,42422,1.0
29818,42423,13.0
29819,42424,5.0
29820,42425,21.0
29821,42426,2.0
29821,42427,19.0
29822,42428,10.0
29822,42429,11.0
29823,42430,16.0
29824,42431,27.0
29825,42432,1.0
29826,42433,13.0
29827,42434,3.0
29828,42435,14.0
29829,42436,3.0
29830,42437,27.0
29831,42438,5.0
29832,42439,2.0
29832,42440,19.0
29833,42441,1.0
29834,42442,3.0
29835,42443,2.0
29835,42444,19.0
29836,42445,21.0
29837,42446,3.0
29838,42447,2.0
29838,42448,19.0
29839,42449,1.0
29840,42450,16.0
29841,42451,16.0
29842,42452,2.0
29842,42453,19.0
29843,42454,5.0
29844,42455,16.0
29845,42456,5.0
29846,42457,3.0
29847,42458,5.0
29848,42459,1.0
29849,42460,1.0
29850,42461,1.0
29851,42462,5.0
29852,42463,1.0
29853,42464,2.0
29853,42465,19.0
29854,42466,1.0
29855,42467,5.0
29856,42468,1.0
29857,42469,13.0
29858,42470,3.0
29859,42471,16.0
29860,42472,1.0
29861,42473,2.0
29861,42474,19.0
29862,42475,5.0
29863,42476,17.0
29864,42477,1.0
29865,42478,14.0
29866,42479,10.0
29866,42480,11.0
29867,42481,2.0
29867,42482,19.0
29868,42483,1.0
29869,42484,1.0
29870,42485,1.0
29871,42486,23.0
29871,42487,14.0
29872,42488,16.0
29873,42489,13.0
29874,42490,2.0
29874,42491,19.0
29875,42492,1.0
29876,42493,3.0
29877,42494,5.0
29878,42495,13.0
29878,42496,2.0
29878,42497,14.0
29879,42498,1.0
29880,42499,3.0
29881,42500,5.0
29882,42501,14.0
29883,42502,5.0
29884,42503,1.0
29885,42504,
29886,42505,5.0
29887,42506,13.0
29888,42507,5.0
29889,42508,5.0
29890,42509,1.0
29891,42510,13.0
29892,42511,13.0
29893,42512,16.0
29894,42513,22.0
29894,42514,2.0
29894,42515,14.0
29895,42516,1.0
29896,42517,1.0
29897,42518,5.0
29898,42519,1.0
29899,42520,5.0
29900,42521,13.0
29901,42522,20.0
29902,42523,5.0
29903,42524,
29904,42525,5.0
29905,42526,1.0
29906,42527,5.0
29907,42528,13.0
29908,42529,14.0
29909,42530,14.0
29910,42531,13.0
29911,42532,3.0
29912,42533,5.0
29913,42534,1.0
29914,42535,17.0
29915,42536,5.0
29916,42537,3.0
29917,42538,1.0
29918,42539,2.0
29918,42540,19.0
29919,42541,5.0
29920,42542,2.0
29920,42543,19.0
29921,42544,13.0
29922,42545,13.0
29923,42546,2.0
29923,42547,19.0
29924,42548,5.0
29925,42549,1.0
29926,42550,3.0
29927,42551,1.0
29928,42552,1.0
29929,42553,1.0
29930,42554,2.0
29930,42555,19.0
29931,42556,1.0
29932,42557,14.0
29933,42558,16.0
29934,42559,1.0
29935,42560,
29936,42561,1.0
29937,42562,16.0
29938,42563,20.0
29939,42564,1.0
29940,42565,2.0
29940,42566,19.0
29941,42567,1.0
29942,42568,1.0
29943,42569,1.0
29944,42570,1.0
29945,42571,5.0
29946,42572,1.0
29946,42573,6.0
29947,42574,3.0
29948,42575,3.0
29949,42576,5.0
29950,42577,5.0
29951,42578,5.0
29952,42579,5.0
29953,42580,1.0
29954,42581,10.0
29954,42582,11.0
29955,42583,16.0
29956,42584,10.0
29956,42585,11.0
29957,42586,1.0
29958,42587,1.0
29959,42588,1.0
29960,42589,13.0
29961,42590,1.0
29962,42591,1.0
29963,42592,5.0
29964,42593,26.0
29965,42594,1.0
29966,42595,1.0
29967,42596,5.0
29968,42597,1.0
29969,42598,21.0
29970,42599,1.0
29971,42600,2.0
29971,42601,19.0
29972,42602,1.0
29972,42603,2.0
29973,42604,3.0
29974,42605,5.0
29975,42606,1.0
29976,42607,3.0
29977,42608,2.0
29977,42609,19.0
29978,42610,17.0
29979,42611,3.0
29980,42612,1.0
29980,42613,2.0
29980,42614,6.0
29981,42615,3.0
29982,42616,2.0
29982,42617,19.0
29983,42618,2.0
29983,42619,19.0
29984,42620,1.0
29985,42621,1.0
29986,42622,1.0
29987,42623,5.0
29988,42624,5.0
29989,42625,1.0
29990,42626,16.0
29991,42627,10.0
29991,42628,11.0
29992,42629,1.0
29993,42630,5.0
29994,42631,17.0
29995,42632,5.0
29996,42633,1.0
29996,42634,3.0
29996,42635,24.0
29997,42636,13.0
29997,42637,23.0
29997,42638,22.0
29997,42639,2.0
29998,42640,1.0
29999,42641,5.0
30000,42642,14.0
30001,42643,13.0
30002,42644,1.0
30003,42645,3.0
30004,42646,13.0
30005,42647,1.0
30006,42648,1.0
30007,42649,1.0
30008,42650,1.0
30009,42651,1.0
30010,42652,14.0
30011,42653,16.0
30012,42654,17.0
30013,42655,1.0
30014,42656,5.0
30015,42657,16.0
30016,42658,1.0
30017,42659,1.0
30018,42660,13.0
30019,42661,1.0
30020,42662,1.0
30021,42663,1.0
30022,42664,3.0
30023,42665,1.0
30024,42666,1.0
30024,42667,2.0
30024,42668,3.0
30024,42669,6.0
30025,42670,1.0
30026,42671,1.0
30027,42672,1.0
30028,42673,1.0
30028,42674,3.0
30029,42675,2.0
30029,42676,19.0
30030,42677,16.0
30031,42678,1.0
30032,42679,1.0
30033,42680,5.0
30034,42681,14.0
30035,42682,1.0
30036,42683,1.0
30037,42684,2.0
30037,42685,19.0
30038,42686,5.0
30039,42687,5.0
30040,42688,3.0
30041,42689,17.0
30042,42690,13.0
30043,42691,5.0
30044,42692,
30045,42693,1.0
30046,42694,13.0
30047,42695,17.0
30048,42696,8.0
30048,42697,1.0
30048,42698,9.0
30048,42699,4.0
30049,42700,1.0
30050,42701,5.0
30051,42702,1.0
30052,42703,1.0
30053,42704,1.0
30054,42705,17.0
30055,42706,14.0
30056,42707,3.0
30057,42708,2.0
30057,42709,19.0
30058,42710,2.0
30058,42711,19.0
30059,42712,23.0
30059,42713,1.0
30059,42714,4.0
30060,42715,14.0
30061,42716,5.0
30062,42717,1.0
30063,42718,8.0
30063,42719,5.0
30064,42720,13.0
30065,42721,3.0
30066,42722,5.0
30067,42723,16.0
30068,42724,10.0
30068,42725,11.0
30069,42726,1.0
30070,42727,1.0
30071,42728,16.0
30072,42729,1.0
30073,42730,5.0
30074,42731,1.0
30075,42732,1.0
30076,42733,1.0
30077,42734,3.0
30078,42735,5.0
30079,42736,1.0
30080,42737,1.0
30081,42738,13.0
30082,42739,3.0
30083,42740,3.0
30084,42741,13.0
30084,42742,2.0
30085,42743,3.0
30086,42744,3.0
30087,42745,1.0
30088,42746,1.0
30089,42747,5.0
30090,42748,13.0
30090,42749,16.0
30090,42750,23.0
30090,42751,7.0
30091,42752,2.0
30091,42753,19.0
30092,42754,16.0
30093,42755,21.0
30094,42756,17.0
30095,42757,2.0
30095,42758,19.0
30096,42759,2.0
30096,42760,19.0
30097,42761,2.0
30097,42762,19.0
30098,42763,16.0
30099,42764,1.0
30100,42765,2.0
30100,42766,19.0
30101,42767,5.0
30102,42768,5.0
30103,42769,14.0
30104,42770,13.0
30105,42771,13.0
30106,42772,1.0
30107,42773,14.0
30108,42774,1.0
30109,42775,1.0
30110,42776,1.0
30111,42777,1.0
30112,42778,13.0
30113,42779,13.0
30114,42780,5.0
30115,42781,1.0
30116,42782,13.0
30117,42783,16.0
30118,42784,1.0
30119,42785,2.0
30119,42786,19.0
30120,42787,2.0
30120,42788,19.0
30121,42789,17.0
30122,42790,2.0
30123,42791,1.0
30123,42792,2.0
30123,42793,3.0
30123,42794,6.0
30124,42795,2.0
30124,42796,19.0
30125,42797,1.0
30126,42798,5.0
30127,42799,1.0
30128,42800,1.0
30129,42801,1.0
30130,42802,16.0
30131,42803,5.0
30132,42804,1.0
30133,42805,13.0
30134,42806,2.0
30134,42807,19.0
30135,42808,1.0
30136,42809,3.0
30137,42810,1.0
30137,42811,9.0
30137,42812,12.0
30138,42813,3.0
30139,42814,5.0
30140,42815,1.0
30141,42816,1.0
30142,42817,1.0
30143,42818,5.0
30144,42819,5.0
30145,42820,1.0
30146,42821,13.0
30147,42822,5.0
30148,42823,17.0
30149,42824,23.0
30149,42825,1.0
30150,42826,1.0
30151,42827,1.0
30152,42828,1.0
30153,42829,10.0
30153,42830,11.0
30154,42831,1.0
30155,42832,3.0
30156,42833,5.0
30157,42834,1.0
30158,42835,17.0
30159,42836,3.0
30160,42837,3.0
30161,42838,1.0
30162,42839,1.0
30163,42840,1.0
30164,42841,2.0
30164,42842,19.0
30165,42843,5.0
30166,42844,16.0
30167,42845,1.0
30168,42846,1.0
30169,42847,1.0
30170,42848,1.0
30171,42849,1.0
30172,42850,13.0
30173,42851,1.0
30174,42852,13.0
30175,42853,5.0
30176,42854,1.0
30177,42855,3.0
30178,42856,1.0
30179,42857,2.0
30179,42858,19.0
30180,42859,1.0
30180,42860,6.0
30181,42861,5.0
30182,42862,1.0
30183,42863,5.0
30184,42864,1.0
30185,42865,1.0
30186,42866,14.0
30187,42867,3.0
30188,42868,3.0
30189,42869,3.0
30190,42870,1.0
30191,42871,13.0
30192,42872,1.0
30193,42873,13.0
30194,42874,3.0
30195,42875,13.0
30196,42876,13.0
30197,42877,13.0
30198,42878,3.0
30199,42879,
30200,42880,5.0
30201,42881,13.0
30202,42882,
30203,42883,5.0
30204,42884,1.0
30205,42885,2.0
30205,42886,19.0
30206,42887,5.0
30207,42888,13.0
30208,42889,3.0
30209,42890,13.0
30210,42891,13.0
30211,42892,13.0
30212,42893,1.0
30213,42894,16.0
30214,42895,5.0
30215,42896,5.0
30216,42897,1.0
30217,42898,13.0
30218,42899,1.0
30218,42900,22.0
30218,42901,2.0
30218,42902,6.0
30219,42903,16.0
30220,42904,1.0
30220,42905,3.0
30220,42906,4.0
30221,42907,1.0
30222,42908,16.0
30222,42909,1.0
30222,42910,7.0
30223,42911,3.0
30223,42912,4.0
30224,42913,1.0
30225,42914,1.0
30225,42915,2.0
30226,42916,5.0
30227,42917,5.0
30228,42918,8.0
30228,42919,5.0
30229,42920,1.0
30229,42921,3.0
30229,42922,24.0
30230,42923,16.0
30230,42924,8.0
30230,42925,1.0
30230,42926,2.0
30231,42927,13.0
30232,42928,8.0
30232,42929,1.0
30232,42930,12.0
30233,42931,6.0
30233,42932,5.0
30234,42933,13.0
30234,42934,1.0
30234,42935,9.0
30234,42936,2.0
30235,42937,1.0
30235,42938,6.0
30236,42939,5.0
30237,42940,1.0
30238,42941,13.0
30238,42942,16.0
30238,42943,1.0
30238,42944,9.0
30238,42945,12.0
30239,42946,1.0
30239,42947,12.0
30240,42948,1.0
30240,42949,22.0
30240,42950,2.0
30240,42951,14.0
30240,42952,6.0
30241,42953,9.0
30241,42954,2.0
30241,42955,5.0
30241,42956,28.0
30242,42957,1.0
30243,42958,1.0
30243,42959,2.0
30243,42960,14.0
30244,42961,3.0
30245,42962,1.0
30245,42963,3.0
30245,42964,4.0
30246,42965,1.0
30246,42966,3.0
30247,42967,1.0
30248,42968,3.0
30248,42969,21.0
30249,42970,5.0
30250,42971,1.0
30251,42972,13.0
30251,42973,1.0
30251,42974,2.0
30251,42975,6.0
30252,42976,13.0
30252,42977,1.0
30252,42978,9.0
30252,42979,2.0
30252,42980,6.0
30253,42981,1.0
30253,42982,2.0
30254,42983,1.0
30255,42984,5.0
30256,42985,1.0
30256,42986,6.0
30256,42987,5.0
30256,42988,28.0
30257,42989,3.0
30258,42990,1.0
30259,42991,1.0
30260,42992,1.0
30261,42993,1.0
30261,42994,3.0
30262,42995,1.0
30263,42996,1.0
30263,42997,4.0
30263,42998,6.0
30264,42999,13.0
30264,43000,7.0
30264,43001,12.0
30265,43002,2.0
30265,43003,14.0
30266,43004,1.0
30267,43005,1.0
30267,43006,3.0
30267,43007,4.0
30268,43008,1.0
30269,43009,8.0
30269,43010,1.0
30269,43011,18.0
30270,43012,23.0
30270,43013,1.0
30270,43014,7.0
30271,43015,16.0
30271,43016,1.0
30271,43017,2.0
30271,43018,14.0
30272,43019,1.0
30272,43020,3.0
30273,43021,1.0
30274,43022,1.0
30275,43023,13.0
30275,43024,16.0
30275,43025,2.0
30275,43026,3.0
30276,43027,24.0
30276,43028,5.0
30277,43029,2.0
30277,43030,3.0
30277,43031,6.0
30278,43032,13.0
30278,43033,2.0
30279,43034,5.0
30280,43035,1.0
30281,43036,13.0
30281,43037,1.0
30281,43038,2.0
30281,43039,12.0
30282,43040,1.0
30283,43041,13.0
30283,43042,1.0
30283,43043,2.0
30284,43044,1.0
30284,43045,5.0
30285,43046,5.0
30286,43047,5.0
30287,43048,22.0
30287,43049,3.0
30287,43050,6.0
30287,43051,21.0
30288,43052,1.0
30288,43053,3.0
30289,43054,1.0
30289,43055,3.0
30289,43056,6.0
30289,43057,20.0
30290,43058,3.0
30290,43059,6.0
30291,43060,1.0
30292,43061,5.0
30293,43062,1.0
30293,43063,25.0
30294,43064,1.0
30295,43065,8.0
30295,43066,1.0
30296,43067,1.0
30297,43068,1.0
30298,43069,8.0
30298,43070,15.0
30298,43071,5.0
30299,43072,1.0
30299,43073,3.0
30300,43074,1.0
30300,43075,3.0
30301,43076,1.0
30301,43077,3.0
30302,43078,8.0
30302,43079,1.0
30302,43080,2.0
30302,43081,6.0
30302,43082,12.0
30303,43083,3.0
30303,43084,6.0
30303,43085,25.0
30303,43086,15.0
30304,43087,1.0
30305,43088,1.0
30305,43089,3.0
30306,43090,1.0
30307,43091,1.0
30307,43092,4.0
30308,43093,1.0
30309,43094,1.0
30309,43095,2.0
30310,43096,22.0
30310,43097,2.0
30311,43098,16.0
30311,43099,1.0
30311,43100,7.0
30311,43101,3.0
30311,43102,15.0
30312,43103,16.0
30312,43104,1.0
30312,43105,15.0
30313,43106,1.0
30313,43107,3.0
30313,43108,4.0
30314,43109,2.0
30315,43110,5.0
30316,43111,1.0
30317,43112,1.0
30318,43113,8.0
30318,43114,2.0
30318,43115,5.0
30318,43116,28.0
30319,43117,8.0
30319,43118,3.0
30320,43119,1.0
30320,43120,7.0
30320,43121,4.0
30321,43122,1.0
30322,43123,1.0
30323,43124,5.0
30324,43125,1.0
30325,43126,13.0
30325,43127,2.0
30325,43128,6.0
30326,43129,1.0
30326,43130,6.0
30327,43131,13.0
30327,43132,2.0
30327,43133,6.0
30328,43134,1.0
30328,43135,2.0
30329,43136,1.0
30329,43137,2.0
30329,43138,6.0
30330,43139,3.0
30331,43140,1.0
30332,43141,1.0
30332,43142,15.0
30333,43143,22.0
30334,43144,5.0
30335,43145,1.0
30335,43146,7.0
30335,43147,25.0
30335,43148,15.0
30336,43149,3.0
30336,43150,25.0
30337,43151,1.0
30337,43152,3.0
30338,43153,1.0
30338,43154,3.0
30339,43155,1.0
30339,43156,2.0
30339,43157,6.0
30340,43158,1.0
30340,43159,2.0
30341,43160,22.0
30341,43161,2.0
30341,43162,14.0
30342,43163,1.0
30342,43164,3.0
30343,43165,1.0
30343,43166,3.0
30344,43167,5.0
30345,43168,24.0
30345,43169,5.0
30346,43170,3.0
30346,43171,4.0
30347,43172,8.0
30347,43173,1.0
30347,43174,12.0
30348,43175,1.0
30348,43176,6.0
30349,43177,23.0
30349,43178,1.0
30349,43179,2.0
30349,43180,14.0
30350,43181,23.0
30350,43182,1.0
30350,43183,2.0
30350,43184,14.0
30351,43185,3.0
30351,43186,4.0
30352,43187,1.0
30352,43188,5.0
30353,43189,1.0
30353,43190,9.0
30353,43191,4.0
30354,43192,1.0
30355,43193,5.0
30356,43194,1.0
30356,43195,18.0
30357,43196,5.0
30358,43197,1.0
30358,43198,4.0
30358,43199,25.0
30359,43200,1.0
30360,43201,1.0
30361,43202,5.0
30362,43203,18.0
30362,43204,5.0
30363,43205,1.0
30363,43206,3.0
30363,43207,6.0
30364,43208,1.0
30364,43209,4.0
30364,43210,24.0
30364,43211,21.0
30365,43212,13.0
30365,43213,1.0
30365,43214,9.0
30366,43215,1.0
30366,43216,4.0
30367,43217,1.0
30368,43218,1.0
30368,43219,22.0
30368,43220,4.0
30368,43221,12.0
30369,43222,1.0
30369,43223,22.0
30369,43224,2.0
30369,43225,6.0
30370,43226,13.0
30370,43227,1.0
30370,43228,22.0
30370,43229,2.0
30370,43230,6.0
30371,43231,21.0
30372,43232,5.0
30373,43233,1.0
30374,43234,1.0
30374,43235,2.0
30374,43236,6.0
30375,43237,1.0
30375,43238,12.0
30376,43239,1.0
30376,43240,3.0
30376,43241,4.0
30376,43242,21.0
30377,43243,1.0
30378,43244,16.0
30378,43245,23.0
30378,43246,7.0
30378,43247,15.0
30379,43248,1.0
30380,43249,1.0
30381,43250,1.0
30381,43251,3.0
30381,43252,15.0
30382,43253,1.0
30383,43254,5.0
30384,43255,1.0
30384,43256,3.0
30384,43257,4.0
30385,43258,1.0
30385,43259,22.0
30386,43260,1.0
30386,43261,7.0
30387,43262,1.0
30387,43263,3.0
30387,43264,4.0
30388,43265,13.0
30388,43266,8.0
30388,43267,2.0
30388,43268,6.0
30389,43269,1.0
30390,43270,5.0
30391,43271,3.0
30391,43272,4.0
30392,43273,3.0
30393,43274,16.0
30393,43275,23.0
30393,43276,1.0
30393,43277,22.0
30393,43278,2.0
30394,43279,1.0
30394,43280,12.0
30395,43281,3.0
30395,43282,4.0
30396,43283,3.0
30397,43284,1.0
30398,43285,23.0
30398,43286,1.0
30398,43287,15.0
30399,43288,1.0
30399,43289,3.0
30399,43290,4.0
30400,43291,1.0
30400,43292,4.0
30401,43293,1.0
30401,43294,22.0
30402,43295,1.0
30402,43296,3.0
30403,43297,1.0
30404,43298,5.0
30405,43299,3.0
30405,43300,4.0
30406,43301,1.0
30407,43302,1.0
30408,43303,8.0
30408,43304,1.0
30408,43305,9.0
30409,43306,1.0
30409,43307,2.0
30409,43308,14.0
30410,43309,1.0
30410,43310,2.0
30411,43311,13.0
30411,43312,2.0
30412,43313,1.0
30412,43314,2.0
30413,43315,1.0
30413,43316,9.0
30414,43317,1.0
30414,43318,14.0
30415,43319,1.0
30415,43320,3.0
30416,43321,1.0
30416,43322,5.0
30417,43323,5.0
30418,43324,5.0
30419,43325,1.0
30419,43326,3.0
30420,43327,1.0
30420,43328,3.0
30421,43329,3.0
30422,43330,1.0
30422,43331,2.0
30422,43332,3.0
30422,43333,6.0
30423,43334,1.0
30423,43335,3.0
30423,43336,4.0
30424,43337,16.0
30424,43338,7.0
30424,43339,15.0
30425,43340,1.0
30426,43341,13.0
30426,43342,1.0
30427,43343,13.0
30427,43344,16.0
30427,43345,23.0
30427,43346,2.0
30427,43347,4.0
30428,43348,5.0
30428,43349,28.0
30429,43350,1.0
30430,43351,1.0
30430,43352,2.0
30430,43353,6.0
30430,43354,24.0
30431,43355,1.0
30431,43356,3.0
30432,43357,13.0
30432,43358,2.0
30432,43359,3.0
30432,43360,6.0
30433,43361,1.0
30434,43362,1.0
30434,43363,3.0
30435,43364,5.0
30436,43365,5.0
30437,43366,1.0
30437,43367,3.0
30438,43368,1.0
30439,43369,5.0
30440,43370,1.0
30440,43371,4.0
30441,43372,1.0
30441,43373,12.0
30441,43374,24.0
30442,43375,1.0
30442,43376,3.0
30442,43377,4.0
30443,43378,1.0
30444,43379,1.0
30444,43380,4.0
30445,43381,1.0
30445,43382,4.0
30445,43383,20.0
30446,43384,1.0
30447,43385,1.0
30447,43386,5.0
30448,43387,1.0
30449,43388,3.0
30450,43389,1.0
30451,43390,3.0
30451,43391,15.0
30451,43392,5.0
30451,43393,33.0
30452,43394,3.0
30453,43395,1.0
30453,43396,2.0
30453,43397,4.0
30454,43398,8.0
30454,43399,1.0
30454,43400,5.0
30454,43401,28.0
30455,43402,1.0
30455,43403,3.0
30455,43404,4.0
30456,43405,1.0
30456,43406,3.0
30457,43407,8.0
30457,43408,1.0
30457,43409,3.0
30457,43410,5.0
30458,43411,13.0
30458,43412,7.0
30458,43413,14.0
30459,43414,1.0
30459,43415,2.0
30459,43416,6.0
30460,43417,3.0
30460,43418,4.0
30461,43419,13.0
30461,43420,16.0
30461,43421,1.0
30461,43422,2.0
30461,43423,15.0
30462,43424,16.0
30462,43425,3.0
30462,43426,25.0
30462,43427,15.0
30463,43428,1.0
30463,43429,6.0
30464,43430,1.0
30465,43431,1.0
30465,43432,7.0
30465,43433,3.0
30465,43434,24.0
30465,43435,15.0
30466,43436,8.0
30466,43437,1.0
30466,43438,9.0
30466,43439,4.0
30467,43440,5.0
30468,43441,3.0
30468,43442,4.0
30469,43443,1.0
30469,43444,14.0
30470,43445,13.0
30470,43446,16.0
30470,43447,23.0
30470,43448,9.0
30470,43449,7.0
30470,43450,3.0
30470,43451,12.0
30470,43452,25.0
30471,43453,1.0
30471,43454,6.0
30472,43455,5.0
30473,43456,5.0
30474,43457,5.0
30475,43458,5.0
30476,43459,1.0
30476,43460,6.0
30477,43461,13.0
30477,43462,16.0
30477,43463,1.0
30477,43464,2.0
30477,43465,6.0
30477,43466,12.0
30478,43467,1.0
30479,43468,1.0
30480,43469,8.0
30480,43470,3.0
30480,43471,25.0
30480,43472,5.0
30481,43473,8.0
30481,43474,1.0
30481,43475,18.0
30482,43476,3.0
30483,43477,1.0
30484,43478,1.0
30484,43479,3.0
30484,43480,4.0
30485,43481,1.0
30486,43482,1.0
30486,43483,24.0
30487,43484,1.0
30487,43485,2.0
30488,43486,1.0
30489,43487,3.0
30489,43488,4.0
30490,43489,3.0
30491,43490,1.0
30491,43491,3.0
30492,43492,1.0
30493,43493,3.0
30493,43494,6.0
30494,43495,1.0
30495,43496,5.0
30496,43497,1.0
30497,43498,1.0
30497,43499,2.0
30497,43500,12.0
30498,43501,1.0
30498,43502,32.0
30498,43503,32.0
30499,43504,1.0
30499,43505,3.0
30499,43506,4.0
30500,43507,3.0
30501,43508,1.0
30501,43509,3.0
30501,43510,24.0
30502,43511,5.0
30503,43512,13.0
30503,43513,1.0
30503,43514,2.0
30504,43515,1.0
30504,43516,22.0
30504,43517,2.0
30505,43518,1.0
30506,43519,1.0
30506,43520,9.0
30506,43521,5.0
30507,43522,24.0
30507,43523,5.0
30508,43524,13.0
30508,43525,2.0
30509,43526,7.0
30509,43527,14.0
30509,43528,3.0
30509,43529,21.0
30510,43530,1.0
30511,43531,22.0
30511,43532,2.0
30511,43533,14.0
30512,43534,1.0
30512,43535,4.0
30512,43536,21.0
30513,43537,23.0
30513,43538,2.0
30514,43539,14.0
30514,43540,3.0
30515,43541,5.0
30516,43542,1.0
30517,43543,16.0
30517,43544,8.0
30517,43545,5.0
30518,43546,1.0
30518,43547,2.0
30518,43548,6.0
30519,43549,13.0
30519,43550,1.0
30519,43551,22.0
30519,43552,2.0
30519,43553,7.0
30519,43554,14.0
30519,43555,6.0
30520,43556,1.0
30521,43557,1.0
30521,43558,4.0
30522,43559,4.0
30522,43560,21.0
30523,43561,13.0
30523,43562,16.0
30523,43563,23.0
30523,43564,2.0
30524,43565,1.0
30524,43566,22.0
30524,43567,12.0
30525,43568,13.0
30525,43569,1.0
30525,43570,12.0
30526,43571,1.0
30526,43572,22.0
30526,43573,2.0
30526,43574,7.0
30526,43575,14.0
30527,43576,1.0
30528,43577,13.0
30528,43578,23.0
30528,43579,25.0
30529,43580,1.0
30530,43581,5.0
30531,43582,3.0
30531,43583,4.0
30532,43584,16.0
30532,43585,22.0
30532,43586,2.0
30532,43587,3.0
30532,43588,25.0
30533,43589,1.0
30534,43590,13.0
30534,43591,16.0
30534,43592,23.0
30534,43593,7.0
30534,43594,3.0
30534,43595,25.0
30535,43596,13.0
30535,43597,16.0
30535,43598,23.0
30535,43599,7.0
30536,43600,1.0
30537,43601,1.0
30538,43602,1.0
30539,43603,1.0
30540,43604,1.0
30541,43605,8.0
30541,43606,5.0
30542,43607,5.0
30543,43608,1.0
30543,43609,20.0
30544,43610,2.0
30544,43611,14.0
30544,43612,4.0
30545,43613,2.0
30545,43614,3.0
30546,43615,1.0
30546,43616,2.0
30546,43617,6.0
30547,43618,12.0
30547,43619,5.0
30548,43620,8.0
30548,43621,5.0
30549,43622,13.0
30549,43623,23.0
30549,43624,2.0
30549,43625,14.0
30549,43626,6.0
30550,43627,13.0
30550,43628,23.0
30550,43629,22.0
30550,43630,2.0
30550,43631,14.0
30550,43632,6.0
30551,43633,5.0
30552,43634,13.0
30552,43635,16.0
30552,43636,3.0
30552,43637,4.0
30552,43638,20.0
30552,43639,15.0
30553,43640,1.0
30553,43641,22.0
30553,43642,7.0
30553,43643,14.0
30554,43644,23.0
30554,43645,1.0
30554,43646,22.0
30554,43647,2.0
30555,43648,13.0
30555,43649,2.0
30555,43650,6.0
30556,43651,16.0
30556,43652,23.0
30556,43653,7.0
30556,43654,15.0
30557,43655,3.0
30558,43656,16.0
30558,43657,7.0
30558,43658,15.0
30559,43659,1.0
30560,43660,1.0
30560,43661,4.0
30561,43662,1.0
30561,43663,4.0
30562,43664,1.0
30562,43665,9.0
30562,43666,4.0
30562,43667,12.0
30563,43668,1.0
30564,43669,13.0
30564,43670,1.0
30564,43671,22.0
30564,43672,2.0
30564,43673,14.0
30564,43674,3.0
30564,43675,6.0
30565,43676,5.0
30566,43677,8.0
30566,43678,1.0
30567,43679,13.0
30567,43680,16.0
30567,43681,5.0
30568,43682,1.0
30569,43683,5.0
30570,43684,1.0
30571,43685,1.0
30571,43686,7.0
30572,43687,6.0
30572,43688,5.0
30573,43689,1.0
30574,43690,23.0
30574,43691,1.0
30574,43692,22.0
30575,43693,23.0
30575,43694,1.0
30575,43695,22.0
30576,43696,23.0
30576,43697,1.0
30576,43698,22.0
30577,43699,5.0
30578,43700,1.0
30578,43701,22.0
30578,43702,2.0
30578,43703,14.0
30578,43704,4.0
30579,43705,1.0
30580,43706,16.0
30580,43707,1.0
30580,43708,9.0
30580,43709,4.0
30580,43710,12.0
30581,43711,23.0
30581,43712,14.0
30582,43713,1.0
30582,43714,6.0
30583,43715,1.0
30584,43716,13.0
30584,43717,16.0
30584,43718,23.0
30584,43719,7.0
30585,43720,13.0
30585,43721,23.0
30585,43722,2.0
30585,43723,14.0
30586,43724,13.0
30586,43725,16.0
30586,43726,23.0
30586,43727,1.0
30586,43728,2.0
30587,43729,24.0
30587,43730,5.0
30588,43731,13.0
30588,43732,16.0
30588,43733,23.0
30588,43734,15.0
30589,43735,8.0
30589,43736,1.0
30590,43737,1.0
30591,43738,1.0
30591,43739,2.0
30592,43740,1.0
30592,43741,3.0
30593,43742,5.0
30594,43743,24.0
30594,43744,5.0
30595,43745,13.0
30595,43746,16.0
30595,43747,2.0
30595,43748,3.0
30596,43749,1.0
30596,43750,4.0
30597,43751,8.0
30597,43752,1.0
30597,43753,3.0
30597,43754,6.0
30598,43755,14.0
30598,43756,3.0
30599,43757,1.0
30599,43758,3.0
30600,43759,18.0
30600,43760,3.0
30600,43761,15.0
30601,43762,2.0
30601,43763,14.0
30602,43764,1.0
30602,43765,22.0
30602,43766,2.0
30603,43767,1.0
30603,43768,22.0
30603,43769,2.0
30603,43770,14.0
30603,43771,6.0
30604,43772,3.0
30605,43773,18.0
30605,43774,3.0
30606,43775,8.0
30606,43776,1.0
30606,43777,3.0
30606,43778,4.0
30607,43779,3.0
30608,43780,3.0
30609,43781,1.0
30609,43782,3.0
30609,43783,4.0
30609,43784,6.0
30610,43785,1.0
30611,43786,13.0
30611,43787,2.0
30611,43788,6.0
30612,43789,13.0
30612,43790,2.0
30612,43791,4.0
30612,43792,6.0
30613,43793,1.0
30613,43794,2.0
30613,43795,6.0
30614,43796,3.0
30615,43797,3.0
30616,43798,3.0
30616,43799,6.0
30617,43800,3.0
30617,43801,25.0
30617,43802,15.0
30618,43803,1.0
30618,43804,2.0
30618,43805,24.0
30619,43806,8.0
30619,43807,1.0
30620,43808,1.0
30621,43809,3.0
30621,43810,5.0
30622,43811,1.0
30622,43812,4.0
30623,43813,8.0
30623,43814,1.0
30623,43815,18.0
30623,43816,3.0
30624,43817,24.0
30625,43818,1.0
30626,43819,1.0
30626,43820,3.0
30626,43821,6.0
30626,43822,24.0
30627,43823,1.0
30628,43824,2.0
30628,43825,7.0
30628,43826,4.0
30629,43827,1.0
30629,43828,6.0
30630,43829,1.0
30630,43830,3.0
30631,43831,5.0
30632,43832,1.0
30633,43833,8.0
30633,43834,1.0
30633,43835,9.0
30634,43836,13.0
30634,43837,1.0
30634,43838,2.0
30635,43839,1.0
30635,43840,4.0
30635,43841,21.0
30636,43842,5.0
30637,43843,8.0
30637,43844,1.0
30638,43845,21.0
30638,43846,5.0
30639,43847,1.0
30639,43848,4.0
30640,43849,23.0
30640,43850,1.0
30641,43851,1.0
30642,43852,5.0
30643,43853,13.0
30643,43854,1.0
30643,43855,2.0
30643,43856,12.0
30644,43857,1.0
30645,43858,1.0
30646,43859,1.0
30646,43860,4.0
30647,43861,3.0
30648,43862,8.0
30648,43863,1.0
30648,43864,9.0
30649,43865,1.0
30649,43866,2.0
30650,43867,1.0
30650,43868,4.0
30650,43869,21.0
30651,43870,1.0
30651,43871,9.0
30651,43872,4.0
30652,43873,8.0
30652,43874,6.0
30652,43875,5.0
30653,43876,8.0
30653,43877,5.0
30654,43878,13.0
30654,43879,16.0
30654,43880,1.0
30654,43881,9.0
30655,43882,1.0
30656,43883,14.0
30657,43884,5.0
30658,43885,5.0
30659,43886,1.0
30659,43887,3.0
30660,43888,5.0
30661,43889,5.0
30662,43890,3.0
30663,43891,3.0
30664,43892,13.0
30664,43893,1.0
30664,43894,6.0
30665,43895,1.0
30665,43896,9.0
30666,43897,1.0
30667,43898,8.0
30667,43899,18.0
30667,43900,5.0
30668,43901,1.0
30669,43902,8.0
30669,43903,1.0
30669,43904,24.0
30669,43905,21.0
30670,43906,8.0
30670,43907,5.0
30671,43908,1.0
30672,43909,1.0
30672,43910,3.0
30673,43911,1.0
30673,43912,3.0
30674,43913,16.0
30674,43914,1.0
30674,43915,7.0
30674,43916,4.0
30674,43917,25.0
30675,43918,23.0
30675,43919,3.0
30676,43920,5.0
30677,43921,8.0
30677,43922,24.0
30677,43923,5.0
30678,43924,16.0
30678,43925,23.0
30678,43926,3.0
30678,43927,24.0
30679,43928,5.0
30680,43929,24.0
30680,43930,5.0
30681,43931,7.0
30681,43932,14.0
30681,43933,3.0
30682,43934,23.0
30682,43935,1.0
30682,43936,2.0
30682,43937,14.0
30683,43938,23.0
30683,43939,1.0
30683,43940,14.0
30683,43941,25.0
30684,43942,5.0
30685,43943,1.0
30685,43944,3.0
30686,43945,1.0
30687,43946,1.0
30688,43947,13.0
30688,43948,16.0
30688,43949,6.0
30689,43950,1.0
30689,43951,2.0
30689,43952,3.0
30689,43953,15.0
30690,43954,13.0
30690,43955,1.0
30690,43956,2.0
30690,43957,6.0
30691,43958,14.0
30692,43959,1.0
30692,43960,15.0
30693,43961,1.0
30693,43962,2.0
30693,43963,12.0
30694,43964,23.0
30694,43965,2.0
30694,43966,14.0
30695,43967,2.0
30696,43968,2.0
30696,43969,14.0
30697,43970,24.0
30698,43971,1.0
30698,43972,3.0
30698,43973,4.0
30698,43974,24.0
30699,43975,2.0
30699,43976,14.0
30700,43977,14.0
30700,43978,3.0
30701,43979,1.0
30702,43980,13.0
30702,43981,1.0
30702,43982,14.0
30703,43983,13.0
30703,43984,16.0
30703,43985,23.0
30704,43986,1.0
30705,43987,1.0
30705,43988,12.0
30706,43989,13.0
30706,43990,16.0
30706,43991,2.0
30706,43992,7.0
30707,43993,13.0
30707,43994,1.0
30708,43995,2.0
30708,43996,14.0
30709,43997,1.0
30710,43998,1.0
30710,43999,6.0
30711,44000,13.0
30711,44001,23.0
30711,44002,2.0
30712,44003,1.0
30713,44004,1.0
30713,44005,4.0
30714,44006,1.0
30714,44007,3.0
30714,44008,4.0
30715,44009,1.0
30716,44010,1.0
30717,44011,8.0
30717,44012,12.0
30717,44013,5.0
30718,44014,1.0
30718,44015,22.0
30718,44016,2.0
30718,44017,4.0
30719,44018,1.0
30720,44019,23.0
30720,44020,1.0
30721,44021,1.0
30721,44022,4.0
30722,44023,1.0
30722,44024,9.0
30722,44025,12.0
30723,44026,14.0
30724,44027,14.0
30725,44028,1.0
30725,44029,2.0
30725,44030,6.0
30726,44031,13.0
30726,44032,23.0
30726,44033,1.0
30726,44034,7.0
30727,44035,13.0
30727,44036,22.0
30727,44037,2.0
30727,44038,14.0
30728,44039,1.0
30728,44040,22.0
30728,44041,2.0
30728,44042,3.0
30729,44043,1.0
30730,44044,7.0
30731,44045,1.0
30731,44046,4.0
30732,44047,1.0
30732,44048,4.0
30733,44049,1.0
30734,44050,16.0
30734,44051,8.0
30734,44052,1.0
30734,44053,15.0
30735,44054,16.0
30735,44055,22.0
30735,44056,2.0
30735,44057,7.0
30735,44058,14.0
30735,44059,3.0
30736,44060,2.0
30736,44061,14.0
30737,44062,5.0
30738,44063,8.0
30738,44064,18.0
30738,44065,5.0
30739,44066,1.0
30740,44067,1.0
30740,44068,3.0
30740,44069,24.0
30741,44070,2.0
30742,44071,13.0
30742,44072,1.0
30742,44073,2.0
30743,44074,8.0
30743,44075,1.0
30743,44076,24.0
30744,44077,1.0
30744,44078,2.0
30745,44079,1.0
30745,44080,3.0
30745,44081,4.0
30745,44082,21.0
30746,44083,5.0
30747,44084,1.0
30747,44085,4.0
30747,44086,25.0
30748,44087,5.0
30749,44088,1.0
30749,44089,3.0
30750,44090,1.0
30750,44091,14.0
30750,44092,3.0
30751,44093,1.0
30752,44094,1.0
30752,44095,3.0
30752,44096,4.0
30753,44097,23.0
30753,44098,1.0
30753,44099,22.0
30753,44100,14.0
30754,44101,3.0
30755,44102,1.0
30756,44103,3.0
30757,44104,3.0
30758,44105,1.0
30758,44106,2.0
30758,44107,7.0
30758,44108,4.0
30759,44109,1.0
30760,44110,5.0
30761,44111,13.0
30761,44112,8.0
30761,44113,18.0
30761,44114,5.0
30762,44115,1.0
30763,44116,1.0
30763,44117,3.0
30764,44118,16.0
30764,44119,25.0
30764,44120,15.0
30765,44121,8.0
30765,44122,1.0
30766,44123,1.0
30767,44124,1.0
30767,44125,22.0
30767,44126,2.0
30767,44127,14.0
30768,44128,13.0
30768,44129,1.0
30769,44130,1.0
30769,44131,22.0
30769,44132,2.0
30769,44133,6.0
30770,44134,1.0
30770,44135,3.0
30770,44136,4.0
30771,44137,13.0
30771,44138,1.0
30771,44139,2.0
30771,44140,6.0
30772,44141,13.0
30772,44142,1.0
30772,44143,2.0
30772,44144,6.0
30773,44145,8.0
30773,44146,1.0
30774,44147,8.0
30774,44148,1.0
30774,44149,4.0
30775,44150,8.0
30775,44151,1.0
30775,44152,18.0
30776,44153,16.0
30776,44154,1.0
30776,44155,7.0
30776,44156,15.0
30777,44157,1.0
30778,44158,13.0
30778,44159,23.0
30778,44160,2.0
30778,44161,7.0
30778,44162,6.0
30779,44163,1.0
30779,44164,4.0
30780,44165,1.0
30781,44166,23.0
30781,44167,1.0
30781,44168,22.0
30781,44169,2.0
30781,44170,14.0
30782,44171,1.0
30782,44172,2.0
30782,44173,6.0
30783,44174,5.0
30784,44175,1.0
30784,44176,18.0
30784,44177,3.0
30785,44178,1.0
30785,44179,3.0
30786,44180,1.0
30786,44181,2.0
30786,44182,4.0
30787,44183,1.0
30787,44184,3.0
30787,44185,4.0
30788,44186,13.0
30788,44187,9.0
30788,44188,22.0
30788,44189,14.0
30789,44190,1.0
30789,44191,12.0
30790,44192,13.0
30790,44193,1.0
30790,44194,6.0
30791,44195,5.0
30792,44196,1.0
30792,44197,18.0
30792,44198,2.0
30793,44199,1.0
30793,44200,3.0
30793,44201,4.0
30793,44202,6.0
30794,44203,1.0
30794,44204,6.0
30795,44205,5.0
30796,44206,8.0
30796,44207,1.0
30796,44208,9.0
30796,44209,25.0
30797,44210,1.0
30798,44211,9.0
30798,44212,2.0
30798,44213,6.0
30798,44214,5.0
30799,44215,1.0
30799,44216,22.0
30800,44217,8.0
30800,44218,1.0
30801,44219,24.0
30801,44220,5.0
30802,44221,1.0
30803,44222,1.0
30803,44223,2.0
30803,44224,4.0
30803,44225,6.0
30804,44226,14.0
30804,44227,3.0
30805,44228,5.0
30806,44229,6.0
30806,44230,5.0
30807,44231,1.0
30807,44232,3.0
30807,44233,4.0
30808,44234,23.0
30808,44235,2.0
30808,44236,3.0
30809,44237,1.0
30809,44238,7.0
30809,44239,14.0
30810,44240,1.0
30810,44241,12.0
30810,44242,24.0
30811,44243,1.0
30811,44244,6.0
30812,44245,1.0
30812,44246,3.0
30812,44247,12.0
30813,44248,1.0
30814,44249,14.0
30814,44250,3.0
30815,44251,1.0
30815,44252,22.0
30815,44253,2.0
30816,44254,1.0
30817,44255,1.0
30817,44256,4.0
30818,44257,1.0
30819,44258,1.0
30819,44259,3.0
30819,44260,4.0
30820,44261,2.0
30821,44262,1.0
30821,44263,6.0
30822,44264,22.0
30822,44265,2.0
30822,44266,14.0
30823,44267,1.0
30824,44268,5.0
30825,44269,8.0
30825,44270,1.0
30825,44271,3.0
30825,44272,6.0
30826,44273,1.0
30826,44274,4.0
30827,44275,1.0
30828,44276,1.0
30829,44277,8.0
30829,44278,1.0
30829,44279,6.0
30830,44280,13.0
30830,44281,16.0
30830,44282,23.0
30830,44283,7.0
30831,44284,1.0
30831,44285,3.0
30832,44286,1.0
30832,44287,2.0
30832,44288,6.0
30833,44289,23.0
30833,44290,2.0
30834,44291,1.0
30834,44292,3.0
30834,44293,4.0
30835,44294,1.0
30835,44295,2.0
30836,44296,1.0
30836,44297,3.0
30837,44298,23.0
30837,44299,1.0
30837,44300,14.0
30838,44301,13.0
30838,44302,16.0
30838,44303,2.0
30839,44304,5.0
30840,44305,1.0
30841,44306,5.0
30842,44307,6.0
30842,44308,5.0
30843,44309,1.0
30844,44310,1.0
30844,44311,7.0
30844,44312,3.0
30844,44313,25.0
30844,44314,15.0
30844,44315,21.0
30845,44316,1.0
30846,44317,12.0
30846,44318,5.0
30847,44319,1.0
30848,44320,9.0
30848,44321,5.0
30849,44322,13.0
30849,44323,16.0
30849,44324,23.0
30849,44325,7.0
30849,44326,15.0
30850,44327,1.0
30851,44328,8.0
30851,44329,1.0
30851,44330,9.0
30852,44331,5.0
30853,44332,
30854,44333,16.0
30855,44334,1.0
30855,44335,9.0
30855,44336,22.0
30855,44337,2.0
30856,44338,1.0
30856,44339,18.0
30856,44340,5.0
30857,44341,1.0
30857,44342,3.0
30857,44343,6.0
30858,44344,16.0
30858,44345,7.0
30858,44346,3.0
30858,44347,15.0
30859,44348,8.0
30859,44349,1.0
30859,44350,6.0
30860,44351,8.0
30860,44352,5.0
30861,44353,8.0
30861,44354,1.0
30862,44355,7.0
30862,44356,3.0
30862,44357,15.0
30863,44358,1.0
30864,44359,5.0
30865,44360,8.0
30865,44361,1.0
30865,44362,9.0
30865,44363,12.0
30866,44364,3.0
30866,44365,15.0
30867,44366,1.0
30867,44367,4.0
30868,44368,1.0
30868,44369,4.0
30869,44370,1.0
30869,44371,3.0
30870,44372,1.0
30871,44373,1.0
30871,44374,4.0
30872,44375,16.0
30872,44376,1.0
30872,44377,22.0
30872,44378,7.0
30872,44379,25.0
30872,44380,15.0
30873,44381,5.0
30874,44382,1.0
30875,44383,1.0
30875,44384,3.0
30875,44385,4.0
30876,44386,13.0
30876,44387,1.0
30876,44388,3.0
30876,44389,6.0
30877,44390,5.0
30878,44391,1.0
30878,44392,22.0
30878,44393,4.0
30879,44394,8.0
30879,44395,1.0
30880,44396,16.0
30880,44397,1.0
30880,44398,7.0
30880,44399,3.0
30880,44400,25.0
30880,44401,15.0
30880,44402,21.0
30881,44403,13.0
30881,44404,23.0
30881,44405,1.0
30881,44406,2.0
30881,44407,14.0
30882,44408,1.0
30882,44409,2.0
30882,44410,6.0
30883,44411,8.0
30883,44412,1.0
30883,44413,18.0
30884,44414,1.0
30884,44415,2.0
30884,44416,6.0
30885,44417,1.0
30885,44418,4.0
30885,44419,21.0
30886,44420,5.0
30887,44421,16.0
30887,44422,1.0
30887,44423,7.0
30887,44424,4.0
30887,44425,15.0
30888,44426,7.0
30888,44427,3.0
30888,44428,4.0
30888,44429,15.0
30888,44430,21.0
30889,44431,8.0
30889,44432,1.0
30889,44433,18.0
30890,44434,5.0
30891,44435,8.0
30891,44436,5.0
30892,44437,13.0
30892,44438,16.0
30892,44439,2.0
30892,44440,7.0
30892,44441,14.0
30892,44442,3.0
30893,44443,1.0
30893,44444,7.0
30893,44445,15.0
30893,44446,21.0
30893,44447,30.0
30894,44448,7.0
30895,44449,5.0
30896,44450,13.0
30896,44451,14.0
30896,44452,3.0
30897,44453,5.0
30898,44454,1.0
30898,44455,2.0
30898,44456,6.0
30899,44457,1.0
30899,44458,6.0
30900,44459,8.0
30900,44460,1.0
30900,44461,22.0
30900,44462,2.0
30900,44463,6.0
30901,44464,1.0
30901,44465,9.0
30901,44466,12.0
30902,44467,1.0
30902,44468,6.0
30903,44469,13.0
30904,44470,1.0
30905,44471,1.0
30905,44472,9.0
30906,44473,1.0
30906,44474,2.0
30906,44475,3.0
30906,44476,15.0
30907,44477,1.0
30907,44478,2.0
30908,44479,13.0
30908,44480,16.0
30908,44481,1.0
30908,44482,7.0
30909,44483,13.0
30909,44484,16.0
30909,44485,7.0
30910,44486,5.0
30911,44487,1.0
30912,44488,2.0
30913,44489,16.0
30913,44490,23.0
30913,44491,1.0
30913,44492,7.0
30913,44493,14.0
30913,44494,3.0
30913,44495,4.0
30913,44496,25.0
30913,44497,15.0
30913,44498,21.0
30914,44499,1.0
30915,44500,13.0
30915,44501,2.0
30916,44502,1.0
30917,44503,
30918,44504,23.0
30918,44505,2.0
30918,44506,14.0
30919,44507,1.0
30919,44508,24.0
30920,44509,2.0
30920,44510,3.0
30920,44511,6.0
30921,44512,1.0
30922,44513,1.0
30922,44514,18.0
30923,44515,8.0
30923,44516,1.0
30924,44517,1.0
30925,44518,13.0
30925,44519,3.0
30926,44520,1.0
30926,44521,3.0
30927,44522,13.0
30927,44523,22.0
30927,44524,2.0
30928,44525,13.0
30928,44526,1.0
30928,44527,2.0
30928,44528,6.0
30929,44529,1.0
30929,44530,3.0
30930,44531,1.0
30930,44532,2.0
30931,44533,8.0
30931,44534,1.0
30931,44535,9.0
30932,44536,5.0
30933,44537,5.0
30934,44538,3.0
30935,44539,1.0
30935,44540,3.0
30936,44541,1.0
30936,44542,3.0
30936,44543,4.0
30937,44544,1.0
30937,44545,3.0
30937,44546,21.0
30938,44547,1.0
30938,44548,22.0
30938,44549,2.0
30938,44550,14.0
30939,44551,1.0
30940,44552,1.0
30940,44553,9.0
30940,44554,12.0
30941,44555,3.0
30942,44556,1.0
30943,44557,1.0
30944,44558,1.0
30945,44559,5.0
30946,44560,13.0
30946,44561,16.0
30946,44562,7.0
30947,44563,1.0
30948,44564,1.0
30949,44565,1.0
30949,44566,3.0
30949,44567,4.0
30950,44568,5.0
30951,44569,1.0
30951,44570,2.0
30951,44571,14.0
30952,44572,1.0
30952,44573,2.0
30952,44574,4.0
30952,44575,6.0
30953,44576,5.0
30954,44577,13.0
30954,44578,2.0
30954,44579,6.0
30955,44580,14.0
30955,44581,3.0
30956,44582,1.0
30957,44583,1.0
30958,44584,3.0
30958,44585,4.0
30958,44586,21.0
30959,44587,2.0
30959,44588,14.0
30960,44589,9.0
30960,44590,5.0
30961,44591,5.0
30962,44592,1.0
30962,44593,4.0
30963,44594,13.0
30963,44595,23.0
30963,44596,2.0
30963,44597,3.0
30963,44598,6.0
30963,44599,25.0
30964,44600,1.0
30965,44601,13.0
30965,44602,2.0
30965,44603,6.0
30966,44604,1.0
30966,44605,6.0
30967,44606,13.0
30967,44607,16.0
30967,44608,1.0
30967,44609,2.0
30967,44610,14.0
30968,44611,8.0
30968,44612,6.0
30968,44613,5.0
30969,44614,3.0
30969,44615,4.0
30970,44616,5.0
30971,44617,1.0
30971,44618,4.0
30972,44619,13.0
30972,44620,1.0
30972,44621,18.0
30973,44622,5.0
30974,44623,22.0
30974,44624,2.0
30974,44625,14.0
30975,44626,1.0
30975,44627,2.0
30975,44628,3.0
30975,44629,6.0
30976,44630,13.0
30976,44631,23.0
30976,44632,1.0
30976,44633,22.0
30976,44634,2.0
30976,44635,6.0
30977,44636,5.0
30978,44637,1.0
30978,44638,2.0
30979,44639,1.0
30980,44640,5.0
30981,44641,1.0
30982,44642,16.0
30982,44643,1.0
30982,44644,3.0
30982,44645,4.0
30982,44646,24.0
30983,44647,13.0
30983,44648,2.0
30983,44649,3.0
30983,44650,4.0
30983,44651,6.0
30983,44652,15.0
30984,44653,1.0
30984,44654,3.0
30984,44655,4.0
30985,44656,1.0
30985,44657,2.0
30985,44658,20.0
30986,44659,1.0
30986,44660,22.0
30986,44661,2.0
30986,44662,14.0
30987,44663,25.0
30988,44664,16.0
30988,44665,3.0
30989,44666,24.0
30989,44667,5.0
30990,44668,5.0
30991,44669,13.0
30991,44670,1.0
30991,44671,4.0
30992,44672,1.0
30993,44673,1.0
30993,44674,3.0
30994,44675,25.0
30994,44676,30.0
30995,44677,1.0
30995,44678,21.0
30996,44679,1.0
30996,44680,9.0
30996,44681,3.0
30997,44682,3.0
30998,44683,16.0
30998,44684,1.0
30998,44685,12.0
30999,44686,2.0
30999,44687,3.0
30999,44688,4.0
31000,44689,1.0
31000,44690,3.0
31001,44691,3.0
31002,44692,13.0
31002,44693,1.0
31002,44694,6.0
31003,44695,1.0
31003,44696,3.0
31003,44697,20.0
31004,44698,8.0
31004,44699,1.0
31004,44700,9.0
31004,44701,24.0
31005,44702,1.0
31005,44703,4.0
31006,44704,2.0
31007,44705,1.0
31007,44706,2.0
31007,44707,6.0
31008,44708,1.0
31008,44709,5.0
31009,44710,2.0
31009,44711,14.0
31010,44712,5.0
31011,44713,1.0
31012,44714,13.0
31012,44715,16.0
31012,44716,23.0
31013,44717,1.0
31013,44718,3.0
31013,44719,4.0
31014,44720,12.0
31014,44721,5.0
31015,44722,1.0
31016,44723,1.0
31017,44724,24.0
31017,44725,21.0
31017,44726,5.0
31018,44727,24.0
31018,44728,5.0
31019,44729,1.0
31019,44730,2.0
31019,44731,14.0
31020,44732,13.0
31020,44733,2.0
31020,44734,7.0
31021,44735,
31022,44736,2.0
31023,44737,1.0
31024,44738,13.0
31024,44739,1.0
31024,44740,12.0
31025,44741,2.0
31025,44742,6.0
31026,44743,2.0
31026,44744,14.0
31026,44745,3.0
31026,44746,21.0
31027,44747,23.0
31027,44748,1.0
31027,44749,2.0
31027,44750,3.0
31027,44751,6.0
31028,44752,1.0
31028,44753,3.0
31028,44754,15.0
31028,44755,21.0
31029,44756,2.0
31029,44757,14.0
31029,44758,3.0
31030,44759,13.0
31030,44760,14.0
31030,44761,3.0
31031,44762,5.0
31032,44763,5.0
31033,44764,3.0
31034,44765,1.0
31034,44766,3.0
31034,44767,4.0
31035,44768,1.0
31035,44769,9.0
31036,44770,1.0
31036,44771,4.0
31036,44772,12.0
31037,44773,3.0
31038,44774,13.0
31038,44775,16.0
31038,44776,1.0
31038,44777,22.0
31038,44778,2.0
31038,44779,7.0
31038,44780,14.0
31038,44781,6.0
31039,44782,13.0
31039,44783,23.0
31039,44784,2.0
31040,44785,13.0
31040,44786,1.0
31040,44787,2.0
31040,44788,6.0
31041,44789,14.0
31041,44790,3.0
31042,44791,13.0
31042,44792,3.0
31042,44793,4.0
31043,44794,5.0
31044,44795,1.0
31045,44796,5.0
31045,44797,30.0
31046,44798,9.0
31046,44799,18.0
31046,44800,5.0
31047,44801,5.0
31048,44802,14.0
31048,44803,3.0
31049,44804,1.0
31049,44805,3.0
31049,44806,4.0
31050,44807,1.0
31050,44808,3.0
31050,44809,6.0
31051,44810,13.0
31051,44811,23.0
31051,44812,2.0
31051,44813,4.0
31052,44814,5.0
31053,44815,3.0
31053,44816,4.0
31054,44817,1.0
31054,44818,3.0
31055,44819,5.0
31056,44820,2.0
31056,44821,14.0
31056,44822,3.0
31057,44823,13.0
31057,44824,16.0
31057,44825,7.0
31057,44826,25.0
31058,44827,14.0
31059,44828,22.0
31059,44829,2.0
31059,44830,6.0
31060,44831,1.0
31060,44832,3.0
31060,44833,24.0
31061,44834,1.0
31061,44835,2.0
31061,44836,14.0
31062,44837,8.0
31062,44838,24.0
31062,44839,5.0
31063,44840,5.0
31064,44841,9.0
31064,44842,12.0
31064,44843,5.0
31065,44844,3.0
31065,44845,4.0
31066,44846,13.0
31066,44847,1.0
31066,44848,22.0
31066,44849,2.0
31066,44850,6.0
31067,44851,13.0
31067,44852,22.0
31067,44853,2.0
31067,44854,6.0
31068,44855,2.0
31069,44856,1.0
31069,44857,9.0
31069,44858,2.0
31069,44859,6.0
31070,44860,1.0
31071,44861,1.0
31072,44862,1.0
31072,44863,3.0
31073,44864,5.0
31074,44865,8.0
31074,44866,1.0
31074,44867,21.0
31075,44868,1.0
31076,44869,1.0
31077,44870,3.0
31078,44871,1.0
31078,44872,5.0
31079,44873,3.0
31079,44874,4.0
31080,44875,8.0
31080,44876,1.0
31080,44877,22.0
31080,44878,2.0
31080,44879,7.0
31080,44880,14.0
31081,44881,13.0
31081,44882,16.0
31081,44883,2.0
31081,44884,7.0
31081,44885,25.0
31082,44886,5.0
31083,44887,1.0
31084,44888,1.0
31084,44889,4.0
31084,44890,6.0
31085,44891,1.0
31085,44892,2.0
31085,44893,6.0
31086,44894,1.0
31086,44895,3.0
31087,44896,1.0
31087,44897,22.0
31087,44898,2.0
31088,44899,5.0
31089,44900,5.0
31090,44901,1.0
31090,44902,4.0
31091,44903,1.0
31091,44904,2.0
31092,44905,13.0
31092,44906,23.0
31093,44907,13.0
31093,44908,23.0
31093,44909,2.0
31093,44910,6.0
31094,44911,23.0
31094,44912,1.0
31095,44913,5.0
31096,44914,1.0
31096,44915,2.0
31096,44916,7.0
31096,44917,14.0
31097,44918,13.0
31097,44919,16.0
31097,44920,23.0
31097,44921,7.0
31098,44922,1.0
31099,44923,1.0
31100,44924,1.0
31101,44925,5.0
31102,44926,15.0
31102,44927,21.0
31103,44928,5.0
31104,44929,1.0
31104,44930,7.0
31104,44931,4.0
31104,44932,15.0
31104,44933,21.0
31105,44934,1.0
31106,44935,13.0
31106,44936,1.0
31106,44937,2.0
31106,44938,14.0
31106,44939,6.0
31107,44940,1.0
31108,44941,23.0
31108,44942,1.0
31109,44943,1.0
31109,44944,24.0
31110,44945,22.0
31111,44946,22.0
31111,44947,2.0
31111,44948,14.0
31112,44949,23.0
31112,44950,1.0
31112,44951,3.0
31113,44952,1.0
31113,44953,4.0
31114,44954,1.0
31114,44955,3.0
31115,44956,8.0
31115,44957,1.0
31115,44958,3.0
31116,44959,13.0
31116,44960,16.0
31116,44961,15.0
31117,44962,3.0
31117,44963,4.0
31118,44964,1.0
31119,44965,5.0
31120,44966,1.0
31120,44967,2.0
31120,44968,4.0
31121,44969,1.0
31121,44970,3.0
31122,44971,1.0
31122,44972,2.0
31122,44973,4.0
31123,44974,7.0
31123,44975,3.0
31123,44976,4.0
31124,44977,8.0
31124,44978,1.0
31124,44979,9.0
31124,44980,12.0
31125,44981,7.0
31125,44982,25.0
31125,44983,15.0
31126,44984,13.0
31126,44985,1.0
31127,44986,5.0
31128,44987,1.0
31129,44988,8.0
31129,44989,1.0
31129,44990,18.0
31129,44991,3.0
31130,44992,1.0
31130,44993,22.0
31130,44994,2.0
31131,44995,6.0
31131,44996,15.0
31131,44997,5.0
31132,44998,1.0
31132,44999,2.0
31133,45000,1.0
31133,45001,18.0
31134,45002,13.0
31134,45003,2.0
31135,45004,1.0
31136,45005,13.0
31136,45006,1.0
31136,45007,2.0
31136,45008,6.0
31137,45009,1.0
31137,45010,3.0
31138,45011,8.0
31138,45012,9.0
31138,45013,3.0
31138,45014,5.0
31139,45015,1.0
31139,45016,15.0
31140,45017,3.0
31141,45018,1.0
31141,45019,2.0
31142,45020,16.0
31142,45021,7.0
31142,45022,25.0
31142,45023,15.0
31143,45024,1.0
31143,45025,3.0
31143,45026,21.0
31144,45027,13.0
31144,45028,16.0
31144,45029,23.0
31144,45030,1.0
31145,45031,13.0
31145,45032,1.0
31146,45033,13.0
31146,45034,1.0
31146,45035,9.0
31146,45036,2.0
31146,45037,12.0
31147,45038,8.0
31147,45039,1.0
31147,45040,24.0
31147,45041,21.0
31147,45042,5.0
31148,45043,5.0
31149,45044,5.0
31150,45045,7.0
31150,45046,25.0
31150,45047,15.0
31151,45048,1.0
31152,45049,1.0
31152,45050,2.0
31152,45051,6.0
31153,45052,13.0
31153,45053,1.0
31153,45054,2.0
31153,45055,6.0
31154,45056,3.0
31155,45057,24.0
31155,45058,5.0
31156,45059,1.0
31157,45060,3.0
31158,45061,1.0
31158,45062,3.0
31159,45063,13.0
31159,45064,1.0
31160,45065,1.0
31161,45066,1.0
31161,45067,2.0
31162,45068,2.0
31162,45069,3.0
31162,45070,6.0
31163,45071,3.0
31164,45072,8.0
31164,45073,1.0
31164,45074,15.0
31164,45075,5.0
31165,45076,16.0
31165,45077,8.0
31165,45078,15.0
31165,45079,5.0
31166,45080,1.0
31166,45081,2.0
31166,45082,4.0
31166,45083,6.0
31167,45084,13.0
31167,45085,1.0
31167,45086,2.0
31167,45087,6.0
31168,45088,23.0
31168,45089,2.0
31169,45090,1.0
31169,45091,3.0
31169,45092,4.0
31169,45093,15.0
31170,45094,14.0
31170,45095,3.0
31171,45096,13.0
31171,45097,1.0
31171,45098,18.0
31172,45099,16.0
31172,45100,1.0
31172,45101,9.0
31173,45102,1.0
31173,45103,3.0
31174,45104,5.0
31175,45105,1.0
31175,45106,9.0
31175,45107,12.0
31176,45108,1.0
31176,45109,2.0
31176,45110,6.0
31177,45111,8.0
31177,45112,1.0
31177,45113,9.0
31177,45114,4.0
31177,45115,15.0
31178,45116,3.0
31178,45117,4.0
31179,45118,1.0
31180,45119,1.0
31181,45120,23.0
31181,45121,2.0
31182,45122,1.0
31183,45123,8.0
31183,45124,24.0
31183,45125,5.0
31184,45126,1.0
31185,45127,1.0
31186,45128,1.0
31186,45129,4.0
31187,45130,8.0
31187,45131,1.0
31187,45132,7.0
31188,45133,1.0
31188,45134,9.0
31188,45135,2.0
31188,45136,12.0
31189,45137,13.0
31189,45138,6.0
31190,45139,1.0
31190,45140,22.0
31190,45141,2.0
31190,45142,4.0
31190,45143,12.0
31191,45144,13.0
31191,45145,16.0
31191,45146,1.0
31191,45147,22.0
31191,45148,6.0
31192,45149,5.0
31193,45150,1.0
31194,45151,16.0
31194,45152,7.0
31194,45153,3.0
31194,45154,25.0
31194,45155,15.0
31195,45156,1.0
31196,45157,13.0
31196,45158,2.0
31197,45159,1.0
31197,45160,3.0
31198,45161,1.0
31198,45162,3.0
31198,45163,25.0
31198,45164,15.0
31199,45165,13.0
31199,45166,16.0
31199,45167,23.0
31199,45168,1.0
31199,45169,2.0
31199,45170,7.0
31199,45171,4.0
31199,45172,25.0
31200,45173,13.0
31200,45174,16.0
31200,45175,23.0
31200,45176,22.0
31200,45177,2.0
31200,45178,14.0
31201,45179,8.0
31201,45180,1.0
31202,45181,5.0
31203,45182,1.0
31203,45183,9.0
31203,45184,4.0
31204,45185,13.0
31204,45186,16.0
31204,45187,23.0
31204,45188,1.0
31204,45189,7.0
31205,45190,3.0
31205,45191,24.0
31206,45192,1.0
31206,45193,2.0
31207,45194,13.0
31207,45195,23.0
31207,45196,1.0
31207,45197,25.0
31208,45198,9.0
31209,45199,16.0
31209,45200,8.0
31209,45201,1.0
31209,45202,9.0
31209,45203,2.0
31210,45204,1.0
31211,45205,1.0
31212,45206,13.0
31212,45207,2.0
31213,45208,1.0
31213,45209,22.0
31213,45210,2.0
31214,45211,1.0
31214,45212,3.0
31215,45213,1.0
31215,45214,6.0
31216,45215,1.0
31216,45216,22.0
31216,45217,2.0
31216,45218,6.0
31217,45219,1.0
31218,45220,24.0
31218,45221,5.0
31219,45222,1.0
31220,45223,1.0
31220,45224,4.0
31221,45225,2.0
31221,45226,14.0
31222,45227,22.0
31222,45228,2.0
31222,45229,14.0
31223,45230,23.0
31223,45231,1.0
31223,45232,22.0
31223,45233,14.0
31224,45234,13.0
31224,45235,2.0
31224,45236,6.0
31225,45237,1.0
31225,45238,22.0
31226,45239,16.0
31226,45240,7.0
31226,45241,3.0
31226,45242,5.0
31227,45243,9.0
31227,45244,14.0
31227,45245,3.0
31227,45246,5.0
31228,45247,13.0
31228,45248,16.0
31228,45249,1.0
31228,45250,2.0
31228,45251,6.0
31229,45252,23.0
31229,45253,14.0
31230,45254,8.0
31230,45255,1.0
31230,45256,2.0
31230,45257,6.0
31231,45258,13.0
31231,45259,16.0
31231,45260,2.0
31231,45261,6.0
31232,45262,5.0
31233,45263,24.0
31233,45264,5.0
31234,45265,5.0
31235,45266,9.0
31235,45267,12.0
31235,45268,5.0
31236,45269,1.0
31237,45270,1.0
31237,45271,3.0
31238,45272,14.0
31239,45273,1.0
31239,45274,3.0
31239,45275,4.0
31239,45276,15.0
31239,45277,21.0
31240,45278,5.0
31241,45279,16.0
31241,45280,3.0
31241,45281,4.0
31241,45282,12.0
31242,45283,1.0
31243,45284,7.0
31243,45285,24.0
31243,45286,25.0
31243,45287,15.0
31244,45288,16.0
31244,45289,7.0
31244,45290,15.0
31245,45291,13.0
31245,45292,16.0
31245,45293,23.0
31245,45294,7.0
31246,45295,1.0
31247,45296,5.0
31248,45297,1.0
31248,45298,9.0
31249,45299,5.0
31250,45300,5.0
31251,45301,5.0
31252,45302,23.0
31252,45303,1.0
31252,45304,2.0
31253,45305,13.0
31253,45306,16.0
31253,45307,2.0
31253,45308,3.0
31253,45309,6.0
31254,45310,5.0
31255,45311,13.0
31255,45312,1.0
31255,45313,2.0
31255,45314,6.0
31256,45315,1.0
31256,45316,2.0
31257,45317,2.0
31258,45318,1.0
31259,45319,12.0
31259,45320,5.0
31260,45321,1.0
31260,45322,3.0
31261,45323,5.0
31262,45324,1.0
31262,45325,12.0
31263,45326,5.0
31264,45327,1.0
31264,45328,22.0
31264,45329,14.0
31265,45330,22.0
31265,45331,14.0
31266,45332,1.0
31266,45333,22.0
31266,45334,14.0
31267,45335,13.0
31267,45336,8.0
31267,45337,1.0
31267,45338,18.0
31268,45339,3.0
31268,45340,5.0
31269,45341,1.0
31269,45342,4.0
31269,45343,15.0
31270,45344,8.0
31270,45345,5.0
31271,45346,1.0
31271,45347,6.0
31272,45348,1.0
31272,45349,22.0
31272,45350,2.0
31272,45351,14.0
31273,45352,1.0
31273,45353,18.0
31273,45354,3.0
31273,45355,4.0
31274,45356,5.0
31275,45357,5.0
31276,45358,1.0
31277,45359,13.0
31277,45360,1.0
31277,45361,18.0
31278,45362,8.0
31278,45363,1.0
31278,45364,18.0
31278,45365,3.0
31279,45366,1.0
31280,45367,5.0
31281,45368,16.0
31281,45369,23.0
31281,45370,1.0
31282,45371,5.0
31283,45372,5.0
31284,45373,13.0
31284,45374,16.0
31284,45375,3.0
31284,45376,15.0
31285,45377,4.0
31285,45378,6.0
31286,45379,1.0
31286,45380,3.0
31286,45381,4.0
31287,45382,3.0
31288,45383,5.0
31289,45384,1.0
31289,45385,6.0
31290,45386,5.0
31291,45387,23.0
31291,45388,1.0
31291,45389,7.0
31291,45390,4.0
31291,45391,25.0
31291,45392,15.0
31292,45393,1.0
31292,45394,22.0
31293,45395,22.0
31293,45396,3.0
31293,45397,6.0
31294,45398,13.0
31294,45399,2.0
31295,45400,8.0
31295,45401,1.0
31295,45402,9.0
31296,45403,1.0
31296,45404,18.0
31297,45405,3.0
31297,45406,4.0
31297,45407,21.0
31298,45408,1.0
31298,45409,3.0
31298,45410,15.0
31298,45411,5.0
31299,45412,1.0
31299,45413,2.0
31300,45414,1.0
31300,45415,3.0
31300,45416,6.0
31301,45417,8.0
31301,45418,1.0
31301,45419,9.0
31302,45420,1.0
31302,45421,4.0
31303,45422,1.0
31303,45423,9.0
31303,45424,2.0
31303,45425,6.0
31303,45426,12.0
31304,45427,1.0
31304,45428,12.0
31305,45429,1.0
31305,45430,2.0
31305,45431,6.0
31306,45432,8.0
31306,45433,1.0
31306,45434,25.0
31306,45435,5.0
31307,45436,1.0
31307,45437,15.0
31308,45438,16.0
31308,45439,3.0
31308,45440,15.0
31309,45441,1.0
31309,45442,3.0
31310,45443,1.0
31311,45444,16.0
31311,45445,25.0
31311,45446,15.0
31312,45447,1.0
31312,45448,4.0
31313,45449,5.0
31314,45450,5.0
31315,45451,5.0
31316,45452,16.0
31316,45453,2.0
31316,45454,3.0
31316,45455,4.0
31317,45456,1.0
31317,45457,3.0
31317,45458,21.0
31318,45459,1.0
31319,45460,3.0
31319,45461,21.0
31320,45462,1.0
31321,45463,1.0
31321,45464,9.0
31321,45465,12.0
31322,45466,23.0
31322,45467,1.0
31322,45468,3.0
31323,45469,1.0
31324,45470,1.0
31324,45471,5.0
31325,45472,1.0
31325,45473,3.0
31326,45474,13.0
31326,45475,1.0
31327,45476,13.0
31327,45477,8.0
31327,45478,1.0
31327,45479,18.0
31328,45480,1.0
31329,45481,1.0
31329,45482,4.0
31329,45483,24.0
31330,45484,1.0
31330,45485,3.0
31330,45486,4.0
31331,45487,13.0
31331,45488,1.0
31331,45489,22.0
31331,45490,2.0
31331,45491,6.0
31332,45492,5.0
31333,45493,4.0
31334,45494,1.0
31335,45495,1.0
31335,45496,22.0
31335,45497,2.0
31335,45498,6.0
31336,45499,13.0
31336,45500,16.0
31336,45501,1.0
31336,45502,9.0
31336,45503,12.0
31337,45504,1.0
31337,45505,22.0
31337,45506,3.0
31337,45507,24.0
31338,45508,1.0
31338,45509,3.0
31339,45510,1.0
31340,45511,5.0
31341,45512,23.0
31341,45513,1.0
31341,45514,22.0
31341,45515,2.0
31342,45516,2.0
31342,45517,14.0
31342,45518,3.0
31343,45519,7.0
31343,45520,3.0
31343,45521,15.0
31344,45522,1.0
31345,45523,13.0
31345,45524,16.0
31345,45525,23.0
31345,45526,7.0
31345,45527,3.0
31346,45528,1.0
31346,45529,12.0
31347,45530,13.0
31347,45531,1.0
31347,45532,2.0
31348,45533,1.0
31348,45534,24.0
31348,45535,15.0
31349,45536,1.0
31350,45537,1.0
31350,45538,2.0
31351,45539,14.0
31352,45540,14.0
31352,45541,3.0
31353,45542,1.0
31353,45543,4.0
31354,45544,1.0
31355,45545,23.0
31355,45546,3.0
31356,45547,1.0
31356,45548,4.0
31357,45549,1.0
31357,45550,25.0
31357,45551,15.0
31358,45552,1.0
31358,45553,20.0
31359,45554,1.0
31359,45555,9.0
31360,45556,1.0
31360,45557,2.0
31361,45558,16.0
31361,45559,7.0
31361,45560,3.0
31361,45561,25.0
31361,45562,15.0
31361,45563,21.0
31362,45564,5.0
31363,45565,13.0
31363,45566,16.0
31363,45567,23.0
31363,45568,7.0
31363,45569,25.0
31364,45570,1.0
31365,45571,1.0
31365,45572,2.0
31365,45573,4.0
31365,45574,6.0
31366,45575,13.0
31366,45576,1.0
31366,45577,12.0
31367,45578,1.0
31368,45579,24.0
31368,45580,5.0
31369,45581,1.0
31370,45582,1.0
31370,45583,4.0
31370,45584,24.0
31371,45585,8.0
31371,45586,24.0
31371,45587,21.0
31371,45588,5.0
31372,45589,8.0
31372,45590,1.0
31372,45591,24.0
31373,45592,13.0
31373,45593,1.0
31373,45594,2.0
31373,45595,6.0
31374,45596,13.0
31374,45597,22.0
31374,45598,2.0
31374,45599,14.0
31374,45600,3.0
31374,45601,6.0
31375,45602,13.0
31375,45603,3.0
31376,45604,3.0
31376,45605,34.0
31377,45606,13.0
31377,45607,1.0
31377,45608,2.0
31377,45609,6.0
31378,45610,13.0
31378,45611,1.0
31378,45612,6.0
31379,45613,8.0
31379,45614,9.0
31379,45615,5.0
31380,45616,3.0
31380,45617,15.0
31381,45618,8.0
31381,45619,1.0
31381,45620,4.0
31382,45621,1.0
31383,45622,5.0
31384,45623,5.0
31385,45624,3.0
31386,45625,22.0
31386,45626,2.0
31387,45627,13.0
31387,45628,23.0
31387,45629,1.0
31387,45630,2.0
31387,45631,6.0
31388,45632,1.0
31389,45633,1.0
31389,45634,9.0
31389,45635,12.0
31390,45636,1.0
31390,45637,2.0
31390,45638,14.0
31391,45639,13.0
31391,45640,14.0
31391,45641,3.0
31391,45642,24.0
31392,45643,8.0
31392,45644,5.0
31393,45645,22.0
31393,45646,2.0
31393,45647,14.0
31393,45648,3.0
31394,45649,1.0
31395,45650,13.0
31395,45651,23.0
31395,45652,1.0
31395,45653,22.0
31395,45654,2.0
31395,45655,6.0
31396,45656,1.0
31397,45657,7.0
31397,45658,3.0
31397,45659,4.0
31398,45660,1.0
31398,45661,22.0
31398,45662,7.0
31398,45663,3.0
31399,45664,13.0
31399,45665,16.0
31399,45666,1.0
31399,45667,2.0
31399,45668,3.0
31399,45669,6.0
31400,45670,3.0
31401,45671,13.0
31401,45672,23.0
31401,45673,14.0
31402,45674,1.0
31402,45675,22.0
31402,45676,2.0
31403,45677,13.0
31403,45678,16.0
31403,45679,23.0
31403,45680,2.0
31404,45681,1.0
31405,45682,1.0
31405,45683,18.0
31406,45684,5.0
31407,45685,3.0
31407,45686,4.0
31408,45687,1.0
31409,45688,24.0
31409,45689,5.0
31410,45690,9.0
31410,45691,24.0
31410,45692,5.0
31411,45693,1.0
31412,45694,1.0
31413,45695,1.0
31413,45696,3.0
31414,45697,1.0
31414,45698,12.0
31415,45699,13.0
31415,45700,16.0
31415,45701,1.0
31415,45702,9.0
31416,45703,13.0
31416,45704,23.0
31416,45705,1.0
31416,45706,22.0
31416,45707,2.0
31416,45708,14.0
31417,45709,1.0
31417,45710,2.0
31418,45711,24.0
31418,45712,5.0
31419,45713,1.0
31419,45714,4.0
31420,45715,1.0
31420,45716,3.0
31421,45717,1.0
31421,45718,3.0
31421,45719,4.0
31422,45720,1.0
31423,45721,5.0
31424,45722,1.0
31424,45723,18.0
31425,45724,5.0
31426,45725,8.0
31426,45726,1.0
31426,45727,3.0
31426,45728,4.0
31427,45729,7.0
31427,45730,3.0
31428,45731,1.0
31429,45732,1.0
31430,45733,1.0
31430,45734,2.0
31430,45735,14.0
31431,45736,13.0
31431,45737,16.0
31431,45738,23.0
31431,45739,7.0
31431,45740,14.0
31432,45741,13.0
31432,45742,23.0
31432,45743,1.0
31432,45744,2.0
31433,45745,3.0
31433,45746,6.0
31434,45747,16.0
31434,45748,1.0
31434,45749,7.0
31434,45750,4.0
31435,45751,1.0
31436,45752,1.0
31436,45753,6.0
31437,45754,1.0
31437,45755,22.0
31437,45756,2.0
31437,45757,6.0
31438,45758,13.0
31438,45759,2.0
31438,45760,6.0
31439,45761,16.0
31439,45762,3.0
31440,45763,1.0
31440,45764,3.0
31441,45765,1.0
31441,45766,3.0
31441,45767,4.0
31442,45768,1.0
31442,45769,3.0
31442,45770,4.0
31443,45771,7.0
31443,45772,14.0
31443,45773,21.0
31444,45774,1.0
31445,45775,3.0
31445,45776,4.0
31445,45777,6.0
31446,45778,1.0
31446,45779,4.0
31447,45780,1.0
31447,45781,3.0
31447,45782,4.0
31448,45783,1.0
31449,45784,1.0
31449,45785,22.0
31449,45786,2.0
31449,45787,7.0
31449,45788,14.0
31450,45789,16.0
31450,45790,7.0
31450,45791,14.0
31450,45792,3.0
31450,45793,15.0
31451,45794,8.0
31451,45795,1.0
31451,45796,6.0
31452,45797,1.0
31453,45798,1.0
31453,45799,6.0
31454,45800,1.0
31455,45801,1.0
31455,45802,3.0
31456,45803,1.0
31457,45804,1.0
31457,45805,4.0
31458,45806,1.0
31458,45807,2.0
31458,45808,7.0
31458,45809,14.0
31458,45810,3.0
31458,45811,25.0
31459,45812,8.0
31459,45813,1.0
31459,45814,9.0
31459,45815,3.0
31459,45816,24.0
31460,45817,13.0
31460,45818,23.0
31461,45819,2.0
31461,45820,14.0
31461,45821,6.0
31461,45822,24.0
31462,45823,13.0
31462,45824,1.0
31462,45825,9.0
31462,45826,12.0
31463,45827,5.0
31464,45828,16.0
31464,45829,18.0
31464,45830,3.0
31465,45831,13.0
31465,45832,1.0
31465,45833,3.0
31465,45834,6.0
31466,45835,13.0
31466,45836,1.0
31466,45837,2.0
31466,45838,6.0
31466,45839,35.0
31467,45840,16.0
31468,45841,2.0
31468,45842,14.0
31468,45843,24.0
31469,45844,3.0
31470,45845,1.0
31470,45846,14.0
31471,45847,16.0
31471,45848,3.0
31472,45849,5.0
31473,45850,5.0
31474,45851,1.0
31474,45852,18.0
31474,45853,3.0
31474,45854,4.0
31475,45855,1.0
31475,45856,3.0
31475,45857,4.0
31476,45858,1.0
31477,45859,1.0
31477,45860,22.0
31477,45861,3.0
31477,45862,21.0
31478,45863,3.0
31478,45864,4.0
31478,45865,21.0
31479,45866,3.0
31480,45867,1.0
31480,45868,3.0
31480,45869,24.0
31481,45870,2.0
31481,45871,14.0
31482,45872,2.0
31482,45873,14.0
31483,45874,1.0
31483,45875,3.0
31484,45876,8.0
31484,45877,1.0
31484,45878,9.0
31484,45879,21.0
31485,45880,1.0
31485,45881,2.0
31485,45882,6.0
31486,45883,13.0
31486,45884,7.0
31486,45885,6.0
31487,45886,22.0
31487,45887,2.0
31487,45888,6.0
31488,45889,24.0
31488,45890,5.0
31489,45891,1.0
31489,45892,3.0
31489,45893,4.0
31489,45894,24.0
31489,45895,15.0
31490,45896,2.0
31490,45897,6.0
31491,45898,1.0
31491,45899,3.0
31491,45900,4.0
31492,45901,23.0
31492,45902,2.0
31492,45903,3.0
31492,45904,4.0
31492,45905,6.0
31493,45906,1.0
31494,45907,23.0
31494,45908,1.0
31494,45909,22.0
31494,45910,2.0
31494,45911,14.0
31494,45912,3.0
31495,45913,3.0
31495,45914,24.0
31495,45915,25.0
31495,45916,15.0
31496,45917,1.0
31496,45918,3.0
31497,45919,1.0
31497,45920,3.0
31498,45921,1.0
31498,45922,18.0
31498,45923,5.0
31499,45924,1.0
31500,45925,1.0
31500,45926,18.0
31501,45927,1.0
31502,45928,1.0
31502,45929,2.0
31502,45930,4.0
31502,45931,24.0
31503,45932,23.0
31503,45933,1.0
31504,45934,5.0
31505,45935,1.0
31506,45936,3.0
31507,45937,13.0
31507,45938,8.0
31507,45939,1.0
31507,45940,9.0
31508,45941,1.0
31508,45942,2.0
31508,45943,3.0
31509,45944,16.0
31509,45945,22.0
31509,45946,7.0
31510,45947,1.0
31510,45948,2.0
31510,45949,14.0
31511,45950,8.0
31511,45951,3.0
31512,45952,5.0
31513,45953,3.0
31513,45954,6.0
31513,45955,25.0
31514,45956,1.0
31514,45957,6.0
31515,45958,1.0
31515,45959,4.0
31516,45960,2.0
31516,45961,4.0
31517,45962,1.0
31517,45963,4.0
31518,45964,13.0
31518,45965,2.0
31518,45966,6.0
31519,45967,1.0
31520,45968,13.0
31520,45969,1.0
31520,45970,2.0
31520,45971,3.0
31521,45972,1.0
31522,45973,1.0
31522,45974,9.0
31522,45975,12.0
31522,45976,24.0
31523,45977,3.0
31523,45978,4.0
31524,45979,12.0
31524,45980,5.0
31525,45981,1.0
31525,45982,24.0
31526,45983,1.0
31526,45984,2.0
31526,45985,4.0
31526,45986,6.0
31527,45987,3.0
31527,45988,24.0
31528,45989,9.0
31528,45990,5.0
31529,45991,13.0
31529,45992,1.0
31529,45993,2.0
31529,45994,6.0
31530,45995,22.0
31530,45996,2.0
31530,45997,14.0
31531,45998,14.0
31532,45999,3.0
31533,46000,13.0
31533,46001,16.0
31533,46002,7.0
31534,46003,1.0
31534,46004,3.0
31535,46005,8.0
31535,46006,5.0
31536,46007,8.0
31536,46008,9.0
31536,46009,5.0
31537,46010,1.0
31537,46011,24.0
31538,46012,13.0
31538,46013,16.0
31539,46014,1.0
31539,46015,4.0
31539,46016,24.0
31540,46017,1.0
31540,46018,3.0
31541,46019,2.0
31541,46020,14.0
31542,46021,1.0
31542,46022,22.0
31542,46023,2.0
31542,46024,14.0
31543,46025,22.0
31543,46026,3.0
31543,46027,6.0
31544,46028,3.0
31544,46029,4.0
31545,46030,1.0
31546,46031,1.0
31547,46032,5.0
31548,46033,5.0
31549,46034,1.0
31549,46035,18.0
31550,46036,16.0
31550,46037,23.0
31550,46038,1.0
31550,46039,22.0
31550,46040,14.0
31551,46041,13.0
31551,46042,23.0
31551,46043,1.0
31551,46044,2.0
31552,46045,5.0
31553,46046,5.0
31554,46047,1.0
31555,46048,1.0
31556,46049,1.0
31556,46050,4.0
31556,46051,21.0
31557,46052,1.0
31557,46053,2.0
31557,46054,14.0
31558,46055,13.0
31558,46056,3.0
31558,46057,4.0
31559,46058,5.0
31560,46059,5.0
31561,46060,16.0
31561,46061,22.0
31561,46062,3.0
31561,46063,15.0
31562,46064,3.0
31562,46065,4.0
31563,46066,1.0
31563,46067,6.0
31564,46068,14.0
31564,46069,3.0
31565,46070,1.0
31566,46071,16.0
31566,46072,22.0
31566,46073,3.0
31566,46074,6.0
31567,46075,1.0
31567,46076,3.0
31567,46077,4.0
31568,46078,5.0
31569,46079,1.0
31569,46080,3.0
31570,46081,13.0
31570,46082,1.0
31570,46083,3.0
31570,46084,15.0
31571,46085,5.0
31572,46086,13.0
31572,46087,1.0
31572,46088,2.0
31572,46089,4.0
31572,46090,6.0
31573,46091,1.0
31574,46092,1.0
31575,46093,2.0
31576,46094,25.0
31577,46095,1.0
31577,46096,3.0
31578,46097,1.0
31578,46098,4.0
31579,46099,1.0
31579,46100,4.0
31580,46101,5.0
31581,46102,1.0
31581,46103,22.0
31581,46104,2.0
31581,46105,14.0
31582,46106,1.0
31583,46107,1.0
31584,46108,1.0
31584,46109,5.0
31585,46110,1.0
31586,46111,22.0
31586,46112,2.0
31586,46113,14.0
31587,46114,16.0
31587,46115,1.0
31587,46116,20.0
31588,46117,13.0
31588,46118,3.0
31588,46119,6.0
31589,46120,1.0
31589,46121,3.0
31589,46122,4.0
31589,46123,6.0
31590,46124,1.0
31591,46125,1.0
31591,46126,6.0
31592,46127,14.0
31593,46128,1.0
31593,46129,4.0
31593,46130,21.0
31594,46131,1.0
31594,46132,2.0
31594,46133,6.0
31595,46134,1.0
31596,46135,1.0
31597,46136,1.0
31598,46137,1.0
31598,46138,2.0
31599,46139,2.0
31599,46140,14.0
31600,46141,2.0
31600,46142,14.0
31600,46143,3.0
31601,46144,7.0
31601,46145,3.0
31601,46146,15.0
31602,46147,5.0
31603,46148,13.0
31603,46149,16.0
31603,46150,7.0
31603,46151,3.0
31603,46152,25.0
31603,46153,15.0
31604,46154,13.0
31604,46155,16.0
31604,46156,7.0
31604,46157,3.0
31604,46158,25.0
31604,46159,15.0
31605,46160,8.0
31605,46161,24.0
31605,46162,5.0
31606,46163,5.0
31607,46164,16.0
31607,46165,7.0
31607,46166,4.0
31607,46167,25.0
31608,46168,3.0
31609,46169,1.0
31610,46170,1.0
31610,46171,6.0
31611,46172,5.0
31612,46173,3.0
31613,46174,1.0
31613,46175,9.0
31614,46176,13.0
31614,46177,2.0
31615,46178,1.0
31615,46179,3.0
31616,46180,2.0
31616,46181,14.0
31617,46182,1.0
31617,46183,2.0
31617,46184,3.0
31617,46185,6.0
31618,46186,1.0
31618,46187,6.0
31619,46188,8.0
31619,46189,5.0
31620,46190,1.0
31621,46191,23.0
31621,46192,1.0
31621,46193,2.0
31621,46194,14.0
31622,46195,1.0
31623,46196,1.0
31623,46197,24.0
31623,46198,15.0
31624,46199,1.0
31624,46200,3.0
31625,46201,1.0
31625,46202,2.0
31625,46203,3.0
31625,46204,6.0
31626,46205,8.0
31626,46206,1.0
31627,46207,5.0
31628,46208,1.0
31628,46209,7.0
31628,46210,4.0
31628,46211,25.0
31629,46212,8.0
31629,46213,1.0
31629,46214,2.0
31629,46215,6.0
31630,46216,1.0
31630,46217,2.0
31630,46218,14.0
31630,46219,6.0
31631,46220,1.0
31631,46221,22.0
31631,46222,2.0
31631,46223,14.0
31631,46224,6.0
31632,46225,1.0
31632,46226,3.0
31632,46227,4.0
31632,46228,12.0
31633,46229,2.0
31633,46230,14.0
31633,46231,6.0
31634,46232,8.0
31634,46233,1.0
31634,46234,4.0
31634,46235,24.0
31635,46236,23.0
31635,46237,1.0
31635,46238,22.0
31636,46239,1.0
31636,46240,22.0
31636,46241,14.0
31637,46242,1.0
31638,46243,1.0
31639,46244,1.0
31640,46245,1.0
31641,46246,1.0
31641,46247,2.0
31641,46248,14.0
31641,46249,4.0
31642,46250,1.0
31643,46251,1.0
31644,46252,9.0
31644,46253,5.0
31645,46254,5.0
31646,46255,13.0
31646,46256,1.0
31646,46257,22.0
31646,46258,2.0
31646,46259,3.0
31646,46260,6.0
31647,46261,1.0
31647,46262,3.0
31648,46263,1.0
31649,46264,1.0
31649,46265,4.0
31649,46266,6.0
31650,46267,1.0
31651,46268,3.0
31652,46269,1.0
31652,46270,22.0
31652,46271,2.0
31652,46272,6.0
31653,46273,1.0
31654,46274,1.0
31655,46275,1.0
31655,46276,3.0
31656,46277,1.0
31656,46278,4.0
31657,46279,1.0
31658,46280,1.0
31658,46281,22.0
31658,46282,2.0
31659,46283,1.0
31659,46284,3.0
31659,46285,4.0
31660,46286,3.0
31661,46287,3.0
31661,46288,24.0
31661,46289,5.0
31662,46290,3.0
31663,46291,1.0
31663,46292,2.0
31663,46293,14.0
31664,46294,1.0
31664,46295,6.0
31665,46296,5.0
31666,46297,1.0
31667,46298,1.0
31667,46299,3.0
31668,46300,1.0
31669,46301,1.0
31670,46302,1.0
31671,46303,
31672,46304,16.0
31672,46305,3.0
31672,46306,4.0
31673,46307,13.0
31673,46308,2.0
31673,46309,3.0
31673,46310,6.0
31674,46311,5.0
31675,46312,1.0
31675,46313,3.0
31675,46314,4.0
31676,46315,1.0
31677,46316,5.0
31678,46317,1.0
31678,46318,9.0
31679,46319,5.0
31680,46320,1.0
31680,46321,6.0
31681,46322,13.0
31681,46323,22.0
31681,46324,2.0
31681,46325,14.0
31682,46326,9.0
31682,46327,5.0
31683,46328,1.0
31684,46329,1.0
31684,46330,2.0
31685,46331,1.0
31686,46332,5.0
31687,46333,5.0
31688,46334,23.0
31688,46335,22.0
31688,46336,2.0
31688,46337,6.0
31689,46338,1.0
31690,46339,1.0
31690,46340,2.0
31690,46341,14.0
31691,46342,1.0
31691,46343,9.0
31691,46344,12.0
31691,46345,25.0
31692,46346,3.0
31693,46347,1.0
31694,46348,22.0
31694,46349,2.0
31694,46350,6.0
31695,46351,13.0
31695,46352,23.0
31695,46353,2.0
31696,46354,5.0
31697,46355,8.0
31697,46356,5.0
31698,46357,1.0
31698,46358,22.0
31698,46359,2.0
31699,46360,13.0
31699,46361,2.0
31699,46362,3.0
31699,46363,6.0
31700,46364,1.0
31700,46365,4.0
31701,46366,5.0
31702,46367,1.0
31702,46368,6.0
31703,46369,7.0
31703,46370,14.0
31703,46371,3.0
31704,46372,1.0
31704,46373,22.0
31704,46374,2.0
31704,46375,6.0
31705,46376,1.0
31705,46377,6.0
31706,46378,1.0
31706,46379,3.0
31706,46380,15.0
31707,46381,1.0
31707,46382,2.0
31708,46383,1.0
31708,46384,4.0
31709,46385,5.0
31710,46386,1.0
31711,46387,1.0
31711,46388,22.0
31711,46389,2.0
31711,46390,6.0
31712,46391,5.0
31713,46392,1.0
31713,46393,2.0
31713,46394,14.0
31714,46395,1.0
31714,46396,12.0
31715,46397,1.0
31716,46398,5.0
31717,46399,1.0
31717,46400,6.0
31718,46401,13.0
31718,46402,8.0
31718,46403,9.0
31719,46404,13.0
31719,46405,8.0
31719,46406,1.0
31719,46407,9.0
31720,46408,13.0
31720,46409,8.0
31720,46410,1.0
31720,46411,9.0
31721,46412,13.0
31721,46413,8.0
31721,46414,1.0
31722,46415,8.0
31722,46416,9.0
31722,46417,5.0
31723,46418,1.0
31723,46419,5.0
31724,46420,1.0
31725,46421,1.0
31725,46422,3.0
31725,46423,4.0
31726,46424,16.0
31726,46425,23.0
31726,46426,1.0
31726,46427,7.0
31726,46428,3.0
31726,46429,25.0
31727,46430,1.0
31727,46431,2.0
31727,46432,4.0
31728,46433,7.0
31728,46434,3.0
31728,46435,4.0
31729,46436,5.0
31730,46437,16.0
31730,46438,1.0
31730,46439,2.0
31730,46440,14.0
31731,46441,1.0
31731,46442,22.0
31731,46443,2.0
31731,46444,6.0
31732,46445,1.0
31732,46446,2.0
31732,46447,7.0
31732,46448,14.0
31733,46449,3.0
31734,46450,1.0
31735,46451,1.0
31736,46452,23.0
31736,46453,1.0
31736,46454,7.0
31736,46455,3.0
31736,46456,25.0
31737,46457,1.0
31738,46458,1.0
31738,46459,22.0
31739,46460,16.0
31739,46461,1.0
31739,46462,3.0
31739,46463,24.0
31740,46464,13.0
31740,46465,14.0
31740,46466,3.0
31741,46467,13.0
31741,46468,3.0
31741,46469,5.0
31742,46470,1.0
31743,46471,13.0
31743,46472,3.0
31743,46473,6.0
31744,46474,1.0
31744,46475,3.0
31745,46476,1.0
31746,46477,14.0
31747,46478,8.0
31747,46479,5.0
31748,46480,1.0
31748,46481,4.0
31749,46482,5.0
31750,46483,1.0
31751,46484,8.0
31751,46485,1.0
31751,46486,12.0
31752,46487,1.0
31753,46488,1.0
31754,46489,9.0
31754,46490,21.0
31755,46491,2.0
31755,46492,14.0
31756,46493,1.0
31757,46494,8.0
31757,46495,9.0
31757,46496,18.0
31757,46497,5.0
31758,46498,1.0
31759,46499,8.0
31759,46500,5.0
31760,46501,22.0
31760,46502,2.0
31760,46503,14.0
31760,46504,6.0
31761,46505,5.0
31762,46506,8.0
31762,46507,18.0
31762,46508,5.0
31763,46509,8.0
31763,46510,5.0
31764,46511,5.0
31765,46512,7.0
31765,46513,15.0
31765,46514,21.0
31766,46515,5.0
31767,46516,1.0
31768,46517,1.0
31769,46518,23.0
31769,46519,5.0
31770,46520,1.0
31771,46521,8.0
31771,46522,1.0
31772,46523,1.0
31772,46524,2.0
31773,46525,13.0
31773,46526,16.0
31773,46527,23.0
31773,46528,7.0
31774,46529,18.0
31774,46530,5.0
31775,46531,1.0
31775,46532,2.0
31775,46533,6.0
31776,46534,13.0
31776,46535,2.0
31776,46536,6.0
31777,46537,13.0
31777,46538,1.0
31777,46539,2.0
31777,46540,6.0
31778,46541,13.0
31778,46542,16.0
31778,46543,3.0
31779,46544,13.0
31779,46545,3.0
31780,46546,24.0
31780,46547,5.0
31781,46548,23.0
31781,46549,1.0
31782,46550,5.0
31783,46551,13.0
31783,46552,16.0
31783,46553,23.0
31783,46554,2.0
31783,46555,15.0
31784,46556,16.0
31784,46557,7.0
31784,46558,3.0
31785,46559,1.0
31785,46560,2.0
31785,46561,12.0
31786,46562,8.0
31786,46563,1.0
31786,46564,9.0
31787,46565,8.0
31787,46566,1.0
31787,46567,9.0
31787,46568,4.0
31787,46569,24.0
31787,46570,21.0
31788,46571,1.0
31788,46572,2.0
31788,46573,6.0
31789,46574,5.0
31790,46575,1.0
31790,46576,3.0
31790,46577,4.0
31790,46578,24.0
31791,46579,1.0
31791,46580,7.0
31791,46581,3.0
31791,46582,4.0
31792,46583,1.0
31792,46584,7.0
31792,46585,4.0
31793,46586,3.0
31794,46587,12.0
31794,46588,5.0
31795,46589,13.0
31795,46590,16.0
31795,46591,7.0
31795,46592,3.0
31795,46593,15.0
31796,46594,1.0
31797,46595,13.0
31797,46596,16.0
31797,46597,23.0
31797,46598,2.0
31798,46599,13.0
31798,46600,16.0
31798,46601,23.0
31799,46602,1.0
31800,46603,1.0
31800,46604,4.0
31801,46605,5.0
31802,46606,1.0
31802,46607,2.0
31802,46608,6.0
31803,46609,3.0
31803,46610,4.0
31804,46611,3.0
31804,46612,4.0
31805,46613,7.0
31805,46614,3.0
31805,46615,4.0
31806,46616,13.0
31806,46617,16.0
31806,46618,23.0
31806,46619,7.0
31807,46620,1.0
31807,46621,18.0
31807,46622,3.0
31807,46623,4.0
31808,46624,23.0
31808,46625,1.0
31808,46626,22.0
31809,46627,2.0
31810,46628,13.0
31810,46629,16.0
31810,46630,23.0
31810,46631,7.0
31810,46632,25.0
31810,46633,15.0
31811,46634,1.0
31811,46635,22.0
31812,46636,13.0
31812,46637,1.0
31812,46638,18.0
31812,46639,15.0
31813,46640,1.0
31813,46641,4.0
31813,46642,21.0
31814,46643,13.0
31814,46644,16.0
31814,46645,1.0
31814,46646,2.0
31814,46647,6.0
31815,46648,1.0
31816,46649,3.0
31817,46650,3.0
31817,46651,4.0
31818,46652,16.0
31818,46653,5.0
31819,46654,13.0
31820,46655,18.0
31820,46656,3.0
31820,46657,15.0
31821,46658,8.0
31821,46659,9.0
31821,46660,5.0
31822,46661,1.0
31823,46662,13.0
31823,46663,1.0
31823,46664,22.0
31823,46665,2.0
31824,46666,2.0
31824,46667,14.0
31825,46668,13.0
31825,46669,1.0
31825,46670,2.0
31825,46671,6.0
31826,46672,1.0
31826,46673,3.0
31827,46674,13.0
31827,46675,2.0
31827,46676,6.0
31828,46677,13.0
31828,46678,2.0
31828,46679,6.0
31829,46680,13.0
31829,46681,2.0
31830,46682,13.0
31830,46683,2.0
31830,46684,6.0
31831,46685,1.0
31832,46686,13.0
31832,46687,1.0
31832,46688,22.0
31832,46689,2.0
31832,46690,6.0
31833,46691,13.0
31833,46692,3.0
31834,46693,13.0
31834,46694,16.0
31834,46695,1.0
31834,46696,9.0
31834,46697,12.0
31835,46698,1.0
31835,46699,6.0
31836,46700,1.0
31836,46701,3.0
31837,46702,8.0
31837,46703,1.0
31837,46704,18.0
31838,46705,1.0
31838,46706,2.0
31838,46707,4.0
31838,46708,6.0
31839,46709,1.0
31839,46710,3.0
31840,46711,3.0
31840,46712,15.0
31841,46713,1.0
31842,46714,13.0
31842,46715,1.0
31843,46716,3.0
31844,46717,1.0
31844,46718,3.0
31845,46719,1.0
31845,46720,3.0
31845,46721,4.0
31846,46722,1.0
31846,46723,2.0
31846,46724,14.0
31846,46725,4.0
31847,46726,1.0
31847,46727,22.0
31847,46728,2.0
31847,46729,3.0
31847,46730,6.0
31848,46731,5.0
31849,46732,2.0
31850,46733,1.0
31850,46734,3.0
31851,46735,1.0
31852,46736,9.0
31852,46737,12.0
31852,46738,5.0
31852,46739,28.0
31853,46740,5.0
31854,46741,13.0
31854,46742,1.0
31855,46743,13.0
31855,46744,2.0
31856,46745,13.0
31856,46746,16.0
31856,46747,22.0
31856,46748,3.0
31857,46749,5.0
31858,46750,1.0
31858,46751,4.0
31859,46752,1.0
31859,46753,3.0
31859,46754,4.0
31860,46755,1.0
31860,46756,9.0
31860,46757,12.0
31861,46758,3.0
31862,46759,8.0
31862,46760,1.0
31862,46761,24.0
31863,46762,1.0
31864,46763,1.0
31864,46764,9.0
31865,46765,1.0
31865,46766,22.0
31865,46767,7.0
31865,46768,14.0
31865,46769,3.0
31865,46770,4.0
31866,46771,16.0
31866,46772,1.0
31866,46773,3.0
31866,46774,4.0
31866,46775,25.0
31866,46776,15.0
31866,46777,21.0
31867,46778,1.0
31867,46779,3.0
31868,46780,1.0
31868,46781,2.0
31868,46782,6.0
31869,46783,1.0
31869,46784,18.0
31869,46785,4.0
31869,46786,21.0
31870,46787,1.0
31870,46788,22.0
31870,46789,7.0
31870,46790,14.0
31871,46791,5.0
31872,46792,1.0
31873,46793,1.0
31874,46794,1.0
31874,46795,9.0
31874,46796,12.0
31875,46797,1.0
31876,46798,23.0
31876,46799,2.0
31876,46800,14.0
31877,46801,1.0
31878,46802,8.0
31878,46803,1.0
31878,46804,9.0
31878,46805,2.0
31878,46806,6.0
31879,46807,16.0
31879,46808,1.0
31879,46809,3.0
31879,46810,15.0
31880,46811,5.0
31881,46812,8.0
31881,46813,1.0
31881,46814,24.0
31882,46815,1.0
31882,46816,4.0
31883,46817,1.0
31883,46818,4.0
31884,46819,5.0
31885,46820,3.0
31886,46821,1.0
31887,46822,1.0
31887,46823,3.0
31888,46824,1.0
31889,46825,1.0
31889,46826,3.0
31889,46827,4.0
31890,46828,1.0
31891,46829,1.0
31891,46830,6.0
31891,46831,20.0
31892,46832,16.0
31892,46833,1.0
31893,46834,3.0
31894,46835,16.0
31894,46836,3.0
31894,46837,25.0
31894,46838,15.0
31894,46839,21.0
31895,46840,2.0
31895,46841,5.0
31896,46842,1.0
31897,46843,1.0
31898,46844,1.0
31898,46845,4.0
31899,46846,8.0
31899,46847,1.0
31899,46848,9.0
31900,46849,8.0
31900,46850,1.0
31900,46851,2.0
31900,46852,4.0
31900,46853,6.0
31901,46854,13.0
31901,46855,1.0
31901,46856,9.0
31902,46857,25.0
31902,46858,15.0
31902,46859,21.0
31903,46860,8.0
31903,46861,24.0
31903,46862,5.0
31904,46863,1.0
31905,46864,1.0
31905,46865,4.0
31905,46866,6.0
31906,46867,1.0
31906,46868,2.0
31906,46869,6.0
31907,46870,1.0
31907,46871,4.0
31908,46872,
31909,46873,1.0
31909,46874,2.0
31909,46875,6.0
31910,46876,3.0
31910,46877,4.0
31911,46878,13.0
31911,46879,3.0
31912,46880,2.0
31913,46881,1.0
31913,46882,22.0
31913,46883,2.0
31913,46884,7.0
31913,46885,14.0
31913,46886,4.0
31914,46887,1.0
31914,46888,3.0
31914,46889,4.0
31915,46890,1.0
31915,46891,3.0
31916,46892,5.0
31917,46893,1.0
31918,46894,24.0
31918,46895,21.0
31918,46896,5.0
31919,46897,3.0
31920,46898,1.0
31920,46899,3.0
31921,46900,1.0
31921,46901,3.0
31922,46902,5.0
31923,46903,8.0
31923,46904,5.0
31924,46905,3.0
31925,46906,23.0
31925,46907,1.0
31926,46908,1.0
31926,46909,6.0
31927,46910,2.0
31927,46911,7.0
31927,46912,14.0
31928,46913,1.0
31928,46914,3.0
31929,46915,1.0
31929,46916,3.0
31930,46917,1.0
31931,46918,1.0
31931,46919,4.0
31931,46920,6.0
31932,46921,1.0
31932,46922,6.0
31933,46923,5.0
31934,46924,1.0
31935,46925,5.0
31936,46926,5.0
31937,46927,7.0
31937,46928,3.0
31937,46929,4.0
31938,46930,5.0
31939,46931,1.0
31940,46932,1.0
31941,46933,1.0
31941,46934,15.0
31942,46935,7.0
31942,46936,3.0
31942,46937,4.0
31943,46938,1.0
31943,46939,3.0
31944,46940,1.0
31944,46941,6.0
31944,46942,20.0
31945,46943,1.0
31946,46944,5.0
31947,46945,8.0
31947,46946,1.0
31947,46947,22.0
31947,46948,2.0
31947,46949,6.0
31948,46950,3.0
31948,46951,4.0
31949,46952,1.0
31949,46953,2.0
31949,46954,6.0
31950,46955,1.0
31950,46956,2.0
31950,46957,4.0
31950,46958,6.0
31951,46959,1.0
31951,46960,22.0
31952,46961,5.0
31953,46962,13.0
31953,46963,16.0
31953,46964,1.0
31953,46965,25.0
31953,46966,15.0
31954,46967,3.0
31954,46968,4.0
31955,46969,5.0
31956,46970,1.0
31957,46971,8.0
31957,46972,1.0
31958,46973,1.0
31958,46974,2.0
31959,46975,3.0
31960,46976,1.0
31960,46977,22.0
31960,46978,2.0
31960,46979,7.0
31961,46980,1.0
31962,46981,5.0
31963,46982,13.0
31963,46983,16.0
31963,46984,23.0
31963,46985,7.0
31963,46986,3.0
31964,46987,3.0
31964,46988,4.0
31965,46989,22.0
31965,46990,2.0
31965,46991,6.0
31966,46992,1.0
31966,46993,3.0
31966,46994,4.0
31967,46995,5.0
31968,46996,13.0
31968,46997,1.0
31968,46998,3.0
31968,46999,4.0
31969,47000,3.0
31969,47001,4.0
31970,47002,3.0
31970,47003,4.0
31971,47004,3.0
31971,47005,4.0
31972,47006,1.0
31972,47007,4.0
31972,47008,21.0
31973,47009,3.0
31973,47010,4.0
31974,47011,3.0
31974,47012,4.0
31975,47013,1.0
31975,47014,3.0
31976,47015,1.0
31977,47016,1.0
31978,47017,1.0
31978,47018,4.0
31979,47019,3.0
31980,47020,3.0
31980,47021,4.0
31980,47022,21.0
31981,47023,8.0
31981,47024,1.0
31981,47025,9.0
31981,47026,4.0
31982,47027,1.0
31982,47028,2.0
31983,47029,1.0
31984,47030,1.0
31985,47031,16.0
31985,47032,7.0
31985,47033,3.0
31985,47034,24.0
31985,47035,25.0
31985,47036,15.0
31986,47037,1.0
31987,47038,3.0
31988,47039,1.0
31988,47040,2.0
31988,47041,7.0
31988,47042,14.0
31989,47043,23.0
31989,47044,1.0
31990,47045,1.0
31991,47046,14.0
31992,47047,16.0
31992,47048,7.0
31992,47049,25.0
31992,47050,15.0
31993,47051,1.0
31993,47052,2.0
31993,47053,4.0
31993,47054,12.0
31994,47055,1.0
31995,47056,1.0
31995,47057,6.0
31996,47058,5.0
31997,47059,1.0
31998,47060,1.0
31998,47061,24.0
31999,47062,13.0
31999,47063,16.0
31999,47064,2.0
31999,47065,3.0
31999,47066,6.0
32000,47067,8.0
32000,47068,1.0
32000,47069,9.0
32000,47070,3.0
32000,47071,5.0
32001,47072,13.0
32001,47073,2.0
32001,47074,6.0
32002,47075,8.0
32002,47076,1.0
32002,47077,9.0
32002,47078,4.0
32003,47079,1.0
32004,47080,16.0
32004,47081,3.0
32004,47082,25.0
32004,47083,15.0
32005,47084,1.0
32006,47085,24.0
32006,47086,5.0
32007,47087,1.0
32007,47088,3.0
32007,47089,6.0
32008,47090,1.0
32008,47091,3.0
32009,47092,1.0
32009,47093,3.0
32009,47094,4.0
32010,47095,3.0
32011,47096,1.0
32012,47097,2.0
32013,47098,5.0
32014,47099,25.0
32014,47100,5.0
32014,47101,30.0
32015,47102,16.0
32015,47103,12.0
32015,47104,20.0
32016,47105,24.0
32016,47106,5.0
32017,47107,1.0
32017,47108,4.0
32018,47109,13.0
32018,47110,16.0
32018,47111,7.0
32018,47112,15.0
32019,47113,3.0
32019,47114,6.0
32020,47115,1.0
32020,47116,3.0
32020,47117,6.0
32021,47118,1.0
32021,47119,2.0
32022,47120,13.0
32022,47121,3.0
32023,47122,13.0
32023,47123,1.0
32023,47124,2.0
32023,47125,6.0
32024,47126,1.0
32024,47127,3.0
32025,47128,5.0
32026,47129,5.0
32027,47130,7.0
32027,47131,3.0
32028,47132,13.0
32028,47133,1.0
32028,47134,2.0
32028,47135,7.0
32028,47136,14.0
32029,47137,13.0
32029,47138,2.0
32030,47139,2.0
32030,47140,14.0
32030,47141,6.0
32031,47142,1.0
32032,47143,8.0
32032,47144,1.0
32033,47145,5.0
32034,47146,1.0
32034,47147,7.0
32034,47148,25.0
32035,47149,1.0
32036,47150,1.0
32036,47151,4.0
32036,47152,12.0
32037,47153,15.0
32037,47154,5.0
32038,47155,1.0
32038,47156,22.0
32038,47157,7.0
32038,47158,14.0
32039,47159,1.0
32039,47160,9.0
32039,47161,4.0
32040,47162,3.0
32041,47163,1.0
32041,47164,25.0
32041,47165,15.0
32042,47166,5.0
32043,47167,1.0
32043,47168,2.0
32043,47169,14.0
32044,47170,16.0
32044,47171,7.0
32044,47172,25.0
32044,47173,15.0
32045,47174,16.0
32045,47175,1.0
32045,47176,7.0
32045,47177,3.0
32045,47178,25.0
32045,47179,15.0
32045,47180,21.0
32046,47181,8.0
32046,47182,1.0
32046,47183,4.0
32047,47184,3.0
32048,47185,1.0
32049,47186,13.0
32049,47187,6.0
32050,47188,13.0
32050,47189,3.0
32050,47190,6.0
32051,47191,8.0
32051,47192,24.0
32051,47193,5.0
32052,47194,13.0
32052,47195,8.0
32052,47196,1.0
32052,47197,9.0
32052,47198,12.0
32053,47199,1.0
32053,47200,3.0
32054,47201,16.0
32054,47202,3.0
32054,47203,25.0
32054,47204,15.0
32055,47205,13.0
32055,47206,14.0
32056,47207,5.0
32057,47208,5.0
32058,47209,5.0
32059,47210,1.0
32060,47211,1.0
32061,47212,18.0
32061,47213,5.0
32062,47214,1.0
32063,47215,1.0
32063,47216,3.0
32063,47217,4.0
32064,47218,8.0
32064,47219,5.0
32065,47220,12.0
32065,47221,5.0
32066,47222,1.0
32066,47223,9.0
32067,47224,1.0
32068,47225,23.0
32068,47226,1.0
32069,47227,1.0
32069,47228,22.0
32069,47229,2.0
32069,47230,6.0
32070,47231,23.0
32070,47232,1.0
32070,47233,22.0
32070,47234,3.0
32071,47235,13.0
32071,47236,23.0
32071,47237,3.0
32072,47238,13.0
32072,47239,23.0
32072,47240,3.0
32073,47241,13.0
32073,47242,16.0
32073,47243,23.0
32073,47244,3.0
32074,47245,1.0
32075,47246,1.0
32075,47247,4.0
32075,47248,12.0
32075,47249,24.0
32076,47250,13.0
32076,47251,8.0
32076,47252,1.0
32076,47253,2.0
32076,47254,6.0
32077,47255,13.0
32077,47256,8.0
32077,47257,1.0
32077,47258,2.0
32077,47259,6.0
32078,47260,24.0
32078,47261,5.0
32079,47262,13.0
32079,47263,1.0
32079,47264,2.0
32079,47265,6.0
32080,47266,13.0
32080,47267,16.0
32080,47268,23.0
32080,47269,1.0
32080,47270,2.0
32080,47271,4.0
32080,47272,6.0
32080,47273,25.0
32081,47274,13.0
32081,47275,1.0
32081,47276,2.0
32082,47277,25.0
32082,47278,15.0
32083,47279,13.0
32083,47280,1.0
32083,47281,2.0
32083,47282,6.0
32084,47283,5.0
32085,47284,16.0
32085,47285,1.0
32085,47286,3.0
32086,47287,1.0
32086,47288,3.0
32087,47289,1.0
32087,47290,3.0
32088,47291,13.0
32089,47292,1.0
32089,47293,4.0
32090,47294,1.0
32090,47295,22.0
32090,47296,2.0
32090,47297,14.0
32091,47298,13.0
32091,47299,1.0
32091,47300,9.0
32091,47301,12.0
32092,47302,1.0
32092,47303,3.0
32092,47304,4.0
32093,47305,16.0
32093,47306,3.0
32093,47307,4.0
32094,47308,13.0
32094,47309,16.0
32094,47310,2.0
32094,47311,6.0
32095,47312,1.0
32095,47313,4.0
32095,47314,25.0
32096,47315,1.0
32096,47316,4.0
32097,47317,2.0
32097,47318,12.0
32098,47319,1.0
32099,47320,1.0
32099,47321,9.0
32099,47322,18.0
32099,47323,15.0
32100,47324,16.0
32100,47325,1.0
32100,47326,7.0
32100,47327,25.0
32100,47328,15.0
32101,47329,3.0
32101,47330,5.0
32102,47331,5.0
32103,47332,24.0
32103,47333,5.0
32104,47334,13.0
32104,47335,1.0
32104,47336,2.0
32105,47337,8.0
32105,47338,1.0
32105,47339,9.0
32105,47340,25.0
32106,47341,16.0
32106,47342,7.0
32106,47343,3.0
32106,47344,25.0
32106,47345,15.0
32107,47346,13.0
32107,47347,16.0
32107,47348,2.0
32108,47349,16.0
32108,47350,8.0
32108,47351,24.0
32108,47352,5.0
32109,47353,1.0
32110,47354,5.0
32111,47355,13.0
32111,47356,16.0
32111,47357,7.0
32111,47358,3.0
32111,47359,25.0
32111,47360,15.0
32111,47361,21.0
32112,47362,8.0
32112,47363,24.0
32112,47364,5.0
32113,47365,1.0
32114,47366,1.0
32115,47367,5.0
32116,47368,2.0
32116,47369,14.0
32117,47370,1.0
32118,47371,9.0
32118,47372,5.0
32118,47373,28.0
32119,47374,1.0
32120,47375,8.0
32120,47376,1.0
32120,47377,4.0
32120,47378,12.0
32121,47379,1.0
32121,47380,3.0
32122,47381,1.0
32122,47382,6.0
32123,47383,22.0
32123,47384,7.0
32123,47385,3.0
32123,47386,25.0
32123,47387,15.0
32124,47388,13.0
32124,47389,7.0
32124,47390,3.0
32125,47391,13.0
32125,47392,16.0
32125,47393,7.0
32126,47394,1.0
32127,47395,5.0
32128,47396,1.0
32128,47397,7.0
32128,47398,3.0
32128,47399,4.0
32129,47400,2.0
32130,47401,5.0
32131,47402,13.0
32131,47403,16.0
32131,47404,23.0
32131,47405,2.0
32131,47406,7.0
32132,47407,1.0
32132,47408,3.0
32132,47409,4.0
32133,47410,1.0
32134,47411,8.0
32134,47412,2.0
32134,47413,6.0
32135,47414,23.0
32135,47415,1.0
32135,47416,2.0
32136,47417,2.0
32136,47418,7.0
32136,47419,14.0
32137,47420,1.0
32137,47421,22.0
32137,47422,6.0
32138,47423,1.0
32138,47424,2.0
32138,47425,14.0
32138,47426,6.0
32139,47427,5.0
32140,47428,13.0
32140,47429,1.0
32141,47430,1.0
32141,47431,4.0
32142,47432,16.0
32142,47433,1.0
32142,47434,7.0
32142,47435,15.0
32143,47436,1.0
32143,47437,3.0
32143,47438,24.0
32144,47439,1.0
32145,47440,3.0
32145,47441,15.0
32146,47442,8.0
32146,47443,1.0
32146,47444,2.0
32147,47445,1.0
32148,47446,1.0
32148,47447,3.0
32148,47448,4.0
32149,47449,5.0
32150,47450,5.0
32151,47451,1.0
32152,47452,1.0
32152,47453,22.0
32152,47454,2.0
32152,47455,4.0
32153,47456,1.0
32153,47457,9.0
32153,47458,2.0
32154,47459,13.0
32154,47460,1.0
32154,47461,22.0
32154,47462,3.0
32154,47463,4.0
32154,47464,6.0
32155,47465,1.0
32155,47466,22.0
32155,47467,6.0
32156,47468,1.0
32156,47469,21.0
32157,47470,1.0
32158,47471,23.0
32158,47472,22.0
32158,47473,2.0
32159,47474,3.0
32160,47475,1.0
32160,47476,3.0
32161,47477,3.0
32162,47478,3.0
32163,47479,22.0
32163,47480,2.0
32163,47481,14.0
32163,47482,6.0
32164,47483,1.0
32164,47484,3.0
32164,47485,6.0
32164,47486,24.0
32165,47487,8.0
32165,47488,1.0
32165,47489,24.0
32165,47490,5.0
32166,47491,1.0
32166,47492,3.0
32166,47493,25.0
32167,47494,1.0
32168,47495,1.0
32169,47496,13.0
32169,47497,16.0
32169,47498,23.0
32169,47499,3.0
32169,47500,25.0
32169,47501,15.0
32170,47502,5.0
32171,47503,1.0
32172,47504,1.0
32172,47505,4.0
32173,47506,1.0
32173,47507,3.0
32173,47508,25.0
32173,47509,15.0
32174,47510,16.0
32174,47511,7.0
32174,47512,3.0
32174,47513,25.0
32174,47514,15.0
32174,47515,21.0
32175,47516,1.0
32176,47517,16.0
32176,47518,3.0
32177,47519,1.0
32178,47520,24.0
32178,47521,5.0
32179,47522,1.0
32180,47523,5.0
32181,47524,5.0
32182,47525,1.0
32182,47526,5.0
32183,47527,1.0
32184,47528,1.0
32184,47529,14.0
32185,47530,13.0
32185,47531,3.0
32185,47532,15.0
32186,47533,5.0
32187,47534,13.0
32187,47535,1.0
32187,47536,9.0
32187,47537,12.0
32188,47538,1.0
32188,47539,3.0
32189,47540,3.0
32189,47541,4.0
32190,47542,1.0
32190,47543,22.0
32191,47544,1.0
32191,47545,22.0
32192,47546,1.0
32193,47547,5.0
32194,47548,1.0
32194,47549,22.0
32194,47550,2.0
32195,47551,1.0
32195,47552,22.0
32195,47553,3.0
32195,47554,6.0
32195,47555,15.0
32196,47556,7.0
32196,47557,3.0
32196,47558,15.0
32197,47559,1.0
32198,47560,1.0
32199,47561,16.0
32199,47562,1.0
32199,47563,3.0
32200,47564,1.0
32201,47565,23.0
32201,47566,1.0
32201,47567,7.0
32201,47568,4.0
32202,47569,1.0
32202,47570,2.0
32203,47571,3.0
32204,47572,1.0
32204,47573,22.0
32204,47574,2.0
32204,47575,7.0
32204,47576,12.0
32205,47577,1.0
32206,47578,5.0
32207,47579,13.0
32207,47580,1.0
32207,47581,2.0
32207,47582,6.0
32208,47583,8.0
32208,47584,5.0
32209,47585,1.0
32209,47586,3.0
32209,47587,6.0
32210,47588,1.0
32210,47589,22.0
32210,47590,3.0
32211,47591,1.0
32211,47592,9.0
32211,47593,2.0
32211,47594,4.0
32212,47595,1.0
32213,47596,1.0
32213,47597,4.0
32214,47598,13.0
32214,47599,23.0
32214,47600,2.0
32214,47601,7.0
32214,47602,4.0
32215,47603,18.0
32215,47604,5.0
32216,47605,8.0
32216,47606,1.0
32216,47607,9.0
32216,47608,5.0
32217,47609,1.0
32218,47610,1.0
32219,47611,1.0
32219,47612,7.0
32220,47613,13.0
32220,47614,1.0
32220,47615,2.0
32220,47616,14.0
32220,47617,6.0
32221,47618,13.0
32221,47619,7.0
32222,47620,9.0
32222,47621,12.0
32222,47622,5.0
32223,47623,13.0
32223,47624,1.0
32223,47625,22.0
32223,47626,2.0
32223,47627,7.0
32223,47628,14.0
32223,47629,6.0
32224,47630,14.0
32225,47631,8.0
32226,47632,1.0
32227,47633,1.0
32228,47634,2.0
32228,47635,6.0
32229,47636,13.0
32229,47637,3.0
32229,47638,5.0
32230,47639,1.0
32230,47640,9.0
32231,47641,1.0
32231,47642,22.0
32231,47643,2.0
32232,47644,13.0
32232,47645,2.0
32233,47646,2.0
32233,47647,14.0
32233,47648,6.0
32234,47649,5.0
32235,47650,8.0
32235,47651,1.0
32235,47652,22.0
32235,47653,6.0
32236,47654,13.0
32236,47655,16.0
32236,47656,2.0
32236,47657,20.0
32237,47658,1.0
32238,47659,1.0
32238,47660,2.0
32238,47661,6.0
32239,47662,13.0
32239,47663,16.0
32239,47664,2.0
32240,47665,13.0
32240,47666,1.0
32240,47667,2.0
32240,47668,6.0
32241,47669,22.0
32241,47670,3.0
32241,47671,6.0
32242,47672,5.0
32243,47673,1.0
32244,47674,1.0
32245,47675,1.0
32245,47676,3.0
32245,47677,4.0
32246,47678,13.0
32246,47679,22.0
32246,47680,2.0
32247,47681,1.0
32247,47682,14.0
32248,47683,1.0
32249,47684,1.0
32250,47685,1.0
32250,47686,4.0
32251,47687,1.0
32252,47688,1.0
32252,47689,5.0
32253,47690,1.0
32253,47691,3.0
32254,47692,5.0
32255,47693,1.0
32255,47694,2.0
32256,47695,8.0
32256,47696,1.0
32256,47697,24.0
32257,47698,3.0
32258,47699,1.0
32258,47700,7.0
32258,47701,4.0
32259,47702,25.0
32259,47703,5.0
32260,47704,1.0
32261,47705,1.0
32261,47706,22.0
32262,47707,24.0
32262,47708,5.0
32263,47709,5.0
32264,47710,8.0
32264,47711,5.0
32265,47712,13.0
32265,47713,2.0
32265,47714,3.0
32265,47715,6.0
32266,47716,1.0
32266,47717,2.0
32266,47718,4.0
32267,47719,3.0
32268,47720,5.0
32269,47721,5.0
32270,47722,1.0
32270,47723,9.0
32271,47724,
32272,47725,3.0
32272,47726,4.0
32272,47727,21.0
32273,47728,1.0
32273,47729,3.0
32274,47730,1.0
32274,47731,22.0
32274,47732,2.0
32275,47733,20.0
32276,47734,2.0
32277,47735,13.0
32277,47736,1.0
32277,47737,22.0
32277,47738,2.0
32278,47739,3.0
32279,47740,1.0
32279,47741,4.0
32280,47742,1.0
32280,47743,3.0
32281,47744,8.0
32281,47745,1.0
32282,47746,1.0
32283,47747,5.0
32284,47748,16.0
32284,47749,1.0
32284,47750,3.0
32284,47751,4.0
32285,47752,1.0
32286,47753,13.0
32286,47754,16.0
32286,47755,23.0
32286,47756,3.0
32287,47757,1.0
32288,47758,1.0
32288,47759,9.0
32288,47760,22.0
32288,47761,2.0
32288,47762,3.0
32288,47763,6.0
32289,47764,20.0
32290,47765,13.0
32290,47766,2.0
32290,47767,3.0
32291,47768,14.0
32291,47769,3.0
32292,47770,3.0
32292,47771,4.0
32293,47772,1.0
32293,47773,3.0
32293,47774,4.0
32294,47775,5.0
32295,47776,22.0
32295,47777,14.0
32296,47778,3.0
32296,47779,6.0
32297,47780,5.0
32298,47781,1.0
32298,47782,3.0
32298,47783,4.0
32299,47784,1.0
32299,47785,3.0
32300,47786,3.0
32300,47787,4.0
32301,47788,1.0
32301,47789,22.0
32301,47790,2.0
32301,47791,6.0
32302,47792,8.0
32302,47793,1.0
32303,47794,1.0
32303,47795,4.0
32304,47796,13.0
32304,47797,1.0
32304,47798,7.0
32304,47799,14.0
32305,47800,16.0
32305,47801,1.0
32305,47802,7.0
32305,47803,3.0
32305,47804,25.0
32305,47805,15.0
32306,47806,16.0
32306,47807,3.0
32306,47808,25.0
32306,47809,15.0
32307,47810,8.0
32307,47811,1.0
32307,47812,9.0
32307,47813,2.0
32308,47814,6.0
32308,47815,5.0
32309,47816,24.0
32309,47817,5.0
32310,47818,1.0
32310,47819,2.0
32310,47820,14.0
32311,47821,1.0
32312,47822,16.0
32312,47823,3.0
32313,47824,16.0
32313,47825,3.0
32313,47826,6.0
32314,47827,5.0
32315,47828,1.0
32316,47829,5.0
32317,47830,13.0
32317,47831,16.0
32317,47832,2.0
32317,47833,14.0
32318,47834,4.0
32318,47835,24.0
32319,47836,5.0
32320,47837,1.0
32321,47838,5.0
32322,47839,1.0
32323,47840,1.0
32324,47841,1.0
32324,47842,3.0
32325,47843,1.0
32326,47844,1.0
32326,47845,4.0
32327,47846,1.0
32328,47847,1.0
32328,47848,15.0
32328,47849,5.0
32329,47850,1.0
32329,47851,12.0
32330,47852,1.0
32330,47853,4.0
32331,47854,1.0
32331,47855,22.0
32332,47856,13.0
32332,47857,16.0
32333,47858,13.0
32333,47859,8.0
32333,47860,1.0
32333,47861,9.0
32333,47862,12.0
32334,47863,1.0
32334,47864,6.0
32335,47865,1.0
32336,47866,13.0
32336,47867,1.0
32336,47868,9.0
32336,47869,6.0
32337,47870,13.0
32337,47871,16.0
32337,47872,23.0
32337,47873,7.0
32338,47874,16.0
32338,47875,23.0
32338,47876,7.0
32338,47877,3.0
32338,47878,25.0
32338,47879,15.0
32338,47880,21.0
32339,47881,3.0
32339,47882,4.0
32340,47883,23.0
32340,47884,1.0
32340,47885,2.0
32340,47886,7.0
32341,47887,1.0
32342,47888,1.0
32342,47889,3.0
32343,47890,5.0
32344,47891,13.0
32344,47892,1.0
32344,47893,6.0
32345,47894,1.0
32346,47895,1.0
32347,47896,1.0
32348,47897,16.0
32348,47898,7.0
32348,47899,3.0
32348,47900,15.0
32349,47901,1.0
32349,47902,22.0
32349,47903,2.0
32349,47904,7.0
32349,47905,12.0
32350,47906,1.0
32350,47907,12.0
32351,47908,1.0
32352,47909,1.0
32353,47910,1.0
32354,47911,1.0
32355,47912,1.0
32355,47913,2.0
32356,47914,22.0
32356,47915,2.0
32356,47916,14.0
32357,47917,22.0
32357,47918,14.0
32358,47919,1.0
32358,47920,2.0
32358,47921,3.0
32359,47922,1.0
32360,47923,1.0
32360,47924,4.0
32361,47925,1.0
32361,47926,24.0
32362,47927,2.0
32362,47928,6.0
32363,47929,1.0
32363,47930,4.0
32364,47931,3.0
32364,47932,4.0
32365,47933,8.0
32365,47934,1.0
32365,47935,2.0
32365,47936,6.0
32366,47937,1.0
32367,47938,1.0
32367,47939,22.0
32367,47940,2.0
32367,47941,4.0
32368,47942,1.0
32369,47943,21.0
32370,47944,1.0
32370,47945,22.0
32370,47946,2.0
32370,47947,6.0
32371,47948,9.0
32371,47949,24.0
32372,47950,16.0
32372,47951,23.0
32372,47952,1.0
32372,47953,7.0
32372,47954,25.0
32373,47955,1.0
32374,47956,15.0
32375,47957,1.0
32375,47958,3.0
32375,47959,4.0
32376,47960,1.0
32376,47961,24.0
32377,47962,1.0
32377,47963,3.0
32378,47964,8.0
32378,47965,1.0
32378,47966,24.0
32379,47967,1.0
32380,47968,5.0
32381,47969,1.0
32382,47970,16.0
32382,47971,3.0
32383,47972,3.0
32383,47973,4.0
32384,47974,1.0
32385,47975,22.0
32386,47976,1.0
32387,47977,5.0
32388,47978,5.0
32389,47979,13.0
32389,47980,1.0
32389,47981,2.0
32390,47982,16.0
32390,47983,7.0
32391,47984,8.0
32391,47985,1.0
32392,47986,3.0
32393,47987,1.0
32393,47988,9.0
32393,47989,12.0
32394,47990,1.0
32394,47991,3.0
32394,47992,4.0
32395,47993,1.0
32396,47994,6.0
32396,47995,5.0
32397,47996,2.0
32397,47997,14.0
32398,47998,16.0
32398,47999,7.0
32398,48000,4.0
32398,48001,15.0
32399,48002,16.0
32399,48003,7.0
32399,48004,3.0
32399,48005,25.0
32399,48006,15.0
32400,48007,16.0
32400,48008,7.0
32400,48009,15.0
32401,48010,1.0
32401,48011,22.0
32401,48012,14.0
32401,48013,25.0
32402,48014,23.0
32402,48015,14.0
32402,48016,3.0
32403,48017,7.0
32403,48018,14.0
32404,48019,2.0
32405,48020,1.0
32405,48021,2.0
32405,48022,6.0
32406,48023,1.0
32406,48024,9.0
32407,48025,3.0
32408,48026,5.0
32409,48027,1.0
32410,48028,22.0
32410,48029,2.0
32410,48030,14.0
32411,48031,1.0
32412,48032,1.0
32413,48033,16.0
32413,48034,1.0
32414,48035,1.0
32414,48036,18.0
32414,48037,3.0
32415,48038,1.0
32415,48039,7.0
32416,48040,13.0
32416,48041,2.0
32416,48042,14.0
32416,48043,3.0
32417,48044,1.0
32417,48045,6.0
32418,48046,1.0
32418,48047,3.0
32418,48048,4.0
32418,48049,24.0
32419,48050,13.0
32419,48051,1.0
32419,48052,6.0
32420,48053,13.0
32420,48054,23.0
32420,48055,2.0
32420,48056,14.0
32421,48057,22.0
32421,48058,3.0
32422,48059,13.0
32422,48060,16.0
32422,48061,23.0
32422,48062,2.0
32423,48063,1.0
32423,48064,18.0
32423,48065,3.0
32423,48066,4.0
32424,48067,3.0
32424,48068,4.0
32425,48069,5.0
32426,48070,16.0
32426,48071,7.0
32426,48072,3.0
32426,48073,25.0
32426,48074,15.0
32426,48075,21.0
32427,48076,5.0
32428,48077,1.0
32429,48078,13.0
32429,48079,2.0
32429,48080,6.0
32430,48081,13.0
32430,48082,2.0
32430,48083,6.0
32431,48084,13.0
32431,48085,18.0
32431,48086,2.0
32431,48087,6.0
32432,48088,13.0
32432,48089,16.0
32432,48090,25.0
32432,48091,15.0
32433,48092,13.0
32433,48093,16.0
32433,48094,23.0
32433,48095,22.0
32433,48096,7.0
32433,48097,3.0
32433,48098,25.0
32433,48099,15.0
32434,48100,13.0
32434,48101,16.0
32434,48102,25.0
32434,48103,15.0
32435,48104,13.0
32435,48105,1.0
32435,48106,2.0
32435,48107,6.0
32436,48108,1.0
32436,48109,3.0
32436,48110,6.0
32437,48111,1.0
32437,48112,6.0
32438,48113,13.0
32438,48114,2.0
32438,48115,3.0
32438,48116,6.0
32439,48117,13.0
32439,48118,2.0
32439,48119,3.0
32439,48120,6.0
32440,48121,1.0
32441,48122,1.0
32442,48123,2.0
32442,48124,14.0
32443,48125,16.0
32443,48126,7.0
32443,48127,25.0
32443,48128,15.0
32444,48129,14.0
32444,48130,3.0
32445,48131,1.0
32445,48132,9.0
32445,48133,4.0
32446,48134,1.0
32446,48135,22.0
32446,48136,4.0
32447,48137,23.0
32447,48138,2.0
32447,48139,14.0
32448,48140,13.0
32448,48141,2.0
32448,48142,3.0
32449,48143,5.0
32450,48144,1.0
32451,48145,1.0
32452,48146,13.0
32452,48147,16.0
32452,48148,23.0
32452,48149,2.0
32453,48150,1.0
32453,48151,22.0
32453,48152,2.0
32453,48153,7.0
32454,48154,1.0
32454,48155,4.0
32455,48156,3.0
32455,48157,4.0
32456,48158,1.0
32456,48159,9.0
32456,48160,3.0
32457,48161,1.0
32457,48162,2.0
32457,48163,6.0
32458,48164,13.0
32459,48165,5.0
32460,48166,1.0
32460,48167,4.0
32461,48168,1.0
32462,48169,1.0
32463,48170,1.0
32464,48171,5.0
32465,48172,22.0
32465,48173,2.0
32466,48174,13.0
32466,48175,23.0
32466,48176,2.0
32466,48177,6.0
32467,48178,3.0
32468,48179,22.0
32468,48180,2.0
32468,48181,14.0
32469,48182,1.0
32470,48183,1.0
32471,48184,23.0
32472,48185,1.0
32472,48186,4.0
32473,48187,1.0
32473,48188,7.0
32473,48189,3.0
32473,48190,4.0
32474,48191,1.0
32474,48192,4.0
32475,48193,3.0
32476,48194,14.0
32477,48195,8.0
32477,48196,1.0
32477,48197,9.0
32477,48198,2.0
32477,48199,4.0
32477,48200,6.0
32478,48201,2.0
32478,48202,14.0
32479,48203,13.0
32479,48204,1.0
32479,48205,2.0
32479,48206,6.0
32480,48207,13.0
32480,48208,1.0
32480,48209,2.0
32480,48210,6.0
32481,48211,13.0
32481,48212,1.0
32481,48213,2.0
32481,48214,7.0
32481,48215,14.0
32481,48216,3.0
32481,48217,6.0
32482,48218,24.0
32482,48219,5.0
32482,48220,28.0
32483,48221,1.0
32484,48222,1.0
32485,48223,1.0
32486,48224,1.0
32486,48225,3.0
32486,48226,4.0
32487,48227,1.0
32488,48228,1.0
32488,48229,5.0
32489,48230,1.0
32489,48231,4.0
32489,48232,6.0
32490,48233,1.0
32491,48234,24.0
32491,48235,15.0
32491,48236,5.0
32492,48237,1.0
32492,48238,4.0
32493,48239,8.0
32493,48240,1.0
32493,48241,5.0
32494,48242,5.0
32495,48243,8.0
32495,48244,1.0
32495,48245,18.0
32496,48246,1.0
32496,48247,6.0
32497,48248,1.0
32497,48249,18.0
32498,48250,13.0
32498,48251,2.0
32498,48252,6.0
32499,48253,1.0
32499,48254,3.0
32500,48255,16.0
32500,48256,23.0
32500,48257,7.0
32500,48258,3.0
32500,48259,25.0
32500,48260,15.0
32501,48261,13.0
32501,48262,16.0
32501,48263,2.0
32501,48264,20.0
32502,48265,1.0
32503,48266,16.0
32503,48267,1.0
32503,48268,3.0
32504,48269,1.0
32504,48270,2.0
32504,48271,14.0
32505,48272,2.0
32505,48273,6.0
32506,48274,13.0
32506,48275,16.0
32506,48276,7.0
32506,48277,3.0
32506,48278,25.0
32506,48279,15.0
32506,48280,21.0
32507,48281,8.0
32507,48282,1.0
32507,48283,4.0
32508,48284,22.0
32508,48285,2.0
32508,48286,14.0
32508,48287,3.0
32509,48288,23.0
32509,48289,1.0
32510,48290,1.0
32510,48291,22.0
32510,48292,2.0
32510,48293,4.0
32511,48294,1.0
32511,48295,2.0
32512,48296,13.0
32513,48297,1.0
32514,48298,1.0
32514,48299,22.0
32514,48300,2.0
32514,48301,14.0
32515,48302,13.0
32515,48303,16.0
32515,48304,2.0
32515,48305,3.0
32515,48306,6.0
32516,48307,5.0
32517,48308,1.0
32517,48309,22.0
32517,48310,6.0
32518,48311,1.0
32518,48312,3.0
32519,48313,1.0
32519,48314,21.0
32520,48315,13.0
32520,48316,1.0
32520,48317,2.0
32520,48318,6.0
32521,48319,5.0
32522,48320,1.0
32523,48321,13.0
32523,48322,23.0
32523,48323,2.0
32523,48324,7.0
32524,48325,7.0
32524,48326,3.0
32525,48327,1.0
32525,48328,2.0
32526,48329,1.0
32526,48330,18.0
32527,48331,2.0
32528,48332,13.0
32528,48333,2.0
32528,48334,6.0
32529,48335,13.0
32529,48336,16.0
32529,48337,8.0
32529,48338,1.0
32529,48339,12.0
32530,48340,5.0
32531,48341,13.0
32531,48342,23.0
32531,48343,22.0
32531,48344,2.0
32531,48345,14.0
32532,48346,3.0
32532,48347,4.0
32533,48348,1.0
32533,48349,2.0
32534,48350,16.0
32534,48351,7.0
32534,48352,25.0
32534,48353,15.0
32535,48354,3.0
32536,48355,1.0
32537,48356,2.0
32538,48357,3.0
32538,48358,5.0
32539,48359,1.0
32539,48360,5.0
32540,48361,1.0
32540,48362,14.0
32540,48363,4.0
32541,48364,5.0
32542,48365,1.0
32542,48366,3.0
32543,48367,1.0
32543,48368,7.0
32543,48369,3.0
32543,48370,4.0
32543,48371,25.0
32543,48372,15.0
32544,48373,13.0
32544,48374,1.0
32544,48375,3.0
32545,48376,1.0
32546,48377,1.0
32546,48378,2.0
32546,48379,4.0
32546,48380,6.0
32547,48381,1.0
32548,48382,13.0
32548,48383,1.0
32548,48384,14.0
32549,48385,1.0
32549,48386,14.0
32550,48387,1.0
32550,48388,7.0
32550,48389,3.0
32550,48390,4.0
32551,48391,5.0
32552,48392,5.0
32553,48393,1.0
32554,48394,5.0
32555,48395,13.0
32555,48396,16.0
32555,48397,1.0
32556,48398,8.0
32556,48399,3.0
32556,48400,5.0
32557,48401,5.0
32558,48402,1.0
32558,48403,6.0
32559,48404,1.0
32559,48405,18.0
32560,48406,5.0
32561,48407,5.0
32562,48408,1.0
32562,48409,3.0
32563,48410,8.0
32563,48411,24.0
32563,48412,5.0
32564,48413,1.0
32565,48414,3.0
32565,48415,4.0
32566,48416,16.0
32566,48417,23.0
32566,48418,3.0
32566,48419,25.0
32566,48420,15.0
32567,48421,1.0
32567,48422,3.0
32568,48423,1.0
32569,48424,3.0
32570,48425,1.0
32571,48426,13.0
32571,48427,1.0
32571,48428,2.0
32571,48429,6.0
32571,48430,25.0
32572,48431,16.0
32572,48432,3.0
32572,48433,25.0
32572,48434,15.0
32573,48435,16.0
32573,48436,3.0
32573,48437,15.0
32574,48438,13.0
32574,48439,1.0
32574,48440,2.0
32574,48441,6.0
32575,48442,1.0
32575,48443,2.0
32575,48444,6.0
32576,48445,23.0
32576,48446,2.0
32576,48447,14.0
32577,48448,13.0
32577,48449,8.0
32577,48450,1.0
32577,48451,18.0
32578,48452,1.0
32578,48453,9.0
32578,48454,7.0
32579,48455,1.0
32579,48456,22.0
32579,48457,4.0
32580,48458,1.0
32580,48459,2.0
32581,48460,23.0
32581,48461,1.0
32581,48462,7.0
32582,48463,9.0
32582,48464,12.0
32582,48465,5.0
32583,48466,13.0
32583,48467,16.0
32583,48468,23.0
32583,48469,7.0
32584,48470,1.0
32584,48471,9.0
32585,48472,1.0
32586,48473,13.0
32586,48474,2.0
32586,48475,6.0
32587,48476,8.0
32587,48477,1.0
32587,48478,18.0
32588,48479,8.0
32588,48480,1.0
32589,48481,5.0
32590,48482,1.0
32590,48483,3.0
32590,48484,4.0
32591,48485,1.0
32591,48486,4.0
32592,48487,1.0
32592,48488,4.0
32592,48489,6.0
32593,48490,1.0
32594,48491,1.0
32594,48492,4.0
32595,48493,1.0
32595,48494,12.0
32596,48495,1.0
32597,48496,3.0
32598,48497,1.0
32598,48498,2.0
32599,48499,1.0
32600,48500,1.0
32600,48501,4.0
32601,48502,24.0
32601,48503,5.0
32602,48504,1.0
32603,48505,23.0
32603,48506,1.0
32603,48507,2.0
32603,48508,7.0
32603,48509,3.0
32604,48510,1.0
32604,48511,4.0
32604,48512,24.0
32605,48513,22.0
32605,48514,2.0
32605,48515,14.0
32605,48516,6.0
32606,48517,22.0
32606,48518,2.0
32606,48519,14.0
32606,48520,6.0
32607,48521,22.0
32607,48522,2.0
32607,48523,14.0
32608,48524,2.0
32608,48525,14.0
32608,48526,6.0
32609,48527,2.0
32609,48528,14.0
32609,48529,6.0
32610,48530,2.0
32610,48531,14.0
32610,48532,6.0
32611,48533,22.0
32611,48534,2.0
32611,48535,14.0
32612,48536,3.0
32612,48537,4.0
32613,48538,1.0
32613,48539,22.0
32614,48540,14.0
32615,48541,8.0
32615,48542,1.0
32616,48543,3.0
32617,48544,22.0
32617,48545,2.0
32617,48546,14.0
32617,48547,15.0
32618,48548,5.0
32619,48549,5.0
32620,48550,16.0
32620,48551,22.0
32620,48552,3.0
32620,48553,15.0
32621,48554,5.0
32622,48555,24.0
32622,48556,5.0
32623,48557,
32624,48558,1.0
32624,48559,9.0
32624,48560,18.0
32625,48561,22.0
32625,48562,14.0
32626,48563,1.0
32626,48564,22.0
32626,48565,2.0
32627,48566,5.0
32628,48567,16.0
32628,48568,1.0
32628,48569,7.0
32629,48570,5.0
32630,48571,8.0
32630,48572,1.0
32630,48573,2.0
32631,48574,1.0
32631,48575,3.0
32631,48576,4.0
32632,48577,3.0
32633,48578,13.0
32633,48579,16.0
32633,48580,7.0
32633,48581,3.0
32633,48582,15.0
32634,48583,5.0
32635,48584,3.0
32636,48585,13.0
32636,48586,16.0
32636,48587,23.0
32636,48588,1.0
32636,48589,2.0
32636,48590,6.0
32637,48591,1.0
32637,48592,4.0
32638,48593,1.0
32639,48594,13.0
32639,48595,23.0
32639,48596,1.0
32639,48597,22.0
32639,48598,2.0
32640,48599,1.0
32640,48600,2.0
32640,48601,4.0
32641,48602,1.0
32642,48603,1.0
32642,48604,2.0
32643,48605,23.0
32643,48606,1.0
32643,48607,22.0
32643,48608,2.0
32644,48609,8.0
32644,48610,1.0
32644,48611,9.0
32644,48612,4.0
32645,48613,8.0
32645,48614,1.0
32645,48615,6.0
32646,48616,1.0
32647,48617,3.0
32647,48618,4.0
32648,48619,1.0
32649,48620,5.0
32650,48621,1.0
32651,48622,5.0
32652,48623,13.0
32652,48624,14.0
32652,48625,12.0
32653,48626,1.0
32653,48627,3.0
32653,48628,4.0
32654,48629,3.0
32654,48630,4.0
32655,48631,13.0
32655,48632,16.0
32655,48633,23.0
32655,48634,7.0
32655,48635,3.0
32656,48636,2.0
32657,48637,16.0
32657,48638,3.0
32657,48639,25.0
32657,48640,15.0
32658,48641,13.0
32658,48642,16.0
32658,48643,23.0
32658,48644,7.0
32658,48645,3.0
32659,48646,5.0
32660,48647,16.0
32660,48648,22.0
32660,48649,7.0
32660,48650,3.0
32660,48651,4.0
32660,48652,25.0
32660,48653,15.0
32661,48654,13.0
32661,48655,16.0
32661,48656,22.0
32661,48657,2.0
32661,48658,6.0
32662,48659,3.0
32662,48660,4.0
32663,48661,13.0
32663,48662,16.0
32663,48663,23.0
32663,48664,1.0
32663,48665,14.0
32664,48666,3.0
32665,48667,8.0
32665,48668,1.0
32665,48669,9.0
32665,48670,2.0
32666,48671,1.0
32666,48672,6.0
32667,48673,1.0
32667,48674,3.0
32668,48675,1.0
32668,48676,22.0
32668,48677,2.0
32668,48678,6.0
32669,48679,13.0
32669,48680,1.0
32669,48681,6.0
32670,48682,13.0
32670,48683,16.0
32670,48684,3.0
32670,48685,6.0
32670,48686,15.0
32671,48687,1.0
32671,48688,7.0
32671,48689,14.0
32672,48690,1.0
32672,48691,22.0
32673,48692,1.0
32673,48693,3.0
32673,48694,4.0
32674,48695,1.0
32674,48696,2.0
32674,48697,6.0
32675,48698,1.0
32675,48699,22.0
32675,48700,2.0
32675,48701,7.0
32675,48702,14.0
32676,48703,1.0
32677,48704,1.0
32677,48705,14.0
32677,48706,3.0
32678,48707,1.0
32679,48708,1.0
32680,48709,1.0
32680,48710,2.0
32681,48711,1.0
32682,48712,1.0
32682,48713,3.0
32682,48714,24.0
32682,48715,25.0
32682,48716,15.0
32682,48717,21.0
32683,48718,16.0
32683,48719,1.0
32683,48720,7.0
32683,48721,3.0
32683,48722,24.0
32683,48723,25.0
32683,48724,15.0
32683,48725,21.0
32684,48726,22.0
32684,48727,2.0
32684,48728,14.0
32684,48729,6.0
32685,48730,14.0
32686,48731,1.0
32687,48732,5.0
32688,48733,18.0
32688,48734,5.0
32689,48735,7.0
32689,48736,3.0
32689,48737,4.0
32689,48738,25.0
32689,48739,21.0
32690,48740,1.0
32691,48741,3.0
32692,48742,8.0
32692,48743,1.0
32692,48744,6.0
32693,48745,5.0
32694,48746,3.0
32695,48747,3.0
32696,48748,2.0
32696,48749,14.0
32697,48750,13.0
32697,48751,2.0
32697,48752,6.0
32698,48753,13.0
32698,48754,2.0
32699,48755,7.0
32699,48756,14.0
32699,48757,3.0
32699,48758,6.0
32700,48759,3.0
32701,48760,1.0
32702,48761,1.0
32703,48762,1.0
32704,48763,1.0
32705,48764,1.0
32706,48765,1.0
32706,48766,2.0
32706,48767,3.0
32707,48768,22.0
32707,48769,2.0
32707,48770,6.0
32708,48771,16.0
32708,48772,7.0
32708,48773,3.0
32708,48774,25.0
32708,48775,15.0
32708,48776,21.0
32709,48777,9.0
32709,48778,2.0
32709,48779,6.0
32709,48780,5.0
32710,48781,13.0
32710,48782,16.0
32710,48783,23.0
32710,48784,2.0
32710,48785,7.0
32711,48786,2.0
32711,48787,6.0
32712,48788,13.0
32712,48789,3.0
32713,48790,13.0
32713,48791,1.0
32713,48792,2.0
32714,48793,1.0
32714,48794,22.0
32714,48795,6.0
32714,48796,24.0
32714,48797,5.0
32715,48798,9.0
32715,48799,5.0
32716,48800,1.0
32717,48801,1.0
32717,48802,3.0
32718,48803,3.0
32718,48804,4.0
32719,48805,1.0
32719,48806,4.0
32720,48807,1.0
32721,48808,1.0
32721,48809,3.0
32722,48810,1.0
32723,48811,1.0
32723,48812,3.0
32723,48813,15.0
32724,48814,1.0
32724,48815,9.0
32724,48816,2.0
32724,48817,14.0
32724,48818,12.0
32725,48819,1.0
32726,48820,8.0
32726,48821,1.0
32726,48822,9.0
32726,48823,6.0
32726,48824,12.0
32727,48825,1.0
32727,48826,4.0
32728,48827,23.0
32728,48828,7.0
32728,48829,3.0
32729,48830,16.0
32729,48831,23.0
32729,48832,7.0
32729,48833,3.0
32729,48834,24.0
32729,48835,25.0
32729,48836,15.0
32730,48837,24.0
32730,48838,5.0
32731,48839,9.0
32731,48840,24.0
32731,48841,5.0
32732,48842,13.0
32732,48843,1.0
32732,48844,22.0
32732,48845,2.0
32732,48846,14.0
32732,48847,6.0
32733,48848,5.0
32734,48849,1.0
32734,48850,3.0
32734,48851,24.0
32735,48852,18.0
32735,48853,5.0
32736,48854,5.0
32737,48855,1.0
32737,48856,24.0
32737,48857,21.0
32738,48858,3.0
32739,48859,1.0
32739,48860,3.0
32740,48861,5.0
32741,48862,5.0
32742,48863,13.0
32742,48864,1.0
32742,48865,22.0
32742,48866,2.0
32742,48867,3.0
32742,48868,6.0
32743,48869,13.0
32743,48870,16.0
32743,48871,23.0
32743,48872,3.0
32744,48873,13.0
32744,48874,16.0
32744,48875,23.0
32744,48876,3.0
32744,48877,25.0
32744,48878,15.0
32745,48879,13.0
32745,48880,16.0
32745,48881,23.0
32746,48882,13.0
32746,48883,16.0
32746,48884,23.0
32746,48885,3.0
32746,48886,25.0
32746,48887,15.0
32747,48888,1.0
32747,48889,22.0
32747,48890,2.0
32748,48891,3.0
32749,48892,14.0
32750,48893,22.0
32750,48894,2.0
32750,48895,14.0
32750,48896,6.0
32751,48897,16.0
32751,48898,20.0
32751,48899,25.0
32751,48900,15.0
32752,48901,16.0
32752,48902,7.0
32752,48903,25.0
32752,48904,15.0
32753,48905,2.0
32753,48906,14.0
32754,48907,23.0
32754,48908,7.0
32754,48909,3.0
32755,48910,1.0
32755,48911,22.0
32755,48912,2.0
32755,48913,3.0
32755,48914,6.0
32756,48915,23.0
32756,48916,14.0
32756,48917,4.0
32757,48918,1.0
32757,48919,3.0
32757,48920,4.0
32758,48921,1.0
32759,48922,1.0
32760,48923,13.0
32760,48924,16.0
32760,48925,23.0
32760,48926,3.0
32760,48927,15.0
32761,48928,13.0
32761,48929,3.0
32761,48930,15.0
32762,48931,5.0
32763,48932,5.0
32764,48933,8.0
32764,48934,1.0
32764,48935,3.0
32765,48936,1.0
32766,48937,1.0
32766,48938,3.0
32767,48939,13.0
32767,48940,16.0
32767,48941,23.0
32767,48942,7.0
32768,48943,13.0
32768,48944,23.0
32768,48945,7.0
32769,48946,13.0
32769,48947,16.0
32769,48948,23.0
32769,48949,7.0
32770,48950,13.0
32770,48951,16.0
32770,48952,23.0
32770,48953,7.0
32771,48954,13.0
32771,48955,16.0
32771,48956,23.0
32771,48957,7.0
32772,48958,8.0
32772,48959,1.0
32772,48960,24.0
32773,48961,1.0
32773,48962,3.0
32773,48963,4.0
32774,48964,5.0
32775,48965,3.0
32776,48966,1.0
32776,48967,3.0
32776,48968,4.0
32777,48969,5.0
32778,48970,1.0
32779,48971,5.0
32780,48972,3.0
32781,48973,1.0
32782,48974,1.0
32783,48975,1.0
32783,48976,3.0
32784,48977,5.0
32785,48978,1.0
32785,48979,4.0
32785,48980,24.0
32786,48981,15.0
32786,48982,5.0
32787,48983,2.0
32788,48984,8.0
32788,48985,1.0
32789,48986,1.0
32789,48987,3.0
32790,48988,1.0
32790,48989,3.0
32791,48990,5.0
32792,48991,16.0
32792,48992,6.0
32792,48993,5.0
32792,48994,28.0
32793,48995,1.0
32793,48996,9.0
32793,48997,4.0
32794,48998,23.0
32794,48999,1.0
32794,49000,2.0
32795,49001,5.0
32796,49002,5.0
32797,49003,1.0
32797,49004,3.0
32798,49005,5.0
32799,49006,1.0
32799,49007,2.0
32800,49008,5.0
32801,49009,1.0
32802,49010,1.0
32802,49011,2.0
32802,49012,6.0
32803,49013,1.0
32803,49014,3.0
32804,49015,5.0
32805,49016,5.0
32806,49017,13.0
32806,49018,2.0
32806,49019,3.0
32806,49020,6.0
32807,49021,1.0
32807,49022,3.0
32808,49023,1.0
32808,49024,2.0
32808,49025,4.0
32809,49026,1.0
32810,49027,1.0
32811,49028,
32812,49029,13.0
32812,49030,2.0
32812,49031,7.0
32813,49032,1.0
32813,49033,15.0
32814,49034,1.0
32814,49035,15.0
32815,49036,1.0
32815,49037,3.0
32816,49038,1.0
32816,49039,22.0
32816,49040,2.0
32816,49041,14.0
32817,49042,1.0
32818,49043,5.0
32819,49044,1.0
32819,49045,4.0
32820,49046,1.0
32820,49047,18.0
32820,49048,3.0
32820,49049,4.0
32821,49050,16.0
32821,49051,23.0
32821,49052,3.0
32821,49053,25.0
32822,49054,1.0
32822,49055,3.0
32822,49056,24.0
32823,49057,1.0
32824,49058,1.0
32824,49059,22.0
32824,49060,2.0
32824,49061,14.0
32825,49062,1.0
32826,49063,16.0
32826,49064,23.0
32826,49065,2.0
32827,49066,1.0
32827,49067,9.0
32827,49068,4.0
32827,49069,12.0
32828,49070,13.0
32828,49071,23.0
32828,49072,3.0
32828,49073,4.0
32829,49074,1.0
32829,49075,4.0
32830,49076,3.0
32831,49077,18.0
32831,49078,3.0
32831,49079,25.0
32831,49080,15.0
32832,49081,14.0
32833,49082,3.0
32834,49083,13.0
32834,49084,2.0
32834,49085,6.0
32835,49086,1.0
32836,49087,13.0
32836,49088,1.0
32836,49089,2.0
32837,49090,5.0
32838,49091,13.0
32838,49092,1.0
32838,49093,22.0
32838,49094,2.0
32838,49095,4.0
32838,49096,6.0
32839,49097,1.0
32839,49098,3.0
32840,49099,1.0
32841,49100,1.0
32842,49101,1.0
32842,49102,4.0
32842,49103,24.0
32843,49104,1.0
32843,49105,7.0
32843,49106,3.0
32844,49107,1.0
32844,49108,2.0
32844,49109,6.0
32845,49110,1.0
32846,49111,1.0
32846,49112,3.0
32847,49113,1.0
32847,49114,4.0
32848,49115,13.0
32848,49116,1.0
32848,49117,12.0
32849,49118,3.0
32850,49119,13.0
32850,49120,1.0
32851,49121,1.0
32851,49122,6.0
32852,49123,3.0
32852,49124,6.0
32853,49125,24.0
32853,49126,5.0
32854,49127,1.0
32854,49128,4.0
32855,49129,13.0
32855,49130,2.0
32855,49131,6.0
32856,49132,9.0
32856,49133,7.0
32856,49134,14.0
32856,49135,4.0
32857,49136,16.0
32857,49137,7.0
32857,49138,25.0
32858,49139,9.0
32858,49140,3.0
32859,49141,1.0
32859,49142,3.0
32860,49143,6.0
32860,49144,5.0
32861,49145,7.0
32861,49146,25.0
32862,49147,1.0
32863,49148,8.0
32863,49149,1.0
32863,49150,9.0
32863,49151,12.0
32863,49152,24.0
32864,49153,23.0
32864,49154,1.0
32864,49155,7.0
32864,49156,25.0
32865,49157,1.0
32866,49158,1.0
32866,49159,9.0
32866,49160,12.0
32867,49161,13.0
32867,49162,2.0
32867,49163,14.0
32868,49164,1.0
32868,49165,2.0
32869,49166,3.0
32870,49167,1.0
32870,49168,2.0
32870,49169,6.0
32871,49170,13.0
32871,49171,2.0
32871,49172,3.0
32871,49173,6.0
32872,49174,5.0
32873,49175,7.0
32873,49176,3.0
32873,49177,25.0
32873,49178,15.0
32873,49179,21.0
32874,49180,13.0
32874,49181,3.0
32874,49182,4.0
32875,49183,8.0
32875,49184,1.0
32875,49185,2.0
32875,49186,6.0
32876,49187,1.0
32876,49188,24.0
32877,49189,13.0
32877,49190,16.0
32877,49191,23.0
32877,49192,7.0
32877,49193,3.0
32877,49194,25.0
32878,49195,13.0
32878,49196,16.0
32878,49197,23.0
32878,49198,7.0
32878,49199,3.0
32879,49200,13.0
32879,49201,16.0
32879,49202,6.0
32879,49203,25.0
32880,49204,1.0
32880,49205,22.0
32880,49206,2.0
32880,49207,6.0
32881,49208,5.0
32882,49209,13.0
32882,49210,23.0
32882,49211,1.0
32882,49212,2.0
32883,49213,1.0
32883,49214,3.0
32883,49215,4.0
32884,49216,13.0
32884,49217,16.0
32884,49218,23.0
32885,49219,1.0
32886,49220,5.0
32887,49221,8.0
32887,49222,9.0
32887,49223,5.0
32888,49224,1.0
32889,49225,1.0
32889,49226,2.0
32890,49227,14.0
32891,49228,13.0
32891,49229,6.0
32892,49230,16.0
32892,49231,3.0
32893,49232,1.0
32893,49233,2.0
32894,49234,1.0
32894,49235,9.0
32894,49236,2.0
32894,49237,12.0
32895,49238,8.0
32895,49239,1.0
32895,49240,9.0
32895,49241,2.0
32896,49242,1.0
32896,49243,9.0
32897,49244,22.0
32897,49245,2.0
32897,49246,14.0
32898,49247,16.0
32898,49248,7.0
32898,49249,15.0
32899,49250,1.0
32899,49251,3.0
32899,49252,4.0
32900,49253,1.0
32901,49254,5.0
32902,49255,1.0
32902,49256,9.0
32902,49257,12.0
32902,49258,20.0
32903,49259,1.0
32903,49260,3.0
32904,49261,5.0
32905,49262,1.0
32905,49263,22.0
32905,49264,2.0
32905,49265,14.0
32906,49266,1.0
32906,49267,2.0
32906,49268,14.0
32907,49269,13.0
32907,49270,16.0
32907,49271,3.0
32907,49272,25.0
32907,49273,15.0
32908,49274,25.0
32909,49275,3.0
32910,49276,1.0
32911,49277,1.0
32912,49278,1.0
32912,49279,9.0
32912,49280,12.0
32913,49281,1.0
32913,49282,18.0
32913,49283,3.0
32913,49284,4.0
32914,49285,13.0
32914,49286,1.0
32914,49287,18.0
32914,49288,22.0
32914,49289,2.0
32914,49290,3.0
32914,49291,6.0
32915,49292,3.0
32915,49293,6.0
32916,49294,1.0
32917,49295,13.0
32917,49296,1.0
32918,49297,13.0
32918,49298,2.0
32919,49299,13.0
32919,49300,2.0
32919,49301,6.0
32920,49302,1.0
32921,49303,1.0
32922,49304,1.0
32922,49305,2.0
32922,49306,6.0
32923,49307,1.0
32923,49308,9.0
32923,49309,12.0
32924,49310,5.0
32925,49311,8.0
32925,49312,1.0
32926,49313,2.0
32926,49314,14.0
32927,49315,5.0
32928,49316,13.0
32928,49317,8.0
32928,49318,1.0
32928,49319,9.0
32928,49320,6.0
32929,49321,5.0
32930,49322,1.0
32930,49323,22.0
32930,49324,3.0
32930,49325,4.0
32930,49326,20.0
32930,49327,21.0
32931,49328,1.0
32931,49329,3.0
32931,49330,24.0
32932,49331,1.0
32933,49332,1.0
32933,49333,22.0
32933,49334,3.0
32933,49335,4.0
32933,49336,6.0
32934,49337,5.0
32935,49338,3.0
32936,49339,8.0
32936,49340,5.0
32937,49341,13.0
32937,49342,1.0
32937,49343,2.0
32937,49344,4.0
32937,49345,6.0
32937,49346,24.0
32938,49347,24.0
32938,49348,5.0
32939,49349,1.0
32940,49350,24.0
32940,49351,5.0
32941,49352,1.0
32942,49353,13.0
32942,49354,1.0
32942,49355,2.0
32943,49356,1.0
32943,49357,4.0
32944,49358,1.0
32944,49359,22.0
32944,49360,4.0
32944,49361,6.0
32945,49362,5.0
32946,49363,16.0
32946,49364,7.0
32946,49365,15.0
32947,49366,5.0
32948,49367,1.0
32949,49368,13.0
32949,49369,1.0
32949,49370,12.0
32950,49371,1.0
32950,49372,2.0
32950,49373,4.0
32950,49374,6.0
32951,49375,3.0
32952,49376,8.0
32952,49377,1.0
32952,49378,9.0
32953,49379,5.0
32954,49380,2.0
32954,49381,7.0
32954,49382,14.0
32955,49383,16.0
32955,49384,2.0
32955,49385,7.0
32955,49386,14.0
32955,49387,3.0
32955,49388,4.0
32956,49389,5.0
32957,49390,13.0
32957,49391,1.0
32957,49392,3.0
32957,49393,6.0
32957,49394,24.0
32958,49395,5.0
32959,49396,1.0
32959,49397,21.0
32960,49398,2.0
32960,49399,6.0
32961,49400,13.0
32961,49401,1.0
32961,49402,2.0
32961,49403,6.0
32962,49404,16.0
32962,49405,7.0
32962,49406,3.0
32962,49407,25.0
32962,49408,15.0
32963,49409,3.0
32964,49410,13.0
32964,49411,16.0
32964,49412,7.0
32964,49413,25.0
32965,49414,8.0
32965,49415,24.0
32965,49416,5.0
32966,49417,1.0
32966,49418,2.0
32966,49419,12.0
32967,49420,1.0
32968,49421,7.0
32968,49422,3.0
32969,49423,1.0
32969,49424,2.0
32969,49425,4.0
32970,49426,5.0
32971,49427,5.0
32972,49428,1.0
32972,49429,6.0
32973,49430,1.0
32973,49431,3.0
32974,49432,16.0
32974,49433,1.0
32974,49434,25.0
32974,49435,15.0
32975,49436,3.0
32976,49437,1.0
32976,49438,9.0
32976,49439,12.0
32977,49440,1.0
32977,49441,2.0
32978,49442,5.0
32979,49443,16.0
32979,49444,3.0
32979,49445,15.0
32980,49446,16.0
32980,49447,7.0
32980,49448,3.0
32980,49449,4.0
32980,49450,25.0
32980,49451,15.0
32981,49452,8.0
32981,49453,1.0
32981,49454,12.0
32982,49455,5.0
32983,49456,12.0
32983,49457,5.0
32984,49458,1.0
32985,49459,8.0
32985,49460,1.0
32985,49461,4.0
32986,49462,1.0
32986,49463,4.0
32987,49464,16.0
32987,49465,7.0
32987,49466,3.0
32987,49467,25.0
32987,49468,15.0
32988,49469,16.0
32988,49470,7.0
32988,49471,3.0
32988,49472,15.0
32989,49473,1.0
32990,49474,8.0
32990,49475,1.0
32990,49476,4.0
32990,49477,5.0
32991,49478,23.0
32991,49479,1.0
32991,49480,2.0
32992,49481,8.0
32992,49482,1.0
32992,49483,2.0
32992,49484,6.0
32993,49485,1.0
32994,49486,1.0
32994,49487,9.0
32995,49488,1.0
32995,49489,3.0
32996,49490,3.0
32997,49491,1.0
32997,49492,22.0
32997,49493,2.0
32997,49494,14.0
32998,49495,13.0
32998,49496,16.0
32998,49497,23.0
32998,49498,22.0
32998,49499,2.0
32998,49500,14.0
32999,49501,1.0
33000,49502,13.0
33000,49503,1.0
33000,49504,2.0
33000,49505,6.0
33001,49506,1.0
33001,49507,2.0
33001,49508,3.0
33001,49509,6.0
33002,49510,13.0
33002,49511,1.0
33002,49512,9.0
33002,49513,2.0
33003,49514,5.0
33004,49515,1.0
33004,49516,3.0
33004,49517,24.0
33005,49518,22.0
33006,49519,22.0
33006,49520,2.0
33006,49521,14.0
33007,49522,8.0
33008,49523,1.0
33008,49524,6.0
33008,49525,24.0
33009,49526,13.0
33009,49527,16.0
33009,49528,1.0
33009,49529,9.0
33009,49530,2.0
33009,49531,4.0
33009,49532,6.0
33010,49533,1.0
33010,49534,6.0
33010,49535,12.0
33011,49536,1.0
33011,49537,3.0
33012,49538,1.0
33012,49539,2.0
33013,49540,1.0
33013,49541,7.0
33013,49542,14.0
33014,49543,23.0
33014,49544,22.0
33014,49545,2.0
33015,49546,5.0
33016,49547,1.0
33016,49548,4.0
33017,49549,22.0
33017,49550,2.0
33017,49551,6.0
33018,49552,16.0
33018,49553,7.0
33018,49554,3.0
33018,49555,25.0
33018,49556,15.0
33019,49557,22.0
33019,49558,2.0
33019,49559,14.0
33020,49560,8.0
33020,49561,1.0
33020,49562,7.0
33021,49563,22.0
33021,49564,2.0
33021,49565,14.0
33022,49566,23.0
33022,49567,2.0
33023,49568,1.0
33023,49569,4.0
33024,49570,1.0
33025,49571,3.0
33025,49572,6.0
33026,49573,7.0
33026,49574,14.0
33026,49575,3.0
33027,49576,5.0
33028,49577,23.0
33028,49578,1.0
33028,49579,3.0
33028,49580,6.0
33029,49581,8.0
33029,49582,1.0
33029,49583,9.0
33030,49584,1.0
33031,49585,1.0
33031,49586,3.0
33032,49587,5.0
33033,49588,5.0
33034,49589,5.0
33035,49590,22.0
33035,49591,2.0
33035,49592,6.0
33036,49593,5.0
33037,49594,16.0
33037,49595,1.0
33037,49596,4.0
33037,49597,20.0
33037,49598,25.0
33037,49599,15.0
33038,49600,1.0
33038,49601,2.0
33038,49602,14.0
33038,49603,6.0
33039,49604,1.0
33039,49605,2.0
33040,49606,8.0
33040,49607,1.0
33040,49608,21.0
33041,49609,1.0
33041,49610,22.0
33041,49611,2.0
33042,49612,1.0
33043,49613,1.0
33043,49614,4.0
33044,49615,1.0
33045,49616,1.0
33045,49617,22.0
33046,49618,5.0
33047,49619,1.0
33047,49620,24.0
33048,49621,23.0
33048,49622,1.0
33048,49623,22.0
33048,49624,2.0
33048,49625,4.0
33049,49626,1.0
33049,49627,3.0
33050,49628,8.0
33050,49629,1.0
33051,49630,2.0
33051,49631,14.0
33052,49632,13.0
33052,49633,16.0
33052,49634,22.0
33052,49635,3.0
33053,49636,5.0
33054,49637,1.0
33054,49638,22.0
33054,49639,2.0
33054,49640,6.0
33055,49641,1.0
33055,49642,22.0
33055,49643,2.0
33056,49644,1.0
33056,49645,4.0
33056,49646,24.0
33057,49647,8.0
33057,49648,1.0
33057,49649,3.0
33058,49650,9.0
33058,49651,5.0
33059,49652,1.0
33060,49653,1.0
33060,49654,3.0
33061,49655,13.0
33061,49656,1.0
33061,49657,12.0
33062,49658,5.0
33063,49659,1.0
33063,49660,3.0
33063,49661,4.0
33064,49662,1.0
33064,49663,4.0
33065,49664,23.0
33065,49665,2.0
33065,49666,7.0
33065,49667,14.0
33066,49668,9.0
33066,49669,5.0
33067,49670,13.0
33067,49671,14.0
33068,49672,1.0
33069,49673,1.0
33069,49674,2.0
33069,49675,14.0
33069,49676,6.0
33070,49677,1.0
33070,49678,7.0
33071,49679,1.0
33071,49680,3.0
33072,49681,1.0
33072,49682,2.0
33072,49683,14.0
33073,49684,1.0
33073,49685,3.0
33074,49686,3.0
33074,49687,6.0
33075,49688,1.0
33075,49689,22.0
33075,49690,2.0
33076,49691,1.0
33076,49692,3.0
33077,49693,2.0
33077,49694,6.0
33078,49695,1.0
33079,49696,1.0
33079,49697,3.0
33080,49698,1.0
33081,49699,8.0
33081,49700,1.0
33081,49701,9.0
33081,49702,3.0
33082,49703,24.0
33082,49704,5.0
33083,49705,1.0
33083,49706,9.0
33083,49707,18.0
33084,49708,5.0
33085,49709,14.0
33085,49710,3.0
33086,49711,1.0
33086,49712,3.0
33087,49713,5.0
33088,49714,1.0
33088,49715,9.0
33089,49716,13.0
33089,49717,16.0
33090,49718,12.0
33090,49719,5.0
33091,49720,1.0
33092,49721,1.0
33092,49722,2.0
33092,49723,6.0
33093,49724,1.0
33094,49725,3.0
33095,49726,1.0
33096,49727,3.0
33097,49728,1.0
33098,49729,1.0
33098,49730,12.0
33099,49731,8.0
33099,49732,1.0
33099,49733,9.0
33099,49734,2.0
33100,49735,1.0
33100,49736,3.0
33101,49737,1.0
33101,49738,2.0
33101,49739,6.0
33102,49740,13.0
33102,49741,1.0
33102,49742,6.0
33103,49743,1.0
33103,49744,9.0
33103,49745,2.0
33104,49746,1.0
33104,49747,4.0
33105,49748,1.0
33105,49749,2.0
33106,49750,1.0
33106,49751,3.0
33107,49752,13.0
33107,49753,23.0
33107,49754,3.0
33108,49755,8.0
33108,49756,1.0
33108,49757,9.0
33108,49758,4.0
33109,49759,1.0
33110,49760,1.0
33110,49761,2.0
33110,49762,6.0
33111,49763,13.0
33111,49764,22.0
33111,49765,2.0
33111,49766,6.0
33112,49767,1.0
33112,49768,2.0
33113,49769,25.0
33114,49770,8.0
33114,49771,1.0
33114,49772,9.0
33115,49773,5.0
33116,49774,13.0
33116,49775,1.0
33116,49776,2.0
33116,49777,6.0
33117,49778,8.0
33117,49779,9.0
33117,49780,12.0
33117,49781,5.0
33118,49782,16.0
33118,49783,7.0
33118,49784,15.0
33119,49785,1.0
33120,49786,1.0
33120,49787,2.0
33120,49788,14.0
33120,49789,6.0
33121,49790,1.0
33122,49791,1.0
33123,49792,1.0
33123,49793,22.0
33123,49794,2.0
33123,49795,6.0
33124,49796,5.0
33125,49797,13.0
33125,49798,16.0
33125,49799,3.0
33125,49800,20.0
33126,49801,1.0
33126,49802,24.0
33127,49803,5.0
33128,49804,24.0
33128,49805,5.0
33129,49806,13.0
33129,49807,8.0
33129,49808,1.0
33130,49809,1.0
33130,49810,3.0
33131,49811,1.0
33132,49812,5.0
33133,49813,5.0
33134,49814,9.0
33134,49815,24.0
33134,49816,5.0
33135,49817,1.0
33135,49818,4.0
33136,49819,5.0
33137,49820,1.0
33137,49821,3.0
33137,49822,4.0
33138,49823,22.0
33139,49824,1.0
33139,49825,2.0
33139,49826,5.0
33140,49827,1.0
33141,49828,1.0
33141,49829,7.0
33141,49830,3.0
33141,49831,25.0
33141,49832,15.0
33141,49833,21.0
33142,49834,1.0
33143,49835,12.0
33143,49836,5.0
33144,49837,13.0
33144,49838,16.0
33144,49839,1.0
33145,49840,1.0
33146,49841,13.0
33146,49842,1.0
33147,49843,1.0
33147,49844,2.0
33147,49845,6.0
33148,49846,1.0
33148,49847,3.0
33148,49848,4.0
33149,49849,1.0
33150,49850,1.0
33150,49851,2.0
33150,49852,5.0
33150,49853,28.0
33151,49854,1.0
33151,49855,2.0
33151,49856,4.0
33152,49857,3.0
33153,49858,8.0
33153,49859,1.0
33153,49860,18.0
33153,49861,4.0
33154,49862,1.0
33155,49863,22.0
33155,49864,2.0
33155,49865,7.0
33155,49866,3.0
33155,49867,15.0
33156,49868,1.0
33156,49869,2.0
33156,49870,14.0
33157,49871,1.0
33157,49872,22.0
33157,49873,2.0
33158,49874,3.0
33158,49875,4.0
33159,49876,1.0
33159,49877,3.0
33160,49878,16.0
33160,49879,2.0
33161,49880,1.0
33162,49881,1.0
33162,49882,4.0
33163,49883,5.0
33164,49884,1.0
33164,49885,4.0
33164,49886,24.0
33165,49887,13.0
33165,49888,2.0
33165,49889,14.0
33165,49890,6.0
33166,49891,13.0
33166,49892,16.0
33166,49893,2.0
33166,49894,3.0
33166,49895,6.0
33167,49896,16.0
33167,49897,2.0
33167,49898,7.0
33168,49899,14.0
33169,49900,13.0
33169,49901,16.0
33169,49902,23.0
33169,49903,2.0
33169,49904,4.0
33170,49905,1.0
33170,49906,3.0
33171,49907,1.0
33171,49908,2.0
33171,49909,14.0
33171,49910,3.0
33171,49911,6.0
33172,49912,2.0
33173,49913,1.0
33173,49914,14.0
33174,49915,1.0
33174,49916,14.0
33175,49917,14.0
33176,49918,5.0
33177,49919,1.0
33177,49920,5.0
33178,49921,1.0
33179,49922,13.0
33179,49923,2.0
33179,49924,14.0
33180,49925,2.0
33181,49926,16.0
33181,49927,1.0
33182,49928,3.0
33182,49929,6.0
33183,49930,13.0
33183,49931,16.0
33183,49932,1.0
33183,49933,2.0
33184,49934,8.0
33184,49935,1.0
33184,49936,3.0
33184,49937,24.0
33185,49938,1.0
33186,49939,25.0
33187,49940,1.0
33188,49941,1.0
33188,49942,5.0
33189,49943,13.0
33189,49944,2.0
33189,49945,3.0
33190,49946,3.0
33191,49947,1.0
33192,49948,1.0
33192,49949,2.0
33193,49950,1.0
33193,49951,3.0
33194,49952,13.0
33194,49953,23.0
33194,49954,1.0
33194,49955,22.0
33194,49956,2.0
33194,49957,14.0
33195,49958,8.0
33195,49959,1.0
33195,49960,9.0
33195,49961,2.0
33195,49962,6.0
33196,49963,1.0
33196,49964,9.0
33196,49965,4.0
33197,49966,1.0
33197,49967,15.0
33198,49968,13.0
33198,49969,2.0
33198,49970,6.0
33199,49971,5.0
33200,49972,1.0
33201,49973,1.0
33202,49974,1.0
33202,49975,3.0
33203,49976,1.0
33204,49977,5.0
33205,49978,8.0
33205,49979,1.0
33205,49980,9.0
33205,49981,4.0
33205,49982,12.0
33206,49983,18.0
33206,49984,5.0
33207,49985,1.0
33207,49986,3.0
33208,49987,5.0
33209,49988,8.0
33209,49989,1.0
33209,49990,9.0
33209,49991,12.0
33210,49992,13.0
33210,49993,16.0
33210,49994,2.0
33210,49995,3.0
33210,49996,6.0
33211,49997,3.0
33211,49998,4.0
33212,49999,3.0
33212,50000,4.0
33213,50001,3.0
33214,50002,8.0
33214,50003,5.0
33215,50004,1.0
33215,50005,7.0
33215,50006,4.0
33216,50007,1.0
33216,50008,3.0
33217,50009,1.0
33218,50010,3.0
33219,50011,13.0
33219,50012,16.0
33219,50013,2.0
33219,50014,6.0
33220,50015,2.0
33220,50016,14.0
33221,50017,8.0
33221,50018,1.0
33222,50019,1.0
33222,50020,3.0
33222,50021,4.0
33222,50022,21.0
33223,50023,1.0
33223,50024,2.0
33223,50025,14.0
33223,50026,6.0
33224,50027,8.0
33224,50028,1.0
33224,50029,9.0
33224,50030,2.0
33225,50031,5.0
33226,50032,13.0
33226,50033,3.0
33227,50034,1.0
33227,50035,4.0
33228,50036,1.0
33229,50037,5.0
33230,50038,8.0
33230,50039,1.0
33231,50040,3.0
33232,50041,1.0
33232,50042,4.0
33233,50043,1.0
33234,50044,1.0
33234,50045,3.0
33235,50046,1.0
33235,50047,3.0
33235,50048,4.0
33236,50049,1.0
33236,50050,9.0
33236,50051,3.0
33236,50052,6.0
33237,50053,5.0
33238,50054,5.0
33239,50055,13.0
33239,50056,23.0
33239,50057,7.0
33240,50058,16.0
33240,50059,1.0
33240,50060,3.0
33241,50061,13.0
33241,50062,16.0
33241,50063,7.0
33241,50064,3.0
33241,50065,25.0
33241,50066,15.0
33241,50067,21.0
33242,50068,5.0
33243,50069,8.0
33243,50070,1.0
33243,50071,9.0
33244,50072,1.0
33244,50073,22.0
33244,50074,2.0
33244,50075,14.0
33244,50076,6.0
33245,50077,1.0
33246,50078,16.0
33246,50079,1.0
33246,50080,3.0
33246,50081,25.0
33246,50082,15.0
33246,50083,21.0
33247,50084,1.0
33247,50085,3.0
33247,50086,4.0
33248,50087,1.0
33248,50088,2.0
33249,50089,1.0
33250,50090,1.0
33250,50091,2.0
33250,50092,14.0
33251,50093,16.0
33251,50094,5.0
33252,50095,3.0
33253,50096,1.0
33253,50097,18.0
33253,50098,3.0
33254,50099,4.0
33255,50100,5.0
33256,50101,13.0
33256,50102,1.0
33256,50103,22.0
33256,50104,2.0
33256,50105,3.0
33256,50106,4.0
33256,50107,6.0
33257,50108,13.0
33257,50109,16.0
33257,50110,23.0
33257,50111,4.0
33258,50112,1.0
33258,50113,2.0
33258,50114,14.0
33258,50115,3.0
33258,50116,21.0
33259,50117,1.0
33260,50118,5.0
33261,50119,2.0
33262,50120,3.0
33262,50121,4.0
33262,50122,6.0
33263,50123,13.0
33263,50124,16.0
33263,50125,20.0
33264,50126,13.0
33264,50127,3.0
33264,50128,15.0
33265,50129,13.0
33265,50130,16.0
33265,50131,3.0
33266,50132,8.0
33266,50133,9.0
33266,50134,12.0
33266,50135,5.0
33267,50136,16.0
33267,50137,23.0
33267,50138,1.0
33267,50139,7.0
33267,50140,3.0
33268,50141,16.0
33268,50142,23.0
33268,50143,1.0
33268,50144,12.0
33269,50145,1.0
33269,50146,6.0
33270,50147,1.0
33270,50148,22.0
33270,50149,2.0
33271,50150,1.0
33271,50151,6.0
33272,50152,1.0
33272,50153,7.0
33273,50154,13.0
33273,50155,2.0
33274,50156,1.0
33274,50157,2.0
33274,50158,3.0
33274,50159,6.0
33275,50160,1.0
33276,50161,13.0
33276,50162,23.0
33277,50163,1.0
33277,50164,2.0
33278,50165,5.0
33279,50166,13.0
33279,50167,1.0
33279,50168,2.0
33280,50169,13.0
33280,50170,1.0
33280,50171,2.0
33280,50172,6.0
33281,50173,23.0
33281,50174,1.0
33281,50175,7.0
33281,50176,4.0
33282,50177,1.0
33282,50178,3.0
33283,50179,23.0
33283,50180,1.0
33283,50181,2.0
33283,50182,7.0
33284,50183,1.0
33285,50184,1.0
33285,50185,24.0
33286,50186,8.0
33286,50187,1.0
33286,50188,18.0
33287,50189,13.0
33287,50190,16.0
33287,50191,2.0
33288,50192,1.0
33288,50193,3.0
33289,50194,5.0
33290,50195,16.0
33290,50196,23.0
33290,50197,3.0
33290,50198,25.0
33290,50199,15.0
33291,50200,5.0
33292,50201,5.0
33293,50202,8.0
33293,50203,1.0
33293,50204,9.0
33294,50205,3.0
33294,50206,5.0
33295,50207,3.0
33296,50208,9.0
33296,50209,12.0
33296,50210,5.0
33297,50211,1.0
33298,50212,13.0
33298,50213,23.0
33298,50214,14.0
33299,50215,5.0
33300,50216,1.0
33300,50217,2.0
33300,50218,4.0
33300,50219,6.0
33301,50220,22.0
33301,50221,2.0
33301,50222,14.0
33302,50223,14.0
33303,50224,16.0
33303,50225,7.0
33303,50226,3.0
33303,50227,4.0
33303,50228,25.0
33303,50229,15.0
33304,50230,16.0
33304,50231,1.0
33304,50232,2.0
33304,50233,6.0
33305,50234,1.0
33305,50235,12.0
33306,50236,2.0
33307,50237,22.0
33307,50238,2.0
33307,50239,14.0
33308,50240,13.0
33308,50241,7.0
33308,50242,15.0
33309,50243,16.0
33309,50244,7.0
33309,50245,15.0
33310,50246,5.0
33311,50247,13.0
33311,50248,16.0
33311,50249,2.0
33311,50250,7.0
33312,50251,1.0
33312,50252,3.0
33312,50253,6.0
33313,50254,2.0
33313,50255,14.0
33314,50256,5.0
33315,50257,16.0
33315,50258,1.0
33315,50259,7.0
33315,50260,3.0
33315,50261,25.0
33315,50262,15.0
33316,50263,1.0
33317,50264,1.0
33317,50265,2.0
33318,50266,1.0
33318,50267,14.0
33319,50268,5.0
33320,50269,16.0
33320,50270,1.0
33320,50271,22.0
33321,50272,1.0
33321,50273,22.0
33321,50274,2.0
33321,50275,14.0
33322,50276,13.0
33322,50277,3.0
33322,50278,6.0
33323,50279,1.0
33323,50280,4.0
33324,50281,1.0
33324,50282,5.0
33325,50283,16.0
33325,50284,8.0
33325,50285,1.0
33326,50286,1.0
33326,50287,3.0
33327,50288,1.0
33327,50289,3.0
33328,50290,1.0
33329,50291,1.0
33329,50292,3.0
33330,50293,22.0
33330,50294,2.0
33330,50295,14.0
33331,50296,1.0
33332,50297,22.0
33332,50298,2.0
33332,50299,14.0
33333,50300,22.0
33333,50301,2.0
33333,50302,14.0
33334,50303,1.0
33334,50304,2.0
33334,50305,24.0
33335,50306,1.0
33335,50307,12.0
33336,50308,25.0
33337,50309,13.0
33337,50310,3.0
33338,50311,1.0
33338,50312,3.0
33339,50313,1.0
33339,50314,22.0
33340,50315,1.0
33340,50316,12.0
33341,50317,13.0
33341,50318,1.0
33341,50319,12.0
33342,50320,5.0
33343,50321,16.0
33343,50322,1.0
33343,50323,15.0
33344,50324,8.0
33344,50325,1.0
33344,50326,2.0
33345,50327,1.0
33345,50328,2.0
33345,50329,14.0
33346,50330,1.0
33346,50331,2.0
33346,50332,4.0
33346,50333,21.0
33347,50334,1.0
33347,50335,18.0
33347,50336,15.0
33348,50337,1.0
33348,50338,7.0
33348,50339,4.0
33348,50340,24.0
33349,50341,16.0
33349,50342,22.0
33349,50343,3.0
33349,50344,6.0
33350,50345,5.0
33351,50346,16.0
33351,50347,3.0
33351,50348,25.0
33351,50349,15.0
33352,50350,1.0
33353,50351,23.0
33353,50352,2.0
33353,50353,14.0
33354,50354,3.0
33355,50355,8.0
33355,50356,1.0
33355,50357,3.0
33356,50358,22.0
33356,50359,2.0
33356,50360,14.0
33357,50361,13.0
33357,50362,16.0
33357,50363,23.0
33357,50364,2.0
33357,50365,14.0
33358,50366,13.0
33358,50367,2.0
33358,50368,6.0
33359,50369,5.0
33360,50370,13.0
33360,50371,1.0
33360,50372,9.0
33360,50373,4.0
33361,50374,8.0
33361,50375,1.0
33362,50376,2.0
33362,50377,14.0
33363,50378,3.0
33363,50379,21.0
33364,50380,1.0
33364,50381,3.0
33365,50382,8.0
33365,50383,1.0
33365,50384,18.0
33366,50385,1.0
33366,50386,9.0
33367,50387,5.0
33368,50388,1.0
33368,50389,6.0
33368,50390,20.0
33369,50391,13.0
33369,50392,1.0
33369,50393,2.0
33369,50394,6.0
33370,50395,13.0
33371,50396,13.0
33371,50397,2.0
33371,50398,6.0
33372,50399,1.0
33373,50400,13.0
33373,50401,1.0
33373,50402,2.0
33374,50403,1.0
33374,50404,3.0
33375,50405,5.0
33376,50406,16.0
33376,50407,25.0
33377,50408,5.0
33378,50409,13.0
33378,50410,2.0
33378,50411,6.0
33379,50412,13.0
33379,50413,2.0
33379,50414,6.0
33380,50415,5.0
33381,50416,13.0
33381,50417,1.0
33381,50418,9.0
33381,50419,2.0
33381,50420,14.0
33381,50421,4.0
33382,50422,1.0
33382,50423,9.0
33382,50424,2.0
33383,50425,7.0
33383,50426,25.0
33384,50427,8.0
33384,50428,1.0
33384,50429,9.0
33384,50430,2.0
33384,50431,6.0
33385,50432,1.0
33386,50433,14.0
33386,50434,3.0
33387,50435,3.0
33387,50436,4.0
33388,50437,16.0
33388,50438,1.0
33388,50439,3.0
33388,50440,4.0
33388,50441,20.0
33388,50442,24.0
33389,50443,3.0
33389,50444,20.0
33390,50445,1.0
33390,50446,22.0
33390,50447,2.0
33390,50448,14.0
33391,50449,1.0
33392,50450,9.0
33392,50451,12.0
33392,50452,5.0
33393,50453,14.0
33394,50454,1.0
33394,50455,2.0
33394,50456,14.0
33394,50457,6.0
33395,50458,1.0
33396,50459,8.0
33396,50460,1.0
33396,50461,18.0
33396,50462,6.0
33397,50463,1.0
33397,50464,2.0
33398,50465,3.0
33399,50466,1.0
33400,50467,16.0
33400,50468,5.0
33401,50469,1.0
33402,50470,22.0
33402,50471,2.0
33402,50472,14.0
33402,50473,3.0
33403,50474,1.0
33403,50475,7.0
33403,50476,3.0
33403,50477,4.0
33404,50478,1.0
33405,50479,8.0
33405,50480,1.0
33406,50481,1.0
33407,50482,8.0
33407,50483,5.0
33408,50484,1.0
33409,50485,9.0
33409,50486,3.0
33409,50487,24.0
33409,50488,5.0
33410,50489,1.0
33410,50490,7.0
33410,50491,15.0
33411,50492,16.0
33411,50493,3.0
33411,50494,25.0
33411,50495,15.0
33412,50496,16.0
33412,50497,1.0
33412,50498,7.0
33412,50499,3.0
33413,50500,1.0
33414,50501,16.0
33414,50502,7.0
33414,50503,25.0
33414,50504,15.0
33415,50505,16.0
33415,50506,1.0
33415,50507,2.0
33415,50508,7.0
33416,50509,6.0
33416,50510,5.0
33417,50511,1.0
33417,50512,15.0
33417,50513,5.0
33418,50514,7.0
33418,50515,3.0
33418,50516,15.0
33419,50517,1.0
33419,50518,6.0
33420,50519,23.0
33420,50520,2.0
33420,50521,14.0
33421,50522,1.0
33421,50523,7.0
33421,50524,4.0
33422,50525,16.0
33422,50526,1.0
33422,50527,3.0
33422,50528,6.0
33422,50529,20.0
33423,50530,1.0
33423,50531,22.0
33423,50532,2.0
33423,50533,14.0
33424,50534,1.0
33425,50535,1.0
33426,50536,1.0
33426,50537,2.0
33426,50538,6.0
33427,50539,1.0
33427,50540,5.0
33428,50541,8.0
33428,50542,1.0
33428,50543,9.0
33428,50544,3.0
33429,50545,1.0
33430,50546,1.0
33431,50547,13.0
33431,50548,7.0
33432,50549,1.0
33433,50550,1.0
33433,50551,4.0
33434,50552,5.0
33435,50553,16.0
33435,50554,3.0
33435,50555,25.0
33435,50556,15.0
33436,50557,13.0
33436,50558,16.0
33436,50559,3.0
33437,50560,1.0
33437,50561,3.0
33438,50562,1.0
33438,50563,18.0
33438,50564,3.0
33439,50565,1.0
33439,50566,2.0
33439,50567,6.0
33440,50568,1.0
33440,50569,7.0
33440,50570,3.0
33441,50571,22.0
33441,50572,2.0
33442,50573,2.0
33442,50574,7.0
33442,50575,3.0
33443,50576,24.0
33443,50577,5.0
33444,50578,1.0
33445,50579,22.0
33445,50580,2.0
33445,50581,14.0
33446,50582,1.0
33446,50583,3.0
33446,50584,15.0
33447,50585,1.0
33447,50586,2.0
33448,50587,1.0
33449,50588,1.0
33449,50589,4.0
33450,50590,16.0
33450,50591,1.0
33450,50592,9.0
33450,50593,18.0
33450,50594,22.0
33450,50595,25.0
33451,50596,1.0
33451,50597,9.0
33452,50598,8.0
33452,50599,9.0
33452,50600,5.0
33452,50601,28.0
33453,50602,1.0
33453,50603,4.0
33454,50604,1.0
33455,50605,1.0
33456,50606,5.0
33457,50607,13.0
33457,50608,1.0
33457,50609,2.0
33458,50610,13.0
33458,50611,2.0
33458,50612,6.0
33459,50613,1.0
33459,50614,22.0
33459,50615,2.0
33460,50616,1.0
33460,50617,7.0
33460,50618,25.0
33461,50619,1.0
33462,50620,1.0
33463,50621,1.0
33464,50622,1.0
33464,50623,3.0
33465,50624,2.0
33465,50625,14.0
33466,50626,2.0
33466,50627,14.0
33467,50628,8.0
33467,50629,1.0
33467,50630,4.0
33468,50631,23.0
33468,50632,22.0
33468,50633,2.0
33468,50634,14.0
33469,50635,1.0
33469,50636,22.0
33469,50637,6.0
33470,50638,16.0
33470,50639,1.0
33470,50640,22.0
33470,50641,6.0
33470,50642,20.0
33471,50643,1.0
33471,50644,3.0
33471,50645,4.0
33471,50646,12.0
33472,50647,1.0
33472,50648,3.0
33473,50649,1.0
33473,50650,22.0
33473,50651,7.0
33473,50652,4.0
33474,50653,1.0
33474,50654,9.0
33474,50655,12.0
33475,50656,3.0
33476,50657,1.0
33476,50658,4.0
33477,50659,13.0
33477,50660,16.0
33477,50661,23.0
33477,50662,1.0
33477,50663,2.0
33477,50664,12.0
33478,50665,2.0
33478,50666,14.0
33479,50667,1.0
33479,50668,2.0
33479,50669,6.0
33480,50670,1.0
33480,50671,9.0
33480,50672,2.0
33480,50673,12.0
33481,50674,3.0
33482,50675,1.0
33482,50676,7.0
33483,50677,1.0
33483,50678,6.0
33484,50679,16.0
33484,50680,3.0
33484,50681,24.0
33484,50682,25.0
33485,50683,1.0
33486,50684,1.0
33486,50685,4.0
33486,50686,21.0
33487,50687,8.0
33487,50688,9.0
33487,50689,5.0
33487,50690,28.0
33488,50691,22.0
33488,50692,2.0
33488,50693,14.0
33489,50694,1.0
33490,50695,1.0
33490,50696,22.0
33490,50697,14.0
33491,50698,1.0
33491,50699,22.0
33491,50700,2.0
33491,50701,14.0
33492,50702,8.0
33492,50703,1.0
33492,50704,24.0
33493,50705,1.0
33493,50706,22.0
33493,50707,2.0
33493,50708,6.0
33494,50709,1.0
33494,50710,22.0
33494,50711,2.0
33495,50712,23.0
33495,50713,1.0
33495,50714,2.0
33495,50715,14.0
33496,50716,1.0
33496,50717,3.0
33497,50718,8.0
33497,50719,5.0
33498,50720,1.0
33498,50721,3.0
33499,50722,1.0
33499,50723,22.0
33499,50724,2.0
33499,50725,6.0
33500,50726,5.0
33501,50727,13.0
33501,50728,1.0
33501,50729,2.0
33501,50730,6.0
33502,50731,13.0
33502,50732,2.0
33502,50733,6.0
33503,50734,1.0
33504,50735,8.0
33504,50736,1.0
33504,50737,9.0
33505,50738,1.0
33505,50739,22.0
33505,50740,2.0
33506,50741,1.0
33506,50742,2.0
33507,50743,22.0
33507,50744,2.0
33507,50745,7.0
33507,50746,14.0
33508,50747,9.0
33508,50748,5.0
33509,50749,23.0
33509,50750,1.0
33510,50751,1.0
33510,50752,22.0
33510,50753,7.0
33511,50754,1.0
33511,50755,3.0
33511,50756,15.0
33512,50757,16.0
33512,50758,7.0
33512,50759,15.0
33513,50760,16.0
33513,50761,1.0
33513,50762,22.0
33513,50763,2.0
33513,50764,7.0
33513,50765,15.0
33514,50766,23.0
33514,50767,2.0
33515,50768,1.0
33515,50769,4.0
33516,50770,1.0
33517,50771,5.0
33518,50772,23.0
33518,50773,1.0
33518,50774,3.0
33518,50775,21.0
33519,50776,3.0
33519,50777,4.0
33520,50778,1.0
33520,50779,3.0
33520,50780,24.0
33521,50781,3.0
33522,50782,1.0
33522,50783,4.0
33523,50784,3.0
33523,50785,6.0
33524,50786,16.0
33524,50787,5.0
33525,50788,1.0
33525,50789,22.0
33525,50790,6.0
33526,50791,1.0
33527,50792,1.0
33527,50793,4.0
33528,50794,1.0
33529,50795,1.0
33529,50796,6.0
33530,50797,16.0
33530,50798,3.0
33530,50799,25.0
33530,50800,15.0
33531,50801,1.0
33532,50802,16.0
33532,50803,3.0
33532,50804,25.0
33532,50805,15.0
33533,50806,14.0
33533,50807,20.0
33534,50808,8.0
33534,50809,1.0
33534,50810,9.0
33534,50811,4.0
33534,50812,12.0
33534,50813,25.0
33535,50814,16.0
33535,50815,22.0
33535,50816,7.0
33535,50817,14.0
33535,50818,3.0
33535,50819,15.0
33536,50820,1.0
33537,50821,1.0
33537,50822,14.0
33537,50823,25.0
33538,50824,2.0
33538,50825,14.0
33538,50826,3.0
33539,50827,2.0
33539,50828,14.0
33540,50829,8.0
33540,50830,1.0
33540,50831,15.0
33540,50832,5.0
33541,50833,1.0
33541,50834,2.0
33541,50835,14.0
33542,50836,1.0
33542,50837,22.0
33542,50838,2.0
33542,50839,6.0
33543,50840,3.0
33544,50841,1.0
33545,50842,1.0
33546,50843,5.0
33547,50844,1.0
33547,50845,3.0
33548,50846,1.0
33549,50847,5.0
33550,50848,1.0
33551,50849,3.0
33551,50850,6.0
33552,50851,1.0
33553,50852,1.0
33553,50853,4.0
33554,50854,3.0
33554,50855,4.0
33555,50856,1.0
33556,50857,1.0
33556,50858,3.0
33557,50859,
33558,50860,1.0
33558,50861,12.0
33559,50862,1.0
33559,50863,2.0
33559,50864,6.0
33560,50865,5.0
33561,50866,8.0
33561,50867,1.0
33561,50868,9.0
33562,50869,1.0
33563,50870,8.0
33563,50871,1.0
33563,50872,9.0
33563,50873,12.0
33564,50874,5.0
33565,50875,1.0
33566,50876,22.0
33566,50877,2.0
33566,50878,14.0
33567,50879,2.0
33568,50880,16.0
33568,50881,1.0
33568,50882,3.0
33569,50883,14.0
33569,50884,3.0
33570,50885,1.0
33571,50886,13.0
33571,50887,1.0
33572,50888,22.0
33572,50889,2.0
33572,50890,14.0
33573,50891,8.0
33573,50892,1.0
33574,50893,9.0
33574,50894,5.0
33574,50895,28.0
33575,50896,5.0
33576,50897,2.0
33576,50898,14.0
33576,50899,3.0
33577,50900,1.0
33577,50901,22.0
33577,50902,2.0
33577,50903,14.0
33578,50904,1.0
33579,50905,1.0
33579,50906,4.0
33580,50907,3.0
33580,50908,4.0
33581,50909,
33582,50910,5.0
33583,50911,5.0
33584,50912,24.0
33584,50913,5.0
33585,50914,5.0
33586,50915,1.0
33587,50916,1.0
33588,50917,1.0
33588,50918,2.0
33588,50919,4.0
33589,50920,5.0
33590,50921,23.0
33590,50922,1.0
33590,50923,3.0
33590,50924,4.0
33591,50925,2.0
33591,50926,3.0
33591,50927,4.0
33592,50928,13.0
33592,50929,2.0
33592,50930,6.0
33593,50931,5.0
33594,50932,5.0
33595,50933,5.0
33596,50934,1.0
33596,50935,4.0
33597,50936,9.0
33597,50937,15.0
33597,50938,5.0
33598,50939,13.0
33598,50940,3.0
33599,50941,1.0
33599,50942,3.0
33600,50943,8.0
33600,50944,1.0
33600,50945,21.0
33601,50946,5.0
33602,50947,22.0
33602,50948,7.0
33602,50949,14.0
33603,50950,1.0
33604,50951,3.0
33605,50952,5.0
33606,50953,1.0
33607,50954,1.0
33608,50955,13.0
33608,50956,16.0
33608,50957,23.0
33608,50958,1.0
33608,50959,2.0
33609,50960,16.0
33609,50961,1.0
33609,50962,7.0
33609,50963,3.0
33609,50964,15.0
33610,50965,5.0
33611,50966,8.0
33611,50967,9.0
33611,50968,24.0
33611,50969,5.0
33612,50970,8.0
33612,50971,24.0
33612,50972,25.0
33612,50973,5.0
33613,50974,16.0
33613,50975,23.0
33613,50976,25.0
33614,50977,13.0
33614,50978,1.0
33614,50979,25.0
33614,50980,15.0
33615,50981,13.0
33615,50982,16.0
33615,50983,1.0
33615,50984,7.0
33615,50985,3.0
33615,50986,25.0
33615,50987,15.0
33616,50988,4.0
33617,50989,1.0
33617,50990,4.0
33618,50991,1.0
33618,50992,3.0
33618,50993,4.0
33619,50994,5.0
33620,50995,1.0
33620,50996,7.0
33620,50997,21.0
33621,50998,1.0
33621,50999,3.0
33622,51000,1.0
33623,51001,1.0
33623,51002,3.0
33624,51003,1.0
33625,51004,3.0
33626,51005,16.0
33626,51006,8.0
33626,51007,1.0
33626,51008,9.0
33626,51009,15.0
33627,51010,2.0
33627,51011,3.0
33628,51012,9.0
33628,51013,5.0
33628,51014,28.0
33629,51015,8.0
33629,51016,1.0
33629,51017,12.0
33630,51018,1.0
33630,51019,2.0
33631,51020,13.0
33631,51021,16.0
33631,51022,1.0
33631,51023,2.0
33631,51024,6.0
33631,51025,12.0
33632,51026,24.0
33632,51027,5.0
33633,51028,16.0
33633,51029,3.0
33633,51030,25.0
33633,51031,15.0
33634,51032,5.0
33635,51033,13.0
33635,51034,16.0
33635,51035,1.0
33635,51036,22.0
33635,51037,2.0
33635,51038,7.0
33636,51039,1.0
33637,51040,1.0
33637,51041,3.0
33637,51042,24.0
33638,51043,1.0
33639,51044,13.0
33639,51045,16.0
33639,51046,23.0
33639,51047,2.0
33640,51048,5.0
33641,51049,5.0
33642,51050,9.0
33642,51051,6.0
33642,51052,25.0
33642,51053,5.0
33643,51054,16.0
33643,51055,7.0
33643,51056,3.0
33643,51057,25.0
33643,51058,15.0
33644,51059,2.0
33644,51060,7.0
33644,51061,25.0
33644,51062,15.0
33645,51063,16.0
33645,51064,8.0
33645,51065,1.0
33646,51066,13.0
33646,51067,2.0
33646,51068,14.0
33647,51069,13.0
33647,51070,2.0
33647,51071,14.0
33648,51072,1.0
33648,51073,2.0
33648,51074,6.0
33649,51075,3.0
33649,51076,4.0
33650,51077,13.0
33650,51078,16.0
33650,51079,23.0
33651,51080,16.0
33651,51081,1.0
33652,51082,1.0
33652,51083,2.0
33652,51084,6.0
33653,51085,1.0
33653,51086,2.0
33653,51087,6.0
33654,51088,8.0
33654,51089,1.0
33655,51090,1.0
33655,51091,9.0
33655,51092,4.0
33656,51093,13.0
33656,51094,16.0
33656,51095,1.0
33656,51096,22.0
33656,51097,2.0
33656,51098,6.0
33657,51099,13.0
33657,51100,16.0
33657,51101,1.0
33657,51102,2.0
33657,51103,14.0
33658,51104,13.0
33658,51105,16.0
33658,51106,7.0
33658,51107,3.0
33658,51108,25.0
33658,51109,15.0
33658,51110,21.0
33659,51111,1.0
33659,51112,4.0
33660,51113,1.0
33660,51114,3.0
33660,51115,15.0
33661,51116,5.0
33662,51117,8.0
33662,51118,24.0
33662,51119,5.0
33663,51120,1.0
33663,51121,20.0
33664,51122,13.0
33664,51123,1.0
33664,51124,9.0
33665,51125,1.0
33666,51126,5.0
33667,51127,1.0
33668,51128,14.0
33668,51129,3.0
33669,51130,1.0
33669,51131,4.0
33670,51132,3.0
33670,51133,4.0
33670,51134,24.0
33671,51135,3.0
33672,51136,1.0
33672,51137,4.0
33673,51138,1.0
33674,51139,1.0
33674,51140,4.0
33674,51141,12.0
33675,51142,1.0
33675,51143,2.0
33675,51144,7.0
33675,51145,4.0
33676,51146,1.0
33677,51147,1.0
33678,51148,1.0
33679,51149,1.0
33679,51150,18.0
33679,51151,2.0
33680,51152,5.0
33681,51153,5.0
33682,51154,1.0
33682,51155,4.0
33683,51156,1.0
33683,51157,3.0
33683,51158,4.0
33684,51159,3.0
33685,51160,1.0
33685,51161,2.0
33685,51162,6.0
33686,51163,1.0
33686,51164,6.0
33687,51165,3.0
33688,51166,1.0
33688,51167,2.0
33688,51168,3.0
33689,51169,13.0
33689,51170,1.0
33689,51171,2.0
33690,51172,1.0
33690,51173,3.0
33691,51174,1.0
33691,51175,2.0
33692,51176,24.0
33692,51177,5.0
33693,51178,16.0
33693,51179,7.0
33693,51180,3.0
33693,51181,25.0
33693,51182,15.0
33693,51183,21.0
33694,51184,18.0
33694,51185,5.0
33694,51186,30.0
33695,51187,5.0
33696,51188,8.0
33696,51189,1.0
33697,51190,1.0
33697,51191,3.0
33697,51192,5.0
33698,51193,1.0
33698,51194,3.0
33699,51195,7.0
33699,51196,3.0
33700,51197,1.0
33701,51198,22.0
33701,51199,3.0
33701,51200,4.0
33702,51201,1.0
33703,51202,5.0
33704,51203,1.0
33704,51204,4.0
33705,51205,1.0
33705,51206,2.0
33705,51207,6.0
33706,51208,1.0
33707,51209,4.0
33708,51210,1.0
33709,51211,5.0
33710,51212,1.0
33710,51213,22.0
33710,51214,2.0
33710,51215,3.0
33710,51216,6.0
33711,51217,1.0
33711,51218,3.0
33712,51219,1.0
33713,51220,13.0
33713,51221,23.0
33713,51222,1.0
33713,51223,22.0
33713,51224,2.0
33713,51225,14.0
33714,51226,13.0
33714,51227,23.0
33714,51228,2.0
33714,51229,7.0
33715,51230,13.0
33715,51231,7.0
33715,51232,14.0
33716,51233,13.0
33716,51234,16.0
33716,51235,2.0
33716,51236,7.0
33717,51237,1.0
33717,51238,2.0
33717,51239,4.0
33718,51240,14.0
33719,51241,2.0
33720,51242,1.0
33720,51243,7.0
33720,51244,3.0
33721,51245,1.0
33722,51246,13.0
33722,51247,1.0
33722,51248,2.0
33722,51249,4.0
33722,51250,6.0
33722,51251,24.0
33723,51252,1.0
33723,51253,3.0
33723,51254,24.0
33724,51255,1.0
33724,51256,3.0
33725,51257,8.0
33725,51258,1.0
33726,51259,1.0
33726,51260,3.0
33727,51261,1.0
33727,51262,9.0
33727,51263,4.0
33727,51264,5.0
33728,51265,1.0
33728,51266,3.0
33728,51267,24.0
33729,51268,1.0
33730,51269,1.0
33730,51270,4.0
33731,51271,1.0
33732,51272,13.0
33732,51273,9.0
33732,51274,5.0
33732,51275,28.0
33733,51276,1.0
33733,51277,22.0
33733,51278,2.0
33733,51279,14.0
33734,51280,1.0
33734,51281,3.0
33734,51282,4.0
33734,51283,6.0
33735,51284,16.0
33735,51285,3.0
33736,51286,16.0
33736,51287,3.0
33736,51288,15.0
33737,51289,3.0
33737,51290,4.0
33737,51291,21.0
33738,51292,13.0
33738,51293,16.0
33738,51294,23.0
33738,51295,22.0
33738,51296,2.0
33738,51297,7.0
33738,51298,4.0
33738,51299,25.0
33739,51300,3.0
33739,51301,4.0
33740,51302,3.0
33740,51303,4.0
33741,51304,13.0
33741,51305,16.0
33741,51306,2.0
33741,51307,3.0
33742,51308,13.0
33742,51309,2.0
33742,51310,6.0
33743,51311,8.0
33743,51312,5.0
33744,51313,22.0
33744,51314,2.0
33744,51315,14.0
33745,51316,2.0
33745,51317,14.0
33746,51318,1.0
33746,51319,3.0
33746,51320,4.0
33747,51321,1.0
33748,51322,13.0
33748,51323,14.0
33749,51324,2.0
33749,51325,14.0
33750,51326,13.0
33750,51327,2.0
33750,51328,14.0
33751,51329,2.0
33751,51330,14.0
33752,51331,14.0
33753,51332,13.0
33753,51333,23.0
33753,51334,9.0
33753,51335,25.0
33753,51336,5.0
33754,51337,1.0
33754,51338,2.0
33754,51339,14.0
33754,51340,3.0
33754,51341,6.0
33755,51342,1.0
33755,51343,2.0
33755,51344,6.0
33756,51345,1.0
33757,51346,1.0
33757,51347,14.0
33758,51348,8.0
33759,51349,1.0
33760,51350,1.0
33761,51351,1.0
33762,51352,1.0
33762,51353,3.0
33762,51354,21.0
33763,51355,5.0
33764,51356,1.0
33764,51357,24.0
33764,51358,21.0
33765,51359,5.0
33765,51360,30.0
33766,51361,5.0
33767,51362,8.0
33767,51363,5.0
33768,51364,1.0
33769,51365,5.0
33770,51366,5.0
33771,51367,16.0
33771,51368,1.0
33772,51369,1.0
33773,51370,5.0
33774,51371,1.0
33774,51372,5.0
33775,51373,3.0
33775,51374,24.0
33776,51375,16.0
33776,51376,1.0
33776,51377,22.0
33776,51378,2.0
33777,51379,1.0
33778,51380,1.0
33779,51381,13.0
33779,51382,2.0
33779,51383,6.0
33780,51384,16.0
33780,51385,15.0
33781,51386,1.0
33782,51387,1.0
33782,51388,12.0
33783,51389,13.0
33783,51390,1.0
33783,51391,9.0
33783,51392,12.0
33784,51393,13.0
33784,51394,1.0
33784,51395,9.0
33785,51396,5.0
33786,51397,1.0
33786,51398,2.0
33786,51399,6.0
33787,51400,1.0
33788,51401,1.0
33789,51402,1.0
33790,51403,5.0
33791,51404,3.0
33791,51405,24.0
33791,51406,5.0
33792,51407,3.0
33793,51408,1.0
33793,51409,4.0
33794,51410,5.0
33795,51411,1.0
33795,51412,24.0
33796,51413,1.0
33797,51414,1.0
33797,51415,7.0
33797,51416,14.0
33798,51417,1.0
33798,51418,2.0
33798,51419,14.0
33799,51420,5.0
33800,51421,3.0
33801,51422,13.0
33801,51423,1.0
33801,51424,7.0
33801,51425,3.0
33801,51426,15.0
33802,51427,1.0
33802,51428,4.0
33803,51429,1.0
33803,51430,3.0
33804,51431,1.0
33804,51432,22.0
33804,51433,2.0
33805,51434,9.0
33805,51435,24.0
33805,51436,5.0
33806,51437,22.0
33806,51438,14.0
33807,51439,3.0
33807,51440,5.0
33808,51441,2.0
33808,51442,14.0
33808,51443,3.0
33808,51444,24.0
33809,51445,1.0
33810,51446,13.0
33810,51447,9.0
33810,51448,12.0
33811,51449,1.0
33811,51450,7.0
33811,51451,4.0
33811,51452,25.0
33811,51453,15.0
33812,51454,1.0
33813,51455,5.0
33814,51456,1.0
33815,51457,1.0
33816,51458,5.0
33817,51459,8.0
33817,51460,1.0
33817,51461,7.0
33817,51462,3.0
33817,51463,25.0
33818,51464,1.0
33819,51465,1.0
33820,51466,23.0
33820,51467,1.0
33820,51468,22.0
33820,51469,2.0
33820,51470,14.0
33820,51471,6.0
33821,51472,1.0
33822,51473,1.0
33823,51474,1.0
33824,51475,1.0
33824,51476,3.0
33825,51477,5.0
33826,51478,1.0
33827,51479,1.0
33827,51480,3.0
33827,51481,4.0
33828,51482,7.0
33828,51483,3.0
33828,51484,4.0
33829,51485,1.0
33829,51486,3.0
33829,51487,5.0
33830,51488,1.0
33831,51489,1.0
33832,51490,1.0
33832,51491,4.0
33833,51492,1.0
33833,51493,3.0
33833,51494,4.0
33834,51495,2.0
33834,51496,14.0
33835,51497,1.0
33836,51498,5.0
33837,51499,2.0
33837,51500,14.0
33838,51501,1.0
33838,51502,22.0
33838,51503,14.0
33839,51504,3.0
33839,51505,4.0
33840,51506,1.0
33841,51507,1.0
33842,51508,1.0
33842,51509,22.0
33842,51510,25.0
33842,51511,15.0
33843,51512,5.0
33844,51513,1.0
33844,51514,3.0
33844,51515,4.0
33845,51516,1.0
33846,51517,24.0
33846,51518,5.0
33847,51519,1.0
33847,51520,3.0
33848,51521,1.0
33848,51522,22.0
33848,51523,3.0
33849,51524,5.0
33850,51525,1.0
33850,51526,3.0
33851,51527,1.0
33852,51528,1.0
33853,51529,9.0
33853,51530,5.0
33854,51531,23.0
33854,51532,1.0
33854,51533,22.0
33854,51534,2.0
33854,51535,14.0
33855,51536,1.0
33856,51537,16.0
33856,51538,1.0
33857,51539,1.0
33858,51540,22.0
33858,51541,24.0
33858,51542,5.0
33859,51543,1.0
33859,51544,4.0
33860,51545,1.0
33860,51546,3.0
33861,51547,1.0
33861,51548,2.0
33861,51549,3.0
33862,51550,13.0
33862,51551,1.0
33862,51552,3.0
33863,51553,1.0
33863,51554,3.0
33864,51555,1.0
33864,51556,2.0
33864,51557,4.0
33864,51558,6.0
33865,51559,1.0
33866,51560,1.0
33866,51561,4.0
33867,51562,9.0
33867,51563,3.0
33868,51564,1.0
33868,51565,2.0
33868,51566,3.0
33869,51567,3.0
33869,51568,5.0
33870,51569,1.0
33871,51570,1.0
33871,51571,2.0
33871,51572,7.0
33871,51573,14.0
33872,51574,1.0
33872,51575,2.0
33872,51576,14.0
33873,51577,1.0
33874,51578,13.0
33874,51579,2.0
33874,51580,14.0
33874,51581,3.0
33875,51582,1.0
33875,51583,3.0
33876,51584,3.0
33877,51585,13.0
33877,51586,1.0
33877,51587,22.0
33877,51588,2.0
33877,51589,6.0
33878,51590,3.0
33879,51591,8.0
33879,51592,1.0
33879,51593,9.0
33880,51594,1.0
33881,51595,1.0
33882,51596,1.0
33882,51597,2.0
33883,51598,8.0
33883,51599,24.0
33883,51600,5.0
33884,51601,2.0
33884,51602,7.0
33884,51603,14.0
33885,51604,14.0
33885,51605,3.0
33886,51606,5.0
33887,51607,5.0
33888,51608,1.0
33888,51609,22.0
33888,51610,2.0
33889,51611,16.0
33890,51612,5.0
33891,51613,16.0
33891,51614,7.0
33891,51615,25.0
33891,51616,15.0
33892,51617,1.0
33892,51618,4.0
33893,51619,13.0
33893,51620,14.0
33894,51621,13.0
33894,51622,16.0
33894,51623,1.0
33894,51624,2.0
33894,51625,3.0
33895,51626,1.0
33895,51627,3.0
33895,51628,4.0
33896,51629,16.0
33896,51630,7.0
33896,51631,3.0
33896,51632,25.0
33896,51633,15.0
33897,51634,1.0
33898,51635,13.0
33898,51636,16.0
33898,51637,23.0
33898,51638,7.0
33898,51639,12.0
33899,51640,13.0
33899,51641,16.0
33899,51642,7.0
33900,51643,1.0
33901,51644,5.0
33902,51645,9.0
33902,51646,5.0
33903,51647,3.0
33903,51648,24.0
33904,51649,1.0
33905,51650,23.0
33905,51651,6.0
33906,51652,1.0
33906,51653,9.0
33907,51654,1.0
33907,51655,22.0
33907,51656,2.0
33907,51657,14.0
33908,51658,13.0
33908,51659,2.0
33909,51660,5.0
33910,51661,1.0
33910,51662,25.0
33911,51663,2.0
33911,51664,14.0
33912,51665,1.0
33912,51666,4.0
33913,51667,13.0
33913,51668,23.0
33913,51669,6.0
33913,51670,25.0
33914,51671,13.0
33914,51672,14.0
33915,51673,13.0
33915,51674,23.0
33915,51675,2.0
33916,51676,13.0
33916,51677,16.0
33916,51678,23.0
33916,51679,7.0
33917,51680,13.0
33917,51681,23.0
33917,51682,2.0
33918,51683,14.0
33919,51684,1.0
33919,51685,4.0
33920,51686,3.0
33921,51687,13.0
33921,51688,14.0
33921,51689,3.0
33922,51690,1.0
33923,51691,5.0
33924,51692,1.0
33924,51693,3.0
33924,51694,4.0
33925,51695,1.0
33925,51696,3.0
33925,51697,4.0
33926,51698,3.0
33926,51699,15.0
33927,51700,2.0
33927,51701,7.0
33927,51702,14.0
33927,51703,3.0
33928,51704,1.0
33929,51705,1.0
33929,51706,4.0
33930,51707,1.0
33931,51708,5.0
33932,51709,9.0
33932,51710,5.0
33932,51711,28.0
33933,51712,13.0
33933,51713,1.0
33933,51714,3.0
33934,51715,5.0
33935,51716,1.0
33935,51717,22.0
33935,51718,2.0
33935,51719,14.0
33936,51720,1.0
33937,51721,1.0
33938,51722,1.0
33939,51723,1.0
33940,51724,1.0
33940,51725,3.0
33941,51726,13.0
33941,51727,23.0
33941,51728,1.0
33941,51729,20.0
33942,51730,24.0
33942,51731,5.0
33943,51732,1.0
33943,51733,7.0
33943,51734,4.0
33943,51735,25.0
33944,51736,1.0
33944,51737,3.0
33945,51738,24.0
33945,51739,5.0
33946,51740,1.0
33946,51741,3.0
33946,51742,4.0
33947,51743,1.0
33948,51744,3.0
33948,51745,4.0
33948,51746,15.0
33949,51747,24.0
33949,51748,21.0
33949,51749,5.0
33950,51750,1.0
33950,51751,3.0
33951,51752,1.0
33951,51753,4.0
33952,51754,1.0
33952,51755,3.0
33953,51756,5.0
33954,51757,13.0
33954,51758,16.0
33954,51759,2.0
33954,51760,7.0
33954,51761,25.0
33954,51762,15.0
33955,51763,8.0
33955,51764,5.0
33956,51765,23.0
33956,51766,1.0
33956,51767,2.0
33957,51768,13.0
33957,51769,16.0
33957,51770,23.0
33957,51771,7.0
33958,51772,13.0
33958,51773,16.0
33958,51774,23.0
33958,51775,7.0
33958,51776,3.0
33958,51777,15.0
33959,51778,3.0
33960,51779,5.0
33961,51780,2.0
33961,51781,12.0
33962,51782,1.0
33962,51783,9.0
33963,51784,1.0
33963,51785,3.0
33963,51786,4.0
33964,51787,1.0
33964,51788,4.0
33965,51789,8.0
33965,51790,24.0
33965,51791,5.0
33966,51792,1.0
33967,51793,1.0
33967,51794,2.0
33968,51795,9.0
33968,51796,5.0
33968,51797,28.0
33969,51798,23.0
33969,51799,4.0
33970,51800,1.0
33970,51801,14.0
33970,51802,4.0
33971,51803,13.0
33971,51804,16.0
33971,51805,14.0
33971,51806,3.0
33972,51807,13.0
33972,51808,14.0
33972,51809,3.0
33973,51810,3.0
33974,51811,3.0
33975,51812,1.0
33975,51813,3.0
33975,51814,25.0
33976,51815,13.0
33976,51816,16.0
33976,51817,3.0
33976,51818,6.0
33976,51819,25.0
33976,51820,15.0
