director_id,movie_id
4743,2
167,3
74,5
380,10
924,11
2772,13
3343,16
5614,21
5527,25
2134,26
2982,28
5964,29
928,30
434,33
2271,36
2855,39
1859,43
1184,50
2630,57
2720,68
164,75
3125,109
811,110
61,134
4698,145
1324,152
4198,208
1352,210
4686,219
5004,222
1246,232
3130,249
5614,260
22,264
3633,276
5874,291
208,303
5888,312
2568,318
5098,339
5843,361
3271,372
2669,396
229,408
4194,414
5655,440
4409,441
907,443
1902,451
5154,455
1293,480
962,494
5986,499
823,541
1434,556
2390,572
2307,582
44,586
3710,592
509,593
440,598
3688,602
2,616
5683,625
2598,635
3393,672
5226,706
314,711
636,747
1130,748
5735,751
4586,777
4330,797
1037,799
2941,807
4688,821
6035,827
212,837
2641,899
1365,911
1020,913
720,920
5416,921
4387,922
406,925
3349,926
3044,927
4721,930
351,961
4679,975
417,996
2256,999
1679,1003
4516,1006
1232,1010
4545,1029
5347,1047
1530,1048
3636,1052
4686,1064
2142,1066
6074,1068
5581,1089
5790,1094
4621,1098
3801,1109
4010,1156
183,1169
3342,1179
4094,1180
2472,1188
3415,1201
929,1202
5192,1228
1128,1238
3245,1248
4604,1281
3332,1285
5344,1294
2499,1296
4677,1311
5901,1357
2703,1367
2936,1372
3943,1375
803,1392
4501,1408
2120,1417
4081,1419
5526,1431
3858,1436
308,1438
5031,1443
4976,1445
2147,1453
1343,1467
3498,1476
5682,1494
1953,1502
4444,1507
4295,1510
449,1514
2917,1524
3065,1530
2684,1538
5604,1539
943,1553
2884,1578
2149,1584
3061,1595
5279,1606
686,1608
5882,1610
4327,1614
2099,1624
3134,1629
2230,1634
5483,1652
1477,1654
5990,1664
3982,1667
4569,1668
5098,1669
2189,1697
2683,1700
32,1705
4547,1709
3815,1712
3892,1713
8,1719
4931,1736
589,1755
2801,1759
5487,1767
3766,1775
4551,1776
5961,1778
86,1780
682,1781
1541,1785
2011,1805
3686,1829
1494,1832
3854,1836
2027,1841
5678,1851
3742,1854
665,1855
3458,1862
4964,1867
3262,1870
1616,1876
4433,1880
76,1882
226,1886
969,1888
5803,1907
5901,1912
5706,1915
5900,1916
4171,1921
2119,1924
5480,1943
3119,1944
446,1948
2827,1961
5370,1963
3770,1970
933,1982
5155,1986
2240,1990
5189,1996
6051,2008
1536,2041
540,2052
3787,2054
6105,2069
2923,2080
1519,2081
5284,2083
3766,2096
4746,2098
4602,2102
2480,2114
5991,2134
425,2138
5136,2151
6074,2157
5288,2167
431,2191
4936,2202
5868,2204
5824,2211
3502,2218
3085,2224
2021,2233
4410,2244
13,2251
2852,2261
1629,2264
4684,2276
5299,2288
4955,2293
4144,2297
4667,2298
2183,2304
4396,2324
4587,2345
5414,2355
2845,2358
291,2359
467,2380
2033,2390
5844,2395
1175,2398
4590,2426
6000,2427
5133,2431
2198,2437
243,2464
2345,2476
4409,2479
5910,2524
4197,2526
107,2529
5345,2532
5545,2544
5450,2552
4431,2557
618,2558
5183,2566
83,2581
2656,2587
5226,2590
1116,2591
3502,2595
437,2602
2170,2609
4566,2615
4642,2621
5759,2623
2044,2636
1224,2660
3774,2674
5159,2677
3489,2678
2879,2686
4855,2689
4748,2703
1579,2704
4323,2709
2280,2710
1827,2712
1994,2713
4225,2714
3451,2715
2853,2732
1859,2736
3482,2759
5987,2764
4748,2770
3022,2775
381,2781
5206,2783
2823,2791
551,2793
4823,2795
3486,2808
3648,2816
1820,2827
1835,2829
5336,2838
5277,2843
5988,2848
3831,2850
4000,2860
5456,2861
171,2874
5984,2878
5616,2894
6094,2898
3673,2902
5748,2906
528,2919
1666,2941
3845,2956
2626,2976
3447,2981
5969,2986
4331,2996
1360,3010
3709,3014
4355,3020
4414,3024
4429,3025
4512,3027
4338,3031
3405,3037
4033,3046
2668,3049
6053,3050
61,3058
2087,3067
5593,3071
2170,3078
3075,3087
3294,3091
4561,3097
1536,3105
1320,3115
1943,3125
4489,3127
5719,3132
5719,3152
3506,3157
3281,3162
2167,3164
4048,3176
1842,3184
5305,3188
4993,3190
5028,3193
2279,3195
6029,3221
1685,3241
5571,3244
2916,3259
291,3266
6062,3268
3969,3283
1879,3287
2666,3288
4108,3301
4432,3302
5497,3316
1168,3330
4235,3339
268,3363
2613,3372
4897,3379
5734,3399
4182,3403
3225,3415
5150,3428
5704,3431
4172,3434
598,3435
1599,3437
6042,3443
4244,3480
218,3483
779,3484
4473,3499
5830,3506
3766,3509
117,3510
5150,3515
572,3519
2201,3520
4690,3552
4664,3560
60,3561
1103,3562
4757,3569
2099,3571
69,3576
4679,3588
2727,3589
5745,3591
5205,3593
4772,3595
3637,3600
4294,3610
825,3611
323,3617
2394,3618
861,3621
176,3630
4721,3632
4390,3640
2364,3649
2381,3654
4178,3664
292,3665
5533,3666
4340,3667
3153,3674
2391,3696
3914,3703
304,3715
4219,3719
5331,3720
3582,3733
4420,3744
2539,3756
5803,3764
2067,3766
2124,3773
4353,3778
4596,3791
5489,3792
2478,3813
5061,3816
3969,3819
1461,3827
4653,3842
2699,3846
436,3856
4467,3858
3251,3863
376,3872
1263,3874
2688,3875
1385,3890
3662,3900
530,3922
6087,3926
1147,3929
1445,3931
790,3938
5766,3946
1762,3964
2531,3970
1122,3983
5851,3991
5342,3999
3288,4008
5362,4014
3331,4015
4062,4026
255,4027
885,4028
3301,4032
5952,4038
2695,4050
1256,4052
3284,4073
3177,4074
2892,4080
434,4082
5331,4083
1520,4089
2725,4091
698,4092
5752,4094
4056,4109
6022,4144
3579,4151
2713,4156
4203,4160
4724,4161
3710,4166
3617,4167
2936,4174
4589,4178
1639,4195
5069,4199
1275,4201
852,4220
5558,4224
3153,4248
5580,4262
2099,4269
3024,4279
2277,4285
36,4287
1097,4297
2324,4299
4392,4313
5482,4314
3343,4331
1536,4351
3358,4367
4138,4372
2090,4376
62,4377
1332,4381
3525,4391
752,4395
3930,4408
2068,4416
982,4417
2196,4421
1854,4423
2945,4431
37,4443
1175,4445
5567,4447
3123,4454
1246,4458
5050,4459
5401,4465
4742,4466
1864,4471
1973,4479
1758,4502
3320,4517
5429,4525
619,4533
5583,4542
353,4546
705,4548
3791,4550
1419,4552
949,4570
3235,4577
5536,4582
4161,4595
2663,4596
5613,4597
4638,4604
5365,4607
5772,4616
4918,4625
4575,4626
71,4629
5226,4630
1682,4634
863,4635
5165,4639
5907,4645
1952,4660
3781,4661
1458,4664
3146,4670
3452,4673
5497,4678
5505,4684
3344,4685
4071,4686
1760,4690
5795,4693
739,4698
3135,4713
3111,4717
820,4719
2296,4723
3622,4724
216,4728
4988,4746
895,4765
4964,4770
1350,4776
923,4788
1014,4798
3662,4803
4933,4810
4562,4821
5061,4827
3568,4828
749,4831
3057,4832
3172,4834
3640,4840
5123,4849
4178,4856
4075,4863
656,4868
1688,4870
4161,4878
1255,4892
981,4894
2802,4899
3263,4911
1913,4913
1671,4919
11,4924
4078,4933
3865,4935
4272,4952
2240,4970
5022,4979
123,4980
2307,4981
5614,4985
1993,4987
2011,4990
2896,4991
5808,4998
4805,5002
343,5006
2085,5041
3941,5048
178,5049
297,5070
2112,5079
1015,5080
6000,5084
1425,5096
5001,5097
1687,5119
2951,5124
4520,5135
1521,5136
3410,5148
89,5156
1988,5166
5259,5170
5874,5174
2385,5177
3899,5179
3562,5190
2761,5192
6019,5193
3611,5195
4864,5203
1439,5204
958,5206
5243,5219
1783,5221
1883,5229
3269,5233
588,5241
1834,5251
1566,5264
5017,5267
1206,5272
502,5278
5348,5279
4553,5280
2738,5281
1189,5284
4094,5293
1640,5295
3168,5298
238,5312
1558,5314
490,5318
1621,5320
4773,5324
2128,5325
160,5334
1267,5345
3410,5350
1287,5357
1309,5358
622,5362
3382,5363
988,5367
2569,5368
5098,5409
5004,5412
2954,5436
4923,5440
3916,5445
204,5448
3486,5469
2055,5473
1346,5477
1284,5490
181,5493
996,5495
3349,5496
447,5498
658,5500
1396,5502
822,5506
4564,5521
1497,5522
569,5523
3151,5527
5652,5535
3762,5548
3831,5551
644,5554
344,5555
4068,5566
5441,5579
2624,5589
4631,5590
611,5591
2518,5593
5703,5594
2204,5619
4783,5622
4949,5624
4920,5625
4899,5653
5910,5654
1009,5656
5864,5660
4410,5661
2179,5664
1842,5669
2766,5671
3134,5677
5140,5678
534,5680
5653,5699
2777,5725
1489,5735
1751,5740
297,5760
4580,5764
4553,5775
4414,5778
810,5783
2909,5786
1364,5803
1713,5819
5467,5821
5701,5833
892,5840
982,5847
3350,5853
3043,5858
4940,5860
4667,5862
3891,5863
4228,5872
5510,5876
1041,5879
1666,5927
5319,5929
574,5930
1827,5934
796,5935
6049,5936
185,5940
2527,5942
2613,5952
895,5956
2179,5959
2793,5972
3147,5984
2639,5997
2174,6013
3330,6017
2955,6039
5529,6040
799,6042
3605,6043
4664,6050
4599,6072
2761,6079
3805,6099
2863,6106
5721,6108
2386,6122
6099,6125
5686,6132
3858,6134
4078,6136
798,6157
3193,6167
4580,6172
3527,6173
3675,6174
1565,6175
1071,6176
504,6178
6002,6180
183,6194
4070,6198
560,6201
2592,6213
2625,6220
1179,6224
4647,6229
1705,6232
1809,6242
906,6250
6113,6259
1999,6276
853,6280
1088,6281
5135,6287
2139,6289
1768,6292
4295,6293
3841,6302
77,6314
4383,6316
2989,6338
96,6350
6000,6351
931,6361
3072,6365
637,6367
5503,6371
1616,6377
5811,6383
1371,6390
2462,6401
4256,6418
309,6422
4165,6433
3280,6453
2033,6454
2511,6476
2162,6477
3503,6482
5757,6483
3789,6490
3520,6491
1773,6495
3654,6505
4072,6522
771,6532
190,6535
362,6537
2110,6538
4121,6543
198,6546
2552,6549
4873,6558
2708,6565
5138,6568
5675,6580
2792,6586
1217,6613
995,6618
4369,6622
2525,6630
3066,6631
4690,6633
4623,6634
2977,6635
1683,6639
695,6641
2839,6647
4495,6650
1413,6669
848,6677
1259,6678
3769,6687
1926,6690
1411,6697
1984,6702
3287,6704
2166,6706
168,6714
1212,6716
4525,6721
603,6757
5775,6760
4096,6772
3894,6781
348,6785
5134,6789
2127,6792
2447,6795
5082,6799
2000,6804
591,6805
2581,6811
356,6814
4535,6816
5100,6821
4920,6822
386,6824
690,6828
590,6836
1416,6842
889,6858
5885,6868
732,6885
6,6887
1038,6891
1299,6895
3211,6897
4237,6900
3450,6906
2464,6910
4383,6916
5770,6918
4195,6925
1855,6931
480,6933
2570,6934
3406,6937
4302,6953
2156,6975
4407,6979
5726,6984
3163,6989
583,6990
4504,6999
2589,7008
118,7018
3785,7019
5553,7027
5150,7031
5666,7041
2322,7042
589,7054
191,7064
5780,7067
735,7071
3909,7078
3147,7079
1438,7080
788,7081
2578,7104
6031,7111
368,7120
5459,7133
1560,7137
1606,7145
4630,7161
2986,7162
3259,7164
4022,7182
4811,7183
454,7185
5950,7190
1501,7193
3939,7194
2339,7208
4081,7220
1572,7244
2556,7249
2620,7250
2806,7257
3968,7270
5563,7273
1189,7274
5733,7277
1969,7288
4102,7315
4116,7334
3544,7344
5842,7345
6021,7346
5486,7352
3441,7356
2533,7362
2477,7363
3135,7368
4687,7384
5640,7385
3776,7409
594,7414
5410,7415
3005,7418
912,7428
4383,7430
3966,7438
5211,7446
502,7447
6074,7449
3291,7450
1889,7454
1094,7460
1779,7467
3018,7476
1880,7481
5869,7482
1558,7485
73,7494
5377,7495
1967,7498
4091,7501
5110,7504
5289,7510
510,7513
3571,7515
5855,7518
1041,7523
2167,7524
6042,7526
846,7552
4095,7561
3947,7570
4882,7599
2006,7607
1083,7610
4783,7618
1018,7620
5345,7624
2579,7644
2697,7655
713,7661
3668,7671
836,7682
1311,7684
5513,7686
1500,7688
1608,7707
5395,7708
1707,7710
179,7717
4425,7722
5312,7725
5452,7754
5578,7755
4474,7760
1758,7768
228,7770
2572,7778
2057,7779
1101,7780
2749,7781
689,7790
1647,7792
2499,7799
5845,7802
6004,7804
5124,7807
2540,7830
1837,7849
4925,7858
4091,7871
569,7881
2294,7882
511,7884
1241,7897
2948,7900
1117,7903
150,7904
3602,7923
664,7929
2769,7946
2520,7949
5198,7952
5297,7955
434,7962
5023,7968
3726,7970
3513,7974
814,7979
1842,7987
5653,7994
4515,8000
4302,8011
1717,8013
2317,8032
3312,8036
714,8038
3606,8055
5766,8057
2350,8058
1246,8060
5846,8061
5371,8066
5407,8072
6009,8073
437,8074
4569,8075
2676,8086
5234,8087
1385,8090
5381,8096
769,8098
141,8103
2510,8108
3143,8109
5031,8116
4867,8119
495,8131
1680,8138
2715,8141
5349,8155
596,8156
1119,8172
551,8177
3723,8180
5370,8181
225,8184
1957,8185
4686,8187
3696,8189
3719,8190
231,8192
31,8193
5229,8194
2305,8203
5391,8206
3925,8210
724,8213
2792,8220
3030,8221
4471,8222
4468,8238
4016,8240
3412,8242
5975,8245
1286,8248
4960,8260
5004,8266
2043,8268
4163,8272
1923,8274
3729,8282
4746,8283
4023,8284
2301,8285
1956,8286
2233,8291
5651,8292
4684,8299
5004,8300
4995,8309
3567,8322
4133,8325
183,8328
2311,8333
4929,8343
4718,8344
1235,8348
6020,8357
29,8360
2522,8370
3452,8386
1426,8387
2322,8388
5249,8389
2602,8390
5689,8399
2008,8409
4677,8410
4175,8411
4366,8412
5655,8416
1784,8417
415,8420
4855,8423
1510,8425
417,8436
5188,8438
237,8439
605,8440
4714,8442
5533,8456
2677,8457
701,8471
3131,8476
1975,8502
5295,8507
521,8511
494,8527
5405,8531
5344,8534
1924,8536
3048,8542
4373,8543
3291,8546
3413,8549
5083,8550
2226,8551
462,8553
5956,8555
1189,8556
4224,8557
2806,8560
507,8562
763,8566
2875,8567
5872,8568
3655,8570
3508,8574
1259,8583
5714,8584
5048,8585
5058,8588
4272,8596
3872,8600
4972,8620
2752,8621
4388,8633
6022,8639
93,8660
4399,8666
309,8667
2051,8671
2067,8673
3145,8676
705,8677
3384,8682
4387,8684
688,8686
1127,8688
737,8690
4746,8691
1863,8692
2548,8693
868,8700
5134,8702
1819,8703
1741,8706
2326,8710
297,8716
1536,8718
736,8720
5119,8723
339,8726
1423,8729
3652,8737
2148,8744
3745,8747
5841,8759
4333,8762
1516,8766
5231,8792
1414,8794
3795,8798
2238,8814
5458,8818
6046,8819
5009,8820
787,8823
1383,8827
5890,8829
1139,8831
5368,8838
4721,8841
4012,8842
4891,8843
3135,8844
3111,8846
4853,8847
617,8849
4768,8850
2906,8852
663,8859
3053,8860
1471,8861
2714,8865
3993,8867
3851,8869
4858,8870
209,8871
3884,8873
961,8875
3654,8877
5837,8878
1755,8879
5632,8886
2615,8889
1422,8890
4885,8891
347,8896
4908,8901
6048,8907
495,8912
3731,8919
5190,8927
354,8931
5225,8933
1715,8944
5150,8946
4078,8954
991,8963
3478,8972
4919,8977
4,8981
4185,8982
5061,8983
2099,8986
1197,8989
4624,8992
3992,8993
1365,8995
2977,8996
4327,8997
5000,8999
2850,9003
5901,9008
4448,9009
3776,9012
5576,9014
1395,9015
2917,9020
6118,9021
5233,9022
4746,9024
297,9027
1570,9028
3712,9030
425,9032
4761,9033
1579,9037
183,9040
2777,9042
1950,9046
3552,9048
654,9051
656,9058
3635,9060
803,9070
928,9071
5564,9076
2859,9089
5215,9099
3025,9116
420,9117
4454,9118
2679,9132
3221,9140
104,9145
5173,9147
3893,9149
2953,9150
2285,9153
1132,9156
795,9157
370,9162
3295,9163
3800,9166
2644,9167
1017,9169
527,9170
576,9171
6094,9173
1296,9175
1579,9180
656,9183
5181,9184
944,9189
951,9190
5805,9195
724,9200
5345,9203
5240,9208
5614,9209
27,9210
5810,9211
2931,9213
5438,9214
5509,9215
4993,9217
3849,9225
383,9258
3831,9262
362,9275
1115,9284
111,9289
5026,9293
5218,9303
3092,9306
5210,9307
6100,9313
2605,9314
3606,9315
1817,9317
1789,9319
3316,9320
1807,9325
6108,9328
6022,9329
198,9336
5319,9340
4011,9342
5471,9343
5527,9344
3061,9347
3343,9349
2155,9354
3396,9356
5404,9359
278,9360
1078,9363
1212,9364
4280,9365
4070,9366
298,9369
4698,9371
1653,9375
5934,9376
809,9379
6065,9381
5732,9382
657,9383
3411,9384
2543,9385
619,9387
5098,9389
4664,9395
798,9399
1085,9405
4605,9413
3192,9430
6027,9468
2977,9477
4229,9482
2476,9483
4106,9487
4767,9492
3212,9495
4199,9497
3356,9502
1343,9506
5735,9509
2871,9510
5137,9512
3332,9513
3961,9519
2345,9520
3453,9522
203,9523
3623,9527
3847,9528
208,9532
2067,9535
2983,9536
4952,9538
4986,9539
991,9545
5119,9548
4200,9549
3303,9550
5259,9552
3255,9555
5481,9557
3580,9559
3064,9563
3238,9566
833,9578
297,9581
4159,9585
5059,9588
4700,9599
3395,9603
742,9614
2757,9625
1397,9636
614,9639
6000,9642
4846,9659
4178,9660
1223,9661
4444,9663
2118,9670
4302,9672
3215,9673
742,9674
3101,9681
2102,9683
3831,9685
1777,9686
3011,9687
3141,9689
283,9690
136,9693
3486,9696
3091,9697
3727,9698
2099,9700
864,9701
1112,9703
1317,9706
183,9709
5913,9711
976,9713
652,9715
5204,9717
5243,9718
547,9721
3416,9728
3310,9738
2195,9741
635,9747
5762,9753
1832,9754
4600,9769
3125,9771
2487,9772
42,9774
1005,9776
2741,9777
644,9779
3424,9794
3750,9801
4322,9807
3866,9809
2000,9813
4399,9820
5942,9832
2023,9833
1527,9835
4810,9836
2077,9837
872,9838
5378,9841
3087,9842
4577,9845
2697,9846
2164,9848
216,9849
419,9853
4125,9855
1972,9861
3400,9865
630,9866
611,9867
5487,9869
5533,9870
3430,9872
3974,9873
5281,9874
4237,9875
2741,9877
5777,9879
5016,9882
5300,9887
534,9888
2620,9889
4010,9890
4201,9892
5169,9893
3987,9895
5761,9898
4018,9899
586,9900
3179,9902
533,9905
4948,9906
2405,9911
5521,9912
268,9917
372,9920
1403,9924
3570,9926
4977,9930
4491,9940
1023,9949
317,9974
1720,9981
2843,9994
668,9995
5643,9999
2434,10005
2398,10006
3089,10008
1319,10009
502,10015
5407,10021
3494,10022
3697,10024
560,10025
141,10029
5191,10032
2805,10033
3231,10034
1247,10036
1530,10037
113,10043
1979,10044
2169,10047
532,10048
3281,10049
636,10050
5004,10051
2021,10055
2074,10058
3662,10060
3305,10064
2733,10066
3642,10067
4093,10068
1977,10069
2261,10070
2912,10071
4091,10072
2542,10073
1856,10079
1016,10080
5430,10091
1726,10097
5678,10111
2353,10116
5613,10144
3739,10159
2759,10166
663,10167
124,10168
4512,10171
5124,10174
2317,10176
1337,10177
5605,10178
1585,10179
1658,10182
1030,10184
798,10185
4331,10187
1536,10188
2697,10189
2148,10190
5844,10193
4874,10194
3740,10197
2537,10198
3104,10199
142,10200
3582,10201
3268,10203
132,10206
4729,10207
1238,10209
497,10212
2788,10216
2836,10221
1692,10224
3058,10226
5970,10230
3163,10231
724,10232
5021,10234
4592,10236
5766,10240
1397,10243
4200,10244
320,10245
4081,10247
2691,10253
1816,10256
2007,10258
4594,10259
889,10272
5755,10276
4976,10300
279,10307
365,10313
5614,10316
3232,10319
3538,10329
5645,10342
4590,10345
3189,10355
4266,10356
3970,10359
2473,10360
1712,10363
4187,10365
5582,10366
1322,10374
4092,10375
3172,10378
2818,10386
79,10388
2178,10400
1295,10404
4240,10406
1034,10407
4329,10408
3653,10411
2520,10412
2956,10413
5582,10414
5134,10417
371,10418
902,10419
3738,10424
5135,10427
2198,10429
655,10430
5085,10431
2802,10432
4909,10433
4571,10438
4906,10439
2179,10440
4946,10444
5073,10446
4757,10448
3918,10450
353,10454
1529,10456
3981,10457
2191,10471
163,10480
3850,10504
3170,10506
1790,10508
5608,10513
2272,10520
2925,10537
3741,10538
3443,10544
2436,10555
5456,10556
2579,10557
4012,10558
1511,10560
993,10561
4603,10563
2634,10564
724,10565
965,10569
730,10571
5258,10572
4470,10579
6002,10582
208,10585
2505,10587
5782,10594
1761,10595
4737,10597
2780,10598
1786,10599
5159,10601
2808,10602
2417,10603
482,10604
4667,10606
5627,10607
1756,10608
3177,10609
2598,10611
2016,10613
4310,10616
4488,10620
489,10624
4704,10625
4748,10627
1989,10629
5213,10633
697,10634
5524,10636
5531,10637
645,10639
4197,10642
1497,10645
2888,10646
3252,10649
377,10663
971,10665
4272,10666
5167,10679
3523,10693
1672,10695
4074,10697
6104,10699
3020,10700
5931,10701
2978,10705
2925,10713
3276,10726
3398,10730
2455,10737
3138,10743
387,10751
3598,10753
1670,10754
6000,10755
5703,10757
6025,10758
4771,10760
617,10763
5813,10765
4804,10766
1246,10768
836,10769
1707,10773
2965,10776
2168,10778
5446,10780
1432,10786
4259,10787
5821,10788
4480,10789
4965,10791
980,10792
5494,10798
4062,10801
3034,10802
128,10803
2693,10809
236,10811
1165,10815
2550,10816
3211,10817
5244,10818
1820,10819
1952,10821
4280,10827
2640,10828
4468,10829
4688,10831
4482,10832
4310,10833
860,10834
856,10835
654,10839
2492,10840
5807,10843
4723,10847
3082,10849
2386,10850
3272,10853
4716,10855
3678,10859
786,10878
5885,10888
1282,10908
3005,10910
2832,10917
1404,10925
1850,10935
325,10937
894,10944
2817,10945
1109,10946
4810,10947
1565,10948
1768,10951
3500,10952
2319,10956
5138,10957
5614,10959
5128,10962
5747,10965
2821,10967
1549,10968
1046,10969
5248,10970
2492,10971
2079,10973
1159,10978
4859,10979
4110,10981
2994,10983
3656,10985
2270,10987
4526,10988
2547,10989
3227,10990
4102,10992
1519,10997
1251,11000
5880,11001
799,11002
3675,11013
5475,11014
4617,11022
2645,11024
5808,11025
4774,11028
5827,11033
4111,11035
145,11037
4415,11038
780,11057
907,11060
2009,11068
4630,11074
2149,11081
5753,11087
251,11090
5139,11096
5721,11097
515,11122
4688,11124
4234,11127
2919,11129
534,11130
3187,11131
4564,11134
5359,11135
5673,11136
114,11137
2247,11138
459,11140
200,11145
2460,11146
2873,11151
1268,11152
4820,11160
5800,11161
4638,11163
3785,11166
2761,11167
1565,11169
5624,11171
1136,11172
3246,11173
332,11175
5974,11179
2782,11180
3581,11183
5387,11186
1362,11187
1666,11188
4508,11190
4089,11195
1839,11196
1763,11200
4317,11205
3700,11207
2613,11208
1967,11209
3813,11210
3286,11212
5149,11214
5806,11215
1553,11218
5811,11223
1404,11224
2576,11226
1107,11227
2732,11228
3650,11234
742,11256
1523,11257
4055,11263
1906,11272
2279,11296
2395,11300
724,11307
5810,11310
3176,11311
284,11315
1115,11316
3627,11318
5294,11320
5878,11326
267,11328
1530,11329
4281,11330
1889,11333
950,11334
4270,11338
5606,11340
3600,11342
1674,11343
2876,11347
266,11348
356,11353
483,11355
5704,11356
183,11357
2598,11358
3371,11359
354,11360
2418,11361
2631,11366
4140,11367
2642,11368
5490,11369
3400,11373
741,11374
2854,11375
2002,11376
222,11378
3800,11381
4210,11383
2335,11384
3814,11385
4514,11388
2572,11391
1185,11396
1307,11398
4756,11399
2096,11402
4741,11405
5467,11408
5469,11410
415,11423
984,11425
4668,11439
834,11441
4256,11445
2169,11451
675,11456
5464,11458
3604,11464
5405,11470
4794,11473
2600,11487
524,11494
5010,11497
3299,11499
3234,11502
5944,11514
5259,11516
527,11517
2079,11518
913,11519
2989,11520
1530,11521
74,11522
4783,11523
1527,11525
5115,11526
5092,11527
1473,11530
5785,11532
2189,11533
5407,11536
1108,11537
35,11539
4047,11541
2520,11542
2776,11544
3963,11546
1387,11547
2939,11549
3458,11553
2602,11557
3549,11559
4418,11561
6042,11563
3762,11565
504,11567
2977,11568
1370,11571
3593,11573
2721,11574
3163,11579
5398,11580
1594,11581
3171,11583
5046,11587
1895,11588
249,11590
1791,11591
5219,11592
463,11595
1610,11600
241,11604
5497,11606
1195,11607
3148,11608
971,11612
5860,11618
5994,11622
1530,11623
4853,11628
5957,11639
2230,11640
2198,11646
4406,11658
5088,11671
5714,11674
3334,11677
5016,11679
5712,11709
4335,11713
849,11722
239,11726
1246,11727
3081,11728
2689,11730
4872,11733
5323,11734
5016,11736
5527,11738
3679,11741
4906,11744
4644,11746
190,11748
2315,11750
2047,11754
861,11755
3177,11757
870,11763
3953,11764
5228,11765
3494,11766
55,11767
6093,11773
1415,11775
4319,11781
4910,11782
3372,11785
5104,11787
4542,11790
5141,11791
4502,11793
2592,11794
2568,11795
4958,11796
4384,11800
4707,11801
2686,11804
3730,11805
1288,11806
2904,11808
481,11812
4434,11813
79,11814
3024,11815
3944,11816
3775,11818
1079,11821
581,11822
2715,11824
2497,11825
1500,11826
3650,11829
118,11832
468,11833
3836,11834
5336,11841
2746,11843
2587,11846
3333,11850
4973,11854
4073,11861
735,11862
2248,11863
1624,11866
175,11892
2067,11894
36,11900
5876,11904
626,11908
2309,11911
2794,11917
5626,11919
5422,11922
3444,11926
1799,11931
1469,11933
1852,11937
4571,11939
5377,11941
2328,11947
2311,11949
4006,11951
918,11953
2456,11956
3854,11958
2159,11959
1034,11963
3096,11965
4694,11966
928,11967
5115,11980
2690,11984
5769,11991
12,11992
3470,11993
5031,11995
5888,11997
738,11998
4068,11999
3477,12003
471,12004
4940,12005
2977,12006
1688,12007
5339,12008
2348,12012
2891,12015
2790,12018
1955,12019
3264,12020
6097,12023
3162,12024
6071,12027
3611,12029
232,12037
1792,12039
6046,12041
1197,12048
3265,12050
3427,12052
6031,12054
5456,12055
5952,12058
2631,12062
4535,12064
4263,12067
3223,12068
5048,12074
3196,12077
599,12087
2274,12096
330,12103
2380,12104
4977,12114
5909,12115
3555,12129
3491,12136
4578,12137
3854,12139
1651,12142
5056,12143
480,12146
3831,12150
1477,12151
1612,12152
2239,12153
1447,12154
2311,12161
4504,12162
5841,12165
3746,12166
1765,12167
3639,12168
2379,12171
740,12173
2060,12174
4232,12175
569,12178
691,12179
902,12184
1682,12186
5393,12190
4690,12192
4502,12193
4399,12194
1918,12195
2109,12198
3075,12202
4982,12206
644,12209
1353,12210
1488,12211
5323,12212
4619,12213
2955,12216
2941,12219
1562,12221
2866,12223
1536,12232
2796,12233
1739,12234
3533,12235
6118,12236
1012,12239
4483,12240
4453,12241
4930,12245
627,12246
3185,12252
566,12257
3669,12266
3061,12268
3592,12273
1485,12276
6115,12283
1997,12287
629,12289
5491,12290
3932,12312
2020,12314
4262,12316
1960,12317
1531,12322
1247,12324
182,12331
5204,12344
737,12348
4480,12353
3806,12364
1924,12365
3494,12375
2593,12379
886,12381
4296,12384
2633,12387
2949,12389
3561,12390
2092,12402
3059,12404
5816,12406
5613,12409
1587,12410
3230,12415
663,12418
3126,12420
2607,12421
3018,12422
2192,12424
5204,12426
2052,12428
5613,12429
3054,12430
4163,12432
5474,12433
2576,12434
2248,12438
4992,12442
1612,12443
5695,12444
1473,12446
4320,12448
857,12451
3020,12455
2941,12458
1704,12460
1555,12463
5723,12465
5756,12467
4165,12468
4920,12469
2620,12470
4158,12473
603,12478
4684,12480
3193,12482
5363,12483
3816,12485
4887,12487
2612,12490
5691,12493
2719,12494
5031,12495
6086,12496
1359,12498
75,12499
5381,12504
191,12505
6020,12507
3163,12508
5613,12509
4339,12512
4132,12516
2114,12519
1970,12521
441,12531
1980,12534
36,12535
445,12547
1691,12548
737,12568
5497,12569
5291,12595
5915,12610
2194,12614
1044,12615
1157,12616
3460,12626
5723,12635
4410,12638
5023,12640
2741,12641
717,12642
3856,12643
2090,12646
5319,12648
5630,12649
2583,12650
3479,12651
5824,12652
184,12653
2635,12661
3065,12662
2256,12666
1778,12668
5830,12671
367,12673
2098,12675
1827,12676
918,12677
5566,12678
1551,12681
1216,12682
2406,12683
4514,12685
4799,12686
6080,12687
5866,12689
3660,12691
1616,12692
563,12701
2941,12703
2632,12705
2807,12708
3307,12711
1246,12716
4981,12717
4456,12718
5127,12719
5674,12720
6042,12725
2637,12726
5088,12728
1632,12730
1809,12731
4504,12732
5082,12734
4555,12735
3210,12738
2631,12739
3866,12741
2127,12743
670,12744
3745,12745
3518,12747
5537,12748
5533,12749
4641,12751
821,12755
5791,12761
409,12767
1360,12777
418,12780
58,12781
5774,12788
3005,12794
5538,12796
194,12798
3757,12799
5060,12800
3049,12804
4361,12805
5485,12823
862,12828
4345,12839
5205,12841
2612,12843
3203,12847
4566,12863
5344,12865
2238,12867
3959,12869
3812,12870
3034,12873
3076,12874
975,12877
4327,12880
3903,12882
2155,12883
2222,12885
4746,12889
4447,12890
1246,12895
1546,12896
1058,12898
2577,12899
3523,12902
4526,12903
4929,12906
3049,12910
4083,12912
5984,12914
2872,12916
4571,12920
5894,12921
4034,12922
2779,12924
3078,12927
5940,12928
2791,12934
1258,12939
5134,12944
1343,12947
5832,12948
1192,12950
1758,12951
5808,12953
183,12954
4327,12956
3180,12958
2573,12962
6018,12967
4672,12970
383,12972
2946,12973
3399,12974
2649,12978
1124,12979
4669,12985
788,12986
1606,12988
347,12989
4044,12992
1316,12996
3980,12997
5995,12998
5648,12999
5205,13000
2307,13005
1670,13007
1845,13008
2924,13010
3239,13012
4874,13013
1592,13014
5300,13019
4003,13022
254,13025
3077,13026
1259,13030
885,13031
2765,13032
74,13033
1480,13035
1618,13038
2880,13039
5088,13040
3148,13043
1677,13052
1973,13054
330,13062
2050,13070
4279,13072
3492,13080
2776,13083
6040,13086
1273,13097
4637,13105
3091,13113
4686,13118
3921,13119
1679,13120
5031,13125
5766,13127
3967,13130
3146,13132
4212,13133
3232,13141
2598,13143
5475,13145
4991,13153
3624,13159
3163,13164
4773,13167
2317,13168
1171,13169
3850,13171
5045,13172
4887,13176
1619,13177
3591,13178
3584,13179
2615,13182
4976,13184
2709,13185
4536,13186
3784,13187
5,13188
3113,13190
6077,13192
3061,13193
6000,13194
1131,13197
1602,13198
1891,13200
5360,13201
4765,13203
3665,13206
5027,13209
3091,13210
4940,13213
4335,13215
569,13217
5606,13220
5183,13224
5487,13225
5704,13227
3599,13231
1754,13232
2142,13233
5136,13234
1367,13235
2137,13241
2291,13245
1995,13246
2610,13247
2099,13248
603,13250
708,13257
1104,13258
4267,13259
5759,13261
2659,13262
2235,13263
641,13270
941,13271
1334,13272
3207,13273
4976,13280
3673,13282
1770,13285
2259,13286
5138,13287
4664,13294
4447,13297
5156,13298
2770,13300
245,13303
927,13304
3582,13305
3803,13309
5544,13310
3100,13313
762,13320
5194,13321
5004,13322
1126,13323
1881,13328
703,13338
696,13341
138,13346
2089,13349
2708,13351
4225,13360
4656,13363
5532,13365
198,13381
6005,13384
2435,13389
2776,13402
2065,13403
68,13405
2067,13407
3854,13409
727,13410
3586,13412
4684,13413
4924,13417
3856,13418
4252,13419
2317,13420
4117,13427
464,13428
2581,13429
244,13445
1420,13450
2188,13451
5497,13452
4445,13453
1453,13455
5174,13457
5209,13458
1332,13461
1227,13462
5507,13463
4554,13464
5997,13468
71,13472
2440,13475
5138,13476
5338,13477
818,13479
2267,13481
1125,13484
4969,13486
483,13492
4555,13493
399,13494
5759,13497
3890,13498
4915,13500
5322,13501
5196,13502
183,13503
1516,13505
1986,13506
2668,13507
3453,13509
2217,13511
5578,13513
3075,13515
4887,13517
3649,13518
2549,13520
4356,13521
2248,13524
1246,13527
2781,13529
663,13532
4569,13533
5861,13534
5533,13535
4907,13536
5265,13538
3025,13540
6003,13541
2773,13542
2272,13543
1109,13546
1566,13547
5848,13550
3239,13551
1572,13552
2575,13554
3447,13557
3451,13560
4139,13562
1734,13564
1359,13565
5381,13567
1117,13571
4088,13572
4651,13573
1015,13574
2703,13577
1376,13579
4272,13581
3854,13588
756,13590
6104,13592
4272,13596
1637,13597
1511,13599
808,13600
1785,13601
1613,13604
6078,13605
4135,13606
4384,13608
1817,13610
2628,13612
5588,13613
1357,13614
198,13616
4608,13619
47,13622
5069,13626
2615,13635
3359,13636
5006,13637
3040,13657
1842,13658
2597,13668
1893,13669
4259,13671
4424,13682
575,13686
2982,13691
4365,13694
2826,13696
2697,13698
2889,13704
5093,13707
1244,13708
2944,13712
2061,13714
1011,13724
490,13739
4448,13742
1641,13744
5308,13745
5628,13746
1800,13748
1693,13750
3537,13751
3122,13753
127,13754
2252,13755
5901,13761
1972,13765
4607,13768
3410,13770
1500,13772
3598,13774
6001,13775
5496,13778
4353,13779
265,13781
3799,13785
2000,13787
3125,13792
2961,13793
2209,13794
3486,13795
1595,13797
6009,13800
2963,13803
4319,13805
5997,13810
3318,13811
2197,13814
447,13815
1964,13816
2309,13818
4068,13826
52,13828
1768,13831
1133,13835
5094,13839
3524,13840
415,13842
1758,13844
5251,13845
2989,13851
4465,13852
2922,13855
2820,13857
2096,13858
4784,13859
2074,13860
660,13861
913,13865
5476,13866
797,13867
4383,13871
5093,13873
2181,13874
1987,13875
3628,13876
2592,13877
4680,13880
5407,13882
1766,13884
2598,13887
3042,13888
4057,13894
6001,13895
2955,13899
3322,13900
3591,13902
384,13906
472,13908
4161,13910
2992,13915
4453,13922
1351,13923
3453,13926
3722,13935
5779,13942
1139,13943
1502,13948
5308,13961
5275,13971
3714,13974
5188,13982
2789,13983
2707,13985
391,13986
1368,13989
4849,13990
4847,13993
2075,13994
6048,13996
5803,13997
3485,14000
5038,14001
3526,14002
2285,14003
845,14004
6095,14006
4535,14007
4333,14008
5098,14012
606,14013
2597,14015
820,14019
4911,14029
1566,14036
2889,14039
5052,14040
2701,14043
1087,14045
1125,14047
5680,14049
1551,14050
21,14055
4051,14057
3875,14059
941,14061
5335,14063
3392,14065
1919,14066
2618,14067
2717,14068
613,14072
2786,14073
3741,14075
5830,14076
528,14077
410,14078
4722,14079
1769,14084
1972,14085
3556,14086
4565,14087
3021,14095
2074,14097
3223,14098
2613,14099
5377,14102
4086,14104
3164,14105
4242,14108
1621,14112
361,14115
2796,14116
6104,14117
2167,14118
6042,14120
5123,14121
4802,14130
1666,14131
3414,14132
2659,14133
1771,14135
2438,14138
4217,14139
2279,14140
1888,14141
1361,14144
2600,14145
1293,14146
3355,14147
2861,14154
2142,14156
2212,14157
357,14159
4999,14160
3952,14161
3203,14171
6111,14172
2848,14173
2809,14176
3805,14178
1683,14183
3757,14185
788,14186
4630,14187
1313,14193
843,14196
4596,14197
5766,14199
2266,14204
465,14205
2889,14210
5428,14214
4564,14223
916,14231
4969,14259
329,14261
4291,14265
2071,14266
620,14267
1972,14268
5083,14269
2315,14270
2094,14277
892,14278
1516,14282
1105,14294
2259,14296
6046,14301
596,14311
2097,14313
358,14314
2094,14315
4727,14318
6042,14322
5610,14323
1486,14324
3970,14325
216,14329
4104,14334
508,14338
36,14339
5143,14342
3181,14343
4581,14344
777,14345
3057,14346
5327,14348
1133,14350
4225,14353
4267,14360
3767,14364
596,14365
5744,14366
5828,14368
4494,14369
6076,14373
1309,14374
4493,14378
1540,14383
534,14384
3973,14385
1094,14388
3092,14391
2140,14393
4466,14397
4290,14400
4143,14403
4871,14405
5084,14408
1151,14409
4688,14410
3097,14413
4954,14415
5518,14417
574,14418
5596,14430
2858,14434
4976,14439
4535,14443
3350,14444
1306,14445
247,14448
4695,14449
2523,14452
5497,14454
3823,14455
1113,14458
3386,14459
4964,14463
236,14464
4136,14465
5407,14466
5057,14467
5134,14469
5841,14470
4698,14479
4191,14480
6111,14485
354,14486
3648,14491
4471,14492
4431,14494
3518,14496
3583,14499
2200,14502
1534,14510
3065,14511
2248,14513
3631,14514
5106,14515
294,14539
294,14543
652,14554
5078,14562
4484,14568
4154,14570
3328,14571
5712,14572
5460,14577
487,14579
561,14580
3857,14584
252,14585
5609,14587
4741,14589
5443,14590
163,14591
1447,14592
3347,14606
5117,14617
5088,14619
2499,14623
16,14624
662,14625
5276,14626
1536,14627
4906,14628
3264,14631
4689,14632
3589,14633
186,14635
5016,14639
1287,14642
3395,14643
5577,14645
1109,14647
2658,14649
1131,14657
2568,14658
3256,14659
2306,14660
811,14661
802,14663
3992,14666
3982,14669
5637,14672
3551,14674
1214,14676
4190,14677
2664,14678
5345,14682
3724,14683
4413,14684
4665,14687
2365,14691
2581,14694
1445,14697
504,14698
4450,14701
1435,14704
444,14706
5301,14707
5595,14710
2406,14711
291,14713
755,14716
3978,14719
5602,14722
4574,14723
2449,14724
938,14725
1264,14731
6102,14732
4511,14733
4222,14738
2841,14739
1602,14741
211,14743
4095,14744
3957,14747
535,14749
1392,14752
3025,14755
2499,14756
1246,14757
251,14760
5613,14762
5511,14763
724,14765
493,14766
4664,14768
2128,14769
2620,14772
4976,14777
3503,14778
1649,14779
4924,14782
109,14783
3272,14786
5781,14789
6042,14790
4024,14794
1674,14795
3630,14799
145,14801
3486,14806
4853,14807
4518,14812
5586,14814
529,14815
5752,14817
4824,14824
1750,14833
5389,14848
1707,14853
1545,14856
2586,14861
4264,14869
2257,14876
5722,14878
5655,14879
2169,14881
5087,14883
4371,14884
5816,14892
1846,14894
1605,14897
2600,14898
3457,14899
670,14909
651,14917
1081,14924
61,14926
2844,14931
3310,14932
4413,14933
2613,14937
3024,14938
1738,14939
3522,14942
795,14944
1485,14949
5616,14951
4964,14952
1718,14954
5901,14956
4283,14957
4745,14959
5736,14964
2955,14967
871,14969
1056,14970
4326,14971
4790,14972
5394,14973
1709,14974
2171,14975
4272,14977
105,14979
2523,14980
4375,14981
659,14983
3716,14984
4108,14986
4954,14987
3094,14988
1733,14992
1684,14993
700,14994
3245,15000
287,15001
885,15005
1958,15006
1809,15007
6054,15008
4854,15010
519,15012
21,15013
5667,15015
1572,15016
5212,15017
2993,15019
1047,15021
548,15024
4476,15026
931,15029
2853,15031
2996,15032
6103,15034
5983,15035
4264,15039
3149,15041
2669,15047
2947,15055
305,15059
1196,15060
4353,15062
5720,15064
2776,15065
4272,15066
4144,15067
1563,15068
1399,15070
1827,15071
996,15077
4076,15080
3103,15081
5740,15084
1123,15087
3684,15091
1882,15093
5327,15095
2034,15098
3595,15099
2598,15100
3834,15101
5696,15102
787,15107
3400,15108
4591,15109
2614,15111
805,15112
3014,15117
1398,15123
4061,15135
1293,15139
177,15142
2545,15145
1710,15166
25,15180
1293,15181
2881,15183
1564,15185
5411,15186
3228,15188
504,15191
2847,15194
287,15196
2570,15198
5860,15199
5346,15208
3600,15220
6017,15221
5386,15222
4690,15223
4513,15225
2997,15226
97,15228
41,15231
3913,15236
866,15237
2682,15243
2232,15244
5449,15245
2871,15246
1197,15249
4241,15253
4575,15254
4859,15255
425,15263
5055,15264
788,15265
2636,15266
5579,15267
5085,15268
5946,15269
5807,15271
1842,15272
4561,15273
4977,15274
728,15275
4330,15281
1799,15290
3693,15291
3798,15294
2829,15295
5808,15296
2190,15298
5275,15300
5031,15301
2517,15303
5182,15304
3666,15309
878,15311
19,15312
5082,15314
5214,15315
2725,15316
145,15317
916,15319
803,15320
1435,15324
3107,15325
4907,15330
1871,15333
3866,15335
3083,15336
3189,15337
5502,15338
4323,15339
4616,15343
1463,15345
5153,15346
3360,15352
4165,15355
4899,15357
5395,15360
2223,15363
4727,15365
5039,15366
4818,15367
1473,15369
3112,15370
781,15375
2195,15377
1182,15378
4976,15379
4467,15383
2363,15387
3229,15388
5593,15391
1772,15393
2615,15396
4596,15398
4310,15400
4721,15401
3320,15402
3914,15405
2354,15407
5157,15412
1512,15416
1915,15419
5264,15424
3921,15430
6025,15436
2271,15461
3632,15465
1144,15469
1406,15479
162,15481
5862,15485
113,15488
728,15490
3877,15491
6001,15492
3055,15493
4721,15496
415,15498
5047,15499
2970,15501
5200,15502
5708,15508
1332,15510
5031,15528
5721,15529
624,15530
3600,15531
1216,15532
6042,15534
2604,15537
74,15538
2263,15539
1632,15540
5744,15541
4509,15544
2898,15545
2889,15547
5722,15548
2607,15550
2725,15551
804,15553
3720,15555
1366,15556
1246,15557
3076,15558
6001,15561
5613,15562
3842,15563
145,15565
316,15566
3113,15568
5638,15569
493,15571
5468,15572
4649,15574
5920,15575
4333,15576
3174,15577
5044,15582
4746,15583
3486,15584
787,15585
3830,15587
4410,15588
4546,15590
5333,15592
183,15593
3177,15594
5727,15595
4821,15598
4717,15602
5690,15605
4776,15606
3882,15608
386,15612
3389,15613
1577,15614
2506,15615
1761,15616
2318,15623
1566,15627
1621,15630
4437,15632
5093,15634
5802,15635
4453,15636
6042,15638
5023,15640
5352,15645
3638,15647
2275,15650
479,15651
3984,15653
4030,15654
2518,15657
5495,15659
4820,15660
3343,15661
5953,15662
1855,15663
389,15664
3776,15668
5693,15669
4504,15671
3582,15673
1197,15677
3146,15678
661,15682
3731,15685
2594,15687
2418,15690
1227,15696
2510,15697
1665,15700
1517,15701
2182,15703
4115,15704
1407,15706
1650,15707
4179,15709
426,15711
5221,15713
3994,15723
2400,15728
5799,15729
2771,15730
3854,15734
1497,15738
5611,15740
5004,15743
2999,15744
97,15745
5618,15746
2609,15747
917,15749
4213,15752
1500,15754
5455,15755
2314,15756
4266,15758
6004,15760
4384,15764
4601,15766
2378,15769
3806,15770
5927,15773
667,15776
3282,15779
4286,15782
5005,15786
1595,15788
3580,15791
5955,15794
5795,15800
4236,15802
4877,15807
2952,15811
1372,15817
1044,15821
6002,15833
341,15836
4498,15838
4710,15843
1441,15847
1348,15851
5533,15854
353,15857
5110,15860
3593,15862
2907,15863
790,15864
2089,15865
5358,15867
1293,15869
4319,15870
1307,15872
1511,15873
4669,15874
5114,15875
5052,15876
2458,15878
5358,15897
5533,15904
4161,15905
5023,15911
1388,15912
5128,15915
4706,15916
425,15917
3448,15919
342,15920
4506,15921
2386,15922
3893,15923
5168,15928
5670,15930
1460,15931
1598,15932
4664,15934
5912,15936
5960,15937
6074,15938
3029,15939
4334,15940
6068,15944
4959,15945
5794,15948
4777,15950
1780,15952
1,15954
5766,15955
2982,15956
1827,15958
2318,15960
5270,15961
2369,15963
3173,15964
4961,15965
1026,15967
5995,15970
4631,15971
1004,15972
3879,15973
4768,15974
5297,15975
2314,15978
953,15981
2303,15985
2719,15986
3757,15989
3805,15990
3672,15991
6000,15992
1610,15995
4469,15998
2251,16001
4543,16003
5484,16004
347,16007
3291,16013
5179,16014
3884,16015
3754,16017
1374,16019
1584,16020
4664,16022
1301,16023
5863,16025
5139,16030
3785,16031
4362,16033
224,16034
2681,16040
3707,16041
1117,16045
2707,16046
3805,16051
430,16052
1605,16054
5708,16056
1670,16059
2612,16060
3651,16062
2240,16063
4566,16066
101,16067
5361,16069
1964,16070
1087,16071
5724,16074
5815,16075
1941,16078
1421,16079
4698,16080
1497,16081
1048,16083
495,16085
1700,16086
3831,16088
474,16094
5396,16095
3726,16102
214,16103
5429,16104
2661,16105
5435,16106
2355,16107
3923,16108
508,16110
794,16111
4711,16114
5528,16118
2126,16119
3408,16123
164,16124
4820,16125
788,16128
1197,16129
611,16131
745,16133
5212,16136
2344,16137
5476,16138
3273,16140
4209,16146
357,16148
2775,16150
5648,16152
2121,16153
5719,16155
3142,16157
1630,16174
1234,16179
499,16182
3625,16200
4447,16220
3107,16226
4180,16227
3322,16229
4457,16230
1604,16231
52,16232
2300,16236
781,16237
2768,16238
2612,16239
2090,16240
4376,16241
4986,16242
3010,16250
938,16251
5500,16258
472,16260
1367,16273
1647,16274
5536,16276
4503,16277
3615,16279
1083,16281
1389,16282
2356,16283
571,16284
2612,16286
5309,16288
4333,16290
5093,16293
1872,16296
6000,16297
2740,16298
2976,16299
4566,16301
5539,16303
2229,16305
122,16306
3146,16309
724,16311
3854,16314
1732,16316
634,16318
5729,16319
4598,16321
2255,16323
4051,16327
5166,16328
3613,16329
164,16330
2962,16332
4778,16333
1210,16334
4958,16338
3098,16339
4433,16340
5572,16346
3628,16350
4005,16351
3102,16352
3912,16355
4527,16360
4233,16365
2950,16366
1074,16368
4123,16370
5074,16371
3094,16372
3156,16374
5625,16375
540,16377
3050,16379
2443,16380
548,16382
5397,16385
769,16388
591,16389
3866,16390
2799,16391
1616,16393
1602,16395
3644,16396
5612,16399
2948,16400
4234,16405
3457,16407
5212,16408
4800,16411
645,16412
6000,16413
1114,16414
1247,16416
3488,16417
2930,16418
4272,16423
3976,16424
1544,16425
3811,16427
2958,16431
2650,16432
467,16433
5839,16434
3218,16435
5970,16438
4447,16441
5819,16442
5376,16446
4924,16447
1473,16448
2579,16453
3240,16455
1854,16457
979,16458
1796,16460
2601,16461
4445,16464
5026,16466
758,16470
4895,16472
1213,16480
676,16483
5901,16484
3135,16488
5503,16490
4220,16491
962,16496
1246,16498
1754,16499
5723,16500
4001,16501
242,16502
4998,16504
4230,16505
619,16506
2838,16507
1765,16508
3013,16509
5683,16511
297,16512
2753,16513
2182,16514
4611,16518
5128,16522
6075,16525
3762,16531
5041,16532
2719,16533
4066,16536
5862,16537
816,16540
463,16545
4316,16551
2530,16553
5099,16554
4108,16557
4331,16559
2946,16561
15,16574
4165,16578
5781,16579
5883,16580
2517,16586
2708,16590
599,16597
828,16609
5039,16614
2631,16616
5216,16617
2969,16618
4793,16619
1093,16621
5115,16622
2059,16624
5082,16625
5046,16626
1177,16627
4006,16628
1973,16631
2236,16637
3028,16653
1915,16654
5317,16658
4447,16659
4310,16660
4064,16662
3684,16663
3922,16665
2835,16667
1602,16668
2925,16671
51,16675
1297,16677
836,16682
5098,16683
1098,16685
4301,16687
2073,16688
5120,16690
4008,16694
4792,16698
3125,16699
5755,16700
2013,16701
3580,16704
5047,16705
3026,16706
3726,16707
750,16708
3975,16711
6000,16712
1619,16714
1743,16715
3438,16716
2311,16719
4000,16721
7,16722
5831,16723
5136,16725
3267,16728
4615,16731
5614,16733
2936,16735
342,16744
5842,16746
1086,16748
2030,16751
3800,16752
3591,16753
4598,16757
1083,16758
4460,16760
2813,16765
962,16766
1323,16769
3413,16775
5533,16777
2922,16779
4384,16784
3832,16785
2621,16790
145,16791
3350,16792
1729,16793
6003,16798
745,16799
3319,16800
5074,16801
609,16802
4471,16806
4333,16809
5631,16811
2749,16813
160,16815
858,16817
4331,16818
2465,16819
4233,16820
516,16821
3213,16823
3167,16828
5901,16829
5036,16830
4080,16831
4900,16832
3992,16836
4863,16841
2677,16843
1586,16844
5340,16845
5330,16853
57,16855
3827,16858
3193,16859
1456,16860
4690,16861
1682,16863
502,16865
3397,16866
412,16870
5152,16871
1913,16872
5801,16876
1238,16881
3855,16883
4163,16886
3018,16887
49,16888
5808,16890
5703,16892
1276,16893
1109,16898
866,16899
3006,16900
1099,16903
199,16904
1534,16906
2828,16908
5418,16909
2163,16912
3401,16915
2120,16916
572,16917
2428,16918
3666,16922
619,16923
4774,16931
2585,16936
5765,16957
4613,16964
69,16981
3357,16986
2977,16989
2280,16992
5797,16995
1757,16998
4746,17000
4448,17001
4098,17021
4729,17029
3936,17031
3404,17032
2279,17034
2259,17035
1019,17037
2284,17039
665,17040
2345,17041
4000,17042
1407,17044
312,17046
5759,17047
3857,17050
3854,17052
5134,17053
3167,17057
1536,17058
4331,17059
4763,17060
3420,17062
208,17063
4118,17064
2929,17065
502,17066
798,17067
795,17068
5683,17070
841,17072
2155,17076
4741,17077
5684,17078
1162,17081
2224,17082
2558,17083
5916,17085
3051,17086
1231,17087
3934,17088
4514,17090
1972,17091
1761,17092
2402,17095
3580,17097
1596,17101
5286,17103
1479,17104
3777,17105
4474,17106
1567,17110
2351,17112
4689,17115
2376,17117
3125,17118
4165,17119
2356,17120
462,17121
6042,17122
2406,17123
2420,17125
408,17129
1779,17135
1480,17137
5069,17138
3388,17140
2660,17143
2065,17144
4193,17147
3942,17149
5083,17151
5949,17155
1536,17159
962,17163
3434,17166
3447,17167
3833,17168
2050,17169
3470,17170
205,17171
5354,17172
3853,17178
5477,17180
2166,17181
5276,17182
3451,17183
2885,17186
883,17188
5124,17189
75,17190
2351,17191
183,17192
4725,17194
3125,17196
3807,17198
5743,17199
2971,17202
6089,17204
3955,17207
6001,17208
4539,17210
1203,17212
5554,17213
747,17215
2712,17216
1944,17221
5113,17222
5010,17223
2937,17224
2427,17227
1121,17228
1737,17231
795,17234
3451,17235
6023,17238
1304,17240
5262,17241
1593,17243
771,17244
4090,17245
3336,17249
1928,17253
236,17255
1153,17257
2788,17259
5857,17261
3042,17264
5615,17265
580,17266
4683,17269
3907,17273
2162,17274
1660,17286
3486,17293
4690,17294
1237,17301
1553,17306
182,17308
4204,17310
838,17312
2842,17313
5467,17315
2606,17316
2705,17322
4739,17323
5465,17326
1379,17335
4108,17339
2603,17340
836,17341
2794,17343
4923,17345
4450,17346
1409,17349
2095,17353
1612,17356
118,17357
2100,17359
3258,17363
4518,17364
3715,17365
5395,17366
3321,17368
398,17370
3039,17372
574,17374
3480,17375
2216,17376
5285,17377
5776,17378
928,17381
5866,17382
3780,17383
5024,17385
4588,17392
3673,17393
704,17394
5886,17395
4573,17396
4293,17397
2507,17399
3380,17402
2419,17403
4964,17404
4174,17405
3200,17407
5354,17408
4721,17409
5396,17410
1246,17414
4327,17416
1725,17419
4959,17421
5752,17422
3618,17423
5740,17426
578,17427
1559,17428
4721,17429
2499,17430
201,17431
1940,17434
1450,17436
1997,17437
1794,17440
4272,17442
5613,17443
5139,17445
5128,17446
4257,17450
6086,17451
2851,17452
2390,17453
1964,17455
1567,17456
1233,17458
2378,17459
3869,17461
4221,17465
2372,17467
4384,17468
2722,17469
5920,17472
3862,17473
4011,17474
24,17475
1740,17476
804,17479
3000,17480
4140,17481
5259,17484
5808,17485
892,17486
4435,17487
3166,17490
6118,17493
783,17494
2818,17496
5262,17497
2982,17498
4126,17501
4196,17505
1007,17508
1779,17509
4853,17510
2602,17511
20,17518
5771,17520
3041,17524
3103,17525
4508,17526
3738,17527
484,17528
1396,17535
803,17538
5132,17539
3504,17540
5666,17543
3674,17547
137,17548
4260,17549
1538,17552
4688,17557
1065,17558
358,17559
546,17560
4136,17566
5027,17568
5080,17570
4903,17574
2351,17577
4512,17579
3441,17580
5636,17581
79,17584
2771,17585
5099,17590
2831,17592
2189,17594
4499,17596
1765,17597
4154,17599
5807,17600
5146,17601
5023,17603
5614,17604
5941,17605
999,17606
3856,17608
3860,17609
2386,17615
1199,17617
4461,17618
1638,17619
4787,17620
845,17622
2582,17623
3623,17625
2199,17627
4899,17628
5062,17629
6045,17630
3844,17631
264,17632
1612,17639
1094,17642
2388,17644
4183,17647
3065,17648
4328,17649
1414,17650
3721,17653
2905,17654
378,17655
4965,17656
871,17658
5354,17662
65,17667
5288,17671
5309,17677
936,17705
5354,17708
4667,17711
3310,17712
1735,17713
5327,17715
3681,17716
2698,17717
1031,17718
485,17720
3620,17721
1124,17722
5397,17723
1603,17724
467,17728
66,17729
1317,17730
1671,17733
2189,17734
3497,17736
1422,17737
3220,17740
4484,17741
4535,17742
3272,17744
4803,17747
1490,17748
3954,17751
4223,17752
2910,17753
3161,17754
4253,17755
2726,17759
3103,17760
4575,17761
2187,17762
1579,17765
1809,17766
1125,17767
1318,17768
2341,17770
1937,17772
5987,17773
2774,17774
4807,17775
1207,17776
5834,17778
3234,17780
373,17783
3180,17784
4569,17785
5777,17786
4322,17787
1727,17788
3091,17789
6042,17790
1274,17792
5085,17794
5004,17797
5476,17799
1972,17801
2283,17802
1740,17803
5719,17804
2244,17805
619,17806
4640,17807
5098,17808
3313,17809
2311,17812
5938,17815
1800,17817
4410,17818
1454,17819
5027,17823
4429,17824
800,17825
3936,17826
2407,17828
3122,17830
5752,17832
1497,17834
4539,17838
5421,17843
5613,17844
5407,17845
1344,17847
2298,17848
4136,17850
5515,17851
1147,17852
5520,17853
1776,17855
5150,17858
4946,17859
956,17861
2523,17862
690,17863
4681,17865
3518,17867
2090,17869
624,17870
3313,17871
5107,17877
2280,17881
2918,17883
5420,17884
799,17885
4445,17888
3201,17889
2980,17894
2554,17895
6016,17897
714,17899
1685,17900
4108,17901
5431,17902
604,17904
2822,17909
2604,17910
1578,17911
4724,17912
2849,17913
1112,17917
6083,17920
3276,17921
5317,17922
5025,17923
2833,17927
3982,17930
839,17932
2189,17933
3983,17934
5077,17935
1763,17937
911,17938
3134,17939
4391,17943
1915,17944
1019,17945
913,17950
5721,17952
189,17953
5182,17954
189,17956
942,17958
2958,17959
3801,17961
1679,17963
4012,17964
5497,17965
5622,17966
5999,17967
4746,17968
5997,17971
5816,17973
208,17975
885,17976
1169,17977
3564,17978
1041,17979
4940,17980
5845,17984
4448,17986
3518,17987
5600,17988
1819,17989
347,17990
4326,17993
871,17994
4849,17997
2637,17998
3848,17999
3447,18000
1444,18003
4136,18005
3988,18010
4580,18012
326,18016
4216,18020
1566,18021
1687,18022
5520,18030
586,18037
1670,18038
4349,18040
5348,18042
5570,18052
1616,18058
2406,18060
734,18061
977,18062
5139,18063
2492,18065
3831,18066
2146,18068
688,18069
5146,18072
5718,18076
5850,18077
3068,18078
5088,18079
5755,18081
3419,18082
2892,18083
2654,18085
4325,18086
2056,18088
721,18090
4977,18091
4576,18092
3467,18093
3091,18094
2161,18095
1041,18096
369,18097
2815,18098
6109,18099
3840,18100
3031,18102
3110,18103
991,18106
5221,18108
1535,18109
692,18110
640,18111
5525,18112
851,18113
2507,18116
4663,18117
5266,18118
4259,18121
5397,18122
133,18123
1890,18125
1699,18128
4441,18129
4672,18130
3798,18132
4000,18133
5825,18134
2130,18135
5708,18136
1288,18138
2392,18139
809,18140
4610,18141
425,18145
2403,18146
3808,18153
4824,18156
3805,18157
1437,18160
2816,18161
4012,18163
3380,18164
980,18165
2189,18166
702,18167
3514,18176
1300,18180
574,18181
1600,18184
2169,18186
2917,18189
2323,18190
3982,18193
2629,18195
2982,18198
537,18199
5590,18200
3888,18205
4980,18208
5466,18209
1308,18210
996,18211
1382,18212
5360,18213
2740,18215
276,18216
3169,18218
1202,18220
3178,18224
5407,18226
1931,18227
5901,18231
3767,18232
2010,18233
5765,18234
5393,18235
2567,18236
1480,18239
4280,18240
1728,18242
4084,18248
1121,18249
542,18251
1095,18252
2412,18253
3052,18254
663,18255
4409,18259
1191,18260
3804,18264
5826,18267
3819,18270
21,18272
5337,18274
1410,18275
5245,18277
1096,18282
2356,18284
923,18285
5496,18290
4820,18291
3078,18292
5613,18293
5065,18294
5379,18296
4820,18297
3056,18298
1140,18299
3887,18304
4199,18305
3649,18306
905,18308
4150,18309
2715,18310
6073,18311
774,18312
3015,18313
2033,18314
1587,18315
3995,18316
626,18317
4579,18319
4445,18320
696,18321
5586,18322
5079,18324
462,18331
2927,18333
2035,18334
4262,18336
4509,18337
171,18338
1181,18340
1404,18341
2633,18343
3605,18344
63,18346
781,18347
5759,18350
1178,18354
4685,18363
1511,18364
959,18372
3450,18373
1055,18375
4165,18376
2101,18380
3578,18381
5292,18382
798,18385
558,18387
3659,18388
3027,18390
4225,18391
4272,18392
4619,18393
5838,18394
5475,18396
4912,18397
4330,18399
4924,18400
377,18404
5559,18405
4662,18406
3689,18407
1201,18409
1643,18412
945,18415
4151,18416
3600,18419
2232,18420
3854,18422
5004,18423
5044,18425
2612,18426
3600,18427
2075,18431
3080,18432
3007,18433
2869,18434
5150,18435
6001,18436
3681,18437
928,18438
2987,18439
4746,18440
4369,18442
2629,18443
4921,18444
2580,18445
1575,18446
1166,18447
5562,18448
210,18451
900,18452
4679,18453
1587,18454
1641,18455
4834,18457
3586,18458
2128,18459
4830,18460
4650,18461
1794,18462
255,18463
4353,18464
772,18466
2345,18471
2258,18472
1619,18474
103,18478
1828,18479
996,18480
1367,18481
5976,18482
3474,18483
4956,18487
5158,18489
769,18490
5082,18492
6014,18493
1383,18495
4797,18497
5427,18498
3485,18499
2309,18500
3486,18501
693,18504
5641,18505
1736,18511
3458,18512
1445,18513
5136,18514
514,18515
4532,18516
2426,18517
2198,18519
2389,18521
4383,18525
2524,18527
899,18529
4040,18533
171,18534
5901,18536
695,18538
5252,18540
2494,18542
6109,18543
2289,18544
5596,18545
4611,18549
5475,18550
3230,18553
197,18554
4786,18556
3486,18557
3024,18560
5767,18563
49,18564
916,18567
6030,18568
2259,18571
1915,18572
4183,18574
3252,18576
2196,18579
1397,18585
6031,18589
1265,18590
458,18591
787,18592
574,18593
5586,18594
3875,18599
4304,18601
2049,18603
3163,18607
4924,18609
5756,18610
4535,18611
422,18614
70,18615
3394,18618
5514,18620
2253,18623
5623,18625
4745,18629
2977,18632
4971,18636
3600,18641
1540,18645
5613,18647
3300,18648
5145,18649
1372,18650
5377,18658
5559,18659
4676,18663
1083,18666
4445,18669
574,18670
1735,18672
36,18673
4524,18678
5803,18679
3007,18680
845,18682
1317,18683
5207,18685
6110,18688
2340,18689
61,18691
4643,18696
3606,18698
832,18700
735,18701
3450,18703
3317,18716
558,18717
2958,18719
5422,18723
954,18731
2463,18733
4571,18735
3741,18736
902,18739
4310,18749
2811,18753
2674,18756
358,18758
349,18761
5678,18763
5781,18764
1274,18765
2039,18767
3671,18770
3736,18771
3679,18775
4161,18776
3757,18778
3466,18779
2034,18780
4745,18781
3883,18785
5470,18786
4142,18787
30,18790
2014,18791
2399,18794
1444,18795
5613,18797
4643,18798
3826,18799
1216,18800
935,18801
5328,18803
5544,18804
5584,18805
1040,18806
3558,18807
5801,18810
1819,18813
5866,18814
2221,18815
3703,18816
2307,18817
823,18818
5169,18821
5966,18822
1788,18823
5596,18825
3895,18826
1325,18827
2543,18828
2453,18830
5924,18831
2957,18833
4940,18834
3233,18836
5534,18837
139,18846
3999,18849
2604,18851
1233,18853
2869,18854
993,18856
5085,18857
2033,18858
2647,18859
512,18860
4002,18861
6068,18866
4163,18868
4136,18870
5083,18871
3008,18873
3012,18875
4569,18878
294,18879
731,18888
2790,18891
2930,18894
4197,18895
4450,18896
3883,18897
2950,18899
4920,18901
1683,18903
2636,18904
1019,18906
5233,18907
447,18909
5196,18912
850,18915
4860,18918
1532,18920
795,18923
2708,18927
4102,18929
1504,18932
1332,18934
1681,18935
5838,18936
5538,18938
3112,18939
4995,18944
264,18945
2912,18947
809,18949
4667,18950
5905,18951
4545,18952
5908,18956
502,18958
3515,18963
5781,18966
2567,18967
4749,18968
3457,18973
104,18975
4054,18977
4443,18982
1775,18983
812,18985
2060,18986
582,18989
3177,18990
1432,18995
1727,18997
5708,18999
5851,19001
3413,19002
727,19003
2416,19004
4752,19005
2433,19007
4213,19008
717,19009
3195,19010
2629,19011
1790,19012
3163,19015
4755,19017
2788,19018
5939,19019
3322,19020
4327,19021
307,19024
2357,19025
4965,19027
717,19030
5509,19034
3437,19035
2650,19036
3007,19038
2319,19039
17,19040
5812,19041
3162,19042
2510,19043
3494,19045
3805,19046
3642,19047
6006,19051
2206,19052
5613,19054
486,19056
1013,19057
4891,19059
1747,19060
2099,19062
3801,19068
5656,19070
1842,19079
5613,19082
884,19090
3291,19092
1621,19094
5723,19095
888,19096
3435,19097
2152,19098
5578,19099
4256,19100
6003,19101
1409,19103
3291,19104
5569,19106
6000,19108
3883,19110
3027,19111
1566,19113
3172,19116
1515,19117
4315,19118
1496,19119
4222,19121
4965,19122
4197,19123
1708,19124
1083,19125
5382,19126
787,19127
3506,19131
4648,19133
1603,19134
4976,19135
2107,19137
3854,19138
3619,19139
2352,19142
5062,19143
2762,19147
2148,19148
4688,19151
882,19152
5209,19153
1099,19154
4705,19155
4481,19156
5062,19157
5694,19158
4216,19159
4272,19160
608,19163
3805,19165
5802,19170
1459,19171
3432,19173
3591,19174
1222,19175
3019,19176
194,19178
4081,19179
4165,19180
5533,19181
2289,19182
3202,19184
4378,19185
2993,19186
602,19187
2471,19188
3616,19189
1678,19191
5397,19192
4543,19194
3566,19195
1536,19196
2955,19197
3238,19199
4350,19201
3587,19202
6010,19203
1063,19204
2600,19206
2311,19207
1536,19208
4449,19209
720,19211
545,19212
2492,19213
5132,19214
5728,19215
1870,19216
5525,19217
3776,19220
3603,19226
3461,19228
4549,19229
3926,19232
5369,19233
4208,19234
4671,19235
1267,19236
4899,19240
3128,19242
4940,19244
981,19250
5702,19253
1305,19257
1857,19259
3135,19263
2591,19264
3443,19267
3486,19269
4598,19270
4302,19273
54,19277
737,19278
3494,19279
1725,19280
4012,19282
1213,19284
3329,19287
4363,19290
2756,19291
2880,19294
3511,19296
3240,19297
3734,19298
4635,19300
5496,19301
4940,19305
5905,19309
759,19311
1175,19312
2598,19316
5413,19324
265,19327
2896,19331
340,19332
844,19333
4628,19341
2259,19342
2253,19343
5765,19344
5158,19345
4590,19346
1968,19347
4684,19348
5536,19349
4747,19351
2726,19353
706,19354
2317,19355
1274,19356
4686,19357
5126,19359
858,19362
2382,19364
495,19367
4479,19368
747,19369
1819,19370
3431,19371
405,19373
4626,19375
5625,19377
4976,19379
3030,19380
5802,19384
5320,19385
4625,19386
4821,19387
5965,19388
603,19389
4176,19391
2942,19395
4462,19400
2469,19401
1369,19402
854,19404
4004,19407
5437,19409
3762,19410
5307,19412
6020,19413
4989,19416
2259,19418
1202,19419
6084,19420
2406,19421
4170,19423
532,19424
393,19425
837,19426
2917,19428
2715,19429
4789,19430
5016,19432
2154,19434
4331,19435
5278,19438
2447,19440
5567,19441
4012,19442
1920,19443
553,19444
2496,19445
4969,19446
610,19448
4976,19449
1963,19451
3189,19452
5115,19454
149,19456
4708,19458
4241,19460
5497,19461
5680,19464
1454,19465
3165,19466
5739,19469
6093,19473
4220,19474
5068,19475
785,19477
4667,19479
4838,19481
4237,19484
1230,19489
1831,19490
170,19492
2259,19495
2090,19497
4636,19498
1033,19499
4374,19500
2035,19502
3390,19503
3181,19504
2356,19506
5570,19507
2636,19508
3801,19509
2667,19511
5044,19513
5115,19514
2675,19515
5527,19518
1826,19520
2993,19521
4924,19523
4405,19525
1194,19527
834,19528
4899,19530
4716,19532
4280,19539
3139,19540
2184,19547
194,19550
5353,19551
3044,19552
5860,19553
4078,19555
3530,19556
5303,19557
1162,19558
5881,19560
415,19561
3070,19564
4504,19568
2571,19570
2605,19571
6104,19572
260,19573
4031,19574
3193,19575
1142,19576
12,19580
4310,19588
427,19592
164,19593
4778,19595
2285,19598
2148,19599
1951,19600
3381,19603
909,19606
1739,19608
2327,19614
4824,19617
3980,19620
5311,19624
4309,19626
4264,19628
616,19629
5833,19630
5183,19631
2044,19632
3895,19633
1137,19644
4163,19645
4225,19647
4995,19648
1610,19649
495,19650
1819,19651
836,19652
3109,19654
4332,19655
3451,19656
2197,19657
4667,19658
3475,19660
422,19661
1089,19662
2321,19663
804,19666
2192,19667
2044,19668
1962,19670
2259,19671
4700,19672
288,19673
4733,19675
345,19676
1115,19677
4660,19678
1530,19679
4206,19681
913,19683
3451,19684
5978,19685
3592,19686
4759,19687
4045,19689
1454,19692
3687,19693
4635,19694
2074,19696
2329,19698
3977,19700
1109,19701
3020,19703
1747,19704
2566,19705
3927,19706
4071,19707
2496,19708
2148,19709
4505,19711
921,19712
4311,19713
4176,19715
2872,19716
3282,19719
2314,19721
3303,19722
4682,19725
5039,19729
1290,19730
5601,19731
3038,19733
1516,19734
3749,19736
1736,19738
355,19742
1382,19743
2021,19744
3535,19745
1452,19749
6040,19750
5030,19752
993,19753
1283,19755
1163,19758
235,19759
4729,19762
3027,19764
3774,19765
2234,19766
900,19767
5771,19768
2468,19769
194,19771
3263,19772
3974,19774
625,19775
3476,19776
3545,19778
5798,19779
5499,19780
4710,19781
896,19782
61,19784
2970,19785
4829,19791
4976,19792
3758,19794
4136,19797
1447,19798
4502,19799
425,19803
5066,19806
5031,19808
2896,19809
3033,19810
6121,19811
1925,19813
5154,19815
2725,19816
5557,19819
1473,19822
5497,19823
3380,19830
3140,19831
1655,19832
5241,19833
3135,19834
3395,19836
2272,19837
1758,19838
3982,19840
4458,19841
3831,19845
5835,19846
4010,19847
2482,19857
2097,19858
1298,19860
1397,19861
3983,19865
965,19867
4519,19870
398,19871
3852,19874
5545,19875
5995,19879
6028,19880
571,19881
2510,19883
3111,19888
5341,19889
4280,19894
5150,19899
1843,19903
2450,19910
4804,19911
3293,19912
4000,19916
4213,19922
842,19923
3456,19926
4967,19927
5337,19928
5842,19929
3121,19931
4474,19935
1977,19937
5611,19938
3780,19941
1948,19942
5411,19945
774,19947
6044,19949
6061,19950
891,19951
4561,19952
916,19953
2562,19954
4004,19955
5781,19958
2668,19961
2186,19962
5059,19964
5771,19967
5629,19970
3350,19973
5044,19975
5989,19978
831,19981
2010,19982
5262,19985
1317,19986
4582,19988
2782,19989
1764,19990
2716,19992
5300,19993
90,19994
2294,19996
711,19997
3851,19999
1598,20001
4921,20002
2371,20003
1899,20010
5987,20011
2342,20012
5571,20013
5743,20014
5243,20015
5614,20016
520,20017
3338,20018
1556,20019
453,20020
3518,20021
4312,20024
615,20028
4543,20029
391,20030
431,20033
5327,20034
2155,20036
776,20037
1550,20039
6081,20040
5533,20044
3455,20049
5978,20052
1384,20055
5262,20056
2739,20058
3549,20059
4476,20060
2496,20061
3431,20062
2547,20064
4197,20066
38,20068
171,20072
4920,20075
1506,20077
5893,20078
738,20079
4518,20080
5334,20081
6134,20083
4531,20085
4769,20087
4287,20088
3096,20089
5033,20092
1574,20093
269,20094
367,20097
386,20098
5685,20099
2694,20102
1182,20105
3079,20106
2041,20108
5985,20110
1300,20112
2860,20114
4243,20117
3598,20118
3767,20120
3136,20121
2293,20128
21,20136
2900,20137
5667,20138
2468,20139
4363,20144
183,20148
400,20151
6009,20152
5841,20153
4255,20154
4381,20157
2600,20160
4679,20163
4592,20164
2348,20165
3570,20169
3450,20170
2409,20172
4199,20174
323,20176
149,20178
3833,20179
3260,20180
312,20181
1544,20182
4302,20183
5764,20187
4259,20188
2484,20190
2740,20197
3085,20198
3726,20199
5053,20200
4172,20201
4953,20202
5186,20206
6024,20207
5986,20208
761,20211
6021,20212
3319,20213
3500,20214
463,20215
4936,20217
1644,20219
2719,20220
2792,20222
5954,20225
4783,20227
1499,20228
836,20231
2466,20233
1900,20234
1621,20235
4178,20236
2292,20237
3388,20238
257,20240
1720,20241
5112,20242
4526,20248
3130,20249
2417,20251
376,20253
5953,20257
5993,20258
413,20259
323,20260
2597,20262
4340,20264
4356,20268
3886,20269
4698,20270
2512,20271
1197,20272
990,20273
3425,20274
1758,20276
3094,20278
5085,20282
4029,20283
216,20284
2090,20286
263,20288
3465,20289
5859,20290
3927,20291
1431,20292
5523,20293
4745,20294
612,20295
6079,20296
2374,20299
5538,20302
5765,20303
4265,20305
5954,20306
4038,20307
643,20308
4727,20309
3494,20312
795,20313
2668,20315
2367,20317
4903,20319
250,20320
1610,20322
2711,20323
917,20324
4997,20326
1922,20327
5730,20328
236,20329
844,20331
5556,20332
2893,20333
2148,20337
5134,20338
1216,20340
5838,20341
113,20343
4702,20347
592,20348
2920,20351
5680,20353
3546,20354
429,20356
2314,20359
3580,20360
1666,20361
239,20362
965,20364
893,20365
5033,20366
502,20367
3951,20368
928,20370
2796,20371
3618,20372
1189,20377
2960,20378
672,20380
4448,20381
3669,20383
4068,20384
6042,20385
462,20391
5916,20393
28,20401
1942,20406
618,20413
3154,20416
5099,20421
2442,20423
1581,20427
5719,20428
2461,20430
4558,20431
3973,20434
4556,20435
5281,20436
3103,20437
5155,20439
568,20441
5016,20442
600,20444
2872,20445
4272,20446
1246,20447
5141,20449
4302,20450
5085,20451
3805,20452
4713,20453
5150,20455
5664,20456
4963,20457
6037,20458
5282,20460
5332,20461
1740,20462
1326,20463
3481,20465
5397,20466
201,20469
1869,20470
2523,20471
6008,20474
3160,20475
5729,20476
5012,20477
4666,20479
1590,20480
1332,20481
987,20484
4025,20486
2568,20490
293,20491
3600,20493
1809,20494
5540,20496
5804,20499
5571,20500
996,20501
4613,20502
248,20506
3450,20507
5977,20508
1924,20509
1176,20510
44,20513
3658,20515
3324,20516
4684,20517
4762,20521
287,20522
6042,20523
5179,20525
3984,20526
2300,20527
760,20528
3771,20529
1111,20530
2865,20531
3065,20533
3671,20535
262,20536
795,20537
2342,20539
6136,20541
3319,20542
2519,20543
787,20545
4238,20547
3032,20552
2549,20553
4942,20555
5138,20556
1440,20562
2037,20564
342,20565
4347,20566
2805,20567
4448,20568
1094,20569
4681,20570
5768,20573
4783,20578
5571,20580
2236,20582
4970,20584
2091,20585
2911,20588
4411,20590
4151,20591
4751,20593
5134,20595
1763,20597
5043,20598
3864,20599
4681,20600
957,20602
3480,20603
5926,20607
5571,20609
4783,20611
4181,20612
1827,20615
5756,20618
4517,20620
725,20622
2131,20629
5613,20630
1129,20633
5257,20634
4740,20636
5027,20637
2290,20638
2166,20639
2725,20640
3413,20641
1547,20642
1875,20643
693,20645
834,20646
1937,20648
5259,20649
6090,20650
3330,20652
1288,20654
4667,20655
1653,20657
2877,20658
2974,20659
4569,20666
416,20667
1752,20668
4087,20670
1228,20671
5197,20675
5541,20677
5324,20678
3308,20680
3245,20683
3937,20684
3990,20686
4316,20689
4266,20690
2565,20693
5035,20694
5074,20698
4292,20699
4940,20701
3911,20703
2343,20705
4108,20706
4272,20707
4841,20711
2285,20712
4273,20713
5004,20714
5918,20717
1806,20721
836,20722
5971,20723
2148,20725
1612,20726
4177,20727
5268,20732
4237,20733
2988,20735
4626,20736
5852,20739
5075,20740
405,20741
5372,20745
2917,20747
2384,20748
5731,20749
4736,20750
3067,20752
1921,20754
3386,20755
1436,20761
4994,20763
1392,20765
602,20768
1844,20769
3198,20770
1140,20772
4507,20774
5062,20775
5808,20776
5679,20777
112,20778
5703,20781
48,20782
2440,20783
4393,20784
5497,20785
5097,20786
1208,20787
3110,20788
5501,20790
2938,20791
4998,20792
3099,20798
2552,20799
5280,20800
460,20801
1143,20802
1302,20804
56,20806
3094,20807
5596,20809
741,20810
5896,20811
4508,20812
4690,20814
539,20817
4024,20821
4950,20822
5302,20823
1753,20826
1605,20827
818,20829
2046,20831
5245,20833
4015,20834
3310,20835
3940,20836
2333,20837
5090,20838
4851,20842
2509,20844
213,20846
1119,20847
2631,20849
5325,20851
316,20852
4230,20854
4353,20857
3649,20858
3774,20859
2150,20861
1349,20863
347,20864
1393,20870
3208,20872
4514,20873
2803,20874
6013,20875
4146,20876
3018,20878
5685,20879
2976,20881
5729,20882
2082,20883
1811,20885
5074,20886
3125,20887
5129,20888
3592,20889
3803,20892
1111,20893
2989,20894
2422,20895
3530,20896
3431,20897
1723,20898
3328,20899
3629,20901
1294,20903
6037,20904
3755,20906
159,20907
4384,20909
5982,20910
1669,20913
4169,20914
5554,20915
2393,20916
2314,20918
3318,20919
2096,20923
2612,20925
394,20926
4971,20928
2554,20930
4082,20931
2597,20932
2362,20935
1182,20939
3702,20942
4673,20944
2166,20945
4120,20946
2830,20947
1246,20948
4514,20950
997,20951
5070,20954
4687,20956
1571,20957
4123,20959
27,20960
2584,20961
4768,20962
880,20964
4627,20965
3091,20968
353,20970
1121,20971
1548,20972
5614,20974
3113,20978
4726,20979
4679,20980
735,20981
3391,20982
2965,20983
1758,20985
2488,20986
924,20987
2042,20989
1617,20992
3725,20993
4534,20994
2134,20997
4679,20999
294,21000
4508,21001
1670,21002
5817,21003
2486,21006
2264,21008
4906,21011
962,21012
2602,21013
2766,21014
2588,21016
1002,21018
1527,21020
5591,21022
5984,21023
1137,21028
1290,21030
926,21031
5046,21034
3328,21038
5316,21042
1495,21045
4996,21046
49,21047
4594,21049
5344,21051
4183,21053
5664,21054
1518,21056
5811,21059
3257,21060
1349,21062
5670,21063
5614,21066
4911,21068
5841,21069
3096,21071
5516,21073
2425,21077
5571,21078
5016,21080
5506,21081
3817,21084
5063,21086
5467,21087
3982,21090
4743,21092
5176,21094
4480,21095
619,21096
6091,21098
4496,21100
5049,21102
3163,21103
3133,21105
2166,21109
1566,21110
3169,21112
6007,21116
4743,21117
3350,21121
4768,21124
2993,21127
1669,21128
114,21129
2583,21130
1802,21131
2190,21132
2926,21133
5098,21136
2024,21138
298,21139
2806,21140
405,21142
4027,21143
2000,21145
4840,21146
2498,21147
2851,21152
4302,21153
3831,21159
4784,21161
4782,21162
4593,21163
3443,21165
2905,21166
4163,21168
3186,21169
4564,21170
5145,21171
3248,21172
1767,21173
2402,21176
2629,21178
4172,21179
1118,21181
4082,21182
4946,21183
6015,21184
5561,21186
5570,21187
5497,21188
1591,21189
5878,21191
5648,21192
3728,21194
4786,21195
531,21199
2615,21200
4237,21201
4398,21203
1809,21212
3980,21214
1445,21217
3856,21218
5901,21222
31,21225
3784,21228
3380,21230
4922,21231
4854,21232
2079,21234
1383,21237
3643,21238
5310,21239
742,21240
1029,21242
3493,21244
1094,21245
1718,21248
3167,21250
2648,21252
885,21254
5680,21255
5266,21258
993,21259
2165,21260
129,21261
5744,21264
5663,21265
4165,21266
2921,21268
4213,21270
6074,21271
5812,21273
1150,21274
2440,21276
3785,21281
5849,21282
1180,21285
463,21286
3277,21287
3472,21288
5578,21290
4773,21291
4272,21292
4447,21293
1119,21294
3121,21296
2289,21299
6118,21300
5058,21301
3074,21302
2066,21304
5648,21306
901,21307
3563,21308
3630,21309
6061,21310
3146,21313
3431,21315
1686,21316
6037,21317
139,21319
5112,21320
3025,21322
787,21325
4484,21326
3096,21328
255,21329
902,21331
1798,21333
1222,21335
1936,21336
740,21338
5916,21340
5419,21342
5433,21344
1125,21345
5262,21346
6042,21347
2503,21348
1060,21349
5788,21350
910,21351
27,21352
5329,21353
2401,21354
1332,21356
1162,21359
2697,21364
5443,21368
3502,21369
5935,21374
2334,21375
216,21379
568,21380
5819,21381
4199,21383
866,21385
4210,21386
4777,21389
4796,21397
3898,21398
1457,21399
2192,21400
1886,21403
1076,21404
4929,21407
3080,21408
3204,21410
2965,21412
3387,21414
5768,21415
6042,21416
3183,21417
101,21418
4851,21422
4316,21423
4700,21424
962,21425
5778,21426
1447,21428
5243,21429
935,21430
342,21433
295,21434
633,21435
4983,21436
3780,21437
4107,21439
851,21444
3219,21445
3549,21446
1656,21447
3035,21448
3372,21449
2623,21450
4105,21451
3451,21452
2090,21454
2205,21455
5525,21456
4626,21457
5944,21458
2307,21460
3995,21461
3090,21466
4887,21469
2556,21470
2192,21471
6064,21472
1972,21474
4385,21476
3046,21477
3158,21483
502,21485
5163,21486
974,21487
2348,21488
3707,21489
74,21490
1511,21491
3990,21494
3985,21495
902,21496
1120,21497
5066,21498
2274,21505
1059,21506
5371,21507
149,21509
5152,21511
4887,21513
121,21515
5819,21516
68,21517
5538,21521
2603,21522
1706,21523
5499,21524
626,21525
2997,21528
612,21532
2197,21533
2748,21534
1208,21539
1973,21540
5096,21541
5861,21542
3564,21543
2785,21544
5284,21547
1855,21548
4961,21549
4280,21553
4191,21555
2169,21557
5193,21559
1484,21560
1108,21561
5175,21562
3992,21564
2084,21565
778,21566
2397,21569
1611,21571
4212,21572
2958,21574
65,21577
5654,21578
3417,21579
21,21582
4754,21584
361,21589
3014,21591
3054,21594
4099,21595
3070,21597
74,21598
4266,21601
5436,21602
1997,21603
3604,21604
2648,21605
2000,21606
3881,21607
1475,21612
2048,21614
2430,21616
966,21617
5554,21618
2350,21619
5424,21620
4729,21623
2604,21624
2526,21628
4940,21629
3494,21633
2561,21634
3598,21636
3024,21640
4280,21641
4699,21643
1332,21644
3741,21645
1567,21646
2744,21647
1553,21648
3217,21649
3108,21651
5468,21652
4659,21653
4549,21655
398,21656
4236,21657
92,21659
5655,21660
5808,21661
135,21663
4446,21665
5156,21666
1445,21667
5154,21668
3646,21669
3565,21670
3047,21671
4528,21673
5594,21674
3140,21681
714,21684
6042,21685
5808,21687
2311,21688
1930,21689
3594,21690
5588,21691
4161,21692
4796,21693
5127,21694
1253,21695
3275,21698
1225,21699
5132,21700
1731,21702
2451,21703
5530,21704
734,21705
4280,21706
6124,21708
5134,21710
2309,21711
4723,21712
5067,21713
547,21715
942,21717
622,21718
518,21721
5293,21723
4467,21728
2078,21729
2976,21730
21,21733
3163,21736
2457,21737
4977,21739
259,21740
4097,21741
4291,21743
2636,21745
4766,21746
2383,21748
712,21751
4160,21753
4207,21759
5666,21764
4654,21767
5042,21770
1231,21771
3671,21772
6003,21774
4971,21775
602,21776
3629,21777
4251,21778
1193,21781
120,21782
1187,21783
2067,21784
5997,21786
5089,21787
3295,21788
4844,21790
2080,21791
2309,21792
422,21794
3875,21795
2024,21796
1222,21798
5827,21799
5468,21800
5997,21801
3989,21802
6101,21804
5401,21805
2966,21807
1642,21808
1759,21809
1669,21811
3559,21812
5711,21815
2742,21816
4037,21817
442,21818
3469,21819
4962,21820
4679,21824
1505,21826
5109,21828
5808,21829
4861,21830
4892,21831
4797,21832
4249,21834
4452,21835
2963,21836
2313,21837
294,21840
2715,21842
3155,21843
1536,21844
3980,21846
3962,21847
4694,21848
1516,21850
294,21851
4652,21852
3773,21854
1740,21855
2156,21857
5128,21858
3437,21859
2167,21863
1587,21864
4934,21865
3348,21867
4951,21871
4079,21872
3598,21873
5426,21876
3713,21877
2293,21878
859,21879
901,21880
3105,21881
3181,21882
5476,21885
1621,21887
1645,21888
1527,21889
2329,21890
2238,21893
3165,21894
1450,21895
5982,21896
4715,21897
3288,21898
2485,21900
2365,21901
236,21902
4688,21903
597,21905
5819,21906
962,21907
3690,21911
5276,21913
1868,21914
4272,21916
3523,21918
2187,21920
3112,21921
3598,21922
5613,21923
3350,21924
5200,21927
2420,21930
939,21931
757,21933
364,21934
1873,21936
5557,21938
631,21939
4504,21943
2583,21944
726,21946
5713,21948
1399,21949
4019,21950
2297,21951
5085,21952
3014,21953
5861,21955
3649,21956
3532,21957
1568,21958
164,21959
4588,21960
1573,21966
1197,21967
1740,21969
398,21970
3142,21972
696,21974
158,21976
5293,21978
1039,21981
2282,21986
4144,21987
6130,21988
2088,21989
3061,21992
5081,21993
4017,21996
4850,21997
3178,21999
1285,22000
1100,22005
1670,22006
1571,22007
1843,22008
2747,22010
200,22011
5407,22012
1270,22014
1077,22020
4324,22021
3803,22022
1823,22023
3889,22024
1345,22027
1161,22028
4024,22029
717,22033
6020,22035
1033,22038
5466,22040
2406,22041
1846,22042
542,22047
2700,22048
3593,22049
4770,22050
2360,22052
4212,22053
4353,22054
621,22055
4205,22056
5838,22057
4248,22058
1977,22059
4307,22060
3659,22061
1782,22062
148,22063
3929,22064
5676,22065
2915,22066
2928,22068
3492,22070
5997,22071
1280,22072
2599,22074
2634,22075
141,22076
4901,22078
4472,22079
3578,22080
5887,22081
500,22082
6065,22083
5444,22084
1832,22087
859,22090
2738,22091
407,22092
2490,22093
5014,22100
2100,22102
5034,22105
4839,22107
646,22110
1765,22112
102,22113
3048,22114
4602,22116
3112,22117
5849,22118
2259,22119
1417,22120
397,22121
4768,22128
3590,22131
626,22133
701,22135
1126,22136
866,22138
3493,22139
920,22140
5442,22141
4835,22142
383,22143
791,22144
5505,22146
866,22147
721,22149
5016,22150
967,22152
5533,22153
1216,22154
3328,22155
3826,22156
3438,22157
1590,22159
2715,22164
538,22165
2096,22168
1761,22169
748,22171
2293,22172
3074,22174
5407,22175
350,22176
1690,22178
4758,22180
2895,22182
5916,22185
1186,22186
2409,22187
4624,22190
1661,22191
1209,22194
2366,22195
3396,22196
101,22199
3183,22201
1670,22203
2185,22205
5074,22209
5867,22210
2788,22211
1917,22212
2810,22214
5307,22215
2157,22216
2565,22217
3229,22218
1057,22222
2939,22223
3971,22225
411,22226
3945,22227
2734,22229
5841,22230
398,22231
1155,22232
5613,22233
2503,22239
5007,22241
694,22242
5146,22243
5811,22244
845,22245
3970,22247
4415,22249
5585,22250
4538,22251
859,22256
3741,22257
1136,22259
2568,22260
2155,22261
3621,22262
6070,22270
2638,22272
1009,22274
1231,22275
5943,22277
3982,22278
46,22279
74,22281
6031,22283
2899,22286
4962,22288
3072,22289
5115,22290
4334,22291
2063,22292
4451,22294
3093,22296
4478,22297
1708,22299
3037,22300
2917,22301
1931,22304
3736,22305
108,22308
1317,22310
5358,22319
461,22328
2190,22329
3180,22330
1694,22334
2672,22336
1100,22337
294,22339
3337,22340
1447,22341
2262,22342
665,22343
6003,22346
3747,22348
1920,22350
1916,22351
346,22352
3469,22354
5515,22355
3499,22356
5338,22358
3542,22363
2065,22364
5571,22366
2726,22370
591,22372
6046,22403
3177,22412
3733,22423
5560,22426
1321,22430
4501,22434
2317,22460
5018,22470
2299,22480
1688,22484
4596,22497
656,22524
1246,22535
2809,22537
5721,22554
261,22566
6052,22569
2725,22571
5483,22572
2250,22616
3788,22619
3741,22628
2825,22630
2568,22663
247,22686
1866,22722
2034,22738
4535,22746
4163,22751
3129,22760
5370,22762
3510,22766
4727,22772
4352,22789
5803,22792
4914,22800
1667,22813
5885,22827
5661,22829
3953,22840
4080,22847
457,22855
2880,22856
5095,22862
1856,22888
2089,22903
415,22911
3611,22925
960,22926
50,22941
2995,22943
183,22945
3677,22952
4664,22969
401,22977
3683,22987
4670,23006
5992,23023
1964,23041
3737,23043
5829,23044
1509,23061
897,23071
4701,23073
4299,23094
865,23105
4819,23116
1801,23154
5060,23170
3494,23177
5678,23179
3935,23191
1370,23201
1623,23203
3107,23204
3134,23243
5262,23251
81,23252
1290,23259
751,23261
1267,23280
1935,23291
4166,23293
6046,23294
258,23296
3908,23385
1443,23395
5434,23405
4979,23437
4935,23459
6065,23463
2434,23470
4078,23478
1821,23480
1884,23484
4667,23486
2053,23490
909,23491
3159,23518
3758,23543
2551,23554
2598,23556
1309,23563
5408,23566
2902,23586
2373,23587
4192,23591
3081,23635
2265,23641
3647,23650
892,23656
2495,23659
1909,23678
50,23703
3352,23713
5172,23724
4186,23755
18,23763
4384,23776
4821,23777
3631,23785
1054,23798
423,23801
3344,23811
2796,23837
151,23842
2637,23860
204,23866
3919,23908
2420,23923
4832,23924
2662,23946
4103,23968
2169,23974
5264,23977
5830,23978
224,23980
326,23990
1703,24002
1363,24006
2543,24017
5116,24020
3315,24023
2337,24024
246,24028
5203,24038
2492,24057
3743,24063
3451,24069
166,24076
5503,24081
1527,24091
1565,24105
3732,24109
821,24125
2068,24131
6086,24134
2302,24147
5150,24174
5388,24180
1589,24200
4359,24201
2968,24225
4480,24230
3813,24231
673,24237
5951,24244
5673,24246
4944,24279
5120,24290
223,24291
1965,24298
4337,24316
4414,24320
324,24322
2309,24334
626,24355
3197,24401
2144,24415
906,24435
3904,24446
1262,24458
14,24479
613,24482
587,24510
4700,24522
3519,24560
1825,24567
5412,24573
1141,24605
2805,24640
2609,24642
87,24644
1271,24653
1502,24661
1990,24669
674,24688
4430,24710
3902,24727
3818,24748
5763,24753
3,24764
4165,24792
2235,24795
237,24824
4583,24832
4100,24836
2145,24840
5217,24846
1911,24895
2673,24913
1696,24920
5614,24939
34,24965
22,24987
6107,24989
188,24997
2276,25031
4474,25033
4978,25038
196,25104
5380,25125
819,25130
5818,25154
4966,25172
4760,25173
5162,25178
1218,25214
4774,25226
2595,25235
417,25248
1447,25299
5914,25300
5787,25301
4356,25312
5821,25326
918,25342
5543,25347
4563,25352
6089,25357
1878,25374
4091,25411
3200,25419
3596,25435
705,25479
5781,25484
382,25501
4155,25514
2697,25522
2658,25529
569,25548
6089,25557
829,25578
1982,25591
4572,25596
2573,25601
5913,25628
3457,25646
2176,25663
5150,25667
3016,25670
1045,25671
2213,25694
2724,25696
2222,25705
1725,25724
3053,25743
1024,25744
4518,25762
473,25834
4596,25838
2045,25882
2447,25883
1666,25891
845,25908
2806,25923
5704,25928
826,25931
6000,25948
1303,25952
3361,25955
5933,25962
300,25970
5783,25978
1908,25984
591,25987
3362,25988
2423,25993
1691,25995
5756,26001
4161,26002
97,26016
5008,26036
1803,26046
2114,26063
1809,26106
1978,26130
1938,26152
2317,26176
396,26178
1215,26207
4903,26208
1497,26209
713,26224
6011,26226
6001,26227
3726,26233
4541,26234
2894,26237
5513,26242
3543,26264
3369,26265
4423,26276
1340,26282
5803,26286
180,26302
2452,26315
1829,26335
305,26338
5150,26339
1219,26343
5102,26376
5977,26383
6112,26389
4949,26391
5375,26396
274,26397
5732,26400
422,26401
5704,26408
6128,26434
3385,26458
5740,26462
4947,26464
1487,26465
2210,26469
5342,26474
5004,26476
5148,26477
1859,26491
3023,26516
4560,26538
5170,26539
1614,26540
2883,26553
4591,26586
1917,26589
3442,26594
2727,26616
456,26619
4119,26645
3663,26652
322,26670
574,26688
737,26699
1267,26716
421,26721
5219,26732
4422,26752
5115,26755
1624,26761
337,26783
1680,26789
5185,26812
3145,26832
502,26838
5524,26841
3347,26858
5235,26864
5152,26878
1261,26881
2887,26889
1021,26938
5400,26948
713,26963
4256,26977
439,27012
769,27016
723,27035
4707,27066
145,27069
3235,27078
650,27079
1147,27083
982,27085
5829,27121
5315,27133
4272,27146
5306,27149
682,27150
379,27153
5858,27157
2661,27182
4080,27208
1252,27213
3588,27214
1200,27215
39,27218
197,27220
835,27221
3698,27232
334,27235
4486,27236
2832,27264
5496,27279
343,27283
5297,27286
414,27290
3796,27305
4450,27315
5269,27327
273,27338
606,27340
3834,27341
4753,27353
1675,27381
2631,27424
3921,27473
5243,27474
4805,27479
1854,27486
548,27493
3726,27524
3409,27525
9,27527
6000,27535
5944,27546
902,27558
745,27569
2692,27591
1695,27611
5358,27621
4186,27653
254,27659
1447,27662
4439,27666
5003,27672
2326,27677
3711,27687
4464,27707
4891,27716
1240,27731
4014,27733
1893,27738
3447,27739
2064,27741
2243,27744
336,27748
1335,27751
5441,27757
2196,27789
2170,27796
923,27825
3997,27830
5812,27832
3753,27840
4216,27856
202,27866
2627,27868
1051,27887
1539,27889
4459,27901
4101,27937
2432,27964
3550,27972
2508,27988
2687,28000
360,28010
5232,28013
1562,28018
5480,28020
5752,28031
1092,28045
3512,28046
502,28062
4915,28065
4177,28067
1430,28070
1652,28075
4346,28100
5451,28105
5490,28116
1664,28118
4272,28121
53,28142
4905,28145
2646,28158
4957,28170
187,28176
5965,28182
2857,28202
3924,28205
5288,28212
2924,28261
4990,28264
1480,28266
110,28281
4250,28282
5365,28284
4272,28298
5035,28307
5696,28308
2767,28316
1815,28339
5911,28366
3436,28369
1892,28373
3299,28392
3831,28398
4159,28399
5222,28402
4436,28403
994,28413
1069,28428
5800,28431
476,28456
2437,28461
3610,28497
4569,28519
4474,28534
4314,28562
492,28563
1467,28567
4933,28571
3682,28586
5193,28590
1992,28599
4231,28635
3529,28642
2663,28651
3253,28671
2386,28729
540,28754
2727,28762
5809,28766
3379,28788
225,28799
3158,28827
4987,28831
2049,28841
1809,28850
3910,28851
2755,28854
2541,28859
1388,28881
3457,28887
950,28895
5013,28900
3899,28927
1997,28982
82,29033
3349,29042
2534,29045
4845,29048
1035,29050
4007,29058
2278,29060
5898,29066
3122,29083
4302,29145
488,29150
2934,29178
1277,29181
2408,29206
5536,29214
1327,29245
3095,29276
424,29304
2961,29317
5409,29354
571,29358
562,29388
743,29412
4341,29433
3325,29434
3506,29504
5076,29520
1167,29523
1067,29560
2491,29562
2212,29563
746,29571
5709,29594
559,29607
5124,29612
1202,29626
3911,29641
3718,29642
524,29679
145,29684
1455,29689
5429,29695
813,29713
3821,29730
5463,29734
4445,29735
3657,29742
1250,29750
5870,29778
6009,29786
1689,29865
496,29871
5337,29878
1912,29879
4173,29894
3320,29943
495,29946
3464,29972
5762,29980
3426,29985
2295,29988
5454,29996
2958,29997
4373,30009
1050,30013
2517,30024
596,30028
4687,30048
1015,30059
1797,30063
5968,30084
1758,30090
1071,30108
3061,30122
5704,30123
2671,30137
5923,30149
4899,30180
2863,30203
3585,30206
2247,30212
4810,30216
5053,30218
804,30220
1954,30221
5138,30222
603,30223
6052,30224
2867,30225
254,30226
287,30227
3752,30228
1279,30229
1447,30230
5680,30231
4561,30232
586,30233
1413,30234
4968,30235
1622,30236
1657,30237
2538,30238
5259,30239
6108,30240
3003,30241
6069,30242
1569,30243
5668,30244
3320,30245
700,30246
3837,30247
4904,30248
1704,30249
5074,30250
855,30251
6082,30252
217,30253
27,30254
4188,30255
3863,30256
3200,30257
1204,30258
2172,30259
2565,30260
2134,30261
693,30262
3500,30263
6104,30264
5039,30265
1216,30266
3367,30267
1310,30268
851,30269
36,30270
3005,30271
374,30272
1448,30273
3920,30274
4165,30275
5959,30276
4705,30277
3283,30278
5589,30279
223,30280
6062,30281
4197,30282
4646,30283
2347,30284
224,30285
4932,30286
2090,30287
4739,30288
6131,30289
3575,30290
4237,30291
5,30292
5705,30293
1140,30294
3909,30295
162,30296
5738,30297
5290,30298
4647,30299
4647,30300
4382,30301
3794,30302
123,30303
2005,30304
542,30305
2651,30306
6133,30307
268,30308
5884,30309
5457,30310
2136,30311
1034,30312
3756,30313
5901,30314
5823,30315
5364,30316
3900,30317
5267,30318
1612,30319
1562,30320
303,30321
3573,30322
5119,30323
3410,30324
3076,30325
1707,30326
5367,30327
5796,30328
1511,30329
4974,30330
1679,30331
5448,30332
5445,30333
1411,30334
2425,30335
685,30336
4202,30337
2338,30338
699,30339
5125,30340
5272,30341
3026,30342
5179,30343
3547,30344
3670,30345
2937,30346
4091,30347
2552,30348
3057,30349
3057,30350
6042,30351
3375,30352
4520,30353
3822,30354
1075,30355
4176,30356
2797,30357
4417,30358
443,30359
6074,30360
4615,30361
1662,30362
2342,30363
807,30364
2454,30365
3336,30366
6118,30367
2749,30368
5296,30369
5324,30370
5147,30371
4140,30372
2429,30373
2029,30374
4120,30375
2740,30376
5631,30377
586,30378
311,30379
869,30380
2031,30381
3647,30382
5871,30383
1131,30384
559,30385
5179,30386
5586,30387
4820,30388
993,30389
4876,30390
1579,30391
5621,30392
2600,30393
4684,30394
1291,30395
2637,30396
3876,30397
2824,30398
2280,30399
3451,30400
4828,30401
2336,30402
1937,30403
2886,30404
1620,30405
2420,30406
5655,30407
400,30408
99,30409
6033,30410
4734,30411
1874,30412
541,30413
4297,30414
4585,30415
335,30416
2546,30417
3244,30418
1295,30419
1040,30420
3963,30421
1234,30422
3236,30423
5766,30424
1064,30425
503,30426
5085,30427
4245,30428
1847,30429
5439,30430
1985,30431
3472,30432
2975,30433
5650,30434
3708,30435
1766,30436
4789,30437
4159,30438
5734,30439
3858,30440
4046,30441
2521,30442
5573,30443
833,30444
744,30445
2590,30446
4275,30447
4149,30448
5633,30449
833,30450
328,30451
5332,30452
963,30453
5576,30454
4321,30455
4278,30456
23,30457
5916,30458
1934,30459
3044,30460
149,30461
478,30462
4476,30463
2240,30464
5771,30465
4163,30466
130,30467
2749,30468
903,30469
4077,30470
627,30471
2467,30472
4227,30473
2590,30474
3304,30475
5004,30476
5606,30477
4427,30478
3459,30479
4060,30480
357,30481
2751,30482
4050,30483
5357,30484
612,30485
4403,30486
2959,30487
1830,30488
3767,30489
816,30490
4931,30491
766,30492
2916,30493
1678,30494
790,30495
3911,30496
804,30497
993,30498
959,30499
61,30500
6090,30501
4947,30502
4949,30503
3508,30504
5973,30505
2104,30506
2470,30507
3762,30508
3073,30509
2982,30510
2153,30511
3669,30512
377,30513
978,30514
1386,30515
5755,30516
3765,30517
1133,30518
5319,30519
1767,30520
5789,30521
5052,30522
3395,30523
2065,30524
2065,30525
2143,30526
4016,30527
5425,30528
3339,30529
277,30530
4825,30531
1138,30532
509,30533
1492,30534
2631,30535
3534,30536
4303,30537
4303,30538
4303,30539
94,30540
5873,30541
3896,30542
4595,30543
1466,30544
3190,30545
1226,30546
2666,30547
1522,30548
6104,30549
4112,30550
1446,30551
2074,30552
2515,30553
1666,30554
5597,30555
3457,30556
2702,30557
3762,30558
3680,30559
5222,30560
6118,30561
3918,30562
1380,30563
5258,30564
5219,30565
3313,30566
1378,30567
438,30568
3824,30569
5631,30570
6096,30571
790,30572
4052,30573
3086,30574
2611,30575
4675,30576
5503,30577
5680,30578
582,30579
633,30580
2596,30581
4862,30582
5236,30583
495,30584
1258,30585
3972,30586
80,30587
4559,30588
3914,30589
2072,30590
193,30591
1326,30592
1090,30593
5497,30594
2993,30595
2746,30596
1282,30597
3356,30598
4877,30599
4976,30600
1629,30601
1342,30602
1772,30603
3528,30604
352,30605
5447,30606
680,30607
6125,30608
619,30609
1982,30610
1457,30611
1457,30612
5128,30613
3246,30614
3193,30615
5051,30616
5585,30617
2680,30618
5959,30619
1216,30620
1483,30621
961,30622
3162,30623
695,30624
3378,30625
874,30626
5406,30627
1170,30628
3379,30629
2648,30630
4444,30631
442,30632
4738,30633
2026,30634
1424,30635
4402,30636
4711,30637
4806,30638
2558,30639
3530,30640
1626,30641
6119,30642
3076,30643
5987,30644
6052,30645
405,30646
4354,30647
22,30648
795,30649
1171,30650
1719,30651
543,30652
4859,30653
5791,30654
4741,30655
649,30656
3313,30657
2448,30658
1373,30659
5399,30660
1662,30661
2081,30662
5314,30663
5685,30664
4172,30665
1310,30666
624,30667
5865,30668
3495,30669
2330,30670
6052,30671
4814,30672
2868,30673
1211,30674
2428,30675
3069,30676
1907,30677
1632,30678
2804,30679
4859,30680
2219,30681
5655,30682
156,30683
2798,30684
164,30685
5295,30686
1215,30687
1000,30688
3903,30689
1680,30690
3917,30691
564,30692
4687,30693
1905,30694
849,30695
2246,30696
719,30697
3867,30698
3414,30699
3175,30700
2062,30701
390,30702
991,30703
5134,30704
5271,30705
2307,30706
5682,30707
79,30708
4856,30709
556,30710
3664,30711
1966,30712
4215,30713
5505,30714
6060,30715
6060,30716
403,30717
2034,30718
33,30719
4319,30720
520,30721
1793,30722
4021,30723
2763,30724
2304,30725
1493,30726
260,30727
876,30728
3344,30729
993,30730
1066,30731
30,30732
221,30733
3331,30734
2790,30735
2790,30736
3266,30737
3726,30738
3114,30739
3229,30740
5178,30741
5004,30742
913,30743
4791,30744
1653,30745
215,30746
2241,30747
5499,30748
5415,30749
5901,30750
1804,30751
729,30752
817,30753
4568,30754
601,30755
3591,30756
2704,30757
240,30758
1662,30759
1561,30760
995,30761
4924,30762
5393,30763
270,30764
2986,30765
5106,30766
6015,30767
3694,30768
750,30769
5449,30770
2615,30771
2764,30772
5177,30773
421,30774
5838,30775
2122,30776
2835,30777
1497,30778
3915,30779
3530,30780
1615,30781
5173,30782
1961,30783
5897,30784
4661,30785
4700,30786
6126,30787
1170,30788
5655,30789
3364,30790
5741,30791
2331,30792
1877,30793
4240,30794
2514,30795
5246,30796
363,30797
319,30798
1020,30799
97,30800
192,30801
2204,30802
3871,30803
2962,30804
1932,30805
2017,30806
2637,30807
5899,30808
3235,30809
3274,30810
2090,30811
5252,30812
706,30813
5877,30814
4197,30815
4612,30816
2741,30817
2444,30818
6042,30819
4065,30820
4487,30821
1408,30822
3221,30823
5160,30824
3909,30825
4442,30826
4404,30827
1285,30828
3259,30829
447,30830
2070,30831
2862,30832
5196,30833
4404,30834
647,30835
5146,30836
3514,30837
4000,30838
3529,30839
2998,30840
6117,30841
5298,30842
3574,30843
5830,30844
3372,30845
3483,30846
520,30847
4379,30848
803,30849
27,30850
169,30851
3518,30852
5029,30853
3377,30854
1246,30855
4313,30856
1260,30857
5766,30858
4024,30859
4985,30860
4334,30861
2166,30862
428,30863
1102,30864
5613,30865
5407,30866
4988,30867
1748,30868
3921,30869
2180,30870
3868,30871
595,30872
1807,30873
922,30874
1326,30875
1625,30876
5435,30877
3600,30878
508,30879
3854,30880
3259,30881
5363,30882
4810,30883
3116,30884
3565,30885
256,30886
3457,30887
3424,30888
5150,30889
102,30890
4870,30891
4690,30892
3440,30893
342,30894
4943,30895
3734,30896
2099,30897
4058,30898
2034,30899
799,30900
1206,30901
4696,30902
6030,30903
5284,30904
687,30905
875,30906
4367,30907
3757,30908
3178,30909
1082,30910
1068,30911
6074,30912
1500,30913
4549,30914
5947,30915
1338,30916
2565,30917
751,30918
3341,30919
3120,30920
4330,30921
5747,30922
463,30923
4197,30924
4183,30925
3571,30926
2113,30927
2342,30928
6012,30929
5967,30930
5992,30931
6135,30932
207,30933
1635,30934
873,30935
3536,30936
1174,30937
2544,30938
3263,30939
1136,30940
1290,30941
6074,30942
5997,30943
3296,30944
5118,30945
3886,30946
5002,30947
5498,30948
2481,30949
5760,30950
3243,30951
4526,30952
4575,30953
2958,30954
4634,30955
4258,30956
2214,30957
2557,30958
3346,30959
5677,30960
1722,30961
2314,30962
2425,30963
450,30964
871,30965
4669,30966
216,30967
183,30968
3135,30969
3002,30970
3103,30971
5599,30972
5321,30973
3530,30974
2294,30975
535,30976
2608,30977
4468,30978
3062,30979
3328,30980
6059,30981
5693,30982
1293,30983
3071,30984
1246,30985
2790,30986
1481,30987
5365,30988
679,30989
952,30990
6074,30991
6050,30992
1676,30993
1254,30994
2982,30995
233,30996
2719,30997
5497,30998
5497,30999
656,31000
5344,31001
3116,31002
1618,31003
5635,31004
3958,31005
4254,31006
227,31007
3760,31008
5954,31009
3515,31010
5782,31011
5462,31012
1531,31013
2135,31014
3601,31015
4035,31016
5497,31017
4036,31018
6104,31019
5791,31020
1646,31021
1498,31022
4351,31023
4874,31024
1992,31025
4092,31026
5680,31027
1000,31028
5851,31029
5851,31030
753,31031
3422,31032
2768,31033
1659,31034
337,31035
3600,31036
2082,31037
79,31038
4688,31039
1842,31040
2687,31041
431,31042
4370,31043
5930,31044
2441,31045
2863,31046
392,31047
4853,31048
46,31049
5662,31050
5866,31051
1949,31052
1528,31053
5820,31054
930,31055
3873,31056
2370,31057
4453,31058
4343,31059
6092,31060
3593,31061
3254,31062
2082,31063
611,31064
3761,31065
3395,31066
2350,31067
1202,31068
3413,31069
3517,31070
1358,31071
867,31072
1858,31073
1174,31074
3462,31075
693,31076
1500,31077
3525,31078
4618,31079
52,31080
3839,31081
511,31082
5977,31083
2289,31084
1091,31085
4448,31086
152,31087
5250,31088
2529,31089
5364,31090
247,31091
4633,31092
4824,31093
2125,31094
1289,31095
4323,31096
5323,31097
5912,31098
3507,31099
2439,31100
593,31101
1636,31102
2099,31103
2555,31104
5782,31105
5121,31106
452,31107
898,31108
6031,31109
1535,31110
4267,31111
61,31112
5373,31113
4317,31114
2311,31115
2579,31116
801,31117
3875,31118
275,31119
2090,31120
5546,31121
1548,31122
1131,31123
4561,31124
1117,31125
4728,31126
5889,31127
2206,31128
1981,31129
2925,31130
3510,31131
4345,31132
653,31133
4640,31134
5222,31135
3116,31136
815,31137
1766,31138
5662,31139
2030,31140
95,31141
5766,31142
462,31143
1666,31144
3380,31145
1197,31146
4913,31147
6039,31148
3422,31149
2260,31150
3571,31151
1404,31152
599,31153
5313,31154
385,31155
4139,31156
3903,31157
765,31158
5962,31159
638,31160
5551,31161
6131,31162
271,31163
4781,31164
3956,31165
3276,31166
3276,31167
5360,31168
4241,31169
5256,31170
4490,31171
1215,31172
585,31173
286,31174
4777,31175
2059,31176
1160,31177
2273,31178
2921,31179
4557,31180
4235,31181
1838,31182
2913,31183
3772,31184
1768,31185
5393,31186
165,31187
2739,31188
318,31189
4163,31190
2359,31191
183,31192
4993,31193
1130,31194
4137,31195
4804,31196
1748,31197
683,31198
3428,31199
69,31200
331,31201
4161,31202
5223,31203
1071,31204
1516,31205
5716,31206
2413,31207
2475,31208
603,31209
1910,31210
2655,31211
2964,31212
5936,31213
4975,31214
310,31215
559,31216
4881,31217
4898,31218
4272,31219
3891,31220
2011,31221
1836,31222
3771,31223
3116,31224
3152,31225
1401,31226
709,31227
5253,31228
1256,31229
2955,31230
3350,31231
102,31232
773,31233
4225,31234
4225,31235
5958,31236
3763,31237
3060,31238
3496,31239
552,31240
1154,31241
1395,31242
1728,31243
1616,31244
5781,31245
1580,31246
6055,31247
693,31248
964,31249
2616,31250
1135,31251
3301,31252
1558,31253
3965,31254
2198,31255
4775,31256
1680,31257
4159,31258
1001,31259
4690,31260
1774,31261
3878,31262
2878,31263
3653,31264
3653,31265
3653,31266
5158,31267
554,31268
4128,31269
1341,31270
4949,31271
1237,31272
787,31273
4122,31274
4364,31275
2308,31276
1707,31277
5549,31278
4894,31279
3786,31280
4304,31281
908,31282
4693,31283
3292,31284
3980,31285
842,31286
3350,31287
2213,31288
4562,31289
1248,31290
119,31291
559,31292
1476,31293
5597,31294
1343,31295
4567,31296
1190,31297
707,31298
4684,31299
1519,31300
434,31301
3341,31302
4557,31303
902,31304
4241,31305
3157,31306
2444,31307
3661,31308
4126,31309
3127,31310
660,31311
4438,31312
526,31313
4890,31314
2743,31315
422,31316
1290,31317
3221,31318
3540,31319
5901,31320
1633,31321
754,31322
4691,31323
448,31324
5184,31325
4237,31326
2612,31327
1381,31328
710,31329
4471,31330
3096,31331
2643,31332
513,31333
1375,31334
2293,31335
1052,31336
3662,31337
5895,31338
4026,31339
183,31340
43,31341
1175,31342
3982,31343
4974,31344
5407,31345
2504,31346
5392,31347
4731,31348
3403,31349
5681,31350
3886,31351
1293,31352
3748,31353
4096,31354
623,31355
4507,31356
2260,31357
4167,31358
5150,31359
52,31360
1078,31361
5565,31362
3429,31363
1653,31364
5782,31365
1497,31366
3390,31367
1125,31368
2022,31369
3759,31370
1110,31371
2940,31372
4396,31373
3036,31374
3569,31375
2622,31376
517,31377
4893,31378
1810,31379
4742,31380
1814,31381
5037,31382
3224,31383
2609,31384
1478,31385
12,31386
425,31387
4815,31388
4323,31390
4530,31391
1402,31392
3199,31393
1795,31394
5194,31395
4570,31396
1553,31397
1662,31398
3069,31399
1183,31400
3021,31401
5146,31402
5554,31403
91,31404
2269,31405
1624,31406
4053,31407
2110,31408
2917,31409
150,31410
5151,31411
1327,31412
469,31413
1982,31414
5004,31415
3805,31416
4536,31417
3496,31418
5142,31419
5364,31420
5364,31421
3552,31422
5152,31423
1449,31424
1179,31425
4281,31426
5401,31427
4218,31428
1749,31429
5086,31430
4182,31431
79,31432
6093,31433
1882,31434
5248,31435
4081,31436
636,31437
1718,31438
2177,31439
4351,31440
5901,31441
3948,31442
3314,31443
3875,31444
3509,31445
4159,31446
6034,31447
2740,31448
5384,31449
529,31450
3473,31451
2564,31452
1310,31453
5284,31454
1882,31455
2671,31456
4333,31457
2653,31458
4735,31459
4000,31460
2853,31461
19,31462
1102,31463
986,31464
4420,31465
2553,31466
5617,31467
404,31468
1453,31469
5429,31470
5022,31471
5951,31472
80,31473
5420,31474
536,31475
3221,31476
1972,31477
74,31478
3785,31479
602,31480
5039,31481
1536,31482
5903,31483
5750,31484
1149,31485
4721,31486
3118,31487
887,31488
4729,31489
5004,31490
1244,31491
666,31492
245,31493
1175,31494
2195,31495
466,31496
6074,31497
287,31498
5682,31499
866,31500
4709,31501
3345,31502
174,31503
2019,31504
3573,31505
771,31506
3396,31507
1720,31508
1616,31509
4730,31510
1152,31511
1742,31512
2897,31513
2076,31514
4351,31515
3577,31516
2010,31517
4387,31518
3618,31519
3516,31520
3407,31521
4500,31522
4616,31523
4732,31524
833,31525
5841,31526
3297,31527
5749,31528
1567,31529
1101,31530
2296,31531
4214,31532
2307,31533
67,31534
2387,31535
2559,31536
198,31537
836,31538
2002,31539
1468,31540
93,31541
525,31542
3779,31543
3982,31544
1089,31545
2090,31546
4152,31547
4831,31548
5613,31549
1216,31550
663,31551
4394,31552
2840,31553
5284,31554
5751,31555
5928,31556
4939,31557
1584,31558
3462,31559
1022,31560
350,31561
3112,31562
2501,31563
50,31564
4510,31565
1970,31566
2332,31567
4609,31568
479,31569
1372,31570
4757,31571
3986,31572
5925,31573
267,31574
5390,31575
4320,31576
4497,31577
3901,31578
6026,31579
4190,31580
5698,31581
902,31582
2761,31583
4701,31584
4397,31585
1842,31586
5319,31587
462,31588
1848,31589
5284,31590
5360,31591
5039,31592
2735,31593
5004,31594
793,31595
705,31596
397,31597
5917,31598
2708,31599
2203,31600
5150,31601
2953,31602
1628,31603
1628,31604
1728,31605
1634,31606
2377,31607
5596,31608
4613,31609
3858,31610
45,31611
5255,31612
5582,31613
1746,31614
5220,31615
4323,31616
3745,31617
2202,31618
827,31619
3766,31620
2268,31621
4917,31622
357,31623
4877,31624
3809,31625
6046,31626
4063,31627
3365,31628
4779,31629
2896,31630
64,31631
2933,31632
5607,31633
357,31634
4933,31635
3250,31636
3390,31637
1188,31638
432,31639
586,31640
3938,31641
3797,31642
2420,31643
6118,31644
1849,31645
5680,31646
358,31647
2028,31648
618,31649
2054,31650
5488,31651
4324,31652
5660,31653
1234,31654
3842,31655
5587,31656
4289,31657
2129,31658
6106,31659
4700,31660
985,31661
3706,31662
1044,31663
3301,31664
5853,31665
5655,31666
5247,31667
5284,31668
4134,31669
4408,31670
2010,31672
2342,31673
4533,31674
4145,31675
5754,31676
5912,31677
2010,31678
5542,31679
2010,31680
5195,31681
3279,31682
5692,31683
3834,31684
405,31685
3285,31686
4414,31687
2922,31688
4812,31689
5970,31690
5642,31691
2173,31692
1812,31693
134,31694
502,31695
1279,31696
5619,31697
5936,31698
4395,31699
4655,31700
1031,31701
555,31702
2631,31703
1197,31704
1231,31705
5344,31706
3282,31707
4627,31708
4795,31709
498,31710
10,31711
4865,31712
72,31713
6000,31714
3390,31715
4635,31716
4059,31717
6030,31718
6030,31719
6030,31720
2410,31721
150,31722
789,31723
4368,31724
5517,31725
6001,31726
542,31727
5813,31728
2907,31729
340,31730
3076,31731
340,31732
4288,31733
4416,31734
6046,31735
1730,31736
700,31737
4808,31738
1146,31739
3132,31740
2788,31741
284,31742
3820,31743
2565,31744
1697,31745
5875,31746
834,31747
981,31748
5647,31749
961,31750
5259,31751
744,31752
4812,31753
902,31754
5954,31755
2032,31756
4754,31757
4548,31758
5987,31759
4259,31760
1125,31761
5497,31762
3163,31763
4032,31764
1519,31765
2300,31766
902,31767
1245,31768
2083,31769
1536,31770
4937,31771
4620,31772
386,31773
3323,31774
4476,31775
1017,31776
1017,31777
1552,31778
5696,31779
887,31780
733,31781
2973,31782
1918,31783
1062,31784
1019,31785
5387,31786
5191,31787
1947,31788
4614,31789
2872,31790
2012,31791
6127,31792
5238,31793
157,31794
2708,31795
4126,31796
2963,31797
3281,31798
2406,31799
3366,31800
296,31801
4556,31802
5132,31803
1670,31804
3982,31805
6104,31806
2874,31807
2461,31808
3237,31809
1084,31810
2141,31811
2348,31812
3226,31813
1005,31814
5996,31815
4853,31816
4866,31817
1601,31818
3103,31819
2869,31820
5478,31821
1618,31822
3782,31823
4305,31824
1391,31825
5685,31826
4855,31827
4855,31828
3557,31829
4843,31830
1027,31831
3835,31832
5699,31833
502,31834
3347,31835
4764,31836
4937,31837
1668,31838
542,31839
1474,31840
2384,31841
4893,31842
4343,31843
4343,31844
3289,31845
6063,31846
4946,31847
4868,31848
2106,31849
4269,31850
3972,31851
5361,31852
5959,31853
3191,31854
5715,31855
5504,31856
1725,31857
2237,31858
994,31859
5161,31860
5659,31861
4570,31862
2697,31863
2242,31864
2358,31865
1043,31866
2299,31867
1019,31868
567,31869
5922,31870
4826,31871
5599,31872
1328,31873
4016,31874
6031,31875
2184,31876
4424,31877
1998,31878
1042,31879
4358,31880
2311,31881
579,31882
4043,31883
1745,31884
3146,31885
3321,31886
4532,31887
4822,31888
1326,31889
4157,31890
3049,31891
4809,31892
1400,31893
1939,31894
224,31895
4246,31896
1647,31897
994,31898
3642,31899
851,31900
5981,31901
1377,31902
2281,31903
1915,31904
2747,31905
2090,31906
4569,31907
3576,31908
5744,31909
59,31910
5999,31911
903,31912
5844,31913
1216,31914
5613,31915
3770,31916
339,31917
4386,31918
904,31919
4686,31920
5811,31921
3486,31922
5578,31923
126,31924
985,31925
114,31926
1521,31927
4613,31928
3614,31929
2420,31930
6122,31931
3784,31932
745,31933
2500,31934
5202,31935
4707,31936
5792,31937
5670,31938
3392,31939
1234,31940
2492,31941
5596,31942
2304,31943
4459,31944
3209,31945
3964,31946
1299,31947
1758,31948
4651,31949
5809,31950
2141,31951
287,31952
5224,31953
5519,31954
2760,31955
2747,31956
4611,31957
6028,31958
1721,31959
5208,31960
5199,31961
2814,31962
4219,31963
5746,31964
122,31965
5891,31966
2901,31967
5429,31968
2411,31969
2431,31970
219,31971
1171,31972
1627,31973
1670,31974
4901,31975
339,31976
4812,31977
3471,31978
911,31979
3457,31980
2776,31981
3487,31982
5671,31983
4950,31984
4039,31985
3333,31986
2220,31987
4426,31988
4537,31989
2117,31990
2653,31991
2377,31992
425,31993
549,31994
4053,31995
1006,31997
2188,31998
1974,31999
375,32000
3116,32001
5945,32002
116,32003
1267,32004
5484,32005
5150,32006
5901,32007
5901,32008
5901,32009
5901,32010
1609,32011
5365,32012
1210,32013
3931,32014
5261,32015
4226,32016
5258,32017
2935,32018
3112,32019
2745,32020
1707,32021
5538,32022
5866,32023
4627,32024
4599,32025
2685,32026
4853,32027
1072,32028
3113,32029
2071,32030
4368,32031
4575,32032
2024,32033
3897,32034
289,32035
4912,32036
3765,32037
5683,32038
5930,32039
2336,32040
313,32041
4938,32042
3477,32043
2421,32044
5023,32045
2326,32046
1182,32047
2058,32048
6040,32049
2668,32050
5547,32051
1967,32052
1056,32053
234,32054
2964,32055
1582,32056
2871,32057
1576,32058
4674,32059
5631,32060
348,32061
1971,32062
186,32063
2133,32064
4837,32065
1901,32066
3309,32067
520,32068
3193,32069
316,32070
622,32071
622,32072
2000,32073
570,32074
1136,32075
2738,32076
2738,32077
2882,32078
5348,32079
5007,32080
720,32081
2563,32082
4216,32083
3326,32084
4280,32085
2215,32086
3150,32087
2516,32088
5336,32089
525,32090
5138,32091
5672,32092
2574,32093
4721,32094
5307,32095
2444,32096
2003,32097
1805,32098
2170,32099
3839,32100
3490,32101
5254,32102
3581,32103
996,32104
3433,32105
1079,32106
3113,32107
2617,32108
568,32109
5273,32110
1132,32111
5019,32112
3500,32113
630,32114
5847,32115
871,32116
2288,32117
2908,32118
688,32119
5371,32120
2346,32121
491,32122
2222,32123
4896,32124
4688,32125
4937,32126
3445,32127
4280,32128
4694,32129
970,32130
1148,32131
1173,32132
2038,32133
1429,32134
4114,32135
1466,32136
1823,32137
1477,32138
2823,32139
1206,32140
6118,32141
421,32142
302,32143
4941,32144
5568,32145
97,32146
5368,32147
3272,32148
4247,32149
1312,32150
1652,32151
1563,32152
5614,32153
3569,32154
3457,32155
5440,32156
1668,32157
1779,32158
2731,32159
6036,32160
4627,32161
6131,32162
4640,32163
1442,32164
4069,32165
1481,32166
542,32167
4408,32168
3454,32169
706,32170
5370,32171
4135,32172
1229,32173
2728,32174
5634,32175
1669,32176
1171,32177
3398,32178
100,32179
1964,32180
4550,32181
4129,32182
4476,32183
6000,32184
4768,32185
6085,32186
2729,32187
716,32188
463,32189
4912,32190
520,32191
3500,32192
4692,32193
1156,32194
3421,32195
5653,32196
4949,32197
4916,32198
2718,32199
2329,32200
3089,32201
3534,32202
4471,32203
1249,32204
2125,32205
4298,32206
1963,32207
3374,32208
579,32209
3834,32210
2052,32211
4279,32212
1768,32213
3649,32214
4318,32215
4046,32216
4912,32217
3205,32218
4813,32219
64,32220
5791,32221
322,32222
2307,32223
161,32224
4655,32225
4300,32226
5124,32227
2004,32228
2287,32229
4596,32230
5921,32231
3034,32232
5260,32233
3354,32234
280,32235
1264,32236
602,32237
5613,32238
981,32239
2487,32240
2320,32241
857,32242
1053,32243
1336,32244
4569,32245
2708,32246
5429,32247
3626,32248
632,32249
438,32250
3970,32251
4632,32252
6074,32253
3946,32254
3418,32255
2198,32256
3744,32257
4883,32258
4707,32259
3598,32260
3598,32261
4045,32262
5932,32263
914,32264
2162,32265
5182,32266
2702,32267
4276,32268
5687,32269
6045,32270
78,32271
3116,32272
696,32273
3805,32274
4842,32275
3117,32276
1019,32277
1171,32278
2483,32279
1906,32280
4350,32281
5284,32282
307,32283
5476,32284
2758,32285
1558,32286
4549,32287
4855,32288
5374,32289
3933,32290
5423,32291
3741,32292
2128,32293
3996,32294
5680,32295
2348,32296
2386,32297
1136,32298
557,32299
1716,32300
1720,32301
3230,32302
2368,32303
6092,32304
1376,32305
497,32306
1131,32307
1125,32308
5432,32309
2708,32310
2936,32311
4281,32312
4281,32313
5326,32314
5287,32315
3604,32316
5620,32317
4303,32318
4863,32319
2934,32320
4521,32321
3822,32322
2127,32323
2420,32324
1008,32325
5010,32326
961,32327
5227,32328
443,32329
4220,32330
2342,32331
4485,32332
1566,32333
5685,32334
3800,32335
4874,32336
4310,32337
2245,32338
775,32339
216,32340
4277,32341
221,32342
383,32343
1041,32344
4700,32345
281,32346
2044,32347
2982,32348
2307,32349
337,32350
5912,32351
5912,32352
5912,32353
4700,32354
5074,32355
5798,32356
6018,32357
3193,32358
1652,32359
2557,32360
1168,32361
1808,32362
208,32363
5492,32364
2024,32365
1465,32366
5124,32367
4928,32368
5497,32369
845,32370
3107,32371
6066,32372
6061,32373
3841,32374
1865,32375
2208,32376
4687,32377
1394,32378
5782,32379
2811,32380
2459,32381
3060,32382
5792,32383
40,32384
3530,32385
2220,32386
3017,32387
2347,32388
4824,32389
1083,32390
1228,32391
3843,32392
155,32393
843,32394
4929,32395
2105,32396
948,32397
4592,32398
6009,32399
1562,32400
764,32401
5603,32402
1542,32403
5809,32404
506,32405
1147,32406
2158,32407
544,32408
3539,32409
4501,32410
88,32411
3500,32412
824,32413
2115,32414
4081,32415
216,32416
1239,32417
4958,32418
5366,32419
1610,32420
1333,32421
5766,32422
2128,32423
3353,32424
5239,32425
3704,32426
3790,32427
1020,32428
2093,32429
2964,32430
1948,32431
2920,32432
5022,32433
3559,32434
3158,32435
1279,32436
5112,32437
1061,32438
2538,32439
4400,32440
433,32441
2222,32442
2377,32443
3463,32444
1327,32445
4448,32446
812,32447
5916,32448
3553,32449
5706,32450
3642,32451
4526,32452
4153,32453
3692,32454
4825,32455
4109,32456
2170,32457
4485,32458
1620,32459
126,32460
5691,32461
2934,32462
128,32463
5061,32464
5791,32465
534,32466
4525,32467
4455,32468
2311,32469
3065,32470
1080,32471
2535,32472
1790,32473
4971,32474
5574,32475
4295,32476
4216,32477
3530,32478
3782,32479
4504,32480
4504,32481
4127,32482
4421,32483
648,32484
681,32485
4213,32486
4130,32487
5676,32488
4148,32489
973,32490
3184,32491
505,32492
5980,32493
132,32494
5540,32495
4240,32496
4265,32497
4600,32498
3699,32499
4788,32500
84,32501
1928,32502
2855,32503
2713,32504
1272,32505
958,32506
901,32507
4054,32508
4047,32509
663,32510
3773,32511
1355,32512
5318,32513
5123,32514
4920,32515
2120,32516
312,32517
5345,32518
4886,32519
5602,32520
992,32521
4812,32522
5014,32523
2992,32524
574,32525
769,32526
3144,32527
838,32528
6000,32529
146,32530
3005,32531
3298,32532
3778,32533
1744,32534
4239,32535
830,32536
5778,32537
2528,32538
5304,32539
24,32540
4342,32541
5879,32542
4039,32543
316,32544
6067,32545
693,32546
5284,32547
3340,32548
2001,32549
397,32550
1861,32551
5753,32552
4178,32553
4383,32554
5004,32555
3913,32556
5904,32557
3768,32558
5667,32559
1108,32560
4412,32561
4598,32562
4012,32563
236,32564
2746,32565
177,32566
1345,32567
1164,32568
3196,32569
4211,32570
4348,32571
4658,32572
622,32573
5995,32574
2678,32575
5611,32576
5150,32577
171,32578
2552,32579
2808,32580
377,32581
5011,32582
1630,32583
3372,32584
4139,32585
769,32586
4936,32587
5350,32588
2249,32589
3600,32590
470,32591
510,32592
272,32593
5991,32594
2029,32595
1853,32596
5596,32597
1205,32598
2230,32599
115,32600
1329,32601
934,32602
3194,32603
5747,32604
2631,32605
3478,32606
1477,32607
1477,32608
1477,32609
1541,32610
3478,32611
2519,32612
5385,32613
3253,32614
4877,32615
1619,32616
406,32617
1588,32618
1312,32619
4887,32620
606,32621
946,32622
3137,32623
2162,32624
5453,32625
423,32626
715,32627
1718,32628
2554,32629
668,32630
4768,32631
1946,32632
451,32633
2629,32634
2737,32635
5512,32636
2207,32637
5707,32638
5703,32639
3306,32640
164,32641
1145,32642
5602,32643
2271,32644
5443,32645
879,32646
1220,32647
2128,32648
3548,32649
5122,32650
3423,32651
5164,32652
4729,32653
1904,32654
1688,32655
4836,32656
3928,32657
1521,32658
1412,32659
3102,32660
2317,32661
415,32662
2413,32663
1897,32664
5031,32665
2420,32666
5545,32667
97,32668
1010,32669
4887,32670
36,32671
1266,32672
2474,32673
607,32674
1170,32675
961,32676
932,32677
173,32678
5230,32679
3991,32680
3717,32681
1172,32682
1172,32683
5323,32684
2286,32685
5915,32686
4926,32687
1278,32688
4529,32689
1315,32690
4377,32691
2316,32692
1462,32693
902,32694
1242,32695
2707,32696
607,32697
2111,32698
584,32699
5493,32700
5582,32701
5582,32702
5582,32703
5582,32704
5582,32705
3084,32706
1965,32707
2696,32708
2376,32709
5088,32710
2317,32711
3177,32712
4949,32713
684,32714
1232,32715
2795,32716
1337,32717
2819,32718
4670,32719
4569,32720
5476,32721
231,32722
2150,32723
3802,32724
2890,32725
3861,32726
1171,32727
792,32728
3449,32729
1537,32730
727,32731
104,32732
3402,32733
5575,32734
3685,32735
5853,32736
5238,32737
5001,32738
2754,32739
2794,32740
5263,32741
4721,32742
3147,32743
782,32744
3147,32745
4475,32746
5461,32747
327,32748
2415,32749
1477,32750
1833,32751
2377,32752
3805,32753
847,32754
97,32755
14,32756
5657,32757
6068,32758
3500,32759
5085,32760
859,32761
215,32762
5473,32763
3141,32764
1906,32765
4067,32766
2193,32767
2193,32768
2523,32769
2523,32770
4946,32771
2126,32772
3301,32773
4141,32774
677,32775
5842,32776
1094,32777
4156,32778
4606,32779
4945,32780
1702,32781
6007,32782
125,32783
1933,32784
3135,32785
4678,32786
4717,32787
1447,32788
5906,32789
4432,32790
4927,32791
5758,32792
5138,32793
2972,32794
2254,32795
3798,32796
1851,32797
2990,32798
125,32799
1862,32800
4351,32801
5479,32802
3206,32803
6058,32804
6098,32805
4183,32806
3705,32807
6031,32808
4975,32809
5417,32810
5629,32811
6104,32812
947,32813
4569,32814
3222,32815
475,32816
2090,32817
106,32818
6068,32819
3877,32820
3839,32821
958,32822
3826,32823
642,32824
3802,32825
1447,32826
2507,32827
644,32828
2361,32829
347,32830
560,32831
2184,32832
2283,32833
1228,32834
4419,32835
840,32836
6118,32837
2729,32838
3800,32839
3601,32840
3115,32841
1976,32842
147,32843
1019,32844
520,32845
4400,32846
4303,32847
2729,32848
2787,32849
5535,32850
799,32851
4622,32852
4013,32853
2475,32854
3063,32855
4081,32856
2260,32857
1269,32858
784,32859
4474,32860
4284,32861
4700,32862
3396,32863
5814,32864
299,32865
6114,32866
4477,32867
1641,32868
5130,32869
5088,32870
5781,32871
5134,32872
5786,32873
6032,32874
4085,32875
4124,32876
3178,32877
1488,32878
4164,32879
2304,32880
4028,32881
1197,32882
5614,32883
5779,32884
2398,32885
1526,32886
612,32887
3378,32888
5403,32889
3063,32890
1464,32891
2018,32892
315,32893
2348,32894
1246,32895
3497,32896
1998,32897
3182,32898
2557,32899
3335,32900
5960,32901
3061,32902
4009,32903
703,32904
355,32905
2184,32906
3088,32907
2015,32909
6049,32910
5108,32911
5063,32912
5456,32913
5006,32914
3188,32915
2035,32916
2444,32917
3327,32918
5131,32919
6122,32920
6041,32921
2004,32922
4720,32923
338,32924
4012,32925
4483,32926
1964,32927
5910,32928
3437,32929
1972,32930
1914,32931
339,32932
1678,32933
1025,32934
2351,32935
102,32936
2552,32937
5150,32938
559,32939
2078,32940
5476,32941
5383,32942
3880,32943
2244,32944
1867,32945
5614,32946
3268,32947
1929,32948
5274,32949
1236,32950
2842,32951
4427,32952
2322,32953
2123,32954
968,32955
3518,32956
5685,32957
153,32958
3216,32959
4049,32960
5892,32961
5356,32962
3598,32963
3839,32964
4091,32965
3949,32966
2967,32967
2542,32968
1231,32969
1938,32970
3646,32971
3242,32972
4817,32973
1121,32974
2725,32975
5088,32976
4684,32977
770,32978
768,32979
2424,32980
652,32981
3701,32982
2043,32983
3691,32984
1695,32985
5167,32986
1241,32987
1083,32988
2565,32989
5508,32990
2620,32991
4598,32992
3618,32993
5700,32994
4162,32995
2069,32996
1781,32997
3333,32998
4596,32999
3846,33000
2513,33001
5755,33002
1221,33003
4878,33004
5101,33005
2631,33006
6047,33007
2065,33008
3492,33009
5509,33010
2302,33011
1715,33012
6125,33013
820,33014
2706,33015
955,33016
4051,33017
2985,33018
4173,33019
165,33020
2707,33021
2829,33022
5284,33023
5284,33024
1192,33025
2917,33026
1529,33027
1433,33028
151,33029
1309,33030
2175,33031
5933,33032
4706,33033
4041,33034
4012,33035
3581,33036
1003,33037
508,33038
1822,33039
700,33040
4580,33041
4440,33042
4440,33043
4440,33044
5639,33045
671,33046
1018,33047
1046,33048
4780,33049
3313,33050
1507,33051
5596,33052
4168,33054
2243,33055
2560,33056
5134,33057
4781,33058
2010,33059
3446,33060
2446,33061
4271,33062
141,33063
26,33064
14,33065
2187,33066
5998,33067
4306,33068
5323,33069
2734,33070
3453,33071
1457,33072
904,33073
1678,33074
972,33075
5972,33076
2094,33077
5071,33078
5402,33079
1983,33080
2240,33081
806,33082
3531,33083
1840,33084
5813,33085
4613,33086
3370,33087
6074,33088
2350,33089
1964,33090
6088,33091
4798,33092
3263,33093
4875,33094
4285,33095
706,33096
1876,33097
2454,33098
2697,33099
5015,33100
5196,33101
6038,33102
3777,33103
3214,33104
1231,33105
463,33106
2329,33107
4308,33108
405,33109
1391,33110
1391,33111
1527,33112
5669,33113
3322,33114
253,33115
2065,33116
3793,33117
1131,33118
1701,33119
2010,33120
3024,33121
1336,33122
724,33123
2870,33124
2896,33125
5020,33126
3979,33127
1739,33128
3380,33129
4611,33130
2445,33131
4723,33132
1292,33133
732,33134
633,33135
3004,33136
5592,33137
1988,33138
4401,33139
4647,33140
4097,33141
3906,33142
4629,33143
350,33144
6045,33145
5981,33146
2312,33147
248,33148
4611,33149
4868,33150
1019,33151
5808,33152
3296,33153
5120,33154
5027,33155
1405,33156
3774,33157
787,33158
4372,33159
3368,33160
3870,33161
6091,33162
577,33163
4532,33164
1491,33165
4638,33166
2962,33167
3641,33168
377,33169
4750,33170
3598,33171
5285,33172
5840,33173
5840,33174
5840,33175
1775,33176
1818,33177
5755,33178
1307,33179
4880,33180
1418,33181
1073,33182
3169,33183
2345,33184
2037,33185
5665,33186
2740,33187
1494,33188
358,33189
2581,33190
463,33191
6122,33192
1941,33193
3654,33194
4012,33195
5898,33196
395,33197
2000,33198
1959,33199
2214,33200
2747,33201
2305,33202
4400,33203
1977,33204
1572,33205
5377,33206
3291,33207
3838,33208
1954,33209
4108,33210
5963,33211
5963,33212
4936,33213
1028,33214
159,33215
4508,33216
2979,33217
6131,33218
4571,33219
1799,33220
2652,33221
4971,33222
1673,33223
3486,33224
2036,33225
1508,33226
993,33227
68,33228
1232,33229
2655,33230
348,33231
3317,33232
4597,33233
3970,33234
3490,33235
5613,33236
3247,33237
4861,33238
5550,33239
2950,33240
4331,33241
6123,33242
154,33243
5937,33244
1813,33245
3125,33246
3249,33247
2052,33248
4552,33249
5384,33250
3270,33251
2335,33252
4768,33253
5948,33254
150,33255
4256,33256
5139,33257
98,33258
1894,33259
5793,33260
4396,33261
4833,33262
502,33263
2720,33264
2317,33265
940,33266
5723,33267
5054,33268
1972,33269
3163,33270
141,33271
2474,33272
5073,33273
4986,33274
589,33275
3580,33276
3486,33277
4266,33278
5467,33279
1957,33280
5525,33281
4535,33282
2189,33283
4011,33284
1237,33285
5354,33286
4940,33287
2021,33288
5011,33289
2784,33290
3825,33291
4712,33292
5849,33293
1631,33294
4282,33295
3726,33296
2090,33297
3239,33298
4550,33299
4669,33300
3541,33301
1724,33302
4039,33303
2820,33304
3363,33305
3612,33306
1275,33307
337,33308
2963,33309
3606,33310
2238,33311
1562,33312
3076,33313
321,33314
5733,33315
3866,33316
3124,33317
2006,33318
3893,33319
3280,33320
3281,33321
61,33322
2998,33323
5102,33324
4360,33325
114,33326
4584,33327
3751,33328
1736,33329
160,33330
989,33331
4470,33332
1339,33333
1663,33334
5979,33335
2736,33336
4857,33337
3383,33338
559,33339
573,33340
5138,33341
4632,33342
3597,33344
4986,33345
2993,33346
4536,33347
5552,33348
5407,33349
4632,33350
4332,33351
4389,33352
2138,33353
220,33354
4132,33355
1698,33356
5395,33357
1942,33358
4989,33359
706,33360
2657,33361
4470,33362
5649,33363
5996,33364
5533,33365
5722,33366
2903,33367
3049,33368
4844,33369
4844,33370
4000,33371
1889,33372
3009,33373
2035,33374
2227,33375
501,33376
3885,33377
2143,33378
2143,33379
2625,33380
4450,33381
2218,33382
4184,33383
5343,33384
339,33385
1330,33386
3856,33387
1071,33388
2074,33389
2414,33390
5836,33391
1134,33392
1502,33393
6056,33394
4300,33395
678,33396
559,33397
2215,33398
4812,33399
5040,33400
2730,33401
1482,33402
4280,33403
5522,33404
160,33405
4220,33406
628,33407
452,33408
2639,33409
3859,33410
1117,33411
662,33412
30,33413
2421,33414
1554,33415
5187,33416
2536,33417
866,33418
3874,33419
1356,33420
3206,33421
2552,33422
2461,33423
4700,33424
1193,33425
3349,33426
2777,33427
1527,33428
1980,33429
3826,33430
5472,33431
4268,33432
2941,33433
1996,33434
5771,33435
5651,33436
5184,33437
5725,33438
2404,33439
5735,33440
4455,33441
2082,33442
5397,33443
3842,33444
903,33445
4902,33446
1198,33447
3520,33448
144,33449
4639,33450
171,33451
5012,33452
5204,33453
2846,33454
6132,33455
588,33456
2633,33457
5866,33458
2817,33459
2502,33460
5285,33461
1451,33462
915,33463
1399,33464
3886,33465
3178,33466
2613,33467
4113,33468
2420,33469
5848,33470
5100,33471
3661,33472
5088,33473
4522,33474
1648,33475
4540,33476
1105,33477
5072,33478
636,33479
2984,33480
1279,33481
5721,33482
4357,33483
5665,33484
6129,33485
2555,33486
2310,33487
1598,33488
405,33489
1991,33490
1032,33491
3642,33492
2747,33493
2244,33494
278,33495
4445,33496
1557,33497
2069,33498
3554,33499
3905,33500
919,33501
4492,33502
3204,33503
4801,33504
4224,33505
2396,33506
2435,33507
5201,33508
2086,33509
4463,33510
5771,33511
2726,33512
1583,33513
2225,33514
1427,33515
2834,33516
1624,33517
4351,33518
4894,33519
890,33520
5091,33521
1395,33522
1279,33523
6000,33524
4197,33525
4261,33526
4627,33527
757,33528
6072,33529
660,33530
4549,33531
1281,33532
1898,33533
2377,33534
5098,33535
405,33536
1314,33537
2909,33538
2963,33539
1315,33540
5829,33541
2982,33542
4814,33543
3626,33544
5284,33545
5919,33546
1885,33547
245,33548
2211,33549
3618,33550
5144,33551
1503,33552
3106,33553
5902,33554
937,33555
3634,33556
481,33557
222,33558
2435,33559
410,33560
4911,33561
1323,33562
4518,33563
3108,33564
5286,33565
1574,33566
881,33567
4744,33568
1597,33569
1234,33570
4368,33571
4634,33572
3667,33573
5064,33574
4383,33575
2723,33576
5082,33577
4159,33578
5124,33579
5781,33580
1513,33581
5822,33582
611,33583
3460,33584
2565,33585
2349,33586
3767,33587
5548,33588
4161,33589
4827,33590
3235,33591
3116,33592
5784,33593
5646,33594
3793,33595
2444,33596
5742,33597
644,33598
2909,33599
3695,33600
1524,33601
2506,33602
143,33603
1945,33604
1031,33605
2090,33606
4322,33607
4399,33608
5752,33609
5717,33610
1414,33611
3001,33612
550,33613
402,33614
3488,33615
4189,33616
5645,33617
4189,33618
306,33619
3280,33620
3998,33621
3530,33622
3784,33623
3351,33624
4523,33625
1948,33626
2750,33627
3045,33628
1713,33629
6046,33630
5510,33631
3960,33632
5781,33633
4032,33634
5013,33635
1327,33636
1566,33637
1714,33638
3659,33639
183,33640
5753,33641
3439,33642
3241,33643
2932,33644
3025,33645
5283,33646
5283,33647
502,33648
57,33649
4165,33650
3499,33651
2993,33652
3116,33653
1827,33654
5737,33655
2520,33656
406,33657
1470,33658
3723,33659
282,33660
1158,33661
4383,33662
1972,33663
6040,33664
4419,33665
3710,33666
1600,33667
1841,33668
4879,33669
5355,33670
2665,33671
4852,33672
2771,33673
5373,33674
996,33675
4923,33676
2747,33677
3280,33678
1332,33679
6116,33680
1903,33681
3512,33682
2040,33683
3676,33684
195,33685
4697,33686
5901,33687
5901,33688
3572,33689
5365,33690
355,33691
998,33692
3443,33693
887,33694
285,33695
2353,33696
455,33697
4432,33698
520,33699
127,33700
2943,33701
4848,33702
4020,33703
1257,33704
5540,33705
4888,33706
523,33707
4630,33708
2441,33709
1595,33710
2325,33711
2710,33712
6018,33713
3659,33714
758,33715
4645,33716
85,33717
5555,33718
1685,33719
877,33720
4411,33721
3757,33722
5658,33723
230,33724
983,33725
4869,33726
2812,33727
3186,33728
1896,33729
2697,33730
4877,33731
2103,33732
3199,33733
2560,33734
3036,33735
1243,33736
4869,33737
2532,33738
5984,33739
4385,33740
5504,33741
2190,33742
102,33743
1365,33744
2914,33745
5854,33746
5146,33747
2954,33748
79,33749
14,33750
79,33751
1070,33752
2856,33753
1354,33754
2160,33755
4889,33756
1787,33757
407,33758
4034,33759
3895,33760
4602,33761
446,33762
1390,33763
810,33764
5721,33765
3248,33766
140,33767
3373,33768
1824,33769
5644,33770
639,33771
5180,33772
5062,33773
3161,33774
2568,33775
200,33776
4566,33777
5697,33778
5791,33779
1168,33780
3950,33781
3512,33782
4728,33783
5710,33784
3278,33785
5172,33786
2090,33787
2067,33788
1327,33789
1031,33790
4147,33791
2151,33792
3812,33793
359,33794
3828,33795
3784,33796
1887,33797
2922,33798
3248,33799
2783,33800
5085,33801
3025,33802
4415,33803
5498,33804
5773,33805
5351,33806
183,33807
3858,33808
2837,33809
4907,33810
3829,33811
4533,33812
5146,33813
2670,33814
4816,33815
1529,33816
5098,33817
3447,33818
4984,33819
6129,33820
565,33821
5929,33822
481,33823
1614,33824
2757,33825
172,33826
4183,33827
74,33828
712,33829
3909,33830
1860,33831
4351,33832
3523,33833
767,33834
2493,33835
2981,33836
5467,33837
3152,33838
3505,33839
1279,33840
470,33841
2421,33842
5497,33843
2231,33844
2025,33845
5820,33846
4404,33847
4976,33848
5361,33849
3290,33850
4598,33851
3539,33852
4719,33853
2182,33854
5778,33855
1654,33856
2864,33857
131,33858
5237,33859
5901,33860
3521,33861
5429,33862
4785,33863
5582,33864
3530,33865
126,33866
3810,33867
1347,33868
529,33869
4657,33870
2108,33871
2246,33872
5767,33873
3484,33874
1295,33875
5752,33876
5709,33877
302,33878
1472,33879
2429,33880
4549,33881
1647,33882
718,33883
3087,33884
6131,33885
925,33886
1106,33887
4428,33888
2739,33889
1534,33890
5171,33891
333,33892
1543,33893
669,33894
5284,33895
1525,33896
6042,33897
4649,33898
4649,33899
4272,33900
2144,33901
606,33902
3608,33903
4274,33904
4884,33905
4566,33906
598,33907
2317,33908
2104,33909
2479,33910
4336,33911
323,33912
2116,33913
3501,33914
913,33915
913,33916
913,33917
2813,33918
582,33919
1711,33920
5682,33921
4042,33922
6057,33923
3376,33924
206,33925
4302,33926
3494,33927
2132,33928
1997,33929
126,33930
1514,33931
3764,33932
1670,33933
2800,33934
1553,33935
2228,33936
290,33937
2747,33938
2090,33939
388,33940
2570,33941
5242,33942
3829,33943
3800,33944
3468,33945
5103,33946
2188,33947
4887,33948
1859,33949
4611,33950
6051,33951
2991,33952
477,33953
2375,33954
1607,33955
1307,33956
6104,33957
3125,33958
5680,33959
183,33960
36,33961
6118,33962
3560,33963
6120,33964
1331,33965
1598,33966
4380,33967
301,33968
1768,33969
1533,33970
5183,33971
5183,33972
662,33973
662,33974
4703,33975
918,33976
