studio_id,movie_id
655,2
722,3
1081,5
511,10
755,11
718,13
257,16
1077,21
1081,25
625,26
413,28
694,29
1022,30
392,33
694,36
405,39
694,43
405,50
932,57
182,68
1022,75
741,109
713,110
79,134
902,145
323,152
103,208
905,210
413,219
934,222
1078,232
880,249
1022,260
953,264
1078,276
782,291
782,303
1039,312
257,318
1077,339
932,361
413,372
24,396
626,408
1022,414
932,440
989,441
336,443
585,451
182,455
711,480
1022,494
1081,499
511,541
281,556
888,572
424,582
989,586
1116,592
210,593
234,598
651,602
947,616
934,625
24,635
566,672
960,706
511,711
1078,747
782,748
1022,751
597,777
24,797
375,799
24,807
887,821
387,827
565,837
511,899
257,911
593,913
162,920
1087,921
257,922
511,925
1022,926
1022,927
597,930
888,961
932,975
626,996
1057,999
782,1003
746,1006
255,1010
452,1029
513,1047
718,1048
101,1052
1085,1064
1077,1066
1039,1068
947,1089
257,1094
927,1098
56,1109
424,1156
27,1169
626,1179
762,1180
747,1188
464,1201
565,1202
513,1228
932,1238
782,1248
1116,1281
782,1285
782,1294
208,1296
1078,1311
782,1357
1065,1367
743,1372
1039,1392
623,1408
83,1417
947,1419
1099,1431
52,1436
880,1438
342,1443
56,1445
405,1453
597,1467
463,1476
1087,1494
405,1502
464,1507
888,1510
887,1514
162,1524
366,1530
292,1538
947,1539
333,1553
520,1578
1085,1584
1085,1595
713,1606
316,1608
597,1610
56,1614
1118,1624
940,1634
748,1652
674,1654
1022,1664
182,1667
511,1668
782,1669
782,1697
1039,1700
595,1705
762,1709
747,1712
932,1713
1064,1736
947,1755
357,1759
565,1767
932,1775
947,1776
749,1778
1077,1780
395,1781
599,1785
257,1805
1057,1829
824,1832
633,1836
646,1841
1077,1851
27,1854
742,1855
859,1862
667,1867
743,1870
1078,1876
479,1880
24,1882
749,1886
344,1888
653,1907
597,1912
536,1915
471,1916
782,1921
243,1924
395,1943
205,1944
748,1948
888,1961
463,1970
1057,1982
595,1986
24,1990
387,1996
1087,2008
1039,2041
511,2052
964,2054
874,2069
880,2080
1039,2081
230,2083
56,2096
376,2098
168,2102
859,2114
880,2134
1014,2138
1087,2157
713,2167
79,2191
742,2202
626,2204
413,2211
713,2218
1022,2224
56,2233
934,2244
27,2251
1003,2261
1081,2264
856,2276
845,2288
747,2293
960,2297
713,2298
1018,2304
387,2324
932,2345
762,2355
595,2358
424,2359
390,2380
1041,2390
1039,2395
1039,2398
713,2427
289,2431
1021,2437
103,2464
1022,2476
65,2479
718,2524
932,2526
633,2529
24,2532
323,2544
880,2552
1057,2557
24,2558
257,2566
565,2581
726,2587
735,2590
1087,2591
27,2595
464,2602
1085,2609
741,2615
231,2621
414,2623
705,2636
827,2660
1077,2674
964,2677
743,2678
496,2686
1085,2689
257,2703
419,2704
1039,2709
1022,2710
782,2712
597,2713
964,2715
713,2732
799,2736
626,2759
511,2764
932,2770
626,2775
880,2781
888,2783
93,2793
626,2795
713,2808
1039,2816
675,2827
597,2838
115,2843
387,2848
1039,2850
953,2860
424,2861
694,2874
1022,2878
742,2894
416,2898
1039,2902
674,2906
989,2919
1081,2941
507,2956
880,2976
511,2981
511,2986
1022,2996
56,3010
626,3014
1057,3020
762,3025
257,3027
448,3031
24,3037
428,3046
597,3049
1034,3050
782,3058
905,3067
936,3071
1078,3078
874,3087
466,3091
355,3097
597,3105
856,3115
564,3125
747,3127
626,3132
694,3152
27,3157
413,3162
24,3164
762,3176
1039,3184
468,3188
565,3190
74,3193
674,3195
428,3221
511,3241
207,3244
395,3259
1057,3266
257,3268
960,3283
749,3287
711,3288
1022,3301
880,3302
597,3316
667,3330
859,3339
1065,3363
952,3372
230,3379
231,3399
1039,3403
179,3415
257,3428
1039,3431
586,3434
1057,3435
1116,3437
413,3443
694,3480
597,3483
1078,3484
511,3499
413,3506
424,3509
1078,3510
1078,3515
947,3519
556,3520
888,3552
597,3560
954,3561
27,3562
565,3569
1118,3571
258,3576
1022,3588
565,3589
255,3591
1078,3593
1077,3595
480,3600
162,3610
626,3611
24,3617
713,3621
257,3630
960,3632
289,3640
203,3649
626,3654
597,3664
395,3665
413,3666
79,3667
964,3674
614,3696
874,3703
748,3715
1027,3719
874,3720
511,3733
85,3744
516,3756
1085,3764
597,3766
395,3773
743,3791
747,3792
854,3813
13,3816
599,3819
511,3827
888,3842
565,3846
247,3856
932,3858
985,3863
782,3872
874,3874
511,3875
964,3890
6,3900
80,3922
565,3926
31,3929
626,3931
713,3938
1022,3946
1078,3964
965,3970
463,3983
713,3991
597,3999
932,4008
31,4014
753,4015
597,4026
415,4027
225,4028
743,4032
119,4038
1027,4050
513,4052
265,4073
257,4074
207,4080
1039,4082
597,4083
750,4089
162,4091
594,4092
742,4094
1057,4144
985,4151
674,4156
778,4160
795,4161
956,4166
565,4167
743,4174
1087,4178
513,4201
953,4220
505,4224
964,4248
1022,4262
1118,4269
424,4279
880,4285
565,4287
1057,4297
888,4299
27,4313
857,4314
1085,4331
1078,4351
414,4367
674,4372
694,4376
464,4377
848,4381
547,4391
626,4395
54,4408
807,4416
856,4417
150,4421
383,4443
782,4445
1081,4447
887,4454
1078,4458
626,4459
1039,4465
257,4466
395,4471
964,4479
1039,4502
395,4517
1108,4525
742,4533
463,4548
1022,4550
762,4552
848,4570
749,4577
1020,4582
395,4595
626,4596
103,4597
597,4604
743,4607
674,4616
452,4625
515,4626
182,4629
856,4630
1077,4634
496,4635
748,4639
713,4645
1066,4660
6,4661
513,4664
1078,4670
579,4673
413,4678
932,4684
880,4685
511,4686
464,4690
1057,4693
464,4698
1039,4713
1085,4717
960,4719
782,4723
27,4724
666,4728
859,4746
826,4765
355,4770
626,4776
741,4788
390,4798
24,4803
222,4810
463,4821
463,4827
475,4828
513,4831
932,4832
1085,4834
762,4840
597,4849
722,4856
675,4863
24,4868
597,4870
626,4878
464,4892
713,4894
383,4899
511,4911
741,4913
597,4919
1078,4924
932,4935
511,4952
24,4970
257,4979
452,4980
1039,4981
1077,4985
713,4987
887,4990
246,4991
1078,4998
747,5002
947,5006
395,5041
248,5048
674,5049
387,5079
24,5080
626,5084
599,5096
713,5097
125,5119
464,5124
1039,5135
718,5136
176,5148
806,5156
565,5166
257,5170
413,5174
405,5177
405,5179
11,5190
599,5192
253,5193
368,5195
964,5203
1057,5204
960,5206
859,5219
626,5221
27,5229
24,5233
27,5241
428,5251
207,5264
1057,5267
1073,5272
257,5278
162,5279
1039,5280
599,5281
782,5284
874,5293
248,5295
762,5298
565,5312
413,5314
257,5318
424,5320
597,5324
1085,5334
257,5345
626,5350
599,5357
366,5362
964,5363
176,5367
230,5368
937,5409
1022,5412
856,5436
947,5440
395,5445
272,5448
859,5469
511,5477
807,5490
597,5495
1085,5496
24,5498
413,5500
323,5502
511,5521
1078,5522
866,5523
847,5527
626,5535
146,5548
1039,5551
718,5554
552,5555
1022,5566
713,5579
960,5589
24,5590
945,5591
742,5593
859,5594
1039,5619
1077,5622
52,5624
1039,5625
182,5653
856,5654
395,5656
782,5660
1078,5661
257,5664
742,5669
953,5677
870,5678
597,5680
138,5699
713,5725
932,5735
456,5740
911,5760
750,5764
424,5775
511,5783
511,5786
55,5803
565,5819
674,5821
947,5833
513,5840
597,5847
782,5853
246,5858
874,5860
1039,5862
932,5863
161,5872
257,5876
597,5879
597,5927
1078,5929
24,5930
161,5934
464,5935
255,5936
565,5940
651,5942
991,5952
937,5959
912,5972
257,5984
947,5997
40,6013
748,6017
713,6039
947,6040
182,6042
463,6043
257,6050
464,6072
675,6079
1039,6099
807,6106
182,6108
694,6122
387,6125
943,6132
747,6134
1116,6136
1077,6157
713,6167
511,6172
565,6173
511,6174
887,6175
565,6176
222,6178
1021,6180
626,6194
162,6198
960,6201
1039,6213
174,6220
511,6224
524,6229
257,6232
257,6242
866,6250
89,6276
905,6280
832,6281
743,6287
1022,6289
24,6292
513,6293
424,6302
789,6314
413,6316
511,6338
469,6350
511,6351
366,6361
513,6365
361,6367
1078,6377
511,6383
24,6390
162,6401
597,6418
888,6422
782,6433
805,6453
511,6454
594,6476
953,6477
599,6482
932,6483
27,6490
471,6491
119,6495
150,6505
464,6522
888,6532
1014,6535
964,6537
399,6538
1078,6543
511,6546
964,6549
888,6558
257,6565
1022,6568
27,6580
431,6586
897,6613
694,6618
270,6622
507,6630
224,6631
932,6633
947,6634
743,6635
71,6639
1102,6641
241,6647
747,6650
599,6669
1077,6677
413,6678
257,6687
1039,6690
464,6697
713,6702
586,6704
419,6706
1022,6714
413,6716
597,6721
953,6757
782,6760
471,6781
748,6785
424,6789
162,6792
888,6799
1039,6804
220,6805
985,6811
513,6814
424,6816
667,6821
1078,6822
1077,6824
597,6828
565,6836
27,6842
339,6858
24,6868
565,6885
1039,6887
215,6895
802,6897
1107,6900
182,6906
414,6910
496,6916
511,6918
597,6925
945,6931
1057,6933
24,6934
626,6937
859,6953
934,6975
387,6979
127,6984
1014,6989
40,6990
182,6999
395,7008
1039,7018
257,7019
690,7027
1077,7031
887,7041
964,7042
747,7054
1039,7064
874,7067
452,7071
932,7078
414,7079
749,7080
685,7081
413,7111
90,7120
694,7133
24,7137
1022,7145
41,7161
504,7162
1022,7164
511,7182
565,7183
748,7185
205,7190
513,7193
1057,7194
626,7220
713,7244
255,7249
24,7250
230,7257
713,7270
909,7273
782,7274
718,7277
174,7288
748,7315
565,7334
985,7344
597,7345
646,7346
964,7352
1107,7356
516,7362
626,7363
960,7368
932,7384
1110,7385
182,7409
456,7415
357,7418
749,7428
626,7430
597,7438
515,7446
1085,7447
667,7449
1039,7450
651,7454
405,7460
1039,7467
24,7476
964,7481
565,7482
27,7494
782,7495
1077,7498
511,7501
511,7504
626,7510
947,7513
511,7515
89,7518
880,7523
40,7524
932,7526
469,7552
456,7561
769,7599
694,7607
257,7610
1077,7618
1116,7620
626,7624
1077,7644
413,7655
626,7661
375,7671
1039,7682
595,7684
651,7686
1022,7688
964,7707
1078,7708
945,7710
874,7717
414,7722
414,7725
395,7754
795,7755
911,7760
859,7768
880,7770
1022,7778
516,7779
1078,7780
1085,7781
513,7790
182,7799
27,7802
859,7804
713,7830
932,7849
27,7858
743,7871
24,7881
1081,7882
947,7884
257,7897
1014,7900
1039,7903
956,7904
713,7923
471,7929
464,7946
24,7949
1085,7952
413,7955
1039,7962
1077,7968
713,7970
677,7974
964,7979
597,7987
859,7994
888,8000
511,8013
1078,8032
395,8036
762,8038
911,8055
1085,8057
1081,8060
452,8061
1039,8066
8,8072
257,8073
511,8074
511,8075
68,8086
880,8087
1078,8090
1039,8096
1078,8098
782,8103
326,8108
395,8109
762,8116
690,8119
1077,8131
424,8141
713,8155
782,8172
1105,8180
230,8181
375,8184
1039,8185
1078,8187
964,8189
230,8190
71,8192
255,8193
332,8194
947,8203
687,8206
991,8210
859,8213
511,8220
626,8221
1039,8222
1090,8238
713,8240
927,8242
292,8245
626,8260
1022,8266
463,8268
599,8272
674,8274
802,8282
1081,8283
538,8284
1022,8285
626,8286
464,8291
626,8292
598,8299
1022,8300
741,8309
1039,8322
155,8325
496,8328
24,8333
932,8343
1078,8344
991,8348
989,8357
953,8360
150,8370
774,8386
1116,8387
565,8388
511,8389
1077,8390
1116,8399
222,8409
1020,8410
1107,8411
387,8412
626,8416
1085,8417
1022,8420
1085,8423
783,8425
947,8436
142,8438
424,8439
27,8440
1077,8442
782,8456
945,8457
349,8471
789,8476
1087,8507
694,8527
511,8531
1078,8534
1022,8536
662,8542
964,8543
1039,8546
257,8549
932,8550
880,8551
782,8553
685,8555
782,8556
511,8557
230,8560
205,8562
1116,8566
565,8567
694,8568
1083,8570
40,8574
1039,8583
291,8584
446,8585
355,8588
964,8596
143,8600
436,8620
24,8621
507,8633
762,8639
685,8660
413,8666
565,8667
750,8671
597,8673
742,8676
932,8677
355,8682
1085,8684
932,8686
1,8688
750,8690
1081,8691
750,8692
880,8693
223,8700
413,8702
1007,8703
511,8706
932,8710
864,8716
511,8718
859,8720
464,8723
1116,8726
40,8729
1099,8737
742,8744
932,8747
597,8759
713,8762
1078,8766
1065,8792
705,8794
253,8798
848,8814
945,8818
859,8819
464,8820
1039,8823
473,8827
355,8829
780,8831
565,8838
1039,8841
782,8842
932,8843
741,8844
1085,8846
513,8847
1022,8849
1081,8850
405,8852
511,8859
623,8860
738,8861
926,8865
947,8867
464,8869
1085,8870
1,8871
579,8873
947,8875
413,8877
1116,8878
1081,8879
565,8886
40,8889
205,8890
290,8891
626,8896
387,8901
72,8907
1077,8912
162,8919
932,8927
762,8931
565,8933
162,8944
257,8946
964,8954
713,8963
597,8972
853,8977
464,8982
230,8983
1118,8986
782,8989
140,8992
743,8993
742,8995
375,8996
932,8997
464,8999
71,9003
597,9008
1007,9009
802,9012
1019,9014
565,9015
932,9020
722,9021
424,9022
1081,9024
932,9027
964,9028
405,9030
1022,9032
782,9033
1085,9037
511,9039
269,9040
705,9042
516,9046
387,9048
874,9051
832,9058
464,9060
1078,9070
257,9071
1075,9076
413,9089
513,9099
357,9116
513,9117
463,9118
859,9132
932,9140
623,9145
247,9147
832,9149
694,9150
626,9153
1077,9156
663,9157
24,9162
898,9163
24,9166
902,9167
960,9169
525,9170
405,9171
511,9173
255,9175
257,9180
623,9184
1039,9189
763,9195
960,9200
694,9203
763,9208
1077,9209
511,9210
623,9211
1086,9213
1018,9214
626,9215
1007,9217
253,9225
626,9258
718,9262
391,9275
932,9289
713,9293
395,9303
27,9306
604,9307
382,9313
95,9314
832,9315
597,9317
733,9319
932,9320
694,9325
1087,9328
880,9329
1007,9336
848,9340
31,9342
964,9343
782,9344
1077,9347
1085,9349
741,9354
424,9356
223,9359
753,9360
1077,9363
223,9364
511,9365
750,9366
72,9369
56,9371
4,9375
1012,9376
626,9379
8,9381
1039,9382
1116,9383
222,9384
1085,9385
597,9387
782,9389
1022,9395
1077,9399
859,9405
24,9413
953,9430
859,9468
713,9477
947,9482
905,9483
464,9487
511,9492
1022,9495
848,9497
597,9502
932,9506
1085,9509
323,9510
464,9512
24,9513
694,9519
31,9520
1077,9522
323,9523
880,9527
587,9528
782,9532
597,9535
464,9536
1077,9538
424,9539
694,9545
511,9548
742,9549
511,9550
257,9552
782,9555
926,9557
1081,9559
24,9563
405,9566
162,9578
945,9581
945,9588
932,9599
323,9603
1039,9614
626,9625
626,9639
1107,9642
559,9659
413,9660
414,9661
662,9670
1077,9672
383,9673
597,9674
662,9683
1039,9685
489,9686
888,9687
626,9689
626,9696
1055,9697
1118,9700
1022,9701
464,9703
1022,9706
932,9709
27,9711
802,9713
424,9715
626,9717
24,9718
511,9721
821,9728
126,9738
1078,9741
507,9747
511,9753
623,9754
414,9769
1077,9771
953,9772
1116,9774
1039,9776
424,9777
1039,9779
257,9794
468,9801
443,9807
424,9809
1039,9813
711,9820
428,9832
390,9833
1022,9835
1078,9836
626,9837
516,9838
513,9841
1078,9842
1007,9845
782,9846
1039,9848
305,9849
597,9853
355,9855
207,9861
511,9865
750,9866
1116,9869
1022,9870
832,9872
1039,9873
516,9874
557,9875
413,9877
597,9879
960,9882
859,9887
782,9888
932,9889
207,9890
60,9892
405,9893
565,9895
762,9898
176,9899
34,9900
1099,9902
1087,9905
289,9906
597,9911
122,9912
565,9917
511,9920
358,9924
24,9926
414,9930
1057,9940
507,9949
857,9974
128,9981
888,9994
335,9995
597,9999
947,10005
662,10006
741,10008
323,10009
257,10015
1078,10021
24,10022
174,10024
848,10025
1075,10029
424,10032
787,10033
381,10034
964,10036
1085,10037
623,10044
960,10047
511,10048
960,10049
1078,10050
1022,10051
1007,10055
257,10058
1007,10060
128,10064
452,10066
662,10067
90,10068
27,10069
926,10070
1085,10071
859,10072
626,10073
1039,10079
1007,10080
40,10091
932,10097
743,10111
827,10116
6,10144
471,10159
174,10166
24,10167
947,10168
694,10171
859,10174
1081,10176
1039,10177
763,10178
473,10179
1088,10182
1055,10184
782,10185
1022,10187
1022,10188
782,10189
1081,10190
413,10193
232,10194
1028,10197
931,10198
1107,10199
469,10200
626,10201
956,10203
832,10206
848,10207
802,10209
413,10212
782,10216
176,10221
516,10224
932,10226
513,10230
898,10231
1001,10232
405,10234
289,10236
1075,10240
1022,10243
832,10244
27,10245
750,10247
1039,10253
926,10256
677,10258
255,10259
947,10272
424,10276
782,10300
405,10307
257,10313
1078,10316
390,10329
24,10345
597,10355
173,10356
626,10359
90,10360
694,10363
193,10365
424,10366
573,10374
859,10375
511,10378
750,10386
806,10388
538,10400
859,10404
424,10406
1081,10407
623,10411
597,10412
757,10413
424,10414
694,10417
1007,10418
565,10419
89,10424
1055,10427
597,10429
381,10430
741,10431
821,10433
1022,10438
1107,10439
257,10440
1014,10444
1081,10446
538,10448
985,10450
1085,10454
964,10456
848,10457
511,10471
741,10480
932,10504
464,10506
207,10508
1039,10513
6,10520
611,10537
366,10538
257,10544
677,10555
990,10556
1077,10557
782,10558
932,10560
947,10561
947,10563
802,10564
960,10565
289,10569
405,10571
802,10572
513,10579
1022,10582
424,10585
255,10587
565,10594
405,10595
464,10597
743,10598
428,10599
511,10602
92,10604
257,10606
68,10607
390,10608
832,10609
662,10611
257,10613
960,10616
511,10620
72,10624
597,10625
741,10627
1055,10632
750,10633
880,10634
960,10636
511,10637
289,10639
932,10642
741,10645
565,10646
511,10649
511,10663
222,10665
888,10666
832,10679
1039,10693
1054,10695
387,10697
1078,10699
1085,10700
1116,10701
223,10705
424,10713
158,10726
956,10730
95,10737
29,10743
888,10751
624,10753
257,10754
511,10755
848,10757
511,10758
89,10760
257,10763
1081,10765
694,10766
1081,10768
1039,10769
71,10773
1007,10776
568,10778
1116,10780
597,10786
943,10787
964,10788
90,10789
880,10791
464,10792
101,10798
802,10801
1039,10802
995,10803
1116,10809
1081,10811
623,10816
511,10817
355,10819
1087,10821
4,10827
71,10828
597,10829
887,10831
331,10832
1085,10833
388,10834
207,10835
1105,10839
694,10840
750,10843
597,10847
101,10849
603,10850
1077,10853
597,10855
1039,10859
1109,10878
24,10888
413,10908
133,10910
375,10917
257,10925
947,10935
750,10937
392,10944
604,10945
782,10946
694,10947
1007,10948
783,10951
593,10952
72,10956
257,10957
782,10959
848,10962
1014,10965
945,10967
72,10968
832,10969
390,10970
932,10971
1085,10973
685,10978
651,10979
662,10981
513,10983
72,10985
626,10987
807,10988
832,10989
848,10990
947,10992
424,10997
257,11000
694,11001
1022,11002
1085,11013
1007,11014
516,11022
413,11024
1078,11025
513,11028
832,11033
905,11035
314,11037
694,11038
874,11057
932,11060
366,11068
937,11074
511,11081
626,11087
874,11096
182,11097
363,11122
960,11124
880,11127
255,11129
782,11130
58,11131
733,11133
1039,11134
270,11135
424,11136
547,11137
694,11138
1055,11140
565,11145
323,11146
945,11151
957,11152
1085,11160
597,11163
1022,11166
24,11167
1007,11169
597,11171
255,11172
802,11173
1070,11179
516,11180
750,11183
802,11186
455,11187
1081,11188
424,11190
152,11195
662,11196
71,11200
511,11205
571,11207
626,11208
1085,11209
323,11210
662,11212
750,11214
1081,11215
257,11218
1065,11223
960,11224
366,11226
888,11227
859,11228
597,11234
623,11257
511,11263
947,11272
150,11296
1022,11300
1077,11307
513,11310
1116,11311
71,11315
96,11316
289,11318
71,11326
414,11328
419,11329
1085,11330
89,11333
897,11334
762,11338
718,11340
1077,11342
433,11343
888,11347
323,11348
90,11355
1039,11356
565,11357
516,11359
750,11360
565,11361
392,11366
694,11368
31,11369
1086,11373
1105,11374
956,11375
255,11376
964,11378
626,11381
8,11383
750,11384
387,11385
586,11388
943,11391
1007,11396
626,11398
96,11399
969,11402
1077,11405
597,11408
464,11410
257,11423
427,11425
880,11439
496,11441
859,11445
161,11451
56,11456
565,11458
511,11464
24,11470
762,11473
56,11487
947,11494
207,11497
414,11499
762,11502
991,11514
326,11516
932,11517
597,11518
1032,11519
755,11520
1022,11521
1077,11522
1081,11523
782,11525
1110,11526
1039,11527
424,11530
405,11532
257,11533
1077,11536
766,11537
1085,11539
626,11541
859,11542
932,11544
1022,11546
318,11547
428,11549
424,11553
1077,11557
511,11559
1007,11561
932,11563
1039,11565
859,11567
626,11568
749,11571
215,11573
741,11574
27,11579
1085,11580
390,11581
715,11583
464,11587
947,11590
538,11591
626,11592
371,11595
1039,11600
843,11604
1055,11606
516,11607
511,11608
947,11612
1039,11618
1085,11622
257,11623
323,11628
849,11639
24,11640
1022,11646
713,11658
960,11671
513,11677
357,11679
179,11713
1110,11722
755,11726
1081,11727
667,11728
428,11730
880,11733
1022,11734
1039,11736
1085,11738
597,11741
428,11744
136,11746
1014,11748
90,11750
706,11754
405,11755
960,11757
947,11763
859,11764
1072,11765
925,11766
662,11767
413,11773
662,11775
424,11781
464,11782
1083,11785
1077,11787
678,11791
565,11793
1039,11794
257,11795
1039,11796
937,11800
223,11801
323,11804
888,11805
1078,11806
381,11808
387,11812
1055,11813
597,11814
413,11815
607,11816
511,11818
413,11821
1099,11822
662,11824
90,11825
1022,11826
932,11829
1022,11832
31,11833
932,11834
960,11841
387,11843
932,11846
332,11850
31,11854
24,11861
782,11863
27,11866
713,11892
1022,11894
511,11900
463,11904
511,11908
511,11911
424,11917
597,11919
174,11922
270,11926
880,11931
1014,11933
710,11937
597,11939
718,11941
623,11947
413,11949
932,11951
1077,11953
696,11956
848,11958
741,11959
1081,11963
597,11965
1007,11966
27,11967
887,11980
72,11984
1057,11991
932,11992
390,11993
247,11995
960,11997
565,11998
1022,11999
73,12003
557,12004
42,12005
626,12006
222,12007
597,12008
887,12012
764,12015
1039,12018
565,12019
741,12020
832,12023
424,12024
230,12027
626,12029
859,12037
750,12039
179,12041
1081,12048
323,12050
597,12052
511,12054
1085,12055
511,12058
1039,12062
24,12064
291,12067
538,12068
511,12074
747,12077
413,12087
932,12096
775,12103
674,12104
859,12114
743,12115
743,12129
464,12136
291,12137
257,12139
464,12142
332,12143
947,12146
651,12150
597,12151
1039,12152
136,12153
424,12154
932,12161
392,12162
947,12165
76,12166
1085,12167
568,12168
538,12171
843,12173
72,12174
763,12175
667,12178
1086,12179
511,12184
1085,12186
887,12190
1039,12192
222,12194
1081,12195
888,12198
424,12202
848,12206
1078,12209
513,12210
848,12211
887,12212
511,12213
626,12216
565,12219
511,12221
932,12223
626,12232
832,12233
750,12234
1077,12235
1116,12236
672,12239
516,12240
257,12241
802,12245
532,12246
947,12252
405,12257
531,12266
186,12268
179,12273
464,12276
68,12283
947,12287
90,12289
565,12290
464,12312
1087,12314
747,12316
964,12317
511,12322
395,12324
782,12331
742,12344
748,12348
511,12353
796,12364
782,12365
1085,12375
651,12379
516,12381
428,12384
1085,12387
763,12389
750,12390
601,12402
511,12404
257,12406
1081,12409
848,12410
1053,12414
1077,12415
511,12418
101,12420
257,12421
597,12422
128,12424
375,12426
257,12428
625,12429
859,12430
426,12432
848,12433
750,12434
859,12438
1116,12442
597,12443
626,12444
424,12446
905,12448
787,12451
1085,12455
565,12458
597,12460
405,12463
1022,12467
782,12468
1078,12469
24,12470
538,12473
1039,12478
511,12480
1085,12482
623,12483
207,12485
257,12487
1022,12490
424,12493
843,12494
626,12495
1116,12496
782,12498
947,12499
1039,12504
1077,12505
579,12507
932,12508
1081,12509
1022,12512
932,12516
743,12519
1078,12521
678,12531
565,12534
565,12535
40,12547
1022,12548
909,12569
964,12595
607,12610
859,12614
932,12615
1077,12626
932,12635
1039,12638
1085,12640
85,12641
1022,12642
257,12643
511,12646
424,12648
1116,12649
1022,12650
72,12651
1085,12652
880,12653
750,12661
667,12662
305,12666
405,12668
1085,12671
626,12673
136,12675
1022,12676
1077,12677
887,12678
850,12681
511,12682
834,12683
932,12685
513,12686
749,12687
1022,12689
511,12691
1081,12692
289,12701
565,12703
750,12705
1031,12708
90,12711
1078,12716
685,12717
1007,12718
516,12719
405,12720
932,12725
511,12726
1039,12728
960,12730
413,12731
832,12732
597,12734
516,12735
802,12738
718,12739
257,12741
626,12743
424,12744
413,12745
223,12747
880,12748
832,12749
405,12751
1077,12755
1022,12761
532,12767
161,12777
232,12780
511,12781
1022,12788
6,12794
597,12798
782,12799
24,12800
742,12804
40,12805
361,12828
1077,12841
1022,12843
1039,12847
597,12863
959,12865
424,12867
1075,12869
511,12870
887,12873
1022,12874
750,12877
667,12880
464,12882
1039,12883
426,12885
328,12889
413,12890
1081,12895
434,12896
626,12898
418,12899
667,12902
887,12903
888,12906
305,12910
1007,12912
1077,12914
1085,12916
1014,12920
667,12921
787,12922
255,12924
1077,12927
932,12928
538,12934
1039,12939
782,12944
947,12945
1055,12947
782,12948
323,12950
960,12951
1081,12953
626,12954
932,12956
428,12958
880,12962
413,12967
1107,12970
464,12973
964,12974
387,12978
516,12979
932,12985
291,12986
1022,12988
565,12989
230,12992
1055,12996
663,12997
72,12998
1057,12999
1085,13000
1081,13005
257,13007
424,13010
662,13012
255,13013
700,13014
623,13019
1007,13022
964,13025
257,13026
392,13030
511,13031
694,13032
1081,13033
424,13035
68,13038
387,13039
597,13040
1057,13043
626,13052
964,13054
1070,13062
888,13070
678,13072
257,13080
1078,13083
1085,13086
711,13097
511,13105
349,13113
783,13118
932,13119
1085,13120
1081,13125
328,13127
932,13130
1077,13132
511,13133
565,13141
674,13143
947,13145
1078,13153
847,13159
932,13164
257,13167
1081,13168
511,13169
1039,13171
651,13172
1077,13176
1067,13177
597,13178
48,13179
1081,13182
428,13184
1014,13185
947,13186
511,13187
1055,13188
623,13190
405,13192
1081,13193
404,13194
960,13197
511,13198
111,13200
888,13201
532,13206
511,13209
1055,13210
72,13213
1055,13215
821,13217
1081,13220
257,13224
111,13225
1077,13227
880,13231
898,13232
623,13233
847,13234
355,13235
1055,13241
947,13246
745,13247
687,13248
511,13250
1085,13257
1055,13258
464,13259
623,13261
289,13262
24,13263
480,13270
1055,13271
597,13272
1057,13273
511,13280
960,13282
626,13285
1077,13286
257,13287
1022,13294
511,13297
176,13298
323,13300
387,13303
694,13304
516,13305
405,13309
27,13310
72,13313
27,13320
1039,13321
1022,13322
180,13323
566,13328
68,13338
565,13341
413,13346
1078,13351
71,13360
859,13363
513,13365
1057,13381
511,13384
511,13389
538,13402
932,13403
588,13405
1081,13407
783,13409
991,13410
1110,13412
991,13413
1077,13418
511,13419
880,13420
254,13427
511,13428
1085,13429
912,13445
111,13450
1081,13451
1001,13452
597,13453
626,13455
1018,13457
464,13458
328,13461
424,13462
464,13463
847,13464
626,13468
516,13472
597,13475
257,13476
428,13477
763,13479
755,13481
1065,13484
1081,13486
550,13492
1039,13493
1095,13494
623,13497
387,13498
680,13500
355,13501
1022,13502
626,13503
1039,13505
749,13506
424,13507
355,13509
659,13511
230,13513
932,13515
257,13517
488,13518
626,13520
859,13521
1081,13524
1081,13527
623,13532
511,13533
424,13534
932,13535
1077,13536
1085,13538
755,13540
1039,13541
230,13542
1081,13543
257,13546
1007,13547
859,13550
419,13551
24,13552
1085,13554
932,13560
511,13562
355,13564
413,13565
1039,13567
1039,13571
1007,13572
1085,13573
677,13574
880,13577
1077,13579
511,13581
782,13588
291,13590
1081,13592
511,13596
31,13597
355,13599
1081,13600
355,13601
511,13604
694,13605
964,13606
763,13608
516,13610
163,13612
428,13613
760,13614
623,13619
390,13622
932,13626
1081,13635
27,13636
888,13637
646,13657
595,13658
1039,13668
464,13669
207,13671
505,13682
387,13686
413,13691
1116,13696
424,13698
511,13704
897,13707
880,13708
651,13712
91,13714
748,13724
1085,13739
887,13742
350,13744
783,13745
846,13746
718,13748
807,13750
755,13753
1083,13754
405,13755
597,13761
413,13765
623,13768
703,13770
960,13772
511,13774
1022,13775
1081,13778
424,13779
1067,13781
1089,13785
755,13787
1039,13792
887,13793
565,13794
708,13795
511,13797
887,13800
782,13803
424,13805
424,13810
1116,13811
511,13814
413,13815
964,13816
304,13818
755,13826
291,13828
763,13831
782,13835
1077,13839
1001,13842
1081,13844
750,13845
557,13851
511,13852
511,13855
511,13857
859,13858
597,13859
1081,13860
452,13861
1022,13865
24,13866
405,13867
832,13871
253,13873
223,13874
257,13875
428,13876
1039,13877
597,13880
1022,13882
1007,13887
305,13888
888,13894
413,13895
22,13899
1001,13900
782,13902
16,13906
604,13908
597,13910
750,13915
257,13922
880,13923
1022,13926
832,13935
1022,13942
1078,13943
743,13948
597,13961
391,13971
428,13974
387,13982
964,13983
12,13985
859,13986
887,13990
847,13993
651,13994
1022,13996
1085,13997
1077,14000
464,14001
1081,14002
403,14003
626,14004
426,14006
783,14007
718,14008
782,14012
824,14013
1039,14015
782,14019
626,14029
626,14036
511,14039
405,14040
859,14043
637,14045
1065,14047
403,14049
451,14050
597,14055
1022,14057
1116,14061
85,14063
947,14065
111,14066
677,14067
947,14068
710,14072
859,14073
932,14075
932,14076
1055,14077
898,14078
1039,14079
424,14084
413,14085
597,14086
932,14087
90,14095
257,14097
538,14098
859,14099
1081,14102
511,14104
89,14105
932,14108
783,14112
257,14115
750,14116
1081,14117
511,14118
932,14120
597,14121
755,14130
932,14131
802,14132
620,14133
1039,14135
626,14138
762,14139
516,14140
802,14141
1107,14144
1085,14145
1077,14146
623,14154
1078,14156
1007,14157
823,14159
511,14160
349,14161
207,14171
424,14172
1055,14173
1107,14176
257,14178
802,14183
960,14185
623,14186
597,14187
947,14193
685,14196
424,14197
1081,14199
230,14204
1055,14205
128,14210
469,14214
887,14231
300,14259
991,14261
1090,14265
960,14266
667,14268
651,14269
818,14270
71,14277
991,14278
1081,14282
1078,14294
1022,14296
511,14301
464,14311
257,14313
651,14315
1022,14318
1085,14322
771,14323
1081,14324
755,14325
1022,14329
1081,14334
511,14338
43,14339
923,14342
1077,14343
782,14344
428,14345
511,14346
667,14348
755,14350
755,14353
511,14360
607,14364
128,14365
419,14366
1039,14368
626,14369
1063,14373
230,14374
473,14378
763,14383
1039,14384
424,14385
405,14388
607,14391
779,14393
677,14397
607,14400
880,14403
428,14405
1065,14408
73,14409
887,14410
511,14413
626,14415
832,14417
516,14418
392,14430
932,14439
511,14443
1039,14444
223,14445
694,14448
464,14449
782,14452
392,14454
626,14455
651,14458
403,14459
424,14463
1039,14464
1081,14465
1022,14466
1039,14467
667,14469
326,14470
128,14479
565,14480
424,14485
35,14486
1007,14491
1039,14492
511,14494
832,14496
375,14499
973,14502
848,14510
424,14511
1078,14513
964,14514
405,14515
565,14539
565,14543
626,14554
565,14562
597,14568
718,14570
511,14571
1083,14572
782,14577
947,14579
847,14580
624,14584
1083,14585
651,14587
1077,14589
991,14590
859,14591
1014,14592
176,14606
1065,14617
960,14619
879,14623
111,14624
782,14625
1081,14626
257,14627
428,14628
1077,14631
402,14632
305,14633
512,14635
1039,14639
932,14642
1022,14643
763,14645
257,14647
85,14649
960,14657
257,14658
1,14659
626,14660
1039,14661
1077,14663
749,14666
1022,14669
888,14672
570,14674
964,14676
871,14677
343,14682
1116,14683
1081,14684
722,14687
1,14691
597,14694
511,14697
412,14698
623,14701
597,14704
253,14706
464,14707
355,14710
179,14711
424,14713
677,14716
591,14719
24,14722
255,14723
464,14724
1107,14725
511,14731
763,14732
305,14733
880,14738
1116,14739
662,14741
623,14743
355,14744
802,14747
662,14749
414,14752
1083,14755
458,14756
782,14757
512,14760
1081,14762
419,14763
328,14765
1085,14766
1081,14768
257,14769
991,14772
662,14777
355,14778
626,14779
1007,14782
90,14783
1077,14786
887,14789
932,14790
511,14794
331,14795
932,14799
314,14801
626,14806
511,14807
1077,14812
782,14814
597,14815
516,14817
741,14824
361,14833
202,14848
674,14853
456,14856
511,14861
742,14869
130,14876
413,14878
782,14879
718,14881
511,14883
420,14892
880,14894
937,14897
257,14898
932,14899
891,14909
635,14917
1022,14924
257,14926
888,14931
667,14932
783,14933
311,14937
1085,14938
464,14939
1022,14942
403,14944
464,14949
959,14951
516,14952
1081,14954
597,14956
1116,14957
36,14959
1077,14964
405,14967
597,14969
517,14970
667,14971
1022,14972
413,14973
694,14974
424,14975
511,14977
278,14979
782,14980
677,14981
694,14983
279,14984
1022,14986
1085,14987
848,14988
626,14992
511,14993
685,14994
667,15000
1085,15001
128,15005
1081,15006
1039,15007
750,15008
637,15010
1022,15013
597,15015
932,15016
257,15017
473,15019
932,15021
1007,15024
1022,15026
848,15029
807,15031
71,15032
513,15034
1081,15035
741,15039
323,15041
223,15047
324,15055
375,15059
1107,15060
511,15062
1055,15064
597,15065
511,15066
186,15067
14,15068
512,15070
1081,15071
718,15077
626,15080
420,15081
271,15084
877,15087
718,15091
255,15093
1081,15095
626,15098
646,15099
414,15100
565,15101
932,15102
1022,15107
813,15108
1086,15109
392,15111
947,15112
141,15117
597,15123
1077,15139
1022,15142
623,15145
748,15166
136,15180
651,15181
593,15183
1110,15185
1039,15186
888,15188
1085,15191
897,15194
932,15196
1110,15198
1081,15199
395,15208
1039,15220
464,15221
595,15222
1039,15223
991,15225
1022,15226
932,15228
684,15231
991,15236
1022,15237
859,15243
992,15244
387,15245
405,15246
1081,15249
932,15253
27,15254
859,15255
413,15263
402,15264
626,15265
718,15266
1077,15267
1081,15268
424,15269
783,15271
1085,15272
511,15273
428,15274
289,15275
413,15281
677,15290
405,15291
501,15294
782,15295
1081,15296
783,15298
932,15300
1081,15301
20,15303
511,15304
496,15309
802,15311
932,15312
626,15314
428,15315
782,15316
314,15317
1039,15319
1081,15320
305,15324
662,15325
937,15330
888,15333
257,15335
597,15336
1085,15337
464,15338
848,15339
626,15343
223,15345
323,15346
597,15352
782,15355
932,15357
1077,15360
897,15363
947,15365
72,15366
102,15367
1081,15369
1022,15370
1039,15375
1061,15377
1083,15378
424,15379
424,15383
807,15387
880,15388
859,15391
597,15393
866,15396
566,15398
626,15400
1039,15401
626,15402
90,15405
405,15407
694,15412
947,15419
413,15424
597,15430
24,15436
626,15461
747,15465
265,15469
405,15479
1014,15481
991,15485
136,15488
670,15490
859,15491
424,15492
576,15493
1039,15496
186,15498
651,15499
679,15501
887,15502
1039,15508
782,15510
1081,15528
718,15529
424,15530
186,15531
1088,15532
326,15534
932,15537
1022,15538
1101,15539
257,15540
419,15541
725,15544
405,15545
1088,15547
1032,15548
257,15550
1039,15551
782,15553
235,15555
932,15556
1081,15557
1022,15558
186,15561
1081,15562
667,15565
725,15566
782,15568
880,15569
667,15571
725,15574
326,15575
257,15576
262,15577
932,15582
718,15583
511,15584
1022,15585
645,15587
934,15588
932,15590
847,15592
626,15593
932,15594
511,15595
1039,15598
509,15602
486,15606
317,15608
1077,15612
802,15613
349,15614
637,15615
897,15616
847,15623
72,15627
932,15630
783,15632
1116,15634
960,15635
1014,15636
932,15638
1077,15640
848,15645
101,15647
136,15650
428,15651
1055,15653
405,15654
400,15657
725,15659
257,15660
707,15661
1055,15662
1022,15663
405,15664
626,15668
111,15669
511,15671
750,15673
1081,15677
1077,15678
564,15682
511,15685
395,15687
964,15690
945,15696
960,15697
880,15700
521,15701
428,15703
513,15704
1116,15706
626,15707
774,15709
405,15711
72,15713
579,15728
750,15729
450,15730
257,15734
139,15738
807,15740
419,15743
171,15744
651,15745
995,15746
1025,15747
975,15749
186,15752
782,15754
512,15755
677,15756
685,15758
932,15760
1105,15764
623,15766
1039,15769
960,15770
503,15773
738,15776
662,15779
428,15786
832,15788
1081,15791
1055,15794
623,15800
874,15802
155,15807
626,15811
597,15817
782,15821
565,15836
1078,15838
24,15843
694,15847
880,15851
667,15854
1081,15857
932,15860
82,15862
1085,15863
646,15864
807,15865
783,15867
718,15869
403,15870
626,15872
413,15873
1083,15874
1083,15875
626,15876
428,15878
441,15897
1085,15904
511,15905
257,15911
405,15912
626,15915
923,15916
413,15917
1039,15919
186,15920
551,15921
991,15922
771,15923
485,15928
1088,15930
718,15932
595,15934
582,15936
991,15937
932,15938
1084,15939
934,15940
771,15944
847,15945
387,15948
595,15950
352,15952
203,15954
257,15955
413,15956
1081,15958
498,15960
33,15961
897,15963
496,15964
782,15965
771,15967
595,15970
718,15971
640,15972
782,15973
1081,15974
932,15975
511,15978
626,15981
1116,15985
932,15986
1039,15989
1022,15990
101,15991
311,15992
866,15995
755,15998
511,16001
257,16003
879,16004
230,16007
1039,16013
768,16014
428,16015
597,16017
859,16019
1007,16020
1039,16022
947,16023
72,16025
880,16030
1081,16031
516,16033
829,16034
623,16040
413,16041
1039,16045
623,16046
782,16051
763,16052
960,16054
331,16056
257,16059
1022,16060
1077,16062
564,16063
232,16066
511,16067
707,16069
832,16070
1055,16071
677,16074
27,16075
182,16078
1007,16079
694,16080
741,16081
964,16083
782,16085
597,16086
1085,16088
323,16094
362,16095
480,16102
802,16103
738,16104
626,16105
254,16106
71,16107
564,16108
511,16110
694,16111
947,16114
880,16118
725,16119
722,16123
783,16124
413,16125
859,16128
186,16129
1085,16131
626,16133
1014,16136
512,16137
257,16138
888,16140
1055,16146
823,16148
257,16150
763,16152
511,16153
694,16155
880,16157
782,16174
947,16179
40,16182
387,16200
1081,16220
175,16226
718,16227
257,16229
613,16230
309,16231
71,16232
130,16236
1014,16237
511,16238
597,16239
255,16240
991,16241
1085,16242
725,16250
513,16251
953,16258
179,16260
242,16273
572,16274
1081,16276
405,16277
1085,16279
257,16281
136,16282
413,16283
1116,16284
1022,16286
1025,16288
1081,16290
626,16293
667,16296
958,16297
1088,16298
257,16299
1081,16301
782,16303
947,16305
230,16306
186,16309
424,16311
667,16314
866,16316
1039,16318
305,16319
645,16321
878,16323
1082,16327
631,16328
782,16329
413,16330
1081,16332
1022,16333
192,16334
1039,16338
897,16339
722,16340
992,16346
942,16350
797,16351
782,16352
1088,16355
507,16360
1081,16365
783,16366
626,16368
424,16370
257,16371
1022,16372
859,16374
991,16375
511,16377
626,16379
1077,16380
538,16382
387,16385
888,16388
538,16389
424,16390
932,16391
1081,16393
424,16395
676,16396
1007,16399
960,16400
1104,16405
782,16407
713,16408
880,16411
1018,16412
511,16413
898,16414
947,16416
428,16417
1081,16418
511,16423
637,16424
405,16425
464,16427
1022,16431
932,16432
511,16433
898,16434
863,16435
1081,16438
626,16441
1022,16442
662,16447
782,16448
1077,16453
1087,16455
1055,16457
1007,16458
323,16460
355,16461
960,16464
888,16466
1085,16470
626,16472
230,16480
90,16483
597,16484
782,16488
897,16490
419,16491
452,16496
782,16498
1018,16499
991,16500
995,16501
590,16502
1092,16504
19,16505
1039,16506
932,16507
1083,16508
1022,16509
257,16511
595,16512
136,16513
651,16514
1085,16518
72,16522
677,16525
255,16531
230,16532
782,16533
774,16536
1007,16537
323,16540
694,16545
848,16551
511,16553
538,16554
1022,16557
782,16559
747,16561
464,16574
782,16578
1039,16579
597,16580
257,16586
597,16590
887,16597
898,16609
305,16614
1022,16616
847,16617
1047,16618
597,16619
859,16621
1110,16622
1039,16624
651,16625
866,16626
160,16627
674,16628
991,16631
108,16637
403,16653
568,16654
325,16658
932,16659
1085,16660
511,16662
859,16663
115,16665
897,16667
424,16668
782,16671
991,16675
947,16677
718,16682
1081,16683
499,16685
995,16687
847,16688
1099,16690
626,16694
97,16698
718,16699
947,16700
1081,16704
667,16705
405,16706
595,16708
963,16711
487,16712
667,16714
1065,16715
778,16716
481,16719
782,16721
186,16722
511,16723
932,16725
403,16728
405,16731
782,16733
667,16735
1077,16744
1022,16746
888,16748
387,16751
626,16752
1039,16753
23,16757
1022,16758
511,16760
623,16765
1022,16766
596,16769
960,16775
667,16777
291,16779
932,16784
762,16785
270,16790
314,16791
1039,16792
1077,16793
305,16798
626,16799
802,16800
597,16801
233,16802
1039,16806
1077,16809
607,16811
932,16813
725,16815
71,16817
782,16818
511,16819
1081,16820
1039,16823
24,16828
1078,16830
749,16831
913,16832
473,16836
27,16841
413,16843
880,16844
1077,16845
616,16853
964,16855
223,16858
626,16859
511,16860
1039,16861
413,16863
392,16865
516,16866
1059,16870
27,16871
511,16872
718,16876
888,16881
191,16883
405,16886
991,16887
512,16888
651,16890
848,16892
565,16893
257,16898
326,16899
626,16900
742,16903
230,16904
626,16906
859,16908
511,16909
1077,16912
985,16915
932,16916
947,16917
323,16918
464,16922
662,16923
511,16931
405,16936
511,16957
932,16964
1039,16981
403,16986
511,16989
257,16992
623,16995
1085,16998
1039,17000
887,17001
953,17029
186,17031
627,17032
305,17034
782,17035
595,17037
1067,17039
1039,17040
1083,17041
257,17042
1116,17044
186,17046
1065,17047
481,17050
1022,17052
778,17053
399,17057
1032,17058
326,17059
261,17060
1015,17062
424,17063
307,17065
932,17066
186,17067
778,17068
595,17070
867,17072
1022,17076
1032,17077
300,17078
413,17081
528,17082
947,17083
661,17085
656,17086
771,17087
962,17088
186,17090
1039,17091
626,17092
991,17095
1081,17097
859,17103
402,17104
387,17105
516,17106
932,17110
257,17115
480,17117
782,17118
782,17119
257,17120
1077,17121
932,17122
833,17123
511,17125
898,17129
932,17135
847,17137
626,17138
782,17140
720,17143
67,17144
72,17147
1018,17149
859,17151
721,17155
1039,17159
1022,17163
72,17166
750,17167
682,17168
947,17169
402,17170
1055,17171
1014,17172
859,17178
629,17180
960,17181
424,17182
511,17183
101,17186
692,17188
932,17189
947,17190
324,17191
626,17192
1,17194
782,17196
513,17198
413,17199
73,17202
31,17204
27,17207
424,17208
1081,17210
1022,17212
516,17213
1057,17215
464,17216
513,17221
502,17222
932,17223
568,17224
677,17227
1022,17228
1081,17231
1014,17234
964,17235
739,17240
1077,17241
1,17243
1007,17244
947,17249
387,17253
512,17255
667,17257
782,17259
651,17261
1085,17264
937,17265
1029,17266
932,17269
31,17273
597,17274
964,17286
413,17293
413,17294
932,17301
597,17306
1039,17308
888,17310
597,17312
887,17313
597,17315
932,17316
413,17322
947,17323
357,17326
782,17335
782,17339
36,17340
718,17341
807,17343
847,17345
595,17346
564,17349
1014,17353
991,17356
782,17357
186,17359
578,17363
1081,17364
403,17365
1081,17366
568,17368
1039,17370
326,17372
991,17374
641,17375
807,17376
564,17377
947,17378
782,17381
718,17382
814,17383
595,17385
722,17392
534,17393
134,17394
782,17395
595,17396
534,17397
932,17399
932,17402
722,17403
595,17404
595,17405
1083,17407
718,17408
1039,17409
991,17410
1081,17414
399,17416
725,17419
511,17421
667,17422
991,17423
991,17426
186,17427
98,17428
1039,17429
932,17430
615,17431
831,17434
667,17436
947,17437
596,17440
1032,17442
1051,17443
667,17445
718,17446
405,17450
1116,17451
880,17452
991,17453
932,17455
399,17456
880,17458
1081,17459
1022,17461
1039,17465
432,17467
1085,17468
943,17469
626,17472
651,17473
694,17474
1067,17475
424,17476
1039,17479
947,17480
413,17484
1081,17485
511,17486
750,17487
931,17490
230,17493
1077,17494
149,17496
1039,17497
413,17498
626,17501
511,17505
960,17509
623,17510
513,17511
405,17518
1039,17520
888,17524
600,17525
932,17526
210,17527
707,17528
880,17535
718,17538
960,17539
685,17540
1081,17543
405,17547
207,17548
27,17549
1046,17552
960,17557
964,17558
859,17559
694,17560
848,17566
782,17568
205,17570
223,17574
24,17577
392,17579
750,17580
623,17584
31,17585
538,17590
1063,17592
667,17594
880,17596
1032,17597
595,17599
260,17600
413,17601
667,17603
326,17604
947,17605
782,17606
1081,17608
621,17609
626,17615
1022,17617
991,17618
424,17619
934,17620
1039,17622
847,17623
511,17625
814,17627
568,17628
177,17629
568,17630
402,17631
413,17632
1039,17639
136,17642
960,17644
623,17647
424,17648
848,17649
1085,17650
566,17653
128,17654
918,17655
932,17656
257,17658
597,17662
743,17667
68,17671
511,17677
513,17705
597,17708
1039,17711
667,17712
305,17713
1081,17715
807,17716
1082,17717
626,17718
405,17720
932,17721
1014,17722
511,17723
1022,17724
538,17728
783,17729
1022,17730
805,17733
1083,17734
511,17736
626,17740
326,17741
880,17742
1039,17744
71,17747
880,17748
1022,17751
865,17752
859,17753
1088,17754
626,17755
186,17759
937,17760
771,17761
991,17762
424,17765
413,17766
1032,17767
962,17768
659,17770
919,17772
413,17773
186,17774
730,17775
975,17776
115,17778
257,17780
527,17783
782,17784
771,17785
718,17786
186,17787
1065,17788
511,17789
326,17790
257,17792
257,17794
1081,17797
1038,17799
186,17801
596,17802
1081,17803
932,17804
667,17805
326,17806
305,17807
1022,17808
399,17809
257,17812
527,17815
932,17817
782,17818
1022,17819
597,17823
864,17824
1018,17825
186,17826
511,17828
257,17830
71,17832
424,17834
667,17838
402,17843
626,17844
1022,17845
782,17847
1077,17848
1081,17850
932,17851
230,17852
879,17853
71,17855
937,17858
960,17859
932,17861
782,17862
960,17863
847,17865
626,17867
694,17869
511,17870
1085,17871
844,17877
1039,17881
859,17883
707,17884
597,17885
848,17888
511,17889
500,17894
314,17895
533,17897
349,17899
859,17900
597,17901
528,17902
821,17904
888,17910
1067,17911
889,17912
677,17913
597,17917
257,17921
511,17922
1044,17923
289,17927
1085,17930
516,17932
257,17933
1055,17934
597,17937
1007,17938
848,17939
557,17943
947,17944
424,17945
1081,17950
626,17952
1007,17953
511,17954
1007,17956
99,17958
595,17959
273,17961
424,17963
667,17964
186,17965
782,17966
273,17967
718,17968
257,17971
186,17973
718,17975
1032,17976
722,17977
667,17978
419,17979
887,17980
947,17984
1081,17986
511,17987
783,17988
991,17989
460,17990
1022,17993
595,17994
1014,17997
932,17998
847,17999
564,18000
947,18003
1022,18005
947,18010
662,18012
832,18016
1039,18020
511,18021
464,18022
511,18030
782,18037
1039,18038
879,18040
626,18042
932,18052
1081,18058
834,18060
186,18061
1081,18062
36,18063
195,18065
424,18066
872,18068
936,18069
1014,18072
995,18076
516,18077
403,18078
186,18079
1088,18081
667,18082
718,18083
932,18085
1081,18086
1022,18088
326,18090
1039,18091
932,18092
782,18093
260,18094
756,18095
186,18096
847,18097
289,18098
8,18099
137,18100
932,18102
399,18103
626,18106
1049,18108
995,18109
695,18110
132,18111
932,18112
1022,18113
722,18116
534,18117
782,18118
595,18121
932,18122
401,18123
963,18125
352,18128
595,18129
492,18130
991,18132
257,18133
511,18134
405,18135
1081,18136
718,18138
771,18139
947,18140
405,18141
932,18145
870,18146
147,18153
1022,18156
186,18157
71,18160
426,18161
783,18163
990,18164
782,18165
1039,18166
403,18167
782,18176
305,18180
932,18181
807,18184
1022,18186
413,18189
547,18190
718,18193
932,18195
782,18198
597,18199
887,18200
1,18205
1116,18208
1075,18209
405,18210
1081,18211
750,18212
301,18213
566,18215
1,18216
72,18218
623,18220
257,18224
1022,18226
888,18227
597,18231
626,18232
511,18233
978,18234
763,18235
516,18236
511,18239
750,18240
1077,18242
1018,18248
782,18249
511,18251
532,18252
1087,18253
802,18254
323,18255
565,18259
1081,18260
677,18264
413,18267
464,18270
623,18272
305,18274
513,18282
1081,18284
1085,18285
934,18290
667,18291
186,18292
1022,18293
667,18294
257,18296
667,18297
405,18298
782,18299
718,18304
1039,18305
652,18306
1039,18308
773,18309
1081,18310
568,18311
718,18312
512,18314
718,18315
651,18316
424,18317
49,18319
1110,18320
511,18321
1039,18322
991,18324
186,18331
305,18333
622,18334
887,18336
662,18337
582,18338
405,18340
1039,18341
207,18343
926,18344
926,18346
848,18347
623,18350
743,18354
511,18363
414,18364
182,18372
1081,18373
1083,18375
782,18376
932,18380
413,18381
136,18382
186,18385
930,18387
1022,18388
511,18390
597,18391
783,18392
564,18393
1039,18394
564,18396
753,18397
932,18399
807,18400
595,18404
405,18405
847,18406
1083,18407
2,18409
232,18412
724,18415
1090,18416
667,18419
1081,18420
595,18422
257,18423
1051,18425
667,18426
667,18427
1081,18431
1022,18432
782,18433
1039,18434
1039,18435
186,18436
717,18437
782,18438
257,18439
718,18440
709,18442
511,18443
595,18444
805,18445
947,18446
771,18447
71,18448
887,18451
1116,18452
651,18453
718,18454
115,18455
932,18457
595,18458
509,18459
847,18460
1022,18461
782,18462
405,18463
413,18464
936,18466
88,18471
1014,18472
305,18474
403,18478
667,18479
424,18480
880,18481
403,18482
186,18483
782,18487
718,18489
652,18490
481,18492
929,18493
114,18495
424,18497
32,18498
186,18499
595,18500
932,18501
352,18504
272,18505
667,18511
778,18512
352,18513
257,18514
1081,18515
902,18517
1022,18519
272,18521
111,18525
1065,18527
1018,18529
1022,18533
464,18534
597,18536
464,18538
947,18540
750,18542
71,18543
895,18544
782,18545
684,18549
750,18550
1039,18553
637,18554
1039,18557
946,18560
879,18563
932,18564
718,18567
1086,18568
782,18571
1,18572
848,18574
72,18576
1039,18579
207,18585
964,18589
626,18590
405,18591
718,18592
932,18593
651,18594
511,18599
1039,18601
85,18603
27,18607
72,18609
1022,18610
413,18611
257,18614
72,18615
511,18620
222,18623
597,18625
597,18629
513,18632
1081,18636
848,18641
513,18645
741,18647
427,18648
24,18649
626,18650
1039,18658
405,18659
114,18663
1081,18666
626,18669
667,18670
887,18672
791,18673
405,18678
413,18679
1081,18682
1039,18683
991,18685
847,18688
257,18691
667,18696
1116,18698
561,18700
330,18701
1039,18703
597,18716
960,18717
742,18719
860,18723
111,18731
511,18733
1022,18735
511,18736
565,18739
651,18749
1116,18753
898,18756
1081,18758
597,18761
667,18763
1022,18764
305,18765
886,18767
718,18770
626,18771
428,18775
771,18776
1022,18778
847,18779
413,18780
1081,18781
667,18785
593,18786
595,18787
722,18790
847,18791
947,18794
652,18795
1081,18797
511,18798
667,18799
609,18800
595,18801
619,18803
109,18804
305,18805
1081,18806
801,18807
667,18810
778,18813
1039,18814
1022,18815
94,18816
932,18817
186,18818
405,18820
405,18821
1088,18822
937,18823
782,18825
880,18826
1088,18827
778,18828
100,18830
722,18831
691,18833
1081,18834
975,18836
991,18837
630,18846
257,18849
424,18851
778,18853
1039,18854
511,18856
667,18857
595,18858
782,18859
424,18860
847,18861
947,18866
403,18868
257,18870
326,18871
203,18873
564,18875
626,18878
564,18879
755,18888
959,18891
1022,18894
1083,18895
866,18896
1081,18897
1081,18899
796,18901
888,18903
1022,18904
413,18906
27,18907
481,18909
511,18912
71,18915
859,18918
880,18920
623,18923
1081,18927
230,18929
859,18932
1077,18934
707,18935
763,18936
880,18938
1022,18939
424,18944
960,18945
782,18947
750,18949
1039,18950
452,18952
880,18956
755,18958
405,18963
1039,18966
662,18967
741,18968
782,18973
623,18975
1022,18977
1116,18982
932,18983
511,18985
1007,18986
72,18989
960,18990
1007,18995
623,18997
392,18999
782,19001
595,19002
511,19003
924,19004
166,19005
115,19007
187,19008
257,19009
667,19010
887,19011
114,19012
1039,19015
667,19017
782,19018
995,19019
667,19020
652,19021
1116,19024
115,19025
932,19027
1022,19030
947,19034
511,19035
512,19036
1081,19038
771,19039
232,19040
995,19041
424,19042
1022,19043
651,19045
1081,19046
428,19047
765,19051
1022,19052
755,19054
1021,19056
405,19057
990,19059
355,19060
1118,19062
749,19068
480,19070
597,19079
1081,19082
651,19090
1039,19092
284,19094
667,19095
887,19096
991,19097
186,19098
1088,19099
595,19100
326,19101
564,19103
1039,19104
1022,19106
595,19108
880,19110
667,19111
778,19113
667,19116
307,19117
257,19118
114,19119
880,19121
995,19122
564,19123
595,19124
1081,19125
497,19126
1022,19127
1116,19131
1050,19133
186,19134
595,19135
116,19137
1065,19138
609,19139
782,19142
312,19143
595,19147
186,19148
1022,19151
725,19152
455,19153
595,19154
771,19155
257,19156
312,19157
626,19158
326,19159
1032,19160
564,19163
186,19165
511,19170
636,19171
260,19173
932,19174
718,19175
888,19176
424,19178
405,19179
257,19180
667,19181
667,19182
534,19184
353,19185
186,19186
902,19187
801,19188
595,19189
595,19191
1051,19192
782,19194
902,19195
272,19196
114,19197
115,19199
1081,19201
272,19202
405,19203
305,19204
667,19206
511,19207
1083,19208
464,19209
413,19211
898,19212
932,19213
1077,19214
1018,19215
388,19216
932,19217
27,19220
230,19226
718,19228
1116,19229
888,19232
1116,19233
880,19234
1005,19235
326,19236
859,19240
626,19242
420,19244
413,19250
384,19253
802,19257
405,19259
782,19263
1,19264
1077,19267
413,19269
947,19270
424,19273
889,19277
897,19278
1081,19279
511,19280
782,19282
859,19287
859,19290
763,19291
768,19294
565,19296
511,19297
71,19298
604,19300
1081,19301
960,19305
880,19309
1107,19311
782,19312
947,19316
532,19324
1022,19327
597,19331
1039,19332
1007,19333
725,19341
326,19342
667,19343
595,19344
887,19345
747,19346
405,19347
932,19348
782,19349
1081,19351
186,19353
352,19354
887,19355
1022,19356
257,19357
595,19359
718,19362
405,19364
1039,19367
497,19368
285,19369
1067,19370
852,19371
568,19373
1088,19375
402,19377
1083,19379
365,19380
1081,19384
771,19385
947,19386
1085,19387
1007,19388
1039,19389
511,19391
782,19395
238,19400
685,19401
626,19402
1018,19404
516,19407
349,19409
932,19410
932,19412
613,19416
186,19418
626,19419
345,19420
834,19421
934,19423
725,19424
991,19425
1081,19426
413,19428
1081,19429
932,19430
257,19432
1081,19434
186,19435
722,19438
538,19440
1081,19441
667,19442
667,19443
801,19444
718,19445
725,19446
405,19448
424,19449
718,19451
880,19452
326,19454
1022,19456
257,19458
595,19460
932,19461
791,19464
718,19465
1039,19466
957,19469
424,19473
1083,19474
876,19475
991,19477
1039,19479
1082,19481
778,19484
771,19489
206,19490
932,19492
186,19495
413,19497
326,19498
652,19499
947,19500
667,19502
1088,19503
1081,19504
1022,19506
916,19507
257,19508
403,19509
718,19511
114,19513
326,19514
932,19515
1037,19518
1098,19520
1022,19521
595,19523
722,19525
894,19527
859,19528
568,19530
257,19532
718,19539
649,19540
992,19547
960,19550
626,19551
328,19552
1039,19553
1018,19555
847,19556
101,19557
755,19558
424,19560
1077,19561
197,19564
623,19568
879,19570
428,19571
1081,19572
1039,19573
888,19574
589,19575
887,19576
511,19580
538,19587
718,19588
597,19592
592,19593
725,19595
511,19598
718,19599
607,19600
424,19603
713,19606
714,19614
597,19617
1077,19620
564,19624
1116,19626
742,19628
802,19629
945,19630
1081,19631
597,19632
1116,19633
668,19644
405,19645
1032,19647
1022,19648
667,19649
1081,19650
413,19651
1039,19652
203,19654
114,19655
595,19656
897,19657
778,19658
326,19660
186,19661
403,19662
1014,19663
186,19666
880,19667
778,19668
115,19670
61,19671
932,19672
645,19673
771,19675
593,19676
932,19677
991,19678
419,19679
519,19681
1081,19683
512,19684
413,19685
403,19686
995,19687
859,19689
402,19692
595,19693
257,19696
626,19698
1110,19700
782,19701
424,19703
847,19704
814,19706
961,19707
651,19708
1039,19709
1090,19711
597,19712
464,19713
245,19715
651,19716
420,19719
987,19721
512,19722
596,19725
595,19729
778,19730
664,19731
947,19733
718,19734
561,19736
595,19738
898,19742
689,19743
593,19744
405,19745
949,19749
667,19750
186,19752
272,19753
115,19755
778,19758
494,19759
668,19762
1022,19764
272,19765
932,19766
1116,19767
186,19768
932,19769
1022,19771
399,19772
1081,19774
838,19775
771,19776
712,19778
413,19779
932,19780
230,19781
511,19782
326,19784
651,19785
424,19791
1083,19792
186,19794
257,19797
424,19798
722,19799
1039,19803
1022,19806
1082,19808
976,19809
782,19810
771,19811
387,19813
852,19815
1039,19816
1081,19819
114,19822
718,19823
1051,19830
527,19831
424,19832
300,19833
1077,19834
261,19836
932,19837
1022,19838
782,19840
191,19841
1039,19845
847,19846
413,19847
405,19857
782,19858
538,19860
991,19861
797,19865
722,19867
932,19870
1022,19871
923,19874
750,19875
1085,19879
888,19880
1116,19881
782,19883
1085,19888
607,19889
257,19894
1039,19899
529,19910
694,19911
405,19912
1081,19916
1022,19922
880,19923
405,19926
932,19927
887,19928
207,19929
725,19931
595,19935
405,19937
595,19938
257,19941
186,19942
782,19945
424,19947
1081,19949
932,19950
257,19951
509,19952
652,19953
1018,19954
274,19955
652,19958
782,19961
847,19962
139,19964
1022,19967
1018,19970
1039,19973
807,19975
667,19978
464,19981
947,19982
257,19985
1081,19986
722,19988
428,19989
651,19990
1018,19992
595,19993
424,19994
1014,19996
576,19997
511,19999
186,20001
932,20002
1110,20003
947,20010
186,20011
932,20012
1022,20013
405,20014
932,20015
782,20016
947,20017
947,20018
595,20019
230,20020
211,20021
595,20024
991,20028
257,20029
1065,20030
186,20033
1081,20034
1022,20036
30,20037
1032,20039
564,20040
595,20044
318,20049
1022,20052
595,20055
257,20056
1039,20058
511,20059
718,20060
655,20061
257,20062
932,20064
771,20066
132,20068
890,20072
1022,20075
968,20077
718,20078
898,20079
725,20080
595,20081
880,20083
932,20085
564,20087
389,20088
1039,20089
1022,20092
597,20093
352,20094
626,20097
186,20098
771,20099
902,20102
1079,20105
934,20106
424,20108
203,20110
411,20112
203,20114
1032,20117
399,20118
626,20120
595,20121
887,20128
1022,20136
991,20137
597,20138
783,20139
859,20144
991,20148
568,20151
887,20152
257,20153
331,20154
451,20157
626,20160
960,20163
1077,20164
257,20165
992,20169
718,20170
413,20172
932,20174
511,20176
1081,20178
516,20179
626,20180
1039,20181
405,20182
305,20183
428,20187
597,20188
230,20190
630,20197
1022,20198
496,20199
230,20200
1081,20201
534,20202
897,20206
1081,20207
667,20208
880,20211
621,20213
352,20214
722,20215
782,20217
894,20219
842,20220
485,20222
297,20225
1039,20227
1022,20231
1018,20233
230,20234
783,20235
511,20236
595,20237
782,20238
115,20240
947,20241
991,20242
887,20248
1081,20249
847,20251
892,20253
512,20257
597,20258
213,20259
975,20260
257,20262
783,20264
511,20268
1022,20269
413,20270
805,20271
1081,20272
348,20273
106,20274
1022,20276
782,20278
305,20282
399,20283
595,20284
991,20286
768,20288
564,20289
272,20290
887,20291
257,20292
114,20293
667,20294
778,20295
947,20296
722,20299
1081,20302
595,20303
1081,20305
1032,20306
879,20307
1051,20308
782,20309
305,20312
511,20313
424,20315
847,20317
405,20320
1039,20322
800,20323
991,20324
289,20326
1068,20328
1081,20329
1032,20331
46,20332
651,20333
186,20337
932,20338
1088,20340
1039,20341
273,20343
387,20347
230,20348
667,20351
308,20353
847,20354
1088,20356
1116,20359
1081,20360
107,20361
596,20362
932,20364
187,20365
1032,20366
1081,20367
1081,20368
936,20370
722,20371
902,20372
114,20377
639,20378
880,20380
1051,20381
1098,20383
782,20384
1085,20385
419,20391
428,20393
538,20401
1081,20406
511,20413
597,20416
136,20421
992,20423
943,20427
947,20428
719,20430
623,20431
424,20434
597,20435
778,20436
1039,20437
1081,20439
642,20441
257,20442
932,20444
511,20445
652,20446
1081,20447
116,20449
424,20450
305,20451
186,20452
257,20453
257,20455
932,20456
859,20457
1081,20458
1081,20460
667,20461
1022,20462
511,20463
232,20465
626,20466
626,20469
232,20470
782,20471
718,20474
405,20475
932,20476
405,20477
402,20479
782,20480
328,20481
897,20484
117,20486
991,20490
805,20491
667,20493
1085,20494
1081,20496
1022,20499
257,20500
934,20501
351,20502
934,20506
1081,20507
564,20508
326,20509
626,20510
771,20513
136,20515
847,20516
1081,20517
191,20521
405,20522
326,20523
722,20525
991,20526
403,20527
186,20528
582,20529
935,20530
782,20531
1039,20533
1036,20535
1116,20536
1051,20537
405,20539
778,20541
595,20542
1039,20543
1081,20545
511,20547
626,20552
947,20553
880,20555
1022,20556
729,20562
932,20564
326,20565
995,20566
626,20567
413,20568
667,20569
771,20570
880,20573
1022,20578
852,20580
527,20582
932,20584
686,20585
187,20588
897,20590
430,20591
300,20593
902,20595
305,20597
718,20598
750,20599
932,20600
722,20602
949,20603
595,20607
257,20609
1039,20611
186,20612
780,20615
782,20618
1081,20620
887,20622
409,20629
667,20630
778,20633
812,20634
186,20636
257,20637
257,20638
667,20639
718,20640
717,20641
203,20642
1081,20643
132,20645
413,20646
1051,20648
326,20649
932,20650
771,20652
428,20654
1039,20655
424,20657
186,20658
186,20659
771,20666
626,20667
597,20668
428,20670
1022,20671
847,20675
186,20677
186,20678
947,20680
782,20683
568,20684
154,20686
934,20689
1018,20690
932,20693
767,20694
718,20698
534,20699
305,20701
727,20703
511,20705
932,20706
975,20707
1116,20711
995,20712
572,20713
1022,20714
651,20717
428,20721
718,20722
507,20723
186,20725
1051,20726
652,20727
947,20732
932,20733
651,20735
352,20736
595,20739
521,20740
1088,20741
979,20745
1032,20747
932,20748
962,20749
310,20750
424,20752
134,20754
667,20755
887,20761
718,20763
667,20765
1088,20768
203,20769
511,20770
1081,20772
352,20774
1011,20775
948,20776
1014,20777
609,20778
718,20781
1022,20782
1081,20783
403,20784
782,20785
558,20786
782,20787
114,20788
947,20790
656,20791
305,20792
651,20798
626,20799
401,20800
405,20802
1081,20804
1032,20806
1022,20807
257,20809
403,20810
782,20811
595,20812
1039,20814
835,20817
807,20821
595,20822
564,20823
626,20826
595,20827
17,20829
1101,20831
475,20833
420,20834
667,20835
1110,20836
518,20837
718,20838
995,20842
1085,20844
318,20846
424,20847
1039,20849
71,20851
387,20852
156,20854
424,20857
257,20858
399,20859
186,20861
995,20863
460,20864
349,20870
995,20872
186,20873
718,20874
817,20875
185,20876
399,20878
932,20879
257,20881
1032,20882
782,20883
563,20885
652,20886
114,20887
722,20888
595,20889
595,20892
1022,20893
511,20894
257,20895
272,20896
305,20897
667,20898
815,20899
1081,20901
27,20903
1081,20904
782,20906
667,20907
859,20909
576,20910
1081,20913
911,20914
1039,20915
534,20916
511,20918
1116,20919
651,20923
257,20925
778,20926
511,20928
932,20930
453,20931
595,20932
1117,20935
1081,20939
1022,20942
651,20944
131,20945
1116,20946
939,20947
1081,20948
399,20950
527,20951
947,20954
257,20956
61,20957
722,20960
595,20961
1039,20962
300,20964
581,20965
932,20968
403,20970
186,20971
798,20972
1022,20974
652,20978
991,20979
511,20980
84,20981
352,20982
405,20983
1039,20985
405,20986
1081,20987
399,20989
136,20992
718,20993
424,20994
413,20997
651,20999
722,21000
932,21001
937,21002
991,21003
582,21006
977,21008
880,21011
1022,21012
1039,21013
932,21014
842,21016
511,21018
782,21020
651,21022
61,21023
718,21028
783,21030
512,21031
1022,21034
991,21038
991,21042
511,21045
232,21046
399,21047
405,21049
922,21051
635,21053
1039,21054
595,21056
1088,21059
778,21060
595,21062
805,21063
1081,21066
1116,21068
932,21069
257,21071
722,21073
993,21077
1022,21078
1039,21080
609,21081
595,21084
722,21086
782,21087
782,21090
718,21092
386,21094
595,21095
326,21096
403,21100
885,21102
991,21103
186,21105
257,21109
932,21110
595,21112
387,21116
1039,21117
689,21121
257,21124
1022,21127
1081,21128
260,21129
184,21130
951,21131
338,21132
413,21133
326,21136
595,21138
934,21139
272,21140
1051,21142
1081,21143
718,21145
667,21146
723,21147
399,21152
114,21153
1039,21159
782,21161
403,21162
203,21163
326,21165
932,21166
257,21168
752,21169
667,21170
1032,21171
212,21172
626,21173
401,21176
273,21178
257,21179
1081,21181
511,21182
413,21183
186,21184
888,21186
511,21187
1039,21188
201,21189
595,21191
859,21192
898,21194
896,21195
511,21199
1081,21200
1081,21201
36,21203
866,21212
934,21214
991,21217
1081,21218
597,21222
722,21225
725,21228
1083,21230
403,21231
632,21232
305,21234
511,21237
1099,21238
1088,21239
652,21240
859,21242
257,21244
272,21245
1081,21248
1022,21250
260,21252
778,21254
993,21255
652,21258
236,21259
186,21260
399,21261
551,21264
230,21265
186,21266
511,21268
1039,21270
932,21271
767,21273
847,21274
1081,21276
1022,21281
667,21282
424,21285
568,21286
722,21287
655,21288
595,21290
880,21291
963,21292
424,21293
326,21294
782,21296
413,21299
722,21300
652,21301
934,21302
186,21304
403,21306
667,21307
527,21308
1081,21309
932,21310
186,21313
305,21315
1039,21316
1081,21317
261,21319
124,21320
947,21322
1022,21325
326,21326
782,21328
595,21329
1088,21331
257,21333
352,21335
932,21336
947,21338
172,21340
752,21342
273,21344
272,21345
257,21346
326,21347
991,21348
947,21349
259,21350
595,21351
722,21352
696,21353
609,21354
401,21359
424,21364
428,21368
405,21369
538,21374
538,21375
424,21379
771,21380
782,21381
464,21383
782,21385
10,21386
651,21389
898,21397
947,21398
257,21399
651,21400
930,21403
538,21404
511,21407
1081,21408
1082,21410
1088,21412
564,21414
186,21415
424,21416
991,21417
932,21418
102,21422
718,21423
932,21424
1022,21425
405,21426
424,21428
1037,21429
630,21430
326,21433
609,21434
1022,21435
1014,21436
1081,21437
8,21439
257,21444
405,21445
514,21446
847,21447
1026,21448
1032,21449
115,21450
778,21451
595,21452
1098,21454
667,21455
667,21456
947,21457
387,21458
257,21460
782,21461
186,21466
1082,21469
387,21470
403,21471
778,21472
186,21474
681,21476
527,21477
916,21483
257,21485
511,21486
259,21487
655,21488
932,21489
186,21490
932,21491
880,21494
373,21495
423,21496
897,21497
305,21498
932,21505
540,21506
934,21507
897,21509
498,21511
1022,21513
778,21515
186,21516
888,21517
1022,21521
718,21522
551,21523
932,21524
261,21525
511,21528
1081,21532
424,21533
854,21534
1039,21539
595,21540
783,21541
782,21542
887,21543
511,21544
722,21547
419,21548
1081,21549
866,21553
897,21555
667,21557
1088,21559
1085,21560
994,21561
403,21562
101,21564
405,21566
512,21569
300,21571
1039,21572
1039,21574
413,21577
257,21578
651,21579
1022,21582
405,21584
402,21589
932,21591
880,21594
114,21595
1083,21597
186,21598
771,21601
667,21602
880,21603
1065,21604
932,21605
651,21606
947,21607
595,21612
667,21614
1037,21616
321,21617
1039,21618
1014,21619
902,21620
718,21623
597,21624
887,21628
1081,21629
667,21633
405,21634
595,21636
326,21640
413,21641
1116,21643
1081,21644
991,21645
1081,21646
932,21647
696,21648
881,21649
114,21651
1081,21652
722,21655
1081,21656
778,21657
235,21659
725,21660
326,21661
1039,21663
403,21665
1081,21666
667,21667
1032,21668
114,21669
564,21670
551,21671
349,21673
184,21674
897,21681
115,21684
326,21685
326,21687
667,21688
186,21689
1039,21690
1010,21691
667,21692
736,21693
1081,21694
1026,21695
337,21698
778,21699
257,21700
8,21702
257,21703
962,21704
595,21705
399,21706
934,21708
782,21710
1022,21711
595,21712
734,21713
722,21715
1022,21717
186,21718
621,21721
352,21723
257,21728
186,21729
937,21730
1022,21733
783,21736
880,21737
232,21740
1039,21741
349,21743
718,21745
771,21746
136,21748
880,21751
101,21753
186,21759
887,21764
597,21767
1022,21770
568,21771
718,21772
667,21774
782,21775
511,21776
718,21777
778,21778
995,21781
651,21782
847,21783
1081,21784
1022,21786
575,21787
898,21788
626,21790
186,21791
667,21792
257,21794
722,21795
1039,21796
1039,21798
1022,21799
782,21800
114,21801
932,21802
791,21804
667,21805
272,21807
1045,21808
424,21809
257,21811
1081,21812
18,21815
186,21816
738,21817
932,21818
651,21819
370,21820
778,21824
132,21826
974,21828
1081,21829
868,21830
527,21831
782,21832
541,21834
899,21835
186,21836
595,21837
564,21840
1022,21842
131,21843
932,21844
1022,21846
549,21847
593,21848
186,21850
564,21851
1097,21852
595,21854
782,21855
413,21857
186,21858
511,21859
595,21863
718,21864
326,21865
667,21867
819,21871
1022,21872
1051,21873
902,21876
667,21877
718,21878
1039,21879
932,21880
595,21881
1039,21882
781,21885
1081,21887
1010,21888
257,21889
657,21890
718,21893
782,21894
1081,21895
186,21896
667,21897
259,21898
790,21900
626,21901
510,21902
887,21903
273,21905
1081,21906
1022,21907
932,21911
413,21913
722,21914
807,21916
1039,21918
186,21920
1022,21921
511,21922
626,21923
186,21924
652,21927
511,21930
203,21931
725,21933
771,21934
273,21936
887,21938
88,21939
917,21943
186,21944
1037,21946
718,21948
722,21949
521,21950
257,21951
305,21952
257,21953
419,21955
782,21956
652,21957
81,21958
596,21959
722,21960
651,21966
725,21967
1022,21969
1081,21970
898,21972
511,21974
326,21976
187,21978
782,21981
761,21986
725,21987
230,21988
932,21989
713,21992
1065,21993
1116,21996
730,21997
257,21999
564,22000
655,22005
257,22006
1081,22007
88,22008
722,22010
273,22011
1022,22012
699,22014
770,22020
902,22021
647,22022
186,22023
1051,22024
667,22027
527,22028
595,22029
257,22033
782,22035
424,22038
326,22040
778,22041
1039,22042
352,22047
1057,22048
626,22049
947,22050
911,22052
667,22053
277,22054
778,22055
115,22056
1039,22057
1081,22058
932,22059
564,22060
887,22061
511,22062
1083,22063
511,22064
206,22065
369,22066
461,22068
1022,22070
782,22071
1085,22072
186,22074
405,22075
511,22076
950,22078
1022,22079
991,22080
847,22081
351,22082
564,22083
582,22084
847,22087
934,22090
866,22091
645,22092
932,22093
1022,22100
1081,22102
1081,22105
221,22107
401,22110
537,22112
1116,22113
718,22114
667,22116
1081,22117
305,22118
326,22119
459,22120
932,22121
257,22128
1014,22131
419,22133
424,22135
887,22136
782,22138
652,22139
995,22140
652,22141
932,22142
107,22143
652,22144
1051,22146
1081,22147
326,22149
1022,22150
718,22152
186,22153
722,22154
399,22155
932,22156
1051,22157
257,22159
424,22164
511,22165
261,22168
771,22169
962,22171
652,22172
656,22174
1039,22175
1081,22176
887,22178
240,22180
667,22182
867,22185
102,22186
1022,22187
1081,22190
1081,22191
186,22194
609,22195
1037,22196
667,22199
947,22201
257,22203
1081,22205
326,22209
855,22210
713,22211
718,22212
1116,22214
259,22215
1088,22217
1081,22218
667,22222
260,22223
1022,22225
1081,22226
399,22227
405,22229
1098,22230
1081,22231
424,22232
1039,22233
115,22239
628,22241
880,22242
114,22243
399,22244
187,22245
934,22247
667,22249
1022,22250
675,22251
187,22256
183,22257
710,22259
782,22260
305,22261
752,22262
236,22270
1081,22272
132,22274
351,22275
261,22277
1039,22278
399,22279
934,22281
595,22283
373,22286
370,22288
1051,22289
778,22290
257,22291
718,22292
203,22294
782,22296
259,22297
652,22299
306,22300
114,22301
516,22304
722,22305
1024,22308
782,22310
1081,22319
421,22328
186,22329
1081,22330
257,22334
1010,22336
782,22337
564,22339
186,22340
8,22341
947,22342
441,22343
305,22346
188,22348
1113,22350
495,22351
1038,22352
1081,22354
299,22355
378,22356
597,22358
667,22363
1032,22364
718,22366
1081,22370
272,22372
674,22403
597,22412
268,22423
748,22426
1028,22430
887,22434
953,22460
553,22470
257,22480
1078,22484
694,22497
24,22524
1078,22535
905,22537
424,22554
626,22566
230,22569
597,22571
1039,22572
162,22616
5,22619
1057,22628
513,22630
257,22663
1057,22686
105,22722
713,22738
713,22746
748,22760
690,22762
255,22766
161,22772
86,22789
413,22792
782,22800
1078,22813
24,22827
859,22829
626,22840
1116,22847
626,22856
906,22862
257,22888
932,22903
782,22911
368,22925
713,22926
880,22941
888,22943
468,22945
694,22952
1039,22969
565,22977
463,23006
713,23023
1052,23041
355,23044
1078,23071
463,23073
320,23094
758,23105
105,23116
713,23154
24,23170
874,23177
424,23179
24,23191
146,23201
513,23203
888,23204
597,23243
778,23251
446,23252
713,23259
108,23261
1033,23280
626,23291
623,23293
820,23294
1116,23296
5,23385
103,23395
807,23405
713,23437
56,23459
468,23463
947,23470
932,23478
511,23480
413,23484
1039,23486
932,23490
181,23491
597,23518
693,23554
697,23556
690,23563
513,23566
1039,23586
748,23587
380,23591
161,23635
51,23641
24,23650
1027,23656
511,23658
27,23659
456,23678
857,23703
303,23713
597,23724
413,23755
565,23763
880,23776
56,23777
674,23785
857,23798
505,23801
748,23811
468,23837
230,23842
874,23860
626,23866
753,23908
511,23923
565,23924
626,23946
748,23968
511,23974
674,23977
1039,23978
888,23980
1057,23990
1014,24006
751,24017
565,24020
565,24023
5,24024
880,24028
646,24038
932,24057
874,24063
1116,24069
711,24076
27,24081
713,24091
1057,24105
505,24109
848,24125
441,24131
560,24134
255,24147
713,24174
874,24200
880,24201
513,24225
1055,24230
626,24231
505,24237
932,24244
511,24246
1099,24279
179,24291
874,24298
859,24316
56,24320
1081,24322
718,24334
932,24355
687,24415
857,24435
463,24446
750,24458
915,24479
874,24482
626,24510
932,24522
694,24560
795,24567
785,24573
1039,24605
713,24640
463,24642
1058,24644
511,24653
891,24661
934,24669
87,24688
505,24710
235,24727
157,24748
888,24753
932,24764
326,24792
56,24795
990,24824
513,24832
704,24836
56,24840
912,24846
1077,24895
587,24913
933,24920
1021,24939
53,24965
713,24987
587,24997
830,25031
859,25033
376,25038
713,25104
857,25125
623,25130
888,25172
560,25173
24,25178
511,25214
24,25226
468,25235
511,25248
1039,25299
505,25300
626,25301
413,25312
947,25326
1077,25342
24,25347
964,25352
580,25357
507,25374
711,25411
286,25419
747,25435
387,25479
718,25484
857,25501
105,25514
257,25522
713,25529
52,25548
161,25557
888,25578
932,25591
560,25596
859,25601
431,25628
413,25646
711,25663
207,25667
759,25670
888,25671
3,25694
71,25696
713,25705
964,25724
623,25743
511,25744
1077,25762
880,25834
711,25838
1027,25882
565,25883
24,25891
874,25908
465,25923
1039,25928
513,25931
694,25948
880,25952
848,25955
943,25970
911,25978
690,25984
687,25987
694,25988
452,25993
782,25995
859,26001
511,26002
947,26016
694,26036
5,26063
413,26106
857,26130
947,26152
1077,26176
880,26207
795,26208
446,26209
932,26224
55,26226
891,26227
806,26233
276,26234
713,26237
1039,26242
464,26264
344,26276
912,26282
87,26286
565,26302
623,26315
513,26335
711,26338
27,26339
560,26376
572,26383
355,26389
204,26391
176,26396
87,26397
1087,26400
859,26401
1057,26408
55,26434
1057,26458
674,26462
1116,26464
511,26465
565,26469
1057,26474
1021,26476
623,26477
468,26491
711,26516
511,26538
743,26539
830,26540
688,26553
1052,26586
1057,26589
511,26594
387,26616
456,26619
711,26645
56,26652
989,26670
565,26688
1033,26716
257,26721
626,26732
513,26752
888,26755
626,26761
270,26783
887,26789
387,26812
413,26832
713,26838
1039,26841
243,26864
27,26878
748,26881
511,26889
1057,26938
511,26948
56,26963
891,26977
395,27012
753,27016
511,27035
626,27066
1077,27069
711,27078
464,27079
511,27083
830,27085
711,27121
200,27133
511,27146
456,27149
711,27150
56,27153
1078,27157
626,27182
711,27208
511,27213
748,27214
597,27215
387,27218
748,27220
511,27221
888,27232
690,27235
1040,27236
133,27264
87,27279
395,27283
713,27286
598,27290
1057,27305
597,27315
255,27327
424,27338
626,27340
511,27341
1112,27353
782,27381
718,27424
56,27473
162,27474
907,27479
413,27486
344,27493
713,27524
464,27525
690,27535
623,27546
103,27558
468,27569
711,27591
387,27611
651,27621
824,27653
626,27659
424,27662
471,27666
748,27672
694,27677
1081,27687
468,27707
932,27716
39,27731
523,27733
464,27738
24,27739
674,27741
932,27744
932,27748
468,27751
87,27757
87,27789
1081,27796
782,27825
880,27830
626,27832
750,27840
257,27856
749,27866
947,27868
888,27887
1052,27889
1039,27901
688,27964
70,27972
803,27988
874,28000
292,28010
911,28018
511,28020
413,28031
880,28045
743,28046
782,28062
511,28065
874,28067
626,28070
713,28075
748,28100
118,28105
665,28116
452,28118
932,28121
383,28142
597,28145
344,28158
560,28170
932,28176
597,28182
511,28202
468,28205
713,28212
891,28261
880,28264
63,28266
748,28281
711,28282
343,28284
511,28298
427,28307
626,28308
782,28316
932,28339
772,28366
675,28369
565,28373
711,28392
1078,28398
585,28399
387,28402
713,28403
947,28413
713,28428
711,28431
874,28456
748,28461
748,28497
713,28519
25,28534
294,28562
508,28563
56,28567
782,28571
753,28586
1039,28599
168,28635
161,28642
24,28651
511,28671
932,28729
1077,28754
912,28762
859,28766
880,28788
387,28799
108,28827
857,28831
1039,28841
413,28850
859,28851
748,28854
162,28859
874,28881
932,28887
511,28895
626,28900
162,28927
468,28982
257,29033
511,29042
748,29045
623,29048
1057,29050
1057,29058
1081,29060
932,29066
511,29083
782,29145
597,29150
113,29178
912,29181
90,29206
1039,29214
711,29245
880,29276
395,29304
1022,29317
446,29354
1116,29358
387,29388
176,29412
880,29433
255,29434
468,29504
711,29520
782,29523
464,29560
356,29562
511,29563
431,29571
718,29594
932,29607
1057,29612
912,29626
888,29641
511,29679
1077,29684
1054,29689
159,29695
934,29713
690,29730
1078,29734
597,29735
298,29742
464,29750
395,29778
257,29786
292,29865
513,29871
887,29878
463,29879
1081,29894
1078,29943
87,29946
464,29972
597,29980
230,29985
932,29988
53,29996
490,29997
377,30009
565,30013
713,30024
932,30028
511,30048
511,30059
468,30063
912,30084
597,30090
891,30108
1078,30122
64,30123
243,30137
463,30149
713,30180
565,30203
626,30206
713,30212
511,30216
511,30218
249,30220
387,30221
1081,30222
645,30223
405,30224
511,30225
989,30226
1085,30227
749,30228
975,30229
424,30230
623,30231
932,30232
713,30233
990,30234
768,30235
688,30236
947,30237
1086,30238
1039,30239
713,30240
383,30241
1099,30242
387,30244
880,30245
179,30246
702,30247
995,30248
864,30249
257,30250
265,30251
663,30252
646,30253
547,30254
1115,30255
787,30256
1055,30257
217,30258
995,30259
565,30260
1085,30261
255,30262
932,30263
1081,30264
874,30265
230,30266
230,30267
511,30268
1081,30269
511,30270
357,30271
464,30272
179,30273
713,30274
713,30275
505,30276
771,30277
179,30278
713,30280
859,30281
564,30282
56,30283
513,30285
843,30286
413,30287
595,30288
995,30289
995,30290
880,30291
787,30292
847,30293
243,30294
1014,30295
387,30297
222,30298
330,30299
330,30300
880,30301
511,30302
452,30303
805,30304
277,30305
694,30306
722,30307
713,30308
1057,30309
431,30310
1039,30311
257,30312
713,30314
27,30315
694,30317
472,30318
713,30319
24,30320
786,30321
387,30322
626,30323
282,30324
1022,30325
403,30326
565,30327
626,30328
718,30329
257,30331
511,30332
713,30333
832,30334
452,30335
1063,30336
428,30337
694,30338
129,30339
694,30340
718,30341
470,30342
626,30343
626,30344
547,30345
767,30346
133,30347
932,30348
782,30349
782,30350
685,30351
626,30353
387,30354
713,30355
615,30356
545,30357
901,30358
217,30359
932,30360
474,30361
179,30362
947,30363
1078,30364
908,30365
947,30366
568,30367
1083,30368
874,30369
1039,30370
713,30371
387,30373
753,30374
947,30375
793,30376
565,30377
1077,30378
947,30379
466,30380
168,30381
496,30383
1039,30384
230,30385
626,30386
887,30387
597,30388
947,30389
1116,30390
662,30391
381,30392
1021,30393
516,30394
995,30395
464,30396
1100,30397
667,30399
203,30400
762,30401
456,30402
390,30403
722,30404
132,30405
387,30406
511,30407
387,30408
72,30409
646,30410
516,30411
599,30412
694,30413
623,30414
405,30415
538,30416
565,30417
167,30418
713,30419
782,30420
633,30421
1088,30422
678,30423
1077,30424
379,30425
1021,30427
1106,30428
387,30429
273,30430
989,30431
718,30432
713,30433
762,30434
56,30435
1,30436
72,30437
828,30438
965,30439
1039,30440
730,30441
390,30442
257,30443
713,30444
667,30445
883,30446
743,30447
746,30448
565,30449
713,30450
1018,30451
473,30452
880,30453
743,30454
1057,30455
351,30456
375,30457
595,30458
511,30459
1039,30460
257,30461
597,30462
1039,30463
565,30464
419,30465
859,30466
711,30467
667,30468
738,30469
713,30470
119,30471
593,30473
932,30474
713,30475
1039,30476
120,30477
713,30479
1055,30480
597,30481
462,30482
685,30483
323,30484
387,30485
1103,30486
511,30487
527,30488
626,30489
1081,30490
713,30491
560,30492
807,30493
678,30494
782,30495
511,30496
874,30497
975,30498
1099,30499
782,30500
564,30501
597,30503
597,30504
560,30505
880,30506
960,30508
737,30509
413,30510
1078,30511
38,30512
713,30513
291,30514
447,30515
880,30516
694,30517
291,30518
7,30519
491,30520
762,30521
880,30522
782,30523
701,30524
666,30525
713,30526
1103,30527
47,30528
387,30529
1096,30530
778,30531
452,30532
1000,30533
403,30534
1078,30535
1065,30536
565,30537
565,30538
565,30539
463,30540
1017,30541
787,30543
513,30544
856,30545
597,30546
607,30547
464,30548
713,30549
713,30550
788,30551
186,30552
51,30553
782,30554
599,30555
1077,30556
1081,30557
649,30558
565,30559
159,30560
255,30561
1057,30562
722,30563
711,30564
468,30565
207,30566
932,30568
464,30569
303,30570
609,30571
713,30572
713,30573
8,30574
8,30575
1023,30576
910,30577
62,30578
403,30579
1022,30580
233,30581
1018,30582
463,30583
1077,30584
1022,30585
713,30586
940,30588
932,30589
565,30590
880,30591
694,30592
305,30593
186,30595
828,30596
478,30597
807,30598
626,30599
782,30600
342,30601
947,30602
1021,30603
713,30604
747,30605
351,30606
1057,30607
511,30608
651,30609
880,30610
597,30611
403,30612
597,30613
597,30614
626,30615
464,30616
782,30617
747,30618
713,30619
964,30620
413,30621
975,30622
424,30623
887,30624
565,30625
694,30626
72,30627
905,30628
243,30629
646,30630
440,30631
349,30632
782,30633
713,30634
168,30635
713,30636
694,30637
947,30639
901,30640
690,30641
463,30642
1022,30643
667,30644
932,30645
947,30646
985,30647
56,30648
162,30649
964,30650
694,30651
560,30652
911,30653
782,30654
859,30655
513,30656
992,30657
643,30658
427,30659
405,30660
560,30661
673,30662
713,30663
623,30664
851,30665
964,30666
1039,30667
81,30668
595,30669
565,30670
236,30671
947,30672
660,30673
145,30674
623,30675
713,30677
747,30678
565,30679
87,30680
55,30681
713,30682
694,30684
424,30685
56,30686
536,30687
1081,30688
291,30689
887,30690
55,30691
313,30692
932,30693
55,30694
599,30695
651,30696
313,30697
606,30698
579,30699
511,30700
1065,30701
888,30702
1077,30703
888,30704
582,30705
718,30706
623,30707
597,30708
880,30709
582,30710
560,30712
1057,30713
1055,30714
564,30715
567,30716
645,30717
667,30718
405,30719
56,30720
812,30721
387,30722
511,30723
344,30724
859,30725
257,30726
356,30727
56,30728
413,30729
947,30730
947,30731
964,30732
743,30733
713,30734
257,30735
1039,30736
713,30737
496,30738
1013,30739
623,30741
1081,30742
1022,30743
874,30744
626,30745
816,30746
713,30747
1030,30748
947,30749
597,30750
413,30751
782,30752
505,30753
79,30754
722,30755
1022,30756
55,30757
711,30758
554,30759
1081,30760
874,30762
932,30763
452,30764
413,30765
743,30766
953,30767
874,30768
1039,30769
403,30770
1039,30771
228,30772
1021,30773
162,30774
161,30775
186,30776
560,30777
713,30778
1007,30779
771,30780
887,30781
511,30782
713,30783
255,30784
56,30785
932,30786
626,30787
1039,30788
413,30789
1057,30790
87,30791
713,30792
995,30793
323,30794
480,30795
452,30796
380,30797
496,30798
1087,30799
565,30800
340,30801
713,30802
947,30803
516,30804
722,30806
595,30807
359,30808
224,30809
667,30810
694,30811
387,30812
373,30813
513,30814
932,30815
31,30816
31,30817
597,30819
713,30820
243,30821
713,30822
387,30823
565,30824
424,30825
991,30826
932,30827
255,30828
1057,30829
1077,30830
1056,30831
782,30832
413,30833
859,30834
713,30835
932,30836
887,30837
257,30838
713,30839
464,30840
897,30842
607,30843
1039,30844
587,30845
244,30846
947,30847
694,30848
1080,30849
511,30850
272,30852
981,30853
543,30854
1039,30855
505,30856
722,30857
1081,30858
511,30859
1082,30860
1039,30861
782,30862
482,30863
407,30864
511,30865
1022,30866
56,30867
947,30868
932,30869
1008,30871
452,30872
214,30873
1116,30874
255,30875
1078,30876
1023,30877
667,30878
743,30879
1077,30880
1022,30881
771,30882
511,30883
771,30884
609,30885
553,30886
1077,30887
55,30888
1039,30889
713,30891
1039,30892
261,30893
782,30894
626,30895
1016,30896
1118,30897
652,30898
667,30899
874,30900
564,30901
667,30902
992,30903
230,30904
387,30905
746,30906
565,30907
1081,30908
1081,30909
482,30910
711,30911
251,30912
782,30913
1116,30914
713,30915
512,30916
1055,30917
1027,30918
313,30919
428,30920
24,30921
782,30922
932,30923
582,30924
713,30925
888,30926
888,30927
597,30928
390,30929
179,30930
161,30931
349,30932
626,30933
651,30934
626,30935
87,30937
413,30938
713,30939
255,30940
56,30941
932,30942
753,30943
932,30944
27,30945
597,30946
713,30947
1085,30948
805,30949
762,30950
511,30951
991,30952
859,30953
742,30954
888,30955
194,30956
722,30957
947,30958
953,30959
230,30961
1116,30962
300,30963
880,30964
597,30965
595,30966
782,30967
480,30968
1078,30969
275,30970
186,30971
651,30972
398,30973
560,30974
1083,30975
597,30976
713,30977
344,30978
1057,30979
626,30980
782,30982
1077,30983
932,30984
1081,30985
866,30986
626,30987
511,30988
859,30989
897,30990
932,30991
565,30992
135,30993
521,30994
1033,30995
859,30996
424,30997
713,30998
464,30999
511,31000
782,31001
771,31002
626,31003
698,31004
538,31005
713,31006
874,31007
932,31008
762,31009
794,31010
1077,31012
880,31013
824,31014
947,31015
373,31016
496,31017
1039,31019
424,31020
389,31021
233,31022
463,31023
511,31024
232,31025
71,31026
564,31027
387,31028
511,31029
1087,31030
463,31031
153,31032
511,31033
207,31034
711,31035
887,31036
651,31037
1078,31038
1039,31039
651,31040
291,31041
880,31042
565,31043
964,31044
1081,31045
511,31046
315,31047
303,31048
1039,31049
713,31050
186,31051
255,31052
255,31053
797,31054
743,31056
77,31057
511,31058
511,31059
847,31060
513,31061
505,31063
468,31064
713,31065
79,31066
532,31067
623,31068
79,31069
1,31070
773,31071
468,31073
713,31074
511,31075
255,31076
1022,31077
713,31078
352,31079
516,31080
422,31081
743,31082
1116,31083
880,31084
917,31085
332,31086
513,31087
713,31088
507,31089
162,31090
964,31091
623,31092
626,31093
753,31094
1078,31096
1077,31097
564,31098
343,31099
528,31100
713,31102
1118,31103
547,31104
511,31105
887,31106
1116,31107
176,31108
932,31109
511,31110
713,31112
730,31113
985,31114
56,31115
782,31116
176,31117
349,31118
136,31119
255,31120
203,31121
991,31122
782,31123
725,31124
1039,31125
1085,31126
324,31127
512,31128
162,31129
1039,31130
782,31132
1105,31133
960,31134
546,31135
1055,31136
395,31137
626,31138
530,31139
364,31140
1077,31142
713,31143
1081,31144
493,31145
1078,31146
1006,31147
346,31148
713,31149
452,31150
179,31151
1085,31152
222,31153
888,31154
468,31155
802,31156
464,31157
24,31158
713,31159
181,31160
178,31161
1065,31162
971,31164
313,31165
511,31166
720,31167
511,31168
662,31169
347,31170
511,31171
750,31172
413,31173
406,31174
597,31175
1039,31176
217,31177
597,31178
230,31179
405,31180
56,31181
464,31182
626,31183
230,31184
880,31185
1039,31186
782,31188
623,31189
630,31190
713,31191
626,31192
626,31193
1022,31194
932,31195
832,31196
196,31197
452,31198
137,31199
257,31200
230,31201
463,31202
932,31203
1077,31204
713,31205
883,31206
999,31207
1065,31208
1039,31209
367,31210
511,31211
305,31212
1057,31213
516,31214
413,31216
773,31217
471,31218
964,31219
230,31220
1014,31221
55,31222
513,31223
626,31224
888,31225
101,31226
713,31228
511,31229
713,31230
1039,31231
255,31232
444,31234
595,31235
155,31237
24,31238
651,31239
854,31241
565,31242
186,31243
1078,31244
1022,31245
1007,31246
565,31247
255,31248
757,31249
288,31250
597,31252
1039,31253
921,31254
207,31255
713,31256
597,31257
511,31258
713,31259
934,31260
87,31261
806,31262
547,31263
713,31264
713,31265
713,31266
866,31267
750,31269
403,31270
943,31271
713,31272
1022,31273
859,31274
694,31275
805,31276
866,31277
1032,31278
932,31279
413,31280
87,31281
614,31283
713,31284
674,31285
859,31286
511,31287
565,31288
560,31289
87,31290
452,31291
463,31292
623,31293
599,31294
1039,31295
713,31296
464,31297
964,31298
24,31299
887,31300
713,31301
597,31302
511,31303
538,31304
626,31305
711,31306
511,31307
1077,31308
743,31309
694,31310
555,31311
778,31312
538,31313
1048,31314
405,31315
1081,31316
782,31317
932,31318
605,31319
597,31320
90,31321
837,31323
870,31324
626,31325
598,31326
1021,31327
859,31329
1039,31330
782,31331
478,31332
750,31333
463,31334
718,31335
260,31336
626,31337
511,31338
626,31340
1087,31341
1043,31342
186,31343
1063,31344
1077,31345
387,31346
802,31347
89,31348
292,31349
642,31350
718,31351
1077,31352
947,31353
395,31354
511,31356
452,31357
626,31358
1039,31359
72,31360
1077,31361
991,31362
345,31363
105,31364
464,31365
257,31366
947,31367
713,31368
947,31369
355,31370
713,31371
694,31372
584,31373
1078,31374
713,31375
115,31376
224,31377
600,31378
405,31379
1022,31380
255,31381
898,31382
1100,31383
88,31384
1057,31385
782,31387
437,31388
694,31389
713,31390
56,31391
713,31392
1039,31393
199,31394
782,31395
351,31396
782,31397
690,31398
292,31399
609,31400
887,31401
959,31402
782,31403
387,31404
464,31405
1009,31406
402,31407
230,31408
626,31409
226,31410
859,31411
947,31412
1088,31413
243,31414
326,31415
1039,31416
802,31417
1022,31418
109,31419
859,31420
24,31421
387,31422
219,31423
186,31424
725,31425
255,31426
313,31427
827,31428
527,31429
594,31430
1078,31431
1081,31432
1078,31433
667,31434
387,31435
511,31436
667,31437
186,31438
1039,31439
1088,31440
597,31441
597,31442
316,31443
1088,31444
713,31445
511,31446
932,31447
565,31448
832,31449
257,31450
599,31451
564,31452
964,31453
230,31454
932,31455
947,31456
754,31457
1116,31458
1039,31459
1081,31460
24,31461
87,31462
405,31463
1081,31464
953,31465
1035,31466
822,31467
445,31468
332,31469
738,31470
1022,31471
711,31472
464,31473
847,31474
429,31475
564,31476
1039,31477
718,31478
413,31479
947,31480
305,31481
1039,31482
375,31483
313,31484
1057,31485
257,31486
598,31487
1077,31488
1077,31489
651,31490
505,31491
713,31493
1039,31494
1081,31495
626,31496
932,31497
694,31498
1007,31499
782,31500
597,31502
565,31503
1116,31504
387,31505
413,31507
668,31508
1081,31509
597,31510
1085,31511
713,31512
947,31513
428,31514
582,31515
509,31516
947,31517
626,31518
898,31519
1057,31520
255,31521
722,31522
511,31523
854,31524
943,31525
667,31526
322,31527
507,31528
1081,31529
623,31530
207,31531
375,31532
1039,31533
170,31534
771,31535
582,31536
471,31537
651,31538
57,31539
233,31540
623,31541
24,31542
1056,31543
713,31544
671,31545
947,31546
405,31547
565,31548
713,31549
24,31550
626,31551
1101,31552
522,31553
159,31554
316,31555
582,31556
713,31557
742,31558
255,31559
387,31560
186,31561
713,31562
179,31563
1057,31564
511,31565
257,31566
742,31567
349,31568
1057,31569
313,31570
505,31571
741,31572
349,31573
56,31574
4,31575
1085,31576
874,31577
560,31578
859,31579
513,31581
722,31582
713,31583
231,31584
565,31585
595,31586
357,31587
1078,31588
24,31589
230,31590
602,31591
595,31592
635,31593
651,31594
1087,31595
964,31596
932,31597
405,31598
1081,31599
1107,31600
1039,31601
782,31603
1022,31604
313,31605
405,31606
185,31607
713,31608
387,31609
1057,31610
293,31611
905,31612
511,31613
960,31614
947,31615
713,31616
953,31617
1007,31618
1062,31619
626,31620
713,31621
646,31622
597,31623
148,31624
713,31625
565,31626
991,31627
713,31628
753,31629
623,31630
874,31631
932,31632
71,31633
597,31634
674,31635
513,31636
947,31638
230,31639
34,31640
361,31641
464,31642
626,31643
565,31644
373,31645
642,31646
176,31647
565,31648
75,31649
387,31650
387,31651
778,31652
805,31653
947,31654
660,31655
392,31656
464,31657
667,31658
888,31659
932,31660
626,31661
218,31662
713,31663
56,31664
1081,31665
932,31666
1057,31667
565,31668
157,31669
155,31670
897,31671
568,31672
623,31673
694,31676
947,31677
947,31678
583,31679
626,31680
257,31681
507,31682
155,31683
387,31684
255,31685
564,31686
480,31687
713,31688
316,31689
713,31690
905,31691
161,31692
644,31693
667,31694
782,31695
198,31696
854,31697
1057,31698
595,31699
509,31700
932,31701
1104,31702
392,31703
1081,31704
511,31705
782,31706
595,31707
778,31708
1116,31709
548,31710
857,31711
947,31712
674,31713
399,31714
103,31715
859,31716
569,31717
1086,31718
1087,31719
1087,31720
1086,31721
626,31722
385,31723
564,31724
713,31725
424,31726
626,31727
1078,31728
897,31729
718,31730
856,31731
718,31732
155,31734
355,31735
237,31736
115,31737
932,31738
905,31739
71,31740
782,31741
355,31742
694,31743
565,31744
405,31745
857,31746
27,31747
413,31748
496,31749
975,31750
1039,31751
72,31752
230,31753
560,31754
651,31755
179,31756
104,31758
565,31759
597,31760
713,31761
483,31762
932,31763
468,31764
713,31765
713,31766
268,31767
932,31768
932,31769
597,31770
859,31771
511,31772
1077,31773
749,31774
718,31775
960,31776
960,31777
1039,31778
56,31779
1077,31780
1087,31781
713,31782
1081,31783
623,31784
771,31785
1081,31786
859,31787
626,31788
255,31789
597,31790
266,31791
292,31792
1014,31793
506,31794
1077,31795
782,31796
1039,31797
1039,31798
834,31799
316,31800
273,31801
568,31802
718,31803
257,31804
326,31805
1078,31806
1081,31807
1039,31808
1091,31809
880,31810
463,31811
257,31812
191,31813
713,31814
1057,31815
303,31816
565,31817
511,31818
856,31819
1039,31820
505,31821
375,31822
133,31823
513,31824
40,31825
932,31826
667,31827
667,31828
623,31829
1087,31830
660,31831
168,31832
164,31833
186,31834
511,31835
94,31836
1081,31837
743,31838
1088,31839
880,31840
542,31841
71,31842
323,31843
323,31844
995,31845
597,31847
713,31848
1111,31849
597,31850
713,31851
875,31852
566,31853
1087,31854
1087,31855
1087,31856
511,31857
660,31858
884,31859
646,31860
527,31861
807,31862
782,31863
932,31864
539,31865
313,31866
24,31867
975,31868
932,31869
24,31870
511,31871
511,31872
753,31873
932,31874
511,31875
1039,31876
905,31877
1057,31878
859,31879
405,31880
399,31881
713,31882
667,31883
387,31884
207,31885
738,31886
355,31887
748,31888
424,31889
116,31890
1085,31891
352,31892
255,31893
1085,31894
912,31895
947,31896
161,31897
511,31898
1085,31899
1039,31900
1055,31901
247,31902
1,31903
511,31904
932,31905
947,31906
1088,31907
56,31908
413,31909
115,31910
1086,31911
565,31912
623,31913
482,31915
230,31916
932,31917
319,31918
405,31919
1033,31920
511,31921
1114,31922
626,31923
565,31924
874,31925
947,31926
1078,31927
947,31928
713,31929
964,31930
880,31931
725,31932
626,31933
105,31934
568,31935
496,31936
1039,31937
694,31938
564,31939
405,31940
626,31941
718,31942
684,31943
711,31944
568,31945
1018,31946
859,31947
482,31948
753,31949
663,31950
565,31951
56,31952
905,31953
943,31954
932,31956
964,31957
123,31958
748,31959
1078,31960
511,31961
1101,31962
782,31963
947,31964
964,31965
1081,31966
763,31967
738,31968
713,31969
217,31970
1055,31971
511,31972
713,31973
874,31974
1,31975
690,31977
888,31978
510,31979
537,31980
413,31981
24,31982
771,31983
1039,31984
452,31985
711,31986
802,31987
912,31988
424,31989
722,31990
1116,31991
345,31992
413,31993
1057,31995
29,31996
375,31997
713,31998
1022,31999
749,32000
511,32001
932,32002
277,32003
782,32004
802,32006
597,32007
597,32008
595,32009
597,32010
341,32011
936,32012
255,32013
257,32015
713,32017
1077,32018
1081,32019
176,32020
599,32021
257,32022
1022,32023
778,32024
230,32025
245,32026
626,32027
857,32028
713,32029
513,32030
565,32031
880,32032
480,32033
345,32034
50,32035
564,32036
708,32037
975,32038
964,32039
1057,32040
452,32041
748,32042
1022,32043
452,32044
1077,32045
511,32046
713,32047
161,32048
250,32049
848,32050
27,32051
286,32052
255,32053
905,32054
28,32055
387,32056
55,32057
880,32059
565,32060
144,32061
1116,32062
743,32063
565,32064
694,32066
344,32068
771,32069
323,32070
257,32071
257,32072
257,32073
354,32074
932,32075
694,32076
694,32077
1082,32078
750,32079
934,32080
1021,32081
452,32082
1039,32083
888,32085
1116,32086
24,32087
901,32088
742,32089
24,32090
597,32091
261,32092
1022,32093
953,32094
327,32095
771,32096
1087,32097
873,32098
186,32099
452,32100
1007,32101
713,32102
713,32103
257,32104
452,32105
79,32106
782,32107
511,32109
1077,32111
468,32112
836,32113
947,32114
295,32115
674,32116
1093,32117
257,32119
807,32120
405,32121
713,32122
934,32123
887,32125
405,32127
323,32128
527,32129
1039,32131
710,32132
59,32133
355,32134
505,32135
698,32136
1078,32137
72,32138
617,32139
509,32140
565,32141
713,32142
713,32143
694,32144
1039,32145
880,32146
476,32147
597,32148
397,32149
713,32150
713,32151
1039,32152
1039,32153
713,32154
1022,32155
521,32156
255,32157
713,32158
255,32159
964,32160
511,32161
179,32162
597,32163
991,32164
986,32165
452,32166
626,32167
713,32168
998,32169
255,32170
564,32171
387,32172
452,32173
597,32174
387,32175
216,32176
995,32177
947,32179
911,32180
243,32181
526,32182
718,32183
56,32185
1101,32186
1086,32187
565,32188
947,32189
694,32190
812,32191
593,32192
776,32193
880,32194
1078,32195
1039,32196
954,32197
24,32198
597,32201
230,32202
1039,32203
387,32204
565,32205
405,32206
424,32207
452,32208
24,32209
565,32210
932,32211
711,32212
782,32214
557,32215
645,32216
230,32217
880,32218
711,32219
713,32220
424,32221
839,32222
891,32223
225,32224
1088,32225
387,32226
626,32227
932,32228
89,32229
932,32230
316,32231
1085,32232
887,32233
750,32234
857,32235
511,32236
511,32237
482,32238
1039,32239
1039,32240
405,32241
713,32242
888,32243
771,32244
811,32245
1039,32246
993,32247
230,32248
947,32249
843,32250
162,32251
507,32252
261,32253
623,32254
323,32255
424,32256
1088,32257
749,32258
713,32259
626,32260
626,32261
24,32262
565,32263
408,32264
1078,32265
511,32266
511,32267
565,32269
932,32270
900,32271
216,32272
932,32273
1039,32274
905,32275
1116,32276
975,32277
947,32278
713,32279
255,32280
1039,32281
231,32282
482,32283
24,32284
527,32285
1022,32286
230,32287
257,32288
782,32289
856,32290
912,32291
413,32292
991,32293
642,32295
1051,32296
713,32297
568,32298
748,32299
626,32300
255,32301
597,32302
283,32303
810,32304
1077,32305
257,32306
650,32307
713,32308
660,32309
1081,32310
947,32311
694,32312
694,32313
387,32314
1,32315
511,32316
1039,32317
379,32318
568,32319
316,32320
582,32322
464,32323
932,32324
753,32325
713,32326
678,32327
217,32329
179,32330
626,32331
355,32332
713,32333
624,32334
989,32335
255,32336
713,32337
713,32338
774,32339
713,32340
805,32341
713,32342
626,32343
305,32344
932,32345
87,32347
1078,32348
806,32349
387,32350
947,32351
947,32352
947,32353
932,32354
848,32355
782,32356
784,32357
246,32358
413,32359
1099,32360
932,32361
888,32362
403,32363
947,32365
56,32366
1014,32367
713,32368
510,32369
355,32370
148,32371
452,32372
507,32373
888,32374
847,32375
424,32376
287,32377
694,32378
375,32379
1116,32380
582,32381
713,32382
597,32383
387,32384
694,32385
847,32386
953,32389
1022,32390
874,32391
774,32392
203,32393
456,32394
1032,32395
388,32396
747,32397
1039,32398
257,32399
1077,32400
511,32401
857,32402
1087,32403
840,32404
90,32405
964,32406
121,32407
111,32408
713,32409
512,32411
323,32412
856,32413
1069,32414
859,32415
305,32416
694,32417
413,32418
642,32419
1051,32420
944,32421
1022,32422
392,32423
1057,32424
953,32426
572,32427
564,32428
626,32429
713,32430
1081,32431
667,32432
1039,32433
1081,32434
713,32435
511,32436
731,32437
229,32438
547,32439
270,32440
749,32441
1022,32442
1077,32443
239,32444
38,32445
1051,32446
711,32447
1067,32448
713,32449
713,32450
597,32451
1022,32452
651,32453
468,32454
880,32455
207,32456
718,32457
597,32458
230,32459
511,32460
713,32461
722,32462
1099,32463
713,32464
413,32465
713,32466
1081,32467
887,32468
413,32469
667,32470
471,32471
947,32472
725,32473
1081,32474
995,32475
880,32476
1039,32477
626,32478
832,32479
626,32480
626,32481
480,32482
511,32483
1058,32484
101,32485
464,32486
179,32487
21,32488
1039,32489
1116,32490
405,32491
511,32492
373,32493
713,32494
413,32495
562,32496
257,32497
516,32498
743,32499
1077,32500
597,32501
947,32502
858,32503
344,32504
393,32505
1077,32506
1100,32507
424,32508
970,32509
713,32510
651,32512
662,32514
1039,32515
1039,32516
511,32517
24,32518
1116,32519
597,32520
607,32521
1116,32522
186,32523
749,32524
24,32525
186,32526
513,32527
599,32528
651,32529
395,32530
887,32531
109,32532
874,32533
186,32534
654,32535
610,32536
372,32537
897,32538
395,32539
618,32540
405,32541
296,32542
452,32543
623,32544
932,32545
230,32546
463,32547
1087,32548
782,32549
888,32550
744,32551
870,32552
626,32553
413,32554
1039,32555
496,32556
1057,32557
256,32558
651,32559
994,32560
996,32561
771,32562
713,32563
713,32564
1007,32565
1077,32566
413,32567
387,32568
527,32569
713,32570
932,32571
782,32572
257,32573
718,32574
980,32575
57,32576
1039,32577
1088,32578
932,32579
513,32580
719,32581
405,32582
597,32583
880,32584
597,32586
313,32587
417,32588
511,32589
207,32590
607,32591
387,32592
972,32593
528,32594
713,32595
565,32596
713,32597
511,32598
1085,32599
993,32600
577,32601
947,32602
568,32603
782,32604
595,32605
597,32606
595,32607
597,32608
597,32609
597,32610
597,32611
1022,32612
1055,32613
912,32614
155,32615
1085,32616
597,32617
626,32618
705,32619
1081,32620
824,32621
638,32622
264,32623
1039,32624
857,32625
887,32626
748,32627
848,32628
694,32629
56,32630
953,32631
991,32632
313,32633
496,32634
1088,32635
713,32636
645,32637
56,32638
413,32639
424,32640
352,32641
767,32642
133,32643
713,32644
782,32645
847,32646
713,32647
257,32648
235,32650
967,32651
1057,32652
667,32653
694,32654
1077,32655
481,32656
848,32657
1078,32658
782,32660
1081,32661
328,32662
439,32663
1052,32664
626,32666
431,32667
481,32668
936,32669
334,32670
597,32671
257,32672
713,32673
694,32674
1014,32675
768,32676
857,32677
898,32678
405,32679
748,32680
381,32681
1039,32682
1039,32683
960,32684
215,32685
31,32686
481,32687
713,32688
452,32689
626,32690
898,32691
24,32692
830,32693
565,32694
464,32695
685,32696
742,32697
1007,32698
24,32699
263,32700
55,32701
55,32702
55,32703
55,32704
55,32705
1057,32706
874,32707
1078,32708
782,32710
887,32711
1022,32712
960,32713
349,32714
722,32715
635,32716
713,32718
511,32720
413,32721
482,32722
783,32723
932,32724
748,32725
1116,32726
947,32727
79,32728
1077,32729
1055,32730
96,32731
856,32732
484,32733
902,32735
521,32736
1014,32737
713,32738
405,32739
991,32740
713,32741
713,32742
257,32743
257,32744
257,32745
1021,32746
599,32747
1057,32748
308,32749
597,32750
1039,32751
1076,32752
1039,32753
782,32754
880,32755
323,32756
560,32757
947,32758
932,32759
305,32760
597,32761
449,32762
932,32764
255,32765
905,32766
1022,32767
1022,32768
1077,32769
1077,32770
1077,32771
511,32772
313,32773
230,32774
904,32775
807,32776
114,32777
743,32778
920,32779
535,32780
387,32781
464,32782
947,32783
1077,32785
230,32786
888,32787
1039,32788
1007,32789
375,32790
538,32791
176,32792
859,32793
713,32794
1116,32795
582,32797
740,32798
947,32799
626,32800
230,32801
880,32802
494,32803
713,32804
1,32805
1077,32806
805,32807
190,32808
466,32809
230,32810
902,32811
1081,32812
749,32813
511,32814
880,32815
471,32816
694,32817
891,32818
771,32819
847,32820
452,32821
456,32822
947,32823
1107,32824
932,32825
424,32826
778,32827
482,32828
161,32829
626,32830
257,32831
623,32832
457,32833
257,32834
565,32835
713,32836
230,32837
880,32838
511,32839
947,32840
1007,32841
56,32842
375,32843
975,32844
947,32845
565,32846
31,32847
880,32848
1078,32849
1086,32850
300,32851
743,32852
27,32853
722,32854
887,32855
511,32856
1001,32857
511,32858
596,32859
480,32860
452,32861
932,32862
413,32863
563,32864
830,32865
880,32866
513,32867
435,32868
626,32869
66,32870
1022,32871
511,32872
186,32873
626,32874
403,32875
161,32876
782,32877
782,32878
300,32879
694,32880
1081,32882
326,32883
782,32884
750,32885
626,32887
1094,32888
565,32889
1,32890
217,32891
694,32892
176,32893
513,32894
1078,32895
1057,32896
511,32897
381,32898
1098,32899
158,32900
186,32902
155,32903
713,32904
651,32905
912,32906
257,32907
983,32908
179,32909
694,32910
387,32911
607,32912
1077,32913
162,32914
832,32915
255,32916
1087,32917
888,32918
874,32919
255,32920
1087,32921
512,32922
880,32923
988,32924
667,32925
255,32926
711,32927
1065,32928
395,32929
713,32930
932,32931
113,32932
667,32933
713,32934
711,32935
230,32936
1088,32937
27,32938
480,32940
257,32941
667,32943
511,32944
230,32945
1077,32946
467,32947
685,32948
1032,32949
1032,32950
505,32951
424,32952
964,32953
777,32954
1057,32955
713,32956
667,32957
1101,32958
782,32959
964,32960
85,32961
1039,32962
511,32963
438,32964
55,32965
667,32966
713,32967
694,32968
405,32969
511,32970
1085,32971
15,32972
405,32973
6,32974
1081,32975
694,32976
413,32977
1018,32978
1039,32979
997,32980
511,32981
111,32982
227,32983
565,32984
352,32985
597,32986
713,32987
713,32988
1098,32989
1099,32990
953,32991
1022,32992
932,32993
660,32994
932,32995
669,32996
513,32997
782,32998
694,32999
257,33000
387,33001
146,33002
1085,33004
947,33005
718,33006
694,33007
597,33008
186,33009
932,33010
38,33011
859,33012
934,33013
755,33014
4,33015
880,33016
1014,33017
1039,33018
1078,33019
26,33020
305,33021
6,33022
230,33023
230,33024
511,33025
413,33026
713,33027
24,33028
231,33029
975,33030
209,33031
565,33032
941,33033
1081,33035
635,33036
947,33037
713,33038
674,33039
428,33040
743,33041
990,33042
1085,33043
1085,33044
565,33046
713,33047
713,33048
565,33049
667,33050
513,33051
713,33052
468,33053
516,33054
880,33055
511,33056
932,33057
713,33058
947,33059
953,33060
446,33061
1,33062
778,33063
947,33064
1087,33065
272,33066
300,33067
267,33068
887,33069
512,33070
938,33071
771,33072
565,33073
932,33074
893,33075
355,33076
830,33077
45,33078
880,33079
897,33080
424,33081
905,33082
189,33083
626,33084
1057,33085
768,33086
568,33087
869,33088
532,33089
932,33090
738,33091
597,33092
964,33093
713,33094
607,33095
964,33096
396,33097
1086,33098
258,33099
713,33100
782,33101
1087,33102
880,33103
898,33104
511,33105
626,33106
713,33107
1099,33108
947,33109
694,33110
694,33111
257,33112
452,33113
56,33114
911,33115
782,33116
405,33117
718,33118
947,33120
1081,33121
626,33122
1078,33123
926,33124
511,33125
887,33126
405,33127
565,33128
1085,33129
547,33130
255,33132
507,33134
1081,33135
565,33136
405,33137
136,33138
694,33139
330,33140
1039,33141
947,33142
413,33143
186,33144
792,33145
1086,33146
626,33147
713,33148
713,33149
383,33150
56,33151
1081,33152
690,33153
658,33154
186,33155
874,33156
947,33157
782,33158
710,33159
694,33160
316,33161
975,33162
88,33163
413,33164
866,33165
597,33166
151,33167
24,33168
741,33169
905,33170
511,33171
511,33172
511,33173
513,33174
511,33175
932,33176
463,33177
626,33178
1039,33179
738,33180
626,33181
1032,33182
713,33183
31,33184
947,33185
932,33186
565,33187
442,33188
1081,33189
713,33190
694,33191
255,33192
1085,33193
1039,33194
713,33195
882,33196
932,33197
782,33198
595,33200
964,33201
565,33202
565,33203
748,33204
713,33205
807,33206
1039,33207
452,33208
880,33209
1077,33210
713,33211
713,33212
782,33213
1081,33215
713,33216
24,33217
626,33218
713,33219
207,33220
716,33221
832,33222
866,33223
424,33224
383,33225
713,33226
511,33227
24,33228
255,33229
694,33230
933,33231
1077,33232
185,33233
162,33234
674,33235
713,33236
230,33238
1022,33239
713,33240
1078,33241
88,33242
255,33243
169,33244
713,33245
1077,33246
626,33247
932,33248
463,33249
711,33250
162,33251
985,33252
782,33253
830,33254
911,33255
782,33256
511,33257
547,33258
982,33259
507,33260
55,33261
316,33262
257,33263
713,33264
1078,33265
405,33266
1078,33267
333,33268
1051,33269
782,33270
1081,33271
56,33272
1071,33273
667,33274
646,33275
1078,33276
380,33277
511,33278
207,33279
932,33280
937,33281
713,33282
713,33283
694,33284
738,33285
579,33286
710,33288
947,33289
713,33290
464,33291
568,33292
713,33293
390,33294
694,33295
897,33296
255,33297
1077,33298
597,33300
513,33301
477,33302
452,33303
511,33304
932,33305
511,33306
1078,33307
428,33308
1077,33309
1116,33310
713,33311
424,33312
1022,33313
910,33314
313,33315
859,33316
403,33317
771,33318
230,33319
947,33320
807,33321
257,33322
176,33323
387,33324
1074,33325
547,33326
713,33327
255,33328
511,33329
305,33330
880,33331
513,33332
511,33333
767,33334
511,33335
452,33336
1087,33337
989,33338
932,33339
932,33340
934,33341
565,33342
732,33343
255,33344
713,33345
1081,33346
856,33347
1116,33348
937,33349
405,33350
1039,33351
116,33352
713,33353
1085,33354
713,33355
887,33356
1022,33357
255,33358
511,33360
328,33361
747,33362
1039,33363
874,33364
674,33365
742,33366
748,33367
403,33368
1085,33369
623,33370
597,33371
1042,33372
623,33373
698,33374
626,33375
452,33376
932,33378
932,33379
910,33380
856,33381
713,33382
932,33383
56,33384
564,33385
763,33386
516,33387
932,33388
713,33389
326,33390
410,33391
646,33392
713,33393
428,33394
387,33395
564,33396
255,33397
1116,33398
316,33399
136,33400
564,33401
1052,33402
1083,33403
525,33404
399,33405
932,33406
507,33407
750,33408
888,33409
953,33410
1039,33411
1022,33412
511,33413
1077,33414
426,33415
481,33416
387,33417
186,33418
694,33419
623,33420
494,33421
79,33422
1039,33423
932,33424
962,33425
513,33426
713,33427
257,33428
565,33429
331,33430
626,33431
511,33432
24,33433
564,33434
782,33435
597,33436
626,33437
90,33438
856,33439
713,33440
887,33441
782,33442
230,33444
947,33445
560,33446
1057,33447
947,33449
713,33450
608,33451
136,33452
1078,33453
678,33454
972,33455
413,33457
257,33458
496,33459
452,33460
511,33461
663,33462
56,33463
565,33464
718,33465
718,33466
413,33467
1039,33468
387,33469
932,33470
947,33471
718,33473
565,33474
203,33475
162,33476
56,33477
511,33478
1081,33479
24,33480
964,33481
424,33482
323,33483
932,33484
230,33485
574,33486
866,33488
947,33489
887,33490
782,33491
782,33492
113,33493
753,33494
947,33495
953,33496
597,33497
932,33498
874,33499
749,33500
1087,33501
597,33502
903,33503
184,33504
56,33505
547,33506
1087,33507
646,33508
252,33509
464,33510
302,33511
257,33512
857,33513
360,33514
947,33515
778,33516
413,33517
947,33518
859,33519
947,33520
713,33521
566,33522
626,33523
1088,33524
932,33525
805,33526
595,33527
932,33528
387,33529
597,33530
984,33531
713,33532
513,33533
1001,33534
1081,33535
947,33536
536,33537
746,33538
1039,33539
626,33540
848,33541
713,33542
947,33543
565,33544
230,33545
230,33546
646,33547
749,33548
947,33550
662,33552
828,33553
713,33554
245,33555
634,33556
711,33557
874,33558
425,33559
743,33560
37,33561
413,33562
413,33563
44,33564
801,33565
923,33566
759,33567
329,33568
694,33569
685,33570
565,33571
713,33572
612,33573
804,33574
713,33575
69,33576
713,33577
964,33578
441,33579
887,33580
330,33581
456,33582
257,33584
768,33585
880,33586
316,33587
888,33588
511,33589
511,33590
224,33591
1087,33592
253,33593
991,33594
405,33595
511,33596
405,33597
713,33598
713,33600
626,33601
1060,33602
713,33603
623,33604
27,33605
947,33606
887,33607
626,33608
313,33609
932,33610
478,33611
553,33612
422,33613
905,33614
1081,33615
713,33616
713,33617
713,33618
544,33619
947,33620
713,33621
560,33622
511,33623
162,33624
162,33625
313,33626
993,33627
424,33629
68,33630
56,33631
771,33632
1078,33633
1002,33634
1078,33635
862,33636
859,33637
560,33638
257,33639
711,33640
898,33641
565,33642
1077,33643
473,33644
1085,33645
1087,33646
103,33647
1081,33648
713,33649
782,33650
1116,33651
662,33652
975,33653
859,33654
722,33655
713,33656
626,33657
1039,33658
509,33659
56,33660
253,33661
1,33662
782,33663
532,33664
387,33665
565,33666
662,33667
623,33668
607,33669
945,33670
722,33671
694,33672
1,33673
355,33674
959,33675
394,33676
964,33677
947,33678
1039,33679
607,33681
1022,33682
626,33683
374,33684
1004,33685
722,33686
597,33687
597,33688
328,33689
626,33690
1085,33691
706,33692
6,33693
186,33694
880,33695
827,33696
179,33698
947,33699
56,33700
847,33701
713,33702
648,33703
898,33704
595,33705
626,33706
989,33707
424,33708
521,33709
24,33710
626,33711
1099,33712
1077,33713
887,33714
887,33715
887,33716
1022,33717
1039,33718
928,33719
713,33720
289,33721
413,33722
746,33723
511,33724
827,33725
482,33726
879,33728
427,33729
782,33730
155,33731
1,33732
1039,33733
932,33734
1081,33735
505,33736
651,33737
1049,33738
595,33739
651,33740
464,33741
597,33742
243,33743
713,33744
305,33745
609,33746
964,33747
119,33748
623,33749
623,33750
623,33751
912,33752
1055,33753
471,33754
901,33755
270,33756
912,33757
565,33758
859,33759
1116,33760
626,33761
280,33762
626,33763
711,33764
521,33765
713,33766
595,33767
993,33768
825,33769
966,33770
177,33773
964,33774
257,33775
511,33776
1022,33777
597,33778
1039,33779
1085,33780
511,33781
1007,33782
623,33783
1086,33784
111,33785
750,33786
1116,33787
1022,33788
568,33789
257,33791
498,33792
1085,33793
505,33794
728,33795
626,33796
108,33797
355,33798
1057,33800
713,33801
1083,33802
964,33803
176,33804
861,33805
513,33806
414,33807
874,33808
989,33809
782,33810
452,33811
947,33812
956,33813
762,33814
387,33815
478,33816
1039,33817
750,33818
71,33819
808,33820
375,33821
230,33822
947,33823
947,33824
505,33825
690,33826
207,33827
782,33828
880,33829
56,33830
162,33831
1088,33832
597,33833
513,33834
565,33835
27,33836
887,33837
832,33838
902,33839
230,33840
452,33842
496,33843
722,33844
738,33845
27,33846
932,33847
78,33848
480,33849
454,33850
947,33851
626,33852
116,33853
1039,33854
179,33855
560,33856
538,33857
797,33858
255,33859
597,33860
110,33861
323,33862
511,33863
1022,33864
565,33865
932,33866
468,33867
932,33868
807,33869
511,33870
1078,33871
718,33872
289,33873
888,33874
424,33875
424,33876
1071,33877
713,33878
516,33879
560,33880
31,33881
859,33882
405,33883
182,33884
513,33885
961,33886
565,33887
413,33888
257,33889
313,33890
452,33891
694,33892
557,33893
626,33894
722,33895
782,33896
56,33897
1078,33898
1081,33899
1051,33900
496,33901
713,33903
112,33904
547,33905
782,33906
505,33907
1033,33908
136,33909
452,33910
267,33911
750,33912
809,33913
511,33914
1022,33915
1022,33916
1022,33917
623,33918
511,33919
805,33920
880,33921
387,33922
898,33923
841,33925
713,33926
539,33927
677,33928
947,33929
565,33930
965,33931
397,33932
257,33933
857,33934
1039,33935
255,33936
387,33937
565,33938
511,33939
888,33941
424,33942
438,33943
511,33944
771,33945
355,33947
651,33948
898,33949
424,33950
217,33951
880,33952
538,33953
1081,33954
352,33955
859,33956
482,33957
257,33958
642,33959
626,33960
597,33961
352,33962
405,33963
932,33964
9,33965
916,33966
40,33967
713,33969
911,33970
257,33971
257,33972
782,33973
782,33974
888,33975
1077,33976
