actor_id,movie_id
20731,2
23177,2
17601,3
21517,5
15394,5
11942,10
19413,11
13095,11
6267,11
18891,13
13921,13
7581,13
17707,16
21235,16
7338,16
17601,21
17601,25
17601,26
8296,28
9071,28
9401,28
13759,28
14537,28
2519,28
19205,28
19310,28
17946,28
5895,28
19982,28
1618,28
280,28
20441,28
4134,28
12073,28
2616,28
17601,29
17601,30
17601,33
17601,36
17601,39
17601,43
17601,50
3439,57
20235,57
3938,57
6947,57
23478,57
6143,57
17601,68
14332,75
7920,75
23323,75
24249,75
6395,75
11762,109
3021,109
20181,109
11905,109
21235,109
21957,109
6615,109
4337,110
13626,110
8752,110
11112,110
11340,110
5569,110
8160,110
13899,110
24250,110
3135,110
1551,110
11895,110
10429,110
13521,110
12653,134
21626,134
14543,134
1155,134
23802,134
11181,134
23116,134
23670,134
22287,134
20914,134
918,134
4472,134
6712,134
14680,134
2821,134
6334,145
2086,145
17601,152
23132,208
8118,208
11947,208
12923,208
23060,208
2640,208
886,208
23134,208
4509,208
5831,208
23732,210
22429,210
21250,210
20776,210
13925,210
23678,210
6473,210
3354,210
3513,210
5242,210
9123,219
7063,219
5655,219
6336,219
5390,219
2710,219
3656,219
4007,219
11438,219
14357,219
16072,219
12527,219
13264,219
19309,219
10022,219
10676,219
10527,219
9745,219
22902,222
23189,222
4174,222
20387,222
1378,222
4166,222
8640,222
15857,222
15508,222
17001,222
22095,222
127,222
18441,222
4186,222
4645,222
7953,222
9674,222
6220,232
16845,232
4830,232
6280,232
14130,232
20216,232
19968,232
22645,232
18244,232
913,232
1471,232
4829,232
11308,232
15403,232
9644,232
3119,232
3389,249
10341,249
23924,249
6648,249
16599,260
5735,260
11181,260
16266,260
24672,260
16886,260
3439,260
3004,260
23322,260
21131,260
912,260
3129,260
3867,260
23521,260
20945,264
4408,264
1513,264
9964,264
11199,264
11539,264
13419,264
11898,264
16688,264
17700,264
19495,264
9639,264
2821,264
15246,264
8745,264
2983,264
3273,264
11098,264
9162,276
2838,276
19863,276
20211,276
16032,276
6690,276
9970,276
8655,276
11210,276
12606,276
24679,276
24005,276
20689,276
1601,276
4658,276
13078,276
18588,276
22926,276
12092,291
11801,291
11676,291
14280,291
8954,291
8736,291
8822,291
4496,291
12670,291
69,291
13336,291
11148,291
6648,291
8235,291
8678,291
1505,291
13446,291
10653,291
15149,291
22604,303
4577,303
18103,303
16174,303
15560,303
15653,303
9730,303
10687,303
14044,303
10763,303
17852,303
20384,303
3358,303
10427,303
9453,303
13745,303
11478,303
1644,312
20599,312
4457,312
6978,312
21655,312
19762,312
7503,312
3392,312
9017,312
1621,312
11767,312
13230,312
16190,312
8954,312
785,312
15245,318
15452,318
13436,318
3021,318
22586,318
6622,318
17263,318
15653,318
19892,318
17988,318
23169,318
10000,318
21411,318
12849,318
677,318
11329,339
8296,339
4898,339
7714,361
7113,361
19256,361
1871,361
2005,361
24042,361
3361,361
15589,361
14936,361
12317,361
18499,361
10143,361
5924,372
6831,372
8349,372
8905,372
8906,372
9585,372
9878,372
9946,372
10039,372
10381,372
11503,372
599,372
3207,372
1503,372
19938,372
15948,372
11814,372
271,372
15567,372
14435,372
16881,396
19089,396
11504,396
12145,396
14415,396
3289,396
7193,396
23399,396
13063,396
6316,396
2857,396
20443,408
919,408
19988,408
17270,408
20342,408
2386,408
8654,408
3949,408
2284,408
17612,408
3647,414
8333,414
8101,414
2293,414
17733,414
19727,414
18900,414
24658,414
24736,414
20892,414
24428,414
9505,414
10142,414
17001,414
13176,414
6239,414
4520,440
17337,440
17036,440
18654,440
13548,440
21360,440
23580,440
19259,440
7507,441
5145,441
5500,441
23390,441
10363,441
23314,441
20175,441
10036,441
977,441
5112,441
5616,443
4994,443
2457,443
434,443
365,443
17317,443
13511,443
6787,443
16503,443
20648,443
20203,443
19198,443
7615,443
15622,443
15104,451
12727,451
19845,455
19466,455
18000,455
21565,455
12938,455
21676,455
981,455
11888,455
10528,455
17415,455
16496,455
13741,455
11873,455
11550,455
6976,455
8743,455
8666,455
8437,455
16416,480
10420,480
3953,480
7604,480
3568,480
3049,480
12515,480
12242,480
11618,480
15567,480
15327,480
20280,480
18911,480
3021,480
21366,480
961,480
8581,494
4901,494
3775,494
5471,494
5658,494
5924,494
11120,494
11271,494
11676,494
8170,494
11095,494
13132,494
3083,494
1781,494
7914,494
3021,494
10023,494
12983,494
4513,499
10667,499
22580,499
658,541
18229,541
4874,541
3340,541
22370,541
17701,541
23036,541
17171,541
883,541
6949,541
11597,541
15317,541
8694,541
12653,541
10995,541
4820,556
7833,556
15552,556
15605,556
24095,556
4290,556
3737,556
3783,556
11450,556
114,556
1248,556
9517,556
5954,572
15076,572
20214,572
3236,572
9281,572
18109,582
20854,582
16886,582
17417,582
18006,582
5141,582
11752,582
14115,582
22376,582
18344,582
19970,582
5794,582
16874,582
6544,582
4876,586
1129,586
12471,586
15406,592
14363,592
19680,592
18023,592
9001,592
3994,592
19083,592
9796,592
5685,592
5798,592
20625,592
19219,592
22512,592
19803,593
12826,593
7392,593
5969,593
6623,593
20257,593
4107,593
14176,593
20678,593
1373,593
16132,598
23753,598
20083,598
12708,598
15636,598
8171,598
6502,598
23870,598
14015,598
14793,598
14347,602
21225,602
12242,602
15461,602
15896,602
11001,602
13583,602
22788,602
508,602
23232,602
8958,602
9249,602
3202,602
17502,602
2235,602
7917,602
16035,602
19519,616
21633,616
340,616
18549,616
17310,616
21483,616
10626,625
4812,625
21127,625
200,635
9966,635
6646,635
16502,635
912,635
5647,635
3250,635
10068,635
12195,635
10663,635
10340,635
1963,635
3472,635
12604,635
12996,635
14726,635
13730,635
6968,635
16463,635
8391,672
8480,672
12884,672
23072,672
14460,706
16493,706
14151,706
6446,706
12683,706
12082,706
8078,706
10984,706
1386,706
23060,706
23572,706
23488,706
23859,706
23967,706
16775,706
23702,706
17601,711
2570,747
7044,747
24783,747
4399,747
4359,747
3211,747
21775,747
8029,748
14934,748
2476,748
1188,748
20124,748
9450,748
10519,748
5529,748
23062,748
10536,751
13419,751
22770,751
18344,751
7671,777
2616,777
2928,777
17664,777
10452,777
12193,777
4176,777
1208,777
18805,777
22779,777
10453,777
9608,777
5019,777
6046,777
7631,777
17959,777
1885,777
23173,777
914,797
14928,797
24038,797
22990,797
1730,797
8808,797
7044,797
2885,797
17601,799
19926,807
9466,807
10238,807
10045,807
17853,807
10756,807
10539,807
23499,807
10419,807
23292,807
8041,807
9042,807
4684,807
23129,807
869,807
7687,807
17601,821
6419,827
4430,827
15723,827
4152,827
1563,827
13278,827
22519,827
9723,827
7768,827
694,827
8342,827
16491,837
18181,837
2816,837
19058,837
15428,837
24180,837
14640,837
4092,837
10842,837
5509,837
23909,899
10568,899
9695,899
8285,899
20533,899
18351,899
12146,899
11899,899
4585,899
5573,899
23011,899
3639,899
12013,899
12136,911
1070,911
10401,911
18996,911
21654,911
17816,911
15112,911
6181,911
9512,911
1048,911
3384,911
3796,911
4897,911
13265,911
6148,911
18154,911
20884,911
17601,913
5327,920
23756,920
17408,920
21818,920
1729,920
17158,920
6472,920
9603,920
12005,920
17238,920
2854,920
4645,920
5035,920
24768,921
10070,921
10752,921
12752,921
9423,921
16876,922
1471,922
11010,922
14130,922
4417,922
17601,925
11075,926
3211,926
16736,926
4204,926
16784,926
15731,926
17601,927
11730,930
15857,930
9970,930
16985,930
16158,961
13915,961
17527,961
10334,961
10367,961
4597,961
3969,961
21811,961
20656,961
8112,961
14215,975
19152,975
22222,975
10443,975
23288,975
8869,975
7935,975
12552,975
13338,975
9821,975
1730,975
23811,975
10301,975
18786,996
11194,996
8976,996
23982,996
17601,999
6148,1003
24013,1003
2116,1006
16392,1006
21864,1006
13250,1006
23719,1006
6511,1006
9428,1006
24782,1006
13274,1006
5272,1006
121,1010
4776,1010
9036,1010
18923,1010
20661,1010
13895,1029
18260,1029
21488,1029
20777,1029
21969,1029
831,1029
12813,1029
13137,1029
12823,1029
821,1029
17601,1047
24253,1048
1592,1048
10119,1048
6798,1048
13000,1048
9284,1048
16845,1048
17650,1048
13198,1048
17439,1052
19798,1052
3844,1052
21986,1052
22422,1052
6016,1052
11479,1064
11181,1064
1155,1064
19208,1064
20096,1066
481,1066
6495,1066
24173,1066
7770,1066
2616,1066
6304,1066
7917,1066
15254,1066
24262,1068
9012,1068
1479,1068
6716,1068
18985,1068
23097,1068
13354,1068
9097,1068
16174,1068
11116,1089
22203,1089
19630,1089
21793,1089
9127,1089
14309,1089
14335,1089
579,1089
11937,1089
14253,1089
1781,1094
4645,1094
24683,1094
13245,1094
13753,1094
372,1094
8170,1094
22369,1094
8581,1094
18723,1094
18524,1094
13714,1094
13184,1094
24005,1094
23670,1094
14669,1098
8834,1098
4935,1098
5273,1098
12988,1098
7325,1098
14293,1098
4249,1098
15486,1098
19404,1098
16829,1098
15168,1098
446,1098
18975,1098
5889,1098
10583,1098
11479,1109
12389,1109
15240,1109
11704,1109
13984,1109
10620,1109
20718,1109
24006,1109
650,1109
5554,1109
585,1109
17877,1109
6794,1109
6849,1109
8024,1109
19080,1156
3593,1156
538,1156
64,1156
24861,1156
20958,1156
10675,1156
7944,1156
20094,1156
13058,1156
13387,1156
20914,1156
14927,1156
11735,1156
24360,1156
5600,1156
4765,1156
17601,1169
9140,1179
17601,1180
17601,1188
17601,1201
16446,1202
24244,1202
7915,1202
18659,1202
1713,1228
4001,1228
23250,1228
12903,1228
8098,1228
6025,1228
21872,1228
15399,1228
6978,1238
8655,1238
10378,1238
10977,1248
10622,1248
22614,1248
18451,1248
12983,1248
8563,1281
3704,1281
22158,1281
10302,1281
11646,1281
15439,1281
19057,1281
859,1281
13921,1281
19921,1281
9567,1285
11624,1285
149,1285
21601,1285
12303,1285
12157,1285
16144,1285
15464,1285
9559,1285
8528,1285
2639,1285
11777,1285
24847,1285
12093,1285
3051,1285
6397,1285
10105,1285
11676,1294
1262,1294
18587,1294
14570,1294
16493,1294
14209,1294
11767,1294
15857,1294
21233,1294
24235,1294
6290,1294
4972,1294
576,1294
19785,1296
9465,1296
7935,1296
2848,1296
16739,1296
14973,1296
10371,1296
18715,1296
9534,1296
7200,1296
11328,1311
19068,1311
9501,1311
9293,1311
2618,1311
11218,1311
19926,1311
9692,1311
5453,1311
15218,1311
20853,1311
18230,1311
16745,1311
12552,1311
9504,1311
15678,1311
2645,1311
3211,1311
23125,1357
18505,1357
23583,1357
23113,1357
14375,1357
24211,1357
18087,1357
5116,1357
5055,1357
11927,1357
10976,1357
1085,1357
15623,1357
17263,1357
16478,1357
3675,1357
6718,1367
5983,1367
5311,1367
468,1367
10094,1367
19030,1367
19119,1367
14087,1367
23149,1367
20523,1367
7054,1372
18363,1372
19082,1372
9737,1372
9802,1372
9319,1372
3655,1372
6834,1372
1284,1372
8820,1372
9740,1372
21789,1372
15000,1372
14007,1372
22113,1372
15925,1372
7824,1375
19992,1375
17601,1392
18425,1408
13534,1408
24229,1408
18875,1408
13304,1417
11132,1417
18999,1417
5756,1417
24160,1417
17601,1419
16264,1431
10428,1431
11119,1431
11207,1431
23675,1431
11263,1431
15360,1431
19755,1431
4080,1431
20581,1431
1702,1436
3133,1436
176,1436
17160,1436
9132,1436
20549,1436
24677,1436
3643,1436
5250,1436
6500,1436
677,1436
14539,1436
23405,1436
23982,1436
16868,1436
1658,1438
17738,1438
3688,1438
21077,1438
5841,1438
1211,1438
13988,1438
17236,1438
1111,1438
17955,1438
6545,1443
23541,1443
19917,1443
11002,1443
16822,1443
16884,1443
2857,1443
24360,1443
12372,1443
24119,1443
8289,1443
19970,1443
13546,1443
10911,1443
3546,1443
11516,1443
12968,1445
14231,1445
19993,1445
3472,1445
3325,1445
4366,1445
22286,1445
20979,1445
6500,1445
14130,1445
15792,1445
4693,1445
6001,1445
3476,1445
10891,1445
9959,1445
8751,1445
17601,1453
9970,1467
20533,1467
7269,1467
20703,1467
17601,1476
21044,1494
16101,1494
17635,1494
2543,1494
12596,1494
21381,1494
21748,1494
20836,1494
201,1502
16114,1502
21350,1502
4413,1502
5517,1502
14405,1507
12399,1507
5635,1507
11339,1507
24211,1507
22524,1507
8549,1507
12308,1507
2820,1507
19930,1507
17601,1510
19051,1514
3122,1514
23243,1514
4106,1514
13971,1514
12955,1514
4817,1514
22998,1514
10334,1514
8690,1524
154,1524
8848,1530
11199,1530
11767,1530
16886,1530
15853,1530
23064,1538
21595,1538
7371,1538
8740,1538
2922,1538
6243,1538
18084,1538
19603,1538
11633,1538
15697,1538
10949,1538
11152,1538
17601,1539
2848,1553
7038,1553
11031,1553
20911,1553
23171,1553
866,1553
11850,1553
483,1553
14853,1553
18420,1553
11227,1578
16884,1578
5083,1578
18388,1578
9259,1578
4979,1578
4702,1578
4473,1578
3950,1578
3696,1578
22163,1578
22485,1578
18083,1584
18786,1595
14570,1595
17998,1595
14044,1595
16782,1595
2380,1595
12664,1595
11673,1595
13097,1595
10610,1606
21006,1606
22020,1606
2601,1606
19197,1606
8712,1606
8440,1606
22259,1606
5628,1608
4798,1608
20607,1608
15433,1608
6300,1608
19526,1608
807,1608
14054,1608
22510,1608
93,1608
1324,1608
20292,1610
22301,1610
796,1610
2617,1610
23331,1610
8090,1610
13546,1610
14133,1610
22203,1610
22206,1610
22028,1610
13429,1610
22909,1610
9184,1610
18427,1610
12376,1610
19471,1614
20256,1614
20478,1614
5856,1614
11265,1614
21853,1614
18030,1614
19200,1614
23171,1614
494,1614
5688,1614
182,1614
12903,1614
16702,1614
16379,1614
14305,1614
23339,1614
18976,1614
15842,1614
17601,1624
18519,1629
19094,1629
4268,1629
13730,1629
13053,1629
4545,1629
22497,1629
5941,1629
10729,1629
12646,1629
17138,1629
22899,1634
8655,1634
16336,1634
1030,1634
11737,1634
4532,1634
8562,1634
12497,1634
20345,1634
19365,1634
4505,1634
22122,1634
9465,1634
17601,1652
11504,1654
11225,1654
5978,1654
14553,1654
14527,1664
23440,1667
13064,1667
2880,1667
3252,1667
4532,1667
17601,1668
3107,1669
15731,1669
21933,1697
9706,1697
18559,1697
2538,1697
6264,1697
7184,1697
16174,1697
16708,1697
15438,1697
16456,1697
9467,1697
18217,1697
8277,1697
10007,1697
8656,1697
8328,1697
13953,1697
12514,1697
12876,1697
10348,1697
13199,1700
17161,1700
12979,1700
1189,1700
13386,1700
16796,1700
21270,1700
18492,1700
9525,1700
3098,1700
2783,1700
3996,1700
8976,1700
10769,1700
11520,1700
7442,1700
17601,1705
18013,1709
18843,1709
11304,1709
18309,1709
21436,1709
6537,1709
1301,1709
3375,1709
5489,1709
2025,1709
14489,1709
22371,1709
4438,1712
709,1712
20719,1712
3468,1712
20505,1712
17781,1712
14290,1712
12054,1712
6683,1712
21448,1712
6936,1713
4454,1713
14453,1713
17423,1713
16538,1713
15544,1713
6106,1713
6277,1713
15203,1713
12515,1713
17601,1719
19285,1736
14851,1736
7283,1736
5694,1736
3664,1736
17707,1736
1132,1736
11139,1736
5271,1736
14549,1736
16386,1755
17777,1755
18541,1755
15162,1755
156,1755
12314,1755
2321,1755
21203,1755
21218,1755
21337,1755
24619,1755
23064,1759
15015,1759
18322,1759
13177,1759
7227,1759
7163,1759
1970,1759
1093,1759
856,1759
1086,1759
11981,1759
11801,1759
21928,1767
8722,1767
10823,1767
23879,1775
1132,1775
16886,1775
23791,1775
23211,1775
2027,1775
6890,1775
7509,1775
15513,1775
1895,1775
24792,1776
5830,1776
6923,1776
9940,1776
20818,1776
21021,1776
20575,1776
23166,1776
22715,1776
21080,1776
8241,1776
22186,1776
22631,1776
17601,1778
21956,1780
489,1780
14776,1780
11816,1780
10196,1780
8170,1780
8220,1780
6792,1780
19853,1780
17676,1780
2668,1780
799,1780
21387,1780
9353,1780
1796,1780
4238,1780
17601,1781
6221,1785
8542,1785
12958,1785
12521,1785
11843,1785
17061,1805
13922,1805
4725,1805
4714,1805
4605,1805
3785,1805
2529,1805
23878,1805
22592,1805
22584,1805
22554,1805
22241,1805
3633,1805
24083,1805
1358,1805
8011,1829
14613,1829
23755,1829
23433,1829
3049,1829
2776,1829
3604,1829
24477,1829
1879,1829
10005,1829
12036,1829
18639,1829
10131,1829
13462,1829
9659,1829
4335,1829
9244,1832
10431,1832
1593,1832
13292,1832
7975,1832
7557,1832
2849,1832
17841,1832
16727,1832
11508,1832
5817,1836
10635,1836
5531,1836
2956,1836
17207,1836
3069,1836
11631,1836
347,1836
20819,1836
22084,1836
24382,1836
24198,1836
24638,1836
12766,1836
9933,1841
9898,1841
12700,1841
22728,1841
9932,1841
2648,1841
7517,1841
6664,1841
19401,1841
15479,1841
24832,1841
1801,1851
15841,1851
10879,1851
4740,1851
10206,1851
12908,1851
20905,1851
22950,1851
9639,1851
22642,1851
23326,1851
4382,1851
3938,1851
2652,1851
17601,1854
4691,1855
13010,1855
17161,1855
24,1855
17001,1862
14927,1862
3898,1862
13844,1862
11328,1867
12376,1867
17601,1870
921,1876
4897,1876
5306,1876
13031,1876
3796,1876
7668,1876
6720,1876
18201,1880
8405,1880
8481,1880
1160,1880
15695,1880
15542,1880
10886,1880
22116,1880
14000,1880
11133,1880
17601,1882
1023,1886
13508,1886
17481,1886
17561,1886
21865,1886
1738,1888
5211,1888
752,1888
9931,1888
9224,1888
8778,1888
5607,1888
3649,1888
11189,1888
2309,1888
3247,1888
7578,1888
24009,1888
23185,1888
10540,1888
21084,1888
1814,1907
5032,1907
17001,1907
17166,1907
18772,1907
5266,1907
14122,1907
12514,1907
10426,1907
18333,1907
3918,1912
22650,1912
24565,1912
18705,1912
23229,1912
7190,1912
4064,1912
10775,1912
14422,1912
17113,1912
23670,1912
1299,1912
3401,1912
9704,1912
6241,1912
17601,1915
3337,1916
23490,1916
20496,1916
23209,1916
10053,1916
746,1916
13426,1916
2271,1916
6959,1916
5078,1916
12195,1916
18024,1916
13966,1921
5467,1921
19860,1921
23417,1921
18445,1921
19176,1921
23045,1921
22174,1921
11931,1921
5347,1921
8473,1921
17505,1921
6368,1921
8779,1921
1599,1921
20084,1924
1861,1924
18957,1924
8069,1924
14959,1924
2233,1924
6245,1924
7911,1924
17601,1943
7645,1944
18376,1944
570,1944
24612,1944
22706,1944
20652,1944
23949,1944
15137,1944
17125,1944
1266,1944
20953,1948
8509,1948
14083,1948
10924,1948
8399,1961
10875,1961
10794,1961
20934,1961
17407,1961
12195,1961
15987,1961
20250,1961
4623,1961
11684,1961
23741,1963
23085,1963
22556,1963
23778,1963
13688,1963
9778,1963
8460,1963
21427,1963
3082,1963
7647,1963
12597,1970
9894,1970
23991,1982
20965,1982
17233,1982
10582,1982
18162,1982
8694,1982
6194,1982
20916,1982
8768,1982
1238,1982
4235,1986
23729,1986
7288,1986
2821,1990
4897,1990
19451,1990
19536,1990
1569,1990
2471,1990
883,1990
18083,1990
24274,1990
22465,1990
16453,1990
14198,1990
12166,1990
11131,1990
6507,1990
6110,1990
24221,1990
17196,1990
18713,1996
17862,1996
17484,1996
17620,1996
15279,1996
12795,1996
18714,1996
20078,1996
7780,1996
3093,1996
3057,1996
2658,1996
9322,1996
8670,1996
4294,1996
3369,1996
10538,1996
6657,1996
17601,2008
10458,2041
6630,2041
6592,2041
4588,2041
1288,2041
18492,2041
17975,2041
24248,2041
23249,2041
17160,2041
12400,2041
19879,2041
9068,2041
10365,2041
8998,2041
8593,2041
10901,2041
18613,2052
22284,2052
10921,2052
18387,2052
16834,2052
19933,2052
12642,2052
1338,2052
11955,2052
276,2052
20626,2052
20345,2052
18884,2052
10654,2052
22581,2052
21843,2052
11705,2054
11327,2054
20007,2054
11881,2054
11443,2054
21819,2054
2024,2054
10643,2054
14809,2054
16346,2054
17601,2069
17601,2080
8213,2081
10774,2081
17299,2081
18066,2081
18491,2081
20402,2081
13573,2081
5529,2081
11264,2081
7560,2083
12601,2083
12330,2083
13567,2083
8946,2083
24559,2083
1528,2096
549,2096
22590,2096
4563,2096
4327,2096
15358,2096
16618,2096
23129,2096
23790,2096
19857,2096
15092,2096
7683,2096
5230,2096
6514,2096
11215,2096
11192,2096
6892,2096
9734,2096
17601,2098
13543,2102
17304,2102
17350,2102
11698,2102
7856,2102
7073,2102
5598,2102
20593,2102
18804,2102
21107,2102
19368,2114
18266,2114
23113,2114
2895,2114
11897,2114
16589,2114
16331,2114
3866,2114
4369,2114
10723,2114
11682,2114
9656,2114
3470,2134
1733,2134
9000,2134
17744,2134
20905,2134
23555,2134
23548,2134
16175,2134
8531,2134
13898,2134
7659,2134
11503,2138
15073,2151
1799,2151
20655,2151
11472,2151
3009,2151
24402,2157
12753,2157
4078,2157
19409,2157
12594,2157
24141,2157
14256,2157
2395,2157
2781,2157
403,2167
8220,2167
3888,2167
2212,2167
20491,2167
18666,2167
18223,2167
16690,2167
22127,2167
20973,2167
20894,2167
8983,2167
15278,2167
14465,2167
5222,2167
1613,2167
8519,2167
11324,2167
117,2191
18415,2191
17378,2191
21604,2191
685,2191
952,2191
15273,2191
18634,2191
19733,2191
4358,2191
15048,2191
11419,2191
2558,2191
4644,2191
955,2191
4954,2191
22268,2202
6184,2202
22009,2202
13190,2202
347,2202
20359,2202
10318,2202
12624,2202
12977,2202
5327,2202
4045,2202
10910,2202
2463,2202
12187,2202
19081,2204
16874,2211
50,2211
9874,2211
1155,2211
10223,2211
17601,2218
5720,2224
6631,2224
17347,2224
20210,2224
6950,2224
1173,2224
7710,2224
20180,2224
5227,2224
16538,2224
22287,2233
23211,2233
16301,2233
22124,2233
4485,2233
18335,2233
13797,2233
12770,2233
1188,2233
12503,2233
12374,2244
13000,2244
3637,2244
10000,2244
8339,2251
5224,2261
7558,2264
22687,2264
15530,2264
11089,2264
6689,2264
8476,2264
64,2264
11359,2264
20243,2264
238,2264
24730,2264
20001,2264
1148,2264
5466,2264
736,2264
1471,2264
17601,2276
17601,2288
17601,2293
1390,2297
20929,2297
22904,2297
15041,2297
15748,2298
15749,2298
4187,2298
11932,2298
13315,2298
14006,2298
11950,2298
9025,2298
11434,2298
9857,2298
1723,2298
3840,2298
15587,2298
1280,2298
17601,2304
17601,2324
389,2345
5221,2345
17601,2355
4037,2358
10961,2358
13108,2358
17601,2359
17601,2380
8103,2390
11482,2390
10704,2390
5868,2390
18981,2390
12570,2390
19138,2390
19009,2390
21049,2390
17772,2390
19912,2390
8629,2390
5933,2390
24850,2390
15768,2390
14510,2390
9970,2395
11948,2395
16736,2395
4196,2395
19727,2395
5744,2395
23250,2395
21803,2395
10320,2395
23746,2395
20452,2395
16911,2395
4328,2395
10449,2395
19181,2398
19487,2398
19594,2398
20597,2398
20127,2398
11246,2398
10623,2398
14040,2398
3132,2398
4090,2398
6487,2398
8538,2398
22876,2398
9883,2398
17601,2426
17601,2427
636,2431
18630,2431
15073,2431
12603,2431
24026,2431
9142,2431
11328,2431
21824,2431
19159,2431
3199,2431
20343,2431
4942,2437
12717,2437
19796,2437
9941,2437
20645,2437
20786,2437
6428,2437
9888,2437
813,2437
6594,2437
1063,2437
1810,2437
21180,2464
24702,2464
17443,2464
10603,2464
353,2464
7723,2464
903,2464
20583,2464
21791,2464
237,2464
1364,2476
2527,2476
3723,2476
15491,2476
14941,2476
5366,2476
23977,2476
9639,2476
14234,2476
14596,2476
13000,2476
24112,2476
23224,2476
17725,2476
6180,2476
17601,2479
20385,2524
11997,2524
19955,2524
7718,2526
14082,2526
10809,2526
9188,2526
8048,2526
9398,2526
9835,2526
2267,2526
16141,2526
23250,2526
9882,2529
339,2529
15740,2529
9373,2529
7692,2529
7835,2529
9022,2529
15699,2529
1125,2529
3078,2529
7125,2529
16384,2529
17475,2529
18102,2529
19060,2529
1118,2529
2194,2529
10599,2532
21032,2532
18796,2532
15192,2532
12925,2532
12263,2532
10629,2532
24262,2532
23762,2532
6800,2532
4647,2532
3593,2532
3424,2532
3262,2532
370,2532
23491,2544
9421,2544
22427,2544
24551,2544
18696,2544
17601,2552
17601,2557
2177,2558
6598,2558
9357,2558
664,2558
21560,2558
10172,2558
10536,2558
15299,2558
17650,2558
20096,2566
13150,2566
11042,2566
15164,2566
18989,2566
19808,2566
8732,2566
438,2566
6365,2566
6466,2566
10569,2566
16980,2566
15480,2566
20414,2566
4485,2566
17001,2566
15348,2566
8235,2566
16565,2566
4474,2581
251,2581
8446,2581
9786,2581
9035,2581
8835,2581
21352,2581
14029,2581
23696,2581
19550,2581
9359,2581
7753,2581
6353,2581
704,2587
3541,2587
1976,2587
19339,2590
17491,2590
23321,2590
8378,2590
8078,2590
6446,2590
23702,2590
4762,2590
15448,2590
10984,2590
5292,2590
23967,2590
20129,2590
5195,2591
3206,2591
18783,2591
8447,2591
18435,2591
6696,2591
739,2591
24025,2591
23573,2591
551,2591
2525,2591
17007,2591
14399,2591
22758,2591
18838,2595
20484,2595
10195,2595
11365,2595
320,2595
4027,2595
9370,2595
3942,2595
18522,2595
15481,2595
16330,2602
7978,2602
22934,2602
1188,2602
22291,2602
18213,2609
20336,2609
23267,2609
7656,2609
650,2609
17707,2609
11569,2609
3094,2609
16538,2615
21487,2615
12141,2615
24685,2615
17601,2621
17601,2623
17601,2636
9573,2660
2484,2660
22810,2660
953,2660
16741,2660
14202,2660
11583,2660
6957,2660
174,2660
14926,2660
18661,2660
21098,2660
16516,2660
16133,2674
12097,2674
3758,2674
14763,2674
5462,2674
5408,2674
19531,2674
15635,2674
12353,2674
17591,2674
13918,2677
17973,2677
8209,2677
5614,2677
7520,2678
19199,2678
6984,2678
4175,2678
21221,2678
16358,2678
18583,2678
227,2678
1172,2678
12665,2678
17601,2686
16800,2689
23178,2689
11002,2689
24139,2689
6094,2689
3436,2689
4073,2689
20987,2689
13824,2689
5860,2703
24253,2703
18886,2703
503,2703
525,2703
24025,2704
20180,2704
22489,2704
11010,2704
9824,2704
6269,2704
24838,2704
5629,2704
3119,2704
1685,2709
7010,2709
15081,2709
9347,2709
14553,2709
9874,2710
11911,2710
8240,2710
24665,2710
4868,2712
20214,2712
23302,2712
520,2712
20624,2713
23739,2713
10988,2713
7656,2713
5227,2713
19136,2713
17601,2714
3330,2715
6644,2715
5649,2715
9230,2715
21574,2715
10928,2732
21219,2732
20061,2732
12018,2732
24715,2732
9889,2732
723,2732
16888,2732
15192,2732
12474,2732
12163,2732
1246,2732
10294,2732
7371,2732
2542,2732
10301,2732
21043,2736
11377,2736
23393,2736
631,2736
8358,2759
2875,2759
16772,2759
11446,2759
20325,2759
16959,2759
17162,2759
20855,2759
2826,2759
3705,2759
7335,2759
13036,2759
6030,2759
6439,2759
4261,2759
23938,2764
13744,2764
20911,2764
8263,2764
1155,2764
15317,2770
3273,2770
24176,2770
14449,2770
9656,2770
12997,2770
6712,2770
6270,2770
12198,2770
12491,2770
16682,2770
16006,2770
23447,2770
24634,2775
20429,2775
23356,2775
5844,2775
9512,2775
9144,2775
6684,2775
10322,2775
2750,2775
2479,2775
22998,2781
19960,2781
5227,2781
4214,2783
12656,2783
8588,2783
20706,2783
23836,2783
11682,2783
3357,2783
4202,2783
4868,2783
5336,2783
19094,2783
13742,2783
15016,2783
14202,2783
17601,2791
17601,2793
17601,2795
17601,2808
17601,2816
885,2827
6862,2829
1732,2829
11962,2829
20591,2829
21584,2838
1953,2838
19966,2838
9503,2838
23044,2838
880,2838
2563,2838
1183,2838
3915,2838
1018,2838
22180,2838
21076,2838
14854,2838
6180,2838
5707,2838
315,2843
4730,2843
20951,2848
11383,2848
16556,2848
14267,2848
6142,2848
4158,2848
17919,2848
18725,2848
24034,2848
18707,2848
17495,2848
21640,2848
17894,2848
3237,2850
16044,2850
13436,2850
10107,2850
13209,2850
3413,2850
1718,2850
2630,2850
16537,2850
20402,2850
22771,2850
23113,2850
431,2850
20134,2850
16448,2850
13098,2860
6486,2860
16806,2860
17912,2860
11690,2860
36,2860
21831,2860
20611,2860
20476,2860
19678,2860
3687,2860
4164,2860
19314,2860
15854,2860
23089,2860
19259,2860
10070,2860
18532,2860
13253,2861
9452,2861
23873,2861
22105,2861
6395,2861
21586,2861
21849,2861
19240,2861
18030,2861
17452,2861
19985,2861
645,2861
15567,2861
22206,2861
24255,2861
8474,2861
17601,2874
11145,2878
12188,2878
10659,2878
23450,2878
17601,2894
17601,2898
6441,2902
13436,2902
8992,2902
17601,2906
3275,2919
7009,2919
8275,2919
11847,2919
20475,2919
1666,2919
20243,2919
10016,2919
9836,2919
16020,2919
15765,2941
2457,2941
5636,2941
23696,2941
24355,2941
23959,2941
20297,2941
20703,2941
1221,2941
5740,2941
6866,2941
10576,2941
9130,2941
22584,2941
6792,2941
15184,2941
14296,2941
17601,2956
17601,2976
14044,2981
10373,2981
13744,2981
17001,2981
17601,2986
1644,2996
24798,2996
12672,2996
4641,2996
13911,3010
7805,3010
10242,3010
10790,3010
18430,3010
15395,3010
18459,3010
20987,3010
21442,3010
24831,3010
1730,3010
1873,3010
3567,3010
18559,3010
1694,3014
2834,3014
14822,3014
16541,3014
20515,3014
1366,3014
4272,3014
8555,3014
13973,3014
10556,3014
1182,3014
23079,3020
23206,3020
16511,3020
17940,3020
14988,3020
7331,3020
2690,3020
7023,3020
4737,3020
12975,3020
17630,3024
6629,3024
3360,3025
19405,3025
3075,3025
4705,3025
8543,3025
6456,3025
8745,3025
15179,3025
15746,3025
10973,3025
15241,3027
18166,3027
22285,3027
1612,3027
23664,3027
4202,3027
2531,3027
6304,3027
5470,3027
7074,3027
7081,3027
17044,3027
13530,3027
10399,3027
13520,3027
10129,3027
17601,3031
11624,3037
12164,3037
11520,3037
11581,3037
16844,3037
22151,3037
14789,3037
13631,3037
9343,3037
5260,3037
22504,3037
10035,3037
17601,3046
10935,3049
24236,3049
20914,3049
5540,3049
1188,3049
17601,3050
16538,3058
9002,3058
11777,3058
22287,3058
20703,3058
19533,3058
3107,3058
4472,3058
17601,3067
16897,3071
11899,3078
9970,3078
1644,3078
2570,3078
17601,3087
15878,3091
14765,3091
22390,3091
17671,3091
961,3091
1282,3091
13095,3091
13177,3091
13801,3091
20134,3091
11682,3091
10995,3091
4942,3091
3129,3091
17804,3097
17649,3097
19980,3105
5541,3105
8039,3105
12971,3105
10223,3105
9972,3105
15273,3105
17752,3105
18582,3105
11811,3105
14299,3105
16995,3105
2692,3105
18798,3105
17229,3105
3364,3105
4740,3105
117,3105
3778,3105
17601,3115
8880,3125
23023,3125
17601,3127
17601,3132
17601,3152
17601,3157
14407,3162
7770,3162
21781,3162
14449,3162
23251,3162
13519,3164
8630,3164
4773,3164
4774,3164
14203,3164
20389,3164
21561,3164
22820,3164
22057,3164
21940,3164
21930,3164
22989,3164
10206,3176
9331,3176
8349,3176
11014,3176
11359,3176
14526,3176
732,3176
3692,3176
1079,3176
2880,3176
10654,3176
16872,3176
22998,3176
3938,3184
4113,3184
23788,3184
14795,3184
10000,3184
13856,3184
21030,3184
23582,3184
3184,3184
948,3184
18587,3184
19850,3184
19023,3184
22465,3184
23795,3184
4920,3184
7451,3188
8381,3188
22488,3188
23258,3188
10915,3188
10912,3188
16222,3188
16733,3188
14314,3188
14156,3188
10879,3190
15566,3190
150,3190
1195,3190
23654,3190
23702,3190
1725,3190
6102,3190
6904,3190
9055,3190
20130,3193
14062,3193
24461,3195
668,3195
1543,3195
9988,3195
11576,3195
5443,3195
11653,3195
11619,3195
14937,3195
14545,3195
23060,3195
18660,3195
17736,3195
15017,3195
16360,3221
23939,3221
19380,3221
24046,3221
15294,3221
13711,3221
12565,3221
20656,3221
23133,3221
17601,3241
17601,3244
16883,3259
6987,3259
21909,3259
1063,3266
23154,3266
18457,3266
529,3266
23318,3266
23358,3266
5465,3266
4611,3266
239,3266
64,3266
14993,3266
8418,3266
24224,3266
4692,3266
13838,3268
16252,3268
11999,3268
19312,3268
6712,3268
11002,3268
22839,3268
3321,3268
2552,3268
3100,3268
1508,3268
20474,3268
20098,3268
1569,3268
20013,3268
3436,3268
4540,3283
10382,3283
14044,3287
18358,3287
3013,3287
18526,3287
10091,3288
9572,3288
14306,3288
20184,3288
21248,3288
15524,3288
10555,3288
10527,3288
22148,3288
5688,3288
22554,3288
20461,3288
2930,3288
21681,3288
23640,3288
22779,3301
3622,3301
18985,3301
23076,3301
22028,3301
23240,3301
12514,3301
4073,3301
15853,3301
8992,3301
9032,3301
6790,3301
4898,3301
10867,3301
8696,3301
19344,3301
4580,3302
1584,3302
853,3302
21162,3302
24806,3302
14091,3302
10157,3302
14600,3302
7509,3302
8069,3302
4584,3302
5270,3302
4579,3302
14759,3302
9842,3302
11692,3316
11001,3316
1505,3316
5182,3316
24203,3316
5875,3316
17972,3316
22960,3316
20987,3316
8928,3330
8055,3330
10795,3330
23613,3339
21542,3339
18411,3339
9202,3339
23184,3339
18482,3339
7215,3339
4733,3339
11867,3339
4134,3339
8471,3339
11259,3339
18601,3363
807,3363
14381,3363
14334,3363
14670,3363
15121,3363
21843,3363
15324,3363
9682,3363
8220,3363
2729,3363
18916,3372
16683,3372
4149,3372
13237,3372
16745,3372
23301,3372
11328,3372
13188,3372
15928,3372
7948,3372
19693,3372
2728,3372
19421,3379
2737,3379
5384,3379
14021,3379
22994,3399
5303,3399
5828,3403
23423,3403
22120,3403
13728,3403
4947,3403
7227,3403
967,3403
200,3403
17601,3415
2595,3428
23322,3428
9788,3428
7770,3428
14073,3431
15048,3431
8976,3431
12670,3431
7172,3431
24838,3431
961,3431
5609,3431
19727,3431
21708,3434
21590,3434
20638,3434
22349,3434
9585,3434
10045,3434
23120,3434
9821,3434
16270,3434
3847,3434
14385,3434
17601,3435
17601,3437
21235,3443
20021,3480
8242,3480
15406,3480
20093,3480
7577,3480
9811,3480
413,3480
21863,3483
4586,3483
14497,3483
7847,3483
6330,3483
20874,3483
18064,3483
23804,3483
22217,3483
20921,3483
3081,3483
12487,3483
11228,3483
10301,3483
18451,3484
24672,3484
639,3484
16845,3484
13801,3484
8073,3484
12722,3484
12670,3484
62,3484
10070,3484
5647,3484
5709,3484
17601,3499
2645,3506
6720,3506
885,3506
1079,3506
16286,3509
5230,3509
23129,3509
19568,3509
24292,3510
20643,3510
11196,3510
24253,3510
4897,3510
3211,3515
4382,3515
4699,3515
2645,3515
6818,3519
20834,3519
24514,3519
8527,3519
8617,3519
23816,3519
13699,3519
18150,3519
18644,3519
17601,3520
16083,3552
16543,3552
13309,3552
11877,3552
8154,3552
22880,3552
12514,3552
18305,3552
21361,3552
20752,3552
3023,3552
7296,3552
4630,3552
6713,3552
18381,3552
7527,3552
7110,3552
1644,3560
7369,3560
8505,3560
2956,3560
14570,3560
16560,3560
9588,3560
9332,3560
11289,3560
12250,3560
13018,3560
10790,3560
8652,3560
1420,3560
20626,3560
21086,3560
1924,3560
13255,3560
5141,3560
6091,3561
21942,3561
7106,3561
12717,3561
10969,3561
18911,3561
5078,3561
729,3561
14434,3561
19149,3561
3129,3561
12489,3562
17774,3562
10554,3562
12894,3562
24756,3562
1719,3562
12340,3569
17601,3571
6023,3576
5020,3576
10466,3576
10724,3576
2483,3576
197,3576
24544,3576
23845,3576
14751,3576
18117,3576
20642,3576
22832,3576
23668,3576
11251,3576
13341,3576
10382,3588
11196,3588
15797,3588
1425,3588
5443,3588
17601,3589
8060,3591
7853,3591
7089,3591
316,3591
22950,3593
22580,3593
16651,3593
19244,3593
19145,3595
15525,3595
15355,3595
10043,3595
10002,3595
19700,3595
10928,3595
7944,3595
20744,3595
17601,3600
17601,3610
17601,3611
17601,3617
17601,3618
17601,3621
17601,3630
10330,3632
8581,3632
15857,3632
11516,3632
13824,3632
6557,3632
11778,3632
5848,3632
3105,3632
21897,3640
12799,3640
15321,3640
2488,3640
10486,3640
228,3640
1104,3640
9865,3640
9023,3640
17323,3640
5678,3649
11104,3649
24478,3654
16782,3664
13523,3664
4445,3664
22822,3664
21242,3664
21482,3664
17976,3664
22575,3664
21712,3664
4595,3664
8932,3664
6648,3664
12802,3664
21003,3664
3529,3664
4211,3664
5920,3664
6205,3665
13695,3665
13897,3665
4225,3665
6501,3665
15901,3665
21599,3665
826,3666
6710,3666
12501,3666
16745,3666
23174,3666
229,3666
21818,3666
7788,3666
18846,3666
18460,3666
12376,3666
24385,3667
15076,3667
16876,3667
21624,3667
15025,3667
10963,3667
2271,3667
10935,3667
2638,3667
17117,3667
493,3674
13704,3674
17601,3696
17601,3703
2527,3715
3589,3715
20505,3715
18602,3715
957,3715
12369,3715
10511,3715
10867,3715
14643,3715
8968,3715
24088,3719
1816,3719
5988,3719
24739,3719
3221,3719
13341,3719
16421,3719
24150,3719
13347,3719
11129,3719
8269,3719
730,3720
1136,3720
19692,3720
13969,3720
19259,3720
16011,3720
14983,3720
19567,3720
23911,3720
2710,3720
22145,3720
5636,3720
8696,3720
12802,3720
5070,3720
34,3720
4935,3733
4689,3733
2471,3733
8089,3733
22248,3733
17304,3733
21107,3733
9518,3733
10341,3733
11328,3733
5885,3744
11569,3744
4738,3744
17601,3756
5032,3764
11777,3764
10229,3764
13844,3764
20471,3764
3938,3764
21131,3764
6978,3766
6473,3766
24321,3766
11010,3766
12195,3766
12514,3766
20873,3766
19208,3766
14444,3766
24360,3766
17601,3773
17601,3778
8220,3791
15014,3791
17601,3792
23274,3813
19704,3813
21548,3813
4455,3813
1906,3813
748,3813
417,3813
22222,3813
21650,3813
12896,3813
6054,3813
19862,3813
4606,3813
1139,3813
17638,3813
8072,3813
15836,3813
19962,3816
26,3816
17069,3816
1740,3816
2679,3816
4099,3816
4364,3816
6285,3816
6543,3816
10430,3816
13283,3816
16026,3816
19080,3819
1395,3819
1861,3819
12453,3819
4905,3819
7637,3819
8739,3819
15952,3819
3870,3819
16178,3819
12077,3819
9338,3819
10426,3827
3273,3827
1417,3827
3577,3827
24787,3827
17945,3827
17593,3827
14975,3827
1186,3827
7344,3827
9468,3827
13476,3827
23883,3827
21131,3827
7605,3827
17601,3842
17601,3846
21089,3856
24,3856
20294,3856
7851,3856
15284,3858
634,3858
4585,3863
5151,3863
20429,3863
21284,3863
5715,3863
15334,3863
5401,3872
8885,3872
17988,3872
2629,3872
17601,3874
17601,3875
17601,3890
4204,3900
1179,3900
12183,3900
12992,3900
14694,3900
6395,3900
6359,3900
9153,3900
3653,3900
21097,3900
1651,3900
14821,3900
23162,3900
917,3900
23175,3900
22988,3900
5610,3900
20673,3900
23093,3900
17601,3922
17601,3926
17601,3929
17601,3931
17601,3938
20625,3946
22899,3946
7032,3946
20987,3946
12376,3946
2099,3946
961,3946
7576,3946
4408,3946
17601,3964
11783,3970
728,3970
5307,3970
6474,3970
9246,3970
24076,3970
22347,3970
21271,3970
21651,3970
11810,3970
16808,3970
18164,3970
19959,3970
11065,3970
9397,3970
11700,3970
5485,3983
17587,3983
989,3983
1316,3983
8518,3983
2084,3983
4288,3983
6119,3983
8529,3983
8655,3991
239,3991
13636,3991
11053,3991
3640,3991
18259,3991
13965,3991
4743,3991
4512,3991
3922,3991
20252,3991
24262,3991
19399,3991
16016,3991
22275,3999
17780,3999
24010,3999
19906,4008
21963,4008
18604,4008
8048,4014
16345,4014
3518,4014
13911,4014
8097,4014
17601,4015
17601,4026
13524,4027
16989,4027
10646,4027
13389,4027
855,4027
23186,4027
10409,4027
20803,4027
17221,4027
8422,4027
7603,4027
7023,4027
21256,4027
10450,4027
17601,4028
17601,4032
24337,4038
5130,4038
21348,4038
21245,4038
5179,4038
6489,4038
6361,4038
13177,4038
8781,4038
16820,4038
10344,4038
22854,4038
6969,4050
5258,4050
23650,4050
7749,4050
23460,4050
12939,4050
7987,4050
12053,4050
2060,4050
12723,4050
9052,4052
11609,4052
4201,4052
3378,4052
15932,4052
2848,4073
18751,4073
18888,4073
18430,4073
19151,4073
5433,4073
9333,4073
6551,4073
5688,4073
5279,4073
16089,4073
1099,4073
141,4073
6712,4073
14875,4073
17429,4073
16776,4073
5383,4073
20867,4073
12141,4074
11320,4074
21456,4074
14726,4074
17601,4080
16566,4082
1536,4082
3107,4082
17537,4082
18104,4082
17601,4083
19226,4089
18138,4089
9476,4089
9284,4091
6270,4091
16886,4091
14848,4091
3472,4091
17601,4092
19488,4094
11834,4094
16782,4094
14473,4094
15841,4094
22108,4094
17601,4109
20113,4144
10986,4144
7304,4144
3872,4144
11548,4144
995,4144
729,4144
16021,4144
12996,4144
24289,4144
12779,4144
16664,4144
20105,4144
11675,4144
17354,4144
11602,4144
16188,4144
16159,4144
3856,4144
1079,4151
4033,4151
6690,4151
4230,4151
18886,4151
19521,4151
24367,4151
6381,4151
16055,4151
13921,4151
918,4156
11974,4156
10715,4156
24370,4156
22614,4156
6963,4156
21354,4156
15471,4156
5873,4156
3611,4156
14473,4156
13552,4156
10751,4160
17264,4160
9397,4161
8675,4161
6386,4161
1509,4161
17601,4166
17601,4167
9835,4174
8161,4174
6207,4174
11160,4174
17945,4178
5077,4178
10316,4178
8448,4178
11354,4178
17601,4195
17601,4199
17601,4201
6978,4220
7921,4220
10944,4220
2671,4220
6588,4220
6512,4220
5349,4220
11388,4220
4924,4220
3290,4220
16394,4220
2478,4220
9306,4220
16490,4220
14365,4220
958,4220
11582,4220
2815,4220
5153,4220
15414,4224
20616,4224
21031,4224
5267,4248
7966,4248
19303,4248
22511,4248
18651,4248
13704,4248
18788,4248
9760,4248
20308,4248
7949,4262
2843,4262
8943,4262
18227,4262
17601,4269
11328,4279
21058,4279
12552,4279
17601,4285
587,4287
577,4287
13859,4287
22140,4287
24262,4287
1632,4287
14801,4287
5101,4287
581,4287
21950,4287
17601,4297
437,4299
1042,4299
19134,4299
19086,4299
19237,4299
21818,4299
20914,4299
14236,4299
11032,4299
7935,4299
2630,4299
1857,4299
1298,4299
1202,4313
2695,4313
11786,4313
2707,4313
6699,4313
7923,4313
20743,4313
12451,4313
8130,4313
16269,4313
23702,4314
23062,4314
21904,4314
2766,4314
23216,4314
4214,4314
17871,4314
23918,4314
16283,4314
16840,4314
11039,4314
13331,4314
2428,4314
600,4314
9440,4331
24665,4331
23329,4331
13455,4331
5357,4331
4577,4331
12376,4331
885,4331
6556,4331
11469,4331
10049,4331
16257,4331
3692,4331
21010,4351
2880,4351
17601,4367
17601,4372
17601,4376
17601,4377
17601,4381
17601,4391
2909,4395
24695,4395
13528,4395
18548,4408
15785,4408
2520,4408
9585,4416
11785,4416
8351,4416
530,4416
16507,4416
12205,4416
18789,4416
17803,4416
22115,4416
9156,4416
14452,4416
17307,4416
11062,4417
18767,4417
17517,4417
16204,4417
14312,4417
23266,4417
10887,4417
19422,4417
319,4417
602,4417
2081,4417
1532,4417
10730,4417
4508,4417
3392,4417
5636,4417
23812,4421
24572,4421
24142,4421
22928,4421
17712,4421
8953,4421
4535,4421
24581,4421
13595,4421
21852,4421
20436,4421
22903,4421
2895,4421
20063,4421
22359,4421
11412,4421
5606,4421
19206,4421
1858,4423
12976,4423
18078,4423
9136,4423
17820,4423
9127,4423
15230,4423
5809,4423
6553,4423
8012,4423
9518,4431
13000,4431
14444,4431
12396,4431
17601,4443
4848,4445
8996,4445
5828,4445
23654,4445
14751,4445
9405,4445
11612,4445
18122,4445
21102,4445
12512,4447
8161,4447
20423,4447
17601,4454
14062,4458
23322,4458
24,4458
17601,4459
17601,4465
23138,4466
5043,4466
4272,4466
17423,4471
275,4471
3264,4471
12627,4471
10779,4479
12189,4479
7525,4479
10869,4479
14,4479
13713,4479
287,4479
6738,4479
6290,4479
3245,4479
842,4479
2590,4479
13151,4479
4172,4479
138,4479
8879,4479
4088,4479
4096,4479
4089,4479
541,4502
2664,4502
1928,4502
23302,4502
24300,4502
21156,4502
20443,4502
13966,4502
14766,4502
10759,4502
13450,4502
4970,4502
6395,4502
11181,4502
3593,4502
6665,4502
12888,4517
12526,4517
23983,4517
1842,4517
5558,4517
17601,4525
24798,4533
14252,4533
2847,4533
17601,4542
17601,4546
9009,4548
7853,4548
14092,4548
15390,4548
15977,4548
20283,4548
19441,4548
23993,4548
10468,4548
9671,4548
4432,4550
20522,4550
1915,4550
3094,4550
24004,4550
12981,4550
23250,4550
16910,4550
17005,4550
4715,4552
13384,4552
11127,4552
13467,4552
8954,4570
6551,4570
7774,4577
17517,4577
18366,4577
17223,4577
14677,4577
17352,4577
9294,4577
12412,4577
9911,4577
22461,4577
2946,4577
19871,4577
22046,4577
5134,4577
5339,4577
16252,4582
24838,4582
5002,4582
3492,4582
11911,4595
14370,4595
22160,4595
23177,4595
9015,4595
9055,4595
2869,4595
14757,4595
8343,4595
2375,4595
16463,4596
13154,4596
16688,4596
12400,4596
8564,4596
3250,4596
10878,4596
21702,4596
9729,4596
20288,4596
154,4597
9389,4597
11350,4597
13031,4597
5745,4597
20061,4597
13095,4597
19740,4597
7730,4597
5386,4597
4073,4597
3039,4597
21454,4597
22531,4597
21366,4597
7099,4604
20737,4604
20573,4604
19955,4604
23751,4604
23624,4604
8296,4604
20316,4604
17560,4604
24607,4604
21371,4607
842,4607
23634,4607
19784,4607
13745,4607
2470,4616
10135,4616
15448,4616
18051,4616
2818,4616
21792,4616
10657,4616
7469,4616
13591,4616
12933,4616
20294,4616
17601,4625
17601,4626
21139,4629
12178,4629
17601,4630
16736,4634
7890,4634
19499,4634
885,4634
17601,4635
17601,4639
17601,4645
20043,4660
2007,4660
1699,4660
603,4660
23889,4660
21991,4660
21629,4660
14396,4660
2502,4660
17584,4660
4680,4660
3172,4660
15435,4660
18256,4660
17801,4660
13963,4660
12104,4660
15356,4661
16583,4661
14799,4661
4002,4661
4302,4661
15014,4661
7820,4661
19110,4661
24306,4661
5398,4661
17601,4664
24849,4670
10686,4670
4824,4670
2911,4670
16109,4670
11232,4670
18615,4670
21738,4670
24555,4670
24339,4670
20248,4670
20599,4670
19554,4670
20706,4673
3901,4673
20417,4673
14114,4673
16686,4673
193,4673
7852,4673
11725,4673
11249,4673
11224,4673
23062,4673
18166,4673
10606,4673
7580,4673
11898,4673
23272,4673
23118,4673
20113,4673
525,4678
4999,4678
154,4678
2164,4678
16681,4678
9870,4678
14057,4678
18911,4678
20210,4678
20696,4678
10701,4678
13291,4678
11699,4678
9139,4678
2071,4678
3316,4678
10334,4684
6379,4684
13391,4684
22590,4684
2027,4684
2223,4684
23465,4684
2549,4684
4858,4684
19227,4684
8390,4684
16012,4684
9643,4685
5911,4685
22849,4685
12635,4685
21857,4685
21035,4685
13630,4685
4386,4685
5135,4685
6394,4685
12207,4686
15049,4686
10425,4686
15911,4686
17328,4686
17706,4686
17881,4686
24594,4686
13922,4686
8338,4686
3762,4686
3321,4686
2821,4686
291,4686
24667,4686
20418,4686
18202,4686
20916,4690
15958,4690
23322,4690
1824,4690
21801,4690
5852,4690
19991,4690
9352,4690
11083,4690
13280,4690
11782,4690
2642,4693
4900,4693
11741,4693
10580,4693
10443,4693
7303,4693
17928,4693
15985,4693
15853,4693
22844,4693
23174,4693
1393,4693
2360,4693
20452,4693
64,4693
13603,4693
8000,4698
18013,4698
10426,4698
13635,4698
12804,4698
20026,4698
16440,4698
22159,4698
21273,4698
21286,4698
11738,4698
143,4698
23200,4698
9223,4713
2263,4713
12577,4713
17353,4713
22124,4713
20704,4713
2231,4713
5378,4717
3119,4717
19913,4717
21775,4717
18501,4717
20522,4719
12529,4719
23961,4719
19827,4719
16683,4719
24849,4719
12140,4719
6932,4719
9799,4719
17601,4723
17601,4724
40,4728
369,4728
10452,4728
21104,4728
23125,4746
18665,4746
18963,4765
6010,4765
6340,4765
12837,4765
15534,4765
10388,4765
1523,4765
20003,4765
23915,4765
1787,4770
22108,4770
18128,4770
7866,4770
20538,4770
9452,4770
17946,4770
10693,4770
20631,4770
6401,4770
23420,4770
2580,4770
7273,4770
6832,4770
13158,4776
5945,4776
2494,4776
23489,4776
3380,4776
791,4776
22869,4776
24223,4788
19149,4788
13022,4788
12869,4788
9810,4788
8170,4788
21362,4788
10875,4788
3021,4788
3031,4788
10070,4788
16394,4788
17601,4798
3354,4803
10130,4803
17601,4810
17601,4821
17601,4827
17601,4828
17601,4831
19970,4832
1644,4832
4151,4832
21562,4832
20180,4834
23729,4834
24838,4834
17601,4840
1689,4849
5755,4849
9833,4849
11493,4849
18229,4849
13638,4849
19310,4849
19731,4849
23927,4849
23715,4849
22832,4849
20539,4849
3272,4856
18830,4856
7006,4863
24370,4863
23996,4863
15364,4863
9064,4863
12131,4863
19337,4863
18330,4863
16589,4863
2895,4863
1533,4863
2232,4863
8645,4868
11002,4868
22058,4868
20824,4868
17824,4868
19157,4868
20229,4868
3509,4868
2627,4868
2457,4868
22682,4868
15514,4868
15295,4868
15047,4868
20520,4868
20416,4868
24360,4870
21141,4870
3354,4870
4062,4870
17649,4870
16331,4870
9565,4870
12177,4870
4174,4870
7019,4870
17601,4878
20637,4892
17601,4894
22618,4899
17601,4911
17945,4913
7770,4913
1801,4913
2605,4913
17005,4919
10686,4919
11187,4919
23403,4919
13498,4924
12780,4924
8772,4924
21283,4924
24223,4924
14483,4924
22766,4924
7339,4924
9550,4924
16672,4924
22100,4924
18051,4924
18797,4924
11386,4924
8995,4924
10316,4924
8774,4924
13730,4924
22221,4933
24298,4933
21299,4933
20205,4933
22221,4933
19052,4933
14693,4935
101,4935
21357,4935
9280,4935
5452,4935
9788,4935
13253,4935
15392,4935
14810,4935
5534,4935
5745,4935
4929,4935
3505,4935
2469,4935
2271,4935
17526,4935
13391,4952
20110,4952
13862,4952
4729,4952
15918,4952
12642,4952
23298,4952
23198,4952
19739,4952
22288,4952
15562,4952
11189,4970
4897,4970
19499,4970
18429,4970
10000,4979
20717,4979
18353,4979
6646,4979
17601,4980
23326,4981
11199,4981
4157,4981
16624,4981
1188,4985
15843,4985
23322,4985
454,4985
17601,4987
7991,4990
10519,4990
5469,4990
7236,4990
22235,4990
6646,4990
17601,4991
11938,4998
17161,4998
9148,5002
18533,5002
19533,5002
19934,5002
6981,5002
1425,5002
11218,5002
11741,5002
13253,5002
7788,5002
17601,5006
21827,5041
4897,5041
20662,5041
7854,5048
179,5048
10039,5048
19121,5048
8741,5048
21861,5048
11196,5048
13030,5048
11496,5048
14152,5048
3595,5049
18587,5049
23423,5049
3346,5049
4990,5049
3588,5049
17354,5049
13078,5049
20120,5049
19345,5049
3930,5070
6273,5079
17756,5079
20988,5079
20833,5079
18942,5079
18466,5079
5725,5079
7289,5079
15734,5079
10826,5079
3736,5080
15866,5080
5078,5080
14400,5080
18758,5080
14950,5084
13457,5084
7104,5084
14171,5084
5443,5096
20924,5096
23521,5096
23423,5096
17601,5097
22348,5119
4327,5119
16411,5119
5235,5119
5253,5119
7920,5119
4610,5119
7213,5119
10993,5119
19429,5119
21190,5119
11722,5119
18583,5119
13385,5119
15702,5119
23450,5124
21013,5124
18220,5124
20893,5124
7608,5124
7424,5124
8724,5124
19697,5124
16497,5124
9245,5124
1621,5124
5294,5124
17942,5135
23360,5135
60,5135
2596,5135
13032,5135
16252,5135
9639,5135
10073,5135
6135,5135
22000,5135
7931,5135
3103,5136
8719,5136
12129,5136
1808,5136
130,5136
13390,5136
15081,5136
884,5136
22687,5136
22185,5136
19213,5136
15776,5136
17226,5136
20957,5136
14981,5148
13552,5148
22855,5148
3867,5148
5066,5148
23639,5148
24115,5148
9446,5148
19622,5148
13553,5148
11651,5156
10517,5156
18786,5156
1808,5156
2143,5156
24211,5156
10962,5156
17601,5166
17650,5170
5636,5170
5386,5170
17375,5170
2645,5170
15146,5170
19568,5170
4577,5170
1425,5170
4181,5174
16252,5174
19568,5174
3894,5174
8432,5174
20471,5174
2056,5174
3203,5174
17601,5177
12118,5179
14295,5179
16280,5179
9916,5179
17592,5179
23696,5179
9178,5179
2444,5179
5102,5179
4213,5179
17601,5190
17601,5192
24286,5193
5723,5193
19236,5193
18656,5195
14108,5195
10565,5195
16721,5195
3238,5195
23115,5195
3036,5195
12977,5195
7906,5195
14551,5195
4381,5195
20246,5195
8436,5195
6362,5195
9995,5203
1156,5203
10658,5203
9141,5203
1429,5203
17808,5204
23616,5204
18455,5204
17885,5204
21522,5204
12711,5204
12007,5204
21393,5204
24346,5204
24510,5204
11746,5204
410,5204
2569,5204
5658,5206
2320,5206
23732,5206
20382,5206
23228,5206
13319,5206
18321,5206
13409,5206
11901,5206
10606,5206
24760,5206
24689,5206
24161,5206
7524,5206
10553,5206
19524,5206
3897,5206
3455,5219
13759,5219
4699,5219
4265,5219
7200,5219
18715,5219
23206,5219
9870,5221
8427,5221
2649,5221
2625,5221
62,5221
22800,5221
19192,5221
18449,5221
16917,5221
16688,5221
7927,5229
6806,5229
14002,5229
14171,5229
18005,5229
23194,5229
11674,5229
8007,5229
4133,5229
3865,5229
16606,5233
24525,5233
16572,5233
20585,5233
24526,5233
17601,5241
17601,5251
17601,5264
17601,5267
17601,5272
6148,5278
3836,5278
6460,5278
8262,5278
9266,5278
10730,5278
12011,5278
12153,5278
13152,5278
13172,5278
14209,5278
14419,5278
103,5278
684,5278
893,5278
1748,5278
2177,5278
2857,5278
17601,5279
12183,5280
4260,5280
12552,5280
4898,5280
6402,5280
16599,5280
4545,5280
682,5280
1059,5280
1471,5280
22148,5280
19259,5280
11220,5280
11076,5280
4014,5280
14537,5280
17601,5281
525,5284
16985,5284
23302,5284
23806,5284
925,5284
24196,5284
19727,5284
9323,5284
1505,5284
21840,5284
21325,5284
24005,5284
6374,5293
24077,5293
3079,5293
5613,5293
2156,5293
1245,5293
23856,5293
18681,5293
552,5293
17124,5293
10288,5293
17353,5293
13177,5293
18679,5293
7079,5293
7547,5293
22023,5295
2757,5295
20795,5295
14817,5295
14542,5295
14297,5295
11741,5295
11469,5295
2266,5295
21201,5295
20997,5298
23329,5298
18864,5298
15983,5312
17150,5312
19391,5312
19424,5312
5767,5312
19616,5312
22363,5312
21921,5312
4135,5312
3512,5312
22816,5312
22649,5312
11366,5312
8403,5312
11844,5312
6712,5314
20380,5314
11730,5314
10382,5314
10334,5314
20886,5314
23250,5314
4181,5314
2863,5314
21940,5314
10316,5318
16394,5318
10989,5318
22368,5318
22614,5318
19453,5318
21957,5318
1631,5318
4526,5318
18779,5318
24758,5320
15345,5320
22287,5324
12514,5324
7081,5324
16874,5324
17601,5325
7525,5334
5232,5334
5925,5334
7276,5334
21456,5345
13745,5345
11938,5345
13299,5350
18891,5350
16301,5350
17601,5357
1217,5358
17177,5358
3935,5358
15700,5358
12393,5358
22054,5358
3042,5358
22790,5358
20383,5358
5337,5358
4268,5362
15371,5362
20142,5362
22864,5362
15784,5362
22687,5362
13476,5362
10995,5362
4658,5362
17601,5363
18973,5367
9002,5367
19449,5367
14543,5367
21214,5367
22857,5367
16613,5367
4081,5367
7931,5367
2309,5367
17163,5368
4200,5409
12141,5409
10872,5412
11199,5412
13745,5412
16174,5412
12981,5412
17601,5436
11016,5440
10314,5440
7014,5440
10217,5440
22960,5445
20542,5445
5872,5445
6280,5445
17601,5448
1957,5469
8290,5469
3014,5469
470,5469
8284,5469
1893,5469
3018,5469
6349,5469
4839,5469
4711,5469
13333,5469
17868,5469
16037,5469
13419,5469
16598,5469
15130,5469
16015,5469
6048,5469
24690,5473
1954,5473
23158,5473
9082,5473
19367,5473
19787,5473
3533,5473
8403,5473
5765,5473
21504,5473
9121,5477
9605,5477
17283,5477
12481,5477
22228,5477
16395,5477
27,5477
43,5477
22758,5477
23102,5477
387,5477
17601,5490
17601,5493
18613,5495
6581,5495
23423,5495
6402,5495
15731,5496
16736,5496
2616,5498
20737,5498
18368,5500
21772,5500
13831,5500
13337,5500
12761,5500
12090,5500
8711,5500
5585,5500
17810,5500
14406,5500
7068,5500
21806,5500
21936,5500
23941,5500
3638,5500
125,5500
1122,5500
8954,5502
17478,5502
20929,5502
3370,5502
13862,5502
17601,5506
23076,5521
20110,5521
4389,5521
229,5521
11330,5521
5433,5521
22078,5521
20627,5521
17797,5521
20448,5521
10576,5522
15567,5522
24253,5522
24013,5522
21127,5523
20916,5523
17601,5527
21007,5535
7961,5535
3622,5535
11731,5535
8094,5535
23075,5535
12889,5535
16209,5535
23580,5535
1253,5535
20918,5548
13718,5548
4844,5548
7525,5548
9354,5548
3692,5548
20053,5548
5357,5548
20656,5548
441,5548
10161,5551
6024,5551
13974,5551
13966,5551
13673,5551
12997,5551
23113,5551
19796,5551
19413,5551
17078,5551
12522,5554
11388,5554
2593,5554
261,5554
16394,5554
4412,5554
4526,5554
16541,5554
6017,5554
17345,5554
11260,5554
10068,5554
20772,5554
16224,5554
4351,5554
9265,5554
15040,5554
16709,5554
8564,5554
15409,5555
15993,5555
15563,5555
12307,5555
3774,5555
12586,5555
8163,5566
23251,5566
22336,5566
24360,5566
12882,5566
1488,5566
22938,5566
23648,5566
16639,5566
1112,5566
17601,5579
21104,5589
14749,5589
3611,5590
16347,5590
16731,5590
7081,5590
7616,5590
17601,5591
22295,5593
3985,5594
14238,5594
11886,5619
15616,5619
13743,5619
14125,5619
14412,5619
8383,5619
5705,5619
4854,5619
4683,5619
4511,5619
52,5619
18504,5619
17473,5619
17294,5619
16564,5619
15742,5619
11804,5619
11193,5619
11111,5619
70,5622
3021,5622
5740,5622
7624,5622
14130,5622
12400,5622
12242,5622
9058,5622
16991,5622
16845,5622
19023,5622
23812,5622
18891,5622
19610,5622
16721,5622
15480,5622
22611,5622
24097,5622
10911,5624
7607,5624
18505,5624
18143,5624
2668,5624
7302,5624
16789,5624
16331,5624
12357,5624
11899,5624
13921,5624
9450,5624
11266,5624
10695,5625
18210,5625
17890,5625
18606,5625
18230,5625
3535,5625
6622,5625
4298,5625
13148,5625
16207,5625
16417,5625
6906,5625
9065,5625
269,5625
2517,5625
13470,5625
18866,5625
11274,5625
3536,5625
4740,5653
18220,5653
14044,5653
16874,5653
1390,5653
17601,5654
17601,5656
21139,5660
17034,5660
17672,5660
7267,5660
17601,5661
21386,5664
1487,5664
199,5664
13441,5664
22284,5664
17,5669
1992,5669
14795,5669
13613,5669
17601,5671
17138,5677
13053,5677
10161,5677
13730,5677
18519,5677
4527,5677
1747,5677
17601,5678
5647,5680
7198,5680
13589,5680
7267,5680
17157,5680
15458,5680
15171,5680
4691,5699
21565,5699
20318,5699
20914,5699
19466,5699
16755,5699
16827,5699
14874,5699
13593,5699
3073,5699
4226,5699
11199,5699
2821,5699
10108,5699
5854,5699
14935,5699
15418,5725
19297,5725
15790,5725
17819,5725
12658,5725
20663,5725
1365,5725
19187,5725
11453,5725
18579,5725
20739,5735
4651,5735
683,5735
8779,5735
15801,5735
13858,5735
16224,5735
12092,5735
16917,5735
10504,5735
363,5740
9283,5740
6881,5740
4408,5740
9444,5740
11115,5740
20285,5740
11831,5740
12174,5740
6551,5740
21058,5740
20198,5740
17601,5760
2595,5764
24360,5764
20950,5764
14288,5775
19313,5775
16241,5775
17601,5778
17601,5783
18440,5786
11333,5786
13412,5786
11258,5786
19327,5786
15365,5786
24027,5786
10140,5786
24220,5786
4495,5786
20666,5803
24717,5803
19955,5803
20977,5803
21718,5803
21118,5803
11785,5803
19569,5803
16333,5803
14187,5803
14121,5803
4205,5803
229,5803
19596,5803
21494,5803
21570,5803
23215,5803
12728,5803
14147,5819
14259,5819
11390,5819
18997,5819
23607,5819
24191,5819
11211,5819
21458,5819
10479,5819
24857,5819
12866,5819
10260,5819
10487,5819
23310,5821
14236,5821
23060,5821
24510,5821
23662,5821
2289,5821
14724,5821
10220,5821
8349,5821
6164,5821
6402,5821
4956,5821
22634,5833
24466,5833
22775,5833
7722,5833
8461,5833
17582,5833
9376,5833
9028,5833
21927,5833
17320,5833
345,5833
17312,5833
15576,5833
13488,5833
17601,5840
17601,5847
12908,5853
24685,5853
11682,5853
4415,5853
1861,5853
9639,5853
21840,5853
21940,5853
24783,5853
14449,5858
17601,5860
16174,5862
12462,5862
885,5862
23969,5862
23403,5862
20096,5862
21014,5863
19143,5863
15149,5872
7806,5872
7631,5872
4157,5872
4613,5872
2225,5872
5280,5872
3323,5872
9571,5872
8693,5872
10679,5872
11523,5872
11565,5872
8570,5872
1878,5872
1298,5872
15837,5872
5917,5872
9482,5876
6917,5876
4622,5876
9810,5876
12173,5876
15417,5876
21626,5876
16256,5876
10911,5876
10239,5876
19466,5876
9573,5876
3450,5876
2662,5876
16796,5876
3958,5876
5116,5879
4444,5879
2180,5879
6927,5879
12192,5879
13877,5879
14662,5879
14521,5879
21553,5879
19790,5879
17991,5879
10774,5879
10284,5879
7438,5879
7397,5879
22893,5879
15326,5879
17753,5879
16526,5879
23883,5927
11899,5927
7172,5927
12173,5927
10911,5927
2662,5927
5230,5929
2652,5929
11569,5929
11866,5929
46,5930
20737,5930
773,5930
20508,5930
19173,5930
3439,5930
13426,5930
21295,5930
17233,5930
14473,5934
19138,5934
23239,5934
14543,5934
16886,5934
17601,5935
3954,5936
1458,5936
4464,5936
16932,5936
17601,5940
17601,5942
14058,5952
8220,5952
24292,5952
17601,5956
13184,5959
8377,5959
11339,5959
13053,5959
13441,5959
16491,5959
7929,5959
22284,5959
21386,5959
17354,5959
4412,5959
22766,5959
199,5959
1487,5959
5913,5959
18219,5972
16197,5972
16069,5972
14453,5972
22344,5972
10254,5972
16679,5972
23855,5972
5330,5972
23328,5984
14057,5984
24736,5984
6464,5984
20181,5984
15742,5984
11905,5984
16782,5984
10107,5984
8916,5984
9868,5997
7211,5997
20209,5997
18877,5997
16854,5997
15959,5997
3121,5997
9815,5997
15545,5997
17601,6013
22886,6017
15024,6017
19009,6017
2185,6017
17601,6039
17601,6040
11762,6042
12562,6042
2668,6042
6268,6042
3472,6042
21869,6042
1188,6042
20604,6042
12140,6042
17601,6043
14367,6050
13745,6050
12983,6050
4382,6050
16541,6050
20443,6072
17126,6072
8398,6072
17612,6072
912,6079
11668,6079
17354,6079
5647,6079
10936,6079
2232,6079
8073,6079
17998,6079
14126,6079
12984,6079
18435,6099
6696,6099
5999,6099
19122,6099
13053,6099
17601,6106
9804,6108
1873,6108
22904,6108
17707,6108
8106,6108
3275,6108
4472,6108
24196,6108
3938,6108
18290,6122
17601,6125
17851,6132
40,6132
1051,6132
21312,6132
14288,6132
17601,6134
9610,6136
6357,6136
3623,6136
9999,6136
7729,6136
18153,6136
10014,6136
14719,6136
16774,6136
17123,6136
24126,6136
2800,6136
22322,6136
6908,6157
9824,6157
5081,6157
3099,6157
3004,6157
11957,6157
16667,6157
9446,6157
11816,6157
20987,6157
21149,6157
22009,6157
3958,6157
9497,6157
21401,6167
10223,6167
12108,6167
21630,6167
8511,6167
23129,6167
13056,6167
4933,6167
16818,6167
19960,6172
10948,6172
2643,6172
3055,6173
22973,6173
19008,6173
912,6174
10687,6174
17440,6175
21003,6175
16729,6175
17601,6176
20229,6178
5357,6178
23034,6180
6648,6180
8511,6180
13145,6180
358,6180
17601,6194
4174,6198
1685,6198
13053,6198
17942,6198
23938,6198
23577,6198
21728,6198
8018,6198
8418,6198
20945,6198
9970,6201
13316,6201
14405,6201
15076,6201
6710,6201
15259,6201
17601,6213
17601,6220
17707,6224
17601,6229
14412,6232
2211,6232
18490,6232
16784,6232
1333,6232
2806,6232
2807,6232
5968,6232
301,6232
5752,6232
23556,6232
7480,6232
12721,6232
945,6232
10666,6232
11015,6232
22891,6232
17441,6242
3548,6242
17411,6242
16630,6242
1773,6242
10453,6242
6844,6242
11899,6242
11911,6242
14537,6242
13476,6242
14697,6250
21295,6250
8353,6250
18278,6259
112,6259
9088,6259
17472,6259
17601,6276
17601,6280
4370,6281
856,6281
17601,6287
6103,6289
11762,6289
13744,6292
17945,6292
17601,6293
10515,6302
12460,6302
11023,6302
11465,6302
17601,6314
11547,6316
429,6316
11865,6316
12760,6316
13677,6316
8079,6316
12759,6316
11476,6316
10876,6316
9397,6316
11799,6316
5864,6316
8067,6316
4461,6316
16413,6316
2771,6316
2824,6316
5698,6316
924,6338
229,6338
21818,6338
9510,6338
6267,6338
14357,6338
3211,6338
19184,6338
10399,6338
10693,6338
1801,6350
64,6350
4897,6350
10909,6350
17601,6351
14295,6361
19516,6361
1270,6361
22793,6361
19692,6361
6700,6361
8205,6361
14736,6361
17601,6365
17601,6367
17601,6371
17601,6377
8808,6383
18830,6390
5443,6390
13129,6401
15267,6401
12318,6401
17640,6401
10544,6401
12125,6401
4170,6401
2713,6401
5352,6401
6199,6401
9814,6401
714,6401
11499,6401
1457,6401
8722,6401
8291,6401
1910,6418
19690,6418
372,6418
9446,6418
2980,6418
13814,6418
24776,6418
229,6418
13801,6418
24738,6418
6304,6422
10667,6422
8623,6422
10753,6422
6669,6422
2349,6422
22433,6422
13177,6422
24534,6422
11329,6422
14844,6422
12182,6433
15971,6433
21046,6433
11120,6433
9810,6433
22108,6433
14056,6433
14443,6433
15857,6433
1801,6433
2522,6453
19911,6453
21433,6454
17539,6454
7761,6454
6871,6454
2662,6454
18387,6454
23177,6454
668,6476
5781,6476
22321,6476
23404,6476
5944,6476
10068,6476
43,6476
16327,6476
16981,6476
18994,6476
16252,6477
15299,6477
8848,6477
17601,6482
8030,6483
15346,6490
524,6490
10566,6490
18123,6491
560,6491
561,6491
14701,6491
20391,6491
7834,6491
6895,6491
1850,6491
20770,6491
22887,6491
9779,6491
558,6491
24595,6491
11042,6495
4151,6495
24685,6495
22268,6495
11498,6495
13336,6495
21940,6495
3321,6495
5636,6495
7607,6495
10879,6495
2776,6505
2653,6505
66,6505
4626,6505
14571,6505
4806,6505
9131,6505
13355,6505
16517,6505
15400,6505
14750,6505
16798,6505
19829,6505
19922,6505
19941,6505
20511,6505
9485,6522
9093,6522
23552,6522
19619,6522
19424,6522
10310,6522
755,6522
5525,6522
11851,6522
12614,6522
17601,6532
19378,6535
12839,6535
22609,6535
2753,6535
23301,6537
4204,6537
17601,6538
669,6543
24216,6543
24658,6543
11899,6543
24196,6543
875,6543
7205,6543
21685,6543
12036,6543
18755,6546
6947,6546
13216,6546
13369,6546
13031,6546
17601,6549
14823,6558
5674,6558
3251,6558
6789,6558
866,6558
1379,6558
18591,6558
19446,6558
11501,6558
6828,6558
17601,6565
2857,6568
14444,6568
15317,6568
10879,6568
15940,6580
13204,6580
16642,6580
8586,6580
10859,6580
19676,6580
18828,6580
14847,6580
309,6580
11775,6580
17601,6586
6694,6613
7996,6613
22104,6613
23885,6613
20393,6613
4031,6613
15909,6613
17039,6613
19799,6613
15633,6618
14500,6618
18701,6618
17045,6618
6889,6618
7554,6618
14052,6618
12106,6618
18980,6618
22733,6618
17601,6622
17601,6630
17601,6631
17672,6633
15495,6633
7009,6633
12400,6633
14163,6633
14546,6633
12436,6633
17601,6634
18535,6635
20533,6635
10232,6635
3354,6635
17601,6639
17601,6641
10768,6647
17601,6650
17601,6669
19684,6677
5095,6677
18588,6677
17775,6677
14004,6677
14196,6677
3063,6677
23465,6677
4359,6677
2027,6677
10130,6678
10181,6678
17649,6678
21139,6678
23475,6678
15206,6678
3031,6678
5992,6678
8470,6678
14238,6678
6091,6687
11320,6687
20693,6687
21235,6687
9662,6687
24809,6687
23645,6687
12983,6687
18908,6687
7319,6687
11042,6690
12518,6690
17217,6690
17888,6690
5340,6690
22287,6690
22288,6690
23570,6690
19269,6690
13745,6690
17601,6697
14560,6702
23135,6702
1346,6702
23050,6702
9089,6702
1756,6702
5206,6702
14653,6702
6513,6702
304,6702
17601,6704
12977,6706
3678,6706
1701,6706
20626,6714
21545,6716
14195,6716
11648,6716
10407,6716
10171,6716
20179,6716
5619,6716
14928,6716
22789,6716
4954,6721
11160,6721
13744,6721
11762,6721
21487,6757
10922,6757
12739,6757
21752,6757
22712,6757
6993,6757
17836,6757
14257,6757
20873,6757
8726,6757
24657,6757
15084,6757
3657,6760
16215,6760
6882,6760
4953,6760
16735,6760
11871,6760
11562,6760
7377,6760
21879,6760
365,6760
3358,6760
11878,6760
4416,6760
5349,6760
5294,6760
14316,6760
12237,6760
9278,6772
24685,6772
18343,6772
4662,6772
6667,6772
7267,6772
3651,6772
13021,6772
17526,6772
14202,6772
13087,6772
19673,6772
10628,6772
12515,6772
11152,6772
11391,6772
3788,6772
17601,6781
8776,6785
21741,6785
16539,6785
19346,6789
9568,6789
13030,6789
19263,6789
1394,6789
23140,6789
23596,6789
23873,6789
20873,6789
19499,6789
9440,6789
21843,6789
3034,6789
1401,6789
691,6789
6742,6792
11991,6792
17047,6792
19598,6792
23310,6792
24248,6792
3129,6792
8471,6792
12981,6792
4942,6792
5291,6792
17601,6795
7140,6799
8954,6799
2099,6799
7200,6799
7525,6799
4999,6804
17839,6804
18330,6804
10666,6804
520,6804
17601,6805
22159,6811
19796,6811
11257,6811
10935,6811
17601,6814
14766,6816
8808,6816
3747,6821
20266,6821
18093,6821
1188,6822
5502,6822
13436,6822
6622,6822
503,6824
7053,6824
14102,6828
13219,6828
5355,6828
6089,6828
6407,6828
9393,6828
10280,6828
13007,6828
1742,6828
5028,6828
17601,6836
17601,6842
3689,6858
13279,6858
24044,6858
14555,6858
13647,6858
22518,6858
23880,6858
23126,6858
18447,6858
8819,6858
4219,6868
11569,6868
20061,6868
17120,6868
17022,6868
3796,6868
13274,6868
8831,6868
4585,6868
5877,6868
20898,6885
2845,6885
4334,6885
2851,6885
16749,6885
13069,6885
17574,6887
18228,6887
4608,6887
1426,6887
11078,6887
5359,6887
5814,6887
8817,6887
3950,6887
4224,6887
1005,6891
4753,6891
19791,6891
3343,6891
17840,6891
17601,6895
17601,6897
17601,6900
17997,6906
17998,6906
20235,6906
7273,6906
13742,6906
16055,6906
17601,6910
17601,6916
17601,6918
12374,6925
18083,6925
6418,6925
4898,6925
14062,6925
8905,6925
17601,6931
2710,6933
7205,6933
10475,6933
17692,6933
11598,6933
13545,6933
10317,6933
14416,6933
18380,6933
17849,6933
5396,6933
6700,6933
1075,6933
17601,6934
1672,6937
21308,6937
19777,6937
17640,6937
15457,6937
15406,6937
7932,6937
6357,6937
12904,6937
6263,6937
24633,6937
24240,6937
1457,6937
24211,6937
6256,6937
4703,6937
23312,6937
2774,6937
10723,6953
11767,6953
4328,6953
11707,6953
20859,6953
21338,6953
21962,6953
1175,6953
7316,6953
5943,6953
4954,6953
17440,6975
21661,6975
10020,6979
9993,6979
9192,6979
9538,6979
6710,6984
21041,6984
21840,6984
16441,6984
15648,6984
12955,6984
7265,6984
11465,6984
20161,6984
20134,6984
13448,6989
16599,6989
21366,6989
15382,6989
20032,6989
17601,6990
4532,6999
13177,6999
7044,6999
24288,7008
1487,7018
4923,7019
20135,7019
20755,7027
7449,7031
11905,7031
19240,7031
6464,7031
7143,7031
519,7031
4831,7031
18812,7031
16784,7031
24152,7031
24360,7031
22972,7031
12040,7031
19950,7031
14580,7031
1685,7041
16858,7041
22831,7041
11195,7041
13413,7041
620,7041
1516,7041
18563,7041
10706,7041
10770,7041
13152,7041
11608,7041
12438,7041
12792,7041
14240,7042
6747,7042
1492,7042
18873,7042
6748,7042
24312,7042
19053,7042
19532,7054
12314,7054
11047,7054
23278,7054
18542,7054
6519,7054
8546,7054
17858,7054
12948,7054
17476,7054
21940,7064
23302,7064
1680,7064
5045,7064
10232,7064
10291,7064
21812,7064
16016,7064
20643,7064
22256,7064
2487,7067
3542,7067
23655,7067
17110,7067
8541,7067
4081,7067
6437,7067
5327,7067
17098,7067
12932,7067
20859,7071
14449,7071
19435,7071
2552,7078
13745,7078
4638,7078
15555,7078
723,7078
15222,7078
9233,7079
10342,7079
21626,7079
3671,7079
13404,7079
4963,7080
20959,7080
17601,7081
17601,7104
6474,7111
5483,7111
3746,7111
21687,7111
19342,7111
18893,7111
19764,7111
24332,7111
9645,7111
11511,7111
11756,7111
16498,7111
7653,7111
24076,7111
22225,7111
1521,7111
2419,7111
17601,7120
5472,7133
4609,7133
1178,7133
6468,7133
13434,7133
19448,7133
24186,7133
23481,7133
21637,7133
18819,7133
10189,7137
14537,7137
10545,7137
12883,7137
14899,7137
1854,7137
2227,7137
2587,7137
22405,7137
4645,7137
5912,7145
13436,7145
13742,7145
16497,7145
17991,7145
6690,7145
12065,7145
3309,7145
23064,7145
6051,7145
10304,7161
15721,7161
18561,7161
20336,7161
1873,7161
10131,7161
12357,7161
12572,7161
14832,7161
19733,7162
11569,7162
10622,7162
12981,7164
16651,7164
10443,7164
17161,7164
23251,7164
17601,7182
17601,7183
20580,7185
17601,7190
12208,7193
856,7193
3285,7193
17601,7194
6474,7208
6693,7208
9678,7208
15863,7208
21147,7208
5823,7208
1880,7208
13491,7208
86,7208
17303,7208
18092,7208
18316,7220
15485,7220
14070,7220
8517,7220
6759,7220
8513,7220
890,7220
217,7220
1562,7220
7958,7220
20098,7244
23478,7244
3107,7244
7302,7244
11777,7244
1798,7244
478,7244
1811,7244
2360,7244
5376,7244
2075,7249
2722,7249
18465,7249
14884,7249
22598,7249
757,7249
23984,7249
1280,7249
14145,7249
9951,7249
15382,7250
17035,7250
11441,7250
11160,7250
10684,7250
1625,7250
20429,7250
17601,7257
17601,7270
15889,7273
23302,7274
24005,7274
11091,7274
21840,7274
19727,7274
525,7274
3207,7277
7143,7277
10545,7277
20873,7277
4106,7277
17601,7288
15119,7315
9688,7315
13172,7315
10297,7315
15702,7315
16412,7315
1009,7315
2154,7315
3356,7315
24153,7315
24730,7315
23321,7315
7641,7315
6614,7334
20408,7334
330,7334
12592,7334
18608,7334
16148,7334
13216,7334
8195,7334
16090,7334
14069,7334
4868,7344
8231,7344
1282,7344
7003,7344
17601,7345
17601,7346
17601,7352
17601,7356
17601,7362
17601,7363
15841,7368
24360,7368
11160,7368
14726,7368
5647,7368
17415,7368
10719,7368
16683,7368
5443,7368
1698,7384
4098,7384
9835,7384
14141,7384
23295,7385
3349,7385
9248,7385
8844,7409
15413,7409
9622,7409
18503,7409
10119,7414
11903,7414
9604,7414
240,7414
8081,7414
16756,7414
4299,7414
23054,7414
17024,7414
5149,7414
14310,7415
20972,7415
17691,7415
15478,7415
2599,7415
16230,7415
21112,7415
14576,7415
8930,7415
2709,7415
1400,7415
2330,7418
24445,7418
15394,7418
21050,7418
4726,7418
4384,7418
16402,7418
16256,7418
17601,7428
8700,7430
6283,7430
18232,7430
24281,7430
19051,7438
6566,7438
16845,7438
18436,7438
6368,7438
17601,7446
19488,7447
1,7447
18519,7447
10223,7447
7917,7447
6495,7449
15274,7449
11272,7449
24769,7449
23456,7449
5560,7449
2834,7450
4913,7450
1189,7450
3354,7450
1801,7454
17601,7460
5466,7467
23531,7467
2595,7467
6402,7467
4740,7467
18935,7467
20213,7467
2629,7467
23251,7467
7044,7476
7102,7476
11469,7476
20673,7476
22206,7476
871,7476
670,7476
23290,7476
6866,7476
14986,7476
16196,7476
18083,7476
11601,7476
17601,7481
5536,7482
3269,7482
20729,7482
16256,7482
19438,7482
23148,7482
12499,7482
14324,7482
15669,7482
22148,7482
3337,7485
24729,7485
10034,7485
9228,7485
12173,7485
12476,7485
12834,7485
14376,7485
22929,7485
20114,7485
2863,7485
3107,7485
20737,7485
22614,7485
21698,7485
6712,7485
17407,7485
22117,7485
16174,7485
14410,7485
24189,7494
6622,7495
20120,7495
19383,7495
24658,7495
729,7495
13262,7495
9082,7495
11898,7495
24428,7495
9668,7495
11866,7498
22222,7498
8390,7498
18535,7498
10704,7498
8690,7498
13145,7498
13456,7498
3236,7498
5944,7498
17595,7501
9004,7501
17308,7501
9537,7501
111,7501
9189,7501
10670,7504
2788,7504
23912,7504
9795,7504
9570,7504
10995,7504
7062,7504
17381,7504
3472,7504
19314,7504
777,7510
18717,7510
11345,7510
16063,7510
7672,7510
11003,7510
4888,7510
10396,7510
3750,7510
16763,7510
5013,7513
7836,7513
12442,7513
14798,7513
20784,7513
1322,7513
24000,7513
8224,7513
2410,7513
7758,7513
18455,7515
16644,7515
2885,7515
7668,7515
23654,7515
17601,7518
17601,7523
1923,7524
12361,7524
8307,7524
12899,7524
13656,7524
23986,7524
18664,7526
7269,7526
11479,7526
17601,7552
8404,7561
461,7561
17353,7561
24356,7561
11911,7561
23403,7561
24195,7561
18167,7561
1784,7561
10879,7561
8763,7561
1584,7561
17640,7561
21943,7561
20107,7561
20089,7561
17601,7570
17601,7599
17601,7607
3272,7610
19080,7610
16985,7610
199,7610
13441,7610
12187,7610
9220,7618
18891,7618
16721,7618
5002,7618
7624,7618
16845,7618
17601,7620
15030,7624
17499,7624
10407,7624
9581,7624
2046,7624
12925,7624
16640,7624
13536,7624
932,7624
9289,7644
1701,7644
11866,7644
16624,7644
2111,7655
4925,7655
15789,7655
4181,7655
3682,7655
6861,7655
19436,7655
8247,7655
7187,7655
13093,7655
5117,7655
15478,7655
6906,7655
16841,7655
14432,7655
15202,7655
15184,7655
18544,7661
22985,7661
15949,7661
20634,7661
18176,7661
20657,7661
1870,7661
21579,7661
14517,7661
8675,7661
2824,7661
10508,7661
6396,7671
14721,7671
1243,7671
6354,7671
7839,7671
15581,7671
2083,7671
8864,7671
22826,7671
15090,7671
23695,7682
18051,7682
8619,7684
15002,7684
590,7684
1222,7686
20217,7686
1063,7686
5322,7686
1564,7686
5555,7686
7861,7686
20816,7686
22818,7686
18004,7686
23309,7688
6655,7688
4360,7688
4179,7688
883,7688
17213,7688
12237,7688
18581,7688
24371,7688
10653,7688
5926,7707
15538,7707
23157,7707
5325,7707
5899,7707
8432,7707
20643,7708
20703,7708
16166,7708
1546,7708
3004,7710
20296,7710
20264,7710
13063,7710
17601,7717
17707,7722
17601,7725
3400,7754
19444,7754
2636,7754
21813,7754
19997,7754
20974,7754
9988,7754
17218,7754
16465,7754
6988,7754
6448,7755
5840,7755
23095,7755
20394,7755
15540,7755
14578,7755
12640,7755
11296,7755
19334,7755
17838,7755
4711,7760
3018,7760
3014,7760
5885,7760
11823,7760
24209,7760
20301,7760
11864,7760
17114,7760
21420,7760
11676,7768
13919,7768
50,7768
19468,7770
4221,7770
13767,7770
19730,7770
19820,7770
21196,7770
18010,7770
1468,7770
769,7770
4342,7770
12256,7778
3691,7778
8996,7778
2271,7778
17672,7778
3692,7778
9040,7778
12625,7778
10770,7778
17601,7779
20738,7780
19781,7780
5793,7780
23530,7780
3921,7780
19370,7780
19177,7780
16530,7780
22996,7780
17601,7781
17601,7790
17601,7792
8720,7799
20934,7799
18715,7799
2605,7799
17601,7802
7253,7804
12955,7804
4328,7804
24390,7804
2350,7807
4691,7807
7656,7807
23654,7807
10409,7830
22843,7830
20064,7830
15220,7830
1242,7830
4877,7830
3714,7830
4016,7830
10084,7830
3254,7830
24839,7849
6961,7849
14577,7849
525,7849
5167,7849
2033,7849
6270,7849
10343,7858
17601,7871
1203,7881
19043,7881
17446,7881
15839,7881
17272,7881
4073,7882
16166,7882
11544,7882
13460,7882
198,7882
22051,7884
9921,7884
6109,7884
20939,7884
19412,7884
22024,7884
501,7884
10633,7884
18970,7884
16394,7897
12187,7897
5540,7897
10687,7897
6418,7900
8404,7900
12457,7900
10049,7900
13436,7903
13921,7903
7390,7903
7069,7903
14848,7903
17601,7904
7508,7923
9944,7923
19467,7923
22213,7929
22328,7929
9131,7929
7238,7929
7880,7929
16823,7929
9447,7929
2120,7929
5257,7929
22525,7929
16589,7946
9069,7946
21085,7946
3628,7946
5735,7946
24370,7946
16767,7946
16511,7946
9258,7946
638,7946
585,7949
4585,7949
19097,7949
11199,7949
18559,7949
5872,7949
3937,7949
503,7949
7120,7949
9804,7952
20643,7952
18387,7952
10189,7952
1721,7955
3703,7955
9289,7955
2645,7955
10049,7962
6395,7962
8263,7962
17286,7962
15073,7962
10189,7962
7851,7962
14992,7968
16599,7968
11866,7968
7172,7968
4415,7968
1644,7968
14506,7968
7938,7968
10316,7968
17601,7970
17601,7974
17601,7979
17601,7987
17601,7994
17601,8000
10723,8011
9453,8011
842,8011
11038,8011
6022,8011
13911,8011
12956,8011
13801,8011
3910,8011
15789,8011
13901,8011
15259,8011
14600,8011
15461,8011
6402,8013
7935,8013
10267,8013
8347,8013
17400,8013
14047,8013
15936,8013
17601,8032
7425,8036
20592,8036
19564,8036
15711,8036
9080,8036
15657,8036
18575,8036
6670,8036
3938,8036
3719,8036
23516,8038
17093,8038
17614,8038
10699,8038
20174,8038
2309,8038
13562,8038
14308,8038
12178,8038
12462,8038
17601,8055
4577,8057
1155,8057
17601,8058
21775,8060
3119,8060
17601,8061
10867,8066
12514,8066
2571,8066
885,8066
5327,8072
20296,8072
2638,8072
18588,8072
20040,8072
6288,8072
10453,8073
3637,8073
19435,8073
1621,8074
9248,8074
16511,8074
18896,8074
1190,8074
4327,8075
13744,8075
12572,8075
13369,8086
1169,8086
17601,8087
17601,8090
15857,8096
1059,8096
11191,8096
21454,8096
23052,8098
20142,8098
12218,8098
14107,8098
15060,8098
5045,8103
9970,8103
5977,8103
7143,8103
16218,8103
2040,8103
10635,8103
10189,8103
3537,8103
18537,8108
5750,8108
12514,8108
17601,8109
6214,8116
17423,8116
18004,8116
4942,8116
3893,8116
17601,8119
3119,8131
2652,8131
4370,8131
4382,8131
5355,8131
2662,8131
4417,8131
6441,8131
3867,8131
4045,8131
12849,8131
8916,8131
5636,8131
7006,8131
12173,8131
4868,8131
14383,8131
1505,8131
20532,8138
17263,8138
21407,8138
21246,8138
18935,8138
15052,8138
5966,8138
14188,8138
14657,8138
4770,8138
24313,8138
22087,8138
24282,8138
14816,8138
18491,8138
11339,8141
3272,8141
20124,8141
15273,8141
4829,8141
21353,8141
18911,8141
7288,8141
5290,8141
15738,8141
18899,8141
8080,8141
13438,8141
15111,8141
10718,8141
9218,8141
7422,8141
21818,8155
17939,8155
11189,8155
22288,8155
5895,8155
7490,8155
1338,8155
9126,8155
20650,8155
12473,8155
23521,8156
16565,8156
11250,8156
358,8156
6044,8156
23675,8156
13436,8172
20508,8172
8213,8172
4420,8172
17601,8177
17601,8180
17601,8181
17601,8184
16286,8185
10378,8185
9804,8185
24190,8185
12908,8185
7390,8185
15987,8187
13031,8187
2662,8187
10948,8187
11479,8187
16394,8187
19782,8187
18588,8187
12173,8187
17389,8189
14766,8189
14557,8189
24667,8189
17601,8190
24662,8192
11199,8192
3432,8192
17138,8192
10340,8192
9335,8192
16479,8193
92,8193
9620,8193
14183,8193
23501,8193
17601,8194
17601,8203
17601,8206
23601,8210
9602,8213
9424,8213
9203,8213
14062,8213
4934,8220
23971,8220
21457,8220
20336,8220
6296,8220
14870,8221
21456,8222
4327,8222
24658,8222
20518,8222
17601,8238
13675,8240
18303,8240
17455,8240
17184,8240
17635,8240
21698,8240
13607,8240
24610,8240
16095,8240
7140,8240
10576,8240
22624,8240
20474,8240
22603,8240
19686,8240
10568,8242
9513,8242
7371,8242
4296,8242
14820,8242
2785,8242
23092,8242
17932,8242
16029,8242
21708,8242
9695,8245
21506,8245
13205,8245
20347,8245
3613,8245
10303,8245
3611,8245
6156,8245
5141,8245
1467,8245
1932,8248
3958,8248
10850,8248
3611,8248
23,8248
8506,8248
21595,8248
20617,8248
20123,8248
17219,8248
8285,8248
4894,8248
17601,8260
5540,8266
1191,8266
2885,8266
3606,8266
3796,8266
16736,8266
13031,8266
12624,8266
6094,8266
17796,8266
17601,8268
16251,8272
14236,8272
15339,8272
18535,8272
11778,8272
3270,8272
19196,8272
23423,8272
18259,8272
16721,8272
426,8272
23499,8272
233,8272
2360,8272
17601,8274
17601,8282
19923,8283
2652,8283
18535,8283
19923,8283
9602,8283
7624,8283
15955,8283
9518,8283
4631,8283
3938,8283
17601,8284
6106,8285
1124,8285
4463,8285
10306,8285
2141,8285
17601,8286
17601,8291
139,8292
8564,8292
8155,8292
14262,8292
17601,8299
11569,8300
21781,8300
2605,8300
2616,8300
4472,8300
1820,8309
13573,8309
13530,8309
21495,8309
22287,8322
19269,8322
21010,8322
961,8322
4419,8322
8390,8322
16782,8322
11911,8322
17601,8325
17601,8328
17649,8333
13309,8333
16252,8333
2834,8343
7525,8343
16394,8343
8808,8343
12514,8343
23531,8343
12065,8344
13184,8344
17601,8348
8196,8357
24287,8357
20160,8357
3851,8360
3530,8360
1189,8360
275,8360
3836,8360
372,8360
893,8360
17000,8360
10142,8360
13152,8360
14209,8360
2706,8360
2069,8360
1265,8360
13445,8360
14112,8360
4317,8360
7205,8360
17601,8370
17601,8386
17601,8387
17601,8388
12656,8389
7299,8389
16864,8390
19337,8390
5636,8390
12849,8390
3119,8390
24783,8390
22580,8390
23961,8390
4417,8390
22700,8399
5342,8399
9300,8399
24540,8399
16607,8399
17858,8399
21523,8399
17601,8409
9501,8410
12552,8410
20854,8410
18083,8410
11328,8410
17601,8411
17601,8412
3119,8416
11010,8416
15284,8417
16745,8417
23301,8417
2884,8417
12248,8420
13849,8420
15742,8420
2886,8420
23309,8420
2769,8420
2398,8420
13392,8423
10453,8423
20987,8423
14332,8423
6446,8423
4577,8423
10030,8425
2558,8425
3102,8425
11777,8425
10345,8425
3139,8425
4637,8425
24229,8425
14661,8425
21708,8436
4024,8436
22349,8436
6932,8436
13260,8436
17601,8438
18430,8439
23063,8439
20098,8439
17601,8440
17193,8442
14405,8442
1182,8442
2834,8442
19248,8442
17601,8456
18083,8457
10622,8457
4658,8457
13053,8457
16070,8457
17601,8471
14595,8476
7428,8476
19849,8476
19824,8476
14493,8476
7572,8476
8176,8502
5160,8502
24383,8502
18770,8502
11875,8502
23974,8502
2906,8502
2507,8502
19631,8502
19767,8502
17601,8507
16399,8511
7430,8511
1342,8511
17700,8511
16509,8511
5470,8511
6955,8511
23388,8511
21363,8511
1819,8527
7299,8531
7738,8531
20433,8531
21603,8531
20001,8531
18914,8531
10977,8534
13476,8534
10453,8534
10622,8534
4415,8534
4577,8534
4151,8534
10687,8534
4400,8536
23341,8536
4627,8536
2652,8536
4980,8536
17601,8542
22169,8543
4585,8543
3130,8543
8633,8543
10684,8546
9780,8546
11767,8546
16457,8546
503,8546
18891,8546
16541,8546
14371,8546
16299,8546
11569,8549
11199,8549
15853,8549
10993,8549
4417,8549
10635,8549
24838,8549
20235,8550
22497,8550
17997,8550
12523,8550
10074,8550
4359,8550
3370,8550
22915,8550
3211,8550
21681,8550
19970,8550
20882,8550
1644,8550
22108,8550
17601,8551
200,8553
21456,8553
13070,8553
2456,8553
17601,8555
23302,8556
19970,8556
24193,8556
20502,8556
15859,8557
912,8557
8385,8557
15990,8557
14726,8557
17601,8560
4667,8562
21665,8562
2261,8566
2969,8566
24519,8566
13805,8566
17334,8566
24394,8566
15342,8566
12824,8566
5128,8566
289,8566
17601,8567
461,8568
8261,8568
7940,8568
9795,8568
14332,8570
17601,8574
9788,8583
18501,8583
23652,8583
23971,8583
12400,8583
2379,8583
3492,8583
2506,8583
4417,8583
17601,8584
15835,8585
21546,8585
15853,8585
8890,8585
9078,8585
9599,8585
7525,8585
11813,8585
2508,8585
4622,8585
4657,8585
18259,8585
23084,8585
17601,8588
17601,8596
17601,8600
3271,8620
19287,8620
2241,8620
14749,8620
8861,8620
5699,8620
10644,8620
11353,8620
12042,8620
4581,8620
17951,8620
9289,8620
4918,8620
8926,8620
19348,8621
22469,8621
21972,8621
24040,8621
4052,8621
2899,8621
13684,8621
20829,8621
11520,8621
18061,8621
18645,8621
15913,8633
9211,8633
5982,8633
6822,8633
24527,8633
10119,8639
22611,8639
20018,8639
13064,8639
8756,8639
24282,8639
24289,8639
20508,8639
18004,8639
7769,8639
17601,8660
17601,8666
17601,8667
17601,8671
14444,8673
12514,8673
24360,8673
12195,8673
11010,8673
6473,8673
6978,8673
19208,8673
13548,8676
6327,8676
8998,8676
8220,8676
21720,8676
12694,8677
15146,8677
14851,8677
2359,8677
1132,8677
8311,8677
17601,8682
13198,8684
16241,8684
2652,8684
944,8684
21775,8686
4073,8686
1811,8686
22287,8686
15841,8686
23811,8686
17601,8688
17601,8690
15955,8691
19923,8691
9602,8691
13306,8691
8746,8691
1488,8691
17601,8692
17601,8693
8213,8700
11834,8700
10948,8700
24666,8700
14062,8702
18429,8702
18460,8702
2847,8702
20997,8702
17601,8703
7003,8706
10399,8706
15073,8706
7770,8706
24102,8710
17601,8716
434,8718
9114,8718
9446,8718
4399,8718
11692,8720
18842,8720
6978,8720
18830,8720
17601,8723
1438,8726
569,8726
24494,8726
17554,8726
17601,8729
17601,8737
10977,8744
12457,8744
10687,8744
12977,8744
10678,8747
11120,8747
14992,8747
9970,8747
4004,8747
20518,8747
16811,8747
22497,8747
21173,8759
696,8759
2645,8759
23322,8759
4842,8762
3405,8762
8651,8762
14537,8762
11196,8762
16241,8762
17009,8762
19003,8762
13029,8762
10046,8762
2732,8762
13641,8762
19316,8762
22183,8762
23301,8762
15533,8762
23971,8766
20183,8766
23842,8766
14262,8766
2880,8766
2411,8766
20181,8766
21821,8792
127,8792
16760,8792
1140,8792
1394,8792
1097,8792
1791,8792
23296,8792
16966,8792
11460,8792
17601,8794
17601,8798
15171,8814
8848,8814
17202,8814
5529,8814
17751,8814
14746,8818
11910,8818
11064,8818
24277,8818
15830,8818
15184,8818
1848,8819
1700,8819
22535,8819
18760,8819
756,8819
17601,8820
10872,8823
11329,8823
19489,8823
14151,8823
20134,8823
17601,8827
17601,8829
17601,8831
17601,8838
712,8841
839,8841
12171,8841
22822,8841
24567,8841
2595,8841
7140,8841
15857,8841
7338,8841
13844,8842
11899,8842
22075,8842
20133,8842
15567,8842
11938,8842
11905,8842
16252,8842
14332,8842
10783,8842
5099,8842
7529,8842
19568,8843
7770,8843
23329,8843
13759,8843
12629,8844
20701,8844
23729,8844
21240,8844
12457,8846
16599,8846
12577,8846
7656,8846
2652,8846
12515,8846
4359,8846
6180,8846
20916,8846
98,8846
17601,8847
17601,8849
13547,8850
20180,8850
13436,8850
11899,8850
455,8850
22580,8850
17601,8852
23472,8859
6828,8859
22317,8859
17377,8859
19982,8859
866,8859
13342,8859
11955,8859
10802,8860
6388,8860
21242,8860
17601,8861
22377,8865
8586,8865
7350,8865
3,8867
776,8867
20170,8867
13045,8867
5538,8867
1495,8869
13750,8869
5491,8869
5608,8869
8418,8869
13159,8869
13570,8869
533,8869
146,8869
11497,8869
23352,8869
17202,8869
17535,8870
8124,8870
6660,8870
17206,8870
21584,8870
20387,8870
3541,8870
8141,8870
18046,8870
6728,8870
17601,8871
19607,8873
7249,8873
4637,8873
12216,8873
17601,8875
22124,8877
14553,8877
14261,8877
6180,8877
22787,8877
1551,8877
17601,8878
13417,8879
11086,8879
11125,8879
13422,8879
268,8879
17601,8886
17601,8889
17601,8890
17601,8891
3423,8896
4868,8896
1811,8896
8623,8896
8905,8896
13418,8896
17601,8901
17601,8907
18812,8912
4370,8912
20181,8912
6441,8912
11091,8912
4045,8912
1810,8912
21366,8912
21235,8912
13476,8919
16874,8919
13644,8927
12501,8927
1623,8927
12241,8927
10098,8927
23368,8927
4898,8927
23016,8927
20625,8927
7934,8927
7222,8927
1898,8927
6808,8927
3540,8927
4908,8927
20912,8931
16991,8931
4013,8931
22541,8931
8147,8931
3128,8931
12089,8931
13520,8931
15158,8931
6990,8931
9275,8933
8889,8933
259,8933
9683,8933
14294,8933
12117,8933
23702,8933
24723,8933
9358,8933
9084,8933
15645,8933
7222,8944
4596,8944
12029,8944
1721,8944
21838,8944
19651,8944
19204,8944
21058,8944
20997,8944
281,8944
3409,8944
2728,8944
5869,8944
1854,8944
2534,8944
2891,8944
3938,8946
7616,8946
23403,8946
17601,8954
7095,8963
7231,8963
4575,8963
23090,8963
16282,8963
14954,8963
15369,8963
16352,8963
17666,8963
22904,8963
15859,8972
4369,8972
13975,8972
11595,8972
21141,8972
1090,8972
1222,8972
5675,8972
17601,8977
3370,8981
3186,8981
24196,8981
6268,8981
10635,8981
17601,8982
17601,8983
17601,8986
2838,8989
7052,8989
1701,8989
16683,8989
16252,8989
11199,8989
15185,8989
17601,8992
17601,8993
2855,8995
10223,8995
19845,8995
17601,8996
23206,8997
21029,8997
20671,8997
18855,8997
14357,8997
6521,8997
12903,8997
15729,8997
1164,8997
17601,8999
17601,9003
14004,9008
23125,9008
13070,9008
4042,9008
23670,9008
17601,9009
21594,9012
13465,9012
17601,9014
17601,9015
16624,9020
10928,9020
23326,9020
23129,9020
11746,9020
1861,9020
17601,9021
23423,9022
9284,9022
21235,9022
1801,9022
5531,9022
5993,9024
8746,9024
10398,9024
6932,9024
9602,9024
22228,9024
19923,9024
15955,9024
13306,9024
24295,9024
10621,9027
19702,9028
24613,9028
1903,9028
13471,9028
17601,9030
22621,9032
9788,9032
22470,9032
23239,9032
8926,9032
246,9032
2366,9032
4415,9033
12374,9033
9505,9033
5228,9033
9874,9033
525,9033
20180,9037
10068,9037
12462,9037
4436,9037
3119,9037
11010,9037
17601,9039
17601,9040
17601,9042
17601,9046
17601,9048
17601,9051
3593,9058
1994,9058
17601,9060
18842,9070
4939,9070
13871,9070
9757,9070
3734,9070
6622,9070
729,9070
525,9071
19488,9071
7269,9071
2847,9071
11757,9071
3119,9071
6710,9076
10297,9076
13520,9076
11730,9089
22580,9089
10292,9089
5823,9089
11364,9089
18019,9099
18423,9099
21618,9099
15780,9099
19904,9099
12113,9099
10856,9099
4803,9099
11924,9099
21045,9099
13094,9116
3436,9116
18455,9116
8566,9116
10635,9116
14420,9116
21103,9116
11339,9116
12981,9116
23059,9116
1440,9116
6690,9116
4740,9116
10669,9116
22484,9116
22828,9116
11719,9116
14876,9117
11309,9117
14354,9117
645,9117
17931,9117
5417,9117
18912,9117
18916,9117
20730,9117
13668,9117
1483,9117
1166,9117
15955,9117
6182,9117
24578,9118
19014,9118
12390,9118
19905,9118
23872,9118
12289,9118
12796,9118
9809,9118
7309,9118
17601,9132
17601,9140
17601,9145
4898,9147
18083,9147
15853,9147
1721,9147
17601,9149
17601,9150
5232,9153
21685,9153
21487,9153
23055,9153
4638,9153
1505,9153
8155,9153
7576,9153
21243,9156
16394,9156
22614,9156
20735,9156
10448,9156
481,9156
10318,9156
8923,9156
5290,9156
17601,9157
21737,9162
19682,9162
14330,9162
9163,9162
13480,9162
12635,9162
11403,9162
3722,9162
7555,9162
17601,9163
13198,9166
4327,9166
15859,9166
20914,9166
358,9167
12953,9167
9604,9169
3349,9169
5996,9169
16828,9169
24262,9169
292,9169
796,9169
13177,9169
11911,9170
5531,9170
9180,9170
5531,9170
20297,9170
13669,9170
17601,9171
17601,9173
5845,9175
20571,9175
23536,9175
23963,9175
10635,9175
7238,9175
3119,9180
1155,9180
11091,9180
20180,9180
14848,9180
4472,9180
11010,9180
585,9180
17601,9183
11870,9184
8692,9184
14473,9184
20410,9184
18460,9184
6919,9184
23303,9184
24614,9184
11401,9189
13883,9189
9424,9189
13177,9189
20070,9189
22624,9189
17601,9190
17601,9195
13744,9200
22823,9200
20229,9200
6580,9203
2746,9203
21229,9208
6866,9208
10337,9208
7695,9208
2038,9208
2360,9208
1831,9208
1133,9208
14385,9208
2158,9208
5390,9209
20752,9210
20066,9210
22625,9210
20134,9211
18797,9211
16301,9211
11871,9211
18706,9211
6479,9213
3998,9213
24769,9213
17601,9214
13714,9215
4157,9215
7338,9215
18459,9215
21890,9215
23158,9217
10392,9217
3715,9225
17601,9258
1781,9262
9628,9262
4006,9262
19796,9262
18020,9262
7626,9262
22284,9275
23531,9275
22336,9275
4957,9275
23063,9275
19452,9275
2344,9275
4328,9275
14409,9275
4166,9275
13816,9275
10624,9275
23273,9275
12663,9275
1191,9275
914,9275
21323,9284
9418,9284
7318,9284
9081,9284
19600,9284
7366,9284
4552,9284
5760,9284
3291,9284
10296,9284
2894,9289
20854,9289
14166,9289
15935,9289
12867,9289
5759,9289
24675,9289
7525,9289
8211,9289
8782,9289
17601,9293
17601,9303
17601,9306
17601,9307
17601,9313
17601,9314
8657,9315
6805,9315
4409,9317
20979,9317
20356,9317
6124,9317
15242,9317
2544,9319
22235,9319
15802,9319
687,9319
3140,9319
23190,9319
16319,9319
13568,9319
6631,9319
17601,9320
17601,9325
17601,9328
10448,9329
2885,9329
7769,9329
21386,9329
1861,9329
12295,9336
13782,9336
6947,9336
10681,9336
12005,9336
24262,9340
24360,9340
20916,9340
7917,9340
4472,9340
24783,9340
3898,9340
17601,9342
13036,9343
13558,9343
3866,9343
11446,9343
12514,9344
18083,9344
16599,9344
7273,9347
23322,9347
15791,9349
8269,9349
17650,9349
20203,9349
22939,9349
9639,9349
8760,9349
22999,9349
12958,9354
10686,9354
10340,9354
8011,9354
4740,9354
19505,9354
24337,9354
10119,9356
1505,9356
16035,9356
7917,9356
24086,9356
11001,9356
17657,9356
20560,9356
17601,9359
17601,9360
13730,9363
12187,9363
9636,9363
10317,9364
1192,9364
1495,9364
24366,9364
10255,9364
18232,9365
16933,9365
17601,9366
883,9369
13782,9369
6578,9371
3088,9371
21924,9371
8615,9371
11464,9371
157,9371
312,9371
213,9371
206,9371
5166,9371
23375,9371
10846,9371
17601,9375
17601,9376
13871,9379
20061,9379
12618,9379
3958,9381
4658,9381
15807,9381
19208,9381
14989,9382
5129,9382
20643,9382
22987,9382
17601,9383
17601,9384
19682,9385
14062,9385
6978,9385
23239,9385
17601,9387
3439,9389
17571,9389
6148,9389
12374,9395
10686,9395
16541,9395
20518,9395
19536,9399
8404,9399
9506,9399
3389,9399
13774,9405
5746,9405
17601,9413
6298,9430
8220,9430
10909,9430
18558,9430
5842,9430
15511,9430
985,9430
18848,9468
17638,9468
8687,9468
19745,9468
4613,9468
4823,9468
5038,9468
7881,9468
1856,9468
7899,9468
17601,9477
17601,9482
17601,9483
23368,9487
10189,9487
11569,9487
19170,9492
13744,9492
11673,9492
13956,9492
22757,9492
24783,9495
4073,9495
6304,9495
16985,9497
10378,9497
17601,9502
16528,9506
17161,9506
18886,9506
9970,9506
17649,9509
2847,9509
16541,9509
10181,9509
10746,9510
17601,9512
17601,9513
17601,9519
14252,9520
128,9520
9939,9520
20962,9520
23967,9522
4868,9522
4417,9522
10055,9522
23307,9523
673,9523
10475,9523
8942,9523
11113,9523
17601,9527
17601,9528
22094,9532
3004,9532
12606,9532
24236,9532
3436,9532
12195,9535
11010,9535
19208,9535
14444,9535
2708,9536
10863,9536
22153,9536
21453,9536
10040,9538
21139,9538
10520,9538
11668,9538
7143,9539
6094,9539
19955,9539
12374,9539
9094,9545
21202,9545
12755,9545
17857,9545
17059,9545
23725,9545
1454,9545
11716,9548
2817,9548
12424,9548
8387,9548
10750,9548
13642,9549
232,9549
3876,9549
21312,9549
19513,9549
8220,9550
2805,9550
9027,9550
19568,9552
9283,9552
5386,9552
17650,9552
10704,9552
12376,9552
23924,9555
1224,9555
4250,9555
11871,9555
17601,9557
8992,9559
9504,9559
9518,9559
23322,9559
17601,9563
17601,9566
19808,9578
15370,9578
12606,9578
20882,9578
2977,9578
19874,9578
16039,9578
15990,9578
17601,9581
9514,9585
7670,9585
23985,9585
18951,9585
17601,9588
5628,9599
7270,9599
5409,9599
22521,9599
9749,9599
16975,9599
290,9599
19291,9599
17761,9599
7128,9603
14750,9603
22721,9603
17009,9603
17264,9614
11187,9614
14486,9614
16488,9614
16276,9625
3878,9625
5302,9625
18692,9625
3389,9636
1644,9636
14992,9636
7769,9636
286,9636
17268,9636
4399,9636
10977,9636
20929,9636
24289,9636
15382,9636
17601,9639
17601,9642
17601,9659
17601,9660
17474,9661
17601,9663
5888,9670
1483,9670
16503,9670
1873,9670
2914,9670
20191,9670
23171,9670
6643,9670
6646,9672
2563,9672
6696,9672
6962,9672
21770,9672
13383,9672
10995,9672
22287,9672
24789,9672
17601,9673
11793,9674
21572,9674
3083,9674
23690,9674
17601,9681
7616,9683
20628,9683
15254,9683
21681,9683
23127,9683
17601,9685
6163,9686
24201,9686
2985,9686
24257,9686
7404,9687
14666,9687
116,9687
3851,9687
11387,9687
23283,9687
18810,9687
20708,9687
13734,9687
15845,9687
16542,9687
3280,9687
2499,9687
8302,9687
17601,9689
17601,9690
17601,9693
1623,9696
23328,9696
21058,9696
8418,9696
9110,9696
5542,9696
6792,9697
24534,9697
14651,9697
17601,9698
17601,9700
9391,9701
8390,9701
18028,9701
7222,9701
2629,9701
22037,9701
17601,9703
8476,9706
12036,9706
6950,9706
13944,9709
23432,9711
13902,9711
1311,9711
1203,9711
842,9713
15493,9713
1702,9713
11735,9715
9281,9715
24289,9715
17601,9717
585,9718
855,9718
4532,9718
18415,9718
23206,9718
1730,9718
7044,9718
17601,9721
17601,9728
15800,9738
10022,9738
23176,9738
21104,9738
1675,9738
2552,9738
20625,9738
10037,9738
7222,9738
17945,9741
20061,9741
17780,9741
4181,9741
24809,9741
23323,9741
11745,9741
17601,9747
16722,9753
16775,9754
6388,9754
20433,9754
19158,9754
4019,9754
23452,9754
23178,9769
20914,9769
10407,9769
22987,9769
1644,9769
9639,9771
8511,9771
2847,9771
2605,9771
15089,9771
17833,9771
21235,9771
5511,9772
8976,9772
23178,9772
21562,9772
17601,9774
7172,9776
4382,9776
11199,9776
4181,9776
9252,9777
12368,9777
17649,9777
10223,9777
4359,9777
17601,9779
9656,9794
10239,9794
11372,9794
9082,9794
14371,9794
21165,9794
4938,9794
12604,9794
13058,9794
8575,9794
8533,9794
8286,9794
8475,9794
11676,9794
8749,9794
19590,9794
17160,9794
19882,9794
24066,9801
16321,9807
19893,9807
20859,9807
20813,9807
17601,9809
16993,9813
4181,9813
6622,9813
17759,9813
13824,9813
10686,9813
14996,9813
23961,9813
23682,9813
17601,9820
3919,9832
18051,9832
14202,9832
4042,9832
17601,9833
2570,9835
17852,9835
20502,9835
23670,9835
7282,9836
8461,9836
13812,9836
2038,9836
19782,9836
5002,9836
5072,9837
18588,9837
21310,9837
20542,9837
4540,9837
11197,9837
24157,9837
17601,9838
17601,9841
803,9842
1680,9842
24144,9842
17657,9845
12770,9846
10995,9846
5992,9846
5992,9846
12400,9846
20533,9846
199,9846
1773,9846
21104,9848
20932,9848
6402,9848
15048,9848
9248,9849
5443,9849
16347,9849
11504,9849
5860,9849
13234,9849
13041,9849
12618,9849
10408,9849
17601,9853
11252,9855
1251,9855
21284,9855
17161,9855
8263,9861
11730,9861
18559,9861
3703,9861
12672,9861
17601,9865
17601,9866
17601,9867
17601,9869
12376,9870
22288,9870
17601,9872
1972,9873
9253,9873
9387,9873
17601,9874
10811,9875
19513,9875
12958,9875
1792,9875
12198,9875
10995,9877
10576,9877
16252,9877
22336,9877
8826,9877
17601,9879
6781,9882
10788,9882
19490,9882
16238,9882
23670,9882
22528,9887
11664,9887
9152,9887
17601,9888
17601,9889
4658,9890
23366,9890
20914,9890
4897,9890
24360,9890
3573,9892
16513,9892
21507,9892
1398,9892
17601,9893
17601,9895
17601,9898
17601,9899
6809,9900
5872,9900
7128,9900
14824,9900
17601,9902
23969,9905
7896,9905
11067,9905
17601,9906
98,9911
2040,9911
11598,9911
14037,9911
6065,9912
15806,9912
13600,9912
8667,9912
20668,9912
17901,9912
21107,9912
3207,9912
5861,9912
17601,9917
17601,9920
17601,9924
17601,9926
17415,9930
6267,9930
5151,9930
4787,9940
12779,9940
17601,9949
22574,9974
16393,9974
18240,9974
4688,9974
2056,9974
938,9974
1060,9974
15250,9974
366,9974
24783,9974
10993,9974
9695,9974
6458,9974
20477,9974
17601,9981
17601,9994
20096,9995
20601,9995
15175,9995
20471,9995
8288,9995
19947,9995
22756,9995
15214,9995
5904,9995
2616,9995
2734,9999
22915,9999
13573,9999
19061,10005
2645,10005
18994,10005
1406,10005
12977,10006
23368,10006
18501,10006
10340,10006
9220,10008
9695,10008
1449,10008
17601,10009
2857,10015
5787,10015
6148,10015
8976,10015
4320,10015
4327,10015
16538,10015
16006,10015
10622,10021
13053,10021
23213,10021
23201,10021
5002,10021
4954,10021
20518,10021
154,10021
10511,10021
12656,10022
8980,10022
16838,10022
8923,10022
17601,10024
24360,10025
5306,10025
18588,10025
17707,10029
19692,10029
9639,10029
4382,10029
1801,10029
4611,10029
12937,10029
23326,10029
22148,10029
240,10029
11938,10032
7770,10032
10340,10032
17601,10033
8753,10034
21591,10036
14823,10036
4952,10036
9575,10036
21322,10036
10316,10037
12552,10037
4934,10037
744,10037
15182,10037
17601,10043
676,10044
6050,10044
13384,10044
11692,10044
22724,10044
6451,10044
6932,10044
11325,10044
944,10044
98,10047
2099,10047
9130,10047
8954,10047
17601,10048
7656,10049
23328,10049
17649,10049
18334,10049
17601,10050
8694,10051
10704,10051
5992,10051
3637,10051
3107,10051
19009,10051
17692,10051
11762,10051
16736,10051
20542,10051
23831,10055
17859,10055
11620,10055
13441,10058
20859,10058
9348,10058
17601,10060
9506,10064
961,10064
14262,10064
3958,10064
17601,10066
16252,10067
24658,10067
18083,10067
11692,10067
2822,10068
16207,10068
10132,10068
17601,10069
6056,10070
8705,10070
10995,10071
9505,10071
24456,10071
23645,10071
2140,10071
18459,10071
17601,10072
17732,10073
14620,10073
12618,10073
10576,10073
19893,10073
23254,10073
6268,10073
21133,10073
8954,10079
21914,10079
19762,10079
1644,10079
3392,10079
8023,10080
6042,10080
3855,10080
11341,10080
24196,10091
23177,10091
14570,10091
13745,10091
10378,10091
7128,10097
6441,10097
7656,10097
16886,10097
12476,10111
19478,10111
20905,10111
20064,10111
11176,10116
16535,10116
5663,10116
9227,10116
19694,10116
20282,10116
4725,10144
4917,10144
7455,10144
8530,10144
381,10144
1173,10144
19649,10144
12618,10144
10743,10144
19335,10144
16198,10144
15459,10144
15113,10144
17517,10144
14076,10144
21960,10144
16817,10144
12240,10144
21144,10144
17601,10159
17601,10166
3354,10167
2027,10167
4699,10167
21562,10167
8222,10168
8064,10168
19373,10168
24092,10168
7797,10168
5168,10168
18653,10168
6868,10168
6351,10168
17570,10168
18259,10171
7655,10171
16828,10171
17601,10174
19488,10176
20181,10176
12374,10176
15742,10177
9248,10177
11367,10177
17601,10178
17601,10179
24835,10182
4289,10182
19637,10182
10155,10182
17601,10184
17601,10185
17601,10187
17601,10188
17601,10189
21113,10190
11194,10190
2175,10190
17601,10193
17601,10194
18431,10197
3412,10197
1698,10197
6614,10197
14759,10197
17601,10198
17601,10199
20731,10200
15016,10200
10068,10200
607,10200
10503,10200
11692,10200
3329,10200
14715,10200
23857,10200
19505,10200
17601,10201
17601,10203
9354,10206
12651,10206
4763,10206
19424,10206
20502,10207
21840,10207
17601,10209
19926,10212
18119,10212
22283,10212
6047,10212
18689,10212
10572,10212
2605,10212
17985,10212
23524,10212
10095,10216
11871,10216
17601,10221
17601,10224
2595,10226
5443,10226
5357,10226
5735,10226
16682,10226
11002,10226
7006,10226
17601,10230
17601,10231
885,10232
5378,10232
3706,10232
19068,10232
17434,10232
2652,10232
5327,10232
17601,10234
14545,10236
4243,10236
1808,10236
19732,10236
14473,10236
2759,10236
23423,10236
15376,10236
15987,10240
3965,10240
24337,10240
15278,10243
24013,10243
9446,10243
16360,10244
10404,10244
17601,10245
17863,10247
18649,10247
4783,10247
1562,10247
20507,10247
8643,10247
14787,10247
18316,10247
19534,10247
17627,10247
19762,10253
1621,10253
1644,10253
3392,10253
17601,10256
2857,10258
22068,10258
17165,10258
15492,10258
15652,10259
19597,10259
19020,10259
21937,10259
7158,10259
15166,10259
12121,10259
9749,10259
24835,10259
5408,10259
17601,10272
12618,10276
16286,10276
16876,10276
23357,10276
3703,10276
23662,10300
20704,10300
24787,10300
2955,10300
17601,10307
588,10313
1296,10313
21126,10313
18473,10313
13637,10313
749,10313
18216,10313
15416,10313
8744,10313
9535,10313
10313,10313
10334,10313
8616,10313
1863,10313
11477,10313
11507,10313
11776,10313
23654,10316
24333,10316
23961,10316
18430,10316
16416,10316
9058,10316
19569,10316
2616,10316
14385,10316
19210,10316
13061,10316
14291,10316
22490,10316
11580,10316
12452,10316
12737,10316
22614,10316
21840,10316
15843,10316
5396,10319
5425,10319
23141,10319
22027,10319
3858,10319
14064,10319
1431,10319
10057,10319
14850,10319
18915,10319
24649,10329
13803,10329
18553,10329
21746,10329
13124,10329
23359,10329
17601,10342
17601,10345
7032,10355
11955,10355
5547,10355
11834,10355
19953,10355
8394,10355
10404,10355
3272,10355
12501,10355
17229,10355
17601,10356
17601,10359
17601,10360
24193,10363
17601,10365
17601,10366
17601,10374
17601,10375
16287,10378
8140,10378
4858,10378
23868,10378
6689,10378
15929,10378
886,10378
2562,10378
24838,10378
8930,10378
11160,10378
12905,10378
17601,10386
5327,10388
21638,10388
11585,10388
14274,10388
15317,10388
17601,10400
15076,10404
13745,10404
2834,10404
10345,10406
18259,10406
23323,10406
17776,10407
17415,10407
9143,10407
5061,10407
2143,10407
17601,10408
9166,10411
20522,10411
20235,10412
17601,10413
4306,10414
3107,10414
2652,10414
803,10414
18830,10414
16781,10414
8261,10414
21131,10414
18842,10414
16736,10414
11328,10417
14601,10417
10879,10417
17601,10418
17601,10419
6772,10424
10654,10424
22250,10424
6689,10424
10560,10424
17601,10427
21913,10429
12081,10429
11001,10429
10928,10429
1810,10429
7522,10429
240,10429
17601,10430
688,10431
16993,10431
16493,10431
11187,10431
1873,10431
5546,10431
6094,10431
5125,10431
21957,10431
4173,10431
17601,10432
20569,10433
1727,10433
13006,10433
10009,10433
6899,10433
5508,10433
7710,10438
14449,10438
15277,10438
475,10439
11868,10439
19949,10439
15370,10439
12627,10439
199,10440
13441,10440
1487,10440
8261,10444
18228,10444
18830,10444
19313,10444
10872,10444
7172,10444
3448,10444
12141,10444
12672,10446
1155,10446
16248,10446
4830,10446
11730,10446
17601,10448
21177,10450
11951,10450
2093,10450
20065,10450
19682,10454
20916,10454
3107,10454
21239,10454
10345,10454
19970,10454
2616,10454
9783,10456
3005,10456
19147,10456
13997,10456
8542,10457
6950,10457
16359,10457
11010,10457
17601,10471
23368,10480
16853,10480
3894,10480
5792,10480
6775,10480
2580,10480
13441,10480
7222,10480
10261,10480
7006,10504
15203,10504
23326,10504
3129,10504
17601,10506
17601,10508
11659,10513
6612,10513
9924,10513
12831,10513
5400,10513
11406,10513
14398,10513
21264,10513
18011,10513
19540,10513
3561,10513
4151,10513
261,10513
21742,10513
20070,10513
3523,10513
23097,10513
14751,10520
15189,10520
18004,10520
4939,10520
746,10520
5574,10520
17157,10520
10995,10520
23450,10520
22687,10520
12242,10520
12092,10520
12182,10520
13027,10520
13223,10520
22490,10537
22998,10537
265,10537
23811,10537
23364,10537
20471,10537
10055,10537
18500,10537
4159,10537
7338,10537
3283,10537
18952,10537
363,10537
17601,10538
17601,10544
17601,10555
17601,10556
17601,10557
17601,10558
17601,10560
17601,10561
17601,10563
17601,10564
13744,10565
20229,10565
22823,10565
5227,10565
17601,10569
17601,10571
17601,10572
17601,10579
23071,10582
23034,10582
18715,10582
24249,10582
6648,10582
13145,10582
17601,10585
13448,10587
15284,10587
13759,10587
17601,10594
17601,10595
2885,10597
18459,10597
10622,10597
17601,10598
19682,10599
2958,10599
11550,10599
3285,10599
2143,10599
21453,10599
17601,10601
12036,10602
12577,10602
22177,10603
19026,10603
14702,10603
22029,10603
13260,10603
14626,10603
8749,10603
21145,10603
21173,10603
14878,10604
14967,10604
14919,10604
21137,10604
19469,10604
20632,10604
1176,10604
2322,10604
13226,10604
13402,10604
23322,10606
2458,10606
3958,10606
2457,10606
18480,10607
7175,10607
9062,10607
17601,10608
24206,10609
16901,10609
1776,10609
1079,10609
17601,10611
24447,10613
6372,10613
19396,10613
1439,10613
565,10613
23060,10613
21431,10613
15757,10613
18379,10613
23971,10616
1188,10616
22580,10616
2040,10616
1,10616
17601,10620
17601,10624
22388,10625
23277,10625
14074,10625
18490,10625
10196,10625
24658,10627
2880,10627
18842,10627
23367,10627
11079,10629
17601,10632
16902,10633
20728,10633
1415,10633
1995,10633
6259,10634
14749,10636
7668,10636
7276,10636
18891,10636
6200,10637
9248,10637
10340,10637
2141,10637
14497,10637
8663,10639
15540,10639
10427,10639
21124,10639
7290,10642
10809,10642
9835,10642
16845,10645
10223,10645
1644,10645
1105,10645
17601,10646
12209,10649
24658,10649
7006,10649
7010,10649
24809,10663
7525,10663
10560,10663
17601,10665
17601,10666
3588,10679
3572,10679
11582,10679
17991,10679
3021,10679
20518,10679
17908,10693
1334,10693
16697,10693
11686,10693
13917,10693
17601,10695
17601,10697
2570,10699
11160,10699
1155,10699
9323,10699
10667,10699
10055,10700
14975,10700
15596,10700
358,10700
7795,10700
13266,10700
2579,10700
17601,10701
16683,10705
10088,10705
284,10705
13095,10705
12083,10705
7869,10705
18353,10705
10628,10705
9059,10705
21453,10705
20950,10713
18613,10713
6368,10713
1318,10726
2629,10726
20502,10726
20406,10726
15807,10726
14630,10726
5378,10726
6104,10726
3410,10726
6712,10726
1500,10726
18257,10726
12357,10726
12802,10726
19151,10726
17601,10730
17601,10737
17601,10743
17601,10751
17601,10753
199,10754
13095,10754
434,10754
17601,10755
11746,10757
17034,10757
9323,10757
5925,10758
13198,10758
4897,10758
19693,10758
17601,10760
10382,10763
2848,10763
11328,10763
17601,10765
17601,10766
17601,10768
2638,10769
3898,10769
6714,10769
17601,10773
17601,10776
17601,10778
17601,10780
17446,10786
10977,10786
15775,10786
24236,10786
11735,10786
9874,10786
23177,10786
18230,10787
15223,10787
8111,10787
7525,10787
21141,10787
6218,10788
18715,10788
4402,10788
10759,10788
12388,10788
24676,10788
20676,10788
12133,10788
776,10788
2571,10789
13782,10789
20243,10789
17601,10791
17601,10792
17601,10798
17601,10801
19019,10802
15732,10802
8058,10802
2594,10802
6807,10802
17601,10803
17601,10809
21010,10811
8404,10811
17601,10815
22250,10816
18783,10816
13299,10816
8564,10816
16039,10816
19149,10816
17601,10817
17601,10818
17601,10819
17601,10821
17601,10827
10961,10828
4073,10828
4417,10828
22497,10829
19960,10829
3370,10829
23178,10829
17165,10831
21774,10831
16993,10831
17601,10832
24575,10833
9501,10833
11692,10833
24601,10833
10909,10833
13309,10833
8031,10833
14427,10833
5860,10833
17601,10834
24783,10835
18459,10835
6143,10835
3119,10835
2954,10839
10306,10839
11561,10839
21815,10839
23086,10840
24676,10840
22058,10840
12515,10840
2977,10843
16511,10843
11822,10843
4585,10843
18588,10847
9695,10847
17601,10849
17601,10850
4370,10853
21235,10853
4382,10853
10418,10853
15841,10853
20181,10853
20987,10853
11091,10853
18455,10855
14288,10855
12908,10855
5054,10859
17033,10859
17449,10859
24304,10859
16228,10859
10132,10859
19852,10859
9260,10859
21654,10859
283,10878
17200,10878
8623,10878
11598,10878
13720,10888
18354,10908
16353,10908
12758,10908
22557,10908
23041,10908
22162,10908
18900,10908
18430,10908
14113,10908
14209,10908
7969,10908
4231,10908
1861,10908
1915,10908
15957,10910
4532,10910
14197,10910
7235,10910
19366,10910
14211,10910
14409,10910
8156,10910
5261,10910
22462,10910
2398,10910
17601,10917
19727,10925
20737,10925
9424,10925
10223,10925
17601,10935
17601,10937
17601,10944
17601,10945
24665,10946
20859,10946
1873,10946
24842,10947
17315,10947
5505,10947
22037,10947
17601,10948
17601,10951
17601,10952
17601,10956
23811,10957
5925,10957
19893,10957
10443,10959
1488,10959
19259,10962
18387,10962
15041,10962
1114,10962
2864,10962
10313,10965
4740,10965
14044,10965
21411,10965
22152,10965
16691,10965
21409,10965
11331,10965
16232,10965
712,10965
11546,10965
24128,10967
3113,10967
24309,10967
8432,10967
17601,10968
15789,10969
22853,10969
6947,10969
17601,10970
5605,10971
4175,10971
804,10971
11767,10971
15742,10971
17034,10973
16800,10973
12141,10973
20508,10973
4844,10973
12173,10973
11187,10973
17601,10978
10444,10979
4327,10979
17233,10979
4320,10979
12240,10979
24665,10981
1182,10981
18588,10981
17601,10983
17601,10985
1957,10987
20020,10987
20360,10987
8787,10987
17601,10988
20236,10989
20108,10990
11081,10990
12141,10990
12514,10990
3354,10990
8666,10990
21235,10990
14609,10990
9900,10990
23442,10990
17601,10992
4537,10997
139,10997
6167,10997
23571,10997
18935,10997
22806,10997
23096,10997
11317,10997
6368,10997
1631,11000
2834,11000
24236,11000
17852,11000
17601,11001
2570,11002
12672,11002
8347,11002
1810,11002
13631,11013
10378,11013
14726,11013
9874,11013
11912,11014
15555,11014
10948,11014
18830,11014
22240,11022
11194,11022
24265,11022
11492,11022
14120,11024
1963,11024
12656,11024
14260,11025
15461,11025
16038,11025
7937,11025
8656,11025
21626,11025
24654,11025
20180,11025
12207,11025
11891,11025
9818,11025
11479,11025
6556,11025
525,11025
5554,11025
3246,11025
3321,11025
2821,11025
3471,11025
22513,11028
23250,11028
20865,11028
4287,11028
5035,11028
12942,11028
1886,11028
8851,11028
7552,11028
11524,11033
21940,11033
20897,11033
11870,11033
17601,11035
17601,11037
17601,11038
17601,11057
23064,11060
21366,11060
16546,11060
8286,11060
8981,11060
4004,11060
18415,11068
17649,11068
4154,11068
10130,11068
13872,11074
15957,11074
3359,11074
10995,11074
5050,11074
14906,11081
8941,11081
20694,11081
1985,11081
22842,11081
20471,11081
14631,11081
11479,11081
22801,11081
21163,11081
22633,11081
21699,11081
4306,11081
4094,11081
6104,11081
9445,11087
1474,11087
9901,11090
7917,11096
16799,11096
17437,11096
7338,11096
24151,11096
20116,11096
22937,11096
6015,11096
18554,11096
5710,11096
22971,11096
10881,11096
17601,11097
17601,11122
16249,11124
19692,11124
14749,11124
17601,11127
17601,11129
4643,11130
4312,11130
11253,11130
13089,11130
17601,11131
17601,11133
6418,11134
20562,11134
20502,11134
17601,11135
17601,11136
17601,11137
17601,11138
17601,11140
17601,11145
17977,11146
19693,11146
22523,11146
24149,11146
6675,11146
2971,11146
2061,11146
5580,11146
13871,11146
17601,11151
17601,11152
16599,11160
13095,11160
22835,11160
18353,11160
10867,11160
723,11160
3236,11160
3645,11160
17601,11161
1873,11163
16493,11163
9130,11163
2040,11163
24203,11163
11272,11163
22580,11163
6388,11163
10686,11163
20134,11166
10226,11166
5290,11166
10232,11166
18166,11166
10320,11166
10320,11166
17601,11167
10928,11169
11504,11169
13260,11169
22857,11169
10654,11169
16538,11169
18523,11169
24289,11169
20914,11169
18594,11171
12187,11171
19301,11171
8916,11171
15841,11171
23177,11171
11598,11171
7198,11171
1840,11172
19278,11172
4583,11172
15465,11172
23593,11172
18467,11172
17537,11172
17314,11172
14625,11172
8855,11172
17601,11173
17601,11175
17601,11179
17601,11180
17601,11183
17601,11186
17601,11187
9505,11188
10223,11188
16538,11188
24013,11188
23423,11190
12448,11190
3958,11190
10345,11190
4848,11195
10201,11195
3893,11195
4634,11195
23421,11195
4235,11195
12958,11196
14371,11196
12618,11196
13845,11196
13143,11196
17601,11200
14096,11205
17073,11205
17601,11207
1338,11208
3342,11208
4844,11208
323,11209
1277,11209
23245,11209
18346,11209
8891,11209
19399,11209
10260,11209
17601,11210
11359,11212
23206,11212
13631,11212
17601,11214
23310,11215
2140,11215
21366,11215
12141,11218
16874,11218
21391,11223
4658,11223
16616,11223
12055,11223
23323,11224
18259,11224
11578,11224
17601,11226
16025,11227
4399,11227
6446,11227
6167,11227
15975,11228
11076,11228
16721,11228
17009,11234
9130,11234
2956,11234
13063,11234
7052,11234
14116,11256
12791,11256
3925,11256
3174,11256
22916,11256
18935,11256
6463,11256
4858,11257
22206,11257
5859,11257
14030,11257
11075,11263
6200,11263
17601,11272
17601,11296
525,11300
22284,11300
14660,11300
11386,11300
5327,11307
7276,11307
9216,11307
9203,11307
8478,11307
12187,11307
19678,11307
13448,11307
15048,11307
17601,11310
17601,11311
17601,11315
17601,11316
17601,11318
17601,11320
17601,11326
17601,11328
17601,11329
17601,11330
17601,11333
17601,11334
17601,11338
16328,11340
21150,11340
17782,11340
19923,11340
16224,11340
19923,11340
9284,11342
15397,11342
7732,11342
4199,11342
4200,11342
16929,11342
6319,11342
18484,11342
1971,11342
1136,11342
17601,11343
17601,11347
17601,11348
17601,11353
17601,11355
24013,11356
5293,11356
5078,11356
17867,11356
18344,11356
4045,11356
11317,11356
14296,11356
8078,11356
17601,11357
17601,11358
17601,11359
17601,11360
17601,11361
22291,11366
18786,11366
20518,11366
14553,11366
2436,11366
14261,11366
1551,11366
1367,11366
23652,11366
17601,11367
21259,11368
3148,11368
17601,11369
17601,11373
17601,11374
17601,11375
3709,11376
6478,11376
23312,11376
12904,11376
23144,11378
22890,11378
9855,11378
11610,11378
21239,11381
20533,11381
7081,11381
12207,11381
829,11383
14740,11383
19089,11383
17601,11384
17601,11385
17601,11388
22497,11391
19138,11391
14697,11391
8018,11391
17601,11396
2821,11398
1592,11398
18690,11398
6579,11398
17601,11399
17601,11402
11569,11405
3629,11405
10995,11405
19617,11408
11272,11408
4670,11408
2040,11408
3448,11408
6388,11408
10686,11408
10802,11408
14444,11408
22929,11408
22580,11408
17601,11410
5792,11423
6775,11423
14782,11423
5486,11423
19552,11423
17956,11423
5979,11423
13441,11423
17822,11423
17601,11425
17601,11439
17601,11441
23678,11445
20852,11445
24176,11445
16331,11445
7010,11445
13801,11445
17734,11445
11085,11451
475,11451
2457,11451
9284,11451
13556,11451
19237,11451
9568,11451
40,11451
2674,11456
5309,11456
18271,11456
776,11456
17601,11458
17601,11464
23144,11470
16724,11470
16985,11470
2955,11470
7044,11470
1986,11470
24428,11470
13844,11470
14749,11470
15544,11470
17783,11470
10553,11470
24294,11473
19736,11473
4157,11487
21775,11487
23328,11487
20229,11487
17601,11494
17601,11497
17601,11499
17601,11502
17601,11514
13000,11516
14332,11516
1962,11517
20415,11517
20465,11517
8174,11518
20987,11518
21235,11518
2848,11519
23302,11519
3706,11519
7273,11520
6615,11520
13063,11520
18588,11521
10977,11521
5043,11522
13378,11522
199,11522
24798,11523
11329,11523
3938,11525
12955,11526
16177,11526
23842,11526
7276,11527
16230,11527
6615,11527
7616,11530
15742,11530
17034,11530
17601,11532
17601,11533
9505,11536
7624,11536
17601,11537
17601,11539
17601,11541
17601,11542
16874,11544
11199,11544
21626,11544
1631,11546
4417,11546
17601,11547
17601,11549
17601,11553
24783,11557
3119,11557
5636,11557
23961,11557
14238,11557
4417,11557
6555,11559
15254,11559
12005,11559
7346,11559
7576,11559
10909,11559
16856,11559
691,11559
17061,11559
17601,11561
3962,11563
4898,11563
9002,11563
21835,11563
18060,11565
12494,11565
17187,11565
17415,11565
1251,11565
10490,11565
11624,11565
1148,11565
21235,11565
19296,11565
19208,11567
5378,11567
17601,11568
17601,11571
17601,11573
17601,11574
17601,11579
19208,11580
11692,11580
15986,11580
12369,11580
6798,11580
17601,11581
17601,11583
17601,11587
17601,11588
17601,11590
17601,11591
11763,11592
18867,11592
8087,11592
20069,11592
8412,11592
17601,11595
12079,11600
23961,11600
3051,11600
12908,11600
13001,11600
17601,11604
23057,11606
12414,11606
17601,11607
17601,11608
17601,11612
6798,11618
19499,11618
11091,11618
4408,11622
11230,11622
6034,11622
21557,11622
17231,11622
23403,11623
22287,11623
16599,11623
23263,11628
15780,11628
7370,11628
22312,11628
19786,11628
15319,11628
781,11628
10052,11628
1955,11628
24282,11628
17601,11639
17945,11640
4181,11640
4327,11640
4532,11640
3389,11646
454,11646
21264,11646
12851,11658
13177,11658
4214,11658
840,11658
12834,11658
5388,11658
10412,11658
15480,11658
22494,11658
17284,11658
19610,11658
3903,11658
24048,11658
16956,11658
21487,11671
22998,11671
10872,11671
12663,11674
18228,11674
6671,11674
10027,11674
7664,11674
9578,11674
12819,11674
21668,11674
20221,11674
11913,11674
731,11677
24268,11677
12145,11677
6645,11677
5914,11677
16205,11677
1422,11677
19022,11677
24144,11677
12716,11677
19569,11679
20716,11679
2586,11679
6685,11679
11396,11679
15277,11679
16529,11679
23251,11679
4484,11679
10437,11679
17601,11709
17601,11713
3287,11722
7525,11722
15841,11722
11762,11726
8095,11726
6041,11726
2548,11727
4830,11727
19208,11728
1155,11728
16599,11728
1693,11730
8092,11730
23746,11730
17601,11733
13177,11734
13064,11734
10988,11734
11686,11736
13753,11736
20704,11736
11011,11736
19568,11738
13000,11738
3455,11738
12521,11741
19692,11741
6418,11741
3477,11744
21607,11744
475,11744
17601,11746
13424,11748
13282,11748
640,11748
17601,11750
17601,11754
17601,11755
12141,11757
1644,11757
21456,11757
17601,11763
17601,11764
17601,11765
17601,11766
17601,11767
19261,11773
24662,11773
6463,11773
12977,11773
11608,11773
15395,11773
17601,11775
17601,11781
17601,11782
3998,11785
6479,11785
5356,11787
17601,11790
17601,11791
17601,11793
10007,11794
3796,11794
24666,11794
13521,11794
18244,11794
11648,11794
8011,11794
12676,11794
24812,11794
24772,11794
3637,11795
20113,11795
10684,11795
2848,11796
6395,11796
19488,11796
9165,11800
17910,11800
14451,11800
14871,11800
24727,11800
17601,11801
359,11804
15190,11804
21753,11804
22067,11804
16743,11804
6658,11804
8227,11804
605,11804
13681,11804
1484,11804
15382,11805
15990,11805
13730,11805
12235,11805
1177,11805
11718,11805
18841,11806
21386,11806
11931,11806
7525,11806
17601,11808
17601,11812
17601,11813
17955,11814
2428,11814
397,11814
11559,11814
1191,11814
21563,11814
19733,11815
4691,11815
11328,11815
7338,11815
17601,11816
17601,11818
4641,11821
13669,11821
1644,11821
23837,11822
7789,11822
18451,11824
18896,11824
13438,11824
24355,11824
17601,11825
20169,11826
24678,11826
6214,11826
6932,11829
19647,11829
1487,11829
7267,11829
23967,11832
2885,11832
11938,11832
2638,11832
17601,11833
20337,11834
20704,11841
13057,11841
17601,11843
20353,11846
19047,11846
13643,11846
4431,11846
17601,11850
23357,11854
5227,11854
7273,11854
8786,11854
17601,11861
17601,11862
15567,11863
23213,11863
12178,11863
15955,11863
804,11863
2880,11863
4585,11863
17601,11866
22555,11892
1859,11892
19305,11892
9295,11892
24494,11892
2080,11892
17142,11892
5511,11892
7575,11892
9038,11892
11075,11894
4204,11894
2821,11894
11569,11894
16286,11894
21429,11894
4691,11894
6556,11894
16065,11894
22991,11894
11568,11894
11598,11894
11010,11894
17601,11900
17601,11904
22819,11908
16874,11908
3734,11908
24730,11908
18484,11911
17927,11911
20263,11911
22897,11911
9523,11911
5791,11911
16745,11911
8562,11911
21849,11911
21818,11911
21159,11911
14547,11911
15397,11911
9501,11911
5078,11917
14660,11917
1820,11917
22241,11917
12606,11917
1644,11917
19513,11919
1207,11919
8227,11919
16452,11919
20929,11919
23170,11919
18344,11919
17601,11922
22441,11926
17373,11926
12675,11926
23061,11926
10106,11926
7511,11926
21678,11926
80,11926
8709,11926
10293,11926
17601,11931
298,11933
2790,11933
4941,11933
17446,11933
10928,11933
23423,11937
15050,11937
19896,11937
17719,11939
20214,11939
10686,11939
23967,11941
16055,11941
19782,11941
16853,11947
12173,11949
7140,11949
21343,11949
17601,11951
22524,11953
11843,11953
17162,11953
17601,11956
17601,11958
17601,11959
9143,11963
17415,11963
2143,11963
804,11965
14527,11965
22823,11965
17601,11966
17601,11967
10378,11980
12958,11980
723,11980
20207,11984
16856,11984
14637,11984
23209,11984
4345,11984
10667,11984
17601,11991
17601,11992
17601,11993
17601,11995
5906,11997
22202,11997
20704,11997
17259,11997
22254,11997
15575,11997
158,11997
3327,11997
4649,11997
17601,11998
8296,11999
1488,11999
13378,11999
13669,11999
12400,11999
10635,11999
12182,12003
5306,12003
17215,12003
4523,12003
17601,12004
17601,12005
18459,12006
10687,12006
20429,12006
23094,12006
10232,12006
1644,12006
22163,12007
13922,12007
13439,12007
12770,12007
15099,12007
19582,12007
8047,12007
3354,12007
11722,12007
604,12007
17601,12008
13481,12012
20243,12012
10938,12012
14527,12012
10447,12012
17601,12015
4641,12018
31,12018
4320,12018
11329,12018
17601,12019
6180,12020
9970,12020
10434,12020
14351,12020
16256,12020
15034,12020
12187,12020
20423,12020
2175,12020
18279,12023
23730,12023
24776,12024
1730,12024
18830,12024
1873,12024
17601,12027
10083,12029
5908,12029
17601,12037
4669,12039
10392,12039
15264,12041
7284,12041
3941,12041
16566,12041
24625,12041
22473,12041
22535,12041
17756,12041
22031,12041
17372,12041
17415,12048
4472,12048
12141,12048
16683,12048
15731,12048
1701,12048
8296,12048
23323,12048
17601,12050
425,12052
4844,12052
21720,12052
17415,12052
17601,12054
16336,12055
12005,12055
4106,12055
9284,12055
22792,12055
13095,12055
5378,12055
20737,12055
7003,12055
18455,12058
3542,12058
13931,12058
1861,12058
6622,12062
10686,12062
18910,12062
23961,12062
23682,12062
154,12064
1059,12064
2638,12064
17649,12064
21089,12067
17601,12068
3796,12074
3611,12074
7525,12074
17601,12077
1505,12087
8476,12087
24,12087
16729,12096
5043,12096
10373,12096
8310,12103
11208,12103
10816,12103
4204,12103
7741,12103
12561,12103
21816,12103
1460,12103
22416,12103
14910,12103
23062,12104
4315,12104
1518,12104
600,12104
22163,12104
4378,12104
15038,12104
18350,12104
21020,12104
18722,12104
4362,12104
9248,12104
16648,12104
11165,12104
17354,12104
10660,12104
21944,12104
5689,12104
23206,12114
21757,12114
19969,12114
12262,12114
11831,12114
23936,12114
11465,12114
9717,12114
4014,12114
10148,12114
9692,12114
5791,12114
19238,12114
15648,12114
22711,12115
20956,12115
13775,12129
11183,12129
17601,12136
1702,12137
21017,12137
18387,12139
5386,12139
16139,12139
17601,12142
17601,12143
17601,12146
20987,12150
2734,12150
1799,12151
688,12151
18898,12151
21354,12152
6978,12152
18891,12152
17601,12153
8106,12154
6200,12154
9335,12161
20752,12161
16624,12161
3703,12162
20703,12162
3472,12162
17601,12165
17601,12166
17601,12167
17601,12168
17601,12171
17601,12173
17601,12174
17601,12175
385,12178
19393,12178
9788,12178
17601,12179
17601,12184
17001,12186
11704,12186
20703,12186
14262,12190
8263,12190
8916,12190
2638,12192
22912,12192
20180,12192
17601,12193
6932,12194
17849,12194
21188,12194
12672,12195
5293,12195
1631,12195
17601,12198
17601,12202
17601,12206
23423,12209
22497,12209
16541,12209
13064,12209
15789,12209
17671,12209
8286,12209
5293,12209
961,12209
17601,12210
812,12211
2205,12211
7036,12211
3927,12211
19779,12211
19780,12211
13390,12211
22885,12211
21996,12211
21997,12211
10650,12211
15081,12212
7338,12212
21325,12212
18451,12212
17093,12212
24838,12212
11582,12212
4361,12212
6511,12212
20510,12213
19513,12213
12178,12213
1272,12213
17601,12216
17601,12219
3898,12221
17751,12221
2595,12221
13206,12221
20471,12221
11419,12223
8448,12223
20045,12223
13378,12223
10989,12223
3241,12223
10528,12223
10309,12223
7140,12232
18891,12232
9029,12233
139,12233
20228,12233
10340,12233
19138,12233
21577,12233
1059,12233
24196,12233
4405,12233
12618,12233
12069,12234
18940,12234
20200,12234
18827,12234
1385,12234
16059,12234
12623,12234
16833,12234
3752,12235
17601,12236
17601,12239
17601,12240
11498,12241
847,12241
16174,12241
21562,12241
17601,12245
191,12246
10778,12252
11762,12252
17043,12252
2125,12257
19462,12257
17601,12266
6143,12268
17601,12273
13166,12276
2340,12276
24473,12276
19013,12276
16593,12283
23234,12283
21172,12287
24423,12287
1269,12287
6816,12287
14630,12287
13377,12287
6760,12287
18356,12287
5342,12287
17601,12289
17601,12290
7541,12312
5401,12314
4166,12314
5034,12314
7443,12314
4502,12314
15585,12316
9569,12316
1546,12316
4899,12316
6017,12316
1031,12316
14928,12316
10107,12316
16698,12316
13085,12316
18585,12316
21329,12316
20479,12316
10953,12316
12625,12316
10246,12316
17601,12317
4245,12322
17679,12322
14352,12322
19067,12322
18932,12322
21116,12322
23235,12322
12397,12322
8001,12322
23364,12322
22397,12322
18773,12322
7081,12322
20897,12322
1165,12322
9390,12322
6232,12322
15849,12324
11940,12324
23717,12324
20673,12324
7483,12324
21500,12324
371,12324
5984,12324
21312,12324
22294,12324
8581,12331
2655,12331
6797,12331
9452,12331
21993,12331
5782,12331
22950,12331
23640,12331
5038,12331
17707,12331
18559,12331
11828,12331
11002,12331
5153,12344
16429,12344
8996,12344
24787,12344
17601,12348
8091,12353
15815,12353
2481,12353
11746,12353
3962,12353
4934,12353
9571,12353
9601,12353
8001,12353
23206,12353
23255,12353
13778,12353
10802,12364
5897,12365
4420,12365
2638,12365
6978,12375
21456,12375
1910,12379
11176,12379
21066,12379
3432,12381
8976,12384
4033,12384
17601,12387
3492,12389
4370,12389
5684,12390
2986,12390
24674,12390
13821,12390
13034,12390
6573,12390
6574,12390
6677,12390
11896,12390
6571,12390
17601,12402
17601,12404
18009,12406
4540,12406
6446,12406
16174,12409
13000,12409
12374,12409
6617,12410
21070,12410
1011,12410
17601,12414
18459,12415
8263,12415
10867,12415
17601,12418
17601,12420
18588,12421
18891,12421
19782,12421
6280,12422
24,12422
18083,12422
2476,12424
13476,12424
11921,12424
17601,12426
18812,12428
1536,12428
11866,12428
17601,12429
17601,12430
8455,12432
21902,12432
24249,12432
2571,12432
17601,12433
17601,12434
7656,12438
14371,12438
11329,12438
17601,12442
2834,12443
4638,12443
4868,12443
1182,12443
18891,12443
17601,12444
24337,12446
17707,12446
17138,12446
23969,12446
17601,12448
49,12451
13198,12455
15841,12455
8954,12455
181,12455
17601,12458
17601,12460
17601,12463
17539,12465
14927,12465
5925,12465
4577,12465
729,12467
3170,12467
14749,12467
17775,12467
22108,12468
19074,12468
18041,12468
10055,12468
13270,12468
15857,12468
10977,12469
7267,12469
10687,12469
6690,12469
3354,12470
1304,12470
3004,12470
21487,12470
16025,12470
11002,12470
17161,12470
13844,12470
17601,12473
8083,12478
18935,12478
6148,12478
15857,12478
6792,12478
2855,12478
18251,12480
10324,12480
14605,12480
4370,12482
10443,12482
23129,12482
6689,12482
12920,12483
4479,12483
5306,12483
21562,12483
16828,12483
7129,12483
5466,12483
1253,12483
9870,12483
2834,12485
842,12485
11880,12485
2232,12485
13133,12487
17852,12487
9029,12487
10759,12487
22751,12490
24257,12490
9505,12490
19194,12493
19208,12493
14062,12493
11008,12494
12551,12494
15811,12494
22337,12494
7250,12495
24025,12495
15228,12495
17415,12495
17467,12496
24603,12496
13133,12498
15034,12499
22734,12499
15232,12499
10216,12499
17138,12504
15857,12504
21454,12504
16991,12505
6978,12505
4415,12505
18459,12505
7140,12507
8575,12507
23052,12507
16252,12507
12618,12507
17853,12508
18451,12509
662,12509
4073,12509
16252,12509
24176,12509
11762,12512
6103,12512
15841,12516
24783,12516
9696,12516
2126,12516
17601,12519
13436,12521
912,12521
1981,12521
24235,12521
22611,12521
17601,12531
17601,12534
1312,12535
24262,12535
23777,12535
7967,12535
5268,12535
8508,12535
14913,12535
18178,12535
20274,12535
19913,12535
17601,12547
9505,12548
22779,12548
17601,12568
22350,12569
11537,12569
10086,12569
15891,12569
16774,12569
22536,12569
23773,12569
2736,12569
10076,12569
13024,12569
17601,12595
17601,12610
20932,12614
16336,12614
22899,12614
2476,12614
19208,12615
17001,12615
20950,12615
17601,12616
23805,12626
2159,12626
24658,12626
9239,12635
4645,12635
14526,12635
525,12638
22313,12638
16599,12638
15731,12640
5390,12640
19009,12640
20626,12641
7172,12641
18812,12641
24683,12642
10659,12642
20882,12643
21113,12643
6947,12643
9504,12643
17601,12646
15278,12648
10867,12648
17601,12649
16993,12650
20929,12650
21781,12650
10718,12651
4898,12652
16241,12652
12514,12652
17601,12653
17601,12661
23368,12662
20929,12662
9284,12662
17601,12666
17601,12668
9289,12671
8390,12671
4898,12671
20703,12673
13631,12673
17601,12675
1701,12676
12400,12676
10223,12676
24683,12677
15394,12677
461,12678
4526,12678
4260,12678
17601,12681
9799,12682
9835,12682
4630,12682
17601,12683
1338,12685
20854,12685
2999,12685
17601,12686
17601,12687
6148,12689
20508,12689
4415,12689
14284,12691
5443,12692
7276,12692
20628,12692
17601,12701
17601,12703
17601,12705
10935,12708
11966,12708
22642,12708
5004,12708
796,12711
6701,12711
7266,12711
8746,12711
23060,12711
16668,12711
21358,12711
16568,12711
24249,12711
16795,12716
23991,12716
11770,12716
4658,12716
7407,12716
17601,12717
8574,12718
5002,12718
24196,12718
8018,12718
347,12718
21131,12718
17601,12719
17601,12720
3938,12725
3021,12725
16886,12725
14848,12725
19138,12725
525,12725
20854,12725
11838,12726
15232,12726
12978,12726
21529,12726
21602,12726
5660,12726
20869,12726
322,12726
20737,12728
16065,12728
13404,12728
10867,12728
9284,12730
16065,12730
3976,12730
1801,12730
11778,12730
3448,12730
21840,12731
15955,12731
20502,12731
17985,12731
13759,12732
20703,12732
24040,12732
5603,12734
16177,12734
1730,12734
13745,12734
17601,12735
17601,12738
18786,12739
20429,12739
14497,12739
23842,12739
20852,12741
19893,12741
15986,12741
9788,12741
7269,12741
1390,12741
23131,12743
5989,12743
5643,12743
20935,12743
14401,12744
12305,12744
14896,12744
17934,12744
8579,12744
6626,12744
18636,12744
19435,12744
13198,12745
16511,12745
18797,12745
16521,12745
139,12745
22287,12745
17601,12747
14096,12748
4868,12748
11585,12748
10628,12748
3448,12749
3976,12749
23967,12749
19733,12749
17601,12751
13253,12755
12552,12755
13455,12755
20143,12755
7273,12755
5072,12755
2884,12755
2688,12761
6402,12761
20612,12761
21932,12767
6572,12767
4667,12767
434,12777
4645,12777
10995,12777
1730,12777
3021,12777
22377,12780
22385,12780
1489,12780
17601,12781
16188,12788
11352,12788
22313,12788
20053,12788
11011,12788
21150,12794
21951,12794
11095,12794
14743,12794
17601,12796
8476,12798
18143,12798
8390,12798
3236,12798
4045,12798
15853,12799
20793,12799
9182,12800
19569,12800
1915,12800
12495,12800
12966,12800
13000,12804
4829,12804
40,12804
18292,12804
4306,12804
3898,12804
24360,12804
1810,12804
8240,12804
17601,12805
6251,12823
6064,12823
6035,12823
2015,12823
10898,12823
21134,12823
23001,12823
24803,12823
5951,12823
16268,12823
7277,12828
6065,12828
10050,12828
1813,12828
20765,12828
7548,12828
3214,12828
17304,12828
5704,12828
6926,12828
2844,12828
4211,12828
7293,12828
1063,12839
21254,12839
18583,12839
11829,12839
4154,12839
7917,12841
14385,12841
15955,12841
16651,12841
22268,12841
15089,12841
1488,12841
1505,12841
4045,12841
5355,12841
5422,12841
24341,12841
22100,12841
19955,12843
5199,12843
3094,12843
22241,12843
9505,12843
7012,12843
18779,12843
3354,12847
23097,12847
4999,12847
11730,12847
11801,12847
23326,12847
23251,12847
11668,12847
20987,12847
12173,12863
12219,12865
1040,12865
4760,12865
19413,12867
11001,12867
5227,12867
12995,12869
4343,12869
4426,12869
17601,12870
22298,12873
4941,12873
10984,12873
17138,12874
2527,12874
15857,12874
17601,12877
793,12880
20854,12880
17601,12882
4740,12883
6143,12883
20108,12883
2847,12885
23250,12885
19499,12889
21058,12889
15857,12889
2073,12890
11243,12890
18665,12890
15317,12890
9835,12890
4932,12890
24726,12890
22248,12890
20487,12890
3153,12890
10527,12890
10883,12890
1526,12890
8742,12890
4327,12890
16174,12895
17415,12895
10323,12896
18743,12896
23444,12896
16447,12898
23195,12898
13730,12898
17601,12899
20914,12902
12955,12902
20180,12902
4941,12903
14130,12903
16177,12903
17072,12906
455,12906
20297,12906
4181,12910
13669,12910
23938,12910
17601,12912
20296,12914
11843,12914
21453,12914
17601,12916
16894,12920
3609,12920
24783,12920
13095,12921
2398,12921
8905,12921
17601,12922
17601,12924
18524,12927
1564,12927
13209,12927
17601,12928
17601,12934
21298,12939
6463,12939
7337,12939
9130,12944
19488,12944
6267,12944
23404,12945
20716,12945
22282,12945
17601,12947
11938,12948
24235,12948
3107,12948
229,12950
20096,12950
17649,12951
21343,12951
20181,12953
16985,12953
24665,12953
6939,12954
11328,12956
20671,12956
14357,12956
2848,12958
7172,12958
20628,12958
13744,12962
10345,12962
16538,12962
5814,12962
3236,12967
14553,12967
2530,12967
18430,12967
14130,12967
17601,12970
17601,12972
17601,12973
12218,12974
6068,12974
12032,12974
12577,12974
40,12974
563,12978
14380,12978
1615,12978
23377,12978
6973,12978
14468,12978
2485,12978
24733,12978
15037,12978
2439,12978
17601,12979
13547,12985
17138,12985
15585,12985
18459,12985
14449,12985
298,12985
10340,12985
17601,12986
16394,12988
20737,12988
20987,12988
18842,12988
17601,12989
6941,12992
12450,12992
14069,12992
8195,12992
12422,12992
20408,12992
7493,12992
330,12992
593,12992
15431,12992
19698,12996
18547,12996
15863,12996
11541,12996
16357,12996
17302,12996
20180,12997
7005,12997
11843,12997
17172,12997
16177,12998
18910,12998
18292,12998
23971,12998
23055,12998
15034,12998
6932,12998
3210,12998
3421,12999
24140,12999
24025,12999
3671,12999
7383,12999
5624,12999
1981,13000
16651,13000
18344,13000
13426,13000
16564,13000
4042,13000
347,13000
20070,13005
9639,13005
4157,13005
4151,13005
13441,13007
4420,13007
199,13007
5913,13007
17601,13008
961,13010
22287,13010
16394,13010
20914,13010
1050,13010
1689,13010
23423,13010
20113,13010
14446,13010
17601,13012
2391,13013
4047,13013
8690,13013
23156,13013
20510,13013
11164,13013
21775,13013
21226,13013
17601,13014
11,13019
21139,13019
21456,13019
17001,13019
15952,13022
16527,13022
18460,13022
5860,13022
350,13025
10307,13026
14262,13026
1487,13026
199,13026
2232,13030
15789,13030
12834,13030
10232,13030
10954,13030
3958,13031
7006,13031
17672,13031
10511,13031
15703,13032
525,13033
3472,13033
23302,13033
12513,13033
6296,13033
9002,13035
8808,13035
11578,13035
24778,13035
17601,13038
17601,13039
13000,13040
1773,13040
21487,13040
22998,13040
17601,13043
17601,13052
17601,13054
17601,13062
20010,13070
16828,13070
7276,13070
5378,13070
17601,13072
4824,13080
15007,13080
12138,13080
19925,13080
23310,13080
16079,13080
19087,13080
22378,13080
1882,13080
17601,13083
17601,13086
2310,13097
8854,13097
16150,13097
13442,13097
23970,13097
17601,13105
17601,13113
5390,13118
8357,13119
4289,13119
3952,13119
6148,13120
7917,13120
13573,13120
10047,13125
17415,13125
11866,13127
9289,13127
475,13127
17601,13130
12627,13132
18051,13132
6268,13132
48,13133
24798,13133
17601,13141
1251,13143
21270,13143
10033,13143
17672,13143
21386,13143
347,13143
23971,13143
20916,13143
10340,13143
20061,13145
10948,13145
4151,13153
9628,13153
4532,13153
11320,13153
13801,13153
23524,13153
17601,13159
20533,13164
1701,13164
12937,13167
16688,13167
8476,13168
23368,13168
9639,13168
20387,13169
14851,13169
848,13169
8779,13171
14107,13171
21840,13172
16457,13172
17601,13176
13270,13177
13464,13177
2842,13178
16926,13179
11400,13179
22780,13179
17650,13182
20034,13182
19546,13182
4505,13184
24658,13184
4721,13184
21354,13185
6622,13185
11194,13185
17601,13186
17001,13187
8220,13187
15686,13187
17601,13188
23456,13190
7792,13190
22668,13190
17601,13192
23170,13193
21010,13193
19432,13193
18051,13194
7586,13194
20229,13197
22823,13197
13744,13197
17601,13198
17601,13200
4954,13201
292,13201
3734,13201
17601,13203
15917,13206
20716,13206
15261,13206
17601,13209
17601,13210
17601,13213
17601,13215
2363,13217
7234,13220
2010,13220
17938,13220
18009,13224
5540,13224
11160,13224
17601,13225
7269,13227
18344,13227
24013,13227
19499,13231
23811,13231
17375,13231
17601,13232
21239,13233
24206,13233
17601,13234
17601,13235
17601,13241
17601,13245
17601,13246
17601,13247
17601,13248
20916,13250
20505,13250
6180,13250
6268,13250
16721,13257
22580,13257
850,13257
21664,13257
17601,13258
1190,13259
11734,13259
14202,13259
12366,13259
22497,13259
15484,13259
13369,13261
397,13261
1191,13261
11559,13261
8361,13261
17601,13262
8150,13263
5735,13263
10229,13263
19973,13263
8217,13263
4702,13263
11042,13263
18822,13263
19333,13263
17601,13270
17601,13271
17601,13272
22645,13273
3272,13273
15853,13273
7525,13280
6930,13280
7041,13280
22343,13280
18708,13280
15510,13280
14789,13280
14463,13280
3061,13280
13436,13282
17601,13285
2476,13286
24282,13286
11866,13286
20673,13286
10294,13286
9289,13286
2027,13286
23368,13286
3486,13286
4073,13287
10635,13287
19970,13287
10453,13287
8253,13287
10434,13287
15278,13287
6094,13294
21010,13294
16541,13294
22079,13294
15896,13294
10510,13294
16853,13294
22771,13294
16805,13294
5294,13294
3593,13297
8347,13297
21058,13297
23086,13297
20911,13297
17601,13298
5514,13300
3027,13300
5783,13300
17601,13303
17601,13304
20061,13305
22770,13305
20130,13305
16845,13305
18535,13305
17601,13309
18918,13310
16168,13313
21334,13313
298,13313
4902,13313
17601,13320
4382,13321
4181,13321
13744,13321
18259,13322
4181,13322
14750,13322
16736,13322
16489,13323
4625,13323
15128,13323
15902,13323
17601,13328
17601,13338
17601,13341
13000,13346
475,13346
16286,13346
9283,13346
22108,13346
17601,13349
23971,13351
11578,13351
9450,13351
6689,13351
8923,13351
3441,13351
14449,13351
4942,13351
16821,13360
8826,13363
13095,13363
15059,13363
18740,13363
4560,13363
6787,13363
5406,13363
650,13363
3427,13363
16832,13365
16618,13365
6559,13365
2481,13365
1428,13365
13529,13365
15970,13365
18482,13365
9540,13365
20722,13365
10648,13381
13216,13381
16065,13381
10652,13381
10237,13381
14543,13381
10681,13381
4328,13381
7175,13381
5067,13381
1251,13381
170,13381
14992,13384
6153,13384
2621,13384
24251,13384
10378,13384
4004,13384
1502,13384
2510,13384
24411,13384
23251,13384
24207,13384
10528,13384
21957,13384
202,13384
17601,13389
17601,13402
736,13403
23178,13403
3455,13403
17601,13405
24253,13407
847,13407
338,13409
13493,13409
17601,13410
17440,13412
8213,13412
14099,13413
24360,13413
13759,13413
17601,13417
3519,13418
1644,13418
996,13418
13597,13418
1806,13418
3218,13418
2889,13418
2834,13418
909,13418
3697,13418
4239,13418
5229,13418
5075,13418
13148,13418
6260,13418
10619,13418
12535,13418
1669,13418
17601,13419
10686,13420
19682,13420
17601,13427
17601,13428
11692,13429
17601,13445
17601,13450
6270,13451
4638,13451
19960,13451
6167,13452
14188,13452
16729,13452
19488,13453
23177,13453
16845,13453
19058,13455
7698,13455
11098,13455
17601,13457
21321,13458
8286,13458
19005,13458
21681,13461
16985,13461
20508,13461
1584,13462
17601,13463
17601,13464
17601,13468
24666,13472
2155,13472
7299,13472
5356,13475
12977,13475
10628,13475
4306,13476
22972,13476
11692,13476
17601,13477
17601,13479
13476,13481
8404,13481
7656,13481
17601,13484
3637,13486
8018,13486
10378,13486
17601,13492
6919,13493
24248,13493
17165,13493
17601,13494
23344,13497
11485,13497
16062,13497
17601,13498
17601,13500
17601,13501
10340,13502
8106,13502
1488,13502
17601,13503
10622,13505
20737,13505
18459,13505
17601,13506
10935,13507
16644,13507
18760,13509
12539,13509
17601,13511
17601,13513
17601,13515
9029,13517
12020,13517
13133,13517
17601,13518
17601,13520
17601,13521
20703,13524
22287,13524
12514,13524
3492,13527
5160,13527
16174,13527
17601,13529
20284,13532
20202,13532
12431,13532
17601,13533
9389,13534
16538,13534
20914,13534
6402,13535
15048,13535
8347,13535
10318,13536
6270,13536
21268,13536
1721,13538
31,13538
13759,13538
6798,13540
17165,13540
20180,13540
16359,13541
11777,13541
6149,13541
7198,13541
17601,13542
12182,13543
13022,13543
11938,13546
19149,13546
17998,13546
9628,13546
4073,13546
20918,13547
20626,13547
2616,13547
10049,13547
10418,13550
8720,13550
21988,13550
23144,13550
11767,13550
23403,13550
17226,13550
9389,13550
5744,13550
21487,13551
19618,13551
14827,13551
17672,13551
24262,13551
1223,13551
20924,13551
14044,13551
1773,13551
5762,13552
20229,13552
21239,13552
8905,13552
14078,13554
19281,13554
4200,13554
8858,13554
4199,13554
5227,13557
11160,13557
19138,13557
21861,13560
22052,13560
17119,13560
15967,13560
22143,13560
374,13560
2481,13560
21514,13560
7981,13560
17601,13562
14456,13564
8699,13564
3211,13564
1638,13564
19887,13564
22822,13564
17601,13565
21139,13567
21454,13567
1059,13567
17852,13567
14449,13567
4181,13567
13745,13571
434,13571
22287,13571
7223,13572
24360,13572
8105,13572
1,13572
5910,13572
22497,13572
22899,13573
23811,13573
4611,13573
8347,13573
17601,13574
17601,13577
11730,13579
2886,13579
22284,13579
15918,13581
20110,13581
22288,13581
4729,13581
20540,13581
16238,13588
3107,13588
7712,13588
17233,13588
5860,13588
14997,13588
10294,13588
7120,13588
5488,13588
17601,13590
20001,13592
16874,13592
4638,13592
1836,13592
6270,13592
20643,13592
9323,13592
9155,13592
1155,13592
8106,13596
20096,13596
17601,13597
21104,13599
12572,13599
20229,13599
16139,13599
17601,13600
1177,13601
10988,13601
6689,13601
9131,13601
17601,13604
17601,13605
18053,13606
12888,13606
15707,13606
11617,13606
10622,13608
24665,13608
17426,13608
24223,13608
11872,13610
7829,13610
8817,13610
733,13610
17601,13612
17601,13613
17601,13614
17601,13616
16863,13619
7569,13619
5668,13622
148,13622
10740,13622
6265,13622
9488,13622
20915,13626
17645,13626
18083,13635
11085,13635
5386,13635
17601,13636
17601,13637
17601,13657
11607,13658
12059,13658
20048,13658
4026,13658
10323,13658
16344,13668
7744,13668
10993,13668
15495,13668
3611,13668
3181,13668
1995,13668
20082,13668
23662,13668
15054,13668
10452,13668
5230,13668
13547,13668
16971,13668
23895,13668
6647,13668
7369,13668
7101,13668
17601,13669
19744,13671
7849,13671
9284,13671
10888,13671
849,13671
485,13671
9451,13671
7228,13671
23080,13671
14032,13671
16685,13671
21141,13671
3445,13671
10635,13671
1551,13671
6671,13671
10925,13671
5962,13671
11771,13671
12212,13682
3037,13682
16111,13682
710,13682
18159,13682
18203,13682
16851,13682
23927,13682
9016,13682
13799,13682
16463,13686
21694,13686
12190,13686
17986,13686
21698,13686
17288,13686
14704,13686
13888,13686
12742,13686
19811,13686
10382,13691
13198,13691
3199,13691
8578,13694
8161,13694
21762,13694
17939,13694
7166,13694
9106,13694
9180,13694
19771,13694
15762,13694
10494,13694
17601,13696
7081,13698
16688,13698
10995,13698
17601,13704
17601,13707
17601,13708
11187,13712
9212,13712
22915,13712
17601,13714
17601,13724
22284,13739
17354,13739
11692,13739
13392,13742
18786,13742
20987,13742
5860,13744
5227,13744
19312,13744
6402,13745
19568,13745
13198,13745
17601,13746
23938,13748
6689,13748
1730,13750
7586,13750
16447,13750
17601,13751
3734,13753
20180,13753
434,13753
19114,13754
24,13754
22447,13754
17601,13755
803,13761
13064,13761
21003,13761
11778,13765
23129,13765
3107,13765
7944,13765
8404,13765
23452,13768
17202,13770
23715,13770
1792,13770
8091,13772
13730,13772
18051,13772
4196,13774
24262,13774
2847,13775
8404,13775
16599,13775
16351,13778
7917,13778
3965,13778
19960,13779
9389,13779
7656,13779
3119,13781
21681,13781
17707,13781
17601,13785
8476,13787
10453,13787
14362,13787
9130,13792
5386,13792
18459,13792
11501,13793
616,13793
11659,13793
17601,13794
17601,13795
17601,13797
12672,13800
18715,13800
17138,13800
9518,13803
4370,13803
3370,13805
24299,13805
24055,13810
2911,13810
8520,13810
17601,13811
19259,13814
8779,13814
15742,13814
24665,13815
13194,13815
7267,13815
17601,13816
17601,13818
13669,13826
19970,13826
4320,13826
23468,13828
5497,13828
12812,13828
17601,13831
11492,13835
19860,13835
9604,13835
20911,13839
19068,13839
3236,13839
9709,13839
13338,13839
1536,13839
17229,13839
14357,13839
21562,13839
12618,13839
7044,13839
9692,13839
17601,13840
21781,13842
18352,13842
13730,13842
7172,13844
23302,13844
2855,13844
11267,13845
22881,13845
1343,13845
2374,13845
17601,13851
17601,13852
6446,13855
20916,13855
16682,13855
24003,13855
9225,13857
5416,13857
18231,13857
2448,13857
7490,13857
12572,13858
3435,13858
1159,13858
4844,13858
16538,13859
17138,13859
19080,13859
20296,13859
22929,13860
199,13860
11582,13860
6581,13860
13461,13860
24176,13860
17601,13861
19080,13865
9505,13865
8992,13865
9602,13865
11010,13865
18779,13865
16736,13865
10382,13865
22645,13866
8326,13866
13082,13866
9883,13866
8450,13866
7276,13866
14371,13866
4728,13866
3769,13866
17601,13867
5595,13871
16597,13871
12384,13871
14650,13871
17601,13873
21058,13874
778,13874
5546,13874
10345,13874
16688,13875
5078,13875
18891,13875
11938,13875
21456,13875
17193,13875
5540,13875
10715,13875
7276,13875
10340,13875
17601,13876
17601,13877
17601,13880
20518,13882
18588,13882
57,13882
23967,13882
17601,13884
17601,13887
5504,13888
5790,13888
16173,13894
17232,13894
3209,13894
1525,13894
10681,13895
6798,13895
12827,13895
23129,13895
3448,13895
9180,13895
10571,13895
2847,13895
7944,13895
17601,13899
7770,13900
6368,13900
9284,13900
20641,13900
1631,13902
2605,13902
11668,13902
20793,13902
17601,13906
17601,13908
17601,13910
17601,13915
18179,13922
9505,13922
1771,13922
21562,13922
12111,13922
21781,13922
6200,13922
5284,13923
23967,13926
23368,13926
17985,13926
5647,13926
10378,13926
18063,13935
14691,13935
20703,13935
20737,13942
6700,13942
17407,13942
22614,13942
14371,13943
912,13943
5230,13943
19762,13943
17601,13948
2099,13961
495,13961
22995,13961
22222,13961
18812,13961
17158,13961
18405,13961
10218,13961
17923,13961
23357,13961
23250,13961
20195,13961
20873,13961
2098,13971
24536,13971
21699,13971
21582,13971
19580,13971
6069,13971
19599,13971
14630,13971
21080,13971
8346,13971
24486,13971
2248,13974
4075,13974
4106,13974
4204,13974
13111,13974
18438,13974
4518,13974
22132,13974
17716,13974
15849,13974
7576,13974
23119,13974
885,13974
271,13974
7634,13974
17601,13982
13609,13983
23849,13983
18280,13983
16611,13983
4805,13983
6071,13983
11514,13983
3605,13983
16087,13985
15427,13985
12100,13985
15415,13985
7827,13985
23871,13985
18605,13985
5937,13985
15926,13985
3781,13985
17601,13986
17601,13989
19797,13990
4941,13990
17601,13993
23055,13994
23201,13996
6566,13996
18387,13996
4472,13997
9239,13997
3938,13997
10378,14000
1155,14000
22497,14000
17601,14001
8091,14002
13378,14002
12007,14002
1631,14003
139,14003
11757,14003
9949,14004
20115,14004
18742,14004
6615,14006
17707,14006
10622,14006
11002,14007
18083,14007
7885,14007
2668,14008
8619,14008
10704,14008
5093,14012
19693,14012
1536,14012
17601,14013
17601,14015
19009,14019
16252,14019
22336,14019
17601,14029
17601,14036
17601,14039
17601,14040
10733,14043
11752,14043
4026,14043
17601,14045
17601,14047
13885,14049
9377,14049
19418,14049
17601,14050
3797,14055
18085,14055
23808,14055
23961,14057
17005,14057
17539,14057
19263,14059
18036,14059
18184,14059
592,14059
2537,14059
7686,14059
24002,14059
3452,14059
15599,14059
15002,14059
16124,14059
8620,14059
8197,14059
7743,14059
10134,14059
17601,14061
2048,14063
23396,14063
16775,14063
17601,14065
17601,14066
2668,14067
16985,14067
17775,14067
17601,14068
22692,14072
20625,14072
8347,14072
16385,14073
804,14075
3703,14075
19138,14075
17601,14076
17601,14077
17601,14078
11905,14079
15370,14079
23967,14079
13745,14084
6581,14084
7081,14084
16886,14085
19973,14085
21170,14085
14218,14086
20405,14086
6595,14086
17601,14087
5504,14095
15382,14095
1079,14095
13441,14097
17601,14098
17601,14099
10622,14102
10687,14102
4151,14102
17601,14104
10647,14105
18842,14105
3272,14105
17601,14108
17601,14112
13780,14115
16162,14115
24696,14115
17601,14116
11359,14117
9518,14117
5944,14117
17795,14118
18480,14118
5158,14118
18973,14118
12173,14120
17649,14120
1801,14120
20737,14121
1188,14130
19208,14130
11801,14130
17601,14131
17601,14132
17601,14133
4399,14135
3051,14135
3837,14135
23938,14138
18559,14138
13631,14138
17601,14139
17601,14140
17601,14141
17601,14144
5205,14145
11091,14145
11479,14145
15731,14145
57,14146
455,14146
15237,14146
11911,14146
2855,14146
22470,14146
13921,14146
19323,14146
17601,14147
17601,14154
13309,14156
12572,14156
7006,14156
3472,14156
31,14156
20854,14156
10035,14157
24777,14157
7267,14157
17672,14157
10340,14157
23507,14159
21100,14159
18723,14159
63,14159
21310,14159
11093,14160
17601,14161
16463,14171
16044,14171
18004,14171
17331,14171
17998,14171
8159,14171
912,14171
7543,14171
7450,14171
520,14172
18715,14172
723,14172
21685,14172
12453,14172
3370,14172
23251,14172
5501,14172
7081,14172
9396,14172
10678,14172
6049,14173
12519,14173
1931,14173
18514,14173
18155,14173
10734,14173
18930,14176
17874,14176
23595,14176
11710,14176
13013,14176
23642,14176
5843,14176
4800,14176
1877,14176
10173,14178
24809,14178
24253,14178
9833,14178
20796,14178
13771,14178
5745,14178
22038,14178
8663,14178
6303,14178
4374,14178
4320,14183
2956,14183
6720,14183
20475,14183
16783,14185
17537,14185
16683,14185
4942,14185
11160,14185
5647,14185
9874,14185
24360,14185
17415,14185
15841,14185
11587,14186
22760,14186
16525,14186
15180,14186
18708,14187
16256,14187
7586,14187
4698,14187
17601,14193
19733,14196
10244,14196
4059,14196
10678,14196
17601,14197
7576,14199
16991,14199
4320,14199
10073,14199
9289,14199
11866,14199
2558,14199
17601,14204
10678,14205
7181,14205
13044,14205
19942,14205
19099,14210
10726,14210
7439,14210
17601,14214
17601,14223
14537,14231
6551,14231
10030,14231
20911,14231
2558,14231
17601,14259
17601,14261
17601,14265
24196,14266
19490,14266
17601,14267
23403,14268
12173,14268
10704,14268
20235,14269
16599,14269
23302,14269
17601,14270
10678,14277
11160,14277
7570,14277
24759,14278
7081,14278
23967,14282
18842,14282
6978,14282
17601,14294
10654,14296
5357,14296
9926,14296
16618,14296
17601,14301
17601,14311
1631,14313
22288,14314
6950,14314
3958,14314
9628,14315
13224,14315
19554,14318
12187,14318
21235,14322
10704,14322
19733,14322
17601,14323
16190,14324
18119,14324
23332,14324
15076,14325
8416,14325
13520,14329
18935,14329
1194,14329
20040,14334
17601,14338
17601,14339
17601,14342
24005,14343
3448,14343
19513,14343
13089,14344
16632,14344
8384,14345
16172,14345
11156,14345
12515,14346
17601,14348
3627,14350
6143,14350
2595,14350
16821,14353
17601,14360
17601,14364
10132,14365
11668,14365
14262,14366
21386,14366
13081,14366
23322,14368
12457,14368
17797,14369
5804,14369
4801,14369
6036,14373
17601,14374
17601,14378
17601,14383
17889,14384
13198,14385
1390,14385
3703,14385
17601,14388
17601,14391
1661,14393
13095,14393
12182,14393
17601,14397
17601,14400
5529,14403
11676,14403
18715,14403
6218,14403
17601,14405
17601,14408
17601,14409
24190,14410
17165,14410
833,14410
3593,14413
19208,14413
11846,14413
4532,14413
19970,14413
24120,14415
18230,14415
16624,14415
24462,14415
11160,14415
16950,14417
19782,14418
4898,14418
21156,14430
18409,14430
24319,14430
8564,14430
13461,14430
2820,14430
10378,14430
6978,14430
7529,14430
23118,14430
17601,14434
24393,14439
21305,14439
24129,14439
2210,14439
7525,14439
1985,14439
12526,14439
154,14443
17035,14443
16912,14443
8808,14443
18759,14443
6622,14444
23961,14444
18910,14444
16993,14444
7864,14445
8779,14445
12514,14445
16644,14445
18130,14445
14527,14445
17783,14445
4289,14448
20566,14448
21959,14448
14685,14448
8838,14448
22404,14448
1498,14448
22026,14448
18474,14448
23984,14448
17601,14449
4415,14452
24783,14452
24685,14452
2652,14452
12173,14454
7006,14454
20987,14454
21562,14454
17601,14455
7222,14458
7656,14458
19860,14458
23423,14459
12376,14463
3938,14463
1428,14463
4844,14464
4306,14464
12514,14464
16683,14464
16238,14465
16252,14465
1810,14465
20040,14466
3734,14466
2638,14466
16174,14467
20180,14467
1536,14467
19130,14469
11501,14469
14374,14469
2645,14470
7525,14479
13759,14479
17601,14480
3370,14485
4608,14485
18090,14485
17601,14486
23478,14491
15370,14491
4399,14491
10963,14491
10684,14492
7172,14492
4417,14492
13260,14494
13426,14494
21295,14494
12133,14494
17601,14496
17601,14499
17601,14502
7615,14510
15789,14510
18459,14510
21089,14510
4014,14511
6200,14511
2848,14511
5918,14511
12376,14511
15284,14511
20442,14511
19960,14511
19003,14511
24253,14513
20336,14513
15567,14513
17601,14514
17601,14515
17601,14539
24515,14543
2824,14543
8535,14543
1144,14543
1967,14543
22159,14554
5227,14554
856,14554
23423,14554
16169,14554
20092,14554
16231,14554
16884,14554
11246,14554
15875,14554
19909,14562
9606,14562
8406,14562
22401,14562
18095,14562
13988,14562
1211,14562
11797,14562
225,14562
11072,14562
23206,14568
21828,14568
11882,14568
13161,14568
20110,14568
8584,14568
23326,14568
6720,14568
21388,14568
17999,14568
17238,14568
19926,14568
15860,14568
13454,14568
15323,14568
3022,14570
1050,14570
11692,14570
17601,14571
6441,14572
19860,14577
11134,14577
17601,14579
17601,14580
17601,14584
13404,14585
17157,14585
15495,14585
20429,14587
5356,14589
12572,14589
22287,14589
7525,14590
506,14590
19208,14590
22721,14591
6775,14591
15404,14591
7658,14592
7656,14592
12031,14592
20170,14592
17601,14606
17601,14617
3448,14619
9284,14619
17415,14619
2605,14623
18715,14623
19009,14623
17601,14624
20181,14625
2638,14625
10000,14625
1105,14626
1091,14626
778,14626
8286,14627
21456,14627
10340,14627
2857,14628
4415,14628
475,14628
13419,14631
18935,14631
13270,14631
17601,14632
6136,14633
16800,14633
13981,14633
21072,14635
21239,14635
3210,14639
17005,14639
15585,14639
11272,14639
4162,14642
17268,14642
16538,14642
139,14643
1059,14643
16457,14643
17601,14645
1631,14647
2834,14647
3432,14647
64,14649
2645,14649
18896,14649
12285,14657
6094,14657
3637,14658
7390,14658
14992,14658
17601,14659
17601,14660
10977,14661
24,14661
17601,14663
17601,14666
11329,14669
1519,14669
3734,14669
17601,14672
17601,14674
17601,14676
17601,14677
13347,14678
11501,14678
19638,14678
17601,14682
24444,14683
22468,14683
4071,14683
20429,14684
6581,14684
12656,14684
17601,14687
17601,14691
20113,14694
7267,14694
20914,14694
17601,14697
18650,14698
8404,14698
24016,14698
18387,14701
16736,14701
6418,14701
18752,14704
9781,14704
2127,14704
17601,14706
17601,14707
17601,14710
17601,14711
16241,14713
7222,14713
23368,14713
17229,14713
8848,14713
22972,14716
1564,14716
4306,14716
2605,14719
9074,14719
21826,14719
21831,14719
11941,14719
23323,14722
17601,14723
17601,14724
17601,14725
8045,14731
13227,14731
17034,14731
23225,14731
23844,14731
17993,14731
17104,14731
2000,14731
17082,14731
20609,14731
17601,14732
21386,14733
6913,14733
17742,14733
18034,14733
1992,14733
1336,14733
14795,14733
8426,14738
24675,14738
10318,14738
3668,14738
8371,14738
2434,14738
20451,14738
20030,14738
12004,14738
12549,14738
20031,14739
13721,14739
19575,14739
11470,14741
22288,14741
723,14741
18514,14741
12514,14741
17601,14743
19503,14744
16064,14744
2149,14744
3678,14744
13177,14747
5455,14747
232,14747
3049,14747
16874,14749
5897,14749
10340,14749
4370,14749
24337,14749
22217,14749
19682,14749
18275,14752
9695,14752
7994,14752
2625,14752
24308,14752
19005,14752
17649,14755
6798,14755
14473,14755
17601,14756
13309,14757
17601,14760
3938,14762
8404,14762
11075,14763
6368,14763
21774,14763
11778,14763
6701,14763
6714,14765
2790,14765
10453,14765
12374,14766
20297,14766
8503,14768
6656,14768
23666,14768
19429,14768
10173,14769
24253,14769
22972,14769
23566,14772
17997,14772
23195,14772
16252,14777
10000,14777
21710,14777
7773,14778
1901,14778
11569,14778
22904,14778
13759,14779
23715,14779
4540,14779
20229,14779
17601,14782
21573,14783
3392,14783
12659,14783
7619,14783
21235,14786
4370,14786
11091,14786
20181,14786
13436,14789
8213,14789
4344,14789
24356,14790
19009,14790
7081,14790
11160,14790
21089,14794
14526,14794
21104,14794
20955,14795
16876,14795
23423,14795
10685,14795
19970,14799
15789,14799
20916,14799
6267,14799
13448,14799
6947,14799
6280,14799
17601,14801
24761,14806
3002,14806
11379,14806
14239,14806
17601,14807
13419,14812
15585,14812
5078,14814
20113,14814
200,14814
4760,14814
961,14815
2563,14815
15259,14815
20142,14815
17601,14817
10612,14824
10704,14824
19693,14824
15843,14824
9639,14824
21343,14824
17601,14833
17601,14848
181,14853
23524,14853
3203,14853
20359,14853
20647,14853
10407,14853
20118,14853
14210,14853
1059,14853
480,14853
4117,14853
18596,14853
6690,14853
11553,14856
13720,14856
7272,14856
12483,14856
6989,14856
17224,14856
1088,14856
9437,14856
3429,14856
5764,14856
8510,14861
8198,14861
23757,14861
17006,14861
9287,14861
14449,14861
24532,14861
4723,14861
22056,14861
14601,14861
15512,14861
14164,14861
17084,14869
1369,14869
306,14869
15896,14869
10528,14869
8085,14869
7891,14869
12791,14869
21626,14876
23366,14876
18755,14876
15841,14878
10988,14878
11479,14878
8992,14879
2662,14879
916,14879
10223,14881
19782,14881
17601,14883
17601,14884
20237,14892
5828,14892
11419,14894
15613,14894
21229,14894
16532,14897
12190,14897
15857,14898
7586,14898
11479,14898
12374,14899
16683,14899
14896,14909
13790,14909
21617,14909
20412,14909
337,14909
23387,14909
22176,14909
6209,14909
24460,14909
13468,14909
8323,14909
8228,14909
17601,14917
5750,14924
2884,14924
8562,14924
24235,14926
11668,14926
17601,14931
9220,14932
18768,14932
16241,14932
10250,14933
9043,14933
16460,14933
19225,14937
19128,14938
21588,14938
1390,14938
17601,14939
22108,14942
10872,14942
1487,14942
7200,14944
24360,14944
2605,14944
17601,14949
3327,14951
20618,14951
17601,14952
23356,14954
8174,14954
12955,14954
23670,14956
22770,14956
198,14956
17601,14957
17601,14959
17601,14964
17601,14967
8476,14969
16682,14969
14996,14969
17601,14970
13745,14971
10622,14971
2570,14971
21010,14972
23052,14972
3119,14972
10988,14973
5093,14973
6932,14973
17601,14974
8091,14975
16644,14975
7267,14975
17601,14977
17601,14979
7044,14980
13844,14980
1049,14980
17601,14981
17601,14983
17601,14984
13404,14986
10382,14986
16736,14986
11010,14986
17601,14987
17601,14988
17601,14992
17601,14993
17601,14994
10622,15000
10977,15000
18786,15000
10879,15000
18695,15001
4278,15005
13856,15005
3439,15005
3091,15006
17802,15006
3170,15006
16025,15007
16688,15007
13525,15007
20768,15008
694,15008
17601,15010
21491,15012
18510,15012
7731,15012
19539,15012
16190,15013
10959,15013
13294,15013
6293,15013
10686,15015
11272,15015
22580,15015
8905,15016
11569,15016
10341,15016
2885,15017
10704,15017
24013,15017
12457,15017
20475,15019
7267,15019
4033,15019
9533,15021
11866,15021
22932,15021
19573,15021
17601,15024
12996,15026
14371,15026
3637,15026
18143,15026
18910,15029
22987,15029
5693,15029
15192,15031
1172,15031
6211,15031
13449,15031
17601,15032
17601,15034
11866,15035
17415,15035
19733,15035
4699,15035
10201,15039
15896,15039
8170,15039
4006,15039
7488,15039
23343,15041
21786,15041
19398,15041
17601,15047
17601,15055
17601,15059
17601,15060
18484,15062
14473,15062
13520,15062
12977,15062
20096,15062
17601,15064
20916,15065
19782,15065
21131,15065
10122,15065
23654,15065
16874,15065
16252,15065
1634,15066
16196,15066
21815,15066
16227,15066
14438,15066
10371,15066
22724,15066
22288,15066
4336,15066
9695,15066
20610,15067
5240,15067
17601,15068
12567,15070
2082,15070
5415,15070
6368,15071
10988,15071
14332,15071
18559,15077
21720,15077
13199,15077
17601,15080
16532,15081
18459,15081
12182,15081
21602,15084
17601,15087
10000,15091
13846,15091
17601,15093
22833,15095
24658,15095
2977,15095
12374,15098
2595,15098
1801,15098
19499,15098
17601,15099
22089,15100
16874,15100
10340,15100
12572,15101
1272,15101
14873,15101
11464,15101
15278,15102
9502,15102
12005,15102
7770,15102
20625,15102
13986,15107
4363,15107
11001,15107
21957,15107
24251,15107
21326,15107
10520,15107
17601,15108
17601,15109
8905,15111
19149,15111
15277,15111
17601,15112
17601,15117
17601,15123
17601,15135
2595,15139
4415,15139
7338,15139
3898,15139
10000,15142
9970,15142
21456,15142
6615,15142
3472,15142
10070,15142
5735,15142
1536,15142
14989,15142
3338,15145
4040,15145
16769,15145
397,15145
21290,15145
17601,15166
17601,15180
7200,15181
20703,15181
18896,15181
17601,15183
19353,15185
21310,15185
8390,15186
3938,15186
4844,15186
17601,15188
20911,15191
20950,15191
5076,15191
17601,15194
14067,15196
15876,15196
15829,15196
19009,15198
8916,15198
15955,15198
8404,15199
23368,15199
23129,15199
17601,15208
17601,15220
17601,15221
21235,15222
11843,15222
8174,15222
23478,15223
21235,15223
6143,15223
21343,15225
6441,15225
17649,15225
18506,15226
15902,15226
13316,15226
13839,15226
17601,15228
17601,15231
17601,15236
6978,15237
6714,15237
23107,15243
7421,15243
24003,15243
23206,15244
3976,15244
8905,15244
17601,15245
17601,15246
24,15249
9239,15249
4472,15249
434,15253
11075,15253
15120,15253
12138,15253
17601,15254
1672,15255
6087,15263
17601,15264
17601,15265
6221,15266
833,15266
23538,15267
20038,15267
21594,15267
11373,15268
12937,15268
10418,15268
16782,15269
3809,15269
778,15269
17601,15271
6268,15272
6913,15272
3107,15272
14449,15273
1253,15273
10398,15273
13404,15274
19860,15274
15835,15274
14749,15274
17601,15275
4645,15281
7656,15281
17537,15281
17601,15290
17601,15291
17601,15294
1536,15295
10070,15295
10000,15295
6690,15296
24665,15296
3119,15296
8174,15298
8623,15298
15076,15298
17601,15300
15228,15301
3603,15301
6712,15303
8347,15303
15948,15303
17601,15304
17601,15309
17601,15311
20183,15312
2847,15312
21890,15312
13095,15314
18830,15314
13448,15314
1105,15315
20728,15315
24324,15315
18891,15316
22189,15316
22287,15316
17601,15317
24658,15319
13547,15319
4175,15319
2769,15320
10040,15320
4407,15320
17601,15324
21577,15325
24356,15325
21957,15325
11846,15325
17601,15330
17601,15333
20852,15335
1390,15335
18842,15335
15986,15335
7269,15335
6103,15335
10453,15335
7453,15336
18430,15336
20873,15336
10572,15336
11076,15337
9424,15337
22148,15337
18083,15337
4898,15337
17601,15338
12849,15339
3236,15339
13001,15339
17601,15343
13758,15345
5675,15345
4898,15345
22267,15345
7172,15345
1702,15345
14321,15346
18720,15346
16575,15346
6292,15346
7024,15346
15686,15346
2039,15346
1059,15352
13022,15352
6267,15352
20180,15352
23478,15352
15857,15355
6622,15355
24658,15357
6143,15357
13554,15357
4740,15357
9248,15357
6441,15360
20181,15360
8916,15360
8905,15360
17601,15363
17601,15365
13290,15366
12398,15366
16443,15366
10908,15366
15591,15366
3435,15366
21669,15366
23485,15366
18728,15366
6050,15366
17601,15367
9505,15369
19499,15369
21341,15369
16230,15370
13753,15370
5523,15370
5973,15375
24223,15375
4280,15375
6932,15377
20296,15377
3386,15377
9505,15377
3965,15378
9162,15378
4617,15378
3937,15379
8779,15379
19963,15383
4842,15383
7938,15383
17601,15387
5356,15388
12195,15388
22069,15388
21528,15388
17601,15391
11184,15393
1640,15393
3129,15393
13732,15393
4382,15393
7931,15393
19970,15393
856,15396
15048,15396
11692,15396
17601,15398
8891,15400
1354,15400
9317,15400
14449,15401
723,15401
20053,15401
3423,15401
22624,15401
4420,15402
504,15402
12526,15402
572,15402
15727,15405
16775,15405
20850,15405
17601,15407
17601,15412
17601,15416
17601,15419
5230,15424
10452,15424
10068,15430
243,15430
8347,15430
20737,15430
1644,15430
8263,15436
18559,15436
2623,15461
11756,15461
2419,15461
20952,15461
17601,15465
5966,15469
17294,15469
12772,15469
18330,15469
11109,15469
16308,15469
7345,15469
8476,15469
23136,15469
14410,15469
4988,15469
7607,15469
12047,15469
18606,15469
21994,15469
18378,15469
1,15469
3322,15469
16425,15469
17601,15479
8511,15481
16564,15481
18506,15481
18232,15485
13815,15488
18876,15490
13448,15491
18945,15491
298,15492
10681,15492
18588,15492
12189,15493
2351,15493
2188,15493
10453,15496
4359,15496
10995,15496
13874,15498
15248,15498
6622,15498
17415,15499
681,15499
19513,15499
1035,15501
833,15502
18347,15502
17165,15502
10453,15508
13392,15508
19797,15508
17601,15510
13419,15528
15841,15528
10977,15528
21710,15528
4645,15529
19405,15529
4897,15529
13022,15530
3272,15530
11871,15530
21775,15531
9239,15531
17601,15532
7200,15534
21235,15534
16241,15534
12007,15534
23811,15537
19568,15537
17737,15537
22313,15538
9387,15538
3063,15538
17601,15539
23695,15540
11329,15540
6180,15541
4721,15541
21113,15541
17446,15544
13874,15544
13404,15544
17601,15545
5227,15547
9325,15547
6441,15548
22038,15548
199,15550
23695,15550
4848,15550
18974,15550
2456,15551
2638,15551
2977,15551
20180,15551
6615,15551
22912,15551
11329,15553
16599,15553
12374,15553
17601,15555
7140,15556
17001,15556
10872,15556
13604,15556
21781,15556
4830,15557
17415,15557
9389,15557
8623,15558
6143,15558
17226,15558
18588,15561
3938,15561
1584,15561
2847,15561
8404,15562
3107,15562
12457,15562
17601,15563
19259,15565
17601,15566
23715,15568
24,15568
2570,15568
16682,15568
23423,15569
8704,15569
15116,15569
18083,15571
19860,15571
12374,15571
2795,15572
19995,15572
4181,15574
4540,15574
3436,15574
10988,15575
2605,15575
20423,15575
12457,15576
13631,15576
15278,15576
12462,15576
15495,15576
164,15577
12400,15577
1470,15577
17890,15582
10340,15582
15353,15582
1488,15583
18535,15583
3212,15584
17922,15584
21851,15584
11555,15584
4260,15585
16174,15585
8779,15585
7586,15585
17601,15587
13177,15588
10047,15588
1050,15588
7944,15588
6267,15588
458,15590
23129,15590
16683,15590
11085,15590
21291,15592
14660,15592
22910,15592
17601,15593
2605,15594
18455,15594
12208,15594
454,15595
16230,15595
24025,15595
16599,15598
19259,15598
1059,15598
17601,15602
17601,15605
3392,15606
16301,15606
16230,15606
17601,15608
2577,15612
10878,15612
6964,15612
17601,15613
17601,15614
18726,15615
16397,15615
12581,15615
5328,15616
16060,15616
8971,15616
17601,15623
1702,15627
15555,15627
2175,15627
11389,15630
22981,15630
10064,15630
11086,15632
24005,15632
5828,15632
17601,15634
8221,15635
1007,15635
23805,15635
21562,15636
10637,15636
17601,15638
19009,15640
9604,15640
11866,15640
17601,15645
17601,15647
17601,15650
17601,15651
17601,15653
17601,15654
17601,15657
17707,15659
12141,15659
6206,15659
1536,15660
17601,15661
17601,15662
11608,15663
21386,15663
3349,15663
17601,15664
17601,15668
17601,15669
15160,15671
15254,15671
715,15671
17601,15673
7081,15677
14332,15677
13309,15677
12141,15677
18051,15678
17375,15678
804,15678
10715,15678
10054,15682
2637,15682
13745,15685
8905,15685
8954,15685
17997,15685
15303,15687
1416,15687
24636,15690
19272,15690
4761,15696
24289,15696
18103,15696
7769,15696
961,15696
1050,15696
17354,15696
20914,15696
13419,15697
20882,15697
10995,15697
4045,15697
8018,15697
6103,15697
17601,15700
18733,15701
8992,15703
22148,15703
19244,15703
17601,15704
17601,15706
12906,15707
23168,15707
4934,15707
22288,15707
6792,15709
18244,15709
3185,15709
8581,15709
4457,15709
10974,15709
14832,15709
7159,15709
17601,15711
14614,15713
8289,15713
6169,15713
14245,15713
2530,15713
1106,15713
8421,15713
14074,15713
232,15713
15048,15713
17601,15723
8984,15728
10622,15728
4899,15728
11935,15728
9468,15728
18935,15728
8011,15728
16828,15728
16359,15728
1338,15728
723,15728
12462,15729
14025,15729
11159,15729
10880,15729
2944,15729
19463,15729
7456,15729
5735,15729
13408,15729
1105,15729
17601,15730
24235,15734
15278,15734
7581,15738
4472,15738
20181,15740
18083,15740
15731,15743
20643,15743
506,15743
23144,15744
2143,15744
10911,15744
6689,15745
6268,15745
16241,15745
17601,15746
17601,15747
17601,15749
15987,15752
23138,15752
13000,15754
9602,15754
9505,15754
17601,15755
23702,15756
3418,15756
10672,15756
9824,15756
17601,15758
8808,15760
139,15760
16448,15760
1251,15760
3873,15760
13474,15764
22100,15764
6913,15764
21456,15764
14382,15766
6307,15766
21354,15769
10628,15769
1006,15769
21781,15770
3448,15770
9323,15770
17601,15773
17601,15776
19293,15779
5378,15779
3706,15779
4844,15779
9950,15779
7032,15779
17601,15782
14272,15786
7011,15786
20054,15786
23663,15786
10253,15788
14496,15788
2405,15788
14568,15788
13194,15788
5469,15788
20594,15788
15317,15788
18449,15788
4073,15791
6720,15791
17138,15791
17601,15794
10409,15800
24386,15800
14172,15800
19656,15800
22844,15800
17601,15802
17055,15807
22889,15807
765,15807
23371,15807
23130,15811
12660,15811
6180,15817
2232,15817
24658,15817
10904,15817
10663,15817
12513,15817
24787,15817
20180,15817
5925,15821
23344,15821
11002,15821
17759,15833
20491,15833
23034,15833
24249,15833
24139,15833
18715,15833
358,15833
8511,15833
10122,15833
6648,15833
13028,15833
13145,15833
6227,15833
2476,15833
13505,15833
11638,15836
19876,15836
13662,15836
1492,15836
3853,15836
11639,15836
8049,15836
12127,15836
22834,15838
17808,15838
20134,15838
16874,15838
13919,15838
8384,15838
16845,15838
2289,15838
24282,15838
7109,15838
4382,15838
23554,15838
22964,15838
24463,15838
2620,15838
10034,15838
2278,15838
22998,15843
2567,15843
2605,15843
3302,15843
21596,15843
356,15843
10137,15843
19500,15843
5476,15843
20556,15843
7690,15847
20265,15847
14903,15847
23502,15847
10187,15847
12506,15847
9846,15847
24007,15847
21012,15847
293,15847
19160,15851
22211,15851
12278,15851
10758,15851
19801,15851
15904,15851
15565,15851
9720,15851
7622,15851
15033,15851
17293,15851
10318,15854
9284,15854
3107,15857
3898,15857
20916,15857
1159,15860
9502,15860
13063,15860
4954,15862
10373,15862
20433,15862
17601,15863
17601,15864
13198,15865
16846,15865
7140,15867
3958,15867
23967,15867
22497,15869
21354,15869
2880,15869
17601,15870
17601,15872
17649,15873
23938,15873
2030,15873
23403,15874
12013,15874
4181,15874
22904,15875
5443,15875
4399,15876
11028,15876
10626,15878
1033,15878
20191,15878
9470,15897
18556,15897
10572,15897
6117,15897
120,15897
24818,15897
21372,15897
10788,15897
10704,15897
4181,15897
12376,15904
4617,15904
2999,15904
17601,15905
17601,15911
9079,15912
9337,15912
23703,15912
1801,15915
23277,15916
7363,15916
11545,15916
10223,15917
17001,15917
9239,15917
21606,15919
18001,15919
21594,15919
9073,15919
22914,15919
24303,15920
1664,15920
23129,15920
21902,15920
8455,15920
17601,15921
17601,15922
17601,15923
17601,15928
17601,15930
17601,15931
24203,15932
20737,15932
13714,15932
18664,15932
6413,15932
11194,15932
10313,15934
11447,15934
2641,15934
17601,15936
17601,15937
1479,15938
24769,15938
22668,15938
17601,15939
12374,15940
4844,15940
12457,15940
17707,15940
24480,15944
23698,15944
24769,15944
17601,15945
17601,15948
23368,15950
4898,15950
21235,15950
17601,15952
12386,15954
7185,15954
2858,15954
7656,15955
506,15955
2885,15955
6473,15956
13198,15956
16249,15956
3199,15956
13309,15958
23302,15958
2884,15958
17601,15960
17601,15961
17601,15963
22503,15964
8476,15965
2884,15965
18910,15965
17601,15967
15585,15970
525,15970
24289,15970
98,15971
22108,15971
11441,15971
17601,15972
20402,15973
17105,15973
11187,15973
22287,15974
455,15974
1701,15974
22741,15975
4650,15975
21205,15975
1606,15978
5572,15978
23842,15981
18007,15981
17601,15985
8808,15986
22337,15986
20552,15986
14697,15989
23178,15989
6798,15989
15857,15990
24798,15990
11762,15990
17601,15991
17601,15992
17165,15995
23201,15995
22336,15995
16688,15998
4214,15998
13988,16001
6411,16001
20433,16001
16599,16003
4399,16003
1155,16003
7222,16004
6334,16004
18842,16004
17601,16007
14371,16013
199,16013
21456,16013
17601,16014
1340,16015
12216,16015
12345,16015
19989,16017
17601,16019
17601,16020
13745,16022
16394,16022
20518,16022
17601,16023
17601,16025
17601,16030
12977,16031
8592,16031
4896,16031
17034,16033
16457,16033
2847,16033
17601,16034
17601,16040
12514,16041
1730,16041
15841,16041
22287,16045
10684,16045
20641,16045
24851,16046
12001,16046
15427,16046
18041,16051
10096,16051
18224,16051
5844,16052
3943,16052
2726,16052
22823,16054
13744,16054
20229,16054
9284,16056
11551,16056
21442,16056
199,16059
13441,16059
20859,16059
3637,16060
23302,16060
19138,16060
23138,16062
23322,16062
17601,16063
17601,16066
17601,16067
17601,16069
7474,16070
6471,16070
17601,16071
17601,16074
22,16075
16163,16075
23284,16075
3473,16075
21262,16075
3493,16075
9859,16078
9951,16078
22633,16078
18501,16078
4196,16078
17601,16079
5963,16080
313,16080
312,16080
11141,16080
20929,16081
18460,16081
22915,16081
2040,16081
11779,16083
24052,16083
7220,16085
21235,16085
20987,16085
20235,16085
8011,16085
21366,16085
4868,16085
16375,16085
1810,16085
9220,16085
4370,16085
16845,16086
11778,16086
20508,16086
1105,16086
8175,16086
2159,16088
14605,16088
13126,16088
4173,16088
21841,16088
1913,16094
1191,16095
1361,16095
16588,16095
17510,16095
1426,16095
2176,16095
23013,16095
8021,16095
13066,16095
21505,16095
17601,16102
17601,16103
17601,16104
20919,16105
2409,16105
18593,16105
12941,16105
21807,16105
21213,16105
8121,16105
4404,16105
5175,16105
21980,16105
1509,16106
6841,16106
17601,16107
17601,16108
16922,16110
16148,16110
3130,16110
14488,16110
21966,16110
4981,16110
18820,16111
8458,16111
22240,16111
23086,16111
6652,16111
446,16111
17601,16114
17601,16118
9307,16119
2544,16119
17601,16123
3938,16124
3107,16124
3062,16125
6167,16125
23177,16125
3309,16128
16525,16128
3497,16128
4472,16129
9505,16129
21235,16129
17702,16131
7208,16131
15937,16131
17601,16133
3272,16136
1730,16136
8916,16136
525,16136
12133,16136
17601,16137
10681,16138
13631,16138
20073,16138
20336,16140
1541,16140
900,16140
14989,16146
16682,16146
19089,16146
3354,16146
10631,16148
11827,16148
19476,16148
10607,16148
17601,16150
6668,16152
19379,16152
10202,16152
14208,16152
9975,16153
22217,16153
23283,16153
4682,16153
23326,16155
19499,16155
17319,16157
1175,16174
24023,16174
12036,16174
21939,16174
8593,16174
17601,16179
22206,16182
20243,16182
20433,16182
20628,16182
2939,16200
12249,16200
8260,16200
2675,16200
2546,16200
14284,16200
8714,16200
11821,16200
18664,16200
23401,16200
20174,16200
11498,16220
17804,16220
22915,16220
22497,16226
10345,16226
13000,16226
4844,16227
17375,16227
18842,16227
11359,16229
7616,16229
17601,16230
17601,16231
6155,16232
12812,16232
11585,16232
6473,16236
6270,16236
1861,16236
24223,16237
24236,16237
10963,16237
10878,16238
2595,16239
4472,16239
20643,16239
10803,16240
7471,16240
2497,16240
7291,16240
7681,16240
23994,16240
24533,16240
13759,16240
6104,16240
3951,16240
17401,16241
6275,16241
19960,16242
22915,16242
11160,16242
9468,16250
16541,16250
20737,16250
17601,16251
6544,16258
16892,16258
14961,16258
7747,16258
6562,16258
5090,16258
17601,16260
17601,16273
17601,16274
8404,16276
16174,16276
1050,16276
17601,16277
11866,16279
11778,16279
22806,16281
20508,16281
24327,16281
17601,16282
4956,16283
11692,16283
2880,16283
17601,16284
19782,16286
11479,16286
17601,16288
20628,16290
7276,16290
5443,16290
20636,16293
16674,16293
21019,16296
5204,16296
17601,16297
21080,16298
17553,16298
20469,16298
10458,16299
23138,16299
1801,16301
4897,16301
20508,16301
1536,16301
10921,16303
20321,16303
3862,16303
4740,16303
17601,16305
17601,16306
6268,16309
12627,16309
21312,16309
18051,16309
4407,16311
14062,16311
14449,16311
11866,16314
12523,16314
13000,16314
11848,16316
3101,16316
11025,16316
4898,16318
9504,16318
19860,16318
14107,16319
2734,16319
2880,16319
11819,16319
17601,16321
17601,16323
19009,16327
8992,16327
20181,16327
17601,16328
23635,16329
17649,16330
21343,16330
2662,16330
10962,16332
3210,16332
9253,16332
22313,16332
10320,16333
18812,16333
20643,16333
17601,16334
14449,16338
17601,16339
17601,16340
21354,16346
17601,16350
17601,16351
10000,16352
9604,16352
1536,16352
14143,16355
15144,16355
15706,16355
17601,16360
21113,16365
13550,16365
5151,16365
2573,16366
5540,16366
4341,16368
15770,16368
17071,16368
9502,16370
20518,16370
19094,16370
13022,16371
8476,16371
20204,16372
3887,16372
2159,16372
13224,16374
13476,16374
15859,16374
17601,16375
23329,16377
19068,16377
10345,16377
14839,16379
14107,16379
10872,16379
24665,16380
19009,16380
24223,16380
17601,16382
17601,16385
17601,16388
17601,16389
24798,16390
12141,16390
17474,16391
6447,16391
10305,16391
20628,16393
7276,16393
5443,16393
8694,16395
23129,16395
17601,16396
17601,16399
1861,16400
16493,16400
11498,16400
17601,16405
1801,16407
23326,16407
17707,16407
4382,16407
23514,16408
13184,16408
18083,16408
13411,16408
13392,16408
16039,16408
16599,16408
1420,16408
1977,16408
10316,16408
11421,16408
17601,16411
17601,16412
17601,16413
17601,16414
17601,16416
17601,16417
11778,16418
12173,16418
16457,16418
3898,16423
12977,16423
11187,16423
17601,16424
17601,16425
17601,16427
3119,16431
14449,16431
21562,16431
15254,16432
24495,16432
1657,16432
11448,16433
16547,16433
13068,16433
17601,16434
17601,16435
6080,16438
21133,16438
298,16438
4897,16441
888,16441
18588,16442
14238,16442
12400,16442
17601,16446
8029,16447
19690,16447
354,16447
1471,16447
18162,16447
16862,16447
8826,16447
16846,16447
3526,16447
7276,16448
17997,16448
10988,16448
1801,16448
14749,16448
20643,16448
20040,16453
7368,16453
23645,16453
23213,16453
22332,16453
5860,16455
17115,16455
5033,16455
4691,16455
17601,16457
17601,16458
5828,16460
18690,16460
1045,16460
21070,16460
7524,16460
4408,16461
18429,16461
19647,16461
9604,16461
17985,16461
10189,16464
21487,16464
13000,16464
22998,16464
17601,16466
12514,16470
7937,16470
12007,16470
10910,16470
778,16472
12618,16472
3031,16472
842,16472
16644,16472
22319,16472
2895,16472
17601,16480
17601,16483
23815,16484
12622,16484
3174,16484
13948,16484
7394,16484
13578,16484
15041,16488
2041,16488
3448,16488
5184,16488
19688,16488
19692,16488
6622,16488
4073,16488
7099,16488
292,16488
3537,16488
17601,16490
15585,16491
916,16491
23170,16491
11160,16496
1471,16496
10935,16496
2476,16498
11156,16498
132,16498
20731,16498
17601,16499
11492,16500
10867,16500
11025,16500
17601,16501
17601,16502
17601,16504
17601,16505
14062,16506
20296,16506
14405,16506
14062,16507
12552,16507
20628,16507
5386,16508
23250,16508
21010,16508
11676,16509
20228,16509
13244,16509
6746,16511
1995,16511
1091,16511
23043,16512
17601,16513
17034,16514
22038,16514
662,16514
7631,16518
13387,16518
21343,16518
12370,16518
7944,16518
8905,16522
18051,16522
10560,16522
17601,16525
12006,16531
5925,16531
12021,16531
2655,16531
22508,16531
17005,16531
17601,16532
12400,16533
6690,16533
10684,16533
17998,16536
8220,16536
6817,16536
24235,16536
8923,16536
6304,16536
298,16537
14989,16537
4532,16537
15495,16537
3579,16540
2054,16540
14246,16540
10691,16540
7681,16545
9830,16545
8347,16545
18105,16545
10647,16545
1810,16551
13419,16551
18344,16551
8564,16551
17601,16553
17601,16554
22779,16557
20987,16557
16683,16557
4898,16557
4740,16559
1873,16559
20321,16559
23334,16559
2830,16559
17601,16561
16242,16574
7349,16574
9082,16574
22235,16574
16528,16574
13845,16574
189,16574
5395,16574
5745,16578
16344,16578
770,16578
10294,16578
5732,16578
18606,16578
23255,16578
11757,16578
23125,16579
9628,16579
13436,16579
18451,16579
2668,16579
3441,16579
13294,16579
4934,16580
13294,16580
20135,16580
2848,16580
9248,16580
8192,16586
20429,16586
4327,16586
2399,16586
16279,16586
15283,16586
18004,16586
13544,16590
21623,16590
14385,16590
7899,16590
11957,16590
7003,16590
14449,16590
18786,16590
20380,16590
20905,16590
23842,16590
4741,16590
1483,16590
5291,16590
5997,16590
19511,16597
24379,16597
17822,16597
12110,16597
15537,16597
14209,16597
22770,16597
20125,16597
18582,16597
15719,16597
7418,16597
679,16597
2882,16597
5529,16597
258,16597
5721,16597
10185,16597
17601,16609
15353,16614
23669,16614
21302,16614
13259,16616
13404,16616
11730,16616
17601,16617
7814,16618
12534,16618
17051,16618
17571,16619
10686,16619
11272,16619
16046,16621
20474,16621
20987,16622
12190,16622
5367,16624
20019,16624
21235,16625
14062,16625
4658,16626
5306,16626
8416,16626
11931,16627
23549,16627
22699,16627
17601,16628
3937,16631
16825,16637
7788,16637
23174,16637
13434,16637
10317,16637
8790,16637
21313,16637
17639,16637
6710,16637
7070,16637
15964,16653
13350,16653
3832,16653
17601,16654
17649,16658
17601,16659
4844,16660
23969,16660
10977,16660
17601,16662
21139,16663
17601,16665
17601,16667
12572,16668
16347,16668
7885,16668
19960,16668
1,16671
12310,16671
17601,16675
3668,16677
19138,16677
18715,16677
20859,16682
24360,16682
19259,16682
16777,16683
23322,16683
17601,16685
17601,16687
11447,16688
7714,16688
11075,16688
17601,16690
17601,16694
13286,16698
13284,16698
24235,16699
3003,16699
6778,16699
21343,16700
4721,16700
11479,16700
17601,16701
14130,16704
6689,16705
1801,16705
18083,16705
8300,16705
17601,16706
17601,16707
4328,16708
9212,16708
22336,16708
4103,16711
17734,16711
10673,16711
17601,16712
1631,16714
19796,16714
4173,16714
17601,16715
20181,16716
16493,16716
20297,16716
6920,16719
621,16719
1536,16721
4844,16721
14626,16721
11099,16722
20023,16722
11479,16722
6720,16723
12514,16723
22215,16723
19513,16725
24601,16725
12007,16725
9387,16728
15742,16728
11692,16728
17601,16731
21681,16733
9130,16733
3938,16733
1280,16735
23951,16735
7486,16735
2571,16744
8455,16744
21902,16744
2175,16746
3637,16746
17601,16748
17601,16751
12240,16752
1001,16752
15789,16752
20793,16753
20271,16757
7757,16757
14336,16757
14051,16757
16002,16757
23413,16757
24125,16757
20336,16757
7064,16757
7988,16757
18892,16758
9213,16758
12366,16760
11686,16760
17908,16760
12453,16765
18998,16765
6103,16766
11762,16766
10313,16769
17468,16769
21720,16769
11091,16775
3285,16775
1810,16775
13064,16777
16991,16777
20626,16777
17601,16779
17601,16784
17601,16785
17601,16790
17601,16791
23961,16792
18910,16792
6622,16792
11333,16793
5072,16793
17890,16798
5043,16798
5679,16798
17601,16799
16233,16800
14251,16800
10457,16800
2175,16801
13022,16801
17601,16802
11938,16806
20641,16806
10223,16809
2605,16809
8347,16809
17601,16811
18058,16813
1450,16813
5558,16813
17601,16815
11160,16817
16721,16817
22497,16817
3637,16818
6714,16818
17105,16818
17601,16819
13754,16820
13550,16820
21113,16820
17601,16821
24236,16823
23746,16823
13745,16823
21235,16828
24176,16829
23670,16829
17904,16829
4870,16829
24820,16829
1194,16829
7312,16830
13730,16830
10640,16830
17601,16831
17601,16832
17601,16836
17601,16841
961,16843
13053,16843
20372,16843
10622,16843
17601,16844
9131,16845
19598,16845
19582,16845
16782,16845
13518,16845
40,16845
4295,16845
9695,16845
6402,16845
5230,16845
17601,16853
24810,16855
12246,16855
22784,16855
23647,16855
6679,16858
24003,16858
9380,16859
12817,16859
8947,16859
14444,16860
14118,16860
6084,16860
22904,16860
16319,16860
24370,16860
4395,16860
2289,16860
382,16860
8673,16861
23213,16861
18891,16861
17672,16861
3119,16863
7586,16863
20703,16863
17415,16865
8476,16865
2143,16865
20191,16865
1505,16865
24,16865
17601,16866
5262,16870
6572,16870
17601,16871
5433,16872
15853,16872
19128,16872
10382,16872
1338,16872
5859,16872
11870,16872
18786,16876
10988,16876
10073,16876
13000,16876
17601,16881
17601,16883
17601,16886
167,16887
5878,16887
14599,16887
17027,16887
10900,16887
19148,16887
19629,16887
19326,16887
18832,16887
22003,16887
8436,16888
2880,16890
11912,16890
9990,16890
2027,16892
12457,16892
14527,16892
17601,16893
4073,16898
11938,16898
9628,16898
6714,16899
17601,16900
12465,16903
7387,16903
7006,16903
209,16903
17601,16904
22434,16906
11414,16906
17601,16908
17601,16909
13753,16912
7616,16912
16394,16912
6928,16912
1701,16915
11867,16915
24089,16916
17601,16917
17601,16918
17601,16922
17601,16923
17384,16931
21772,16931
17601,16936
8655,16957
8818,16957
5002,16957
23144,16957
13744,16957
20927,16957
14213,16964
13638,16964
5909,16964
5341,16964
12242,16964
344,16964
6929,16964
12237,16964
6473,16964
6286,16964
8199,16964
9277,16964
9284,16964
10532,16964
4240,16964
3996,16964
4505,16964
3716,16964
3573,16981
13622,16981
575,16981
22947,16981
22069,16981
2304,16981
10706,16981
3435,16981
14553,16981
14261,16981
9016,16981
15520,16981
12216,16981
1551,16981
15394,16986
23368,16986
2885,16986
17601,16989
11938,16992
4641,16992
16688,16992
11319,16995
21626,16995
18958,16995
4898,16998
2605,16998
390,16998
298,17000
17649,17000
10000,17000
4420,17001
15965,17001
17601,17021
8296,17029
2099,17029
3734,17029
3389,17029
8267,17031
24662,17031
11441,17031
17601,17032
13396,17034
17789,17034
3913,17034
9468,17035
16683,17035
17945,17035
18051,17035
3537,17037
14619,17037
5816,17039
2072,17039
16599,17040
3477,17040
23715,17040
12761,17041
839,17041
1873,17042
3976,17042
17601,17044
10681,17046
22313,17046
4721,17046
17601,17047
15460,17050
7656,17052
17649,17052
20703,17052
19893,17053
5386,17053
20950,17053
18083,17057
3632,17057
14099,17057
6180,17058
10443,17058
6212,17058
12198,17058
2570,17059
3965,17059
4527,17059
10345,17059
19183,17060
11831,17060
20457,17060
1661,17062
804,17062
18779,17062
21017,17063
24025,17063
18842,17063
23052,17063
17601,17064
17601,17065
10300,17066
21967,17066
4754,17066
10659,17067
9446,17067
5081,17067
20987,17067
4472,17068
394,17068
11002,17068
17253,17070
16476,17070
17254,17070
17601,17072
8360,17076
11692,17076
19499,17076
13095,17077
6167,17077
18715,17077
18415,17077
8702,17078
22668,17078
1715,17078
5386,17081
14978,17081
17601,17082
17601,17083
11974,17085
18512,17085
4831,17085
23684,17085
17354,17086
14436,17086
2699,17087
22538,17087
17536,17087
17756,17087
11768,17088
12552,17090
9284,17090
19003,17090
8404,17091
2880,17091
3976,17091
17601,17092
17601,17095
7140,17097
17601,17101
17601,17103
17601,17104
17601,17105
17601,17106
7200,17110
4306,17110
6102,17112
20950,17112
6304,17112
18749,17115
16985,17115
17601,17117
22915,17118
20181,17118
8916,17118
16457,17119
12182,17119
21681,17119
16688,17120
18459,17120
10000,17120
21010,17121
20737,17121
13986,17122
7616,17122
17601,17123
17601,17125
17601,17129
20914,17135
17601,17137
16848,17138
7384,17138
6714,17140
23052,17140
17601,17143
519,17144
15652,17144
23978,17144
17601,17147
17601,17149
17601,17151
17601,17155
24798,17159
10340,17159
5540,17159
8416,17163
11160,17163
1701,17163
17601,17166
17601,17167
17601,17168
5378,17169
22284,17169
1698,17169
23713,17169
12627,17170
11160,17170
5515,17170
17601,17171
1689,17172
9281,17172
6143,17172
17601,17178
17601,17180
8220,17181
1059,17181
23811,17181
4942,17182
19413,17182
18935,17182
17601,17183
17601,17186
17601,17188
13392,17189
1730,17189
17649,17189
17601,17190
17601,17191
9994,17192
24270,17192
23305,17192
17601,17194
17034,17196
8916,17196
20181,17196
14453,17198
9131,17198
10068,17198
15572,17199
9201,17199
2504,17199
17601,17202
17601,17204
17601,17207
6798,17208
24262,17208
21058,17208
12374,17208
19568,17208
16139,17208
15146,17208
298,17208
2847,17208
10879,17208
7671,17208
9180,17208
3604,17210
5944,17210
7576,17210
9091,17210
10049,17210
22439,17210
24510,17210
20336,17210
1431,17210
14288,17210
1087,17212
6347,17212
17601,17213
17601,17215
17601,17216
17601,17221
17601,17222
18160,17223
18301,17223
9788,17223
14507,17223
17601,17224
22659,17227
10489,17227
13167,17227
13193,17227
13267,17227
21683,17227
17037,17227
7200,17227
4532,17227
17963,17227
20737,17228
3958,17228
7269,17228
18051,17228
18459,17231
455,17231
16111,17231
16759,17231
10345,17231
22284,17231
11329,17231
15074,17231
22287,17231
10740,17231
8992,17234
12291,17234
98,17234
7650,17234
17440,17234
12676,17234
5871,17234
20386,17234
16731,17234
16768,17234
11741,17235
8295,17235
10602,17235
24307,17235
20343,17235
18819,17235
21883,17235
17601,17238
17601,17240
10340,17241
17001,17241
19499,17241
17138,17241
17601,17243
17601,17244
17601,17245
17601,17249
17601,17253
17601,17255
3962,17257
12005,17257
5386,17257
11871,17259
22338,17259
4416,17259
10788,17261
10340,17261
12366,17264
2411,17264
13722,17264
17805,17264
21343,17265
12374,17265
13000,17265
17601,17266
9597,17269
13903,17273
8363,17273
12195,17274
14444,17274
11010,17274
17601,17286
2616,17293
12374,17293
5927,17293
21239,17293
20180,17294
5232,17294
12514,17294
14497,17294
18455,17294
18830,17294
4699,17301
10988,17301
17537,17301
8916,17306
18451,17306
7656,17306
11866,17306
21993,17308
18559,17308
6395,17308
885,17308
17601,17310
23055,17312
11861,17312
3477,17312
3448,17312
4198,17312
1096,17312
13436,17313
12187,17313
12790,17313
17172,17315
21957,17315
6420,17315
9468,17315
16644,17315
10616,17315
10686,17315
16325,17315
22108,17315
13642,17316
7222,17316
4908,17316
22779,17316
885,17316
6418,17316
18552,17322
22190,17322
17692,17322
7328,17322
7094,17323
14670,17323
16397,17323
22136,17323
15004,17323
3371,17326
22481,17326
1000,17326
24303,17326
14472,17326
4966,17326
21334,17326
21580,17326
14241,17326
3417,17326
11722,17335
11730,17335
16025,17335
21775,17339
4149,17339
4721,17339
6919,17340
19885,17340
10626,17340
4436,17341
10070,17341
1644,17343
19773,17343
17601,17345
18272,17346
21596,17346
21200,17346
17500,17346
665,17346
17698,17346
17601,17349
5125,17353
18891,17356
24337,17356
9604,17357
9874,17357
1487,17357
19080,17359
10659,17359
1155,17359
8802,17363
15362,17363
12522,17363
7944,17364
11091,17364
4181,17364
17601,17365
20181,17366
16985,17366
23746,17366
17601,17368
6622,17370
20502,17370
12908,17370
5227,17372
13824,17372
18347,17372
916,17374
4898,17374
13404,17374
17601,17375
16918,17376
21734,17376
17601,17377
17601,17378
18535,17381
13631,17381
22497,17381
24838,17382
17034,17382
13198,17382
3770,17383
14342,17383
24416,17383
1631,17385
11721,17385
20737,17385
17601,17392
8583,17393
17299,17393
13238,17393
17601,17394
23570,17395
16220,17395
7049,17395
17214,17396
10313,17396
20296,17396
2436,17397
11992,17397
5679,17397
1730,17399
16745,17399
11075,17399
7750,17402
23456,17402
24769,17402
17601,17403
4721,17404
2885,17404
11156,17405
20073,17405
19690,17405
9029,17405
4658,17407
16683,17407
11935,17407
12198,17407
9387,17408
19723,17408
11686,17408
10729,17409
2880,17409
6167,17409
14921,17409
5921,17410
1255,17410
3899,17410
21505,17410
14130,17414
13404,17414
14062,17414
21343,17414
23177,17414
7299,17414
9692,17416
23628,17419
3550,17419
24247,17419
10052,17421
4837,17421
18715,17422
3021,17422
19080,17422
2270,17423
12888,17423
18664,17426
18483,17426
6450,17426
6270,17427
19625,17427
21017,17427
17601,17428
6622,17429
4658,17429
20508,17429
21354,17429
15841,17430
21133,17430
21295,17430
14343,17430
14815,17431
15448,17431
8575,17431
19153,17434
3455,17434
12138,17434
804,17434
2638,17436
6581,17436
6829,17436
24489,17437
18357,17437
2197,17437
11778,17440
24262,17440
19128,17442
24196,17442
2662,17443
16721,17443
23715,17445
8926,17445
13419,17446
3439,17446
17601,17450
17601,17451
17601,17452
9281,17453
4898,17453
2769,17453
17601,17455
19749,17456
7714,17458
6432,17458
11682,17459
17852,17459
12779,17459
7656,17461
9505,17461
1182,17465
21781,17465
23213,17465
20219,17467
21391,17467
4513,17467
17426,17468
17601,17469
23715,17472
7570,17472
7616,17472
1017,17473
17172,17473
13195,17473
17601,17474
17601,17475
17908,17476
19952,17476
19468,17476
5540,17479
24235,17479
1634,17479
17601,17480
17601,17481
16394,17484
11757,17484
961,17484
3119,17485
24665,17485
12627,17485
17601,17486
17601,17487
17601,17490
17601,17493
12062,17494
11816,17494
6778,17494
17601,17496
12656,17497
916,17497
20667,17497
21058,17498
3938,17498
7338,17498
17601,17501
17601,17505
17601,17508
16985,17509
23842,17509
10223,17509
17601,17510
19554,17511
14697,17511
7081,17511
17601,17518
7008,17520
20641,17520
10378,17520
17601,17524
17601,17525
19733,17526
3958,17526
18415,17526
17601,17527
17601,17528
16683,17535
7200,17535
5704,17535
6088,17538
15370,17538
11544,17538
11618,17538
10053,17538
6622,17538
10909,17538
10229,17538
10661,17538
10420,17538
16184,17538
15887,17538
3190,17538
24257,17538
18596,17538
17650,17538
3210,17539
3421,17539
17601,17540
24783,17543
9639,17543
10909,17543
17601,17547
660,17548
11011,17548
17601,17549
11692,17552
20180,17552
5093,17552
6413,17552
22379,17552
19722,17552
10572,17557
13642,17557
240,17557
11226,17557
13520,17557
3876,17557
7175,17557
6860,17558
10345,17558
23213,17558
525,17558
23547,17559
7616,17559
21295,17559
12960,17559
9970,17559
17601,17560
4956,17566
1079,17566
8954,17566
13419,17566
16491,17568
23645,17568
14371,17568
961,17568
22210,17568
22257,17568
16326,17568
17601,17570
6052,17574
2035,17574
11969,17574
20553,17574
17823,17574
19483,17577
21386,17577
2128,17577
10340,17577
23805,17577
18259,17579
6402,17579
9835,17579
2019,17579
22915,17579
4897,17579
17601,17580
17601,17581
9934,17584
9733,17584
14976,17584
13875,17584
17601,17585
19800,17590
4955,17590
22983,17590
5537,17590
8647,17590
9139,17590
14327,17590
17601,17592
6581,17594
20914,17594
3199,17596
10340,17596
16571,17596
4157,17597
10443,17597
11328,17597
1701,17597
4645,17597
18230,17599
14251,17599
11692,17599
19208,17600
13064,17600
8008,17601
298,17601
3976,17603
19960,17603
19860,17603
4658,17604
14332,17604
23322,17604
17601,17605
23150,17606
7879,17606
9504,17608
887,17608
21010,17608
17601,17609
17107,17615
3275,17617
10248,17617
24211,17617
15284,17618
13759,17618
20562,17618
18780,17618
11218,17619
15955,17619
24417,17620
6622,17620
24,17622
12190,17622
9389,17622
21235,17622
12238,17623
12577,17623
6473,17623
20739,17625
15278,17625
20871,17625
17601,17627
17601,17628
17601,17629
17601,17630
17601,17631
6270,17632
2570,17632
2999,17632
298,17632
10977,17639
18891,17639
15370,17639
17601,17642
24196,17644
1059,17644
10984,17644
7546,17647
10715,17647
918,17647
14473,17647
21354,17647
15284,17648
23368,17648
12376,17648
2848,17648
674,17649
17884,17649
20532,17649
17601,17650
17601,17653
2885,17654
455,17654
8779,17654
14202,17654
8025,17655
12260,17655
9532,17656
12514,17656
21452,17656
12958,17656
21513,17656
525,17656
13744,17656
18051,17658
4691,17658
9639,17658
3771,17662
15742,17662
687,17662
8416,17662
10458,17662
17601,17667
17601,17671
154,17677
499,17677
17601,17705
21919,17708
10533,17708
11435,17711
16174,17711
24838,17711
10382,17712
1701,17712
12552,17712
2807,17713
10917,17713
24,17715
98,17715
3976,17715
15442,17716
17601,17717
17601,17718
17601,17720
7681,17721
14065,17721
20387,17721
17601,17722
22222,17723
23076,17723
11424,17723
9029,17724
9162,17724
24485,17724
5300,17724
12537,17724
17610,17724
17601,17728
19413,17729
3637,17730
23423,17730
6203,17733
23354,17733
16352,17733
18715,17734
8404,17734
5918,17734
17601,17736
17601,17737
17601,17740
19137,17741
9289,17741
19568,17741
17601,17742
4306,17744
8583,17744
17775,17744
17601,17747
22175,17748
17601,17751
17601,17752
17601,17753
11971,17754
16669,17755
13573,17755
22610,17755
9990,17759
11479,17759
11843,17759
11187,17760
18910,17760
2153,17760
21252,17760
5059,17761
1855,17761
11756,17762
12374,17765
15857,17765
14546,17765
17649,17765
6615,17765
10681,17765
17985,17766
21840,17766
12953,17766
6570,17767
17601,17768
17601,17770
17601,17772
8220,17773
20331,17773
16230,17774
525,17774
23423,17774
17601,17775
17601,17776
17601,17778
6418,17780
12514,17780
6842,17783
9411,17783
5125,17784
4956,17785
8575,17785
4328,17785
8980,17786
20183,17786
16683,17786
6143,17787
21577,17787
22217,17787
18567,17788
3432,17788
17601,17789
24356,17790
5523,17790
4540,17790
10628,17790
19408,17792
12858,17792
24169,17792
1873,17794
11866,17794
20859,17794
24262,17794
916,17797
18051,17797
20914,17797
21235,17799
8623,17799
2847,17799
23144,17801
8404,17801
11846,17801
298,17802
17165,17802
21010,17803
16683,17803
8562,17804
5293,17804
17375,17805
8642,17805
2475,17806
8476,17807
12682,17807
12031,17807
23322,17808
17601,17809
21317,17812
20108,17812
6102,17815
4675,17815
6689,17817
15495,17817
16493,17818
9281,17818
2175,17819
21354,17819
11272,17823
10070,17823
16644,17823
17601,17824
17601,17825
5913,17826
11730,17826
17601,17828
2614,17830
434,17830
887,17830
5355,17832
19970,17832
8939,17832
9506,17834
13177,17834
7917,17834
23052,17838
6143,17838
17601,17843
4423,17844
21188,17844
1155,17845
2638,17845
18588,17845
17601,17847
20572,17848
1861,17850
4472,17850
20929,17850
2571,17851
11194,17851
13759,17851
17601,17852
10977,17853
24360,17853
22336,17853
17601,17855
7656,17858
23322,17858
2350,17858
19499,17859
15841,17859
298,17859
8220,17861
6304,17861
24685,17862
21840,17862
4415,17862
17084,17863
17446,17863
6463,17863
10705,17865
16253,17865
20229,17865
2462,17867
17601,17869
17601,17870
8106,17871
24262,17871
9372,17871
17601,17877
21840,17881
17985,17881
21456,17881
17601,17883
17601,17884
16252,17885
64,17888
3119,17888
1634,17888
17601,17889
17601,17894
19259,17895
4829,17897
17331,17897
4238,17897
17601,17899
5750,17900
6091,17900
1079,17900
31,17901
17601,17902
2416,17904
22060,17904
23018,17904
17601,17909
1801,17910
18496,17910
4196,17910
22740,17911
20303,17911
10916,17911
17601,17912
17601,17913
8286,17917
17929,17917
17998,17917
9527,17917
5230,17917
17601,17920
64,17921
11578,17921
16782,17921
20987,17921
16781,17921
10715,17921
10993,17921
6565,17921
8296,17921
10073,17921
11692,17922
4848,17922
7615,17922
7267,17922
17601,17923
10232,17927
11673,17927
22267,17927
8039,17927
24776,17927
20429,17927
21476,17927
24787,17930
21111,17930
5511,17930
6416,17930
18387,17930
20964,17930
8161,17930
14982,17930
3645,17930
17601,17932
2847,17933
16174,17933
11730,17933
6327,17933
8404,17933
3938,17933
2987,17933
9501,17933
10783,17933
16688,17934
10678,17934
16644,17934
15859,17934
11485,17934
21545,17934
9890,17934
2232,17934
842,17934
1059,17934
17601,17935
17601,17937
17601,17938
17161,17939
21156,17939
11994,17939
12635,17939
17601,17943
17601,17944
16241,17945
6180,17945
18083,17945
16624,17945
2848,17950
9604,17950
7656,17950
17945,17950
22108,17950
10704,17952
2570,17952
19488,17952
18387,17952
17601,17953
15742,17954
18347,17954
7694,17954
3064,17954
20774,17954
722,17954
11188,17954
12238,17954
17601,17956
15006,17958
17237,17958
15051,17958
15417,17958
2664,17958
3928,17958
6385,17958
12122,17958
11481,17958
19816,17958
4280,17959
10672,17959
19682,17959
20950,17961
13037,17961
14589,17961
6148,17963
6167,17963
12310,17963
3637,17964
5390,17964
14332,17964
2476,17965
19208,17965
6798,17965
3234,17966
18779,17966
11982,17966
24173,17967
13370,17967
1488,17968
11011,17971
19568,17971
17737,17971
19488,17973
20135,17973
1631,17973
9468,17975
6180,17975
10047,17975
19259,17976
12512,17976
17601,17977
22806,17978
4472,17978
7222,17978
21312,17978
18537,17979
17972,17979
24783,17979
22362,17980
23248,17980
22822,17980
21366,17980
17601,17984
7052,17986
18051,17986
14251,17986
13614,17987
16220,17987
13579,17987
17601,17988
17601,17989
17601,17990
5973,17993
16394,17993
15076,17993
3778,17994
10686,17994
1194,17994
24201,17997
24157,17997
1810,17997
6742,17998
6963,17998
3654,17998
23862,17999
15741,17999
3801,17999
17601,18000
10933,18003
17145,18003
17131,18003
3084,18003
17210,18003
23323,18005
4415,18005
19782,18005
16744,18010
4556,18010
5881,18010
23901,18010
23728,18010
17601,18012
3130,18016
1225,18016
2662,18016
12195,18016
3756,18016
4793,18016
4382,18020
14247,18020
24168,18020
24013,18020
17601,18021
17601,18022
3734,18030
18779,18030
16248,18030
24175,18037
3796,18037
5872,18037
4942,18037
14824,18037
8623,18037
1300,18037
23368,18037
23178,18037
11194,18038
199,18038
13441,18038
10704,18040
22148,18040
17707,18040
21313,18042
7145,18042
21775,18052
22284,18052
5443,18058
17601,18060
6919,18061
22215,18061
9468,18062
654,18062
3668,18062
6963,18063
19387,18063
5407,18063
17601,18065
16426,18066
3091,18066
17972,18066
17601,18068
3958,18069
19208,18069
2461,18072
17601,18076
17601,18077
17601,18078
11498,18079
21312,18079
19138,18079
16644,18081
10443,18081
4410,18081
918,18081
2857,18081
11871,18082
16991,18083
21343,18083
13785,18085
18515,18085
7222,18086
11866,18086
9289,18086
16782,18088
15448,18088
13095,18088
1536,18090
20180,18090
24253,18090
19860,18090
11905,18091
18812,18091
13631,18091
8920,18092
9917,18092
1635,18092
1536,18093
8916,18093
12374,18093
4359,18094
14883,18095
4410,18095
19858,18095
24237,18095
2734,18096
1505,18096
17601,18097
17601,18098
17601,18099
418,18100
2217,18100
22714,18100
22402,18102
4181,18102
19009,18102
21391,18103
23514,18103
4383,18103
64,18106
15116,18106
20929,18106
2339,18108
1192,18109
16792,18109
944,18109
17601,18110
17601,18111
24107,18112
22209,18112
19411,18112
21663,18112
21545,18113
15762,18113
9239,18113
17601,18116
3530,18117
23883,18117
7427,18117
16046,18118
1017,18118
5913,18118
7771,18121
17480,18121
20122,18121
20170,18122
13065,18122
19893,18122
17601,18123
8868,18125
7463,18125
18974,18125
17687,18125
17601,18128
17446,18129
14683,18129
17545,18129
21231,18130
22984,18130
4079,18130
23129,18132
4407,18133
2855,18133
21268,18133
17825,18134
3668,18134
17601,18135
20643,18136
16447,18136
5860,18136
12674,18138
24781,18138
11075,18138
15761,18139
23451,18139
22096,18139
2268,18140
4866,18140
5628,18141
8894,18141
17005,18145
24769,18145
24601,18145
24289,18146
17890,18146
17601,18153
14449,18156
15277,18156
7710,18156
20987,18157
3448,18157
17601,18160
11498,18161
8476,18161
98,18161
17020,18163
13218,18163
17707,18164
18273,18164
12374,18164
12013,18165
10948,18165
21602,18165
8404,18166
11757,18166
11187,18167
24,18167
14749,18167
20731,18176
64,18176
12141,18176
6576,18180
14372,18180
21070,18180
17601,18181
9029,18184
22972,18184
21840,18184
9505,18186
14473,18186
20737,18186
9799,18189
17601,18190
7269,18193
10995,18193
16252,18193
17114,18195
3958,18198
20181,18198
10453,18198
17601,18199
833,18200
2790,18200
9639,18200
17601,18205
2825,18208
1672,18208
21453,18209
11441,18209
5306,18209
17601,18210
1059,18211
8296,18211
15034,18211
17601,18212
17601,18213
17601,18215
17601,18216
4658,18218
23971,18218
19692,18218
6720,18220
3706,18220
13570,18220
21312,18220
3349,18224
24,18224
16993,18224
15857,18226
23213,18226
22287,18226
17601,18227
10542,18231
11317,18231
23670,18231
14920,18232
6426,18232
8550,18232
17601,18233
6798,18234
17601,18235
23052,18236
6950,18236
16538,18236
17601,18239
17601,18240
16730,18242
20572,18242
11760,18242
17601,18248
10715,18249
8476,18249
4641,18249
12133,18251
13999,18251
2662,18251
8578,18251
16139,18251
21840,18252
18841,18252
4751,18252
17601,18253
17601,18254
19086,18255
19772,18255
20734,18255
19961,18255
12473,18255
16880,18255
17601,18259
4417,18260
14449,18260
1044,18260
1789,18260
912,18260
4151,18260
6978,18260
5064,18260
24235,18260
5709,18260
24223,18260
17415,18260
17998,18260
17601,18264
16651,18267
17161,18267
24658,18267
17601,18270
5094,18272
20940,18272
6810,18272
6193,18272
10252,18274
12189,18274
12730,18274
13378,18274
5228,18274
9970,18274
13892,18274
17515,18274
19915,18274
1755,18274
17601,18275
17601,18277
17601,18282
20180,18284
2886,18284
14660,18284
21113,18285
11187,18285
3210,18285
10345,18285
16599,18290
4359,18290
18051,18290
13335,18291
7643,18291
23100,18291
7273,18292
12141,18292
15987,18292
8404,18293
17722,18293
23713,18293
14075,18294
15448,18294
20135,18296
199,18296
10081,18296
2288,18296
3210,18297
16683,18297
17601,18298
6221,18299
3352,18299
20612,18299
9628,18304
17084,18304
11853,18304
7140,18305
13448,18305
19259,18306
8992,18306
20502,18306
22915,18308
2807,18308
17601,18309
18899,18310
22311,18310
13438,18310
10718,18310
7422,18310
17601,18311
169,18312
8994,18312
15040,18312
17601,18313
3677,18314
16627,18314
17789,18315
12512,18315
20987,18315
9387,18316
9231,18316
1584,18316
12514,18317
5750,18317
2885,18317
15278,18317
17601,18319
6798,18320
11194,18320
18842,18320
16177,18321
14497,18321
15742,18321
11938,18322
12656,18322
2956,18322
3109,18324
10378,18324
8623,18324
4073,18331
10961,18331
4537,18333
20019,18333
13730,18333
17601,18334
19488,18336
4073,18336
20905,18336
8220,18337
13064,18337
19080,18337
12977,18337
9880,18338
11640,18338
21788,18338
8391,18338
1850,18338
7905,18338
9037,18338
1835,18338
17601,18340
20228,18341
20737,18341
6148,18341
4691,18343
5443,18343
17601,18344
17601,18346
17649,18347
23715,18347
13000,18347
4320,18347
8476,18347
7269,18347
6978,18347
9505,18347
19960,18347
13256,18350
18690,18350
21070,18350
17601,18354
17601,18363
20229,18364
11692,18364
12514,18364
16624,18364
17601,18372
11757,18373
20296,18373
15394,18373
3199,18375
13496,18375
7238,18375
12182,18376
16457,18376
21681,18376
3455,18380
7685,18380
22884,18380
4721,18381
23423,18381
23811,18381
17601,18382
14837,18385
18797,18385
3102,18385
17601,18387
3448,18388
12656,18388
23201,18388
23695,18390
2605,18390
16821,18391
1536,18392
5308,18392
1947,18392
17601,18393
14107,18394
22287,18394
17415,18394
17601,18396
17601,18397
14839,18399
23971,18399
18483,18400
18886,18400
19085,18400
18051,18404
10576,18404
17601,18405
16211,18406
9030,18406
1407,18406
6635,18406
3479,18406
7544,18407
6932,18407
3085,18407
4259,18409
2941,18409
20005,18409
17601,18412
17601,18415
17601,18416
20235,18419
17415,18419
11011,18419
3938,18420
8992,18422
2880,18422
12190,18423
15284,18425
20731,18425
9505,18426
16447,18426
13476,18427
12514,18427
12376,18427
15964,18431
11329,18431
23138,18432
6018,18433
20132,18433
19768,18434
16602,18434
20643,18435
6689,18435
8360,18436
8916,18436
2668,18437
19009,18438
23302,18438
4682,18439
10201,18439
6932,18440
1488,18440
9194,18442
17865,18442
8099,18443
17890,18443
8084,18443
1808,18444
3230,18445
8599,18445
17601,18446
15588,18447
13746,18447
18144,18447
17601,18448
18347,18451
21774,18451
17165,18451
17601,18452
6268,18453
12190,18453
16248,18453
13547,18454
4370,18454
17601,18455
24173,18457
13533,18457
9979,18458
10955,18458
19433,18458
17601,18459
17601,18460
20294,18461
4885,18461
6132,18461
2605,18462
24,18462
3876,18462
17601,18463
19782,18464
8161,18464
20410,18464
12007,18464
21249,18466
23794,18466
11931,18466
17601,18471
14230,18472
4724,18472
10070,18472
11894,18474
15763,18474
16800,18474
17354,18474
2175,18474
23668,18474
22765,18474
20747,18474
1486,18474
22899,18474
17601,18478
6872,18479
1776,18479
1194,18479
21681,18479
18136,18480
7616,18480
9446,18480
21948,18481
7299,18481
10654,18481
24081,18482
22147,18482
107,18483
6304,18483
13419,18483
20183,18483
19932,18487
5289,18487
14660,18487
20186,18489
13297,18489
13263,18489
5227,18490
3386,18490
9253,18490
11182,18490
21558,18492
18842,18492
9181,18492
17601,18493
13918,18495
14184,18495
11479,18497
8390,18497
13000,18497
16683,18497
24598,18498
24640,18498
9377,18498
8655,18499
8926,18499
11440,18500
16721,18501
1589,18501
5372,18504
15642,18504
21036,18505
22629,18505
2570,18511
8916,18511
16230,18512
14062,18512
7286,18513
20783,18513
2040,18514
16853,18514
23746,18515
3876,18515
17601,18516
21689,18517
20180,18519
5125,18519
17601,18521
17601,18525
17601,18527
17601,18529
10369,18533
19454,18533
12238,18533
17601,18534
22708,18536
23670,18536
1505,18536
17601,18538
17601,18540
17601,18542
17601,18543
2880,18544
13547,18544
18588,18545
17601,18549
17601,18550
18143,18553
24807,18553
17415,18553
18387,18553
23302,18553
1338,18553
16538,18553
10131,18554
14342,18554
15012,18554
17601,18556
20643,18557
2570,18557
19488,18557
16683,18560
2844,18560
24248,18563
18069,18563
803,18563
17601,18564
14371,18567
16262,18567
24658,18567
12718,18568
21895,18568
21850,18568
6495,18568
9874,18571
11866,18571
23201,18571
17601,18572
1631,18574
23478,18574
5306,18574
12209,18576
24776,18576
15370,18576
7172,18579
16174,18579
662,18585
16064,18585
23805,18585
17601,18589
9619,18590
4691,18590
362,18590
17601,18591
10687,18592
4527,18592
18588,18592
14449,18593
1059,18593
12514,18593
20113,18594
11692,18594
5078,18594
17601,18599
12374,18601
847,18601
7917,18601
16874,18603
5227,18603
13744,18603
17601,18607
1471,18609
12512,18609
22362,18609
19447,18610
24678,18610
20169,18610
8808,18611
2638,18611
8476,18614
10977,18614
22645,18615
1471,18615
23356,18615
17929,18615
23842,18615
22070,18615
17601,18618
24236,18620
6796,18620
16379,18620
10895,18623
20137,18623
2848,18625
24,18625
17226,18625
24029,18625
17601,18629
17601,18632
24013,18636
855,18636
7273,18636
9773,18641
12513,18641
18220,18641
5845,18641
20289,18641
17180,18641
12182,18641
7323,18645
11976,18645
4156,18645
11736,18645
12606,18645
21188,18645
3392,18645
10906,18645
14751,18645
13991,18645
12374,18647
3976,18647
4073,18647
20471,18647
17601,18648
13032,18649
4173,18649
2847,18649
10681,18649
20518,18650
10647,18650
22241,18650
18114,18650
19533,18650
22897,18650
17202,18650
10506,18650
649,18650
10622,18658
1050,18658
16541,18658
11682,18658
17601,18659
11535,18663
9998,18663
23722,18663
20628,18666
5443,18666
7276,18666
19697,18669
19848,18669
6638,18669
4093,18670
3229,18670
16160,18672
9979,18672
3447,18672
22361,18672
17440,18672
17601,18673
17601,18678
12514,18679
6143,18679
6135,18679
17601,18680
19073,18682
1873,18682
19752,18682
13547,18683
3386,18683
16488,18683
7223,18683
20703,18685
21555,18685
10048,18688
12840,18688
16793,18688
16206,18688
9289,18689
24,18689
11668,18691
24235,18691
23423,18696
20475,18696
20296,18696
17601,18698
17601,18700
17601,18701
6581,18703
11757,18703
5455,18716
13022,18716
10670,18716
20929,18717
10443,18717
6180,18719
8011,18719
14449,18719
17601,18723
17601,18731
17601,18733
7710,18735
15277,18735
14449,18735
7917,18735
9440,18736
20873,18736
23329,18736
16336,18736
6551,18736
11196,18736
17601,18739
20987,18749
11692,18749
16046,18749
17601,18753
17601,18756
22788,18758
16359,18758
7267,18758
2884,18761
3876,18761
13397,18761
10935,18763
14792,18763
5074,18763
4370,18764
9757,18764
11187,18764
16691,18764
6213,18765
21092,18765
10201,18765
17601,18767
7546,18770
20987,18770
17046,18770
17601,18771
4724,18775
6932,18775
4157,18775
17601,18776
10686,18778
1094,18778
12987,18778
582,18778
15538,18779
19568,18780
19499,18780
5531,18780
2605,18781
6781,18781
3962,18781
21602,18785
13249,18785
17601,18786
21545,18787
3869,18787
13604,18787
17601,18790
17601,18791
4030,18794
9735,18794
19838,18795
3178,18795
3107,18797
8404,18797
22388,18798
12462,18798
24704,18799
9478,18799
23574,18800
23978,18800
6103,18801
20426,18803
10531,18804
11135,18804
19449,18805
10427,18805
21813,18806
9389,18806
5677,18807
21632,18807
23368,18810
21890,18810
9248,18813
6781,18813
20235,18814
3107,18814
15912,18815
15965,18815
15125,18816
10435,18816
6772,18817
15741,18817
7882,18818
5745,18818
17601,18820
17601,18821
23978,18822
4269,18822
4328,18822
7540,18823
12731,18823
17440,18823
16248,18825
21453,18825
5973,18825
13113,18826
12687,18826
22547,18826
15618,18826
3816,18827
23972,18827
10829,18827
21282,18828
20712,18828
20475,18828
6304,18830
20489,18830
15919,18830
19527,18830
5408,18830
17601,18831
4391,18833
17747,18833
18015,18833
22148,18834
17601,18836
5293,18837
22206,18837
7200,18837
3668,18846
6103,18846
9468,18846
2570,18849
12627,18849
11011,18849
17649,18851
12977,18851
23020,18853
11075,18853
18724,18853
1006,18854
21354,18854
10628,18854
7546,18854
17601,18856
5627,18857
1873,18857
3734,18857
688,18857
15024,18858
10704,18858
12292,18858
1536,18859
4339,18859
8476,18859
4002,18860
3782,18860
13810,18860
2019,18861
6275,18861
9461,18866
24415,18866
12919,18868
2168,18868
2847,18870
6581,18870
14989,18870
3637,18870
24253,18871
16174,18871
20081,18873
2597,18873
5529,18875
1505,18875
17601,18878
23380,18879
14634,18879
18007,18888
4181,18888
1689,18888
6368,18891
21321,18891
11329,18894
22287,18894
17649,18895
23178,18895
16846,18895
19885,18896
20737,18897
7200,18897
22402,18897
1631,18899
21456,18899
19682,18899
21775,18901
19138,18901
11907,18901
17601,18903
12634,18904
10379,18904
24601,18904
18361,18906
12817,18906
22271,18907
20140,18907
23233,18907
814,18909
5259,18912
3272,18912
12138,18912
17601,18915
10972,18918
7378,18918
20228,18918
17601,18920
22972,18923
11762,18923
9212,18923
14449,18927
6268,18927
10560,18927
17601,18929
17601,18932
23201,18934
662,18934
6277,18934
17601,18935
17601,18936
17601,18938
3170,18939
15965,18939
7917,18944
3768,18944
1105,18944
20229,18945
7149,18945
856,18947
10715,18947
17601,18949
16174,18950
17601,18951
17021,18952
7611,18952
3211,18952
13744,18956
24292,18956
15585,18956
6441,18958
7525,18958
19960,18958
17601,18963
11762,18966
9628,18966
23125,18966
13436,18966
17601,18967
8170,18968
3210,18968
24223,18968
21104,18968
22235,18968
16394,18968
13022,18968
10875,18968
14449,18968
13419,18973
4415,18973
13335,18973
13198,18973
6568,18975
14630,18975
20559,18975
23693,18975
24666,18977
964,18977
6791,18982
2326,18983
3803,18983
24421,18983
2318,18983
1108,18983
24618,18983
17932,18985
21104,18985
15353,18985
17876,18985
3593,18985
6562,18985
21639,18985
24181,18985
11552,18985
14636,18985
17601,18986
17601,18989
17945,18990
22904,18990
11778,18990
17601,18995
4224,18997
4740,18997
20126,18997
18842,18997
17997,18999
11011,18999
4829,18999
16691,18999
10686,18999
11091,19001
19149,19001
8347,19001
6996,19002
12198,19002
21343,19002
21133,19002
3962,19002
10448,19003
20124,19003
12522,19003
3876,19003
20001,19003
17601,19004
17601,19005
17601,19007
23138,19008
7374,19008
5833,19008
22063,19008
24181,19008
7004,19008
7710,19009
6714,19009
18588,19009
4181,19010
2880,19010
18780,19010
17737,19010
4792,19011
935,19011
3668,19012
9824,19012
11160,19012
22972,19015
15857,19015
6522,19017
1721,19017
6832,19017
18272,19017
11871,19018
2413,19018
4416,19018
18887,19019
13407,19019
12565,19019
20859,19020
804,19020
23206,19021
20671,19021
14357,19021
17601,19024
17601,19025
7206,19027
11162,19027
11176,19030
22009,19030
2106,19030
1995,19030
23702,19034
6710,19034
16192,19034
9166,19035
15073,19035
17601,19036
18051,19038
12457,19038
18842,19038
8396,19039
47,19040
11973,19041
17271,19041
16684,19041
11934,19041
22287,19042
8779,19042
23423,19042
23715,19043
15076,19043
1631,19043
13474,19045
10665,19045
3308,19045
20508,19045
10866,19045
18842,19046
3492,19046
17601,19047
17601,19051
17601,19052
7656,19054
16736,19054
8571,19054
17601,19056
17601,19057
17601,19059
17601,19060
19217,19062
17601,19068
17601,19070
14106,19079
2811,19079
9255,19079
3107,19082
8404,19082
16174,19082
13419,19090
6091,19090
24292,19090
21456,19092
18891,19092
13022,19092
1427,19094
6950,19094
3791,19094
16174,19095
9239,19095
17440,19096
19313,19096
4885,19096
17601,19097
20040,19098
7656,19098
17601,19099
6978,19100
19080,19100
16878,19100
3272,19101
19488,19101
4699,19101
17601,19103
18891,19104
22287,19104
3958,19104
22303,19106
17115,19106
22009,19106
1113,19108
23208,19108
7616,19110
20429,19110
2668,19111
10340,19111
17737,19113
21325,19113
16006,19113
9602,19113
20603,19116
17541,19116
10787,19116
17601,19117
6708,19118
20135,19118
22313,19119
9289,19119
3668,19121
11025,19121
144,19121
16703,19122
21269,19122
1739,19123
9835,19123
6572,19124
5443,19125
4825,19126
11762,19126
10000,19127
8916,19127
17601,19131
21452,19133
6625,19133
11730,19134
2886,19134
20241,19135
7525,19135
9799,19137
7584,19137
17601,19138
7742,19139
2242,19139
11843,19142
5669,19143
11700,19143
20158,19143
19893,19147
12679,19147
17226,19147
12518,19148
1701,19148
3609,19148
7658,19151
13949,19151
21003,19151
19625,19151
5866,19152
23055,19152
6228,19152
17601,19153
21212,19154
5459,19154
2964,19154
21875,19155
22658,19155
22624,19155
20429,19156
3386,19156
9446,19156
13064,19156
6552,19157
17601,19158
23302,19159
10161,19159
15841,19159
10453,19159
23177,19160
20950,19160
18484,19160
17601,19163
12400,19165
298,19165
24292,19165
11479,19165
21781,19165
3492,19165
5427,19170
11459,19170
6442,19170
17601,19171
17586,19173
9378,19173
16104,19173
17252,19173
19009,19174
15076,19174
2992,19174
10867,19174
11730,19174
11222,19174
23549,19175
15394,19175
6631,19175
17601,19176
13517,19178
19253,19178
16395,19178
6953,19179
7466,19179
23776,19179
24253,19180
15965,19180
8213,19180
4306,19181
22038,19181
2242,19181
11479,19182
6689,19182
1661,19182
17601,19184
17601,19185
3201,19186
4691,19186
3938,19186
17601,19187
17601,19188
14130,19189
6673,19189
17601,19191
17601,19192
11843,19194
14660,19194
9393,19195
14093,19195
3673,19196
6465,19196
7402,19197
22195,19197
10911,19197
17601,19199
8980,19201
13476,19201
9281,19201
17601,19202
17601,19203
9432,19204
10070,19204
15857,19206
11479,19206
4181,19206
5428,19207
22827,19207
8152,19207
16644,19208
20914,19208
12955,19208
17601,19209
4691,19211
7944,19211
1155,19211
17601,19212
4359,19213
18715,19213
19488,19213
15965,19214
19664,19214
17601,19215
17601,19216
13651,19217
22209,19217
17601,19220
17601,19226
24235,19228
24360,19228
17601,19229
17601,19232
17601,19233
17601,19234
17601,19235
19554,19236
22210,19236
19782,19236
19766,19240
22058,19240
17601,19242
11676,19244
2153,19244
18945,19250
17601,19253
17601,19257
17601,19259
12629,19263
17601,19264
10382,19267
15284,19267
7172,19267
4073,19269
6473,19269
10443,19269
17601,19270
1702,19273
6690,19273
11668,19273
17601,19277
17601,19278
23524,19279
3448,19279
17601,19280
14332,19282
7200,19282
15841,19282
17601,19284
21289,19287
778,19287
3477,19287
20073,19290
6091,19290
7051,19290
18664,19290
17601,19291
17601,19294
860,19296
22530,19296
21893,19296
22452,19296
14888,19296
3517,19296
17601,19297
17601,19298
17601,19300
11479,19301
4417,19301
21235,19301
1155,19301
20471,19301
20950,19301
18459,19301
21242,19305
8230,19305
13227,19305
20568,19305
17601,19309
17601,19311
19939,19312
8674,19312
17342,19312
1397,19312
5120,19312
8214,19312
23747,19316
3219,19316
3110,19316
4510,19316
10340,19316
6135,19324
5529,19324
16852,19324
4942,19324
13844,19327
10928,19327
3976,19327
2476,19327
20643,19327
15857,19327
11806,19331
7917,19331
2040,19331
11871,19331
6772,19331
11199,19332
9838,19332
18143,19332
16452,19332
19762,19333
6180,19333
4356,19333
4532,19333
1105,19341
15088,19341
9743,19341
15957,19342
3272,19342
17649,19342
17601,19343
17601,19344
7200,19345
20170,19345
20987,19345
6491,19346
8634,19346
22016,19346
11979,19346
20991,19346
14788,19346
4094,19346
15422,19346
862,19346
2521,19346
16558,19346
9593,19346
11988,19346
7862,19346
11204,19346
79,19346
17601,19347
20089,19348
8779,19348
20428,19348
15585,19348
24262,19348
2668,19349
4157,19349
13095,19349
17601,19351
778,19353
11992,19353
21890,19353
24292,19353
17601,19354
295,19355
3439,19355
15251,19355
19408,19356
10686,19356
16215,19356
199,19357
7222,19357
9611,19359
10427,19359
21545,19359
6136,19362
23961,19362
17601,19364
16177,19367
12977,19367
18588,19367
18136,19368
525,19368
3876,19368
18664,19369
5523,19369
18891,19369
6781,19370
3386,19370
16248,19370
21612,19371
15896,19371
13392,19371
17601,19373
17601,19375
24289,19377
11545,19377
20181,19379
24337,19379
13177,19379
8612,19380
16177,19380
18999,19380
13224,19384
6380,19384
19413,19384
17601,19385
17601,19386
17601,19387
17601,19388
17601,19389
17601,19391
17601,19395
17601,19400
17601,19401
3524,19402
14593,19402
17601,19404
17601,19407
17601,19409
10285,19410
20049,19410
23486,19412
13123,19412
16474,19412
2143,19413
9143,19413
16874,19413
17601,19416
13198,19418
11866,19418
18535,19418
14059,19419
5524,19419
23171,19419
17601,19420
17601,19421
1094,19423
16782,19423
3210,19423
8655,19424
19568,19424
10443,19424
20475,19424
7586,19425
15076,19425
21469,19425
3292,19426
2847,19428
12526,19428
21354,19429
11871,19429
11248,19429
7129,19430
585,19430
12198,19432
10453,19432
11194,19432
7008,19434
11692,19434
6270,19434
16644,19435
13259,19435
13824,19435
17601,19438
17601,19440
23465,19441
21533,19441
15983,19442
13945,19443
11606,19443
17522,19444
7283,19444
13448,19445
9212,19445
10223,19446
16047,19446
17601,19448
17601,19449
21932,19451
18631,19451
22525,19452
5944,19452
10345,19454
20235,19454
11866,19456
9248,19456
6581,19458
22336,19458
5624,19460
4185,19460
1810,19461
7051,19461
13392,19461
17601,19464
12779,19465
11682,19465
2855,19466
17601,19469
17707,19473
24662,19473
19138,19473
21890,19474
20297,19474
5250,19474
4897,19474
17601,19475
17601,19477
16174,19479
12462,19479
11435,19479
3272,19479
8031,19479
2668,19481
8992,19481
21577,19481
17997,19484
1792,19484
6600,19484
10827,19489
24841,19489
17601,19490
23954,19492
1735,19492
23944,19492
18535,19495
12005,19495
8390,19495
11866,19495
13198,19495
14999,19497
4204,19497
4106,19497
3976,19498
12138,19498
3107,19498
16991,19498
20852,19499
19782,19499
3003,19499
17601,19500
17601,19502
15142,19503
7877,19503
15477,19503
2040,19504
18007,19504
13729,19504
3210,19506
6996,19506
17601,19507
11272,19508
3734,19508
17601,19509
2580,19511
24337,19511
19960,19513
11435,19514
10867,19514
8296,19514
17601,19515
10443,19518
12552,19518
18106,19520
4897,19521
17601,19523
17601,19525
11222,19527
13064,19527
11435,19527
17997,19528
10928,19528
20576,19528
17601,19530
6143,19532
7917,19532
16238,19532
17446,19539
10000,19539
5529,19539
20181,19540
9468,19540
1861,19540
16986,19547
21611,19547
12229,19547
18051,19550
4059,19550
20518,19550
4902,19551
23322,19551
11778,19551
18891,19552
19647,19552
23368,19553
12457,19553
4844,19553
17601,19555
24646,19556
13880,19556
22941,19556
17601,19557
1155,19558
7172,19558
455,19558
19639,19560
24664,19560
23565,19560
6622,19561
1689,19561
3734,19561
13198,19564
23323,19568
9798,19570
10240,19570
17601,19571
18786,19572
10073,19572
3734,19572
4590,19573
19896,19573
960,19573
17601,19574
17601,19575
3627,19576
14262,19576
17200,19576
17601,19580
17601,19587
4911,19588
1801,19588
4691,19588
688,19592
3654,19592
10704,19593
6689,19595
4897,19595
17601,19598
10453,19599
1701,19599
17601,19600
12773,19603
21485,19603
3474,19606
18124,19606
8833,19606
17601,19608
17601,19614
12007,19617
11843,19617
12182,19620
13730,19620
17601,19624
17601,19626
15896,19628
7488,19628
23071,19629
7581,19629
4801,19629
2880,19629
21131,19630
4399,19630
19917,19630
23346,19630
7269,19631
1810,19631
8623,19631
20228,19631
17997,19631
12173,19631
16845,19631
21343,19631
20703,19631
455,19632
4658,19632
434,19632
23711,19633
10545,19633
2444,19633
2331,19633
23935,19633
17960,19633
12443,19633
13661,19633
16716,19633
11134,19644
17601,19645
17601,19647
22806,19648
17446,19648
21003,19648
16233,19649
3439,19649
24289,19650
8404,19650
20914,19650
17601,19651
6798,19652
1801,19652
19568,19652
17601,19654
17106,19655
19190,19655
15948,19656
16962,19656
1765,19656
17601,19657
23174,19658
10398,19658
17939,19658
10654,19660
10070,19660
11012,19660
19782,19661
18749,19661
12198,19661
7385,19662
8745,19662
17601,19663
22497,19666
10223,19666
6615,19666
17601,19667
20423,19668
15742,19668
13874,19668
17601,19670
13198,19671
11866,19671
18535,19671
14763,19672
19009,19672
3801,19672
17601,19673
17601,19675
17601,19676
16493,19677
15986,19677
1190,19678
16599,19679
268,19679
1701,19679
17601,19681
13476,19683
12958,19683
3162,19683
4699,19684
14440,19684
18614,19684
16426,19685
13974,19685
23682,19685
17175,19686
12014,19686
7989,19686
17601,19687
20096,19689
7724,19689
17601,19692
20613,19693
14326,19693
24252,19694
13285,19694
11928,19694
12955,19696
4658,19696
199,19696
18664,19698
10879,19698
14436,19698
17972,19700
7917,19700
13547,19700
3637,19701
17105,19701
6714,19701
15873,19703
8649,19703
17601,19704
17601,19705
5615,19706
24059,19706
3448,19707
4333,19707
20649,19707
1,19708
11194,19708
20987,19708
14605,19709
10511,19709
7769,19709
17601,19711
6363,19712
2829,19712
14004,19712
17601,19713
17601,19715
24662,19716
4115,19716
1050,19716
20518,19719
20170,19719
11091,19719
17601,19721
15027,19722
8400,19725
21669,19729
2846,19729
21764,19729
22915,19730
1781,19730
14996,19730
17601,19731
17601,19733
4658,19734
19488,19734
23967,19734
18588,19734
17601,19736
15278,19738
22288,19738
14660,19738
17601,19742
11556,19743
15864,19743
13207,19743
17601,19744
17601,19745
5530,19749
6495,19750
20454,19750
4390,19752
19085,19752
1274,19753
20567,19753
5031,19755
20310,19755
503,19758
7270,19759
6888,19759
11692,19762
12955,19762
14251,19764
16583,19765
8738,19765
11126,19766
5780,19766
10497,19767
611,19768
13998,19768
22436,19769
13736,19769
11367,19769
24253,19771
3439,19771
3349,19771
8853,19772
3937,19772
9387,19774
4042,19774
10989,19774
17601,19775
17601,19776
17601,19778
11907,19779
13547,19779
10867,19779
13918,19780
5614,19780
5650,19780
17601,19781
20251,19782
14013,19782
10353,19782
13627,19782
22287,19784
4527,19784
24235,19784
21302,19785
17058,19785
688,19785
9284,19791
20235,19791
24262,19791
7525,19792
12526,19792
17601,19794
6581,19797
3637,19797
14989,19797
17650,19798
4699,19798
17601,19799
20882,19803
10988,19803
7338,19803
13245,19806
12645,19806
22035,19808
12977,19808
15076,19808
5876,19808
17601,19809
23150,19810
17601,19811
11235,19813
14312,19813
8043,19813
12190,19815
9130,19815
9855,19815
2638,19816
20180,19816
22580,19819
19449,19819
10576,19822
7052,19822
21216,19823
10161,19823
16853,19823
5289,19823
23456,19830
15274,19830
17601,19831
17601,19832
8994,19833
17202,19833
3327,19834
3925,19834
20204,19834
21047,19836
16993,19836
10202,19836
24662,19837
5985,19837
23201,19837
10443,19838
20987,19838
9212,19838
8091,19840
5918,19840
21089,19840
17601,19841
14848,19845
15965,19845
11585,19846
18657,19846
4561,19846
3211,19847
4897,19847
17601,19857
939,19858
22336,19858
12656,19858
17601,19860
7769,19861
7044,19861
18715,19861
17601,19865
17601,19867
21432,19870
1934,19870
21428,19870
13757,19871
17822,19871
16694,19871
17601,19874
17601,19875
9130,19879
2143,19879
17601,19880
17601,19881
2175,19883
17707,19883
2570,19888
4359,19888
23403,19888
17601,19889
10719,19894
21456,19894
4577,19894
13441,19899
23967,19899
24337,19899
17601,19903
21139,19910
22284,19910
20402,19910
7907,19911
11632,19911
2693,19911
17601,19912
5531,19916
19693,19916
16493,19916
6622,19922
12518,19922
2143,19922
12253,19923
6067,19923
19621,19923
17601,19926
17601,19927
18812,19928
6143,19928
4127,19928
13378,19929
9130,19929
3210,19929
10988,19931
18812,19931
17601,19935
17601,19937
10418,19938
15278,19938
4181,19941
13404,19941
15857,19942
6978,19942
8779,19942
24196,19945
12977,19945
8390,19947
22497,19947
8689,19947
22685,19949
14989,19949
1873,19949
17601,19950
23320,19951
10659,19951
4475,19952
18421,19952
17434,19952
10879,19953
22497,19953
13525,19953
17601,19954
17601,19955
4006,19958
7626,19958
9628,19958
1222,19961
10000,19961
16586,19962
5427,19962
6309,19962
17601,19964
3192,19967
11012,19967
17601,19970
14921,19973
24688,19973
14546,19975
8266,19975
16599,19975
11668,19975
24360,19975
2859,19978
5597,19978
17601,19981
17601,19982
13631,19985
23478,19985
10340,19985
23052,19985
23239,19985
7338,19986
6581,19986
20183,19986
9589,19988
7710,19988
4367,19988
13489,19989
19108,19989
20001,19989
12031,19990
14050,19990
3272,19990
17601,19992
8699,19993
12523,19993
13378,19994
17775,19994
11095,19994
7172,19996
2174,19996
17601,19997
21781,19999
3876,19999
475,19999
12634,20001
15495,20001
15555,20001
8161,20002
22137,20002
21847,20002
14062,20002
11745,20002
15610,20003
10457,20003
17601,20010
10988,20011
11668,20011
1991,20011
5277,20012
14619,20012
5361,20012
15965,20013
3192,20013
16463,20013
17601,20014
21811,20015
20905,20015
11435,20015
23177,20016
5227,20016
23302,20016
17601,20017
17601,20018
23408,20019
17601,20020
17601,20021
23368,20024
21235,20024
9281,20024
17601,20028
24235,20029
18083,20029
16683,20029
21710,20029
17601,20030
3192,20033
14605,20033
4268,20033
16782,20033
1801,20034
1861,20034
16721,20036
5516,20037
6757,20037
9585,20039
5072,20039
22432,20040
7562,20040
1783,20044
9585,20044
17601,20049
7340,20052
15626,20052
16321,20055
21391,20055
23239,20056
13631,20056
804,20056
8091,20058
8905,20058
10545,20059
11419,20059
3201,20059
8357,20060
10346,20060
19488,20060
20703,20060
11435,20060
2143,20061
13448,20061
12005,20061
15325,20062
21612,20062
3530,20062
15896,20062
12196,20064
3540,20066
1272,20066
8967,20066
9835,20066
18703,20066
17601,20068
17601,20072
4569,20075
2638,20075
23967,20075
11871,20077
4527,20077
15887,20077
6174,20078
7349,20078
7546,20078
17601,20079
13199,20080
19671,20080
23876,20080
4824,20080
11569,20081
5278,20081
8905,20081
19474,20081
19125,20083
8585,20083
15059,20083
18898,20083
16391,20085
18196,20085
18540,20085
17601,20087
17601,20088
4885,20089
18910,20089
23682,20089
11095,20092
6971,20092
7288,20092
585,20093
11187,20093
18664,20093
17601,20094
11161,20097
6855,20097
2037,20097
5768,20097
706,20098
503,20098
7053,20098
23622,20099
22795,20099
17056,20099
9379,20099
13879,20099
11332,20102
6698,20102
22356,20102
13437,20102
23676,20102
3965,20105
7546,20105
11015,20106
19009,20108
17601,20110
23052,20112
18616,20112
20124,20112
14050,20114
17601,20117
2926,20118
3954,20120
6426,20120
18543,20120
14920,20120
8550,20120
21261,20121
5308,20121
4902,20128
12133,20128
6270,20128
21332,20136
13475,20136
21127,20137
7917,20137
13404,20137
1471,20137
3210,20137
12521,20138
22580,20138
3225,20139
23543,20139
11152,20144
17601,20148
17601,20151
21135,20152
7349,20152
17938,20152
4844,20153
23712,20153
2030,20153
17649,20153
10737,20154
17601,20157
24003,20160
8916,20160
11479,20160
3654,20163
4370,20163
5227,20163
9502,20164
9874,20164
13782,20164
7200,20165
22313,20165
10788,20165
13730,20169
10715,20169
5306,20169
17601,20170
22911,20172
5227,20172
11743,20172
4645,20174
10382,20174
9284,20174
13532,20176
13096,20176
6148,20178
19692,20178
17138,20178
17601,20179
16230,20180
21003,20180
16781,20180
200,20181
1155,20181
16241,20181
17601,20182
19349,20183
16688,20183
19682,20183
23138,20187
21781,20187
10850,20187
7525,20188
24262,20188
20905,20188
17601,20190
3997,20197
3459,20197
21702,20198
11156,20198
7427,20198
17601,20199
17601,20200
20180,20201
7944,20201
10340,20201
17601,20202
17601,20206
17722,20207
22217,20207
22248,20207
24005,20208
24203,20208
7616,20211
16644,20211
5772,20211
17601,20212
17980,20213
12525,20213
17601,20214
17601,20215
16262,20217
3432,20217
6996,20217
17601,20219
17601,20220
17601,20222
21282,20225
1194,20225
17997,20225
23967,20227
10977,20227
11905,20227
17601,20228
18779,20231
9505,20231
9602,20231
7710,20231
8992,20231
17601,20233
17601,20234
429,20235
11158,20236
11091,20236
1678,20236
24785,20236
4975,20236
8660,20237
8268,20238
3448,20238
17601,20240
17601,20241
17601,20242
15076,20248
12955,20248
13744,20249
16447,20249
139,20249
23129,20251
23195,20251
1091,20251
17601,20253
17601,20257
14730,20258
11890,20258
19682,20258
17789,20259
17557,20259
6708,20259
17601,20260
3448,20262
8623,20262
8992,20262
19138,20264
11668,20264
17354,20264
17601,20268
12908,20269
4740,20269
18613,20270
7172,20270
17708,20270
17601,20271
4472,20272
16683,20272
13309,20272
17601,20273
17601,20274
139,20276
3107,20276
1536,20276
4006,20278
17084,20278
19796,20278
8213,20278
5679,20282
3989,20282
8416,20282
13754,20282
20180,20283
7671,20283
9180,20283
13064,20283
8161,20283
16408,20284
5160,20284
23758,20286
22408,20286
17601,20288
17601,20289
1876,20290
18528,20290
17440,20291
24059,20291
14251,20292
6270,20292
16549,20293
24196,20293
12633,20294
8485,20295
11144,20296
20820,20296
19646,20299
10268,20299
15857,20302
10977,20302
12462,20303
16488,20303
11194,20305
8092,20305
8580,20306
12656,20306
10147,20307
9262,20307
11598,20308
9506,20308
20421,20309
8013,20309
13474,20312
10665,20312
15742,20313
23971,20313
11910,20315
11912,20315
6817,20315
17601,20317
17601,20319
17601,20320
12376,20322
23961,20322
4932,20322
17601,20323
10502,20324
1107,20324
4297,20324
17601,20326
17601,20327
17601,20328
5443,20329
20628,20329
10948,20331
18755,20331
15167,20331
15394,20331
9255,20331
17601,20332
23277,20333
21932,20333
11441,20337
12977,20337
11686,20337
1671,20338
5386,20338
17601,20340
17415,20341
10977,20341
11329,20341
17601,20343
17601,20347
17601,20348
23858,20351
19450,20351
7391,20351
15213,20351
17601,20353
17601,20354
17601,20356
17601,20359
17601,20360
15681,20361
10818,20361
17601,20362
17601,20364
9500,20365
18842,20365
17601,20366
10453,20367
12376,20368
2885,20370
17601,20371
17601,20372
20731,20377
2662,20377
13177,20378
15742,20378
10418,20378
17601,20380
17415,20381
4420,20381
19860,20381
24491,20383
8857,20383
3952,20383
11226,20384
14726,20384
17115,20384
4897,20385
7656,20385
9220,20385
10378,20391
13022,20391
20433,20393
19682,20393
10686,20393
17601,20401
6781,20406
21545,20406
17601,20413
9143,20416
19860,20416
17601,20421
10313,20423
20433,20423
22019,20423
17601,20427
17601,20428
6965,20430
3210,20430
1488,20430
17920,20431
10205,20431
21754,20431
16894,20434
4956,20434
20296,20434
17726,20435
13874,20435
10909,20435
16001,20436
21435,20436
16369,20436
16993,20437
12958,20437
6714,20439
10740,20439
17601,20441
2181,20442
23961,20442
17665,20444
5159,20444
18891,20445
20402,20445
14296,20446
22288,20446
4830,20447
17601,20449
10223,20450
10977,20450
688,20451
5627,20451
3734,20451
1873,20451
11479,20452
16493,20452
5334,20453
2242,20455
23322,20455
10788,20455
8022,20456
17229,20457
7222,20457
17945,20457
19952,20458
13824,20458
7299,20458
17601,20460
8267,20461
11086,20461
5627,20461
4415,20462
14605,20462
13260,20463
5160,20463
2242,20463
20387,20463
20606,20465
23251,20466
18613,20466
8301,20466
5151,20469
22463,20469
16644,20469
17601,20470
24005,20471
16985,20471
23302,20471
15076,20474
14749,20474
3354,20474
17601,20475
22019,20476
16347,20476
11778,20476
17601,20477
17601,20479
15965,20480
21681,20481
3876,20481
5860,20481
17601,20484
17601,20486
9757,20490
5750,20490
21781,20490
17601,20491
19960,20493
804,20493
5546,20494
20525,20494
9389,20496
5859,20496
1689,20496
3439,20499
12195,20499
3195,20499
9628,20500
17904,20500
11667,20500
9239,20501
23896,20501
7140,20501
11871,20501
17601,20502
8845,20506
5905,20506
11405,20506
15118,20506
2213,20506
3326,20506
17794,20506
16977,20506
11216,20506
11440,20506
1105,20507
778,20507
1091,20507
2956,20507
17601,20508
5897,20509
4420,20509
2638,20509
10161,20509
24137,20510
10102,20513
10170,20513
17601,20515
17601,20516
22148,20517
8175,20517
17601,20521
17601,20522
24356,20523
17601,20525
18289,20526
2886,20526
10511,20526
14060,20527
10223,20528
17601,20529
964,20530
8520,20530
23968,20531
5125,20531
3192,20531
24211,20531
19009,20533
4897,20535
21252,20535
17601,20536
5718,20537
22148,20539
14288,20539
17669,20541
21235,20541
19998,20542
5298,20542
21354,20543
10628,20543
14130,20545
16850,20547
477,20547
14642,20547
17601,20552
17601,20553
12013,20555
322,20555
19449,20555
7299,20556
6143,20556
10223,20556
17601,20562
8619,20564
19625,20564
16127,20564
17105,20565
3637,20565
6714,20565
17601,20566
17601,20567
8099,20568
8084,20568
8818,20568
18891,20568
19499,20568
24328,20569
16061,20569
20904,20569
9792,20569
17601,20570
2848,20573
20410,20573
20518,20573
5804,20578
7656,20578
19860,20578
1584,20580
10878,20580
6714,20580
17601,20582
19208,20584
17202,20584
11746,20584
17601,20585
4810,20588
9387,20588
177,20588
17601,20590
5624,20591
7383,20591
23372,20591
4812,20591
3322,20593
1050,20593
24801,20593
11952,20593
17601,20595
3442,20597
278,20597
4630,20597
9979,20598
19355,20598
17601,20599
17601,20600
17601,20602
22351,20603
6179,20603
7710,20607
11905,20607
13195,20609
13441,20609
6971,20611
13631,20611
5312,20612
3525,20612
19952,20612
21469,20612
5386,20615
10443,20615
14473,20615
14660,20618
7267,20618
10248,20618
6058,20620
4282,20620
426,20620
17440,20622
22770,20622
17601,20629
12457,20630
5804,20630
17601,20633
17601,20634
8980,20636
8343,20637
16772,20637
21356,20638
15954,20638
23127,20638
17577,20638
6517,20638
13659,20638
16285,20638
21781,20639
48,20639
17105,20640
17601,20641
17601,20642
12870,20643
5679,20643
17601,20645
20187,20646
10921,20648
11307,20648
23662,20649
23322,20649
24622,20650
4196,20650
23597,20652
6887,20652
17597,20652
5404,20652
18974,20652
19479,20654
21890,20654
6473,20654
14716,20655
5667,20655
11641,20657
14673,20657
21374,20657
10867,20658
17265,20658
23807,20658
3063,20659
18876,20659
18588,20659
17997,20666
15274,20666
9754,20667
1471,20667
13224,20668
1505,20668
14130,20668
48,20670
11894,20670
1155,20670
7581,20671
13520,20671
13547,20671
16721,20671
17601,20675
24202,20677
5414,20677
10872,20678
16241,20678
12141,20678
17601,20680
11912,20683
1182,20683
24235,20683
24223,20683
17601,20684
17601,20686
6441,20689
199,20689
10161,20689
17601,20690
21619,20693
21809,20693
2346,20693
18913,20694
20136,20694
16894,20698
11011,20698
10511,20698
17601,20699
4513,20701
23746,20701
14730,20701
17601,20703
22386,20705
12443,20705
5378,20705
3520,20705
5386,20706
15562,20707
13527,20707
17601,20711
6950,20712
3130,20712
12141,20712
17601,20713
14449,20714
18535,20714
10485,20717
15987,20717
17601,20721
4436,20722
10070,20722
17601,20723
1701,20725
12518,20725
10531,20726
5804,20726
1873,20727
1536,20727
22525,20732
13256,20732
5624,20733
11910,20733
9284,20735
4844,20735
13389,20736
15843,20736
8905,20739
14497,20739
9785,20739
24572,20740
15585,20740
7286,20741
8311,20741
8839,20741
17601,20745
20266,20747
3938,20747
23366,20747
24106,20748
3564,20748
9289,20749
18812,20749
18460,20749
23851,20750
23087,20750
14065,20752
10704,20752
12344,20752
17601,20754
5918,20755
322,20755
15540,20755
17440,20761
10453,20761
8213,20761
17601,20763
434,20765
23695,20765
20729,20765
17601,20768
17601,20769
6441,20770
12141,20770
24798,20770
16652,20770
24203,20772
3952,20774
23971,20775
11906,20776
23569,20776
9415,20777
17644,20777
17601,20778
23971,20781
23967,20781
11011,20781
17601,20782
13177,20783
3416,20783
8360,20783
17601,20784
22299,20785
5186,20785
2734,20785
4006,20785
17601,20786
13547,20787
20612,20787
11391,20787
22217,20788
16503,20788
17601,20790
24337,20791
19960,20791
3527,20792
10458,20792
22306,20798
22921,20798
17601,20799
1634,20800
17001,20800
17601,20801
10394,20802
22766,20804
3979,20804
4540,20806
9030,20806
3091,20807
11997,20807
24337,20809
199,20809
22552,20810
24047,20810
17601,20811
3199,20812
3958,20812
6143,20814
9504,20814
15394,20814
17601,20817
8818,20821
14497,20821
15407,20822
4506,20822
3539,20822
17601,20823
17601,20826
7081,20827
18786,20827
17601,20829
17601,20831
16793,20833
21702,20833
14351,20833
16655,20834
5486,20834
10131,20834
11569,20835
4306,20835
21160,20835
24282,20836
19313,20836
8905,20836
17601,20837
19554,20838
11598,20838
23195,20838
17601,20842
10682,20844
10729,20844
13810,20844
17601,20846
4420,20847
13392,20847
8583,20847
6494,20849
1094,20849
20716,20849
1512,20851
24735,20851
17769,20851
15254,20852
23712,20852
6585,20854
10346,20854
98,20854
12779,20857
9788,20857
22621,20857
24262,20858
20987,20858
9628,20858
17601,20859
24152,20861
24798,20861
17446,20861
15955,20861
20914,20861
20245,20863
6679,20863
17601,20864
17601,20870
17601,20872
2175,20873
1050,20873
6463,20874
10740,20874
13238,20874
1781,20874
16046,20875
10313,20875
10231,20875
13456,20876
17202,20876
17242,20878
11671,20878
13830,20879
22669,20879
11692,20881
12457,20881
23082,20882
22284,20882
6798,20883
20180,20883
10786,20885
19782,20886
15076,20886
23967,20887
11905,20887
19650,20888
512,20888
18007,20889
3109,20889
11241,20892
19313,20892
11272,20893
3347,20893
9404,20894
23634,20894
525,20895
22284,20895
16102,20896
17601,20897
12266,20898
7590,20898
14626,20899
11734,20899
17601,20901
17601,20903
3107,20904
18535,20904
7338,20904
4420,20906
537,20907
20334,20907
12566,20907
17426,20909
5625,20909
1486,20910
10740,20910
12515,20910
16064,20913
7546,20913
2149,20913
23321,20914
19970,20914
7140,20914
12955,20915
19997,20915
24242,20915
21733,20915
9505,20915
5679,20916
23144,20916
7200,20916
15823,20918
9824,20918
15593,20918
17601,20919
13625,20923
2711,20923
16721,20923
11692,20925
1050,20925
19682,20925
24597,20926
3465,20926
22440,20926
7976,20928
10158,20930
17601,20931
19499,20932
6615,20932
6781,20932
17601,20935
16811,20939
9162,20939
4617,20939
7546,20939
20532,20942
21957,20942
9989,20942
6775,20942
24601,20944
21354,20944
10198,20944
17601,20945
12510,20946
15618,20946
6459,20947
23403,20948
4830,20948
3199,20950
6219,20951
2017,20951
6838,20951
17930,20954
14096,20954
23047,20954
13404,20956
19313,20957
161,20957
17601,20959
17601,20960
12958,20961
12198,20961
23746,20961
6714,20962
525,20964
23810,20965
5372,20965
6742,20968
1505,20968
7338,20970
21833,20970
5659,20971
4422,20971
17601,20972
16360,20974
23302,20974
18051,20978
132,20978
13525,20979
10948,20979
17601,20980
7970,20981
5319,20981
17601,20982
13634,20983
4833,20983
16174,20985
8031,20985
17601,20986
7052,20987
21010,20987
20294,20989
23144,20989
17601,20992
24476,20993
803,20993
1873,20993
20108,20993
17299,20994
13320,20994
19128,20997
2881,20997
3199,20997
17415,20999
2605,20999
3448,20999
14989,20999
12190,20999
17601,21000
11441,21001
10977,21001
7944,21001
3958,21001
5913,21002
20135,21002
11912,21002
17601,21003
17601,21006
17601,21008
15742,21011
20170,21011
11730,21011
19690,21012
11762,21012
6103,21012
17775,21013
16864,21013
6978,21013
15163,21014
2839,21014
5421,21014
17601,21016
3988,21018
20181,21020
15841,21020
10223,21020
2580,21022
20852,21022
12515,21022
11843,21023
15965,21023
23138,21023
20733,21028
22912,21028
12981,21028
12672,21030
20987,21030
4540,21030
15354,21031
18785,21031
20163,21034
23062,21034
13381,21034
5703,21038
2926,21038
10305,21038
17601,21042
8326,21045
24196,21045
8476,21045
17601,21046
17197,21047
4912,21047
21553,21047
3677,21049
10707,21049
12343,21049
17601,21051
17601,21053
18083,21054
3958,21054
21343,21054
20296,21056
23695,21056
5750,21056
22193,21059
7051,21059
1808,21060
48,21060
18276,21062
5283,21062
2511,21062
12693,21063
22410,21063
24292,21066
7945,21066
13477,21066
4761,21066
13298,21066
23313,21066
20912,21066
8980,21066
10249,21066
12374,21066
613,21068
7457,21068
14012,21069
8031,21069
11430,21069
2693,21069
17601,21071
17601,21073
17601,21077
6714,21078
18910,21080
23961,21080
9518,21081
17735,21081
10545,21084
10829,21086
1983,21086
1536,21087
14605,21090
11960,21090
19488,21090
18664,21092
12514,21092
19259,21092
11085,21094
10313,21094
4724,21094
19752,21095
3632,21095
8779,21095
20180,21095
1182,21096
19499,21096
2638,21096
10000,21096
17601,21098
18613,21100
21708,21100
8694,21100
11819,21102
13225,21102
24157,21102
5085,21102
17601,21103
17601,21105
10995,21109
15841,21109
12400,21109
7656,21110
23129,21110
19128,21110
7200,21110
14058,21112
23055,21112
19738,21116
15569,21116
17352,21116
22091,21116
20562,21117
17697,21117
11778,21117
10689,21121
18671,21121
22455,21121
15742,21124
10047,21124
199,21124
7917,21127
19513,21127
13520,21127
13095,21127
4897,21127
13259,21128
1035,21128
4898,21128
13072,21129
1762,21129
15869,21129
14813,21130
2855,21130
17415,21131
9446,21131
2880,21131
13631,21131
6708,21132
21781,21133
1808,21133
9130,21136
16991,21136
17601,21138
10628,21139
16571,21139
17601,21140
17601,21142
14812,21143
22505,21143
13974,21145
23961,21145
23201,21145
6935,21146
12374,21146
23206,21146
17601,21147
17601,21152
17117,21153
4447,21153
6708,21159
6120,21159
2255,21159
2570,21161
17415,21161
19017,21162
22551,21162
17601,21163
16174,21165
11846,21166
11011,21168
5876,21169
5093,21169
20625,21170
4898,21170
11069,21171
1520,21171
17601,21172
14630,21173
20455,21173
22451,21176
20703,21176
21127,21178
268,21178
5859,21179
5925,21179
21577,21179
22611,21181
7619,21181
16226,21182
2926,21182
16426,21183
15034,21183
7149,21183
19996,21183
12141,21183
8038,21184
20931,21184
11907,21184
17601,21186
3898,21187
16039,21187
14697,21187
6148,21188
11498,21188
4844,21188
17601,21189
14004,21191
3203,21192
12130,21192
6628,21192
17601,21194
17601,21195
14570,21199
7917,21199
6473,21199
23447,21199
15495,21199
9518,21200
20627,21200
17707,21200
2880,21201
3436,21201
24025,21201
12838,21203
23750,21203
1258,21203
17985,21212
21840,21212
18051,21214
5160,21217
23785,21217
505,21217
6581,21218
9504,21218
8213,21222
9639,21222
23509,21222
17601,21225
17601,21228
17601,21230
17601,21231
17601,21232
17601,21234
15720,21237
4041,21237
17601,21238
17601,21239
883,21240
19413,21240
17601,21242
2734,21244
24783,21244
2175,21244
7301,21245
9505,21248
11843,21248
19693,21250
2605,21250
3052,21252
5124,21252
10589,21252
23990,21254
21157,21254
21744,21255
15965,21258
5523,21258
4183,21259
9406,21259
11361,21260
16772,21260
461,21261
11002,21261
7385,21264
2097,21264
19065,21265
12955,21266
2570,21266
1667,21268
13392,21268
17908,21270
23423,21270
5750,21270
24769,21271
9460,21271
17601,21273
17601,21274
16262,21276
3448,21276
17729,21276
1050,21276
6963,21281
7140,21281
3893,21282
11465,21282
9502,21282
1701,21282
3091,21285
21533,21285
4006,21285
17601,21286
2361,21287
10847,21287
11871,21288
2153,21288
6622,21288
22309,21290
23474,21290
22220,21290
17601,21291
10279,21292
7308,21292
9698,21292
17997,21293
15128,21294
4420,21294
2734,21294
9389,21296
24,21296
6081,21296
22108,21296
3439,21296
18535,21299
8390,21299
9239,21299
17649,21299
17601,21300
20603,21301
14948,21301
13063,21301
20183,21301
11843,21302
20987,21302
4956,21302
13305,21304
11333,21304
19074,21304
11717,21304
12396,21306
15495,21306
15841,21307
13259,21307
4527,21307
8916,21307
24811,21308
18068,21308
13601,21308
16561,21308
23055,21309
10659,21309
17415,21309
17601,21310
3448,21313
1631,21315
3797,21315
11894,21315
15896,21315
19845,21316
19313,21316
20180,21316
15857,21317
8404,21317
17601,21319
17601,21320
17601,21322
11329,21325
19860,21325
12460,21326
16493,21326
20987,21328
23815,21328
4472,21328
2885,21329
5950,21331
24491,21331
15106,21333
6363,21333
19893,21335
6832,21335
14993,21336
10801,21336
17601,21338
16840,21340
18771,21340
7592,21342
16997,21342
13888,21344
17252,21344
2634,21345
6697,21345
23239,21346
13631,21346
24356,21347
23695,21347
18484,21348
10338,21348
19842,21349
14255,21349
7917,21350
18780,21350
3308,21351
3478,21351
21467,21352
59,21352
22217,21353
3109,21353
22165,21354
11055,21354
23746,21356
21132,21359
877,21359
3632,21364
24,21364
15585,21364
19080,21368
23961,21368
17601,21369
17601,21374
17601,21375
16655,21379
7149,21379
5299,21379
13041,21379
22857,21379
6653,21380
2181,21380
4887,21380
21113,21381
16252,21381
22926,21381
13064,21381
8826,21383
16782,21383
20181,21383
22972,21385
6714,21385
14878,21386
9347,21386
14453,21386
19893,21389
14427,21389
8311,21389
17601,21397
17601,21398
13744,21399
19000,21399
6643,21399
8905,21400
21775,21400
9212,21400
17601,21403
17601,21404
5390,21407
3654,21407
3958,21407
19797,21408
21010,21408
24309,21408
24783,21410
8213,21410
2887,21410
4833,21412
13634,21412
17601,21414
16999,21415
23558,21415
13550,21415
24235,21416
4306,21416
17601,21417
15691,21418
10827,21418
21276,21422
11362,21422
7174,21422
11435,21423
7616,21423
7427,21423
887,21423
13419,21423
13378,21423
8220,21424
7765,21424
10707,21424
8992,21425
16491,21425
17601,21426
618,21428
5218,21428
10398,21428
4540,21429
20882,21430
23752,21430
11435,21430
6714,21433
17105,21433
1648,21434
10455,21434
7656,21435
18083,21435
10616,21436
11011,21437
10313,21437
1702,21439
10879,21439
15762,21444
9239,21444
17601,21445
17153,21446
20399,21446
3060,21447
6082,21447
13013,21448
7203,21448
9454,21449
18995,21449
24600,21449
7059,21450
22934,21450
13476,21451
20703,21451
6441,21451
298,21452
19294,21452
3453,21454
4204,21454
12977,21455
22402,21455
24169,21456
22209,21456
17601,21457
24106,21458
4856,21458
19669,21458
21391,21460
6544,21460
20433,21460
17229,21461
12462,21461
15061,21461
5125,21466
12376,21466
21127,21469
16248,21469
14570,21469
8092,21469
17842,21469
17601,21470
20325,21471
5703,21471
8855,21472
15731,21472
23015,21472
12296,21472
9785,21474
15896,21474
23322,21474
9472,21476
20532,21476
5125,21476
6164,21477
14305,21477
13338,21477
11762,21483
16571,21483
17034,21483
18755,21483
3386,21483
10681,21483
3448,21485
17375,21485
4885,21485
18715,21486
8655,21486
6180,21486
16039,21486
16578,21487
16282,21487
12510,21487
9387,21488
8038,21488
4472,21489
585,21489
12955,21489
7944,21489
22313,21490
19413,21490
7546,21490
19568,21491
17229,21491
8161,21491
15907,21494
4235,21494
16866,21494
19927,21495
23056,21495
1766,21495
17601,21496
17601,21497
8092,21498
4724,21498
17601,21505
17601,21506
17601,21507
17601,21509
17601,21511
17904,21513
15965,21513
6091,21515
14989,21516
10070,21516
18588,21516
24011,21517
1536,21521
6781,21521
14413,21522
12812,21522
12015,21523
1303,21523
21343,21524
2885,21525
12514,21525
17908,21528
16697,21528
21010,21532
23842,21533
10118,21533
20914,21533
12554,21534
22590,21534
6622,21539
23971,21540
18973,21540
20859,21541
4897,21541
24662,21542
19461,21542
9990,21542
3632,21543
17165,21543
17601,21544
17601,21547
11454,21548
21070,21548
7267,21548
17446,21549
5860,21549
3448,21549
14161,21553
5642,21553
17446,21553
17601,21555
17454,21557
9885,21557
19362,21557
6538,21559
12376,21560
11928,21560
5456,21560
17601,21561
17601,21562
17601,21564
17601,21565
17601,21566
19570,21569
18686,21569
9486,21569
14449,21571
1584,21571
19259,21571
6267,21572
15394,21572
8174,21572
19682,21574
11086,21574
20737,21574
24235,21577
24798,21577
6689,21577
23201,21578
13474,21578
10995,21578
18473,21579
9502,21579
322,21579
10989,21582
12779,21582
8085,21582
17601,21584
17601,21589
3211,21591
20987,21591
12572,21591
2719,21594
4934,21594
1315,21594
21588,21594
10320,21595
17687,21595
8220,21595
298,21597
5386,21597
13198,21597
3102,21598
3392,21598
23961,21598
16359,21598
17601,21601
8476,21602
7200,21602
10041,21602
13664,21603
14630,21603
3849,21603
17601,21604
10493,21605
19163,21605
7306,21605
23715,21606
6622,21606
11843,21606
23967,21606
17601,21607
22298,21612
4693,21612
23670,21612
13573,21612
3448,21614
21417,21614
13467,21614
24262,21616
17601,21617
19499,21618
3210,21618
17601,21619
1919,21620
13888,21620
6267,21623
24146,21623
23715,21624
11085,21624
3208,21628
13380,21628
13604,21629
23127,21629
22580,21629
2570,21633
19641,21633
17601,21634
18812,21636
18083,21636
14099,21636
4699,21640
13253,21640
4897,21640
11329,21641
13000,21641
23368,21641
17601,21643
7525,21644
1536,21644
13520,21644
10464,21645
280,21645
14668,21645
21708,21645
6167,21646
23746,21646
8841,21647
9826,21647
8926,21647
24030,21647
11866,21648
11846,21648
15585,21648
17601,21649
17601,21651
13520,21652
17601,21653
17601,21655
6375,21656
15786,21656
11272,21656
8905,21657
9289,21657
19075,21657
17601,21659
18654,21660
21988,21660
15254,21660
18144,21660
23967,21661
24235,21661
15076,21661
13000,21663
13476,21663
14062,21663
23329,21665
2848,21665
6555,21665
22235,21666
10872,21666
20183,21666
21433,21667
10788,21667
12572,21667
21295,21668
13824,21668
24005,21668
6606,21669
24087,21669
17601,21670
17601,21671
17601,21673
11730,21674
23453,21674
8980,21674
17601,21681
17601,21684
23514,21685
24356,21685
3192,21687
1194,21687
18958,21687
6363,21687
21354,21687
23320,21687
3898,21688
16174,21688
20980,21689
5182,21689
12512,21689
17601,21690
17601,21691
7525,21692
13856,21692
17601,21693
2476,21694
11843,21694
7917,21694
17601,21695
17601,21698
2605,21699
17214,21699
3637,21700
23055,21700
4527,21700
16780,21702
13547,21703
2509,21704
6438,21704
16252,21705
2855,21705
18708,21706
23177,21706
22806,21708
6434,21708
20987,21710
2570,21710
12007,21711
18669,21711
13198,21711
13631,21712
3893,21712
14096,21713
11595,21713
17601,21715
2143,21717
17415,21717
10313,21717
23138,21718
10,21721
21632,21721
19474,21723
12005,21723
21182,21728
1057,21728
7528,21728
18910,21729
3439,21729
10628,21729
6742,21730
12514,21730
20987,21730
147,21733
8085,21733
10989,21733
6708,21733
1006,21733
7301,21736
18993,21736
17853,21736
10686,21737
11194,21737
4370,21737
9130,21739
24025,21739
20028,21740
21367,21740
6581,21741
24235,21741
7546,21741
17601,21743
20724,21745
16025,21745
17601,21746
17601,21748
17601,21751
17601,21753
18537,21759
6413,21759
17818,21764
16426,21764
4941,21764
21127,21767
15448,21770
12682,21770
9835,21771
18739,21771
8055,21771
18097,21772
4006,21772
14989,21772
11160,21774
4540,21774
18749,21775
9389,21775
9692,21775
2311,21776
22049,21776
10457,21777
23542,21777
461,21777
9475,21778
12910,21778
9101,21778
17601,21781
11686,21782
1194,21782
15526,21782
17601,21783
13177,21784
6368,21784
19499,21784
4693,21786
10872,21786
5651,21786
1689,21786
7582,21786
11545,21787
1692,21787
19288,21787
17601,21788
19037,21790
23452,21790
11333,21791
13863,21791
3199,21791
9716,21792
1910,21792
390,21792
17572,21792
15957,21792
18197,21792
17600,21792
5407,21792
17804,21792
21973,21792
24253,21794
13441,21794
7586,21794
17601,21795
14587,21796
10010,21798
6180,21798
6041,21798
20073,21799
23320,21799
18850,21800
14584,21800
21509,21801
17352,21801
2411,21801
11846,21802
7222,21802
11027,21804
22201,21804
4898,21805
19860,21805
19085,21807
4109,21807
19449,21808
22765,21808
14730,21809
10161,21809
3379,21811
5913,21811
7391,21812
23858,21812
5326,21815
4527,21816
4481,21816
10788,21816
9193,21817
7733,21817
10572,21818
24572,21818
1781,21819
8038,21819
9070,21819
19954,21820
24217,21820
24262,21824
18812,21824
17601,21826
17601,21828
23967,21829
2638,21829
18588,21829
21932,21829
17601,21830
17601,21831
1471,21832
20987,21832
2143,21832
17601,21834
17601,21835
24821,21836
23938,21836
18499,21836
6304,21837
20410,21837
17601,21840
13438,21842
10718,21842
1873,21843
18460,21843
18715,21844
18896,21844
24798,21844
16694,21846
10995,21846
4897,21846
2570,21846
17601,21847
17601,21848
18588,21850
7713,21850
10070,21850
17601,21851
17601,21852
1631,21854
1506,21854
11095,21854
10331,21854
16252,21855
12977,21855
164,21855
14730,21857
8213,21857
7488,21857
4897,21858
434,21858
3349,21858
10867,21859
22932,21859
505,21863
17375,21863
23969,21863
833,21864
6,21864
23468,21864
6167,21865
14130,21865
18537,21865
17601,21867
17601,21871
17707,21872
10339,21872
23598,21873
1709,21873
3040,21873
11043,21873
17601,21876
17601,21877
10313,21878
6143,21878
13737,21879
15762,21879
22194,21879
1173,21880
1908,21880
19084,21881
13476,21881
5523,21881
9180,21882
2855,21882
16252,21882
12190,21885
13631,21885
17601,21887
17601,21888
13744,21889
11498,21889
21133,21890
20210,21890
18491,21893
21003,21893
18927,21894
8107,21894
11156,21894
6798,21895
20296,21895
2482,21896
9109,21896
13467,21897
9557,21898
19906,21898
13988,21900
6879,21900
17414,21901
8220,21902
15652,21902
17165,21903
16993,21903
17601,21905
6714,21906
20180,21906
11762,21907
6103,21907
6503,21911
1604,21911
8688,21913
21813,21913
21003,21913
17601,21914
22288,21916
11085,21916
7273,21918
1519,21918
4898,21918
17601,21920
15965,21921
7204,21921
17904,21921
17601,21922
6011,21923
12075,21924
10340,21924
6494,21924
17601,21927
24653,21930
2364,21930
9381,21930
17362,21930
17601,21931
17601,21933
1598,21934
13660,21934
15282,21936
16673,21936
14988,21938
2482,21938
7181,21938
17601,21939
17601,21943
17601,21944
22490,21946
19499,21946
19009,21948
11866,21948
17601,21949
17601,21950
21533,21951
11130,21951
1873,21952
5627,21952
3734,21952
688,21952
8390,21953
19259,21953
2143,21955
9505,21955
8779,21955
17383,21956
16906,21956
17415,21956
17601,21957
18682,21958
15463,21958
7156,21959
8220,21959
15380,21960
23841,21960
11012,21966
8360,21966
21781,21966
8905,21967
11550,21967
3876,21967
16301,21969
19690,21969
8360,21969
22361,21970
6375,21970
17601,21972
23373,21974
11429,21974
10127,21976
23541,21976
21282,21976
16999,21976
16457,21978
14605,21978
18491,21981
16447,21981
4127,21981
17601,21986
17375,21987
10313,21987
17601,21988
18499,21989
19267,21989
23063,21992
10638,21992
10522,21992
24308,21992
13419,21992
13064,21992
21631,21992
6780,21992
7173,21992
5770,21992
5987,21992
24360,21992
2903,21992
11157,21992
11673,21992
13554,21992
24098,21992
17601,21993
17601,21996
17601,21997
4068,21999
7242,21999
16141,22000
23710,22000
23713,22000
12462,22005
10659,22005
21391,22005
15965,22006
4932,22006
22336,22006
7498,22007
1781,22007
11130,22007
17601,22008
9825,22010
18470,22010
17421,22010
17601,22011
2175,22012
3386,22012
4499,22012
17601,22014
17601,22020
4844,22021
17601,22022
10962,22023
6798,22023
2638,22023
14575,22024
18876,22024
18484,22027
14565,22027
17601,22028
4472,22029
21010,22033
20987,22035
23403,22035
11028,22038
8905,22040
24439,22040
1768,22041
19459,22041
1292,22042
21247,22042
9589,22047
22451,22047
23478,22048
22497,22048
8542,22048
7052,22048
6473,22048
4622,22048
10254,22049
18715,22049
21607,22050
5524,22050
17601,22052
21545,22053
12190,22053
17658,22054
14507,22054
24010,22055
13335,22056
20297,22056
13419,22057
8,22058
22402,22058
17601,22059
4204,22060
458,22060
21295,22061
2848,22061
12955,22061
7769,22062
13481,22062
503,22063
11673,22063
17601,22064
17601,22065
14843,22066
10026,22066
4034,22066
17601,22068
20612,22070
22019,22070
10340,22070
19413,22071
14730,22071
8655,22072
1701,22072
18783,22072
12198,22074
6167,22074
17601,22075
17601,22076
15629,22078
14570,22079
939,22079
21709,22079
17601,22080
23584,22081
15590,22081
17601,22082
17601,22083
17601,22084
22050,22087
2102,22087
534,22090
17904,22090
19193,22090
9628,22090
14130,22091
7525,22091
17601,22092
7459,22093
14698,22093
12432,22093
3543,22093
8694,22100
24257,22100
10995,22100
8038,22102
20905,22105
6053,22107
20467,22107
18230,22110
22402,22110
6558,22112
21781,22112
329,22113
8068,22113
6781,22114
20180,22114
13270,22114
475,22116
17737,22116
16694,22117
5679,22117
2595,22118
13631,22118
3107,22119
12457,22119
16076,22120
3422,22120
14550,22121
19794,22121
6581,22128
199,22128
21310,22128
20135,22128
7744,22131
13982,22131
3294,22131
13744,22133
20912,22133
10980,22133
16846,22135
7576,22135
14851,22135
19707,22136
14485,22136
9953,22136
18506,22136
5588,22138
4370,22138
7427,22138
3477,22138
21235,22138
14333,22138
7626,22139
9628,22139
4006,22139
19413,22139
16039,22140
10137,22140
22323,22140
1077,22140
24199,22140
17309,22141
24817,22141
15708,22141
17601,22142
17601,22143
17202,22144
5750,22144
17601,22146
17601,22147
13335,22149
20542,22149
13448,22149
12238,22150
17601,22152
11692,22153
16939,22154
8838,22154
6102,22154
17601,22155
17601,22156
17601,22157
15878,22159
21517,22159
10718,22164
13438,22164
6044,22165
2015,22165
2999,22168
16683,22168
17601,22169
10373,22171
16301,22171
4897,22172
3448,22172
10788,22174
4393,22174
8038,22175
1035,22175
11762,22176
2040,22176
6221,22178
19682,22180
23811,22180
18083,22182
23969,22182
16993,22185
16800,22185
16233,22185
13729,22185
2605,22185
19104,22186
16836,22186
3210,22187
3347,22187
4181,22190
13177,22190
13824,22191
13419,22191
1404,22194
20035,22194
12908,22195
5494,22195
4932,22196
20987,22196
10827,22199
1691,22199
22148,22201
4204,22201
10628,22203
22336,22203
17415,22205
18588,22205
21066,22205
8300,22205
23478,22209
12182,22209
12958,22209
17601,22210
3381,22211
15171,22211
11516,22211
12242,22211
14392,22211
19042,22211
30,22211
4492,22211
16273,22211
9936,22211
5732,22211
6551,22211
12725,22211
7452,22211
5464,22211
1016,22211
5048,22211
1194,22212
2175,22212
16565,22212
17601,22214
23486,22215
24548,22215
2338,22215
17601,22216
17601,22217
15957,22218
17371,22218
9628,22218
1781,22222
16768,22222
6708,22222
375,22223
17970,22223
17601,22225
15803,22226
15394,22226
17601,22227
17601,22229
7910,22230
14080,22230
15683,22230
9273,22230
23709,22230
12115,22230
11272,22231
8,22231
17601,22232
12457,22233
506,22233
17601,22239
17601,22241
17601,22242
8018,22243
11866,22243
21391,22244
8300,22245
23177,22245
19960,22247
14062,22247
17633,22249
14065,22249
22316,22250
5062,22251
12695,22251
10315,22256
5125,22256
1595,22257
1285,22257
17601,22259
4902,22260
10000,22260
21503,22261
23971,22261
17601,22262
17895,22270
17815,22270
6120,22272
5701,22272
12080,22274
7821,22274
17601,22275
13624,22277
3104,22277
8092,22278
17383,22278
12075,22279
3637,22279
16252,22281
11011,22281
11069,22283
17165,22283
17601,22286
17601,22288
17601,22289
17601,22290
8268,22291
1730,22291
15887,22292
15878,22292
1050,22294
20429,22294
20625,22296
15251,22296
5523,22297
2769,22297
3293,22299
2570,22300
4181,22300
9345,22301
7917,22301
17601,22304
17601,22305
17601,22308
23239,22310
16721,22310
2662,22319
17601,22328
18537,22329
6708,22329
16262,22330
3448,22330
6267,22334
16447,22334
14660,22334
17601,22336
4272,22337
21238,22337
17601,22339
11333,22340
14332,22341
1674,22342
8623,22343
17890,22346
5043,22346
17601,22348
17601,22350
21010,22351
14449,22351
2769,22352
17783,22352
17601,22354
7656,22355
2143,22355
17601,22356
89,22358
1822,22358
21626,22358
993,22358
20517,22358
3450,22358
16874,22358
11384,22358
3937,22358
3035,22358
12462,22363
8092,22363
10418,22364
19084,22364
20294,22364
9628,22366
8038,22370
13404,22370
6270,22370
17601,22372
7188,22403
2629,22403
13064,22403
21104,22403
4454,22403
1067,22403
10574,22403
13642,22403
17707,22403
2563,22403
10130,22403
22972,22403
22497,22403
16745,22403
17766,22412
9008,22412
18330,22412
19610,22412
8208,22412
10355,22412
12556,22412
10412,22412
19665,22412
723,22412
4352,22412
12604,22412
12828,22412
4181,22412
3004,22412
3095,22412
1488,22412
2324,22412
14729,22423
9539,22423
9199,22423
17813,22423
10736,22426
17601,22430
22769,22434
1338,22434
24774,22434
24308,22434
11682,22434
11572,22434
8035,22434
10068,22434
22188,22434
2777,22434
3124,22434
11749,22434
12615,22434
14553,22434
5707,22434
22125,22434
6094,22434
17623,22434
6601,22434
4291,22460
16964,22460
15115,22460
11098,22460
9332,22460
16252,22460
9504,22460
10697,22460
4612,22460
6940,22460
23370,22460
4157,22460
4897,22460
6283,22470
3808,22470
11864,22470
525,22470
24356,22470
24305,22470
23031,22470
19058,22470
14490,22470
11656,22470
10399,22480
6974,22480
10763,22480
23521,22480
16599,22480
21058,22480
7276,22480
7899,22480
4359,22480
69,22480
14044,22480
23211,22480
14851,22480
3004,22480
5288,22484
4717,22484
1360,22484
137,22484
3111,22484
3549,22484
3475,22484
4167,22484
4660,22484
3354,22484
9219,22484
5600,22484
9991,22484
13621,22484
10453,22484
6592,22484
9955,22484
1866,22497
5108,22497
6773,22497
18646,22497
15634,22497
18931,22497
8526,22497
8220,22497
3936,22497
15632,22497
12120,22497
21046,22497
199,22524
13430,22524
9636,22524
8940,22524
6099,22524
10116,22524
16601,22524
18625,22524
14459,22524
18206,22524
13922,22524
22466,22524
22430,22524
12434,22524
13222,22524
11954,22524
20686,22535
19609,22535
2751,22535
23928,22535
20914,22535
24158,22535
11911,22535
9583,22535
4113,22535
17275,22535
6066,22535
5857,22535
18911,22535
18459,22535
3168,22535
13064,22535
18162,22535
17109,22535
15453,22535
14081,22537
11579,22537
15188,22537
22240,22537
9271,22537
2603,22537
22229,22537
9078,22537
13435,22537
22852,22537
704,22554
3455,22554
2246,22554
8048,22554
23244,22554
12886,22554
12905,22554
11565,22554
12711,22554
23709,22554
23770,22554
16345,22554
16828,22554
15619,22554
16286,22554
15997,22554
15858,22554
3859,22566
5006,22566
6633,22566
3147,22566
12524,22566
5431,22566
14611,22566
11669,22566
2135,22566
10997,22566
17601,22569
4181,22571
489,22571
11015,22571
4954,22571
14693,22571
11767,22571
12983,22571
3422,22571
961,22571
2140,22571
856,22571
15789,22571
3358,22571
17811,22571
15353,22571
6949,22571
5177,22571
15567,22571
3590,22572
3387,22572
21836,22572
9695,22572
17760,22572
795,22572
3893,22572
15210,22572
14530,22572
2574,22572
16500,22616
15276,22616
22142,22616
6196,22616
1136,22616
13927,22616
14357,22616
24063,22616
14449,22616
5947,22616
16042,22616
7482,22616
8472,22616
12270,22619
7793,22619
12354,22619
1338,22628
3593,22628
5847,22628
22633,22628
18694,22628
14645,22628
10715,22628
2848,22628
7841,22628
8849,22628
10021,22628
1526,22628
5424,22628
24228,22628
24776,22628
7481,22628
5744,22628
19662,22630
20247,22630
10428,22630
11209,22630
10266,22630
2238,22630
15687,22630
15693,22630
12952,22630
23649,22630
4739,22630
23161,22630
1794,22630
657,22630
677,22663
2153,22663
4902,22663
2327,22663
10000,22663
5523,22663
13436,22663
15701,22663
15245,22663
5367,22663
6622,22663
5529,22663
21411,22663
17428,22663
17988,22663
19892,22663
12849,22663
9647,22686
14009,22686
10490,22686
16177,22686
17624,22686
23600,22686
21014,22686
8838,22686
7576,22686
24828,22686
15454,22686
566,22686
24039,22686
1782,22722
10290,22722
355,22722
4153,22722
7050,22722
21992,22722
24020,22722
2431,22722
23459,22722
10717,22722
7682,22738
7760,22738
15014,22738
12352,22738
24124,22738
12005,22738
1801,22738
118,22738
23038,22738
18610,22738
12353,22738
5100,22738
16272,22738
14682,22738
19837,22738
21769,22738
16088,22738
12439,22746
2347,22746
3412,22746
7342,22746
14044,22746
8534,22746
5930,22746
2369,22746
508,22746
17035,22746
154,22746
454,22746
12535,22746
16250,22746
16034,22746
19682,22746
16596,22746
15828,22746
13842,22746
4111,22751
11660,22751
17845,22751
15123,22751
3428,22751
19076,22751
10136,22751
17943,22751
1374,22751
22502,22751
22537,22751
23471,22751
17601,22760
8445,22762
14165,22762
18125,22762
12160,22762
23780,22762
24599,22762
24754,22762
24090,22762
6387,22762
14386,22766
4155,22772
4906,22772
13759,22772
9714,22772
5960,22772
8216,22772
8786,22772
1174,22772
14038,22772
22030,22772
7261,22772
21570,22772
20254,22772
13972,22772
12861,22772
10647,22772
19392,22789
2368,22789
4080,22789
20920,22789
21990,22789
4017,22789
8475,22789
8173,22789
1625,22789
13214,22789
22824,22789
11378,22789
10035,22789
14874,22792
4069,22792
13421,22792
23177,22792
2857,22792
2821,22792
1701,22792
5441,22792
15530,22792
15841,22792
21234,22792
17196,22792
23883,22792
24294,22792
23553,22792
3284,22792
22244,22800
12733,22800
12613,22800
13492,22800
11425,22800
21346,22800
16927,22800
7372,22800
12914,22800
20373,22800
8384,22813
20508,22813
13022,22813
5773,22827
14927,22827
12226,22827
9033,22827
19850,22827
17820,22827
13720,22827
2870,22827
22268,22827
683,22827
2322,22827
13274,22827
12662,22827
21768,22827
4829,22827
22832,22827
6204,22829
21898,22829
6164,22829
8665,22829
18494,22829
17164,22829
11493,22829
19437,22829
16012,22829
17797,22829
21977,22829
22560,22829
2090,22829
22924,22829
404,22829
20625,22829
2607,22829
1997,22829
5726,22829
17601,22840
16815,22847
2625,22855
3650,22855
8185,22855
3622,22855
19736,22855
20117,22855
10294,22855
13389,22856
11261,22856
13641,22856
24437,22856
19250,22856
14601,22856
10636,22856
7170,22856
8692,22856
1419,22856
2645,22856
5947,22856
14215,22856
21359,22856
15119,22862
225,22862
1424,22862
11202,22862
12191,22862
11550,22862
21918,22862
19672,22862
15245,22862
18810,22862
20873,22888
12013,22888
17393,22888
6978,22888
18779,22888
15013,22888
13744,22888
17646,22888
17671,22888
15089,22888
4411,22888
18209,22888
7020,22888
8954,22888
6368,22888
14494,22888
21211,22903
17260,22903
1193,22903
11937,22903
19934,22903
4844,22903
6710,22903
22107,22903
23178,22903
3962,22903
16341,22903
12501,22903
8488,22903
4443,22911
3337,22911
2103,22911
13823,22911
10613,22911
4485,22911
11762,22911
11676,22911
13184,22911
7843,22911
6135,22911
5387,22911
15110,22911
12400,22911
21648,22911
23669,22911
23398,22911
9690,22925
9691,22925
7796,22925
1362,22925
13318,22926
8957,22926
7593,22926
7268,22926
12504,22926
17830,22926
11441,22926
17136,22926
21434,22926
7845,22926
14944,22926
18282,22926
19262,22926
9970,22926
2402,22926
19647,22926
10681,22926
10180,22926
4223,22941
16704,22941
13082,22941
17160,22941
10281,22941
5432,22941
9060,22941
7702,22941
8831,22941
18777,22941
1368,22941
17771,22941
4674,22941
10142,22941
16056,22941
1376,22941
5833,22943
21298,22943
13060,22943
15060,22943
12194,22943
3349,22943
23055,22943
10289,22943
21686,22943
7727,22943
7256,22943
6223,22943
656,22943
3077,22945
1852,22945
767,22945
22798,22945
3087,22945
14340,22945
9650,22945
17128,22945
15606,22945
24076,22945
12777,22952
2389,22952
15688,22952
1231,22952
1233,22952
8608,22952
20778,22952
22695,22952
18183,22952
14390,22952
8602,22952
14389,22952
5193,22952
7143,22969
15244,22969
16320,22969
15539,22969
5861,22969
19048,22969
18792,22969
15102,22969
14990,22969
17005,22969
17662,22969
7273,22969
3080,22969
10162,22969
9744,22969
2812,22969
9332,22969
14632,22969
11856,22969
17601,22977
22543,22987
72,22987
10942,22987
6030,22987
13795,22987
4261,22987
11446,22987
18793,22987
850,22987
9348,22987
15702,23006
4659,23006
5714,23006
2208,23006
16920,23006
16757,23006
11339,23006
12218,23006
19882,23006
17637,23023
18025,23023
885,23023
5113,23023
414,23023
13364,23023
10030,23023
13539,23023
4284,23023
17648,23023
13328,23023
24610,23023
24552,23023
13165,23023
13312,23023
20061,23023
2824,23041
7474,23041
6474,23041
9397,23041
22230,23041
4622,23043
4432,23043
4450,23043
17149,23043
6272,23043
17750,23043
17294,23043
2776,23043
1722,23043
7525,23043
6856,23043
1713,23044
24714,23044
23990,23044
14404,23044
23301,23044
23171,23044
6720,23044
23028,23044
9402,23044
7770,23044
12477,23044
12802,23044
19731,23044
20195,23044
19237,23044
5634,23061
8002,23061
23180,23061
24681,23061
2114,23061
19234,23061
12175,23061
22304,23061
23348,23061
4437,23061
11398,23061
7409,23061
12480,23061
17601,23071
9699,23073
24033,23073
23840,23073
7985,23073
15425,23073
15704,23073
9756,23094
12842,23094
20692,23094
7411,23094
2577,23094
19977,23094
15772,23094
3012,23094
19929,23094
1614,23094
23547,23105
3105,23105
9347,23105
7568,23105
3435,23105
3187,23105
3310,23105
10411,23105
22690,23105
24256,23105
24175,23116
7305,23116
7435,23116
6431,23116
5143,23116
3138,23116
12852,23116
7612,23154
15064,23154
13042,23154
23065,23154
647,23154
15522,23154
1381,23154
20229,23170
23775,23170
24262,23170
16174,23177
21530,23177
16528,23177
20508,23177
8756,23177
9112,23177
5740,23177
6293,23177
10659,23177
10427,23177
10665,23177
11544,23177
12656,23177
11610,23177
13474,23177
12984,23177
4382,23177
2570,23177
23079,23179
796,23179
20914,23179
21235,23179
19762,23179
23923,23179
22241,23179
21892,23179
22642,23179
1950,23179
8158,23179
2755,23179
15042,23179
20397,23179
4306,23191
3264,23201
182,23201
1633,23201
173,23201
20130,23201
18570,23201
18417,23201
723,23201
9592,23201
17672,23201
12018,23201
5177,23203
12212,23203
12485,23203
2541,23203
11790,23203
11333,23203
2111,23203
11487,23203
21052,23203
6534,23203
10551,23203
5965,23203
16033,23203
14095,23203
17840,23203
22497,23204
20785,23204
8673,23204
4658,23204
23143,23204
20488,23204
11846,23204
14281,23204
11911,23204
13054,23204
22600,23204
15546,23204
3021,23204
16653,23204
10774,23204
2242,23204
4125,23204
19042,23204
746,23243
152,23243
4214,23243
12646,23243
15480,23243
16845,23243
24140,23243
20424,23243
8325,23243
21284,23243
21407,23243
17652,23243
20518,23243
13095,23251
13177,23251
3938,23251
8369,23252
240,23252
24661,23252
22995,23252
5291,23252
8848,23252
5038,23252
10205,23252
1602,23252
23293,23252
21911,23252
11697,23252
18879,23252
14242,23252
12955,23252
13184,23259
5078,23259
22611,23259
23232,23259
2479,23259
4248,23259
13669,23259
20417,23259
17084,23259
14777,23259
10272,23259
21932,23259
5191,23259
5846,23259
24203,23259
4420,23259
6714,23259
19457,23261
1481,23261
3345,23261
11068,23261
19340,23261
9161,23261
21505,23261
21652,23261
5990,23261
3145,23261
2831,23261
10570,23261
10085,23261
9961,23261
17991,23280
19337,23280
7111,23280
378,23280
961,23280
15286,23280
4181,23280
4247,23280
15987,23280
4327,23280
18559,23280
17122,23280
7852,23280
2769,23280
3965,23280
21932,23280
5133,23291
23158,23291
22922,23291
17844,23291
5181,23293
10596,23293
21349,23293
23561,23293
1380,23293
8413,23293
2683,23293
4591,23293
19828,23293
13300,23293
16951,23294
15692,23294
19257,23294
24384,23294
9127,23294
3944,23294
8164,23294
1845,23294
752,23294
1700,23294
245,23294
4964,23294
3661,23294
20982,23294
1703,23296
22792,23296
1180,23296
23883,23296
5722,23296
14604,23296
14644,23296
21034,23296
16023,23296
11703,23296
2951,23385
8303,23385
1653,23385
2870,23385
5702,23385
14935,23385
12051,23385
15192,23385
14229,23385
12553,23385
15006,23385
16822,23385
1172,23385
7866,23395
14424,23395
16412,23395
14874,23395
2376,23395
22207,23395
24280,23395
22683,23395
6717,23395
6216,23395
9623,23405
8337,23405
6111,23405
10004,23405
11642,23405
10754,23405
6095,23405
17949,23405
19644,23405
20675,23405
22638,23405
20868,23405
23641,23405
24479,23405
14185,23405
20009,23437
12643,23437
12974,23437
17643,23437
11558,23437
4401,23437
5801,23437
21828,23437
11836,23437
1028,23437
7271,23437
1483,23437
6909,23459
14373,23459
13991,23459
18096,23459
13950,23459
13598,23459
16768,23459
520,23459
4503,23459
11480,23459
6378,23463
24524,23463
8877,23463
19440,23463
5488,23463
24490,23463
1268,23463
1137,23463
6870,23463
21896,23463
19178,23470
18443,23470
17898,23470
6761,23470
18665,23470
9431,23470
9332,23470
24278,23470
17349,23470
5929,23470
24096,23470
15143,23470
13928,23470
6474,23478
13281,23478
20913,23478
20574,23478
2447,23478
20365,23478
22322,23478
12151,23478
1714,23478
383,23480
12494,23480
247,23480
5327,23480
12376,23480
14371,23480
7145,23480
9874,23480
10336,23480
21831,23480
1529,23484
2980,23484
19686,23484
4740,23484
4641,23484
3703,23484
10989,23484
14163,23484
139,23484
912,23484
22314,23484
23193,23484
20910,23484
17354,23484
4619,23486
4348,23486
1477,23486
1682,23486
10927,23486
11842,23486
5144,23486
4674,23486
4834,23486
5795,23486
3220,23486
9296,23486
7968,23486
7001,23486
8077,23486
10899,23486
9958,23486
1801,23490
20612,23490
18460,23490
257,23490
15797,23490
19674,23490
18429,23490
9695,23490
7651,23490
11798,23491
10275,23491
7736,23491
9198,23491
84,23491
1802,23491
5805,23491
18485,23491
23637,23491
24103,23491
7697,23491
15036,23518
24809,23518
20401,23518
17513,23518
22154,23518
6143,23518
3867,23518
9599,23518
3196,23518
14533,23518
9918,23518
10055,23518
11974,23518
8319,23518
10340,23518
7551,23543
8294,23543
6137,23543
18901,23543
4114,23543
19120,23543
17957,23543
16051,23543
10728,23543
8635,23543
16848,23543
14808,23543
12382,23543
18800,23543
20378,23543
2052,23543
1433,23543
2860,23543
3354,23543
21672,23554
19277,23554
7549,23554
5529,23554
24293,23554
3484,23554
4786,23554
14298,23554
23054,23556
21456,23556
21292,23556
10068,23556
8888,23556
15472,23556
11608,23556
5078,23556
17111,23556
17971,23556
24235,23556
23964,23556
16457,23556
5647,23556
9472,23556
10340,23556
5540,23556
9897,23563
314,23563
12393,23563
22053,23563
21854,23563
8125,23563
23704,23563
6257,23563
15712,23563
7413,23566
8166,23566
6221,23566
22448,23566
2961,23566
10167,23566
12907,23566
14101,23566
18007,23566
3667,23566
17003,23586
10357,23586
12142,23586
17031,23586
19914,23586
21131,23586
4309,23586
23617,23586
6710,23586
511,23586
22882,23586
17655,23587
7737,23587
24705,23587
9191,23587
22124,23591
7200,23591
10994,23591
6565,23591
15417,23591
13055,23591
4718,23591
4321,23591
16789,23591
17699,23591
18585,23591
8296,23591
8828,23591
11930,23635
7172,23635
1670,23635
6004,23635
5507,23635
15953,23635
99,23635
10452,23635
6458,23635
4658,23635
4749,23635
11911,23635
5599,23635
15103,23635
24064,23641
2218,23641
8127,23641
9416,23641
20810,23641
18248,23641
8374,23641
23378,23641
14369,23641
12616,23641
21270,23650
24482,23650
24496,23650
7388,23650
24248,23650
22369,23650
18239,23650
5617,23650
7513,23650
479,23650
22406,23656
23696,23656
9344,23656
12577,23656
22993,23656
2203,23656
22240,23656
14658,23656
17412,23656
8860,23656
5567,23656
2435,23656
9019,23656
17601,23658
17601,23659
22919,23678
24236,23678
20076,23678
16048,23678
2481,23678
3868,23678
15262,23678
4791,23678
7243,23678
10442,23678
8659,23703
11544,23703
12135,23703
13526,23703
15018,23703
15164,23703
18895,23703
4618,23703
1138,23703
24794,23703
1191,23703
21913,23703
12999,23713
12161,23713
14924,23713
18865,23713
18881,23713
3494,23713
7699,23713
7705,23713
7977,23713
8187,23713
9574,23713
8567,23713
22471,23713
21830,23713
19601,23713
1188,23724
18004,23724
2977,23724
4961,23724
3272,23724
8779,23724
10501,23724
15544,23724
16570,23724
22879,23724
23801,23724
21082,23724
5784,23755
7003,23755
16241,23755
16324,23755
14034,23755
19029,23755
16964,23755
19003,23755
944,23755
3207,23755
15284,23755
868,23755
14358,23755
9692,23755
11472,23755
12992,23755
9501,23755
8471,23755
22247,23763
21170,23763
14100,23763
24226,23763
194,23763
11152,23763
4160,23763
11456,23763
5439,23763
5037,23763
17426,23776
11967,23776
21474,23777
2055,23777
21116,23777
9595,23777
9126,23777
7410,23777
6835,23777
4951,23777
21320,23777
20600,23777
14709,23777
17350,23777
19748,23777
3978,23777
1571,23777
4750,23777
14600,23785
14834,23785
18648,23785
21104,23785
21539,23785
709,23785
2232,23785
4585,23785
8963,23785
11007,23785
8761,23785
16847,23798
19752,23798
17083,23798
9222,23798
10908,23798
20597,23798
24210,23798
397,23798
9072,23798
1955,23798
12059,23798
11130,23798
4766,23798
22318,23801
5922,23801
6165,23801
7467,23801
11475,23801
7413,23801
21131,23801
18513,23801
13522,23801
18690,23801
21073,23801
2922,23801
4943,23801
21566,23801
3886,23801
4764,23801
3124,23801
24031,23811
22735,23811
23111,23811
3350,23811
810,23811
12257,23811
10217,23811
15814,23811
18345,23811
19442,23811
9242,23811
5115,23811
9748,23811
5046,23811
24154,23811
979,23811
3366,23811
22544,23811
3065,23837
5774,23837
15612,23837
6380,23837
39,23837
10089,23837
6444,23837
3636,23837
7301,23837
14594,23837
14734,23842
15467,23842
7947,23842
9304,23842
14072,23842
24389,23842
23003,23842
2418,23842
3932,23842
17399,23842
22863,23860
7069,23860
6581,23860
275,23860
9439,23860
16956,23860
16912,23860
1420,23860
14284,23860
22614,23860
24183,23860
4140,23860
3516,23866
9484,23866
8412,23866
11763,23866
9614,23866
850,23866
18862,23866
18633,23866
17097,23866
17020,23866
15855,23866
8236,23866
8030,23866
5789,23866
5703,23866
13033,23866
13996,23866
3430,23866
2048,23866
1444,23908
2438,23908
1630,23908
15330,23908
15359,23908
15532,23908
15753,23908
24731,23908
13786,23908
13789,23908
15266,23908
5435,23908
1447,23908
1576,23908
3952,23923
14999,23923
15410,23923
12572,23923
7525,23923
448,23923
14137,23923
4864,23923
20366,23923
10069,23923
4488,23923
2295,23924
24001,23924
15508,23924
19289,23924
6122,23924
14916,23924
3745,23924
6954,23924
11200,23924
3802,23924
18858,23946
17518,23946
9115,23946
1476,23946
14581,23946
11343,23946
4119,23946
15559,23946
16009,23946
1705,23946
19485,23946
23557,23968
13181,23968
14867,23968
21171,23968
21471,23968
17129,23968
7284,23968
3970,23968
3233,23968
5296,23968
13198,23974
9716,23974
9021,23974
22725,23974
13026,23974
11085,23974
16218,23974
13338,23974
21587,23974
19893,23974
19568,23974
17377,23974
10018,23974
16241,23974
4951,23974
17500,23974
9203,23974
12577,23977
5740,23977
5630,23977
20709,23977
18351,23977
8623,23977
23276,23977
50,23977
1468,23977
7540,23977
4124,23977
2880,23977
4157,23977
20793,23978
1059,23978
6720,23978
20643,23978
9289,23978
1701,23978
9505,23978
20350,23980
17028,23980
23145,23980
2810,23980
2335,23980
24296,23980
20351,23980
23853,23980
9340,23980
2612,23980
16131,23990
12917,23990
7547,23990
15970,23990
679,23990
4942,23990
4844,23990
12265,23990
6322,23990
2081,23990
2355,23990
10970,23990
10562,23990
11578,23990
12093,23990
1221,23990
19366,23990
20102,23990
17662,23990
20741,24002
23452,24002
23410,24002
449,24002
19701,24002
19203,24002
11695,24002
12409,24002
8011,24002
6724,24002
18051,24002
16045,24002
15906,24002
15655,24002
20052,24002
20034,24002
19079,24006
20380,24006
18811,24006
1394,24006
281,24006
5512,24006
5192,24006
23612,24006
6315,24006
4714,24006
15769,24006
2246,24006
19948,24006
18441,24006
16161,24006
12903,24006
8905,24006
13551,24006
3536,24017
5872,24017
17506,24017
5442,24017
22390,24017
21691,24017
18493,24017
3321,24017
804,24017
22970,24020
21167,24020
20822,24020
17402,24020
24557,24020
4277,24020
4054,24020
19242,24020
22892,24020
21174,24020
12449,24023
2427,24023
24329,24023
12032,24023
23027,24023
21800,24023
950,24023
22975,24023
3759,24023
1896,24023
4365,24023
14949,24023
12895,24023
3320,24023
22600,24023
20588,24023
23702,24023
16022,24024
20877,24024
22157,24024
12101,24024
9064,24024
10945,24024
17078,24024
18521,24024
2347,24024
525,24024
15395,24024
14564,24024
19364,24024
20615,24024
16110,24024
2572,24024
3788,24024
2947,24024
17165,24028
16254,24028
7267,24028
12464,24028
11616,24028
11076,24028
14353,24028
14499,24028
6844,24028
2032,24028
9534,24028
8273,24028
5501,24028
12892,24028
5418,24028
2327,24028
574,24038
21699,24038
18525,24038
17564,24038
7648,24038
22718,24038
22791,24038
17249,24038
8462,24038
6735,24038
15742,24057
12694,24057
18677,24057
3783,24057
3211,24057
8779,24057
1214,24057
15592,24057
17063,24057
9835,24057
24004,24057
21398,24057
2006,24057
21395,24063
5507,24063
10029,24063
16809,24063
11955,24063
11160,24063
18392,24063
6674,24063
21498,24063
5174,24063
14505,24063
9695,24063
17350,24063
13106,24069
797,24069
16363,24069
21636,24069
9122,24069
13712,24069
4169,24069
4624,24069
19895,24069
20546,24069
14572,24069
15781,24069
6013,24069
12486,24069
6062,24076
12482,24076
24330,24076
12860,24076
21931,24076
21941,24076
14036,24076
18829,24076
12515,24076
17331,24076
4267,24081
20419,24081
12576,24081
14233,24081
24165,24081
9354,24081
19424,24081
17155,24081
22103,24081
2775,24081
11380,24081
11385,24081
7879,24081
3776,24081
7444,24081
3724,24081
2144,24081
8296,24091
14392,24091
20925,24091
4106,24091
14527,24091
23292,24091
23252,24091
23636,24091
23349,24091
2015,24091
1059,24091
10460,24091
12466,24105
11184,24105
8901,24105
12158,24105
2575,24105
18069,24105
16729,24105
24311,24105
18794,24105
20090,24105
13450,24105
16636,24105
18180,24105
12913,24105
16900,24109
11420,24109
2294,24109
17978,24109
6164,24125
8848,24125
2301,24125
16683,24125
5782,24125
19774,24125
13197,24125
1536,24125
20345,24125
5872,24125
4765,24125
3891,24125
1623,24125
5263,24125
11035,24125
11985,24125
12063,24125
21152,24131
24187,24131
8351,24131
21058,24131
9182,24131
16329,24131
20908,24131
13000,24131
14452,24131
10381,24131
7864,24131
530,24131
4734,24131
1900,24134
18189,24134
1134,24134
20190,24134
22437,24134
17601,24147
5683,24174
8159,24174
1155,24174
22463,24174
8106,24174
2981,24174
11157,24174
8976,24174
24300,24174
8655,24174
6636,24174
18581,24174
13373,24174
22234,24174
15482,24174
21798,24180
16587,24180
23527,24180
15863,24180
13173,24180
11036,24180
3983,24180
24728,24180
12311,24180
2605,24200
729,24200
17775,24200
17469,24200
21076,24200
3209,24200
6914,24200
7274,24200
9323,24200
17200,24200
22108,24200
16624,24201
14994,24201
13640,24201
9988,24201
22936,24201
8565,24201
1162,24201
24024,24201
18852,24201
23291,24201
5285,24201
6440,24201
6705,24201
2653,24201
7864,24225
13611,24225
17679,24225
22702,24225
18325,24225
16825,24225
23504,24225
1854,24225
4322,24225
10039,24225
6790,24225
16700,24230
10435,24230
10687,24230
14238,24230
5002,24230
7450,24230
24588,24230
12400,24230
9801,24230
22767,24230
12627,24230
9635,24230
17831,24231
5136,24231
5201,24231
10474,24231
15252,24231
8933,24231
20348,24231
9087,24231
19270,24231
20172,24231
9392,24231
12399,24237
16346,24237
2665,24237
1264,24237
4044,24237
6506,24237
21241,24237
3877,24237
11923,24237
24170,24237
7336,24237
19006,24237
22977,24237
21823,24237
17601,24244
2728,24246
12477,24246
3867,24246
15517,24246
12762,24246
12374,24246
10397,24246
16928,24246
229,24246
22743,24246
1675,24246
71,24246
19332,24246
22796,24246
18520,24246
4174,24246
1713,24246
16702,24246
8983,24279
8737,24279
10585,24279
14315,24279
12468,24279
9713,24279
17293,24279
906,24279
4940,24279
4319,24279
2164,24279
17924,24279
22517,24279
5331,24279
16381,24279
15544,24279
20326,24290
13153,24290
11706,24290
20714,24290
22678,24291
15029,24291
20503,24291
10760,24291
20504,24291
23813,24291
1441,24291
4504,24291
8132,24291
3565,24291
2868,24298
4055,24298
6029,24298
24139,24298
21584,24298
18956,24298
16979,24298
12044,24298
15647,24298
16493,24298
24692,24316
24493,24316
11899,24316
11735,24316
17019,24316
5230,24316
10241,24316
23052,24316
21681,24316
3436,24316
21385,24316
14781,24320
11294,24320
19004,24320
3314,24320
11066,24322
23113,24322
16541,24322
10294,24322
15560,24322
7523,24322
875,24322
8182,24322
3273,24322
2821,24322
4942,24322
6395,24322
1678,24322
6947,24322
24159,24322
13645,24334
14225,24334
16439,24334
17861,24334
18126,24334
13800,24334
8036,24334
5791,24334
5997,24334
20110,24334
20437,24334
44,24334
24045,24334
22755,24334
2879,24334
2885,24355
2369,24355
12514,24355
6516,24355
8811,24355
6841,24355
17001,24355
22477,24355
69,24355
24233,24355
617,24355
609,24355
24188,24401
12605,24401
16711,24401
8179,24401
19481,24401
2262,24401
15890,24415
18051,24415
1861,24415
24262,24415
9579,24415
9966,24415
21940,24415
18831,24415
11522,24415
11682,24415
12545,24435
15702,24435
16492,24435
15117,24435
16637,24435
17194,24435
4365,24435
23345,24435
7021,24435
24379,24435
14069,24446
19292,24446
7550,24446
7493,24446
6941,24446
7495,24446
7756,24446
23760,24446
18607,24446
14947,24446
17601,24458
3725,24479
15943,24479
14177,24479
10452,24479
9208,24479
12950,24479
13078,24479
973,24479
2853,24479
6224,24479
16273,24479
1810,24479
17740,24479
21502,24479
19584,24479
22032,24479
28,24479
2766,24479
525,24482
7327,24482
5626,24482
2600,24482
20476,24482
21358,24482
18430,24482
17826,24482
7925,24482
18428,24482
13625,24510
2768,24510
2852,24510
13996,24510
17116,24510
6873,24510
14325,24510
23067,24510
20860,24510
10143,24510
2345,24510
6802,24510
11709,24510
11714,24510
17026,24510
11864,24510
23129,24522
14094,24560
21677,24560
16958,24560
16367,24560
22320,24560
22334,24560
6526,24560
5620,24560
24804,24560
2589,24560
4372,24560
20930,24567
24101,24567
9007,24567
21009,24573
4932,24573
13724,24573
11445,24573
11018,24573
8745,24573
17181,24573
18956,24573
2053,24573
15136,24573
19952,24573
20012,24573
24106,24605
15986,24605
6770,24605
20471,24605
20037,24605
8186,24605
8557,24640
5256,24640
5717,24640
6531,24640
18921,24640
716,24640
3385,24640
3817,24640
18847,24640
12502,24640
10441,24640
9596,24640
7252,24640
21724,24640
22277,24640
19667,24640
4661,24640
18118,24642
20370,24642
21958,24642
21227,24642
20558,24642
24430,24642
7704,24642
7752,24642
9186,24642
17551,24642
23206,24644
23811,24644
8628,24644
11908,24644
16785,24644
24186,24644
22236,24644
11643,24644
11474,24644
5893,24644
20526,24644
4992,24653
6637,24653
69,24653
895,24653
2150,24653
18458,24653
14751,24653
23545,24653
1175,24653
12315,24653
956,24661
1076,24661
21608,24661
5664,24661
5513,24661
5121,24661
4533,24661
3974,24661
1204,24661
1485,24661
18764,24661
16740,24661
21106,24661
14027,24661
6168,24661
7608,24661
19733,24661
20938,24661
22025,24669
1029,24669
139,24669
12019,24669
5245,24669
22037,24669
19116,24669
21145,24669
23694,24669
24181,24669
11178,24669
16309,24669
14678,24669
132,24688
2327,24688
5972,24688
15299,24688
14243,24688
18322,24688
17650,24688
8655,24688
10767,24688
15043,24688
8814,24710
17601,24727
5230,24748
20302,24748
18869,24748
499,24748
5205,24748
88,24748
6689,24748
10018,24748
7072,24748
11259,24748
18644,24748
19138,24748
24503,24748
18429,24748
18410,24748
14508,24753
11634,24753
12456,24753
14904,24753
17576,24753
10476,24753
5734,24764
9327,24764
9326,24764
8747,24764
17853,24764
10481,24764
20362,24764
22255,24764
10089,24764
3636,24764
22284,24792
6368,24792
7656,24792
21235,24792
11846,24795
11042,24795
15904,24795
6742,24795
69,24795
7851,24795
12050,24795
10723,24795
9713,24795
818,24795
102,24824
16874,24824
5858,24824
14720,24824
16249,24824
5276,24824
5070,24824
14846,24824
2685,24824
17921,24824
4977,24824
7244,24824
4024,24824
13031,24824
2652,24824
1179,24824
17611,24824
1527,24832
4373,24832
3751,24832
11600,24832
10533,24832
24661,24832
21593,24832
7698,24832
9177,24832
21365,24832
11991,24832
19528,24836
15449,24836
10144,24836
20404,24836
14802,24836
9261,24836
10031,24836
12281,24836
3766,24836
1317,24836
7922,24840
16675,24846
9066,24846
4740,24846
3227,24846
3569,24846
4558,24846
17075,24846
6731,24846
10112,24846
23587,24846
10130,24895
21033,24895
8507,24895
7237,24895
6230,24895
16394,24895
11816,24895
11339,24895
7950,24895
10025,24895
8596,24895
6641,24913
3612,24913
8151,24913
12864,24913
16916,24913
5827,24913
20176,24913
21253,24913
22703,24913
22777,24913
7767,24920
7587,24920
9241,24920
8896,24920
19375,24920
21537,24920
14437,24920
14463,24920
13271,24920
2011,24920
13348,24920
22493,24920
15383,24920
14201,24920
5236,24920
1773,24939
13840,24939
12170,24939
10470,24939
1977,24939
22681,24939
1229,24939
5134,24939
5672,24939
3273,24939
5002,24939
7667,24939
15206,24939
20081,24939
19502,24939
10455,24939
17086,24939
2299,24965
4178,24965
12187,24965
6312,24965
10634,24965
9342,24965
8658,24965
7787,24965
17566,24965
22606,24965
703,24965
22246,24965
19542,24965
21198,24965
15089,24965
12939,24965
15917,24965
15152,24965
12141,24987
20792,24987
3572,24987
12571,24987
13274,24987
16782,24987
9964,24987
11098,24987
11673,24987
11704,24987
2631,24987
6720,24987
670,24987
861,24987
8018,24987
15843,24987
980,24989
6812,24989
11463,24989
10263,24989
21546,24989
13727,24989
12774,24989
14479,24989
20185,24989
24218,24989
11422,24997
2633,24997
8298,24997
1190,24997
24738,24997
11628,24997
22461,24997
11817,24997
11707,24997
22233,24997
8779,25031
7326,25031
7200,25031
21258,25031
22833,25031
21101,25031
13818,25031
15076,25031
16452,25031
20191,25031
10723,25031
10593,25031
1929,25031
3129,25031
20008,25033
20422,25033
2888,25033
11833,25033
10905,25033
17609,25033
17970,25033
14326,25033
12395,25033
11766,25033
9789,25033
9301,25033
15646,25033
2323,25033
6449,25033
12531,25033
16765,25038
9753,25038
18941,25038
9291,25038
2996,25038
8564,25104
8136,25104
23798,25104
16988,25104
22768,25104
19239,25104
19984,25104
12079,25104
16917,25104
8909,25104
22845,25104
1582,25104
3047,25104
2252,25104
1831,25104
7702,25104
6034,25125
13669,25125
7848,25125
1481,25125
27,25125
20716,25125
16223,25125
14250,25125
4236,25125
21002,25125
5265,25125
1506,25130
3419,25130
5679,25130
4314,25130
6620,25130
13646,25130
18120,25130
22764,25130
17019,25130
23306,25130
22615,25154
12154,25154
20669,25154
21130,25154
22435,25154
18112,25154
23303,25154
8256,25154
10723,25154
13854,25154
13015,25154
22792,25154
1549,25172
1640,25172
22687,25172
6281,25172
3154,25172
8160,25172
24668,25172
16565,25172
18755,25172
7257,25172
6672,25173
24301,25173
7179,25173
14987,25173
23638,25178
17408,25178
14538,25178
15521,25178
10993,25178
10931,25178
7700,25178
14532,25178
3726,25178
22664,25178
20543,25178
18205,25178
23310,25214
21358,25214
5219,25214
4844,25214
5221,25214
6222,25214
10008,25214
6408,25214
16622,25214
17649,25214
1665,25214
9896,25214
8418,25214
12473,25226
15647,25226
2464,25226
22925,25226
24814,25226
19934,25226
22513,25226
22317,25226
8912,25226
9230,25226
6028,25226
7740,25226
10756,25226
21834,25226
21772,25226
3833,25226
14305,25226
5041,25235
4122,25235
2873,25235
23432,25235
8050,25248
11512,25248
15028,25248
13427,25248
3736,25248
2803,25248
20629,25248
10320,25248
11328,25248
5579,25248
6710,25248
5895,25248
15624,25248
18113,25248
12376,25248
9160,25299
10316,25299
7087,25299
11571,25299
9402,25299
23960,25299
1221,25299
22010,25299
3659,25299
6699,25299
3656,25299
14537,25299
691,25299
16787,25299
21041,25299
16441,25299
12983,25299
12918,25299
13935,25299
15798,25300
13067,25300
11826,25300
13281,25300
7433,25300
10038,25300
3570,25300
20449,25300
17632,25300
17032,25300
9400,25301
19140,25301
7720,25301
23425,25301
20197,25301
20639,25301
7932,25301
18524,25301
1509,25301
24132,25301
19492,25312
19741,25312
19620,25312
6260,25312
9576,25312
5191,25312
6044,25312
13557,25312
4051,25312
130,25312
15216,25312
18710,25312
7616,25312
8581,25312
2764,25312
2962,25312
15807,25312
22123,25326
2309,25326
3436,25326
14290,25326
12564,25326
3895,25326
3950,25326
6960,25326
19050,25326
23475,25326
751,25326
19666,25326
15035,25326
16423,25326
6266,25342
3822,25342
221,25342
19666,25342
24324,25342
11202,25342
11762,25342
16080,25342
16313,25342
1541,25342
19877,25342
22163,25342
10763,25347
12606,25347
22369,25347
2510,25347
1189,25347
19970,25347
7350,25352
3510,25352
3297,25352
8676,25352
1409,25352
23438,25352
2871,25352
17020,25352
22533,25352
2996,25352
6268,25357
13939,25357
20079,25357
20559,25357
15955,25357
12989,25357
8239,25357
5463,25357
1728,25357
3896,25357
24528,25357
24524,25357
12461,25357
570,25374
17601,25411
23772,25419
22812,25419
10130,25419
8677,25419
22470,25419
1996,25419
11236,25419
21185,25419
10682,25419
16006,25419
19598,25419
23842,25419
24025,25419
3739,25435
3321,25435
16610,25435
13761,25435
15893,25435
15801,25435
23169,25435
18065,25435
8160,25435
5839,25435
9051,25435
23829,25435
24703,25435
1092,25435
23646,25435
23551,25435
2232,25435
2518,25435
18736,25479
18185,25479
18326,25479
16145,25479
15178,25479
8591,25479
20775,25479
14881,25479
24342,25479
21228,25479
248,25479
13077,25479
12273,25484
14125,25484
11203,25484
9799,25484
20987,25484
22586,25484
19996,25484
20146,25484
746,25484
2209,25484
11264,25484
11233,25484
16191,25484
23230,25484
2309,25484
16602,25484
19796,25484
11898,25501
11509,25501
16388,25501
6684,25501
7234,25501
13531,25501
2541,25501
597,25501
10979,25501
10053,25501
6139,25514
19586,25514
16557,25514
22684,25514
18340,25514
9986,25514
10274,25514
12498,25514
6188,25514
3563,25522
3051,25522
2847,25522
5293,25522
4009,25522
3867,25522
1749,25522
7468,25522
18891,25522
7852,25522
14748,25522
18402,25522
16416,25522
21781,25522
15893,25522
8372,25529
21330,25529
23079,25529
13206,25529
2652,25529
11181,25529
132,25529
13631,25529
13669,25529
7937,25529
867,25529
12909,25529
7464,25548
15431,25548
12087,25548
6306,25548
6295,25548
5251,25548
5098,25548
5371,25548
8622,25548
8524,25548
8516,25548
6305,25548
7823,25548
4796,25548
5022,25548
10895,25557
11578,25557
15247,25557
17176,25557
12736,25557
14981,25557
20091,25557
18259,25557
5848,25557
23922,25557
1191,25557
4399,25557
6682,25557
10090,25557
8895,25578
2995,25578
3730,25578
3324,25578
6457,25578
6145,25578
3446,25578
7112,25578
14591,25578
22816,25578
22356,25578
17988,25578
10258,25578
11344,25578
810,25591
22005,25591
21846,25591
18429,25591
12205,25591
18351,25591
4898,25591
6003,25591
8653,25591
7919,25591
3842,25591
4165,25591
3952,25596
13905,25596
19266,25596
24628,25596
14887,25596
4532,25601
24251,25601
21910,25601
15273,25601
15272,25601
15192,25601
18690,25601
40,25601
357,25601
21775,25601
1177,25601
658,25601
13248,25601
7615,25628
15207,25628
21473,25628
17338,25628
6774,25628
6619,25628
8887,25628
7933,25628
4412,25628
9420,25628
5501,25628
20086,25628
18039,25628
16231,25628
16913,25628
14441,25628
12067,25628
8113,25646
18398,25646
4691,25646
10452,25646
12264,25646
12373,25646
12376,25646
3582,25646
4139,25646
14408,25646
17879,25646
19351,25663
22719,25663
22778,25663
22561,25663
22923,25663
16948,25663
9697,25663
13672,25667
24819,25667
4841,25667
12279,25667
19374,25667
19329,25667
17873,25667
19185,25667
22076,25667
3070,25667
22373,25667
14953,25667
18094,25667
24176,25670
3574,25670
546,25670
9772,25670
6891,25670
21581,25670
23386,25670
16166,25670
23285,25670
16877,25670
10739,25671
4501,25671
17103,25671
14442,25671
6012,25671
5320,25671
6589,25671
5665,25671
17601,25694
17601,25696
20621,25705
17009,25705
15284,25705
13745,25705
11328,25705
24779,25705
21873,25705
22241,25705
23250,25705
20854,25705
5996,25724
12178,25724
21471,25724
24291,25724
12180,25724
10656,25724
5332,25724
525,25724
17407,25724
16862,25724
16335,25743
15462,25743
2779,25743
13103,25743
13752,25743
14048,25743
12009,25743
12421,25743
1800,25743
21659,25743
3235,25743
18026,25743
7210,25743
8347,25744
8496,25744
12911,25744
19086,25744
20476,25744
7133,25744
9824,25744
6988,25744
20630,25744
162,25744
20436,25762
20367,25762
24555,25762
18994,25762
17872,25762
14427,25762
11272,25762
10682,25762
6536,25762
6495,25762
4676,25762
24508,25762
20496,25762
23694,25762
24377,25762
12598,25762
23732,25762
11399,25762
12912,25834
13186,25834
13196,25834
24534,25834
1078,25834
23603,25834
20129,25834
18990,25834
10414,25834
14244,25834
21325,25838
20746,25838
23206,25838
18386,25838
16732,25838
13744,25838
20000,25838
1178,25838
20854,25838
10018,25838
16800,25882
6778,25882
644,25882
5401,25882
22704,25882
3741,25882
7943,25882
5967,25882
2712,25882
1780,25882
18517,25883
17537,25891
21104,25891
10223,25891
9824,25891
18143,25908
8905,25908
18049,25908
7039,25908
7457,25908
9727,25908
6437,25908
1951,25908
3706,25908
6310,25908
23077,25908
10744,25908
10262,25908
22472,25908
22605,25908
18654,25908
17601,25923
18344,25928
16415,25928
17263,25928
15048,25928
9254,25928
12577,25928
22749,25928
4998,25928
1414,25928
6258,25928
13838,25928
8525,25928
6399,25928
23902,25928
5552,25928
961,25928
8923,25931
23991,25931
16318,25931
6985,25948
16794,25948
8662,25948
21583,25948
15527,25948
12879,25948
17953,25948
3433,25948
24193,25948
19168,25948
2415,25952
2147,25952
866,25952
17408,25952
19003,25952
18848,25952
5925,25952
20854,25952
20233,25952
20157,25952
2877,25952
15041,25955
12670,25955
24678,25955
6129,25955
3060,25955
18451,25955
11350,25955
7397,25955
23267,25955
19103,25955
510,25962
3389,25970
1005,25970
1059,25970
5609,25970
18842,25970
10984,25970
12189,25970
1173,25970
16748,25970
7851,25970
13978,25978
13268,25978
10561,25978
17617,25978
23981,25978
22492,25978
14674,25978
4531,25978
3123,25978
4222,25978
573,25984
841,25984
14189,25984
15722,25984
9923,25984
10614,25984
7225,25984
7460,25984
21038,25984
21068,25984
17601,25987
24028,25988
120,25988
297,25988
2068,25988
8311,25988
10835,25988
14088,25988
17723,25988
18105,25988
18845,25988
21014,25988
1109,25993
18237,25993
17847,25993
13125,25993
11884,25993
11711,25993
5092,25993
2893,25993
22952,25993
22647,25993
22283,25993
1940,25993
16531,25993
16103,25993
13326,25993
20056,25993
13314,25993
8865,25995
2680,25995
8351,25995
3492,25995
4171,25995
4206,25995
2710,25995
910,25995
10440,25995
11151,25995
11395,25995
13641,25995
12802,25995
15075,25995
6721,25995
14187,25995
9126,25995
10443,25995
10569,26001
14737,26001
17352,26001
19171,26001
22832,26001
4166,26001
2750,26001
6214,26001
24139,26001
1471,26001
1689,26001
6592,26001
7621,26001
11339,26002
12189,26002
12898,26002
14757,26002
14995,26002
10426,26002
6907,26002
15085,26002
5821,26002
6493,26002
6679,26002
5297,26002
9055,26002
9594,26002
7525,26002
7631,26002
13856,26002
15988,26016
17250,26016
10500,26016
15998,26016
9917,26016
12620,26016
11415,26016
15531,26016
12119,26016
11431,26016
13900,26016
4795,26016
10590,26016
10495,26016
2455,26016
15974,26016
16438,26036
22454,26036
21740,26036
16308,26046
19551,26046
23891,26046
5049,26046
882,26046
22751,26046
14333,26046
8264,26046
21123,26046
15984,26046
64,26046
991,26063
18687,26063
17581,26063
15736,26063
14719,26063
11590,26063
12843,26063
4421,26063
17621,26063
2991,26063
1372,26106
14667,26106
1915,26106
1157,26106
4601,26106
377,26106
14227,26106
11434,26106
6981,26106
10402,26106
11262,26106
13121,26106
12934,26106
4958,26106
5063,26106
6255,26106
4906,26106
11539,26130
12243,26130
13858,26130
8037,26130
3843,26130
14162,26130
5679,26130
19716,26130
21197,26130
17257,26130
4636,26152
6999,26152
14170,26152
15778,26152
20434,26152
20059,26152
16677,26152
15822,26152
1126,26152
632,26152
24719,26152
20983,26152
4414,26152
3412,26152
17808,26176
18314,26176
19384,26176
149,26176
18342,26176
22688,26176
2895,26176
2710,26176
16016,26176
12063,26176
11601,26176
8028,26176
17646,26176
17661,26176
12802,26176
24097,26176
18137,26176
481,26176
2229,26176
16570,26176
4572,26178
8883,26207
8812,26207
20229,26207
20909,26207
9159,26207
5744,26207
8250,26207
2844,26207
15843,26207
11866,26207
20335,26208
15615,26208
19254,26208
4276,26209
4811,26209
9,26209
4253,26209
4707,26209
3303,26209
3216,26209
13941,26209
8416,26209
18247,26209
19986,26209
21681,26209
12109,26209
3035,26209
7106,26209
12274,26224
19064,26224
12430,26224
10451,26226
4725,26226
18429,26226
2652,26226
380,26226
229,26226
1338,26226
22642,26226
22010,26226
22095,26226
23250,26226
18475,26226
15146,26227
14473,26227
16139,26227
15108,26227
2987,26227
17404,26227
4577,26227
5160,26227
13000,26227
10928,26227
7944,26227
7871,26227
6947,26227
6798,26227
2662,26227
2847,26227
298,26227
1584,26227
10160,26233
19806,26234
22657,26234
9414,26234
20057,26234
24550,26234
22624,26234
24592,26234
22672,26234
22655,26234
21690,26234
24730,26237
6081,26237
22646,26237
22289,26237
20098,26237
19797,26237
13922,26237
6740,26237
11999,26237
9639,26237
20129,26242
10606,26242
13274,26242
15911,26242
4077,26242
9888,26242
5045,26242
4252,26242
24419,26242
14521,26242
22960,26242
13344,26242
13922,26242
8564,26264
7920,26264
12984,26264
23430,26264
12103,26264
9060,26264
10935,26264
11005,26264
24773,26264
12218,26264
23129,26265
5195,26276
2711,26276
17773,26276
19235,26276
23732,26276
17345,26276
22433,26276
22825,26276
21386,26276
21639,26276
2081,26276
6820,26276
16456,26276
8475,26276
20928,26282
21877,26282
9751,26282
4976,26282
11984,26282
14266,26282
2578,26282
4137,26282
11848,26286
22270,26286
943,26286
14836,26286
16062,26286
16305,26286
13894,26286
12008,26286
16594,26286
11949,26286
2447,26286
1197,26286
11670,26286
10089,26286
6549,26286
5527,26286
23700,26302
5898,26302
8114,26302
11146,26302
16943,26302
22204,26302
10467,26315
12360,26315
10975,26315
2091,26315
14319,26315
19069,26315
2799,26315
1724,26315
7239,26315
7132,26315
1659,26335
518,26335
19396,26335
1860,26335
7762,26335
18365,26335
23823,26335
16993,26338
23634,26338
10504,26338
12198,26338
12979,26338
211,26338
13078,26338
18436,26338
13369,26338
11007,26338
4399,26338
16976,26339
24357,26339
7439,26339
16183,26339
17360,26343
14671,26343
20586,26343
22122,26343
22995,26343
12157,26343
6162,26343
7098,26343
7144,26343
16306,26343
16826,26376
13781,26376
12401,26376
23231,26376
6523,26376
13432,26376
2117,26376
20447,26376
17601,26383
8015,26389
10068,26389
907,26389
19249,26389
18718,26389
18631,26389
11245,26389
6527,26389
6267,26389
8594,26389
4018,26389
4175,26389
19874,26389
3441,26389
20352,26391
21268,26391
21290,26391
18040,26391
17407,26391
20027,26391
12242,26391
4717,26391
8476,26391
5745,26391
19604,26391
1369,26391
3161,26391
474,26391
8304,26391
8507,26396
14181,26396
22619,26396
14852,26396
1226,26396
21720,26396
18384,26396
21712,26396
11994,26396
14111,26396
17601,26397
9855,26400
13007,26400
21495,26400
13182,26400
20129,26400
6844,26400
11585,26400
7525,26400
22611,26400
1360,26400
6089,26400
22915,26400
6149,26400
24203,26400
4318,26401
11130,26401
12198,26401
22572,26401
24529,26401
361,26401
4018,26401
21110,26401
20933,26401
13119,26401
13095,26401
11152,26408
11778,26408
11199,26408
11440,26408
9757,26408
10535,26408
8343,26408
17555,26408
6814,26408
6258,26408
4942,26408
4897,26408
3152,26434
9915,26434
10154,26434
22264,26434
22571,26434
20327,26434
15245,26434
11821,26434
19233,26434
2182,26434
18617,26458
18667,26458
20060,26458
22868,26458
22477,26458
17677,26458
4470,26458
6490,26458
8200,26458
17508,26458
907,26458
965,26458
23204,26458
16194,26458
8329,26458
11739,26458
7956,26458
971,26462
18560,26462
9511,26462
14304,26462
14989,26462
6874,26462
21938,26462
3599,26462
10068,26462
1827,26462
268,26462
13362,26462
17499,26462
20267,26464
12969,26464
1639,26464
21510,26464
15805,26464
2835,26464
18419,26464
22873,26464
2226,26464
14895,26464
1812,26465
11064,26465
21642,26465
23249,26465
5327,26465
12306,26465
912,26465
9305,26469
1672,26469
9824,26469
3952,26469
4204,26469
8722,26469
15643,26469
4792,26469
17929,26474
3441,26474
24010,26474
5380,26474
14303,26474
5862,26474
3166,26474
20433,26474
15353,26474
14392,26474
16174,26476
16006,26476
11496,26476
16806,26476
2791,26476
154,26476
645,26476
3686,26476
4750,26476
18403,26476
3089,26476
2269,26476
17797,26476
9126,26476
12478,26476
2570,26476
9609,26476
20887,26476
4846,26476
18879,26477
14858,26477
7105,26477
24535,26477
530,26477
318,26477
3736,26477
4193,26477
1053,26477
1249,26477
9692,26477
12123,26477
23282,26477
19032,26477
10149,26477
17601,26491
16263,26516
17341,26516
11679,26516
9886,26538
16786,26538
24372,26538
12749,26538
7138,26538
2450,26538
4960,26538
20058,26538
16275,26538
19817,26538
17601,26539
6958,26540
13239,26540
12686,26540
8115,26540
5876,26540
4702,26540
18381,26540
5324,26540
9752,26540
8562,26540
11216,26540
11042,26540
4350,26540
670,26540
24665,26540
17601,26553
19268,26586
19228,26586
6349,26586
8876,26586
10822,26586
10817,26586
17640,26586
13372,26586
850,26586
21577,26586
21592,26589
24448,26589
13845,26589
21538,26589
21914,26589
24051,26589
476,26589
3236,26589
23000,26589
2905,26589
12794,26589
693,26589
17772,26589
19729,26589
16265,26589
13912,26589
14348,26594
17451,26594
20438,26594
15119,26594
15372,26594
16572,26594
14199,26594
17798,26594
22073,26594
5652,26594
6608,26594
6815,26594
8078,26594
9364,26594
21441,26616
20787,26616
6261,26616
7315,26616
20614,26616
18983,26616
16086,26616
18600,26616
15290,26616
16312,26616
12356,26616
15437,26616
24018,26619
14117,26619
21244,26619
19734,26619
7536,26619
12966,26619
7303,26619
1661,26619
12756,26619
9440,26619
8791,26619
14097,26619
24721,26619
2881,26619
2576,26619
4411,26645
5803,26645
1487,26645
5099,26645
5232,26645
16589,26645
12606,26645
10147,26645
3649,26645
23662,26645
23419,26645
19094,26645
9970,26645
10035,26652
23746,26652
10295,26670
17133,26670
19555,26670
15548,26670
17126,26670
13687,26670
24076,26670
24193,26670
14339,26670
8430,26670
24606,26670
20443,26670
14221,26670
752,26688
20556,26688
11657,26688
14186,26688
8227,26688
5925,26688
2050,26688
22879,26688
15076,26688
21808,26688
22705,26688
22426,26688
16804,26699
17991,26716
21932,26716
4181,26716
10710,26716
2834,26716
4327,26716
18559,26716
2769,26716
1905,26716
810,26721
6692,26721
7533,26721
11265,26721
21319,26721
18339,26721
19808,26721
21303,26721
18989,26721
20106,26721
17650,26721
21758,26721
16970,26721
17001,26721
24212,26721
23323,26721
22222,26721
1089,26721
16495,26721
14133,26721
17243,26732
22478,26732
21908,26732
9285,26732
5207,26732
1960,26732
24134,26732
11972,26732
19279,26732
20672,26732
14344,26732
11448,26732
11774,26732
4347,26752
2558,26752
20305,26752
4538,26752
11097,26752
7200,26752
11661,26752
3955,26752
20290,26752
22321,26752
3030,26755
691,26755
10128,26755
22819,26755
18535,26755
17171,26755
12022,26755
21264,26755
4020,26755
3593,26755
5028,26755
10362,26755
10034,26755
17601,26761
20862,26783
19571,26783
8646,26783
7963,26783
18545,26783
18038,26783
18035,26783
16314,26783
1881,26783
515,26783
586,26783
294,26783
10257,26783
3744,26783
1572,26783
16126,26783
6143,26789
6045,26789
3857,26789
16729,26789
4962,26789
996,26789
16426,26789
14496,26789
3846,26789
7399,26789
13817,26789
12158,26789
14243,26789
22398,26812
19765,26812
23479,26812
20665,26812
18948,26812
5797,26812
6130,26812
19035,26812
17504,26812
22980,26812
20361,26812
17503,26812
15184,26832
6041,26832
24251,26832
3551,26832
3232,26832
7629,26832
4359,26832
10638,26832
13452,26832
4113,26832
23478,26832
453,26832
17734,26832
23335,26832
22287,26832
20518,26832
5191,26838
4543,26838
7525,26838
5719,26838
20061,26838
6909,26838
19138,26838
18830,26838
10223,26838
6741,26838
4517,26838
2530,26838
275,26838
2820,26838
4940,26841
2621,26841
14711,26841
12514,26841
18117,26841
5543,26841
12770,26841
6085,26841
9797,26841
1063,26841
1155,26841
2312,26841
14044,26858
13274,26858
13744,26858
1953,26858
172,26858
7381,26858
5057,26858
11359,26858
5707,26858
22141,26858
880,26858
1363,26858
5073,26858
10362,26858
6268,26858
21743,26864
8116,26864
22622,26864
23877,26864
19757,26864
2975,26864
12902,26864
5345,26864
13026,26864
6966,26864
23532,26878
17866,26878
4546,26878
7515,26878
13625,26878
6877,26878
2832,26878
10456,26878
5246,26878
5648,26878
3112,26881
20369,26881
8648,26881
4655,26881
14675,26881
21535,26881
14923,26889
6359,26889
19003,26889
6410,26889
11214,26889
8347,26889
21900,26889
20857,26889
23301,26889
8848,26889
5802,26889
1047,26889
1056,26889
18069,26938
19246,26938
14713,26938
14689,26938
14811,26938
424,26938
779,26938
13324,26938
15547,26938
15523,26938
16134,26938
7490,26948
16982,26948
19847,26948
22048,26948
24693,26948
2616,26948
7169,26948
6974,26948
4116,26948
1320,26948
19376,26948
12668,26948
23256,26948
8459,26948
2008,26948
7461,26963
16050,26963
21984,26963
6382,26963
15558,26963
3395,26963
20499,26963
20657,26963
18711,26963
6878,26963
15861,26977
11505,26977
13576,26977
14849,26977
23971,26977
8101,26977
4265,26977
4890,26977
1390,26977
4062,26977
8180,26977
11199,26977
20893,26977
19609,26977
22178,26977
17100,27012
5546,27012
7485,27012
22354,27012
10067,27012
3000,27012
452,27012
12736,27012
10598,27012
15283,27012
20786,27012
20653,27012
14615,27012
5364,27012
10784,27012
14800,27016
9856,27016
3013,27016
24504,27016
1751,27016
18526,27016
17459,27016
24766,27016
18511,27016
23671,27016
7396,27035
7664,27035
3866,27035
22871,27035
21148,27035
22083,27035
5230,27035
6583,27035
23271,27035
21331,27035
4338,27035
16737,27066
22393,27066
5731,27066
6624,27066
20837,27066
11277,27066
15351,27066
3993,27066
14960,27066
4050,27066
15381,27066
16904,27066
17937,27066
16477,27066
5052,27066
2890,27066
6690,27069
22330,27078
18534,27078
18878,27078
6947,27078
23458,27078
14749,27078
17344,27078
18351,27078
16886,27078
20740,27078
2920,27078
6799,27078
946,27078
2306,27078
20260,27078
236,27078
7180,27078
23068,27078
23866,27078
1411,27079
16501,27079
9518,27079
23427,27079
464,27079
23919,27079
9225,27079
7930,27079
3146,27079
3053,27079
16067,27083
1712,27083
18922,27083
8668,27083
7311,27083
12435,27083
19532,27083
12277,27083
8048,27083
10123,27083
15081,27085
13441,27085
11695,27085
11582,27085
1034,27085
10384,27085
4065,27085
8226,27085
20223,27085
20720,27085
17081,27085
10547,27121
10349,27121
11259,27121
10464,27121
10526,27121
2154,27121
186,27121
2940,27121
16170,27121
14355,27121
8352,27121
16303,27121
3813,27121
5382,27121
5220,27121
5076,27121
12552,27121
19470,27133
22981,27133
9162,27133
22269,27133
166,27133
436,27133
19739,27146
4996,27146
22288,27146
12836,27146
19945,27146
4729,27146
23198,27146
20110,27146
15918,27146
12642,27146
6726,27149
4813,27149
16891,27149
24358,27149
9492,27149
24108,27149
23617,27149
15107,27149
24435,27149
16119,27149
2454,27150
9736,27153
4273,27153
3434,27153
17335,27153
8233,27153
8801,27153
21778,27153
15373,27153
10225,27153
15767,27153
3169,27153
153,27153
10654,27157
15857,27157
8028,27157
23524,27157
24658,27157
9565,27157
1979,27157
13530,27157
13294,27157
6912,27157
24236,27157
16416,27157
1059,27157
8581,27157
1927,27182
22496,27182
8436,27182
3070,27182
2833,27182
1793,27182
23046,27182
7975,27182
4553,27182
14150,27182
23435,27208
20577,27208
14586,27208
11644,27208
10512,27208
21142,27213
9120,27213
8110,27213
16876,27213
8347,27213
3971,27213
7273,27213
6779,27213
4408,27213
4818,27213
796,27213
6662,27213
2510,27213
14152,27213
14992,27213
10283,27213
11469,27213
18613,27213
8006,27213
21347,27214
20995,27214
4221,27214
18572,27214
19593,27214
24231,27214
922,27214
21998,27214
22571,27214
3658,27214
8793,27214
14049,27214
16434,27214
14498,27214
7373,27215
10536,27215
23419,27215
15900,27215
13530,27215
20157,27215
14528,27215
8155,27215
10948,27215
6224,27215
10030,27215
10507,27218
6789,27218
18612,27218
22474,27218
20608,27218
21089,27218
15173,27218
1428,27218
21880,27218
3687,27218
23905,27220
17321,27220
11978,27220
6782,27220
21251,27220
6713,27220
2564,27220
23767,27220
16400,27220
15021,27220
2966,27221
8194,27221
11857,27221
10472,27221
12365,27221
13406,27221
24724,27221
19957,27221
19311,27221
2370,27221
23856,27232
21295,27232
8027,27232
16683,27232
6863,27232
3893,27232
2232,27232
742,27232
23930,27232
7061,27232
24621,27235
760,27235
7064,27235
3799,27235
7688,27235
8560,27235
12355,27235
12362,27235
18609,27235
22415,27235
15470,27236
3261,27236
19814,27236
631,27236
19127,27236
21515,27264
22562,27264
12167,27264
13486,27264
21391,27264
20989,27264
19094,27264
19252,27264
10980,27264
12273,27264
9361,27264
6630,27264
16425,27264
9704,27264
17080,27279
170,27279
5721,27283
4550,27283
3275,27283
2819,27283
9048,27283
9453,27283
10003,27283
10326,27283
14929,27283
22011,27283
22098,27283
23656,27283
10990,27283
11122,27283
11273,27283
11529,27283
21129,27286
20601,27286
13697,27286
307,27286
21518,27286
22802,27286
3514,27286
1257,27286
14185,27286
5176,27286
7076,27290
2892,27290
3852,27290
16683,27290
16241,27290
18935,27290
2126,27290
22861,27290
20641,27290
19315,27290
13639,27305
3434,27305
3490,27305
7595,27305
23518,27305
16755,27305
14646,27305
12958,27305
13670,27305
142,27305
23740,27315
19002,27315
22038,27315
21190,27315
23052,27315
15620,27315
13768,27315
9604,27315
15849,27315
17165,27315
5787,27315
5388,27315
1244,27315
924,27315
2710,27315
2139,27315
3286,27315
17579,27315
24449,27327
20846,27327
24564,27327
12761,27327
2170,27327
14191,27327
1103,27327
17568,27327
15321,27327
14906,27327
2970,27338
22808,27338
5005,27338
18926,27338
20664,27340
23818,27340
5234,27340
5739,27340
12655,27340
15541,27340
13088,27340
4387,27340
1959,27340
1568,27340
10514,27341
4203,27341
19536,27341
24720,27341
15374,27341
17009,27341
12573,27341
13243,27341
9769,27341
9832,27341
6114,27341
5758,27341
7628,27341
373,27341
19062,27353
18284,27353
19123,27353
23439,27353
19839,27353
14863,27353
14796,27353
11742,27353
11525,27353
22507,27353
23029,27353
21848,27353
14719,27353
22077,27353
20276,27353
19141,27353
15271,27353
1191,27381
4982,27381
14930,27381
1010,27381
17641,27381
18341,27381
21983,27381
9721,27381
8027,27381
9516,27381
2406,27381
11276,27381
14445,27381
11767,27381
15602,27381
10635,27381
10120,27381
22515,27424
18745,27424
19501,27424
8439,27424
1680,27424
4482,27424
10146,27424
10785,27424
1119,27424
9732,27424
10210,27424
15203,27424
11919,27424
18933,27424
17012,27424
21755,27473
20502,27473
21843,27473
9125,27473
20911,27473
9715,27473
7745,27473
1915,27473
23183,27473
19400,27473
6587,27473
1495,27473
3690,27473
5000,27473
17247,27473
16753,27473
11955,27473
19566,27473
14062,27474
13074,27474
17152,27474
20859,27474
10704,27474
3177,27474
6324,27474
32,27474
7044,27474
20780,27474
6021,27474
14542,27479
11259,27479
13198,27479
12775,27479
5457,27479
8779,27479
22203,27479
20590,27479
12666,27479
2264,27486
6060,27486
14379,27486
13564,27486
20879,27486
5708,27486
6593,27486
5379,27486
4483,27486
3821,27486
3256,27486
1198,27486
20519,27486
6118,27486
8899,27486
6921,27486
21564,27486
20697,27486
10040,27493
1747,27493
22250,27493
17974,27493
18204,27493
15452,27493
2632,27493
8264,27493
8810,27493
13730,27493
14469,27493
13615,27493
6767,27493
11582,27493
2536,27493
18911,27493
23967,27493
9187,27524
1240,27524
23079,27524
13418,27524
1188,27524
8710,27524
8161,27524
17339,27524
2293,27524
5996,27524
20494,27524
19775,27524
18519,27524
14766,27524
17242,27524
4100,27525
12618,27525
3262,27525
20240,27525
21840,27525
19735,27525
22751,27525
10455,27525
729,27525
10121,27525
8757,27525
5545,27525
5217,27525
13083,27527
3950,27527
25,27527
20085,27527
18897,27527
17691,27527
20542,27527
7060,27527
6492,27527
7383,27527
9867,27535
15305,27535
15689,27546
14931,27546
4123,27546
16128,27546
18062,27546
23493,27546
6825,27546
23625,27546
13353,27546
12007,27546
2666,27558
2965,27558
7127,27558
15502,27558
8336,27558
15146,27558
10711,27558
14964,27558
12510,27558
18297,27558
15447,27558
5700,27569
3469,27569
10211,27569
8034,27569
11961,27569
10247,27569
9598,27569
17952,27569
2957,27569
2021,27569
20985,27569
19042,27591
23030,27591
22475,27591
7165,27591
22571,27591
15171,27591
11902,27591
18519,27591
12445,27591
16718,27591
8827,27591
3355,27591
17112,27591
947,27591
368,27591
7492,27591
17601,27611
16450,27621
172,27621
5232,27621
12173,27621
9470,27621
10175,27621
21342,27621
19797,27621
17161,27621
10411,27621
6649,27621
6712,27621
18275,27621
17276,27621
2401,27621
2542,27621
4884,27621
13032,27621
226,27621
23922,27653
17614,27653
22099,27653
20188,27653
2837,27653
8930,27653
3668,27653
7003,27653
7060,27653
12973,27653
12016,27653
2977,27653
16201,27653
8981,27653
17226,27653
16419,27653
22230,27659
13361,27659
8609,27659
7831,27659
18111,27659
1965,27659
24465,27659
21311,27659
21559,27659
22290,27659
5314,27659
14090,27659
14286,27659
18741,27659
14845,27659
19541,27659
18861,27659
23969,27662
10382,27662
20508,27662
6566,27666
18482,27666
6922,27666
9360,27666
10028,27666
5202,27666
1951,27666
4956,27666
18166,27672
19742,27672
2621,27672
16570,27672
8542,27672
8368,27672
5754,27672
21295,27672
14103,27672
12652,27672
10993,27672
9008,27672
5259,27672
21477,27677
22776,27677
18263,27677
18249,27677
17659,27677
18264,27677
19561,27677
17135,27677
13494,27677
5196,27677
13484,27677
22972,27687
22913,27687
20903,27687
22972,27687
4824,27687
3246,27687
23045,27687
1525,27687
19855,27687
17703,27687
9013,27687
8624,27687
15705,27687
12416,27687
17332,27687
9505,27687
19727,27687
5466,27687
1234,27707
23512,27707
17754,27707
302,27707
6997,27707
19455,27707
19568,27716
4675,27716
14857,27716
120,27716
15432,27716
19633,27716
18474,27716
18377,27716
24661,27716
21429,27716
16345,27731
14933,27731
21430,27731
1353,27731
23931,27731
20024,27731
20598,27731
12,27731
854,27731
7907,27731
17601,27733
4542,27738
19987,27738
15118,27738
23121,27738
2325,27738
3388,27738
13325,27738
409,27738
13249,27738
1611,27738
842,27739
23259,27739
4809,27739
11755,27739
7658,27739
6652,27739
22859,27739
8287,27739
15424,27739
21294,27739
19856,27739
18531,27739
18747,27739
10857,27739
14535,27739
23250,27739
11777,27739
5948,27741
8758,27741
9585,27741
5464,27741
210,27741
10838,27741
15818,27741
15941,27741
192,27741
22228,27741
5443,27741
17787,27741
19328,27741
19654,27741
18693,27744
18336,27744
7875,27744
6988,27744
7677,27744
13102,27744
6473,27744
4714,27744
17020,27744
19652,27744
20498,27744
774,27744
580,27744
6278,27748
20212,27748
8456,27748
6547,27748
727,27748
13357,27748
15962,27748
10319,27751
249,27751
18664,27751
6140,27751
7932,27751
12639,27751
8331,27751
22476,27751
5696,27751
11334,27751
23605,27757
17336,27757
15879,27757
18582,27757
5394,27757
13413,27757
1170,27757
7404,27757
7558,27757
7146,27757
11719,27757
7795,27757
5044,27757
14784,27757
8792,27789
11264,27789
4934,27789
1810,27789
4373,27789
22813,27789
10638,27789
10330,27789
20987,27789
16758,27789
19882,27789
17904,27789
17945,27789
21272,27789
18810,27789
4554,27796
9218,27796
2604,27796
8678,27796
4346,27796
9748,27796
431,27796
4120,27796
3597,27796
2570,27796
10765,27796
7131,27796
10400,27796
10553,27796
5190,27796
3173,27796
4541,27796
7819,27796
10473,27825
9565,27825
19624,27825
5973,27825
19610,27825
17387,27825
15908,27825
14514,27825
23670,27825
13578,27825
24456,27825
24230,27825
11386,27825
20432,27825
9965,27830
23450,27830
14928,27830
15239,27830
17690,27830
19427,27830
232,27830
12827,27830
12078,27830
15370,27830
4968,27830
1435,27830
23216,27830
21626,27830
14453,27830
14574,27832
16893,27832
1744,27832
23702,27832
23286,27832
20537,27832
10989,27832
9765,27832
7357,27832
5656,27832
15119,27840
6064,27840
20475,27840
5715,27840
24253,27856
14079,27866
11360,27866
14541,27866
19587,27866
8936,27866
7978,27866
3115,27866
19760,27866
4080,27866
24279,27866
13258,27866
23793,27866
16483,27866
16340,27866
16073,27866
9395,27868
5338,27868
3215,27868
13090,27868
12232,27868
19610,27868
14068,27868
14746,27868
18590,27868
23516,27868
2765,27868
10415,27868
13296,27868
18430,27887
14716,27887
8024,27887
6700,27887
2863,27887
23144,27887
14585,27887
13858,27887
12714,27887
11659,27887
20173,27887
20165,27887
12979,27889
20475,27889
14600,27889
16690,27889
10277,27889
2200,27889
3912,27889
22403,27889
10227,27889
10164,27889
15360,27901
17240,27901
17790,27901
23815,27901
20,27901
2314,27901
22960,27901
23468,27901
3299,27901
24428,27901
3923,27901
5305,27901
13851,27901
4936,27901
19755,27901
3717,27901
17562,27901
9997,27937
11384,27937
2756,27937
10573,27937
23469,27937
3485,27937
12242,27937
24248,27937
4062,27937
6949,27937
17601,27964
1597,27972
21799,27972
17241,27972
11629,27972
16505,27972
2927,27972
20298,27972
20095,27972
16105,27972
15549,27972
1761,27972
18890,27988
20901,27988
23137,27988
7140,27988
5547,27988
18885,27988
2947,27988
1863,27988
1697,27988
14712,27988
11692,27988
6660,27988
4909,28000
10145,28000
9021,28000
17733,28000
19456,28000
19892,28000
21447,28000
20958,28000
12211,28000
5443,28000
17170,28000
9956,28000
16294,28000
15840,28000
17826,28000
8754,28000
10056,28000
17601,28010
5785,28013
2988,28013
5026,28013
10403,28013
11128,28013
12126,28013
11124,28013
10948,28013
10857,28013
5348,28013
19428,28013
4058,28013
15127,28013
18606,28013
20781,28013
12251,28013
8816,28013
20698,28013
21173,28018
2471,28018
9290,28018
11504,28018
885,28018
19569,28018
6200,28018
7449,28018
2208,28018
18193,28018
12966,28018
21325,28018
22761,28018
18245,28018
1276,28018
11569,28018
17875,28020
11594,28020
4603,28020
7448,28031
3660,28031
5712,28031
8299,28031
8590,28031
5999,28031
14520,28031
13850,28031
12644,28031
20230,28031
16174,28031
17466,28031
20726,28031
14681,28031
7388,28031
98,28031
1933,28031
10162,28045
10404,28045
4656,28045
15285,28045
16424,28045
18240,28045
20922,28045
21154,28045
4477,28045
23636,28045
23743,28045
5433,28045
5791,28045
5649,28045
2352,28046
723,28046
8027,28046
11160,28046
11620,28046
16803,28046
13833,28046
15846,28046
20859,28046
21106,28046
15857,28062
16845,28062
19885,28062
12224,28065
10594,28065
3011,28065
789,28065
16442,28065
22784,28065
17002,28065
24100,28065
24800,28065
9689,28065
3890,28065
3995,28065
6121,28065
11861,28067
2274,28067
1221,28067
5187,28067
11611,28067
8046,28067
4704,28067
9863,28067
18629,28067
11762,28067
9624,28067
23654,28067
24136,28067
9281,28067
10135,28067
7350,28070
10557,28070
19092,28070
22649,28070
2992,28070
3446,28070
5774,28070
15983,28070
23789,28070
20017,28070
20147,28070
14066,28075
2581,28075
3765,28075
2570,28075
16497,28075
6740,28075
5932,28075
18514,28075
20542,28075
2105,28075
24262,28075
23250,28075
1701,28075
17601,28100
11244,28105
10301,28105
1623,28105
2031,28105
4908,28105
10058,28105
11571,28105
20291,28105
8148,28105
19250,28105
9354,28116
16706,28116
6186,28116
1095,28116
2051,28116
18273,28116
11685,28116
14833,28116
17155,28116
20194,28116
16368,28118
14851,28118
5170,28118
7993,28118
23362,28118
8054,28118
4889,28118
9367,28118
14487,28118
2234,28118
3341,28118
3541,28118
22028,28121
2189,28121
2099,28121
22221,28121
21526,28121
21708,28121
24253,28121
22288,28121
10444,28121
12035,28121
18978,28121
6342,28121
7324,28121
9874,28121
5855,28121
4148,28121
21143,28121
17601,28142
15034,28145
15171,28145
10072,28145
16658,28145
16457,28145
3448,28145
22562,28145
7140,28145
3567,28145
21891,28145
994,28158
12387,28158
8409,28158
20878,28170
10356,28170
16954,28170
12666,28170
1399,28170
18776,28170
7034,28170
10465,28170
10333,28170
20885,28170
19924,28170
23472,28170
23520,28176
17616,28176
18688,28176
7998,28176
9483,28176
11681,28176
11423,28176
10952,28176
17064,28176
3454,28176
2993,28176
1515,28176
23971,28182
17438,28182
13211,28182
14263,28182
7525,28182
4417,28182
10245,28182
22646,28182
9482,28182
4834,28182
5357,28182
4146,28182
4036,28182
2590,28182
129,28182
11034,28182
4348,28182
17991,28202
769,28202
17424,28202
8886,28202
2825,28205
21113,28205
2212,28212
24153,28212
4433,28212
1188,28212
808,28212
6669,28212
3864,28212
21736,28212
22679,28212
23900,28212
24826,28212
22788,28212
16782,28212
14028,28212
22108,28212
24773,28261
17573,28261
24235,28261
12448,28261
17226,28261
24672,28261
13581,28261
13771,28261
12484,28261
9559,28261
16195,28261
8638,28261
1142,28261
12854,28264
15687,28264
10531,28264
12868,28264
12275,28264
11004,28264
9214,28264
6072,28264
5223,28264
3554,28264
8155,28264
8759,28264
15931,28264
19668,28264
22803,28266
24207,28266
17991,28266
24778,28266
8659,28266
14750,28266
3029,28266
3561,28266
8073,28266
7852,28266
23660,28281
13648,28281
12957,28281
10471,28281
9434,28281
2904,28281
1145,28281
24699,28281
20690,28281
21916,28281
6931,28282
677,28282
126,28282
3315,28282
12428,28282
8816,28282
5589,28282
5238,28282
18051,28282
18163,28282
17601,28284
9105,28298
16481,28298
18191,28298
19514,28298
21767,28298
11356,28298
6200,28298
24222,28307
20745,28307
16374,28307
19719,28307
19606,28307
15249,28307
6297,28307
21704,28307
5815,28307
3399,28307
20136,28307
19793,28307
12986,28308
12400,28308
3311,28308
15091,28308
10189,28308
14825,28308
3900,28308
6894,28308
10376,28308
18962,28308
11107,28308
10762,28308
18222,28308
24787,28308
626,28308
19695,28308
17933,28308
6906,28316
10378,28316
10841,28316
14641,28316
6045,28316
7999,28316
7263,28316
193,28316
16762,28316
2404,28316
2630,28316
17739,28316
3189,28316
17821,28316
14544,28316
16562,28316
14216,28316
14234,28316
11329,28316
14754,28339
2655,28339
1988,28339
3175,28339
2863,28339
3592,28339
7382,28339
8470,28339
22266,28339
19033,28339
23449,28339
22772,28339
10914,28339
14676,28339
7017,28339
6970,28339
5890,28339
7231,28366
7332,28366
7785,28366
13011,28366
9089,28366
20659,28366
16907,28366
6898,28366
13047,28366
21773,28366
5611,28369
13856,28369
22179,28369
17915,28369
18454,28369
22818,28369
3881,28369
19132,28369
15585,28369
7610,28369
12218,28369
13512,28369
8959,28369
10871,28369
1418,28373
5800,28373
6318,28373
20998,28373
15421,28373
317,28392
1273,28392
90,28392
17758,28392
17525,28392
6429,28392
13932,28392
15434,28392
23091,28392
23984,28392
4097,28398
7447,28398
2989,28398
4032,28398
4005,28398
8081,28398
7876,28398
3917,28398
8463,28398
7339,28398
3483,28398
4300,28398
8170,28398
6185,28398
5576,28398
6441,28398
1668,28398
16624,28399
8149,28399
16523,28399
18562,28399
8713,28399
1280,28399
7778,28399
1588,28399
4745,28399
11591,28399
9006,28399
24363,28399
23878,28399
22888,28399
23178,28399
21888,28399
22380,28399
1918,28402
2365,28402
8129,28402
21725,28402
13652,28402
13702,28402
9555,28402
13122,28402
1505,28403
6685,28403
11458,28403
14288,28403
16880,28403
19569,28403
8108,28403
17005,28403
18842,28403
4311,28403
187,28403
3734,28403
12849,28403
17601,28413
2524,28428
4306,28428
7872,28428
16382,28428
7782,28428
14523,28428
20473,28428
20154,28428
18253,28428
8102,28428
14278,28428
12147,28428
9368,28428
13276,28428
2377,28428
16696,28431
4108,28431
3531,28431
10537,28431
4828,28431
11436,28431
9999,28431
17837,28431
11864,28431
24126,28431
21822,28456
19643,28456
20684,28456
15220,28456
16880,28456
18512,28456
22240,28456
15952,28456
6932,28456
930,28456
8257,28456
22240,28456
23411,28461
19994,28461
3814,28461
9684,28461
2445,28461
10194,28497
10282,28497
4427,28497
10563,28497
22848,28497
3179,28519
9113,28519
22302,28519
16895,28519
12479,28519
8625,28519
24838,28519
7362,28519
1221,28519
8220,28519
14337,28519
18564,28519
23462,28519
24106,28519
19009,28519
18252,28519
17601,28534
17601,28562
663,28563
10654,28563
253,28563
6341,28563
15405,28563
20323,28563
1062,28563
17733,28563
20798,28563
12825,28563
23128,28563
22428,28563
17812,28563
6200,28563
1550,28563
1910,28563
2027,28563
1150,28563
2866,28567
18430,28567
16891,28567
19826,28567
4251,28567
21480,28567
24315,28567
18883,28567
9396,28567
4414,28567
20096,28567
23333,28567
6393,28567
5681,28567
10454,28567
14122,28567
16139,28567
1133,28571
7090,28571
8380,28571
2850,28571
9920,28571
10042,28571
10162,28571
19933,28571
21499,28571
16155,28571
2956,28571
5751,28571
5433,28571
16325,28571
9625,28571
18310,28571
17664,28571
12374,28571
6061,28571
19708,28571
1216,28586
7496,28586
4029,28586
10985,28586
12332,28586
7320,28586
11279,28586
498,28586
15408,28586
3764,28586
17601,28590
22881,28599
22522,28599
541,28599
1227,28599
1222,28599
12233,28599
8804,28599
12198,28599
3248,28599
20970,28599
1812,28599
7876,28599
14392,28599
3920,28599
6788,28599
7219,28599
24221,28599
23854,28599
17601,28635
18225,28642
19394,28642
12436,28642
22417,28642
12505,28642
3198,28642
698,28642
5205,28642
12033,28642
4748,28642
13770,28642
6215,28642
15334,28642
16249,28642
14835,28642
2575,28651
18986,28651
1101,28651
17855,28651
17929,28651
22300,28651
6141,28651
23615,28651
10666,28651
16459,28651
23443,28651
1968,28651
20061,28651
22839,28651
3718,28651
4936,28651
17663,28651
8397,28671
20910,28671
4275,28671
8656,28671
9179,28671
16690,28671
3950,28671
19736,28671
17147,28671
24159,28671
21091,28671
16917,28671
18673,28729
1942,28729
16994,28729
2022,28729
4515,28729
16969,28729
19712,28729
24836,28729
24424,28729
15004,28729
6200,28754
7868,28754
8912,28754
516,28754
23129,28754
2655,28754
23641,28754
17408,28754
20497,28754
18110,28754
1655,28754
2645,28754
1495,28754
9506,28754
22036,28754
18128,28754
19068,28754
2354,28762
18983,28762
16086,28762
15554,28762
12583,28762
20787,28762
16083,28762
12356,28762
7329,28766
6689,28766
6269,28766
11076,28766
11824,28766
4645,28766
14626,28766
3129,28766
2111,28766
1177,28766
921,28766
16768,28766
21366,28766
14680,28766
21410,28766
19089,28766
20987,28766
20773,28788
10482,28788
4514,28788
17375,28788
17596,28788
5981,28788
13671,28788
24429,28788
15450,28788
5585,28788
18032,28799
15153,28799
13942,28799
12928,28799
9984,28799
24248,28799
22358,28799
20874,28827
8890,28827
24326,28827
11932,28827
1790,28827
20475,28827
21910,28827
7302,28827
10035,28827
23782,28827
1403,28827
14942,28827
11958,28827
1032,28831
23394,28831
15212,28831
11598,28831
12485,28831
7078,28831
3213,28831
12176,28831
3260,28831
19405,28831
18051,28831
16544,28831
12846,28841
13545,28841
11598,28841
2440,28841
3424,28841
5594,28841
6126,28841
15806,28841
15184,28841
17909,28841
7852,28841
8614,28850
4468,28850
20430,28850
7879,28850
18003,28850
5991,28850
8073,28850
17105,28850
20646,28850
18797,28850
10529,28850
23470,28850
22310,28850
24170,28850
2714,28850
2540,28850
9111,28850
637,28850
17843,28850
17415,28851
12676,28851
14554,28851
12859,28851
20081,28851
17282,28851
9262,28851
24211,28851
8401,28851
7580,28851
7147,28854
15644,28854
15679,28854
5,28854
12379,28854
7897,28854
18836,28854
1816,28859
672,28859
17392,28859
3699,28859
9213,28881
7170,28881
23856,28881
9284,28881
6304,28881
6277,28881
13198,28881
11359,28881
17034,28881
10961,28881
15076,28881
14771,28887
16186,28887
16867,28887
7887,28887
9602,28887
8109,28887
6876,28887
6539,28887
10006,28887
19186,28887
20883,28887
12376,28887
13061,28887
13335,28887
7001,28895
2385,28895
8976,28895
18082,28895
14125,28895
13919,28895
24655,28895
2289,28895
5880,28895
6106,28895
17601,28900
24347,28927
17386,28927
15535,28927
9089,28927
9315,28927
7707,28927
21014,28927
1757,28927
12712,28927
5327,28927
11651,28982
21486,28982
22696,28982
17130,28982
19146,28982
14476,28982
242,28982
22716,28982
18198,28982
8181,28982
12162,29033
11550,29033
12273,29033
10192,29033
6185,29033
9100,29033
3760,29033
4121,29033
5185,29033
5857,29033
7217,29033
1812,29033
2209,29033
712,29033
10978,29033
9926,29033
10128,29033
3255,29042
2583,29042
17945,29042
4785,29042
21330,29042
18538,29042
14855,29042
4713,29042
8418,29042
10110,29042
6675,29042
7490,29042
17298,29042
20643,29042
4157,29042
2195,29042
23079,29042
15897,29042
24097,29042
15833,29045
23062,29045
19543,29045
20569,29045
13381,29045
5058,29045
4214,29045
11725,29045
10588,29045
16116,29045
1394,29048
5535,29048
4752,29048
7454,29048
16322,29048
7772,29048
23976,29048
282,29048
17969,29048
17913,29048
17931,29048
22015,29048
16880,29048
22968,29050
23007,29050
21214,29050
18481,29050
3444,29050
21721,29050
20460,29050
23867,29050
3157,29050
6484,29050
20531,29058
3007,29058
10181,29058
16643,29058
2157,29058
9967,29058
7631,29058
11846,29058
17002,29058
16540,29058
12245,29058
21666,29058
5001,29058
6541,29058
3581,29058
4328,29058
4399,29058
16599,29060
24003,29066
23547,29066
14394,29066
14981,29066
24161,29066
24671,29066
15076,29066
15986,29066
13596,29066
20472,29066
13247,29066
13956,29066
3786,29066
10122,29066
10213,29066
20183,29066
21270,29066
12512,29083
24139,29083
22250,29083
19080,29083
13467,29083
4197,29083
10390,29083
3129,29083
19960,29083
10505,29083
20859,29145
20518,29145
23108,29145
17739,29145
6198,29145
10119,29145
20706,29145
13104,29145
12834,29145
14660,29145
16550,29145
11388,29145
10989,29145
16536,29145
11249,29145
1963,29145
2901,29145
3827,29145
10569,29150
8142,29150
2936,29150
3436,29150
15555,29150
3114,29150
5630,29150
4063,29150
23781,29150
12190,29150
22754,29150
18585,29150
3541,29178
23103,29178
7965,29178
1987,29178
15556,29178
10169,29178
5166,29178
19220,29178
15936,29178
3968,29178
7266,29181
18806,29181
15886,29181
20196,29181
20528,29181
21490,29181
18311,29181
6356,29181
15847,29181
15607,29181
8337,29181
1158,29181
4743,29181
1585,29181
4143,29181
17601,29206
1873,29214
23327,29214
21386,29214
3796,29214
19582,29214
15731,29214
7273,29214
11676,29214
18344,29214
19568,29214
11328,29214
11259,29214
9142,29214
12931,29214
13801,29214
20181,29214
19569,29214
16876,29214
8212,29245
12297,29245
12294,29245
7913,29245
15564,29245
18172,29245
22414,29245
8907,29245
19111,29276
4257,29276
7238,29276
578,29276
17238,29276
8429,29276
15391,29276
5216,29276
22686,29276
21392,29276
4355,29304
7068,29304
81,29304
9003,29304
9582,29304
2645,29304
3043,29304
14133,29304
10609,29304
22092,29304
20721,29304
18813,29304
17478,29304
3126,29304
10051,29304
19727,29317
14846,29317
13482,29317
18253,29317
5986,29317
1548,29317
17994,29317
18779,29317
19880,29317
10222,29317
11601,29317
6828,29317
15774,29317
17790,29317
6114,29317
24654,29317
23360,29317
21912,29317
7423,29354
7232,29354
3127,29354
4074,29354
5781,29354
7848,29354
14909,29354
8390,29354
10189,29354
17430,29354
17741,29354
23562,29354
17992,29354
22607,29354
21856,29354
8393,29358
1509,29358
6902,29358
24178,29358
20841,29358
5015,29358
24266,29358
21804,29358
2201,29358
13929,29388
23526,29388
14780,29388
17899,29388
17901,29388
17900,29388
15313,29388
9385,29412
13389,29412
12029,29412
11892,29412
14305,29412
5925,29412
1863,29412
845,29412
23568,29412
2877,29412
17400,29412
14537,29412
23257,29412
20485,29412
7215,29412
24547,29433
24694,29433
22464,29433
19815,29433
23225,29433
19169,29433
6482,29433
17118,29433
2000,29433
4945,29433
595,29433
844,29434
19344,29434
14756,29434
18056,29434
11598,29434
23811,29434
11917,29434
17433,29434
12007,29434
2441,29434
10101,29504
7251,29504
20943,29504
5800,29504
3642,29504
2044,29520
2315,29520
7666,29520
3438,29520
4361,29520
11936,29520
4801,29520
18218,29520
21406,29520
2449,29520
5316,29523
10764,29523
18233,29523
4999,29523
18956,29523
5882,29523
1115,29523
3848,29523
23811,29523
4577,29523
1730,29523
21438,29523
20427,29523
14043,29523
21115,29523
16753,29560
9221,29560
13493,29560
10475,29560
11625,29560
8930,29560
22626,29560
17826,29560
7361,29560
22747,29560
14497,29562
16325,29562
16707,29562
6000,29562
9529,29562
10987,29562
9606,29562
19174,29562
22120,29562
23347,29562
5880,29562
10864,29563
11871,29563
18680,29563
17982,29563
12787,29563
16390,29563
12058,29563
17672,29563
15915,29563
10564,29563
10681,29563
683,29563
4920,29563
3917,29563
1390,29563
21686,29571
11455,29571
13448,29571
14028,29571
14874,29571
2886,29571
19005,29571
2473,29571
23113,29571
21577,29571
3073,29594
1536,29594
358,29594
14785,29594
11899,29594
10364,29594
10254,29594
16431,29594
17945,29594
23488,29594
23670,29594
7848,29594
14066,29594
14264,29607
21166,29607
19170,29607
19728,29612
3733,29612
24017,29612
16766,29612
22250,29612
8191,29612
4039,29612
12240,29612
8655,29612
17138,29612
1199,29626
1914,29626
11776,29626
10421,29626
10791,29626
21325,29626
10688,29626
11196,29626
171,29626
18115,29626
4878,29626
21062,29626
21306,29626
11737,29626
11444,29641
11341,29641
7155,29641
5738,29641
7995,29641
14569,29641
18294,29641
7636,29641
4602,29641
5526,29641
7928,29641
11929,29641
24179,29642
22534,29642
14148,29642
2532,29642
6075,29642
6859,29642
14157,29642
18953,29642
16071,29642
5563,29642
4742,29642
7066,29679
15747,29679
15337,29679
6114,29679
6813,29679
7649,29679
6329,29679
6436,29679
4324,29679
1349,29679
8618,29679
13692,29679
1345,29679
8617,29679
9667,29679
12517,29679
18779,29684
1566,29689
22483,29689
22251,29689
13779,29689
4303,29689
5048,29689
24243,29689
5445,29689
12107,29689
21705,29689
22953,29695
3684,29695
24562,29695
4695,29695
10190,29695
10920,29695
18051,29695
21940,29695
8717,29695
14860,29695
20830,29695
17974,29695
17656,29695
4112,29695
2846,29695
22652,29695
22662,29695
24783,29713
18072,29713
18627,29713
24521,29713
14554,29713
16864,29713
14365,29713
18456,29713
8669,29713
13099,29713
12342,29713
3321,29713
24732,29730
23376,29730
15268,29730
12946,29730
563,29730
6421,29730
12500,29730
24214,29730
14220,29730
15269,29730
11232,29734
9424,29734
5434,29734
4298,29734
11560,29734
22624,29734
21889,29734
14032,29734
14998,29734
16152,29734
16494,29734
12197,29734
14410,29734
16478,29734
9793,29735
4077,29735
1949,29735
7866,29735
19431,29735
14549,29735
4897,29735
1946,29735
24045,29735
15243,29735
23654,29735
22962,29742
15335,29742
11129,29742
523,29742
21151,29742
16058,29742
21886,29742
23618,29742
22963,29742
21794,29742
17932,29750
1966,29750
1143,29750
20100,29750
19132,29750
5761,29750
15982,29750
2313,29750
4867,29750
5964,29778
3839,29778
10717,29778
5178,29778
18943,29778
19547,29778
13516,29778
11584,29778
24015,29778
22643,29778
13183,29786
14296,29786
5221,29786
5241,29786
5285,29786
5872,29786
5960,29786
6395,29786
6988,29786
7659,29786
9220,29786
10316,29786
379,29786
16465,29786
4907,29786
1472,29786
20514,29786
17891,29786
15567,29786
19458,29865
21597,29865
21223,29865
2437,29865
22214,29865
10445,29865
12244,29865
15365,29865
24264,29865
16992,29871
21917,29871
21511,29871
4076,29871
4621,29871
4654,29871
3831,29871
12459,29871
3149,29871
13954,29871
3740,29871
11839,29871
13144,29871
15877,29871
22865,29871
2275,29871
6897,29871
3627,29878
18812,29878
15281,29878
16635,29879
18302,29879
7375,29879
23727,29879
21706,29879
2260,29879
12496,29879
18319,29879
1574,29879
4388,29879
21093,29894
2145,29894
20584,29894
12485,29894
13203,29894
14598,29894
18786,29894
19743,29894
20459,29894
1309,29894
11795,29894
7556,29894
16449,29894
17275,29894
4084,29894
9732,29894
3823,29943
20843,29943
22006,29943
23122,29943
14601,29943
12701,29943
5378,29943
8347,29943
12433,29943
24070,29943
12526,29943
13376,29943
19923,29943
18169,29943
18758,29943
4686,29946
5441,29946
10926,29946
10446,29946
13233,29946
19338,29946
18079,29946
16862,29946
16746,29946
14443,29946
19360,29946
5290,29946
182,29946
10055,29946
7920,29946
7865,29946
6793,29946
15034,29972
19743,29972
19706,29972
15872,29972
16035,29972
10185,29972
8730,29972
5089,29972
12066,29972
12303,29972
13585,29972
13078,29980
5389,29980
11369,29980
18004,29980
18816,29980
746,29980
5600,29980
11030,29980
13345,29980
10635,29980
14635,29985
14180,29985
6520,29985
6156,29985
5385,29985
16187,29985
12930,29985
23689,29985
23109,29985
9303,29985
20858,29985
18685,29985
17601,29988
17793,29996
18516,29996
8881,29996
17377,29996
14354,29996
7082,29996
20110,29996
18870,29996
866,29996
22725,29996
8721,29996
18818,29996
6675,29996
16493,29997
16425,29997
17005,29997
8011,29997
13294,29997
1680,29997
24251,29997
21389,29997
20118,29997
16144,29997
17649,29997
21627,29997
14454,30009
4585,30009
23806,30009
1355,30009
3898,30009
21018,30009
5377,30009
10375,30009
9755,30009
12893,30009
13031,30009
16555,30013
8309,30013
15661,30013
16407,30013
2328,30013
3961,30013
12694,30013
18306,30013
23899,30013
8062,30013
17487,30013
16362,30013
9870,30024
19080,30024
21239,30024
6844,30024
5266,30024
6280,30024
887,30024
4010,30024
4399,30024
20502,30024
17948,30024
15192,30024
10535,30024
14707,30024
23769,30028
16991,30028
12472,30028
9799,30028
9695,30028
14927,30028
22480,30028
23521,30028
5501,30028
6709,30028
5391,30028
4849,30048
5564,30048
5725,30048
18474,30048
14877,30048
13931,30048
771,30048
4204,30048
24028,30048
21209,30048
19416,30048
8852,30048
9366,30048
10049,30059
20444,30059
15181,30059
5837,30059
20554,30059
21959,30059
17693,30059
19713,30059
18430,30059
9247,30059
14099,30063
10738,30063
8424,30063
18291,30063
8561,30084
6279,30084
4690,30084
10814,30084
1989,30084
4478,30084
13478,30084
14956,30084
15254,30090
6094,30090
9135,30090
13825,30090
5872,30090
24850,30090
18481,30090
17988,30090
17514,30090
19685,30090
22762,30090
23328,30090
5145,30090
5221,30090
2756,30090
20681,30108
22901,30108
1524,30108
22558,30108
3727,30108
18721,30108
14588,30108
7944,30108
8330,30108
12872,30108
6554,30108
3010,30108
5918,30108
21952,30122
19582,30122
17705,30122
10655,30122
10576,30122
6148,30122
4340,30122
168,30122
23331,30122
22170,30122
22934,30122
961,30123
2327,30123
7051,30123
11369,30123
4395,30123
4829,30123
20969,30123
19796,30123
16256,30123
17138,30123
24140,30123
22608,30123
12577,30123
13373,30123
9945,30137
7225,30137
10614,30137
3080,30137
19815,30137
22955,30137
11620,30137
6345,30137
3084,30137
19703,30137
19207,30149
21443,30149
23826,30149
24037,30149
14690,30149
21444,30149
1443,30149
13009,30149
9652,30149
14536,30149
2353,30149
19027,30180
54,30180
19383,30180
17599,30180
18655,30180
2089,30180
97,30180
220,30180
1778,30180
9170,30180
20772,30180
21005,30180
19576,30180
19557,30180
15301,30180
15300,30180
14758,30180
12805,30180
22059,30203
11338,30203
5855,30203
12064,30203
9718,30203
17601,30206
8829,30212
7489,30212
7779,30212
1408,30212
14250,30212
87,30212
19478,30212
17649,30212
19614,30212
14656,30212
7538,30212
8489,30212
8502,30212
10068,30212
4838,30212
11980,30216
14293,30216
21472,30216
24446,30216
3504,30216
4932,30216
9008,30216
15544,30216
23092,30216
24397,30216
21781,30216
8318,30216
6551,30216
15950,30218
10341,30218
8370,30218
7338,30218
11540,30218
11080,30218
11812,30218
2533,30218
13195,30218
3445,30218
16258,30218
12427,30218
20875,30218
24316,30218
18974,30220
17415,30220
11938,30220
17601,30221
22362,30222
15506,30222
3654,30222
23907,30223
9399,30223
17601,30224
17601,30225
68,30226
17601,30227
17601,30228
17601,30229
12981,30230
10340,30230
1091,30230
17601,30231
5956,30232
20767,30232
21832,30232
3520,30232
13012,30232
15969,30232
4491,30232
5016,30232
11626,30232
7781,30232
17601,30233
17601,30234
17601,30235
17601,30236
7509,30237
12574,30237
14879,30237
20566,30237
17601,30238
19919,30239
17549,30239
18904,30239
11744,30239
8418,30239
8488,30239
5997,30239
281,30239
2652,30239
1464,30239
5433,30239
4440,30239
4898,30239
8157,30239
1425,30239
15853,30239
12116,30239
19307,30239
17822,30240
18142,30240
18763,30240
20103,30240
22064,30240
22746,30240
23055,30240
3431,30240
7371,30240
8740,30240
17352,30240
12768,30240
3273,30240
2994,30240
1650,30240
6651,30240
5498,30240
17601,30241
5870,30242
3480,30242
15518,30242
16691,30242
10448,30242
5032,30242
2836,30242
659,30242
23216,30242
20732,30242
24025,30242
16712,30242
360,30242
22828,30243
8956,30243
15814,30243
1325,30243
4011,30243
18071,30243
11136,30243
4804,30243
17642,30243
5133,30243
459,30243
22482,30243
9041,30243
8556,30243
6678,30243
17601,30244
164,30245
12526,30245
17601,30246
17601,30247
17601,30248
17601,30249
11359,30250
13476,30250
12958,30250
5233,30251
23248,30251
10461,30251
10581,30251
12134,30251
11688,30251
13209,30251
22822,30251
8283,30251
16646,30251
21775,30251
22152,30251
4497,30251
9970,30251
722,30251
14849,30251
23914,30251
4045,30251
24204,30252
5028,30252
15768,30252
22044,30252
18529,30252
16660,30252
6621,30252
1036,30252
18051,30252
16852,30252
17601,30253
17601,30254
17601,30255
17601,30256
4157,30257
4408,30257
14726,30257
20433,30257
4405,30257
17601,30258
17601,30259
16077,30260
17653,30260
10183,30260
15260,30260
2551,30260
22788,30261
17649,30261
22497,30261
7044,30261
17601,30262
21463,30263
8476,30264
5944,30264
14288,30264
15353,30265
19933,30265
21669,30265
10908,30265
14179,30265
12398,30265
10509,30265
14403,30265
17601,30266
10797,30267
13906,30267
2744,30267
7676,30267
2070,30267
17763,30267
15677,30267
14502,30267
18675,30267
6530,30267
24067,30268
1253,30268
1300,30269
20724,30269
4638,30269
9002,30269
14921,30269
4045,30269
22616,30269
481,30269
18069,30269
9130,30269
18849,30270
17734,30270
21549,30270
24262,30270
5661,30271
17904,30271
3339,30271
5011,30271
2330,30271
21891,30271
13504,30271
11686,30271
22037,30271
3191,30271
17601,30272
17601,30273
23169,30274
10945,30274
9270,30274
10516,30274
12046,30274
15227,30274
16388,30274
19689,30274
5601,30274
4192,30274
62,30274
7202,30274
5961,30274
5647,30274
20737,30275
261,30275
21364,30275
24607,30275
21730,30275
15417,30275
17537,30275
19170,30275
21892,30275
10393,30275
5647,30275
4999,30275
14631,30275
9559,30275
2600,30275
2392,30275
2,30276
2935,30277
22782,30277
17601,30278
17601,30279
14931,30280
24041,30280
20336,30280
4504,30280
20909,30281
10049,30281
18805,30281
4164,30281
21325,30281
20888,30281
18882,30281
17601,30282
18184,30283
18684,30283
18509,30283
2258,30283
12141,30283
9374,30283
2356,30283
5014,30283
3748,30283
7837,30283
17483,30283
16355,30283
18919,30283
17601,30284
15503,30285
6975,30285
6192,30285
10458,30285
5525,30285
1168,30285
12628,30285
12394,30285
12378,30285
15942,30285
18987,30285
8033,30285
8866,30285
19038,30285
457,30285
14965,30285
19015,30285
14361,30285
17601,30286
7286,30287
3952,30287
9835,30287
7714,30287
5495,30287
11837,30288
24055,30288
1052,30288
19336,30288
23423,30288
16234,30288
24834,30289
3801,30289
21004,30289
17601,30290
9212,30291
5727,30291
3945,30291
3016,30291
6995,30291
12958,30291
9499,30291
17601,30292
17601,30293
7139,30294
2715,30294
2501,30294
5172,30294
4481,30294
6510,30294
7110,30294
18739,30294
9670,30294
13400,30294
15201,30295
23322,30295
5117,30295
24182,30295
22486,30295
4560,30295
3795,30295
4359,30295
16070,30295
13450,30295
16266,30295
7312,30295
22721,30295
18215,30295
19758,30295
20832,30295
17601,30296
17601,30297
14723,30298
17605,30299
10379,30299
19202,30299
8439,30299
6945,30299
10531,30299
10541,30299
11242,30299
23567,30299
24686,30299
6854,30299
8679,30299
23678,30299
3307,30299
1161,30299
17605,30300
19202,30300
23567,30300
11242,30300
23678,30300
24686,30300
6945,30300
1734,30300
4358,30300
8439,30300
10314,30300
8679,30300
10541,30300
10379,30300
3307,30300
17601,30301
15464,30302
20993,30302
16144,30302
19514,30302
21124,30302
1421,30302
22101,30302
13913,30302
14626,30302
20556,30302
17601,30303
17601,30304
16139,30305
3952,30305
10825,30305
17601,30306
17601,30307
17376,30308
19712,30308
19612,30309
18810,30309
8568,30309
6689,30309
19917,30309
2244,30309
4829,30309
16822,30309
18040,30309
11472,30309
23429,30309
1177,30309
1040,30309
10638,30310
4490,30310
3406,30310
10569,30310
9965,30310
8825,30310
3953,30310
6114,30310
2547,30310
4460,30310
16865,30310
21013,30310
1425,30310
9577,30311
10233,30311
11868,30311
12187,30311
15536,30311
13416,30311
13059,30311
1522,30311
2012,30311
2777,30311
5470,30311
6143,30311
7275,30311
9341,30311
70,30311
13955,30312
2143,30312
2482,30312
2684,30312
3302,30312
746,30312
6792,30312
4340,30312
3492,30312
11937,30312
7728,30312
10996,30312
11675,30312
14307,30312
14941,30312
17453,30312
13586,30312
4028,30312
12137,30313
14549,30313
14851,30313
6262,30313
5239,30313
2408,30313
2070,30313
13514,30313
24079,30313
13905,30313
4693,30314
277,30314
3237,30314
19244,30314
17767,30314
10433,30314
16478,30314
21013,30314
5119,30314
23670,30314
17601,30315
899,30316
1147,30316
1869,30316
542,30316
7990,30316
5481,30316
15014,30316
23581,30316
18327,30316
18100,30316
17601,30317
17601,30318
11542,30319
11916,30319
17416,30319
18895,30319
15973,30319
7299,30319
2592,30319
1731,30319
6395,30319
5939,30319
3662,30319
9151,30319
7851,30319
8010,30319
21453,30319
17734,30319
23062,30319
24236,30319
21976,30320
5203,30320
13332,30320
14710,30320
16414,30320
19976,30320
3898,30320
2460,30320
8836,30320
20471,30320
14414,30321
11373,30321
9531,30321
17280,30322
17290,30322
9426,30322
13368,30322
15690,30322
17065,30322
22601,30322
19823,30322
17590,30322
11179,30323
13904,30323
17968,30323
18844,30323
7414,30323
12230,30323
19201,30323
646,30323
17601,30324
10189,30325
3448,30325
20181,30326
21681,30326
17601,30327
17601,30328
23938,30329
6689,30329
15585,30329
17601,30330
20258,30331
22071,30331
22707,30331
11604,30331
23796,30331
15490,30331
16651,30331
10269,30331
8823,30331
10604,30331
22495,30331
1676,30331
4822,30331
6516,30331
4077,30331
1592,30332
14311,30332
21598,30332
19383,30332
12465,30332
13246,30332
14222,30332
11352,30332
4721,30332
4702,30332
57,30332
1175,30332
18344,30332
24403,30333
13495,30333
15086,30333
6006,30333
19162,30333
24580,30333
13275,30333
10060,30333
8417,30333
1291,30333
9869,30333
17601,30334
17601,30335
17601,30336
17601,30337
17601,30338
10830,30339
2718,30339
17601,30340
20471,30341
10073,30341
13845,30341
17601,30342
18157,30343
11945,30343
14828,30343
18370,30343
23945,30343
9436,30343
13287,30344
23299,30344
19558,30344
15631,30344
10867,30344
17601,30345
17601,30346
11268,30347
11063,30347
9401,30347
8882,30347
10452,30347
9693,30347
5000,30347
8786,30347
740,30347
7695,30347
7748,30347
1043,30347
19577,30347
20502,30347
17730,30347
18128,30347
19439,30347
22082,30347
22633,30348
14323,30349
18217,30349
17166,30349
3555,30349
6516,30349
7172,30349
7663,30349
7623,30349
19883,30349
11757,30349
3321,30350
18217,30350
11757,30350
2443,30350
7172,30350
6368,30350
2138,30350
14127,30350
21795,30350
15515,30350
21239,30350
18364,30350
2951,30350
17166,30350
21667,30350
24158,30350
4699,30350
6925,30351
22542,30351
12374,30351
18426,30351
14473,30351
4265,30351
8830,30351
23211,30351
19733,30351
22433,30351
2644,30351
6304,30351
7044,30351
8884,30351
21386,30351
13262,30351
17601,30352
17601,30353
17601,30354
13555,30355
6244,30355
15557,30355
22723,30355
22930,30355
18691,30355
11835,30355
11666,30355
10066,30355
24639,30355
16782,30356
20183,30356
17601,30357
23498,30358
21060,30358
20797,30358
24586,30358
24648,30358
1921,30358
17289,30358
16473,30358
16403,30358
13359,30358
17601,30359
17903,30360
24396,30360
5208,30360
17601,30361
2697,30362
5164,30362
787,30362
10804,30362
16365,30362
20445,30362
17601,30363
19538,30364
3068,30364
1821,30364
5183,30364
3119,30364
525,30364
24259,30364
20882,30364
15897,30364
16758,30364
13902,30364
1384,30364
5642,30364
8775,30364
6708,30364
23060,30365
5419,30365
9547,30365
8914,30365
12602,30365
9553,30365
12817,30365
12339,30366
17601,30367
8311,30368
2242,30368
11498,30368
18459,30369
4270,30369
4666,30369
5907,30369
13843,30369
18439,30369
23476,30369
2763,30369
17425,30369
5114,30369
7497,30369
12404,30369
3551,30369
11337,30369
14449,30370
3094,30370
2205,30370
5327,30370
5787,30370
6682,30371
4244,30371
4629,30371
5828,30371
15574,30371
13469,30371
19825,30371
21671,30371
2398,30371
12936,30371
20025,30372
2216,30372
10713,30372
2219,30372
13168,30372
9399,30373
9746,30373
24848,30373
9102,30373
2933,30373
21787,30373
2036,30373
14024,30373
21064,30373
7091,30373
17601,30374
17601,30375
10798,30376
10821,30376
1642,30376
17601,30377
14399,30378
19782,30378
16845,30378
17193,30378
18524,30378
22390,30378
20563,30378
1300,30378
4415,30378
6178,30378
5430,30378
775,30378
2566,30378
8848,30378
24665,30378
17601,30379
21642,30380
24685,30380
15702,30380
19098,30380
5235,30380
22252,30380
23475,30380
11042,30380
11911,30380
9992,30380
5436,30381
1975,30381
8487,30381
5205,30381
22863,30381
15822,30381
20844,30381
708,30381
21457,30381
18227,30381
23887,30381
23340,30381
12184,30381
13990,30381
17601,30382
17601,30383
9504,30384
17601,30385
4973,30386
7902,30386
2740,30386
8672,30386
13766,30386
14356,30386
9728,30386
11223,30386
10492,30386
10496,30386
2659,30386
1853,30386
1575,30386
1559,30386
1281,30386
1041,30386
12880,30386
11542,30387
198,30387
12310,30387
18935,30387
19796,30387
13436,30387
4637,30387
16729,30387
3471,30387
23082,30388
2278,30388
22034,30388
10030,30388
13425,30388
18488,30388
12899,30388
11871,30388
7143,30388
3301,30388
17601,30389
5194,30390
8532,30390
8536,30390
5008,30390
8451,30390
14940,30390
5097,30390
6599,30390
19372,30390
19902,30390
23779,30390
18101,30390
17054,30390
15474,30390
17601,30391
4760,30392
10520,30392
200,30392
1182,30392
19970,30392
11187,30392
3965,30392
16025,30392
19665,30393
14697,30393
17958,30393
1008,30393
8770,30393
6944,30393
6493,30393
6473,30393
13573,30393
13592,30393
11801,30393
3107,30393
1711,30393
3032,30393
14791,30393
5448,30393
10457,30393
8997,30393
14680,30393
11718,30393
10879,30394
24262,30394
4390,30395
18664,30395
15350,30395
5068,30395
17601,30396
17601,30397
17601,30398
13744,30399
11160,30399
2221,30400
7573,30400
17601,30401
21190,30402
3608,30402
18449,30402
20954,30402
5996,30402
14727,30402
15317,30402
11539,30402
11064,30402
20679,30402
21396,30402
15742,30402
6181,30402
8575,30402
17601,30403
17601,30404
17601,30405
17601,30406
21772,30407
15254,30407
20384,30407
9766,30408
18946,30408
15752,30408
13791,30408
3407,30408
562,30408
24791,30408
555,30408
3045,30408
22594,30408
12656,30409
14449,30409
4540,30409
17601,30410
17601,30411
17601,30412
17601,30413
3434,30414
4345,30414
8587,30414
24716,30414
17340,30414
21324,30414
9226,30414
4432,30414
19497,30414
10225,30414
9351,30415
17434,30415
15996,30415
23354,30415
13113,30415
1348,30416
350,30416
17601,30417
17601,30418
9812,30419
2921,30419
11455,30419
5468,30419
5393,30419
16638,30419
13051,30419
18116,30419
12222,30419
12744,30419
3118,30419
4469,30419
3204,30419
13572,30419
15230,30419
1750,30419
1887,30419
2347,30419
12374,30420
5335,30421
17529,30421
6403,30421
3755,30421
11154,30421
7159,30421
8279,30421
8577,30421
20793,30421
10139,30421
17601,30422
12420,30423
7531,30423
12578,30423
20167,30423
15991,30423
1982,30423
6967,30423
4580,30423
4326,30423
19216,30423
7152,30423
5728,30423
18050,30423
16624,30424
11866,30424
17601,30425
17601,30426
6170,30427
20491,30427
12092,30427
13182,30427
13937,30427
16993,30427
6700,30427
10877,30427
3908,30427
4577,30427
7046,30427
10073,30427
15299,30427
10988,30427
9634,30427
6844,30427
17601,30428
17601,30429
9210,30430
21749,30430
4942,30431
4812,30431
17195,30431
16025,30431
2527,30431
1539,30431
12965,30431
10740,30431
3671,30431
4033,30431
17084,30432
9628,30432
16869,30433
9849,30433
10928,30433
10270,30433
2177,30433
4639,30433
24428,30433
21489,30433
19801,30433
1321,30433
19591,30433
12782,30433
13250,30433
8559,30434
21577,30434
21384,30434
3572,30434
7052,30434
23447,30434
9168,30434
7397,30434
7710,30434
14342,30434
15436,30434
10649,30434
14718,30434
6020,30435
22085,30435
10757,30435
14109,30435
15494,30435
16839,30435
21328,30435
7360,30435
3807,30435
1434,30435
6197,30435
14938,30435
7941,30435
17601,30436
22799,30437
1175,30437
20854,30437
195,30437
18891,30437
18842,30437
3819,30438
870,30438
4981,30438
18674,30438
18453,30438
13117,30438
23881,30438
864,30438
18814,30438
15676,30438
13179,30439
20178,30439
13840,30440
17348,30440
7639,30440
10743,30440
11246,30440
15684,30440
9163,30440
11927,30440
12172,30440
13176,30440
1578,30440
4457,30440
17601,30441
17601,30442
3691,30443
4330,30443
9909,30443
8792,30443
6801,30443
6040,30443
11793,30443
11686,30443
11185,30443
5824,30443
22372,30443
2467,30443
18761,30443
17511,30443
17872,30443
8593,30444
7044,30444
17196,30444
13184,30444
21945,30444
12625,30444
7783,30444
13930,30444
746,30444
18079,30444
13235,30444
15076,30444
9347,30445
19009,30445
16174,30445
20191,30446
12173,30446
11435,30446
1297,30446
10872,30446
8300,30446
3051,30446
1661,30446
5897,30446
24163,30446
17601,30447
17353,30448
20902,30448
22074,30448
20845,30448
10936,30448
10773,30448
9112,30448
6925,30448
5819,30448
20512,30448
3273,30448
6171,30448
3213,30448
17601,30449
8073,30450
7224,30450
19877,30450
22831,30450
3809,30450
3554,30450
2344,30450
8466,30450
8986,30450
12406,30450
1805,30450
12676,30450
2253,30450
17601,30451
17601,30452
12012,30453
16366,30453
12459,30453
22905,30453
11518,30453
6106,30453
17966,30453
24387,30453
24457,30453
7616,30453
13964,30453
17601,30454
1071,30455
4895,30455
2252,30455
21265,30455
24773,30455
11299,30455
10235,30455
20928,30455
16956,30455
13733,30455
17601,30456
17601,30457
22765,30458
4513,30458
22217,30458
4902,30459
1218,30459
6041,30460
19208,30460
10977,30460
2638,30460
525,30460
13847,30461
17883,30461
17745,30461
19381,30461
18754,30461
11044,30461
16580,30461
14861,30461
15499,30461
22062,30461
16788,30461
13669,30461
12699,30461
17415,30461
14342,30461
4540,30462
9213,30462
12656,30462
7140,30463
12672,30463
2002,30464
22112,30464
11883,30464
318,30464
1985,30464
10659,30465
9757,30466
16745,30466
506,30466
2720,30467
1957,30467
707,30467
4746,30467
17020,30467
22570,30467
2721,30467
4671,30467
19867,30467
4177,30467
3552,30467
16141,30468
2242,30468
17601,30469
4073,30470
10663,30470
12400,30470
1487,30470
3031,30470
1083,30470
14971,30470
21840,30470
13431,30470
5640,30470
24236,30470
19627,30470
18451,30470
13542,30470
2471,30471
1592,30471
2955,30471
7615,30471
10568,30471
5060,30471
6594,30471
8277,30471
13966,30471
13450,30471
10632,30471
10522,30471
24159,30471
23702,30471
24208,30471
17601,30472
17601,30473
12584,30474
10321,30474
11758,30474
24352,30475
21673,30475
21614,30475
20155,30475
12617,30475
5639,30475
11687,30475
10873,30475
2277,30475
4329,30475
5148,30475
11723,30475
20119,30475
11311,30475
6148,30476
20643,30476
4141,30477
22439,30477
21924,30477
22584,30477
19078,30477
9970,30477
7658,30477
4816,30477
6281,30477
6327,30477
12236,30477
18086,30478
18505,30478
2530,30478
23000,30478
17149,30478
14003,30478
6398,30478
16898,30478
21515,30478
17751,30478
7545,30479
13392,30479
7545,30479
22357,30479
11077,30479
17601,30480
17432,30481
24683,30481
21411,30481
18331,30481
2151,30481
129,30481
4056,30481
3489,30481
3441,30481
6143,30481
1661,30481
3259,30481
17601,30482
17601,30483
17601,30484
3455,30485
5010,30485
14732,30485
16352,30485
15936,30485
7571,30485
7801,30485
7903,30485
8134,30485
15668,30485
17601,30486
10882,30487
23125,30487
823,30487
675,30487
1005,30487
2639,30487
4765,30487
5753,30487
5999,30487
10458,30487
17601,30488
8550,30489
18543,30489
8066,30489
7167,30490
8386,30490
5850,30490
3812,30490
4126,30490
1003,30490
6938,30490
196,30490
15911,30490
13463,30490
11219,30490
10908,30490
12103,30490
11455,30490
12786,30490
17343,30490
16388,30490
2699,30491
13920,30491
9313,30491
17189,30491
17025,30491
14841,30491
14687,30491
4849,30491
5163,30491
24700,30491
18315,30491
18029,30491
24167,30492
4949,30492
11409,30492
24395,30492
24405,30492
24574,30492
24579,30492
24744,30492
16626,30492
23733,30492
2232,30493
5078,30493
24663,30493
16164,30493
15584,30493
21909,30493
16708,30493
10132,30493
7140,30493
11756,30493
10935,30493
17601,30494
24076,30495
15507,30495
11756,30495
23353,30495
429,30495
6474,30495
8436,30495
1521,30495
2419,30495
9386,30495
17601,30496
20164,30497
19142,30497
17173,30497
9350,30497
21923,30497
24071,30497
3046,30497
2605,30497
6755,30497
3048,30497
17601,30498
20368,30499
4184,30499
23568,30499
18518,30499
19191,30499
13972,30499
8469,30499
7700,30499
5935,30499
16472,30499
17685,30499
18891,30500
4527,30500
24235,30500
22287,30500
17601,30501
17601,30502
19313,30503
4345,30503
5531,30503
8098,30503
20307,30503
21061,30503
13134,30503
13950,30503
17997,30503
17415,30503
16789,30503
14582,30503
18529,30503
12152,30503
10161,30503
10608,30503
9146,30503
8476,30503
7186,30504
7848,30504
20112,30504
9708,30504
1760,30504
24638,30504
19308,30504
18259,30504
17248,30504
15048,30504
19472,30504
19720,30504
19997,30504
23522,30504
24171,30505
23875,30505
24410,30505
16576,30505
24584,30505
2414,30505
11411,30505
13174,30505
16485,30505
14194,30505
17601,30506
17601,30507
4699,30508
1646,30508
7361,30508
718,30508
568,30508
14345,30508
21191,30508
21192,30508
9284,30508
18127,30508
15048,30508
15349,30509
7026,30509
3615,30509
4632,30509
7025,30509
21318,30509
21146,30509
11852,30509
15771,30509
18856,30509
15888,30509
2646,30509
12374,30510
16249,30510
31,30510
13198,30510
18786,30511
13107,30511
18833,30511
6711,30511
3383,30511
21071,30511
13371,30511
14914,30511
11457,30511
15245,30511
16842,30511
16693,30511
16416,30511
7173,30511
20957,30511
20801,30511
22082,30511
10433,30511
17680,30512
154,30512
17544,30512
14104,30512
13540,30512
6225,30512
4522,30512
15731,30512
16949,30512
17670,30512
9687,30512
8051,30512
6427,30512
13478,30512
12764,30512
1553,30512
1271,30512
19493,30513
21363,30513
9635,30513
11552,30513
4932,30513
4844,30513
1059,30513
308,30513
7530,30513
12004,30513
10919,30513
10423,30513
23505,30513
21998,30513
17410,30513
15828,30513
17601,30514
17601,30515
15254,30516
15292,30516
16649,30516
15588,30516
9298,30516
3926,30516
22526,30516
23033,30516
14011,30516
18566,30516
17601,30517
17601,30518
2016,30519
1490,30519
15105,30519
13378,30519
8745,30519
21222,30519
1177,30519
21270,30519
11181,30519
4873,30519
11102,30519
20474,30519
17601,30520
16468,30521
4782,30521
15565,30521
22738,30521
3414,30521
10651,30521
11673,30521
16301,30521
16166,30521
16669,30521
3631,30522
9806,30522
1415,30522
22038,30523
7944,30523
4181,30523
17601,30524
15889,30525
15986,30525
15820,30526
16876,30526
14975,30526
13770,30526
18846,30526
11849,30526
1726,30526
2844,30526
3986,30526
2959,30526
6885,30526
5327,30526
11796,30526
20551,30526
8256,30526
9758,30526
19894,30526
19302,30526
19956,30526
17601,30527
24590,30528
349,30528
17601,30529
17601,30530
5372,30531
12283,30531
15698,30531
21027,30531
17601,30532
17601,30533
3702,30534
5350,30534
5657,30534
18083,30535
22635,30535
14261,30535
18786,30535
18745,30535
24262,30535
22874,30535
16658,30535
24428,30535
8746,30535
6388,30535
14998,30535
19610,30535
1079,30535
12518,30535
6368,30535
10667,30535
17601,30536
17601,30537
17601,30538
17601,30539
19830,30540
8680,30540
17488,30540
19833,30540
2003,30540
17601,30541
17601,30542
17601,30543
17601,30544
5540,30545
14773,30545
13479,30545
5127,30545
5668,30545
12765,30545
10165,30545
2243,30545
21456,30545
20533,30545
23533,30545
6992,30545
15076,30545
18771,30546
24059,30546
10133,30546
9612,30546
10870,30546
4760,30546
6730,30546
3114,30546
4060,30546
2477,30546
14444,30546
16784,30546
11778,30546
23967,30546
17601,30547
16696,30548
17837,30548
20016,30548
5654,30548
7997,30548
8491,30548
9130,30548
4628,30548
16670,30548
15764,30548
10537,30548
23118,30549
23000,30549
20946,30549
18505,30549
18265,30549
16686,30549
16287,30549
15132,30549
5636,30549
1222,30549
8261,30549
7032,30549
9424,30549
16287,30550
11975,30550
2441,30550
23550,30550
22400,30550
20598,30550
18308,30550
17759,30550
11663,30550
8908,30550
17601,30551
11328,30552
22288,30552
10070,30552
4002,30553
7567,30553
20486,30553
24246,30553
3798,30553
16342,30553
15008,30553
15920,30553
10709,30553
9292,30553
16886,30554
11091,30554
1155,30554
7917,30554
17601,30555
12241,30556
12187,30556
21860,30556
18257,30556
19456,30556
12376,30556
16867,30556
7794,30556
4897,30556
17228,30556
281,30556
18121,30556
11549,30556
9453,30556
8718,30556
7840,30556
8725,30556
10219,30556
20666,30556
10995,30557
9284,30557
20641,30557
16616,30558
8091,30558
17601,30559
20827,30560
13887,30560
7429,30560
13886,30560
17256,30560
20072,30560
16093,30560
5209,30560
24502,30561
24505,30561
24748,30561
7711,30561
3907,30561
11290,30561
24413,30561
24764,30561
11291,30561
24400,30561
22752,30561
12816,30561
19090,30562
14664,30562
23197,30562
22028,30562
282,30562
15995,30562
11937,30562
20888,30562
2552,30562
10317,30562
17450,30563
17457,30563
9103,30564
11582,30564
16299,30564
18351,30564
106,30564
1564,30564
2563,30564
2863,30564
22433,30564
5545,30564
4872,30564
4936,30564
17601,30565
20626,30566
16139,30566
15254,30566
7291,30566
456,30566
1698,30566
1132,30566
23893,30566
23990,30566
18559,30566
18744,30566
18104,30566
14772,30566
22146,30566
24262,30566
17601,30567
17901,30568
23526,30568
17601,30569
18471,30570
5883,30570
3451,30570
23784,30570
9841,30570
22597,30570
23984,30570
10152,30570
10819,30570
17538,30570
17720,30571
22585,30571
17601,30572
23528,30573
1116,30573
2383,30573
15379,30573
77,30573
6276,30573
9627,30573
18089,30573
16410,30573
10625,30574
7480,30574
20949,30574
18752,30574
14075,30575
13774,30575
20130,30575
8754,30576
22833,30576
4756,30577
20751,30578
6824,30578
200,30579
17650,30579
12190,30579
17601,30580
17601,30581
17601,30582
9479,30583
15311,30583
21620,30583
18670,30583
21081,30583
14268,30583
2390,30583
17366,30583
23742,30583
3354,30584
3119,30584
7006,30584
9220,30584
11091,30584
11905,30584
12173,30584
12849,30584
2652,30584
4045,30584
6441,30584
4382,30584
5636,30584
4370,30584
8916,30584
14192,30584
7624,30584
13027,30584
19811,30585
22357,30585
2476,30586
7847,30586
21363,30586
11002,30586
21496,30586
21438,30586
1979,30586
7940,30586
8542,30586
8581,30586
214,30587
17080,30587
170,30587
6414,30588
23055,30588
6417,30588
15225,30588
648,30588
22087,30588
22858,30588
20926,30588
9196,30588
7359,30588
6509,30588
18716,30588
15287,30588
18139,30588
14839,30588
2545,30588
658,30588
18567,30589
15727,30589
12310,30589
17904,30589
3367,30590
1948,30590
2784,30590
5863,30590
3267,30590
1594,30590
23898,30590
23563,30590
12901,30590
2786,30590
5510,30591
23309,30591
21909,30591
20228,30591
662,30591
20221,30591
12577,30591
18041,30591
8972,30591
4286,30591
11015,30591
8058,30592
19304,30592
7898,30592
1225,30592
7347,30592
10813,30592
22957,30592
16089,30592
10812,30592
24432,30592
17601,30593
17601,30594
1801,30595
4420,30595
17601,30596
22173,30597
1684,30597
8475,30597
13049,30597
12669,30597
11393,30597
9505,30597
3950,30597
3621,30597
13160,30597
24172,30597
677,30597
961,30597
18690,30597
22456,30597
22253,30597
19690,30597
7047,30598
12391,30598
10743,30598
10427,30598
2130,30598
14291,30598
15215,30598
2941,30598
5012,30598
16973,30598
17449,30598
22337,30598
14163,30598
24725,30598
23815,30598
24422,30598
18033,30599
4784,30599
13763,30599
23632,30599
1290,30599
766,30599
5475,30599
9673,30599
13075,30599
18395,30599
2880,30600
8779,30600
15495,30600
3144,30601
23513,30601
23445,30601
20243,30601
20131,30601
19105,30601
14638,30601
13387,30601
6079,30601
5348,30601
5924,30601
7195,30601
3742,30601
2279,30601
10138,30601
9045,30601
10677,30601
2426,30602
521,30602
12654,30602
6937,30602
14624,30602
16343,30602
8637,30602
23383,30602
8178,30602
9666,30602
11911,30603
2758,30603
11350,30603
5230,30603
12018,30603
996,30603
21626,30603
17998,30603
24384,30603
15828,30603
21140,30603
3561,30603
4382,30603
15402,30603
14409,30603
13013,30603
5145,30603
10867,30603
185,30604
934,30604
14521,30604
16885,30604
16914,30604
16947,30604
8464,30604
8784,30604
10204,30604
7336,30604
13410,30604
12785,30604
22353,30604
5025,30604
4113,30604
2459,30604
1803,30604
19754,30604
17601,30605
24415,30606
24480,30606
13807,30606
10107,30607
10114,30607
23658,30607
15071,30607
11216,30607
3885,30607
3948,30607
22783,30607
9060,30607
8984,30607
8767,30607
14453,30607
18133,30607
7192,30607
16427,30607
224,30607
6653,30607
19668,30608
19863,30608
3423,30608
8073,30608
193,30608
1539,30608
22524,30608
9069,30608
24778,30608
15331,30608
2880,30609
3448,30609
3938,30609
17601,30610
4180,30611
18051,30611
21484,30611
18967,30612
19359,30612
10686,30613
20813,30613
1747,30614
13832,30614
15808,30614
9583,30614
23338,30614
19869,30614
20515,30614
23798,30614
5290,30614
24176,30614
12043,30614
18738,30614
19491,30614
13745,30614
10452,30614
274,30614
16761,30614
9433,30615
9380,30615
11052,30615
20340,30615
22418,30615
22458,30615
6597,30615
17601,30616
5043,30617
5529,30617
13441,30617
20882,30617
15006,30618
17394,30618
11484,30618
13993,30618
6127,30618
1540,30618
22737,30618
967,30618
21621,30618
22041,30618
17601,30619
23984,30620
16939,30620
14761,30620
12520,30620
4289,30620
6439,30621
4304,30621
5838,30621
22335,30621
7891,30621
22500,30621
21649,30621
10934,30621
15987,30621
16563,30621
17601,30622
22287,30623
17705,30623
11232,30623
21139,30623
15932,30623
1338,30623
2857,30623
7269,30623
7349,30623
6950,30623
461,30623
8073,30623
4412,30623
324,30623
17601,30624
17601,30625
3282,30626
19480,30626
20550,30626
17848,30626
15951,30626
20699,30626
22239,30626
1178,30626
14818,30626
5096,30626
13453,30626
14050,30626
17601,30627
17601,30628
17463,30629
17313,30629
1565,30629
18258,30629
15627,30629
17832,30629
8497,30629
4237,30629
17601,30630
17182,30631
24166,30631
17601,30632
19130,30633
11728,30633
19937,30633
3094,30634
5561,30634
9822,30634
8617,30634
11699,30634
14338,30634
18644,30634
23878,30634
885,30634
18391,30634
14289,30634
14287,30635
3556,30635
21179,30635
24123,30635
9498,30635
17695,30635
5306,30635
9817,30635
17379,30635
9223,30635
2419,30636
19239,30636
16990,30636
7358,30637
2931,30637
496,30637
15580,30637
15253,30637
21946,30637
18367,30637
17212,30637
15598,30637
15751,30637
14695,30637
14014,30637
3906,30637
15291,30637
15588,30637
9319,30637
23579,30637
17601,30638
17601,30639
13301,30640
2215,30640
13169,30640
16093,30640
22660,30640
15304,30640
16099,30640
20754,30640
21690,30640
9410,30640
13880,30640
12778,30641
9563,30641
19653,30641
17601,30642
8360,30643
18588,30643
12280,30644
20336,30644
24415,30645
14552,30645
17601,30646
9839,30647
5445,30647
638,30647
11255,30647
14751,30647
11339,30647
1637,30647
20949,30647
16973,30647
7134,30647
8229,30647
5493,30647
18083,30648
11822,30648
10704,30648
14585,30648
842,30648
10229,30648
18162,30648
20464,30648
4761,30648
20231,30648
9970,30648
23450,30648
21626,30649
20502,30649
15830,30649
14425,30649
13999,30649
11911,30649
5992,30649
6556,30649
983,30649
11976,30649
12972,30649
3952,30650
4289,30650
18896,30650
14999,30650
7909,30651
4789,30651
9314,30651
9056,30651
15329,30651
16907,30651
20446,30651
17601,30652
3678,30653
3869,30653
11759,30653
3441,30653
9119,30653
5293,30653
14822,30653
4272,30653
19007,30653
16647,30653
10510,30653
10297,30653
11650,30653
11530,30653
2350,30654
10030,30654
17415,30654
17812,30654
11624,30654
16016,30654
20336,30654
21939,30654
23251,30654
5045,30655
741,30655
7702,30655
3674,30655
11486,30655
16551,30655
16617,30655
5953,30655
10209,30655
12457,30655
13058,30655
14927,30655
15905,30655
8249,30655
11255,30655
16734,30655
17516,30655
17601,30656
17601,30657
17601,30658
5828,30659
6847,30659
21645,30659
15259,30659
14120,30659
13187,30659
2566,30659
17625,30659
11355,30659
19973,30659
21184,30659
17601,30660
17601,30661
17601,30662
10552,30663
8954,30663
8588,30663
11295,30663
16252,30663
14114,30663
16054,30663
17077,30663
16165,30663
13177,30663
11911,30663
3354,30663
8169,30663
17295,30663
18450,30663
2652,30663
17095,30663
23412,30664
23497,30664
20752,30664
22669,30664
9502,30665
11746,30665
5104,30666
23778,30666
5351,30666
5036,30666
17019,30667
22931,30667
10241,30667
17601,30668
12958,30669
11730,30669
13476,30669
12467,30670
12259,30670
24570,30671
23418,30671
17601,30672
17601,30673
24404,30674
23187,30674
21732,30674
11297,30674
8847,30674
14475,30674
24752,30674
24577,30674
11418,30674
21521,30674
17601,30675
17601,30676
22985,30677
24082,30677
14484,30677
21308,30677
7701,30677
7456,30678
10759,30678
9439,30678
20958,30678
13177,30678
11320,30678
13742,30678
21284,30678
2541,30678
1788,30678
24308,30678
1196,30678
676,30678
3358,30678
8970,30678
21578,30679
10680,30679
20644,30679
2872,30680
8836,30681
12239,30681
286,30681
8540,30681
13257,30681
19933,30681
13891,30681
2741,30681
4807,30681
5814,30681
23329,30682
5501,30682
4937,30682
2506,30682
21010,30682
23554,30682
20491,30682
15171,30682
18669,30682
14521,30682
11778,30682
5740,30682
10068,30682
21131,30682
22815,30682
15651,30683
18317,30683
12268,30683
12088,30683
1307,30683
7588,30683
12269,30683
11909,30683
8135,30683
9658,30683
17601,30684
1188,30685
6798,30685
1338,30685
16782,30685
24665,30685
17649,30685
7269,30685
3841,30686
11103,30686
10137,30686
9559,30686
17667,30686
7579,30686
5381,30686
6258,30686
13770,30686
20346,30686
22111,30686
851,30686
12336,30687
17683,30687
12271,30687
12290,30687
8807,30687
2193,30687
3806,30687
11281,30687
21437,30687
17052,30687
3049,30688
12402,30688
6412,30688
6177,30688
15021,30688
12622,30688
15567,30688
4084,30688
4399,30688
840,30688
10950,30688
7027,30688
16025,30688
7656,30688
5931,30688
8806,30688
5344,30688
5697,30688
15149,30688
21961,30689
13599,30689
2184,30689
19821,30689
20071,30689
15640,30689
3359,30689
14478,30689
3824,30689
10200,30689
10664,30689
10678,30689
10198,30689
7356,30689
14984,30690
23682,30690
23846,30690
13443,30690
14970,30690
17869,30690
17650,30690
17585,30690
17078,30690
6098,30690
8011,30690
8040,30690
10391,30690
16835,30690
2530,30690
3884,30690
13344,30690
19808,30690
13209,30691
23005,30691
65,30691
20971,30691
8040,30691
7689,30691
12159,30691
6176,30691
5082,30691
2191,30691
16350,30692
18766,30692
2925,30692
6154,30692
8965,30692
9568,30692
7803,30692
4724,30692
3587,30692
16213,30692
5903,30692
15185,30692
13000,30692
21361,30693
23026,30693
3706,30693
15385,30694
18320,30694
19244,30694
1038,30694
9013,30694
6475,30694
17594,30694
23500,30694
23604,30694
4215,30694
13102,30695
12007,30695
8601,30695
91,30695
734,30695
1873,30695
23992,30695
19313,30695
19611,30695
17922,30695
17762,30695
13896,30696
16025,30696
16999,30696
2790,30697
3228,30698
15145,30698
14889,30698
15899,30698
10742,30699
3721,30699
1774,30699
12958,30699
24227,30699
13078,30699
13921,30699
22722,30700
18406,30700
17786,30700
17601,30701
18074,30702
1804,30702
2678,30702
1024,30702
20619,30702
22394,30702
1647,30702
14872,30702
11232,30702
15062,30702
18475,30703
15981,30703
19499,30703
20713,30703
21235,30703
14632,30703
21810,30703
342,30703
5787,30703
17631,30703
16980,30703
10166,30703
20181,30703
7638,30703
7899,30703
18387,30703
18332,30703
19693,30703
19554,30704
22497,30704
2789,30704
1775,30704
20905,30704
14601,30704
16624,30704
13000,30704
2394,30705
20823,30705
2551,30705
13714,30706
24203,30706
9020,30707
9210,30707
13166,30707
7434,30707
4285,30707
22674,30707
13295,30707
21690,30707
24643,30707
22602,30707
17601,30708
4399,30709
17556,30709
8364,30709
18583,30709
15069,30709
15493,30709
22788,30709
21125,30709
23576,30709
22946,30709
19429,30709
17601,30710
17604,30711
9844,30711
8565,30711
6886,30711
6250,30711
5274,30711
3604,30711
7406,30711
10703,30711
3205,30711
3092,30711
12769,30711
13559,30711
21727,30711
16810,30711
18389,30711
22875,30711
7075,30711
10070,30711
17601,30712
9983,30713
8020,30713
6733,30713
19523,30713
19859,30713
12850,30713
11665,30713
10383,30713
24043,30713
525,30713
6525,30713
6643,30713
6091,30713
21905,30713
17601,30714
17601,30715
17601,30716
23529,30717
17601,30718
17601,30719
20463,30720
16585,30720
17880,30720
22337,30720
6181,30720
12240,30720
18588,30720
20859,30720
15232,30720
12092,30720
17601,30721
9640,30722
8315,30722
10930,30722
8815,30722
16005,30722
19873,30722
19832,30722
23953,30722
18573,30722
19545,30722
17601,30723
7050,30724
7920,30724
13602,30724
16755,30724
6202,30724
18454,30724
8287,30724
22389,30724
3157,30724
24267,30724
2885,30725
17138,30725
4844,30725
15731,30725
16286,30725
14497,30725
10307,30725
18213,30725
24783,30725
8905,30726
12699,30726
6844,30726
628,30726
13935,30726
22692,30726
23251,30726
23681,30726
21766,30726
23961,30726
20890,30726
598,30726
16271,30727
16444,30727
23534,30727
22013,30727
2620,30727
3835,30727
5796,30727
12225,30727
2115,30727
10019,30727
15560,30728
8333,30728
22034,30728
15478,30728
12606,30728
6679,30728
212,30728
24231,30728
5879,30728
5729,30728
1731,30728
21907,30728
16590,30728
17423,30728
15844,30728
22568,30729
12635,30729
14620,30729
15828,30729
15943,30729
885,30729
22583,30729
19854,30729
7302,30729
8473,30729
23517,30729
11340,30729
17601,30730
15087,30731
21729,30731
2984,30731
2270,30732
21007,30732
2686,30732
120,30732
17368,30732
978,30732
11063,30732
1708,30732
20847,30732
3968,30732
15146,30732
2696,30732
15789,30733
21131,30733
5354,30734
4365,30734
8009,30734
1796,30734
9791,30734
22296,30734
3441,30734
6143,30734
19696,30734
17768,30734
7809,30734
17042,30734
11384,30734
13552,30735
17115,30735
20706,30735
20146,30735
11388,30735
18662,30735
16845,30735
4202,30735
15281,30735
19349,30735
16864,30735
14985,30735
7602,30735
2289,30735
3136,30736
13954,30736
14985,30736
2263,30736
17419,30736
18251,30736
22022,30736
23297,30736
23672,30736
24021,30736
8274,30736
20900,30736
9214,30736
3006,30737
17601,30738
17601,30739
3619,30740
12003,30740
10078,30740
6360,30740
6043,30740
21722,30740
6607,30740
1811,30740
20482,30740
4082,30740
24135,30740
3897,30741
11713,30741
11727,30741
3402,30741
17216,30741
16210,30741
22479,30741
7162,30741
12890,30741
15989,30741
20643,30742
15853,30742
14332,30742
34,30743
8915,30743
14786,30743
16965,30743
19582,30743
17105,30743
23329,30743
11265,30743
14975,30743
16322,30743
115,30743
358,30743
944,30743
2600,30743
11151,30743
12149,30743
9075,30744
24004,30744
22840,30744
15343,30744
14890,30744
14159,30744
24833,30744
857,30744
19687,30744
22222,30744
10647,30744
9946,30744
6335,30745
19544,30745
14673,30745
17465,30745
17601,30746
15340,30747
8344,30747
1069,30747
5139,30747
8258,30747
21711,30747
1911,30747
23830,30747
1135,30747
19559,30747
17601,30748
17601,30749
14717,30750
18705,30750
1299,30750
14422,30750
23670,30750
3918,30750
6241,30750
13510,30750
24565,30750
12092,30751
19341,30751
6391,30751
22836,30751
22291,30751
19034,30751
17102,30751
18639,30751
5645,30751
22839,30751
10511,30752
19952,30752
16055,30752
6446,30752
6267,30752
6684,30752
24120,30752
1471,30752
3678,30752
5081,30752
883,30752
24594,30753
20774,30753
21307,30753
3389,30753
7725,30753
19538,30753
3258,30753
1634,30753
5029,30753
7532,30753
2876,30754
11257,30754
6258,30754
6767,30754
10687,30754
2510,30754
12770,30754
23929,30754
17345,30754
16112,30754
22187,30754
14660,30754
24236,30754
21918,30754
20579,30755
2393,30755
13288,30756
20793,30756
15583,30757
17108,30757
20793,30757
20606,30757
15001,30757
9777,30757
22149,30758
23374,30758
16291,30758
13655,30758
19562,30758
12703,30758
23950,30758
6811,30758
1350,30758
7585,30758
1605,30758
11433,30758
14882,30759
13907,30759
6102,30759
10359,30759
6567,30759
18462,30759
21866,30759
3440,30759
5559,30759
9880,30759
17415,30760
2918,30760
5566,30760
17601,30761
6412,30762
11544,30762
15594,30762
21957,30762
24439,30762
23989,30762
3526,30762
6420,30762
10377,30762
16862,30762
20144,30762
16802,30762
6106,30762
14407,30763
6243,30763
4634,30763
13742,30763
8654,30763
23842,30763
21568,30763
6983,30763
19089,30763
20371,30763
3021,30763
4645,30763
6381,30763
24428,30763
8366,30763
14639,30763
15501,30764
24008,30764
14900,30764
11503,30765
11171,30765
18083,30765
24384,30765
11569,30765
7879,30765
7190,30765
15234,30765
3397,30765
6210,30765
4265,30765
5819,30765
20643,30765
23608,30765
14927,30765
5748,30765
16167,30765
19609,30765
23886,30765
21829,30766
1990,30766
3972,30766
17534,30766
234,30766
986,30766
17592,30766
20775,30766
2032,30766
1846,30766
21817,30766
8139,30766
4118,30767
4605,30767
5562,30767
1580,30767
18416,30767
13095,30767
18580,30767
19569,30767
13374,30767
17704,30767
11473,30767
11596,30767
7071,30767
10667,30768
8261,30768
3209,30768
22846,30768
20840,30768
11319,30768
10350,30768
8071,30768
21194,30768
22235,30768
24701,30768
20731,30769
4359,30769
6135,30769
14466,30770
3455,30770
405,30771
5275,30771
8213,30771
2883,30771
14398,30771
21450,30771
15795,30771
4462,30771
19939,30771
10696,30771
17601,30772
23906,30773
6135,30773
20924,30773
4458,30773
4672,30773
837,30773
17623,30773
17078,30773
19756,30773
12198,30773
14648,30773
22168,30773
23478,30773
15476,30773
20345,30774
9452,30774
17228,30774
10432,30774
9501,30774
22238,30774
23329,30774
6701,30774
1302,30774
1390,30774
2611,30774
3656,30774
4725,30774
5710,30774
5997,30774
6255,30774
1136,30774
6801,30775
4256,30775
6511,30775
8104,30775
8597,30775
8779,30775
5727,30775
4091,30775
21670,30775
16027,30775
11019,30775
16160,30775
16510,30775
17391,30775
17528,30775
520,30775
9137,30775
3626,30775
5987,30775
20228,30776
24798,30776
12195,30776
1689,30776
17601,30777
9656,30778
10729,30778
9100,30778
18259,30778
11569,30778
24253,30778
22974,30778
653,30778
3114,30778
5966,30778
14982,30778
24838,30778
17601,30779
17601,30780
5745,30781
6978,30781
6979,30781
16188,30781
108,30781
7295,30781
2547,30781
8792,30781
11000,30781
22272,30781
4490,30781
16589,30781
10087,30781
22199,30781
17601,30782
17601,30783
13952,30784
18478,30784
18156,30784
21783,30784
19100,30784
1284,30784
15368,30784
15310,30784
19024,30784
22144,30784
23843,30784
6348,30784
4000,30784
9085,30784
7029,30784
20192,30785
7492,30785
17121,30785
16917,30785
8572,30785
7939,30785
10992,30785
7401,30785
23731,30785
11320,30785
12621,30785
18698,30785
16349,30785
12952,30785
865,30785
203,30785
4989,30785
5297,30785
8359,30785
19009,30786
14733,30786
2963,30786
18664,30787
16566,30787
8357,30787
20990,30788
15786,30788
4956,30789
23712,30789
18144,30789
5071,30790
23137,30790
16286,30790
1862,30790
7786,30790
18108,30790
18896,30790
15317,30790
11578,30790
10397,30790
20731,30790
3780,30790
17936,30790
16807,30790
3446,30791
21613,30792
21635,30792
6146,30792
20769,30792
5519,30792
19670,30792
12579,30792
8992,30792
9268,30792
21297,30792
21496,30792
10111,30792
18141,30792
12915,30792
15783,30792
291,30792
218,30792
15482,30792
14273,30792
17601,30793
17601,30794
11848,30795
23454,30795
16814,30795
4701,30795
20574,30795
17783,30795
7802,30796
5155,30796
19484,30796
651,30796
15010,30796
19011,30796
7822,30796
12099,30796
8172,30796
19212,30796
23890,30796
6227,30797
10638,30797
8263,30797
23368,30797
2278,30797
1626,30797
1338,30797
23729,30797
22943,30797
7917,30797
5119,30797
4113,30797
17601,30798
3050,30799
21459,30799
336,30799
9980,30799
9549,30799
22369,30799
12028,30799
22001,30799
22002,30799
12041,30799
21405,30799
17403,30799
16609,30799
17601,30800
17601,30801
17601,30802
6772,30803
14337,30803
17601,30804
17601,30805
21028,30806
4812,30807
17734,30807
23659,30808
23673,30808
20715,30808
1517,30808
2280,30808
20152,30808
23661,30808
21643,30808
12746,30808
19883,30808
24220,30808
3108,30808
8232,30808
4922,30808
13764,30808
17601,30809
15419,30810
7817,30810
23738,30810
12528,30811
16566,30811
16004,30811
7347,30811
8057,30811
22559,30811
18469,30811
2722,30811
8065,30811
9561,30811
1206,30811
12261,30811
6104,30811
11431,30812
1270,30812
24091,30812
19397,30812
23181,30812
9089,30812
1836,30812
17434,30812
10852,30812
15807,30812
17601,30813
17601,30814
5372,30815
12572,30815
17601,30816
17601,30817
17601,30818
11160,30819
22287,30819
15970,30820
11515,30820
10039,30820
9609,30820
8394,30820
23009,30820
23441,30820
12959,30820
13649,30820
3640,30820
5947,30821
17913,30821
17826,30821
20375,30821
9236,30821
14439,30821
3277,30821
23426,30821
20722,30821
21861,30821
1831,30821
2471,30821
5038,30821
20953,30822
19414,30822
11240,30822
16565,30822
15226,30822
18698,30822
16717,30822
7886,30822
9688,30822
6207,30822
17601,30823
2865,30824
10510,30825
15452,30825
11028,30825
8800,30825
16707,30825
16541,30825
12519,30825
19919,30825
1627,30825
2593,30825
4508,30825
19390,30825
11455,30825
861,30825
7418,30825
6381,30825
9239,30826
8390,30826
64,30826
18296,30827
20968,30827
24707,30827
24543,30827
439,30827
3054,30827
6918,30827
7693,30827
8499,30827
8961,30827
12143,30827
13139,30827
13140,30827
17569,30827
17674,30828
8219,30828
8161,30828
5171,30828
14702,30828
16177,30829
6738,30829
23323,30829
10039,30829
8595,30829
13856,30829
24164,30829
13049,30829
14570,30829
16113,30829
16151,30829
22420,30829
18242,30829
435,30829
4594,30829
20517,30829
15401,30829
14018,30830
3354,30830
5287,30830
6226,30830
4761,30830
4899,30830
20621,30830
20213,30830
12374,30830
814,30830
2616,30830
1730,30830
6368,30830
8349,30830
16416,30830
4673,30830
20769,30830
19658,30830
14238,30830
13346,30830
20861,30831
1541,30831
17183,30832
12981,30832
5872,30832
16781,30832
14342,30832
14728,30833
11730,30833
11999,30833
2587,30833
2177,30833
478,30833
13440,30833
15171,30833
3325,30833
10080,30833
5182,30833
13537,30833
15226,30833
10407,30833
23842,30833
13425,30833
8632,30834
17569,30834
11466,30834
3443,30835
3701,30835
17741,30835
21862,30835
1798,30835
5781,30835
11599,30835
13716,30835
15955,30835
22525,30835
4577,30836
13000,30836
11498,30836
12514,30837
4320,30837
12376,30838
5386,30838
10928,30838
7576,30838
17601,30839
6496,30840
22110,30840
677,30840
12736,30840
15680,30840
13194,30840
23303,30840
9695,30840
17890,30840
13602,30840
1690,30840
17601,30841
17601,30842
17601,30843
19693,30844
13983,30844
17636,30844
16604,30844
10639,30844
14350,30844
10316,30844
19762,30844
9639,30844
10193,30844
5520,30844
5478,30844
9602,30844
7952,30844
12376,30844
14136,30844
14149,30844
11001,30844
20150,30844
17601,30845
17601,30846
17601,30847
17601,30848
12195,30849
6622,30849
16683,30849
17601,30850
17601,30851
17601,30852
17601,30853
17601,30854
1536,30855
4932,30855
17897,30856
17896,30856
21136,30856
15177,30856
22935,30856
1295,30856
17601,30857
5826,30858
11866,30858
8091,30858
22433,30859
1681,30859
3344,30859
9710,30859
14602,30859
13160,30859
13592,30859
16218,30859
15649,30859
22055,30859
16596,30859
9062,30859
8729,30859
4033,30859
17601,30860
12457,30861
23322,30861
19208,30861
5227,30862
18524,30862
12457,30862
10840,30863
2042,30863
13923,30863
6406,30863
6483,30863
8576,30863
4061,30863
4105,30863
5662,30863
16433,30863
15874,30863
16506,30863
9362,30863
13483,30863
10185,30863
13321,30863
17601,30864
17601,30865
9387,30866
3063,30866
22313,30866
4994,30867
3950,30867
3547,30867
241,30867
2271,30867
21536,30867
21114,30867
3427,30867
14494,30867
12830,30867
11920,30867
9968,30867
16445,30867
16380,30867
20174,30867
9079,30868
7093,30868
2337,30868
16371,30868
8690,30869
6760,30869
16139,30869
15593,30869
17601,30870
2014,30871
10807,30871
22444,30872
15387,30872
6115,30872
2681,30872
2528,30872
1579,30872
24645,30872
24334,30872
21055,30872
17184,30872
15468,30872
23699,30872
12863,30872
21380,30872
8701,30872
9382,30872
15114,30872
17601,30873
17601,30874
2242,30875
13260,30875
21026,30875
20387,30875
5160,30875
17601,30876
21706,30877
24126,30877
804,30878
17601,30879
18825,30880
20345,30880
19068,30880
3102,30880
281,30880
11697,30880
11333,30880
9220,30880
7656,30880
4408,30880
3409,30880
20456,30880
13128,30880
17994,30880
15797,30880
13302,30880
18407,30880
16783,30881
5357,30881
16651,30881
668,30881
11762,30882
17601,30883
13252,30884
22661,30884
1479,30884
21462,30885
9552,30885
17601,30886
14537,30887
17202,30888
11792,30888
15200,30888
9636,30888
4207,30888
3648,30888
10316,30888
2901,30888
17940,30888
20407,30888
19860,30889
20643,30889
5065,30889
17601,30890
768,30891
19486,30891
8627,30891
10896,30891
12857,30891
13989,30891
16631,30891
18961,30891
12201,30891
6452,30891
492,30891
2897,30891
2474,30891
7810,30891
8088,30891
7055,30891
4396,30892
11668,30892
20859,30892
9602,30893
11683,30894
7403,30894
9654,30894
5243,30894
22012,30894
15093,30894
10848,30895
2874,30895
11862,30895
6845,30895
11787,30895
9147,30895
6462,30895
23882,30895
23098,30895
22167,30895
14804,30895
4855,30896
5850,30896
16010,30897
17722,30898
10307,30898
16177,30898
759,30899
16133,30899
17839,30900
23249,30900
24379,30900
21496,30900
11866,30900
14132,30900
16499,30900
5978,30900
21626,30900
7917,30900
14854,30900
17601,30901
5591,30902
11989,30902
6561,30902
24573,30903
6495,30903
4927,30903
13936,30903
14859,30903
19683,30903
22630,30904
21483,30904
17185,30904
15831,30904
24542,30904
24143,30904
11408,30904
9835,30904
16608,30904
17601,30905
8980,30906
2557,30906
1591,30906
9871,30906
18934,30906
3343,30906
3960,30906
7973,30906
4368,30906
67,30906
17864,30907
24111,30907
22773,30907
9026,30907
15307,30907
9477,30907
6852,30907
2207,30907
343,30907
74,30907
14449,30908
20929,30908
19568,30908
20502,30909
14449,30909
20929,30909
10683,30910
4375,30910
11386,30910
11871,30910
23848,30911
520,30911
20001,30911
5492,30911
13933,30911
979,30911
803,30911
24175,30911
6134,30911
18295,30911
16831,30911
6014,30911
19964,30911
16957,30911
24500,30912
24475,30912
8960,30912
9371,30912
23450,30913
11220,30913
9942,30913
11684,30913
9472,30913
18889,30913
21774,30913
20647,30913
20651,30913
12855,30913
13316,30913
20542,30913
5569,30913
24459,30913
5668,30913
10065,30913
17601,30914
18446,30915
75,30915
20286,30915
21169,30915
9541,30915
9716,30915
7328,30915
8410,30915
417,30915
4134,30915
4648,30915
22037,30915
4264,30915
18259,30915
17179,30915
21929,30916
17548,30916
17601,30917
17601,30918
24061,30919
15245,30919
17514,30919
20786,30919
22448,30919
17890,30919
14521,30919
22129,30919
23309,30919
6634,30919
10668,30919
12444,30920
15859,30920
11874,30920
16750,30920
18076,30920
23105,30920
7427,30920
11894,30920
11252,30920
10254,30920
24361,30921
13485,30921
12951,30921
13344,30921
3163,30921
3602,30921
17358,30921
16052,30921
21239,30921
17498,30921
4991,30921
6858,30921
11479,30921
9985,30921
8217,30921
20987,30922
20237,30922
20019,30922
2700,30923
2242,30923
585,30923
12572,30924
23021,30924
20941,30925
21423,30925
20468,30925
22770,30925
22917,30925
24263,30925
2777,30925
11166,30925
6690,30925
6764,30925
8071,30925
8257,30925
5668,30925
4055,30925
1369,30925
3903,30926
11987,30926
5002,30926
5995,30926
6106,30926
23599,30926
5232,30926
8063,30927
11504,30927
21121,30927
13008,30927
20189,30927
20936,30927
9655,30927
10788,30927
1619,30927
5782,30927
14044,30928
12444,30928
14449,30928
17006,30928
19627,30928
3125,30928
16731,30928
2603,30928
552,30928
23279,30928
5866,30928
11704,30928
7122,30928
6391,30928
7176,30928
7299,30928
11357,30928
17944,30928
4268,30929
21998,30929
887,30929
23934,30929
19058,30929
17601,30930
2225,30931
6289,30931
19687,30931
19753,30931
20151,30931
17531,30931
6114,30931
13198,30931
437,30931
396,30931
3830,30931
16107,30931
1937,30931
6418,30931
6881,30931
10221,30931
12848,30931
9948,30931
7864,30931
17601,30932
3933,30933
17234,30933
22866,30933
24068,30933
19710,30933
6576,30934
13420,30934
1380,30934
17601,30935
8981,30936
7437,30936
16967,30936
18664,30936
24374,30936
20475,30936
11336,30936
11682,30936
988,30936
3571,30936
2204,30937
11363,30937
19406,30937
7221,30937
5980,30937
3558,30937
10956,30937
19167,30937
11574,30937
23455,30937
6680,30938
5252,30938
8322,30938
8564,30938
10755,30938
9866,30938
11722,30938
487,30938
24338,30938
12970,30938
19500,30938
2369,30938
1210,30938
1412,30939
23511,30939
22090,30939
15986,30939
13922,30939
13594,30939
10684,30939
5529,30939
4948,30939
4306,30939
21385,30939
23417,30939
19900,30939
956,30939
3996,30939
8477,30939
12346,30939
17601,30940
20560,30941
3231,30941
2048,30941
21556,30941
8253,30941
4835,30941
15001,30941
14842,30941
5836,30941
14367,30941
11107,30941
11645,30941
13537,30941
6714,30941
18808,30941
23524,30941
23799,30941
22959,30941
10332,30941
9521,30942
5560,30942
22750,30942
11288,30942
18995,30942
14427,30942
17903,30942
2396,30942
4678,30942
11765,30943
12635,30943
14254,30943
4535,30943
10071,30943
24611,30944
24595,30944
21377,30944
8244,30944
23381,30944
17717,30944
19331,30944
6337,30944
24074,30944
13691,30944
17601,30945
20433,30946
10667,30946
20525,30946
4132,30947
9925,30947
10469,30947
10983,30947
3533,30947
3594,30947
14824,30947
14714,30947
16887,30947
16602,30947
13772,30947
12736,30947
11280,30947
9639,30947
6406,30947
20769,30947
18769,30947
7196,30948
11860,30948
20295,30948
10532,30948
2631,30948
12530,30948
15283,30948
17601,30949
17601,30950
17601,30951
7516,30952
22595,30952
17601,30953
2026,30954
9974,30954
4038,30954
8522,30954
8476,30954
8011,30954
6231,30954
5934,30954
15916,30954
13211,30954
20253,30954
20728,30954
12111,30954
786,30954
23249,30954
22646,30954
12772,30954
23510,30954
15930,30955
17661,30955
5294,30955
3619,30955
6690,30955
6091,30955
12834,30955
9870,30955
11007,30955
11257,30955
17601,30956
7313,30957
7964,30957
20390,30958
23758,30958
20790,30958
8550,30958
6317,30959
16193,30959
23105,30959
18596,30959
12049,30959
6998,30959
4162,30959
1718,30959
2292,30959
23355,30959
19084,30959
13940,30959
22687,30959
21552,30960
19568,30960
13379,30960
12470,30960
940,30960
2171,30960
9263,30960
7475,30960
6624,30960
5923,30960
17329,30960
15347,30960
24340,30960
24133,30960
22632,30960
22231,30960
17601,30961
17601,30962
16531,30963
2526,30963
8287,30964
11320,30964
3008,30964
4361,30964
22336,30964
21189,30964
11648,30964
11817,30964
400,30964
1592,30964
1194,30965
4829,30965
10686,30965
6441,30966
21010,30966
17408,30967
13145,30967
1775,30967
20545,30967
23217,30967
22081,30967
1110,30967
12112,30967
2476,30967
8431,30967
1686,30967
3975,30968
18663,30968
14044,30968
19936,30968
6524,30968
11410,30969
11388,30969
14665,30969
13294,30969
2327,30969
4411,30969
17005,30969
9332,30969
8349,30969
9163,30969
4983,30969
21993,30969
17601,30970
10729,30971
13631,30971
5730,30972
5584,30972
5447,30972
16680,30972
16651,30972
19243,30972
13762,30972
15821,30972
10104,30972
9926,30972
16871,30972
7908,30972
6388,30972
17509,30972
17380,30972
15870,30972
1305,30972
17172,30972
2472,30973
10865,30973
24162,30973
5079,30973
14378,30973
13627,30973
11446,30973
14301,30973
850,30973
3636,30973
17601,30974
6304,30975
11668,30975
15278,30975
8296,30976
13419,30976
23403,30976
856,30976
8240,30976
20737,30976
10372,30977
13980,30977
14629,30977
11678,30977
12383,30977
7620,30977
6128,30977
6123,30977
6687,30977
9449,30977
16620,30978
15048,30978
14549,30978
9716,30978
8904,30978
8779,30978
23856,30978
21284,30978
16648,30978
16993,30978
7624,30978
2027,30978
8296,30978
11762,30979
5024,30979
10929,30979
19460,30979
16784,30979
12092,30979
19592,30979
24799,30979
24239,30979
1499,30979
1607,30980
8490,30980
3070,30980
11866,30980
16311,30980
21512,30980
21881,30980
22986,30980
3025,30980
23926,30980
17601,30981
1776,30982
3373,30982
14618,30983
13615,30983
13161,30983
8522,30983
7651,30983
10451,30983
11785,30983
11571,30983
11854,30983
15853,30983
7269,30983
12982,30983
7273,30983
109,30983
131,30983
2710,30983
9173,30983
4325,30983
7170,30983
9692,30984
1292,30984
17686,30985
18802,30985
6627,30985
1241,30985
1081,30985
9906,30985
9471,30985
6771,30985
21373,30985
7809,30985
745,30985
4830,30985
5461,30985
3503,30985
10578,30986
12491,30986
14616,30986
13921,30987
19149,30987
16688,30987
318,30987
23056,30987
14874,30987
10681,30987
7179,30987
8734,30987
8217,30988
12331,30988
12105,30988
16688,30988
334,30988
17601,30989
17601,30990
24601,30991
14427,30991
10719,30991
7892,30992
22040,30992
7151,30992
16142,30992
15144,30992
6104,30992
23048,30992
20775,30992
16143,30992
4995,30992
2813,30993
16430,30993
17523,30993
16409,30993
16406,30993
15378,30993
6086,30993
7510,30993
9664,30993
7735,30993
10962,30994
16181,30994
2616,30995
19080,30995
21266,30995
8976,30995
2489,30995
13274,30995
853,30996
9648,30996
14955,30996
18470,30996
16146,30996
6432,30996
4863,30996
23074,30996
23337,30996
21811,30996
11938,30997
11668,30997
15742,30997
24420,30998
10701,30998
18911,30998
4765,30998
10788,30998
9870,30998
8511,30998
6081,30998
4045,30998
11876,30998
11999,30998
18281,30998
17539,30998
22974,30998
17601,30999
17601,31000
15857,31001
24235,31001
14570,31001
17601,31002
17420,31003
19681,31003
20229,31003
20191,31003
20300,31003
5949,31003
8146,31003
5955,31003
17792,31003
16624,31003
12128,31003
8282,31003
6104,31004
22726,31004
21959,31004
4163,31004
8060,31004
1052,31004
8311,31004
17539,31004
14549,31004
14873,31004
17601,31005
21184,31006
18002,31006
11264,31006
10448,31006
7084,31006
3649,31006
3627,31006
3331,31006
8257,31006
23564,31006
24067,31007
20255,31007
1663,31007
12437,31007
19306,31007
4196,31007
24732,31007
13072,31007
16006,31007
11329,31007
312,31007
17601,31008
17601,31009
17601,31010
17601,31011
7608,31012
7615,31012
10382,31012
11010,31012
11199,31012
13669,31012
16736,31012
17945,31012
5387,31012
2213,31012
18451,31012
22047,31012
23654,31012
746,31012
21570,31013
14768,31013
21861,31013
1256,31013
7613,31013
2481,31013
9607,31013
14160,31013
7865,31013
7278,31013
17601,31014
16941,31015
23702,31015
23765,31015
16946,31015
16121,31015
7126,31015
8641,31015
499,31015
21063,31015
14431,31015
17601,31016
5711,31017
17601,31018
10254,31019
21133,31019
16488,31019
24005,31019
13689,31020
15756,31020
24075,31020
17601,31021
17601,31022
1767,31023
12818,31023
21000,31024
20510,31024
20963,31024
22881,31025
1956,31025
10708,31025
12272,31025
21978,31025
15728,31025
13749,31025
3756,31025
23764,31025
17601,31026
17601,31027
9099,31028
5890,31028
1943,31028
14428,31028
16115,31028
24055,31028
24730,31028
11053,31029
11041,31029
4195,31029
24855,31030
9738,31030
11487,31030
15990,31030
23832,31030
22381,31030
17601,31031
17601,31032
10436,31033
17908,31033
10774,31033
10878,31033
3004,31033
8575,31033
13381,31033
19973,31033
22272,31033
6786,31034
2187,31034
8935,31034
13048,31034
11143,31034
12956,31034
22341,31034
24596,31035
1436,31035
21426,31035
24080,31035
24597,31035
713,31035
19970,31036
1059,31036
4073,31036
7658,31037
16249,31037
19080,31037
4598,31038
16109,31038
16246,31038
18868,31038
17704,31038
18874,31038
21626,31038
24262,31038
15544,31038
17672,31038
16873,31038
10015,31038
10661,31038
13922,31038
23682,31039
10686,31039
11435,31039
5992,31040
3650,31040
23971,31040
20459,31040
17084,31040
14280,31040
13613,31040
13573,31040
6950,31040
10034,31040
3448,31040
2530,31040
17601,31041
12075,31042
11316,31042
6213,31042
16426,31042
21066,31042
17601,31043
17601,31044
17601,31045
23129,31046
6461,31046
10310,31047
234,31048
504,31048
3850,31048
4995,31048
7992,31048
18641,31048
22409,31048
19275,31048
10783,31048
8925,31048
15658,31048
14144,31048
20737,31049
17601,31050
18935,31051
10313,31051
6148,31051
17601,31052
17601,31053
17601,31054
17601,31055
17601,31056
5213,31057
3498,31057
21060,31057
21207,31057
24554,31057
24660,31057
407,31057
73,31057
421,31057
550,31057
9408,31057
12619,31057
17799,31057
12738,31057
4449,31058
1306,31058
16771,31058
17601,31059
16094,31060
20753,31060
23623,31060
846,31061
12240,31061
15595,31061
18583,31061
4319,31061
1232,31061
225,31061
4406,31061
5715,31061
602,31061
17601,31062
6157,31063
5939,31063
14005,31063
23157,31063
3290,31063
2833,31063
1687,31063
6161,31063
15703,31063
22856,31064
11376,31064
24131,31064
13935,31065
1621,31065
20142,31065
20333,31065
9248,31065
9949,31065
3482,31065
11198,31065
17297,31065
8397,31065
21293,31065
21091,31065
17661,31065
17676,31066
10364,31066
10168,31066
3129,31066
2530,31066
18083,31066
23249,31066
21366,31066
21239,31066
23251,31066
21496,31066
22792,31066
17601,31067
23654,31068
7302,31068
2552,31068
22242,31068
2620,31069
813,31069
10666,31069
1810,31069
24249,31069
10119,31069
10055,31069
9062,31069
12770,31069
11659,31069
17601,31070
20191,31071
6494,31071
17601,31072
8188,31073
18017,31073
12274,31073
6252,31073
873,31073
1455,31074
3437,31074
7443,31074
4398,31074
12403,31074
10845,31074
8255,31074
17784,31074
20339,31074
24659,31074
8679,31075
10229,31075
10990,31075
1334,31075
1391,31075
7501,31075
6311,31075
6248,31075
6064,31075
4015,31075
5644,31075
13388,31075
12319,31075
14402,31075
14797,31075
16028,31075
16039,31075
23984,31076
4851,31076
9366,31076
15146,31076
20169,31077
24678,31077
6214,31077
13632,31078
23825,31078
1228,31078
6287,31078
17601,31079
17601,31080
17601,31081
21275,31082
6332,31082
17601,31083
22564,31084
12463,31084
13253,31084
2299,31084
4380,31084
8263,31084
11237,31084
43,31084
5329,31084
5944,31084
10109,31084
7804,31084
8420,31084
17601,31085
17601,31086
7369,31087
18222,31087
23636,31087
46,31087
23142,31087
5733,31087
15681,31087
9055,31087
5316,31087
1482,31087
10943,31088
4233,31088
23227,31088
14163,31088
23546,31088
24438,31088
3681,31088
22501,31088
10449,31088
14518,31088
725,31088
17964,31088
21011,31088
21408,31088
3306,31088
16708,31088
2801,31088
17601,31089
19499,31090
933,31090
180,31090
793,31090
5766,31090
3695,31090
2728,31090
2732,31090
14017,31090
6397,31090
1854,31090
17960,31090
22293,31090
585,31090
19488,31090
15851,31090
23506,31090
22008,31090
17601,31091
5157,31092
5693,31092
5157,31093
5693,31093
4808,31094
22546,31094
22851,31094
22967,31094
22975,31094
20588,31094
15635,31094
14952,31094
23466,31094
12710,31094
7307,31094
6352,31094
1889,31094
17601,31095
10130,31096
7656,31096
2756,31096
731,31096
13104,31096
11485,31096
20220,31096
13873,31096
17950,31096
3700,31096
3724,31096
4824,31096
4254,31096
5536,31096
7163,31096
19727,31096
3439,31096
16886,31097
4306,31097
2655,31097
19488,31097
15254,31097
21242,31097
2652,31097
2668,31097
23129,31097
8494,31098
8391,31098
4471,31098
15603,31098
805,31098
4788,31098
4555,31098
7408,31098
19846,31098
23897,31098
23946,31098
8052,31098
17601,31099
17601,31100
17601,31101
16041,31102
23547,31102
12213,31102
16244,31102
21383,31102
6380,31102
6560,31102
10843,31102
10955,31102
4545,31102
17601,31103
17601,31104
15544,31105
16641,31105
5862,31105
18690,31105
11006,31105
5568,31105
10360,31105
10294,31105
8011,31105
10443,31105
13421,31105
12405,31105
1287,31105
1569,31105
130,31105
4345,31105
19889,31105
6237,31106
4516,31106
3217,31106
3033,31106
215,31106
7862,31106
15236,31106
22161,31106
22235,31106
22131,31106
20435,31106
20307,31106
17601,31107
1012,31108
4274,31108
10340,31108
21257,31108
10926,31108
11059,31108
19647,31108
24698,31108
9335,31108
8974,31108
23178,31109
20916,31109
1922,31110
6189,31110
4188,31110
22217,31110
15053,31110
16532,31110
21825,31110
13927,31110
8716,31110
8324,31110
15816,31111
13927,31111
9288,31111
12926,31111
1653,31111
5853,31111
20433,31112
8575,31112
16599,31112
16511,31112
15843,31112
16262,31112
3938,31112
4370,31112
23211,31112
11010,31112
14332,31112
1978,31112
11938,31112
23211,31112
17601,31113
4375,31114
8564,31114
12984,31114
17073,31114
13184,31114
22713,31114
2748,31115
20458,31115
3866,31115
13558,31115
15859,31115
11938,31115
11479,31115
23448,31115
20471,31115
23702,31115
18442,31115
7159,31115
10000,31115
3563,31116
286,31116
863,31116
15194,31116
2662,31116
8987,31116
9810,31116
7580,31116
3815,31116
4626,31116
5546,31116
6047,31116
7351,31116
7558,31116
9864,31116
10926,31116
12650,31116
15135,31116
17601,31117
17601,31118
17601,31119
6433,31120
10834,31120
10137,31120
7716,31120
1838,31120
10824,31120
12694,31120
15718,31120
17521,31120
13200,31120
17601,31121
5860,31122
6798,31122
7616,31122
4420,31123
736,31124
23709,31124
3455,31124
5009,31124
12510,31124
20134,31125
2782,31125
24658,31125
22835,31125
6690,31125
5523,31125
6495,31126
22668,31126
17601,31127
6247,31128
7811,31128
17245,31128
22131,31129
463,31129
1815,31129
2107,31129
3892,31129
5608,31129
6235,31129
23423,31129
11467,31129
5259,31129
19077,31129
18586,31129
17939,31129
15109,31129
13025,31129
12903,31129
19890,31129
21900,31129
19499,31130
5386,31130
17649,31130
17601,31131
8764,31132
8589,31132
13723,31132
10108,31132
10530,31132
11510,31132
15567,31132
13387,31132
9086,31132
23531,31132
8263,31132
14766,31132
5569,31132
7846,31132
23164,31132
18599,31132
22216,31132
14359,31133
22279,31133
24390,31133
20304,31133
20929,31133
17512,31133
27,31133
18051,31134
1079,31134
24282,31134
9379,31135
19031,31135
16096,31135
19810,31135
21206,31135
21987,31135
5197,31135
24541,31135
23697,31135
1596,31135
24499,31136
17004,31136
14859,31136
9460,31136
1076,31137
4175,31137
8017,31137
8639,31137
21125,31137
19298,31137
5648,31137
24663,31137
24236,31137
23414,31137
22567,31137
15979,31137
12827,31137
10722,31137
17601,31138
17601,31139
17601,31140
17601,31141
18031,31142
21575,31142
6152,31142
5523,31142
7842,31142
11426,31142
7576,31142
4897,31142
2710,31142
455,31142
12139,31142
12802,31142
14009,31142
16680,31142
14980,31142
16782,31142
20536,31142
21033,31142
13070,31143
15200,31143
15040,31143
18353,31143
12221,31143
9117,31143
10977,31143
8453,31143
6569,31143
5501,31143
2789,31143
20907,31143
21569,31144
22205,31144
18823,31144
22148,31144
10704,31144
12173,31144
8671,31144
10667,31144
5636,31144
2388,31144
4204,31144
5740,31144
4255,31144
19727,31144
18559,31144
18418,31144
16825,31144
14364,31145
3362,31145
15274,31145
5270,31146
23323,31146
10039,31146
2471,31146
23317,31146
10301,31146
14223,31146
9165,31146
7866,31146
1495,31146
15843,31146
17601,31147
12155,31148
24537,31148
17601,31149
8237,31150
606,31150
22449,31150
9962,31150
14744,31150
18642,31150
23035,31150
22817,31150
19955,31150
13678,31150
17601,31151
6575,31152
16149,31152
15310,31152
14655,31152
11578,31152
17601,31153
21094,31154
18911,31154
20142,31154
6963,31154
7292,31154
23450,31154
481,31154
13867,31154
13935,31154
5492,31154
22979,31155
22978,31155
14830,31155
2540,31155
3511,31155
7350,31155
12678,31155
10163,31155
7855,31155
10089,31155
17601,31156
4532,31157
8338,31157
5667,31157
9128,31157
1005,31157
1621,31157
8773,31158
6039,31158
9689,31158
7207,31158
8005,31158
8077,31158
7111,31158
12189,31158
15068,31158
10243,31158
12189,31158
15571,31158
8468,31158
17691,31158
5468,31158
18268,31158
17266,31158
3966,31158
23287,31159
12546,31159
16188,31159
8803,31159
4095,31159
23268,31159
40,31159
11957,31159
13992,31159
11181,31159
15883,31160
3028,31160
378,31160
260,31160
19713,31160
23294,31160
23155,31160
12111,31160
20269,31160
5719,31160
14739,31160
12965,31160
17601,31161
8868,31162
17542,31162
7321,31162
24753,31163
1027,31163
522,31163
21057,31163
17552,31163
17601,31164
16469,31165
17601,31166
17601,31167
60,31168
6631,31168
16227,31168
4691,31168
3734,31168
17601,31169
19990,31170
3914,31170
17178,31171
4113,31171
22217,31171
15659,31171
7876,31171
10727,31171
12927,31171
7010,31171
6594,31171
6463,31171
6460,31171
5611,31171
2298,31171
16899,31171
6592,31171
21229,31171
23685,31171
18151,31172
3368,31172
1874,31172
10475,31172
18098,31172
24474,31172
15003,31172
364,31173
8354,31173
4322,31173
3613,31173
1548,31173
1075,31173
6783,31173
1915,31173
11867,31173
12205,31173
22747,31173
17519,31173
20627,31173
2848,31173
16618,31173
14387,31173
4448,31173
17222,31173
17601,31174
22663,31175
23497,31175
21745,31175
16106,31175
16107,31175
9861,31175
16238,31175
23403,31175
4909,31175
7436,31175
6120,31176
19138,31176
11762,31176
17601,31177
11248,31178
5356,31178
5973,31178
8379,31179
8552,31179
8553,31179
19907,31179
7812,31179
5109,31179
802,31179
94,31179
544,31179
6766,31179
17601,31180
13221,31181
254,31181
1883,31181
20096,31181
18344,31181
2827,31181
3226,31181
10553,31181
14946,31181
20474,31181
24849,31182
11735,31182
13848,31182
24827,31182
18336,31182
5779,31182
6101,31182
14749,31182
16048,31182
4587,31182
5778,31182
21333,31182
21089,31182
13927,31182
1330,31182
1165,31182
21600,31182
17601,31183
9279,31184
19585,31184
12335,31184
17541,31184
15650,31184
10424,31185
13874,31185
13240,31185
10549,31185
21674,31185
24177,31185
21366,31185
19361,31185
18299,31185
14607,31185
21496,31185
21487,31185
10452,31185
15039,31185
14760,31185
16242,31185
3439,31186
20228,31186
662,31186
8204,31186
2495,31187
3410,31187
817,31187
3860,31187
14214,31187
219,31187
11060,31187
545,31187
18635,31187
12425,31187
12374,31188
6689,31188
12138,31188
10262,31189
22774,31189
9887,31189
21845,31189
76,31189
6604,31189
24854,31189
12168,31189
16678,31189
1974,31189
6566,31190
13000,31190
7864,31191
3523,31191
22506,31191
5688,31191
20873,31191
17167,31191
14868,31191
7938,31191
9203,31191
9323,31191
229,31191
9289,31191
17601,31192
1191,31193
16688,31193
14827,31193
23654,31193
11668,31193
17844,31193
4897,31194
12195,31194
1059,31194
2790,31194
1637,31195
10404,31195
5065,31195
15540,31195
1005,31195
21124,31195
17748,31195
17850,31196
704,31196
17965,31196
24467,31196
18387,31196
5690,31196
7361,31196
8265,31196
24,31196
14453,31196
8893,31197
23735,31197
17601,31198
21693,31199
10339,31200
7606,31200
16179,31200
21255,31200
5007,31200
6023,31200
14751,31200
10761,31200
10725,31200
10466,31200
3742,31200
22606,31200
22748,31200
9438,31200
2319,31200
1851,31200
9833,31200
9720,31200
1024,31200
17601,31201
9005,31202
17601,31203
13801,31204
6480,31204
8349,31204
8543,31204
3321,31204
2471,31204
14434,31204
1536,31204
13642,31204
20859,31204
8939,31204
19984,31204
14122,31204
12699,31205
11885,31205
19258,31205
17061,31205
16552,31205
24849,31205
18328,31205
17743,31205
11917,31205
6090,31205
8748,31205
5327,31205
2932,31205
10451,31205
9665,31206
10586,31206
12299,31206
16292,31206
21054,31206
9077,31206
9272,31206
896,31206
19290,31206
19583,31206
16475,31207
13703,31207
16474,31207
24652,31207
17456,31207
24609,31207
8126,31207
1772,31207
15161,31207
421,31207
17601,31208
17601,31209
17601,31210
17601,31211
17601,31212
23977,31213
5373,31213
3898,31213
7163,31213
23856,31213
9709,31213
14516,31213
9407,31213
20873,31213
13499,31213
16985,31213
4394,31213
5073,31213
17601,31214
17601,31215
19597,31216
3731,31216
7114,31216
6762,31216
20349,31216
9749,31216
3538,31216
10199,31216
21074,31216
10704,31216
19009,31216
19906,31216
17601,31217
20111,31218
9474,31218
12056,31218
11278,31218
9681,31218
8501,31218
19350,31218
15191,31218
7870,31218
14482,31218
17601,31219
17601,31220
11226,31221
14839,31221
21685,31221
6982,31221
10519,31221
18495,31222
21173,31222
1578,31222
2724,31222
22461,31222
2100,31222
19579,31222
13561,31222
14282,31222
12806,31222
17601,31223
17979,31224
1833,31224
7982,31224
10475,31225
21927,31225
18143,31225
18979,31225
11632,31225
21988,31225
1284,31225
23640,31225
23865,31225
13146,31225
12953,31225
16603,31225
20157,31225
17601,31226
17601,31227
3501,31228
8690,31228
9233,31228
4382,31228
15451,31228
17208,31228
6167,31228
5787,31228
8345,31228
56,31228
19385,31228
19357,31228
19325,31228
135,31228
19602,31228
18774,31228
4386,31228
18643,31228
11177,31229
16513,31229
8093,31229
1577,31229
3378,31229
8542,31229
15172,31230
3285,31230
14527,31230
6631,31230
11352,31230
11778,31230
1525,31230
13145,31230
10911,31230
10353,31230
22573,31230
19971,31230
24658,31230
17422,31230
12648,31230
2303,31230
8980,31230
14411,31231
4875,31231
4181,31231
7317,31231
7846,31231
16011,31231
13787,31231
14996,31231
16993,31231
14921,31231
17759,31231
22455,31231
12075,31231
16864,31231
9284,31231
11676,31231
11351,31231
1089,31231
3698,31231
24624,31232
23979,31232
15662,31232
9973,31232
1072,31232
12327,31232
14142,31232
10854,31232
10810,31232
4771,31232
4772,31232
10820,31232
329,31232
17601,31233
2119,31234
20342,31234
5800,31234
3411,31234
8436,31234
10858,31234
11511,31234
6474,31234
16821,31234
12308,31234
2425,31234
24345,31234
22230,31234
22278,31234
20530,31234
11654,31234
11655,31234
763,31234
8436,31235
3096,31236
3707,31236
2983,31236
5733,31236
7028,31236
7532,31236
8145,31236
9055,31236
13949,31236
23938,31236
2305,31236
14062,31236
22554,31236
22928,31236
10831,31237
8444,31237
8082,31237
9835,31237
2722,31237
3515,31237
15411,31237
14851,31237
22577,31237
24625,31237
12670,31238
19259,31238
13242,31238
14995,31238
20782,31238
9662,31238
22009,31238
22438,31238
8818,31238
12189,31238
16463,31239
13270,31239
2535,31239
17601,31240
17601,31241
17601,31242
10374,31243
22313,31243
921,31244
3796,31244
5306,31244
24344,31244
12374,31244
11866,31244
11257,31244
12802,31244
3613,31244
5891,31244
23937,31244
7668,31244
24849,31244
13434,31244
13031,31244
6720,31244
22000,31244
6175,31244
16691,31245
11187,31245
9002,31245
9757,31245
4370,31245
6366,31246
10806,31246
24451,31246
1847,31246
9200,31246
23938,31246
23987,31246
19767,31246
18055,31246
17601,31247
17601,31248
17601,31249
17601,31250
17601,31251
928,31252
5918,31252
10642,31252
16728,31252
19978,31252
4608,31252
20683,31252
14824,31252
14397,31252
11110,31252
22589,31252
22786,31252
8848,31252
21037,31252
11506,31253
9284,31253
6915,31253
5396,31253
1066,31253
160,31253
2728,31253
2332,31253
11845,31253
4824,31253
4950,31253
5861,31253
6712,31253
9293,31253
9639,31253
10389,31253
10686,31253
6622,31253
6844,31253
1886,31253
17601,31254
2880,31255
6622,31255
15277,31255
13497,31256
22198,31256
16396,31256
10698,31256
18491,31256
3861,31256
8096,31256
2228,31256
7499,31256
17904,31256
6113,31257
9389,31257
23683,31257
5543,31257
12791,31257
16078,31257
20877,31257
18335,31257
13951,31257
17078,31257
5244,31257
12507,31257
16729,31257
8389,31257
5799,31257
5255,31257
17601,31258
3281,31259
1788,31260
4620,31260
18886,31260
4562,31260
6226,31260
9721,31260
13436,31260
14384,31260
11748,31260
12475,31260
18803,31260
14521,31260
16559,31260
6024,31260
8035,31260
803,31260
20324,31260
7056,31261
16968,31261
12091,31262
497,31262
6339,31262
11452,31262
7589,31262
536,31262
7832,31262
8694,31262
12321,31262
3732,31262
9807,31262
9180,31262
15148,31262
1235,31262
11451,31262
7092,31262
15431,31262
11478,31262
17601,31263
12455,31264
13512,31264
16279,31264
12084,31264
13403,31264
8077,31264
7209,31264
18208,31264
8564,31264
2163,31264
4084,31264
6274,31264
2677,31264
5938,31264
5600,31264
16390,31264
7173,31264
2163,31265
5600,31265
2677,31265
4084,31265
8077,31265
7209,31265
20739,31265
19609,31265
15766,31265
16279,31265
12455,31265
13512,31265
11071,31265
8564,31265
18458,31265
7013,31265
2163,31266
13512,31266
2677,31266
7209,31266
6592,31266
8564,31266
20739,31266
16851,31266
20805,31266
4286,31266
18458,31266
16279,31266
16471,31266
11272,31267
635,31268
7189,31268
20159,31268
16182,31268
22210,31268
11789,31268
11570,31268
9397,31268
14654,31268
20934,31268
17601,31269
17601,31270
17601,31271
15165,31272
8863,31272
8486,31272
8867,31272
6384,31272
16089,31272
15487,31272
11889,31272
5100,31272
7161,31272
6581,31273
11381,31273
3625,31274
2284,31274
9901,31274
9118,31274
7932,31274
21649,31274
16666,31274
14554,31274
17601,31275
17601,31276
4073,31277
15016,31277
22915,31277
1935,31278
22241,31278
2710,31278
7899,31278
9067,31278
13560,31278
10039,31278
6910,31278
18424,31278
6622,31278
14288,31278
14205,31278
17322,31278
21164,31278
18917,31278
17985,31278
4312,31278
12204,31278
22218,31278
24425,31279
19709,31279
8941,31279
9784,31279
9384,31279
9638,31279
19831,31279
4232,31279
24509,31279
17601,31280
690,31281
11904,31281
14785,31281
15217,31281
13329,31281
20969,31281
15672,31281
790,31281
1327,31281
18555,31281
21903,31281
20750,31281
21304,31281
7193,31281
3793,31281
4614,31281
6476,31281
3593,31281
11855,31282
21543,31282
17601,31283
3180,31284
13249,31284
15430,31284
4412,31284
20039,31284
18587,31284
24375,31284
20707,31284
15452,31284
11993,31284
10253,31285
19891,31285
11718,31285
14543,31285
19454,31285
7917,31285
8601,31285
24282,31285
23531,31285
17351,31285
11788,31285
14862,31285
17689,31286
8917,31286
18734,31286
10861,31286
21059,31286
23309,31286
23811,31286
12385,31286
20527,31286
13028,31286
15733,31286
7857,31286
1247,31286
20357,31287
22455,31287
17601,31288
15420,31289
992,31289
17628,31289
12287,31289
1021,31289
5282,31289
5741,31289
2656,31289
6896,31289
9705,31289
18902,31290
21844,31290
18194,31290
6546,31290
10477,31290
8902,31290
8133,31290
16437,31290
4843,31290
24193,31290
12026,31290
14131,31290
11918,31290
17010,31291
16097,31291
12807,31291
17281,31291
21693,31291
15384,31291
21696,31291
22656,31291
23498,31291
22654,31291
22545,31291
24589,31291
17601,31292
20736,31293
5653,31293
11170,31293
14204,31293
23691,31293
1504,31293
21263,31293
21644,31293
18070,31293
20975,31293
23651,31294
16461,31294
21625,31294
23665,31294
8496,31294
6005,31294
9212,31294
24275,31294
3448,31294
15288,31294
5002,31295
4585,31295
4691,31295
4725,31295
3273,31295
19195,31295
19023,31295
18606,31295
18442,31295
15034,31295
13844,31295
18755,31295
5032,31295
2259,31295
11899,31295
7524,31295
10635,31295
20702,31295
10837,31296
11382,31296
11280,31296
13138,31296
23539,31296
6841,31296
12801,31296
945,31296
4936,31296
13562,31296
17473,31296
10575,31296
7115,31296
24428,31296
22516,31297
18405,31297
19955,31297
17541,31297
18113,31297
21090,31297
12492,31297
17601,31298
1059,31299
23787,31299
15296,31299
13783,31299
16748,31299
8026,31299
16816,31299
19198,31299
20440,31299
21204,31299
23921,31299
4006,31299
6865,31299
13760,31299
2837,31299
7525,31299
8292,31299
9628,31300
23524,31300
13126,31300
21176,31301
9310,31301
17477,31301
19241,31301
18578,31301
22553,31301
22976,31301
21168,31301
13501,31301
20620,31301
9473,31301
4724,31302
4887,31302
5146,31302
13575,31302
16813,31302
3999,31302
3243,31302
17331,31302
1980,31302
8304,31302
8981,31302
13192,31302
12783,31302
11340,31302
9930,31302
7183,31302
18668,31302
17601,31303
17601,31304
16683,31305
6091,31305
17807,31306
19645,31306
20802,31306
2553,31306
17139,31306
8950,31306
7721,31306
8392,31306
24706,31306
5423,31306
6853,31306
17601,31307
1006,31308
2630,31308
2676,31308
3031,31308
5544,31308
5073,31308
1627,31308
7263,31308
11754,31308
12984,31308
5581,31308
4564,31308
16153,31308
17622,31308
200,31309
13053,31309
16389,31309
17809,31309
6637,31309
7356,31309
11575,31309
11612,31309
6769,31309
20411,31309
20872,31309
24787,31309
16998,31309
5254,31309
23158,31309
6678,31309
17601,31310
23560,31311
19193,31311
5776,31311
24289,31312
14044,31312
17601,31313
17601,31314
17601,31315
16252,31316
12977,31316
13358,31317
12513,31317
6143,31317
929,31318
21716,31318
14630,31318
14898,31319
18312,31319
18466,31319
4865,31319
8066,31319
12550,31319
14089,31319
7097,31319
18951,31319
24072,31319
1564,31320
10542,31320
24211,31320
18559,31321
3937,31321
1471,31321
21046,31321
17601,31322
17601,31323
17601,31324
11637,31325
13771,31325
14664,31325
4747,31325
23998,31325
5954,31326
10700,31326
7140,31326
19868,31326
22166,31326
16493,31326
22562,31326
23665,31326
24272,31326
12958,31326
11419,31327
19818,31327
10950,31327
20262,31327
22121,31327
24119,31327
23521,31327
24368,31327
184,31327
4472,31327
3582,31327
5244,31327
9584,31327
19685,31327
18217,31327
16174,31327
11899,31327
11996,31327
12198,31327
17601,31328
19066,31329
14110,31329
17409,31329
70,31329
667,31329
8568,31329
10406,31329
11246,31329
11651,31329
23674,31329
10684,31330
18891,31330
13730,31330
23682,31331
15857,31331
8263,31331
17601,31332
17601,31333
24323,31334
13683,31334
22691,31334
6642,31334
3545,31334
2635,31334
7600,31334
21267,31334
18285,31334
14790,31334
5918,31335
1801,31335
20703,31335
15154,31336
4228,31336
21178,31336
6395,31337
16736,31337
15278,31337
6722,31338
9606,31338
14163,31338
6516,31338
1689,31338
4610,31338
4018,31338
16837,31338
17035,31338
24258,31338
645,31338
98,31338
2769,31338
17601,31339
17601,31340
1969,31341
3436,31341
2308,31341
1040,31341
552,31341
16295,31341
14421,31341
16971,31341
5226,31341
8727,31341
13834,31341
7140,31341
5994,31341
20099,31341
23721,31342
23967,31342
17275,31342
13058,31342
13091,31342
6066,31342
6616,31342
5338,31342
4113,31342
478,31342
14605,31343
10458,31343
15803,31343
17601,31344
9505,31345
3372,31345
3164,31345
671,31345
4073,31345
6622,31345
9266,31345
14481,31345
53,31345
3663,31345
13577,31345
13157,31345
11757,31345
10271,31345
10535,31345
11496,31345
11539,31345
14209,31345
13962,31345
17601,31346
17601,31347
17601,31348
3641,31349
22445,31349
14535,31349
15077,31349
13720,31349
20227,31349
20742,31349
8021,31349
8425,31349
11689,31349
16983,31349
17601,31350
1055,31351
6170,31351
10578,31351
4897,31352
1861,31352
5924,31352
2245,31353
3940,31353
807,31353
12094,31353
9914,31353
15023,31353
11105,31353
12085,31353
8824,31353
17601,31354
17601,31355
3363,31356
14851,31356
5437,31356
1497,31356
11300,31356
986,31356
24830,31356
23894,31356
15731,31356
23879,31356
8562,31357
21089,31357
16845,31358
6689,31358
7581,31358
1177,31358
7580,31358
8018,31359
16876,31359
13404,31359
13481,31360
21602,31360
7234,31360
11095,31361
11987,31361
10678,31361
21053,31361
19487,31361
22268,31361
9636,31361
13730,31361
12187,31361
804,31361
4691,31361
7616,31361
481,31361
15933,31361
2884,31362
6582,31362
17601,31363
21713,31364
310,31364
831,31364
19805,31364
21374,31364
20677,31364
19071,31364
2090,31364
18158,31364
5786,31364
3151,31364
18536,31364
2486,31365
5312,31365
23883,31365
5038,31365
6070,31365
14175,31365
19874,31365
11066,31365
12031,31365
5528,31365
7506,31365
14749,31366
21681,31366
3114,31366
3107,31366
11899,31366
10654,31366
16845,31366
17601,31367
15469,31368
3253,31368
9973,31368
1478,31368
21451,31368
8206,31368
9979,31368
16692,31368
16018,31368
16420,31368
10627,31368
2896,31368
20986,31368
21714,31368
3825,31369
12323,31369
19648,31369
15426,31369
11729,31369
15063,31369
596,31369
19888,31369
14329,31369
17601,31370
11532,31371
21008,31371
6478,31371
13902,31371
21547,31371
5147,31371
15884,31371
15839,31371
2972,31371
2425,31371
1326,31371
7901,31371
8398,31371
23432,31371
3019,31371
17601,31372
2595,31373
16089,31373
7044,31373
238,31373
2527,31373
10913,31373
4589,31373
16855,31373
20150,31373
1763,31373
10721,31373
14494,31373
11371,31373
8143,31373
9267,31373
10284,31373
15804,31373
17728,31374
3659,31374
19488,31374
10622,31374
10420,31374
5531,31374
2895,31374
11181,31374
12725,31374
12242,31374
4252,31374
13935,31374
16682,31374
13867,31374
13844,31374
21570,31374
11056,31375
1282,31375
10451,31375
17822,31375
4012,31375
22424,31375
20910,31375
22303,31375
5451,31375
4310,31375
152,31375
4848,31375
7176,31375
14433,31375
15164,31375
14738,31375
2336,31375
8378,31375
1369,31375
2945,31375
17601,31376
17601,31377
17601,31378
17601,31379
11012,31380
3192,31380
22257,31380
23969,31381
23633,31381
18854,31381
15444,31381
15363,31381
5165,31381
21230,31381
20984,31381
19389,31381
19025,31381
15758,31382
9702,31382
12885,31382
13565,31382
11432,31382
15665,31382
9302,31382
8999,31382
12267,31382
1352,31382
1735,31382
2192,31382
6836,31382
6751,31382
7491,31382
1098,31382
17601,31383
17601,31384
16773,31385
17357,31385
1313,31385
24411,31385
18851,31385
21193,31385
8809,31386
10407,31386
11240,31386
11682,31386
16967,31386
14766,31386
19783,31386
17871,31386
24809,31386
20036,31386
7807,31387
9669,31387
9680,31387
12649,31387
747,31387
1341,31387
6556,31387
5857,31387
5446,31387
5370,31387
4844,31387
4652,31387
4376,31387
6668,31387
13356,31387
2929,31387
2655,31387
2179,31387
1843,31388
1984,31388
7147,31388
3247,31388
15445,31388
19257,31388
15666,31388
18306,31388
24844,31388
24840,31388
18801,31388
17601,31389
123,31390
2622,31390
3439,31390
3496,31390
3700,31390
3734,31390
23315,31390
8913,31390
11895,31390
10335,31390
13571,31390
12993,31390
17709,31390
4286,31390
23920,31390
22392,31390
4665,31390
9347,31390
10317,31391
11955,31391
12966,31391
13434,31391
866,31391
6710,31391
24022,31391
14406,31391
19899,31391
20977,31391
16189,31392
10923,31392
10521,31392
18863,31392
24155,31392
23627,31392
20365,31392
635,31392
6474,31392
9164,31392
3129,31393
969,31393
3958,31393
5422,31393
17088,31394
20789,31394
18165,31394
16846,31395
21235,31395
14016,31395
5556,31395
4298,31395
11624,31395
22669,31395
24616,31395
12572,31395
17601,31396
8779,31397
20040,31397
18293,31398
19473,31398
20763,31398
10815,31398
6271,31398
9496,31398
12293,31398
20226,31398
11490,31398
13977,31398
3871,31399
17941,31399
5955,31399
1537,31399
22315,31399
22061,31399
22805,31399
23999,31399
20221,31399
9977,31399
17601,31400
18631,31401
9628,31401
17729,31401
18460,31402
19259,31402
7656,31402
6143,31403
4073,31403
15896,31403
17601,31404
22675,31405
14534,31405
17613,31405
539,31405
22146,31405
10032,31405
8147,31405
13998,31405
2604,31405
14762,31405
1025,31405
11618,31405
17601,31406
11730,31407
24798,31407
18830,31407
17601,31408
17601,31409
13218,31410
16008,31410
4177,31410
17020,31410
17023,31410
2871,31410
3210,31411
23805,31411
20508,31411
10332,31411
15685,31412
2196,31412
6238,31412
14603,31412
12871,31412
12841,31413
9872,31413
7285,31414
1938,31414
2550,31414
17905,31414
24767,31414
24829,31414
20582,31414
21870,31414
8690,31414
7472,31414
15316,31414
15577,31414
7652,31414
20643,31415
11479,31415
4956,31415
15150,31416
18161,31416
1915,31416
13582,31416
3448,31416
10525,31416
4083,31416
151,31416
15737,31416
4132,31416
6258,31416
15059,31416
14826,31416
10382,31416
4893,31416
13865,31416
16996,31416
17601,31417
17601,31418
7431,31419
11430,31419
22128,31419
15095,31420
18947,31420
21440,31420
542,31420
6301,31420
7679,31420
14501,31420
23692,31421
16688,31421
10850,31421
9439,31421
20089,31421
21310,31421
12514,31421
3102,31421
489,31421
11846,31421
3701,31421
3919,31421
4402,31421
17601,31422
17601,31423
585,31424
13810,31424
17601,31425
15455,31426
8137,31426
3541,31426
2076,31426
8842,31426
14851,31426
10832,31426
20388,31426
16634,31426
22095,31426
23732,31427
11320,31427
9874,31427
19530,31427
10510,31427
22263,31427
16024,31427
12606,31427
21046,31427
2058,31427
3575,31428
3507,31428
18131,31428
21499,31428
17074,31428
11686,31428
11024,31428
8792,31428
5848,31428
5663,31428
15845,31428
20937,31428
1707,31428
2466,31428
4711,31428
12375,31428
2682,31428
17601,31429
17601,31430
23064,31431
23842,31431
7000,31431
10661,31431
5918,31431
3129,31431
388,31431
1821,31431
19609,31431
20854,31431
13309,31431
4106,31431
13844,31431
14417,31431
17167,31431
18330,31431
3991,31431
24769,31432
22785,31432
21735,31432
12476,31432
11217,31432
7473,31432
6844,31432
13844,31432
23788,31432
17167,31432
13950,31432
1916,31432
723,31432
6094,31432
19733,31432
3321,31432
5355,31432
17601,31433
4196,31434
24000,31434
8338,31435
15911,31435
1514,31435
488,31435
13502,31435
10771,31435
8427,31435
21925,31435
6809,31435
5530,31435
8514,31436
20863,31436
23428,31436
6689,31437
17415,31437
3898,31437
18051,31438
1536,31438
9942,31439
3134,31439
4055,31439
4873,31439
12814,31439
10354,31439
14481,31439
13213,31439
10130,31439
2663,31439
9586,31439
9206,31439
7479,31439
12177,31439
11489,31439
41,31439
7310,31439
17601,31440
8213,31441
23670,31441
22972,31441
5356,31442
5306,31442
18171,31443
1461,31443
17887,31443
4696,31443
17048,31443
15759,31443
9845,31443
8554,31443
7775,31443
6768,31443
17601,31444
19750,31445
19724,31445
19761,31445
9676,31445
20706,31445
22825,31445
22944,31445
4643,31445
15538,31445
3374,31445
13588,31445
16200,31445
719,31445
2749,31445
9530,31445
183,31445
14761,31446
21368,31446
5378,31447
7907,31447
4675,31447
13118,31447
8934,31448
19943,31448
11206,31448
4493,31448
24805,31448
12798,31448
17601,31449
3491,31450
11186,31450
13323,31450
15245,31450
18353,31450
19176,31450
21556,31450
22566,31450
10000,31450
2619,31450
5056,31450
4490,31450
4412,31450
3598,31450
5583,31450
11089,31450
6592,31450
13294,31450
4392,31451
15101,31451
4402,31451
15009,31451
7022,31451
12072,31451
16461,31451
16908,31451
2136,31451
2137,31451
3325,31451
11843,31451
13259,31451
19386,31451
18735,31451
6110,31451
14313,31451
17601,31452
17601,31453
11408,31454
17185,31454
20808,31454
12038,31454
10178,31454
7959,31455
24000,31455
23765,31455
17601,31456
17601,31457
23861,31458
10484,31458
15299,31459
6455,31459
18180,31459
18596,31459
18014,31459
15943,31459
17091,31459
9763,31459
20042,31459
14570,31459
12132,31459
5410,31459
21362,31459
15280,31459
23363,31459
6323,31459
3312,31459
10968,31459
2956,31460
19138,31460
15853,31460
20737,31460
1861,31461
9695,31461
842,31461
18779,31461
10868,31462
10251,31462
8765,31462
16370,31462
16279,31462
16185,31462
15417,31462
14237,31462
5082,31462
643,31462
124,31462
11368,31462
5652,31462
5848,31462
6207,31462
6950,31462
12899,31462
12156,31462
17601,31463
11607,31464
139,31464
18658,31465
16644,31465
21562,31465
478,31465
1059,31465
2489,31465
13336,31465
5872,31465
16564,31465
20329,31465
4181,31465
22972,31465
15500,31465
11569,31465
8661,31465
6298,31465
9166,31465
17601,31466
17601,31467
11818,31468
22305,31468
6037,31468
10059,31468
4104,31468
6026,31468
14878,31468
6282,31468
15440,31468
14044,31468
17601,31469
17601,31470
7172,31471
10000,31471
10684,31471
17601,31472
23679,31473
11137,31473
16659,31473
6314,31474
16371,31474
14672,31474
18188,31475
410,31476
23221,31476
19568,31477
21235,31477
23129,31477
8404,31477
11938,31477
12173,31477
519,31477
4073,31477
7944,31477
18130,31478
19413,31478
11843,31478
12291,31479
981,31479
9217,31479
2516,31479
4959,31479
9482,31479
21700,31479
23995,31479
12689,31479
15013,31479
17601,31480
15353,31481
21302,31481
23669,31481
4104,31482
1288,31482
20221,31482
18492,31482
1811,31482
6630,31482
10365,31482
12400,31482
13861,31482
10458,31482
17975,31482
4882,31483
8796,31483
2236,31483
2948,31483
208,31483
23207,31483
8978,31483
20889,31483
15045,31483
8201,31483
5658,31484
7298,31484
4385,31484
1821,31484
18364,31484
19235,31484
19850,31484
14554,31484
14373,31484
10606,31484
11987,31484
5975,31485
5131,31485
10694,31485
13968,31485
15828,31485
22237,31485
23585,31485
4967,31485
23874,31485
2584,31485
24248,31485
24253,31486
4181,31486
10622,31486
24057,31487
434,31487
16203,31487
12908,31487
18350,31487
16835,31487
12417,31487
11504,31487
21138,31487
22291,31487
4240,31487
3392,31487
11109,31487
17162,31488
7201,31489
2902,31489
17162,31489
1801,31490
12514,31490
15184,31491
16033,31491
16055,31491
10234,31491
16956,31491
13744,31491
4812,31491
912,31491
1224,31491
2232,31491
3522,31491
5317,31491
23883,31491
21165,31491
431,31492
4214,31492
3192,31492
18895,31492
17714,31492
17705,31492
13615,31492
3188,31492
2878,31492
13384,31492
11968,31492
22250,31492
11582,31492
21544,31492
296,31493
5577,31493
5694,31493
6953,31493
5957,31493
14912,31493
21433,31493
23237,31493
15198,31493
3749,31493
1897,31493
583,31493
499,31493
325,31493
18093,31493
17715,31493
3596,31494
4090,31494
24184,31494
11246,31494
10141,31494
9883,31494
8538,31494
20597,31494
19487,31494
22876,31494
22583,31494
22470,31494
22337,31494
21158,31494
21088,31494
19181,31494
14040,31494
18594,31495
20296,31495
6932,31495
17601,31496
14474,31497
2703,31497
17601,31498
17601,31499
13177,31500
6270,31500
17601,31501
6180,31502
1100,31502
9240,31502
9719,31502
14974,31502
8320,31502
3311,31502
16565,31502
16377,31502
22987,31502
22814,31502
22009,31502
19605,31502
17066,31502
16720,31502
7383,31502
17601,31503
17601,31504
17364,31505
15690,31505
12820,31505
12810,31505
22641,31505
22653,31505
22624,31505
17601,31506
11503,31507
12145,31507
14373,31507
18492,31507
4765,31507
5145,31507
17967,31507
17275,31507
4717,31507
10536,31507
9336,31507
6024,31507
23156,31507
23488,31507
23800,31507
24085,31507
11017,31507
21433,31508
14143,31508
16745,31509
20628,31509
5443,31509
7276,31509
24025,31510
6919,31510
15952,31510
17601,31511
17998,31512
20542,31512
21139,31512
200,31512
170,31512
24755,31513
7790,31513
8962,31513
9457,31513
24399,31513
24501,31513
24441,31513
24408,31513
5189,31513
12745,31513
11292,31513
3685,31513
24571,31513
9463,31513
24783,31514
18535,31514
2855,31514
322,31514
17601,31515
20990,31516
9831,31516
2242,31516
21760,31517
2917,31517
22592,31518
18143,31518
13878,31518
425,31518
12547,31518
17601,31519
17601,31520
17601,31521
17601,31522
23810,31523
12532,31523
20387,31523
17601,31524
13530,31525
1335,31525
2977,31525
22853,31525
23423,31525
17998,31525
16637,31525
21190,31525
666,31525
19423,31525
8623,31526
3938,31526
4293,31527
11635,31527
1904,31527
23484,31527
21874,31527
20999,31527
19319,31527
1777,31527
23956,31527
23955,31527
17201,31527
16348,31527
12748,31527
16007,31527
23053,31528
19749,31529
8360,31529
11303,31530
10951,31530
20738,31530
2484,31530
22949,31530
24691,31530
14708,31530
18871,31530
19347,31530
19872,31530
2209,31531
2161,31531
1170,31531
881,31531
2689,31531
4498,31531
2789,31531
3415,31531
16203,31531
16117,31531
7045,31531
5048,31531
16890,31531
19809,31531
20299,31531
22212,31531
23468,31531
17601,31532
6544,31533
20433,31533
21391,31533
17601,31534
17601,31535
17601,31536
6847,31537
6637,31537
5327,31537
3692,31537
335,31537
1079,31537
2128,31537
1501,31537
24025,31537
8333,31537
7389,31537
6947,31537
9055,31537
14600,31537
9604,31538
12138,31538
11746,31538
6622,31538
20612,31538
5117,31539
6516,31539
16849,31539
10137,31539
16020,31539
19235,31539
19860,31539
4942,31539
8884,31539
21113,31539
21813,31539
22821,31539
24112,31539
17601,31540
7984,31541
14035,31541
17015,31541
5682,31541
472,31541
10215,31542
9134,31542
19504,31542
15773,31542
8177,31542
1592,31542
3333,31542
8161,31542
677,31542
4664,31542
2286,31542
15375,31542
11720,31542
10597,31542
15694,31542
17420,31542
17169,31542
23422,31542
17601,31543
1413,31544
19175,31544
19865,31544
6404,31544
23803,31544
22738,31544
223,31544
1743,31544
16248,31544
19449,31544
17520,31544
15248,31544
9816,31544
13707,31544
12198,31545
2350,31545
11930,31545
10318,31545
17601,31546
17601,31547
17601,31548
16567,31549
3011,31549
21541,31549
21989,31549
24684,31549
21906,31549
3594,31549
7719,31549
8656,31549
11138,31549
12316,31549
16725,31549
12647,31549
13856,31549
6725,31549
16952,31549
2828,31549
1300,31549
311,31550
7657,31550
20229,31550
12572,31550
21236,31550
8671,31550
4736,31550
1449,31550
16618,31550
14009,31550
15048,31551
11075,31551
23326,31551
21775,31551
17601,31552
17601,31553
17188,31554
24496,31554
24563,31554
21935,31554
20752,31554
12329,31554
11049,31554
7560,31554
17601,31555
17601,31556
10706,31557
1472,31557
13451,31557
8246,31557
5021,31557
3117,31557
19841,31557
16605,31557
16304,31557
15799,31557
15344,31557
14767,31557
7215,31557
16218,31557
20239,31557
24418,31557
22005,31557
24065,31557
24366,31557
24060,31557
23277,31558
13753,31558
5828,31558
5973,31558
2527,31558
3119,31558
13730,31558
19058,31559
16139,31559
5763,31559
24195,31559
17601,31560
21781,31561
21681,31561
11931,31561
5153,31562
13753,31562
15041,31562
16432,31562
7940,31562
10233,31562
1369,31562
17062,31562
11197,31562
7267,31562
655,31562
15397,31562
13375,31563
23913,31563
23022,31563
17008,31563
21215,31563
16519,31563
13909,31563
2979,31563
13693,31563
16137,31563
17601,31564
2272,31565
8885,31565
18632,31565
13995,31565
8723,31565
23559,31565
11189,31565
11533,31565
2544,31565
2562,31566
9506,31566
24235,31566
20110,31566
22288,31566
19568,31566
19733,31566
14114,31566
18630,31566
13253,31566
18217,31566
3408,31566
11668,31566
12215,31567
6734,31567
11927,31567
18596,31567
19255,31567
17672,31567
19808,31567
20139,31567
4570,31567
6381,31567
3678,31567
14764,31567
16876,31567
18620,31567
13921,31567
19782,31567
17601,31568
17601,31569
391,31570
974,31570
1950,31570
7069,31570
13316,31570
16337,31570
19044,31570
13079,31570
20114,31570
23205,31570
6100,31571
14462,31571
14449,31572
10911,31572
10606,31572
10189,31572
20228,31572
18798,31572
22841,31572
207,31572
1821,31572
2916,31572
6217,31572
9356,31572
12110,31572
12997,31572
17601,31573
3533,31574
4829,31574
5080,31574
6508,31574
7874,31574
14077,31574
14927,31574
15317,31574
15725,31574
15990,31574
17734,31574
18217,31574
18944,31574
21681,31574
17601,31575
18783,31576
8655,31576
9213,31576
1611,31577
13841,31577
3334,31577
3392,31577
10630,31577
1181,31577
12075,31577
10968,31577
10720,31577
24059,31577
21867,31577
16661,31577
14022,31577
18814,31577
20128,31577
20910,31577
21585,31577
782,31577
7065,31578
806,31578
6839,31578
6837,31578
1314,31578
6333,31578
5454,31578
22148,31578
8644,31578
22134,31578
17927,31579
22355,31579
23182,31579
1730,31579
396,31579
10662,31579
20721,31579
20856,31579
17931,31579
18177,31579
11517,31579
12205,31579
12736,31579
20521,31579
6183,31579
2848,31579
7844,31579
17601,31580
2411,31581
2974,31581
3348,31581
4328,31581
17191,31581
20804,31581
8983,31581
23195,31581
7229,31581
5747,31582
735,31582
6017,31583
11801,31583
6637,31583
912,31583
20294,31583
18886,31583
17354,31583
16589,31583
16242,31583
23249,31583
17601,31584
17601,31585
10729,31586
6174,31586
7662,31586
11651,31587
11999,31587
18805,31587
19128,31587
19405,31587
5854,31587
8762,31587
11181,31587
21294,31587
20502,31587
4472,31587
2595,31587
20474,31587
2300,31587
23136,31587
22138,31587
22235,31587
21296,31587
21957,31588
19782,31588
10844,31589
10034,31589
7302,31589
3953,31589
15317,31589
15315,31589
667,31589
14434,31589
24282,31589
23211,31589
23055,31589
19770,31589
3827,31589
12037,31590
8946,31590
21404,31590
17185,31590
12601,31590
12329,31590
17601,31591
12844,31592
21764,31592
17601,31593
11075,31594
3660,31594
10576,31594
10030,31594
20859,31594
154,31594
19783,31594
13902,31594
15197,31594
434,31594
20808,31595
11283,31595
9700,31595
21464,31595
17601,31596
17601,31597
17601,31598
4042,31599
6963,31599
18657,31599
17601,31600
11329,31601
17601,31602
4641,31603
13745,31603
8476,31603
5072,31603
1105,31603
3938,31603
11938,31603
10715,31603
10715,31604
13745,31604
3938,31604
7671,31604
1105,31604
4641,31604
22614,31604
24849,31604
13642,31604
6368,31604
8476,31604
5072,31604
11938,31604
2841,31605
6133,31605
473,31605
17089,31605
18619,31605
20344,31605
19139,31605
20420,31605
20572,31605
21105,31605
11494,31605
9480,31605
10918,31605
19615,31605
21703,31605
17601,31606
22794,31607
4292,31607
22674,31607
13441,31608
4299,31608
199,31608
19174,31608
19682,31608
22284,31608
16691,31608
20135,31608
12522,31608
13233,31608
16394,31608
17601,31609
8101,31610
15742,31610
677,31610
18900,31610
14473,31610
57,31610
19138,31610
4521,31610
16390,31610
2776,31610
20328,31611
8402,31611
23619,31611
7791,31611
8131,31611
16710,31611
8407,31611
927,31611
11305,31611
11428,31611
10991,31611
1892,31611
990,31611
7287,31611
5687,31611
24318,31612
9741,31612
15595,31612
20535,31612
10935,31612
19379,31612
7084,31612
11615,31612
14193,31612
1749,31612
17601,31613
4942,31614
22807,31614
9333,31614
3841,31614
5038,31614
5000,31614
173,31614
16892,31614
14570,31614
8296,31614
6096,31614
7518,31614
21516,31614
16828,31614
20723,31614
8476,31614
8163,31614
4915,31614
10128,31614
17601,31615
17601,31616
24108,31617
15226,31617
23508,31617
16604,31617
8029,31617
23796,31617
2809,31617
22391,31617
15529,31617
3698,31617
14725,31617
4983,31617
13224,31617
14494,31617
2808,31617
12462,31617
11011,31617
7233,31617
17849,31618
17500,31618
6942,31618
8697,31618
22222,31618
19951,31618
19086,31618
18539,31618
23461,31618
17601,31619
7878,31620
23129,31620
6758,31620
15204,31621
22636,31621
11864,31621
9237,31621
15055,31621
10125,31621
20518,31621
9389,31621
22450,31621
4744,31621
17601,31622
19377,31623
4848,31623
4886,31623
5865,31623
6143,31623
18329,31623
3403,31623
15795,31623
8521,31623
8573,31623
9957,31623
9976,31623
10631,31623
12309,31623
14778,31623
15228,31623
7412,31623
701,31623
9761,31624
9759,31624
5333,31624
9672,31624
3931,31624
4784,31624
9762,31624
601,31624
263,31624
765,31624
17601,31625
17601,31626
17601,31627
16298,31628
23879,31628
8966,31628
9375,31628
800,31628
19415,31628
842,31628
8438,31628
6200,31628
2565,31628
18746,31628
18077,31628
17524,31628
17601,31629
17601,31630
14464,31631
11930,31631
7424,31631
962,31631
175,31631
12368,31631
18585,31631
10998,31631
9281,31631
8792,31631
18374,31632
12443,31632
9904,31632
17601,31633
20635,31634
21524,31634
22745,31634
19864,31634
3389,31634
3630,31634
16548,31634
8988,31634
12717,31634
17099,31634
18045,31634
17954,31634
17788,31634
1583,31634
1013,31634
100,31634
8798,31634
8300,31634
4196,31635
7044,31635
19080,31635
18842,31635
23932,31636
397,31636
21290,31636
11780,31636
22479,31636
20564,31636
33,31636
10062,31636
11485,31636
4432,31636
17601,31637
680,31638
4983,31638
23147,31638
12821,31638
17872,31638
13853,31638
22307,31638
9204,31638
3072,31638
4067,31638
15535,31639
5358,31639
14925,31639
7504,31639
24348,31639
15947,31639
10932,31639
23083,31639
15475,31639
10259,31639
17601,31640
17601,31641
4663,31642
12312,31642
24484,31642
2340,31642
15118,31642
17085,31642
22720,31642
8684,31642
2341,31642
10889,31642
13676,31643
18359,31643
5550,31644
4283,31644
9491,31644
17199,31644
16944,31644
24512,31644
9011,31644
16482,31644
9493,31644
2417,31644
23456,31644
17601,31645
17601,31646
7395,31647
7596,31647
18891,31647
17388,31647
918,31647
3916,31647
22097,31647
21128,31647
22288,31647
10234,31647
11034,31647
10023,31647
12997,31647
14785,31647
11173,31647
7942,31647
12349,31648
5806,31648
16581,31648
6304,31649
19797,31649
3321,31649
5647,31649
2255,31649
18985,31649
16658,31649
22960,31649
13537,31649
4936,31649
7851,31649
6700,31649
6681,31649
22152,31649
7206,31649
6435,31649
17601,31650
17601,31651
4844,31652
15353,31652
12007,31652
17601,31653
17601,31654
17601,31655
17601,31656
15394,31657
5828,31657
16331,31657
21366,31657
11082,31657
9970,31657
15317,31657
9256,31657
9117,31657
9565,31657
6343,31658
8611,31658
394,31658
17601,31659
19711,31660
4002,31660
10707,31660
14763,31660
3754,31660
3800,31660
19010,31660
1873,31660
18974,31660
19009,31660
11479,31661
17601,31662
23423,31663
2165,31663
8944,31663
8900,31663
69,31663
1823,31663
8884,31663
5925,31663
11181,31663
10674,31663
22863,31663
4881,31663
11259,31663
8035,31664
1999,31664
2836,31664
8979,31664
5420,31664
15911,31664
19096,31664
15478,31664
10387,31664
19465,31664
14332,31665
21260,31665
12713,31665
17601,31666
10724,31667
15032,31667
7267,31667
8434,31667
8809,31667
10546,31667
18757,31667
8333,31667
1301,31667
6580,31667
4349,31667
16644,31667
16565,31667
17601,31668
6916,31669
21475,31669
21001,31669
820,31669
2113,31669
17458,31669
18192,31669
17235,31669
15308,31669
9320,31669
24823,31670
15628,31670
5633,31670
15318,31670
14480,31670
1237,31670
17601,31671
17434,31672
4519,31672
3455,31673
10260,31673
17601,31674
17601,31675
22133,31676
16882,31676
1351,31676
4815,31676
9311,31676
19588,31676
8048,31676
8479,31676
19109,31676
21014,31676
21181,31676
16281,31676
17601,31677
17601,31678
17601,31679
24561,31680
4025,31680
6268,31680
20966,31680
18314,31680
11636,31680
9034,31680
23708,31680
24455,31680
23713,31680
6105,31680
21791,31680
23367,31681
21391,31681
15277,31681
17601,31682
9875,31683
15630,31683
17316,31683
9024,31683
838,31683
2493,31683
2491,31683
13493,31683
9215,31683
13914,31683
17601,31684
17601,31685
17601,31686
17601,31687
11282,31688
6355,31688
8208,31688
20605,31688
12447,31688
19482,31688
15927,31688
16682,31688
19425,31688
20680,31688
21101,31688
4821,31688
432,31688
3051,31688
2900,31688
3094,31688
17601,31689
19500,31690
24232,31690
23114,31690
2317,31690
14186,31690
9131,31690
18786,31690
5215,31691
13608,31691
23264,31691
24553,31691
16473,31691
17203,31691
17608,31691
17800,31691
2433,31691
18254,31691
14071,31691
16404,31691
21684,31691
4565,31691
22877,31691
22021,31692
4529,31692
20075,31692
15398,31692
16508,31692
6059,31692
7217,31692
7601,31692
12806,31692
13509,31692
15326,31692
246,31692
1570,31692
2148,31692
2173,31692
19920,31692
17448,31692
8515,31693
15509,31693
1890,31693
8223,31693
1510,31693
1868,31693
19016,31693
23424,31693
16123,31693
15638,31693
1479,31694
23456,31694
1833,31694
20626,31695
15857,31695
24121,31695
22028,31695
1163,31695
12699,31695
11452,31695
4306,31695
6648,31695
10663,31695
14706,31695
23331,31695
14495,31695
23250,31695
12737,31695
15793,31695
14146,31696
5018,31696
9731,31697
20273,31697
11534,31698
16658,31698
12203,31698
15900,31698
4373,31698
21840,31698
14527,31698
526,31698
4033,31698
19718,31698
18783,31698
4956,31698
9137,31698
4530,31698
17601,31699
4087,31700
12427,31700
16174,31701
17601,31702
20518,31703
18786,31703
23652,31703
9389,31704
434,31704
20296,31704
17601,31705
23118,31706
9676,31706
9810,31706
23355,31706
976,31706
15857,31706
15560,31706
8897,31706
7630,31706
12535,31706
18344,31706
3880,31706
3377,31706
20518,31706
12511,31706
4162,31706
14337,31707
16360,31707
7567,31707
21024,31708
7681,31708
17601,31709
17601,31710
23464,31711
3136,31711
20248,31711
10895,31711
10294,31711
21288,31711
5848,31711
8011,31711
15570,31711
5713,31711
1323,31711
15054,31711
20127,31711
21391,31712
17601,31713
23178,31714
12298,31714
7877,31715
18145,31715
20996,31715
8569,31715
9515,31715
8805,31715
12709,31715
14905,31715
15608,31715
7916,31715
3810,31715
5105,31715
1907,31715
7808,31715
17601,31716
17601,31717
17601,31718
12754,31719
17114,31719
13360,31719
6495,31719
12720,31719
11406,31719
12865,31719
18781,31719
15122,31719
17779,31720
12719,31720
5818,31720
11347,31720
13360,31720
285,31720
10676,31720
8715,31720
6495,31720
18042,31720
13836,31720
4357,31720
24581,31720
15852,31720
23819,31720
23792,31720
21242,31720
17601,31721
17601,31722
17601,31723
17601,31724
24663,31725
8848,31725
4726,31725
8656,31725
4658,31725
23205,31725
22707,31725
22288,31725
8333,31725
11260,31725
10068,31725
17009,31725
12983,31725
7871,31726
5045,31726
2847,31726
2987,31726
10879,31726
12827,31726
7671,31726
23093,31726
21235,31726
6798,31726
13708,31726
14473,31726
8808,31726
9180,31726
422,31726
3472,31726
13809,31726
7944,31726
16139,31727
4196,31727
20967,31727
499,31727
3964,31727
15141,31727
9404,31727
10157,31727
15731,31727
14851,31727
19623,31728
19762,31728
21742,31728
23275,31728
6516,31728
19383,31728
21220,31728
14951,31728
11023,31728
10142,31728
7702,31728
7553,31728
14444,31728
152,31728
641,31728
2777,31728
2808,31728
3165,31728
17601,31729
11089,31730
22367,31730
22016,31730
24369,31730
10706,31730
17942,31730
7852,31730
4331,31730
2863,31730
10246,31730
10181,31730
10025,31730
18585,31730
16452,31730
17601,31731
17916,31732
10382,31732
10407,31732
10706,31732
10748,31732
11089,31732
10025,31732
10097,31732
10181,31732
9851,31732
7852,31732
10253,31732
2863,31732
11152,31732
11199,31732
12964,31732
1465,31732
2834,31732
4331,31732
15555,31733
20240,31733
202,31733
6580,31733
22788,31733
13369,31733
18271,31733
16986,31733
1527,31733
12103,31733
24381,31734
9312,31734
58,31734
697,31734
14471,31734
15938,31734
11114,31734
11483,31734
24331,31734
24269,31735
23969,31735
7141,31735
2062,31735
1839,31735
15146,31735
21195,31735
17756,31735
15731,31735
8311,31735
17601,31736
17601,31737
13759,31738
7110,31738
21421,31738
13852,31739
842,31739
1749,31739
13922,31739
8980,31739
15184,31739
14120,31739
3867,31739
3170,31739
668,31739
21106,31739
20120,31739
20739,31739
16524,31739
17601,31740
2413,31741
11871,31741
22338,31741
17601,31742
17601,31743
17601,31744
17601,31745
3553,31746
2428,31746
3059,31746
10721,31746
15811,31746
21121,31746
18324,31746
20238,31746
18497,31746
13988,31746
10512,31747
10443,31748
16736,31748
16624,31748
17764,31749
10511,31749
18939,31749
16043,31749
23324,31749
20235,31749
22860,31749
23602,31749
6283,31749
14546,31749
19988,31749
17601,31750
10453,31751
14921,31751
10223,31751
2880,31752
19692,31752
23226,31752
20183,31752
21615,31752
20228,31752
11746,31752
13404,31752
17601,31753
20760,31754
18057,31754
14686,31754
898,31754
1275,31754
14963,31754
23925,31754
8495,31754
10851,31754
6956,31754
18018,31755
11965,31755
19694,31755
7494,31756
542,31756
18099,31756
21369,31756
8314,31756
4987,31756
17601,31757
23117,31758
24784,31758
3024,31758
20314,31758
20074,31758
18313,31758
22196,31758
11153,31758
3250,31758
6138,31758
17601,31759
18820,31760
23214,31760
14081,31760
16208,31760
3611,31760
3378,31760
3067,31760
15393,31760
6803,31760
21979,31760
23246,31760
4857,31760
9052,31760
16671,31760
12255,31760
19608,31761
17174,31761
20431,31761
2048,31761
19059,31761
23442,31761
3811,31761
11329,31761
1470,31761
9507,31761
7112,31761
5523,31761
18842,31761
12370,31761
8428,31761
6535,31761
17601,31762
11376,31763
20500,31763
20506,31764
15211,31764
8270,31764
20500,31764
11374,31764
16705,31764
11376,31764
23280,31764
2992,31764
3070,31764
14647,31765
13184,31765
18137,31765
15195,31765
19244,31765
1564,31765
9501,31765
12638,31765
109,31765
7917,31765
7505,31765
23215,31765
20041,31765
19265,31765
21576,31765
21892,31765
23289,31766
5788,31766
8826,31766
23446,31766
19247,31766
19430,31766
21657,31766
9130,31766
11732,31766
11442,31766
11335,31766
1184,31766
3956,31766
6284,31766
9400,31766
14138,31767
2701,31767
12696,31767
14686,31767
2673,31767
1736,31767
443,31767
12559,31767
21422,31767
12680,31767
17352,31768
23975,31768
20682,31768
4829,31768
5528,31768
15895,31768
14742,31768
411,31768
17331,31768
15945,31768
8937,31769
545,31769
3410,31769
18063,31769
16938,31769
6590,31769
20004,31769
4371,31769
6208,31769
18051,31770
23654,31770
16338,31771
19807,31771
17418,31771
15857,31771
12333,31771
22754,31771
9641,31771
8300,31771
21301,31771
4993,31771
2152,31771
4954,31771
4117,31771
2937,31771
2619,31772
16682,31772
14962,31772
22645,31772
10993,31772
8449,31772
22698,31772
4174,31772
20947,31772
18637,31772
22822,31773
24262,31773
15120,31773
11787,31774
16139,31774
9908,31774
6148,31775
17601,31776
1584,31777
2183,31777
5053,31777
7702,31777
13177,31777
13141,31777
4942,31777
1341,31777
18817,31777
9424,31777
13950,31777
14130,31777
15786,31777
20141,31777
9604,31777
8992,31777
11762,31777
11115,31777
10663,31777
12612,31778
165,31778
798,31778
2618,31778
10605,31778
173,31778
10333,31778
5861,31778
6715,31778
9767,31778
8435,31778
7273,31778
4106,31778
6784,31778
10229,31778
17220,31778
16745,31778
13427,31778
13322,31778
3021,31779
22497,31779
18529,31779
12955,31779
10189,31779
14163,31779
22108,31779
14495,31779
4985,31779
5704,31779
4477,31779
17988,31780
13444,31780
11538,31780
22058,31781
18715,31781
982,31781
491,31781
21736,31781
12542,31781
16166,31781
1773,31781
10884,31781
11526,31781
6556,31781
9615,31781
22433,31781
12220,31782
12195,31783
3210,31783
24573,31784
21692,31784
19408,31784
21727,31784
24742,31784
2982,31784
2912,31784
21790,31784
17601,31785
2177,31786
14521,31786
15986,31786
20221,31786
5422,31786
11107,31786
6435,31786
13922,31786
22891,31786
813,31786
6428,31786
5600,31786
11181,31786
19919,31787
7851,31787
7788,31787
14993,31787
11697,31787
14404,31787
11259,31787
19860,31787
19227,31787
8355,31787
8230,31787
5571,31787
5383,31787
19186,31787
16745,31787
6242,31787
1483,31787
2562,31787
17601,31788
17601,31789
14542,31790
18593,31790
16689,31790
18174,31790
18813,31790
608,31790
2362,31790
13650,31790
2369,31790
11630,31790
8457,31790
4408,31790
11388,31790
6114,31790
7525,31790
7894,31790
14525,31790
16454,31790
13665,31790
8636,31791
21016,31791
7285,31792
18307,31792
11959,31792
20901,31792
2496,31792
6763,31792
9633,31792
23519,31792
22249,31792
18212,31792
17601,31793
17601,31794
7172,31795
11181,31795
12781,31795
10065,31795
7876,31795
5365,31795
10433,31795
9663,31795
1758,31795
4441,31795
5301,31795
24838,31795
6622,31795
7197,31795
5836,31795
1483,31795
13202,31795
4157,31796
11057,31796
11691,31796
11189,31796
10049,31796
7931,31796
11863,31796
17588,31796
17996,31796
16891,31796
13086,31796
18767,31796
5928,31796
11999,31796
18582,31796
16590,31796
20905,31797
23695,31797
24289,31797
5489,31798
10318,31798
8469,31798
23250,31798
22857,31798
19533,31798
2506,31798
5453,31798
4417,31798
3492,31798
12802,31798
10879,31798
12625,31798
17601,31799
17601,31800
17601,31801
17601,31802
1631,31803
1194,31803
20737,31803
199,31804
3423,31804
10977,31804
15841,31805
19782,31805
6459,31805
9323,31806
8240,31806
7668,31806
1155,31806
11075,31806
6270,31806
10667,31806
20297,31806
19679,31806
2885,31806
4956,31806
2570,31806
1079,31806
17041,31807
13476,31808
10867,31808
17601,31809
13631,31810
1584,31810
19967,31810
17601,31811
10173,31812
22770,31812
10070,31812
17601,31813
17009,31814
16025,31814
22624,31814
18774,31814
17134,31814
17286,31814
9422,31814
8348,31814
1099,31814
7329,31814
7122,31814
2299,31814
15578,31814
13171,31814
24359,31814
23705,31814
12595,31814
4585,31815
4395,31815
10297,31815
17438,31815
17724,31815
18430,31815
17748,31815
16055,31815
17233,31815
13194,31815
602,31815
23980,31816
15455,31816
10849,31816
18527,31816
17589,31816
19218,31816
8840,31816
1272,31816
2700,31816
10099,31816
615,31817
23389,31817
4528,31817
3159,31817
20942,31817
11860,31817
7622,31817
23104,31817
11256,31817
10982,31817
21974,31817
17601,31818
449,31819
8571,31819
10802,31819
5636,31819
24235,31820
20183,31820
12195,31820
5679,31821
11964,31821
11037,31821
9116,31821
15865,31821
2411,31821
12661,31821
21964,31821
3265,31821
22217,31821
17601,31822
3794,31823
10696,31823
4592,31823
8992,31823
4397,31823
20817,31823
14403,31823
13829,31823
2045,31823
3340,31823
17601,31824
17601,31825
17601,31826
5624,31827
23715,31827
16800,31827
5716,31827
14989,31827
5716,31828
23715,31828
16800,31828
5624,31828
21840,31829
22904,31829
847,31829
15057,31829
22439,31829
17601,31830
13147,31831
10013,31831
7542,31831
6528,31831
21926,31831
23238,31831
1507,31831
4101,31831
6078,31831
9329,31831
10433,31832
22340,31832
1786,31832
11677,31832
7302,31832
6266,31832
24623,31832
22470,31832
22387,31832
14444,31832
18021,31832
15361,31832
17102,31832
15516,31832
19640,31832
18487,31832
23391,31832
22058,31832
1130,31833
9069,31833
11579,31833
614,31833
967,31833
4868,31833
22804,31833
2040,31833
6983,31833
55,31833
20700,31833
19107,31833
3031,31833
22771,31833
21281,31833
22276,31833
13198,31834
4844,31834
22215,31834
17601,31835
17601,31836
14473,31837
4271,31837
11899,31837
5484,31837
12380,31837
14182,31837
2255,31837
13119,31837
5082,31837
11397,31837
15155,31837
7432,31837
1465,31837
1475,31837
8414,31837
7441,31837
6643,31837
9045,31837
6092,31837
21418,31838
19115,31838
19477,31838
19769,31838
20029,31838
6563,31838
5386,31838
8306,31838
9891,31838
13409,31838
13623,31838
12721,31838
13930,31838
8992,31838
3602,31838
3992,31838
367,31838
17601,31839
3351,31840
5604,31840
13624,31840
22600,31841
24292,31841
19659,31841
17601,31842
16621,31843
8016,31843
15528,31843
3905,31843
3905,31844
21859,31844
16621,31844
8016,31844
21797,31845
8442,31845
4946,31845
23014,31846
18305,31846
19283,31846
8139,31846
11070,31846
20849,31846
2498,31846
2743,31846
13490,31846
11986,31846
23810,31846
19273,31846
17583,31846
12985,31846
18059,31846
6741,31847
10458,31847
6446,31847
13922,31847
16874,31847
23423,31847
20055,31847
13027,31847
10181,31847
1221,31847
8023,31847
5386,31847
4645,31847
4370,31847
21492,31848
20814,31848
18929,31848
18928,31848
11521,31848
20062,31848
20826,31848
5003,31848
20633,31848
5618,31848
9881,31848
12320,31848
24795,31848
1201,31848
763,31848
23957,31849
13747,31849
517,31849
4000,31849
12878,31849
23241,31849
2660,31849
720,31849
4182,31849
7136,31849
17601,31850
24073,31851
6689,31851
24181,31851
7006,31851
1034,31851
3439,31851
21363,31851
2508,31851
10687,31851
8496,31851
20136,31851
433,31851
6135,31851
9524,31851
17601,31852
23942,31853
17601,31854
17601,31855
17601,31856
17634,31857
21771,31857
6745,31857
11117,31857
13826,31857
14566,31857
5450,31857
5835,31857
17436,31857
2723,31857
15856,31857
891,31858
24627,31858
17601,31859
17601,31860
17601,31861
15731,31862
22590,31862
4761,31863
8316,31863
13000,31863
12173,31863
1459,31864
704,31864
8117,31864
11636,31864
17601,31865
20395,31866
20396,31866
13294,31866
12670,31866
17746,31866
17755,31866
14045,31866
13530,31866
275,31866
2655,31866
2142,31866
2081,31866
4740,31866
20881,31866
10298,31866
7671,31866
10536,31866
2510,31867
13731,31867
14063,31867
14154,31867
1468,31867
14927,31867
23521,31867
18353,31867
23211,31867
22226,31867
21058,31867
5501,31867
14757,31867
12070,31867
13058,31867
10234,31867
17601,31868
17601,31869
2932,31870
18259,31870
15138,31870
9746,31870
9399,31870
8872,31870
23006,31870
2043,31870
21785,31870
7502,31870
17601,31871
4589,31872
17331,31872
16567,31872
12092,31872
7669,31872
15171,31872
17562,31872
19538,31872
2121,31872
20208,31872
17601,31873
11565,31874
24786,31874
14857,31874
17132,31874
20380,31874
14033,31874
11702,31875
24175,31875
17001,31875
21813,31876
11762,31876
2181,31876
4567,31877
15789,31877
6190,31877
17705,31877
22273,31878
11777,31878
10072,31878
9180,31878
7197,31878
5813,31878
5713,31878
983,31878
17200,31878
22088,31878
21513,31878
5515,31878
20929,31878
1689,31878
11776,31879
20950,31879
19130,31879
17601,31880
2181,31881
15034,31881
16846,31881
2586,31882
24187,31882
23952,31882
1603,31882
7770,31882
17549,31882
11201,31882
11503,31882
17817,31882
10113,31882
21487,31882
3613,31882
7230,31882
6253,31882
4477,31882
13198,31883
7586,31883
20929,31883
19208,31884
13448,31885
20180,31885
17415,31885
16721,31885
17601,31886
9502,31887
18911,31887
6106,31887
1188,31887
9656,31887
8996,31887
7702,31887
7273,31887
19808,31887
11287,31887
11707,31887
11767,31887
17193,31887
16448,31887
16325,31887
15069,31887
6392,31888
8613,31888
12572,31888
14831,31888
13260,31889
20387,31889
2242,31889
12381,31889
17601,31890
21681,31891
23323,31891
8905,31891
17601,31892
16925,31893
12557,31893
10788,31893
19636,31893
16633,31893
22918,31894
21723,31894
6863,31894
3790,31894
15206,31894
12538,31894
11554,31894
7044,31894
5357,31894
22717,31894
24287,31895
17376,31896
8898,31896
16723,31897
1014,31897
20710,31897
23079,31897
6166,31897
2344,31897
9854,31897
10903,31897
7419,31897
19105,31897
13959,31897
13864,31897
10885,31897
19144,31897
5348,31897
5232,31897
2595,31897
24622,31898
13759,31898
21433,31898
5872,31899
14473,31899
20296,31899
18524,31899
16538,31899
22915,31899
5125,31899
475,31899
7917,31899
11692,31899
14302,31899
23811,31899
23323,31900
7175,31900
22779,31900
17601,31901
5293,31902
2711,31902
13270,31902
10297,31902
14200,31902
17601,31903
17601,31904
12694,31905
6660,31905
17601,31906
7286,31907
4098,31907
788,31908
10846,31908
6367,31908
5270,31908
205,31909
6270,31909
10911,31909
8780,31909
13160,31909
3141,31909
24231,31909
20727,31909
20687,31909
18574,31909
14357,31909
13419,31909
3071,31909
3125,31909
4962,31909
13606,31910
2711,31910
17601,31911
901,31912
9367,31912
6533,31912
19282,31912
2733,31912
15717,31912
6935,31912
22407,31912
16945,31912
15444,31912
19018,31913
13881,31913
14558,31913
18053,31914
21025,31914
24383,31914
613,31914
3458,31914
19221,31914
14140,31914
12261,31914
18814,31914
12572,31914
6280,31915
16599,31915
3678,31915
14927,31915
19045,31915
21199,31915
8349,31915
17601,31916
24078,31917
20398,31917
570,31917
24494,31917
19371,31918
23379,31918
3076,31918
16129,31918
20376,31918
23382,31918
10548,31918
15031,31918
17141,31918
16057,31918
17601,31919
5080,31920
16394,31920
2638,31920
4209,31920
1812,31920
486,31920
24780,31920
3119,31920
12133,31920
21918,31920
21343,31920
17749,31920
11668,31920
16024,31920
23366,31920
2627,31920
7162,31920
5998,31920
7248,31920
975,31921
961,31921
21708,31921
12874,31922
85,31922
20815,31922
17530,31922
8766,31922
7926,31922
24193,31923
20355,31923
15983,31923
8362,31923
4234,31923
7474,31923
17601,31924
6947,31925
23395,31925
9490,31925
3898,31925
1662,31925
14731,31925
17395,31925
23210,31925
18763,31925
11169,31925
23287,31925
13696,31925
17601,31926
2883,31927
8160,31927
700,31927
15585,31927
22904,31927
17601,31928
3390,31929
1080,31929
5496,31929
13270,31929
13589,31929
11907,31929
13730,31929
3250,31929
3304,31929
21455,31929
19565,31929
18908,31929
18452,31929
10946,31929
14300,31929
6948,31929
6846,31929
661,31929
24530,31930
16092,31930
15170,31930
14531,31930
17300,31931
23744,31931
18964,31932
2085,31932
18365,31932
17601,31933
6671,31934
9808,31934
15827,31934
16243,31934
16451,31934
18595,31934
15119,31934
14388,31934
9929,31934
1331,31934
21686,31934
4568,31934
1958,31934
17601,31935
13351,31936
13135,31937
15058,31937
23416,31937
23509,31937
23629,31937
65,31937
3591,31937
9076,31937
9888,31937
10776,31937
12024,31937
12646,31937
13003,31937
15908,31937
17121,31937
18277,31937
19796,31937
22966,31937
21183,31938
17601,31939
17601,31940
23002,31941
10993,31941
18947,31941
8779,31941
16657,31941
22679,31941
199,31942
18708,31942
15731,31943
2699,31943
10783,31943
8059,31943
8558,31943
17432,31944
792,31944
22950,31944
20312,31944
3160,31944
8303,31944
7002,31944
4168,31944
11096,31944
11557,31944
13950,31944
10294,31944
14178,31944
15059,31944
14939,31944
14537,31944
17601,31945
17601,31946
13554,31947
14084,31947
10731,31947
10894,31947
4328,31947
2179,31947
10435,31947
7864,31947
11101,31947
11502,31947
22763,31947
23361,31947
6106,31947
5582,31947
13744,31947
2605,31948
22241,31948
2638,31948
10772,31948
14975,31948
15797,31948
1701,31948
6605,31948
4306,31948
17193,31948
17601,31949
20859,31950
10576,31950
11843,31950
24168,31951
16484,31951
14428,31951
12407,31951
7764,31951
24539,31951
4679,31951
24450,31951
9458,31951
22582,31951
14700,31951
23300,31952
17030,31952
19188,31952
2840,31952
13210,31952
11126,31952
11807,31952
20208,31952
20876,31952
6488,31952
17601,31953
3889,31954
22197,31954
11355,31954
11149,31954
7851,31954
5290,31954
7088,31954
24176,31954
3903,31954
24773,31954
6676,31955
12348,31955
11773,31955
24174,31955
22744,31955
5132,31955
2094,31955
16721,31955
16019,31955
11652,31955
17601,31956
19913,31957
7565,31957
7684,31957
1616,31957
6901,31957
5586,31957
23428,31957
8621,31957
12931,31957
20268,31957
18025,31958
5632,31958
24569,31958
15690,31958
1423,31958
729,31958
9175,31958
2206,31958
7333,31958
17269,31958
24471,31958
19118,31958
1260,31958
22667,31958
3706,31958
6946,31958
12968,31958
8856,31959
8123,31959
5874,31959
7297,31959
6423,31959
7290,31959
7860,31959
19284,31959
4194,31959
5169,31959
21058,31960
4532,31960
16218,31960
9567,31960
7586,31960
10287,31961
7951,31961
4408,31961
1292,31961
20411,31961
21449,31961
18859,31961
20691,31961
15881,31961
1371,31961
17601,31962
7058,31963
5274,31963
5304,31963
6648,31963
11217,31963
22785,31963
16518,31963
16864,31963
13985,31963
21397,31963
22730,31963
18611,31963
1979,31963
23544,31963
1024,31963
17601,31964
17601,31965
17972,31966
4537,31966
17601,31967
17601,31968
5602,31969
5581,31969
19756,31969
18166,31969
11388,31969
16295,31969
10412,31969
14738,31969
9163,31969
17062,31969
17601,31970
17601,31971
4850,31972
14999,31972
14851,31972
18451,31973
937,31973
705,31973
391,31973
6881,31973
18652,31973
10018,31973
8106,31973
23168,31973
11571,31973
20873,31973
4066,31974
1369,31974
15277,31974
6267,31974
6131,31974
23267,31974
6296,31974
19974,31974
16522,31974
11175,31974
11075,31974
17601,31975
21425,31976
16367,31976
16068,31976
15715,31976
15714,31976
16296,31976
19331,31976
17718,31976
7644,31976
2087,31976
1636,31976
5578,31976
1267,31976
23821,31976
569,31976
1442,31976
566,31976
15670,31977
16930,31977
14877,31977
7347,31977
18048,31977
18905,31977
7509,31977
12677,31977
19632,31977
8137,31977
3668,31978
13874,31978
6415,31978
17601,31979
17601,31980
11569,31981
20668,31981
13770,31982
10181,31982
13182,31982
5518,31982
5468,31982
3651,31982
10401,31982
17925,31982
22863,31982
16713,31982
21626,31982
17092,31982
658,31982
24106,31983
847,31983
15142,31983
8163,31984
17397,31984
18244,31984
23000,31984
3481,31984
6094,31984
16528,31984
7580,31984
1820,31984
24632,31984
21970,31985
3150,31985
21688,31985
4565,31985
18236,31985
5210,31985
21747,31985
17192,31985
12822,31985
4685,31985
24615,31985
420,31985
22599,31985
2205,31986
15911,31986
18344,31986
18275,31986
23178,31986
13274,31986
18214,31986
18489,31986
17649,31986
1310,31986
17601,31987
13135,31988
24464,31988
13985,31988
8733,31988
9526,31988
6234,31988
13768,31988
14269,31988
18120,31988
4305,31988
3188,31988
1917,31988
4607,31989
4936,31989
17707,31989
18977,31989
23118,31989
11911,31989
5327,31989
17998,31989
7052,31989
11058,31989
10911,31989
24730,31989
17601,31990
17601,31991
15336,31992
22781,31992
13653,31992
6826,31992
9630,31992
13884,31992
22443,31992
8703,31992
24472,31992
22623,31992
11440,31993
24168,31993
23456,31993
17601,31994
19689,31995
22651,31995
2001,31995
22998,31995
23139,31995
16612,31995
11513,31995
8078,31995
23304,31995
5959,31995
7205,31995
7805,31995
8003,31995
20315,31995
17601,31996
17601,31997
4045,31998
12235,31998
6610,31998
4936,31998
8678,31998
11976,31998
11094,31998
24013,31998
22839,31998
16849,31998
5546,31999
20180,31999
16993,31999
17601,32000
17601,32001
17601,32002
17601,32003
10161,32004
2638,32004
5897,32004
4420,32004
17601,32005
17601,32006
23670,32007
6167,32007
13395,32007
23670,32008
3091,32008
14805,32008
15128,32009
23670,32009
2941,32009
7546,32010
23670,32010
23277,32010
6120,32010
17601,32011
17601,32012
17601,32013
17601,32014
19967,32015
4212,32015
17601,32016
11699,32017
24736,32017
22902,32018
1536,32018
5782,32018
20911,32018
6700,32018
7044,32018
20218,32018
4306,32018
12618,32018
12737,32018
10958,32018
12392,32018
14357,32018
16991,32018
9692,32018
9127,32018
17286,32018
2941,32019
10457,32019
20729,32019
6430,32020
19634,32020
17462,32020
19508,32020
24452,32020
19746,32020
16924,32020
17575,32020
9835,32020
7726,32020
9404,32020
9782,32020
17461,32020
14503,32020
24566,32020
17601,32021
4537,32022
23403,32022
13234,32022
6148,32023
5227,32023
4658,32023
11869,32024
10805,32024
10789,32024
17601,32025
17601,32026
20413,32027
8840,32027
9712,32027
19634,32027
8308,32027
23032,32027
5849,32027
3457,32027
120,32027
5641,32027
4995,32027
18880,32028
19933,32028
14617,32028
4859,32028
18051,32028
18482,32028
17826,32028
14626,32028
1338,32028
9903,32028
9229,32028
2828,32028
783,32028
22751,32029
22265,32029
22671,32029
16092,32029
17607,32029
1530,32029
17651,32029
11286,32029
12595,32029
9097,32029
9423,32029
24470,32029
18265,32030
16455,32030
10478,32030
6932,32030
1106,32030
17601,32031
12833,32032
12916,32032
13385,32032
11651,32032
15649,32032
16218,32032
15826,32032
3166,32032
3313,32032
3863,32032
9103,32032
16418,32032
20561,32032
23212,32032
16640,32032
17601,32033
24641,32034
24589,32034
348,32034
24553,32034
20068,32034
9409,32034
15389,32034
17292,32034
17289,32034
17255,32034
17601,32035
17601,32036
17415,32037
17601,32038
17601,32039
8564,32040
14202,32040
13233,32040
18349,32040
18117,32040
8984,32040
2625,32040
9224,32040
11542,32040
7514,32040
14722,32041
23019,32041
8441,32041
17757,32041
18396,32041
21701,32041
1745,32041
16407,32041
3462,32041
7531,32041
9843,32041
18476,32042
15968,32042
14467,32042
13765,32042
1558,32042
3709,32042
3981,32042
17060,32042
10822,32042
17601,32043
20589,32044
20759,32044
14846,32044
21695,32044
9383,32044
13000,32044
24647,32044
7334,32044
11328,32044
8128,32044
9020,32044
11416,32044
13313,32044
2645,32045
12552,32045
5942,32045
4898,32045
7172,32045
11567,32045
7200,32045
17793,32045
19324,32045
6288,32045
1519,32045
16599,32045
14554,32045
6551,32046
7044,32046
23357,32046
22215,32046
9508,32046
11472,32046
4687,32046
2600,32046
15323,32046
2552,32046
17601,32047
10654,32048
19775,32048
3669,32048
3197,32048
1592,32048
15933,32048
16987,32048
16903,32048
12740,32048
11406,32049
13414,32049
16140,32049
18781,32049
23452,32049
24433,32049
17005,32049
230,32049
3318,32049
4456,32049
5636,32049
17601,32050
15151,32051
17601,32052
17601,32053
17601,32054
5250,32055
18140,32055
13389,32055
15794,32055
3834,32055
4722,32055
1451,32055
22369,32055
20958,32055
22342,32055
17490,32056
19039,32057
4227,32057
17601,32058
9518,32059
12202,32059
4524,32059
4775,32059
6518,32059
5416,32059
7751,32059
11662,32059
8467,32059
9131,32059
15818,32059
16465,32059
17601,32060
17601,32061
17601,32062
22399,32063
20626,32063
11026,32063
14622,32063
630,32063
17601,32064
17601,32065
3838,32066
7280,32066
8839,32066
2666,32066
17539,32066
18765,32066
21731,32066
11462,32066
2699,32066
1720,32066
17601,32067
23129,32068
12358,32068
11142,32068
5408,32068
4986,32068
321,32068
7018,32068
10846,32068
5458,32068
17601,32069
17601,32070
24253,32071
23403,32071
23403,32072
24253,32072
12173,32072
1466,32073
1560,32073
1270,32073
4382,32073
22260,32073
22945,32073
19001,32073
17662,32073
19727,32073
19533,32073
7273,32073
14449,32073
13161,32073
11151,32073
13801,32073
13983,32073
5960,32073
14136,32073
17601,32074
2693,32075
8855,32075
6268,32075
5160,32076
8926,32076
23969,32076
16139,32077
14999,32077
23969,32077
17601,32078
17601,32079
23494,32080
13642,32081
10993,32081
19087,32081
17601,32082
4897,32083
14427,32083
10453,32083
17601,32084
17601,32085
17601,32086
14098,32087
12929,32087
13031,32087
4694,32087
17547,32087
6236,32087
7830,32087
20749,32087
683,32087
18373,32087
14927,32087
11120,32087
14455,32087
15543,32087
22155,32087
8600,32087
10712,32087
17601,32088
18283,32089
22436,32089
10957,32089
2282,32089
2563,32089
20134,32089
17935,32089
13308,32089
18778,32089
19429,32089
18868,32089
23106,32089
1673,32090
14696,32090
10055,32090
9834,32090
9318,32090
14885,32090
12454,32090
1278,32090
1946,32090
23952,32090
24249,32090
8873,32090
24294,32090
7899,32090
7089,32090
2927,32090
5200,32090
712,32091
3634,32091
24,32091
15048,32091
15060,32091
13182,32091
10254,32091
10311,32091
6700,32091
15394,32091
17988,32091
22624,32091
24360,32091
5603,32091
8778,32091
18786,32091
6143,32091
10233,32091
17601,32092
2232,32093
152,32093
1644,32093
24658,32093
17727,32094
18141,32094
19056,32094
19340,32094
19663,32094
20453,32094
5773,32094
15857,32094
14119,32094
14102,32094
9659,32094
11203,32094
11778,32094
13203,32094
749,32094
3743,32094
4046,32094
17287,32095
17601,32096
17601,32097
6994,32098
13473,32098
4832,32098
6594,32098
15766,32098
7445,32098
7971,32098
22940,32098
987,32098
1754,32098
17791,32099
18715,32099
13824,32099
8356,32100
11682,32100
10174,32100
5092,32100
17279,32100
23866,32100
5388,32100
16879,32100
22184,32100
19733,32100
17333,32100
13888,32100
13802,32100
16092,32100
7405,32100
9171,32100
7446,32100
11561,32100
1189,32101
12369,32101
24211,32101
17258,32102
22835,32103
5473,32104
5281,32104
19903,32104
21370,32104
16191,32104
9878,32104
8581,32104
18486,32104
24225,32104
24049,32104
23040,32104
8218,32104
2451,32104
5106,32104
393,32104
1810,32104
24617,32105
1717,32105
7273,32106
5940,32106
9505,32106
22221,32106
4301,32106
1152,32106
24783,32106
24665,32106
16196,32106
23201,32106
23302,32107
17601,32108
17601,32109
17601,32110
17601,32111
8278,32112
17302,32112
21665,32112
5844,32112
5703,32112
12543,32112
17601,32113
9536,32114
11306,32114
13611,32114
17278,32114
17549,32114
6379,32114
822,32114
20096,32114
1581,32114
81,32114
396,32114
1020,32114
22419,32114
17601,32115
16453,32116
18432,32116
18051,32116
8411,32116
13949,32116
12135,32116
1545,32116
1718,32116
24698,32116
14794,32116
15693,32116
20948,32116
20247,32116
19489,32116
2919,32116
21391,32116
17601,32117
17601,32118
20297,32119
11938,32119
3107,32119
13503,32120
1022,32120
22624,32120
17601,32121
6511,32122
11699,32122
13273,32122
10993,32122
10928,32122
3720,32122
13274,32122
18810,32122
17122,32122
19563,32122
24317,32122
20270,32122
23144,32122
11280,32122
543,32122
11001,32122
20900,32123
22069,32123
17273,32123
24117,32124
6857,32124
24365,32124
3074,32124
2397,32124
21237,32125
23452,32125
22611,32125
20433,32125
17165,32125
16426,32125
6296,32125
15,32125
10559,32125
9414,32125
11402,32125
12191,32125
17917,32125
17626,32125
16725,32126
18069,32126
12258,32126
13274,32126
8639,32126
19,32126
1499,32126
3691,32126
3912,32126
9978,32126
20961,32126
4077,32126
17601,32127
17601,32128
17601,32129
17601,32130
9518,32131
15824,32131
3701,32131
4914,32131
8032,32131
9350,32131
18768,32131
19788,32131
20243,32131
11298,32131
20450,32131
22235,32131
1405,32131
24555,32131
3617,32131
14263,32131
11592,32131
17601,32132
16372,32133
2244,32133
4211,32133
2530,32133
21375,32133
18473,32133
10034,32133
8951,32133
6422,32133
5217,32133
624,32134
1040,32134
1848,32134
12190,32134
15782,32134
13961,32134
8027,32134
9964,32134
6450,32134
10208,32134
17567,32134
16339,32134
22240,32134
20529,32134
6390,32134
5030,32134
11339,32134
18563,32135
13515,32135
18582,32135
19713,32135
22360,32135
813,32135
14448,32135
10579,32135
12110,32135
12954,32135
4327,32135
17601,32136
7529,32137
14371,32137
7871,32137
16784,32137
8848,32137
12207,32137
24262,32137
5250,32137
4265,32137
6798,32137
525,32137
3448,32137
3021,32137
10198,32138
3327,32138
21602,32138
19723,32138
24262,32139
24741,32140
17601,32141
1488,32142
3938,32142
2652,32142
20372,32142
19128,32142
4472,32142
17650,32142
23329,32142
6712,32142
10055,32142
8106,32142
16266,32142
9969,32143
8944,32143
9656,32143
13423,32143
18027,32143
20788,32143
18778,32143
12167,32143
14124,32143
7191,32143
15495,32143
4761,32143
1002,32143
22569,32143
1586,32143
17601,32144
24262,32145
20562,32145
12148,32146
11708,32146
23806,32146
19138,32146
16921,32146
10399,32146
7788,32146
2513,32146
4024,32146
13791,32146
15944,32146
13338,32146
12489,32146
222,32147
20565,32147
20387,32147
12283,32147
18709,32147
19280,32147
9835,32147
1554,32147
2556,32147
8862,32147
11322,32148
17775,32148
7931,32148
4761,32148
1154,32148
780,32148
17601,32149
18627,32150
15600,32150
18323,32150
24322,32150
24130,32150
19657,32150
2772,32150
14169,32150
9928,32150
2814,32150
11957,32151
6977,32151
6630,32151
5814,32151
3703,32151
10666,32151
10635,32151
8473,32151
8263,32151
13386,32151
14981,32151
16035,32151
20129,32151
13274,32151
14058,32152
17649,32152
12670,32152
7338,32153
15681,32153
5386,32153
8347,32154
199,32154
229,32154
5558,32154
5940,32154
15013,32154
15048,32154
24849,32154
21698,32154
9559,32154
10081,32154
10977,32154
11751,32154
22423,32154
22899,32154
13335,32155
14975,32155
7080,32155
11866,32155
12376,32155
12187,32155
24469,32155
2101,32155
5676,32155
5221,32155
18429,32155
18598,32155
19009,32155
24262,32155
16867,32155
16016,32155
16991,32155
3167,32156
2630,32156
2761,32156
2942,32156
3137,32156
7352,32156
9262,32156
12577,32156
1535,32156
15206,32156
14373,32156
4008,32156
12977,32156
19574,32156
18672,32156
16120,32156
16039,32156
6246,32156
17601,32157
7537,32158
723,32158
21470,32158
5399,32158
3849,32158
7893,32158
20544,32158
14042,32158
10567,32158
8551,32158
18135,32158
14699,32158
14395,32158
18240,32158
18891,32158
20243,32158
12670,32158
17601,32159
17601,32160
12533,32161
5558,32161
5372,32161
17601,32162
10198,32163
13380,32163
11046,32163
17601,32164
19085,32165
13714,32165
21658,32165
23177,32165
19782,32165
20731,32165
11668,32165
13745,32165
14965,32165
24211,32165
503,32165
11479,32165
9446,32165
8592,32165
7117,32165
17601,32166
19417,32167
16139,32167
14838,32167
5161,32167
6337,32167
23620,32168
15628,32168
8606,32168
9562,32168
8708,32168
16578,32168
14480,32168
6328,32168
8605,32168
2738,32168
4593,32169
14939,32169
13654,32169
12631,32169
12637,32169
5362,32169
7766,32169
4921,32169
4827,32169
11884,32169
10151,32170
6706,32170
15473,32170
1458,32170
8443,32170
2745,32170
4769,32170
10821,32170
19626,32170
23017,32170
16931,32170
17601,32171
17601,32172
17601,32173
22766,32174
23739,32174
22806,32174
3376,32174
13753,32174
2118,32174
1332,32174
133,32174
7172,32174
16845,32174
14473,32174
24783,32174
3276,32174
21751,32174
16963,32174
11043,32175
10964,32175
9829,32175
23723,32175
14621,32175
14009,32175
18168,32175
17435,32175
23066,32175
18959,32175
15936,32175
17601,32176
17601,32177
17601,32178
17601,32179
17601,32180
7353,32181
6603,32181
23069,32181
10491,32181
17601,32182
3637,32183
525,32183
98,32183
17601,32184
12891,32185
8770,32185
10185,32185
13229,32185
13294,32185
14039,32185
13742,32185
828,32185
4311,32185
6201,32185
5636,32185
288,32185
18134,32185
18037,32185
18211,32185
14606,32185
16984,32185
17225,32185
17601,32186
17601,32187
9938,32188
1456,32188
2913,32188
326,32188
1270,32188
8706,32188
3460,32188
15936,32188
10123,32188
17601,32189
17601,32190
17601,32191
17601,32192
17601,32193
22284,32194
1338,32194
9960,32194
1592,32194
20973,32194
15716,32194
10438,32194
18479,32194
18583,32194
14797,32194
11762,32194
24782,32195
14585,32195
14085,32195
22016,32195
11900,32195
1308,32195
10433,32195
20924,32195
15187,32195
7597,32195
11157,32195
1414,32195
11021,32195
15278,32196
19568,32196
7273,32196
23144,32197
712,32197
23201,32197
23739,32197
5828,32197
1369,32197
13753,32197
14521,32197
9970,32197
10911,32197
7001,32198
11112,32198
22226,32198
2177,32198
5668,32198
21003,32198
18004,32198
15544,32198
13930,32198
13537,32198
2444,32198
2121,32198
2821,32198
17601,32199
17601,32200
7016,32201
584,32201
11633,32201
8707,32201
10176,32201
10368,32201
14186,32201
18535,32201
14373,32201
23706,32201
9407,32201
4128,32201
8106,32201
5145,32201
17601,32202
20518,32203
24658,32203
14660,32203
21456,32203
17601,32204
17601,32205
17601,32206
6375,32207
5679,32207
16729,32207
17011,32208
2220,32208
24593,32208
9209,32208
18235,32208
23495,32208
24585,32208
14710,32209
2004,32209
16332,32209
4599,32209
4354,32209
2124,32209
2208,32209
3650,32209
5069,32209
13858,32209
11564,32209
15315,32209
24194,32210
532,32210
312,32210
15037,32210
15174,32210
15330,32210
18372,32210
13788,32210
12947,32210
10592,32210
1444,32210
18412,32211
15862,32211
3559,32211
9703,32211
23714,32211
18922,32211
21202,32211
21361,32211
23354,32211
24498,32211
17593,32212
1252,32212
17376,32212
7816,32212
6924,32212
6296,32212
24713,32212
20272,32212
18712,32212
5587,32212
16242,32213
19840,32213
19337,32213
17945,32213
13911,32213
15039,32213
11217,32213
7654,32213
5900,32213
1058,32213
5531,32213
5049,32213
7574,32213
7107,32213
507,32213
12514,32214
18051,32214
11194,32214
17601,32215
17601,32216
17601,32217
17668,32218
21204,32218
22797,32218
6009,32218
5140,32218
14892,32218
14167,32218
14128,32218
12563,32218
12301,32218
6428,32218
6102,32219
15169,32219
10780,32219
13908,32219
78,32219
22326,32219
19650,32219
24822,32219
9859,32219
2407,32219
10584,32220
2152,32220
12092,32220
6017,32220
3467,32220
14982,32220
796,32220
15883,32220
712,32220
22571,32220
20215,32220
19713,32220
17629,32220
16457,32220
15756,32221
13689,32221
24075,32221
17601,32222
20471,32223
13968,32223
18805,32223
19116,32223
5918,32223
3938,32223
16055,32223
15832,32223
3119,32223
23423,32223
24260,32223
4829,32223
19970,32223
20409,32223
9450,32223
23144,32223
20433,32223
2554,32224
14918,32224
16307,32224
22732,32224
17034,32224
19942,32224
18546,32224
163,32224
13428,32224
7379,32224
17601,32225
17198,32226
24054,32226
14249,32226
13175,32226
10947,32226
14430,32226
13587,32226
19299,32226
21520,32226
24513,32226
9446,32227
14651,32227
20297,32227
8313,32228
19906,32228
23407,32229
23538,32229
11088,32229
8788,32229
8220,32230
10203,32230
15014,32230
15496,32230
17544,32230
18678,32230
807,32230
1869,32230
24710,32231
9264,32231
1120,32231
17806,32231
20811,32231
904,32231
22969,32232
20819,32232
22729,32232
19259,32232
4229,32232
13921,32232
18262,32232
12811,32232
18588,32232
9639,32233
22770,32233
4891,32234
16961,32234
7171,32235
6932,32235
8551,32235
9512,32235
15059,32235
15164,32235
24238,32235
553,32235
4482,32235
20228,32235
21023,32236
12086,32236
1292,32236
8416,32236
10212,32236
8011,32236
12568,32236
7484,32236
648,32236
594,32236
18355,32236
17601,32237
6441,32238
16174,32238
18217,32238
13525,32238
12434,32238
19682,32238
2662,32238
11911,32238
5787,32238
3210,32238
6940,32239
19582,32239
19568,32239
19522,32239
20478,32239
4577,32239
5386,32239
5744,32239
15146,32239
10928,32239
17650,32239
14018,32239
12273,32239
2645,32239
1221,32239
2895,32239
17892,32240
13735,32240
570,32240
1941,32240
2894,32240
9971,32240
16769,32240
18621,32240
172,32240
3079,32240
7413,32240
9524,32240
16450,32240
8227,32240
4634,32240
3004,32240
4914,32240
4956,32240
17601,32241
6474,32242
17983,32242
9522,32242
19009,32243
22497,32243
23696,32244
24859,32244
7123,32244
18453,32245
18677,32245
14628,32245
14145,32245
8855,32245
18047,32245
23985,32245
18267,32245
12572,32245
4464,32245
21782,32245
1776,32246
15089,32246
5002,32246
12514,32246
14449,32246
16964,32246
17751,32246
21239,32246
17601,32247
21965,32248
1531,32248
1944,32248
21765,32248
17154,32248
15320,32248
17601,32249
17601,32250
2750,32251
4314,32251
23112,32251
18797,32251
1685,32251
1091,32251
9512,32251
10373,32251
11461,32251
7052,32251
3436,32251
3958,32251
17998,32251
14612,32251
11911,32251
2097,32251
21691,32251
17601,32252
17205,32253
24745,32253
9520,32253
17601,32254
17601,32255
6167,32256
10280,32256
17601,32257
2092,32258
16435,32258
19715,32258
12943,32258
6313,32258
11275,32258
22617,32258
12702,32258
9982,32258
9274,32258
17601,32259
10443,32260
21681,32260
22095,32260
24262,32260
4196,32260
22148,32260
23715,32260
16618,32260
4513,32260
22148,32261
24262,32261
23715,32261
10443,32261
21681,32261
4196,32261
4956,32261
17601,32262
17601,32263
3508,32264
5490,32265
5227,32265
8350,32265
6063,32265
1701,32265
13023,32265
8955,32265
13095,32265
16174,32265
13870,32265
17193,32265
9289,32265
2327,32265
18422,32265
10198,32265
3296,32265
3938,32265
8826,32265
17601,32266
17407,32267
21544,32267
10082,32267
10229,32267
10510,32267
202,32267
6370,32267
6691,32267
7086,32267
661,32267
15955,32267
16546,32267
10617,32267
17601,32268
113,32269
2358,32269
18550,32269
17601,32270
24138,32271
10276,32271
17601,32272
7487,32273
2381,32273
8500,32273
45,32274
677,32274
7129,32274
60,32274
8220,32274
18128,32274
23079,32274
6974,32274
13298,32274
20612,32274
23878,32274
23144,32275
13363,32275
21270,32275
16377,32275
8321,32275
3100,32275
20002,32275
22217,32275
23507,32275
17601,32276
9545,32277
11285,32277
17187,32277
3816,32278
3660,32278
2666,32278
13680,32278
4163,32278
22412,32278
23983,32278
15674,32278
4289,32278
4727,32278
9129,32278
24815,32279
24797,32279
726,32279
24846,32279
7476,32279
12707,32279
20762,32279
9899,32279
22727,32279
8929,32279
17601,32280
4402,32281
13064,32281
20927,32281
20657,32281
12670,32281
22156,32281
20439,32281
10055,32281
8305,32281
8208,32281
11813,32281
7983,32281
5964,32281
7770,32281
2027,32281
3561,32281
1511,32281
16719,32281
8946,32282
22453,32282
10179,32282
12897,32282
13685,32282
17185,32282
21404,32282
24563,32282
10178,32282
21405,32282
6584,32283
2847,32284
12505,32284
14703,32284
737,32284
1624,32284
7625,32284
11042,32284
11217,32284
17494,32284
17558,32284
15896,32284
19647,32284
2424,32284
12421,32284
9117,32285
9803,32285
12189,32285
3107,32286
2863,32286
24729,32286
17407,32286
20114,32286
21698,32286
20737,32286
22929,32286
10034,32286
9228,32286
6712,32286
3337,32286
16174,32286
14410,32286
22614,32286
22117,32286
12173,32286
12476,32286
12834,32286
14376,32286
17601,32287
7525,32288
10378,32288
7140,32288
434,32288
5227,32288
6579,32288
5285,32288
5259,32288
3107,32288
2287,32288
2254,32288
13824,32288
3436,32288
4829,32288
3525,32288
12429,32288
10408,32288
9112,32288
4102,32289
9328,32289
23064,32290
11210,32290
16308,32290
17509,32290
10667,32290
7710,32290
11730,32290
12788,32290
3448,32290
7207,32290
13163,32291
2342,32291
22673,32291
9417,32291
9176,32291
20831,32291
22665,32291
15388,32291
15429,32291
24620,32291
1701,32292
11359,32292
18715,32292
17601,32293
17601,32294
17601,32295
16177,32296
14697,32296
4072,32297
7535,32297
1964,32297
15096,32297
17601,32298
17601,32299
17601,32300
8082,32301
11033,32301
20381,32301
4910,32301
17563,32301
2496,32301
6104,32301
5270,32301
14088,32301
23758,32301
22822,32302
10988,32302
12173,32302
8384,32302
10867,32302
10294,32302
10239,32302
1292,32302
668,32302
2600,32302
14212,32302
14785,32302
15080,32302
17161,32302
21270,32302
22964,32302
17696,32302
8789,32303
22694,32303
20145,32303
20287,32303
5382,32303
9827,32303
11515,32303
12205,32303
13911,32303
17688,32303
15412,32304
9377,32304
4417,32305
11816,32305
12448,32305
23328,32305
8425,32305
840,32305
14291,32305
8822,32305
13842,32305
16497,32305
18344,32305
23514,32305
2175,32306
15965,32306
6041,32306
1865,32307
16648,32307
16662,32307
2605,32307
17991,32307
17537,32307
14631,32307
11503,32307
8981,32307
8812,32307
8777,32307
19403,32307
18559,32307
18357,32307
19150,32307
23480,32307
14346,32308
16256,32308
21095,32308
13310,32308
17601,32309
23842,32310
19138,32310
9833,32310
9742,32311
1280,32311
9092,32311
17601,32312
17601,32313
17601,32314
17601,32315
6338,32316
6032,32316
6424,32316
20870,32316
10550,32316
24556,32316
8498,32316
18430,32317
5575,32317
1219,32317
2796,32317
6562,32317
17601,32318
17601,32319
17601,32320
17601,32321
17601,32322
9820,32323
10236,32323
19776,32323
24019,32323
2372,32323
8912,32323
10623,32323
10684,32323
4265,32323
11784,32323
5230,32323
347,32323
3898,32323
15684,32323
6151,32323
16835,32323
11118,32323
22545,32324
9174,32324
12741,32324
16099,32324
7246,32325
6739,32325
6294,32325
12587,32325
23888,32325
12856,32325
16085,32325
15654,32325
22992,32325
18727,32325
2257,32325
2022,32325
12400,32326
10511,32326
1834,32326
19249,32326
2243,32326
3436,32326
9207,32326
20235,32326
16286,32326
16796,32326
14212,32326
13876,32326
9565,32326
20654,32327
19182,32327
24426,32327
15601,32327
17681,32327
6883,32327
3773,32327
23101,32328
15156,32328
15157,32328
24747,32328
15357,32328
6002,32329
11893,32329
6716,32329
22106,32329
24415,32329
24118,32329
21894,32329
24750,32329
23457,32329
22750,32329
17601,32330
1277,32331
23483,32331
23415,32331
2934,32331
23245,32331
21901,32331
22148,32331
8254,32331
19399,32331
11926,32331
5368,32331
18051,32332
9212,32332
50,32333
494,32333
2891,32333
3604,32333
6609,32333
2582,32333
7899,32333
10459,32333
10317,32333
12034,32333
16219,32333
19751,32333
18815,32333
22345,32333
23441,32333
22215,32333
4415,32333
20918,32333
17601,32334
2630,32335
1001,32335
14856,32335
22223,32335
20825,32335
12770,32335
7178,32335
10723,32335
16,32335
6742,32335
17601,32336
3030,32337
16783,32337
5291,32337
1810,32337
11624,32337
9331,32337
7324,32337
7170,32337
7077,32337
23834,32337
13769,32337
3384,32338
15538,32338
11682,32338
12257,32338
13294,32338
13589,32338
9771,32338
3499,32338
8785,32338
8650,32338
7007,32338
6743,32338
4979,32338
3977,32338
19235,32338
10422,32338
21017,32338
20674,32338
7580,32339
7176,32339
8285,32339
9063,32339
4003,32339
7558,32339
5150,32339
16497,32339
23247,32339
18972,32339
22262,32339
22563,32339
11734,32339
1631,32339
4012,32339
1019,32339
12213,32339
14031,32340
7365,32340
3980,32340
16139,32340
15667,32340
18676,32340
17537,32340
15466,32340
15363,32340
1561,32340
15098,32340
17601,32341
9145,32342
2924,32342
21707,32342
19690,32342
16168,32342
4570,32342
9050,32342
24531,32342
10944,32342
14901,32342
6097,32342
484,32342
725,32342
15789,32342
15570,32342
22245,32342
24271,32342
21777,32342
12732,32342
17601,32343
4280,32344
24355,32344
16488,32344
19009,32345
18269,32345
12569,32345
14337,32345
5173,32345
7583,32345
4002,32345
12593,32345
333,32345
2186,32345
1873,32345
2185,32345
20501,32345
22521,32345
19711,32345
804,32346
10545,32346
17618,32346
13288,32346
11820,32346
1679,32346
7206,32346
19896,32346
18748,32346
842,32346
10214,32347
11157,32347
5996,32347
908,32347
4216,32347
9965,32347
12606,32347
13947,32347
12672,32347
20748,32347
17356,32347
12618,32347
24373,32347
11395,32348
9505,32348
20471,32348
14399,32348
8263,32348
1973,32349
9919,32349
21433,32349
9775,32350
8415,32350
4480,32350
10257,32350
19218,32350
19109,32350
10782,32350
24597,32350
19588,32350
23039,32350
23947,32350
17601,32351
17601,32352
17601,32353
235,32354
9750,32354
394,32354
5480,32354
12569,32354
12284,32354
19009,32354
17151,32354
9884,32354
20557,32354
8296,32355
14444,32355
9130,32355
17342,32356
13089,32356
16632,32356
4904,32357
20379,32357
5318,32357
7168,32357
13865,32357
11302,32357
8875,32357
9321,32357
23345,32357
24200,32357
24353,32358
12817,32358
12815,32358
12608,32358
12607,32358
11284,32358
21934,32358
10182,32358
18622,32358
1347,32358
9554,32358
17501,32358
21400,32358
21403,32358
11050,32358
11048,32358
14232,32358
9546,32358
9542,32358
17601,32359
17601,32360
8928,32361
4853,32361
12729,32361
17601,32362
17601,32363
17601,32364
21453,32365
15167,32365
24325,32365
2951,32366
11922,32366
20705,32366
12493,32366
5860,32367
1701,32367
18786,32367
13388,32368
12685,32368
20668,32368
8338,32368
7519,32368
22950,32368
6516,32368
1300,32368
1849,32368
723,32368
2821,32368
6176,32368
2162,32368
17601,32369
19548,32370
12922,32370
19488,32370
18805,32370
18259,32370
17601,32371
17601,32372
17601,32373
281,32374
19077,32374
17148,32374
8351,32374
7166,32374
11023,32374
2523,32374
2716,32374
4262,32374
6700,32374
7146,32374
16441,32374
23282,32374
17601,32375
24147,32376
21766,32376
18737,32376
3982,32376
5501,32376
15186,32376
6632,32376
16412,32376
3346,32376
15385,32376
17601,32377
17601,32378
17601,32379
17601,32380
17601,32381
17601,32382
20771,32383
5668,32383
5078,32383
13392,32383
514,32384
18603,32384
12350,32384
17601,32385
17601,32386
17601,32387
17601,32388
3562,32389
16602,32389
16822,32389
23692,32389
11801,32389
1742,32389
7440,32389
6723,32389
10882,32389
11658,32389
10995,32389
11722,32389
19939,32389
12357,32389
18998,32389
14749,32390
13455,32390
22288,32390
7465,32391
24774,32391
1319,32391
4658,32391
17387,32391
15952,32391
18699,32391
24149,32391
24662,32391
20261,32391
132,32391
15637,32392
8044,32392
3652,32392
15417,32392
4003,32392
17049,32392
3450,32392
1218,32392
17601,32393
19713,32394
5819,32394
2329,32394
3346,32394
5327,32394
16974,32394
19733,32394
8053,32394
10687,32394
8575,32394
13874,32395
7698,32395
18664,32395
17601,32396
10971,32397
13793,32397
6411,32397
18460,32398
15125,32398
11100,32398
10654,32398
10316,32399
4907,32399
2728,32399
6038,32399
5221,32399
6395,32399
6988,32399
7751,32399
7259,32399
15567,32399
11306,32399
23828,32399
20905,32399
23319,32399
21751,32399
20518,32399
16196,32399
22900,32399
18333,32400
24196,32400
18519,32400
3492,32400
29,32400
20235,32400
9870,32400
12908,32400
15520,32400
2256,32401
8857,32401
18080,32401
22093,32402
13740,32402
140,32402
16245,32402
784,32402
20206,32402
18195,32402
23203,32402
20015,32402
16260,32402
17601,32403
5205,32404
5750,32404
21340,32404
24282,32404
6689,32404
10625,32404
12469,32404
13949,32404
10650,32404
11861,32404
17601,32405
18168,32406
18169,32406
23614,32406
20446,32406
23736,32406
9694,32406
7784,32406
16801,32406
5638,32407
13418,32407
14649,32407
1544,32407
10373,32407
6293,32407
19870,32407
15022,32407
10188,32407
11155,32407
17601,32408
23806,32409
2627,32409
6390,32409
7052,32409
23814,32409
9676,32409
11370,32409
17352,32409
21141,32409
21681,32409
13911,32410
5231,32410
15595,32410
15702,32410
24175,32410
18425,32410
16624,32410
4585,32410
17601,32411
17601,32412
23328,32413
22109,32413
18149,32413
11899,32413
19923,32413
20766,32413
6491,32413
9508,32413
415,32413
11776,32413
17601,32414
890,32415
5958,32415
7759,32415
20309,32415
15718,32415
16125,32415
8539,32415
20266,32415
591,32415
15614,32415
19952,32416
11130,32416
6950,32416
14917,32417
3805,32417
7962,32417
16293,32417
18683,32417
24056,32417
4709,32417
1936,32417
811,32417
4710,32417
2848,32418
19208,32418
17985,32418
17601,32419
19513,32420
23961,32420
4885,32420
17601,32421
9289,32422
15857,32422
11194,32423
6143,32423
8476,32423
17601,32424
23774,32425
12863,32426
5321,32426
11339,32426
1915,32426
1683,32426
13628,32426
14623,32426
13220,32426
13228,32426
11495,32426
9591,32426
6344,32426
4706,32426
5443,32426
178,32426
13316,32426
8160,32426
2591,32426
17601,32427
17601,32428
17601,32429
3792,32430
3529,32430
1810,32430
159,32430
15868,32430
15495,32430
14198,32430
17196,32430
22960,32430
22396,32430
2998,32430
3086,32430
4486,32430
8011,32430
19792,32430
21519,32430
4816,32431
24838,32431
19693,32431
22904,32431
16149,32431
15041,32431
23858,32432
13058,32433
8452,32433
4374,32433
19897,32433
18490,32433
19382,32433
10092,32433
9902,32433
12834,32433
12060,32433
12169,32433
13309,32433
2728,32433
2848,32433
9660,32433
2710,32433
540,32433
12625,32433
12734,32433
17601,32434
21808,32435
13032,32435
11871,32435
7763,32435
9724,32435
12495,32435
1259,32435
1797,32435
5812,32435
12181,32435
15254,32435
16196,32435
20223,32435
23805,32435
20598,32435
14894,32435
17906,32435
17601,32436
17601,32437
13835,32438
10070,32438
15274,32438
24583,32438
3362,32438
2867,32438
4147,32438
9108,32438
9403,32438
4281,32438
13399,32439
13835,32439
11680,32439
2867,32439
15274,32439
2606,32439
4147,32439
24583,32439
10070,32439
4279,32439
17601,32440
1263,32441
17040,32441
13794,32441
12572,32441
11061,32441
21439,32441
18105,32441
18530,32441
564,32441
23860,32441
20914,32442
13330,32442
21224,32442
20533,32442
13843,32442
17601,32443
19135,32444
8664,32444
11323,32444
14001,32444
13004,32444
2952,32444
2856,32444
7599,32444
5680,32444
20148,32444
1084,32444
234,32445
17014,32445
18307,32445
23765,32445
2020,32445
5162,32445
4465,32445
8903,32445
15097,32445
4860,32445
11085,32446
10993,32446
8916,32446
24,32446
9078,32447
9489,32447
21312,32447
19624,32447
23636,32447
19445,32447
12819,32447
4585,32447
1338,32447
4623,32447
20556,32447
11002,32447
16239,32447
5438,32447
8208,32447
5646,32448
23847,32448
17601,32449
6833,32450
5806,32450
22908,32450
535,32450
16401,32450
16066,32450
8193,32450
18448,32450
1220,32450
16569,32450
18286,32450
8155,32451
18935,32451
17299,32451
298,32452
23478,32452
14130,32452
1094,32453
21010,32453
12490,32453
12706,32454
1293,32454
17721,32454
2224,32454
19402,32454
24813,32454
2657,32454
20761,32454
14590,32454
23943,32454
23850,32455
15674,32455
2242,32455
8219,32455
18613,32456
9692,32456
6418,32456
2848,32456
18213,32457
4897,32457
6798,32457
12153,32458
21465,32458
16768,32458
18051,32458
10197,32458
13426,32458
23410,32458
6577,32458
3317,32458
13933,32458
11084,32458
11764,32458
19868,32458
7710,32458
3182,32458
17601,32459
4779,32460
9831,32460
20783,32460
1450,32460
13931,32460
14065,32460
19264,32460
18842,32461
6106,32461
3845,32461
1185,32461
21750,32461
14727,32461
13160,32461
18008,32461
9369,32461
8210,32461
6194,32461
15201,32461
7207,32461
11673,32461
13053,32461
7957,32461
15392,32461
17354,32461
17601,32462
17601,32463
6688,32464
17087,32464
5315,32464
23365,32464
16870,32464
11527,32464
23748,32465
23010,32465
7103,32465
15664,32465
9441,32465
7241,32465
4544,32465
1128,32465
14865,32465
17429,32465
12998,32465
13231,32465
9776,32465
21623,32465
1175,32466
1360,32466
945,32466
16889,32466
3902,32466
4937,32466
5045,32466
6428,32466
22646,32466
24547,32466
20336,32466
10453,32466
12141,32466
15171,32466
13613,32467
11977,32467
785,32467
5970,32467
23063,32467
18402,32467
3392,32468
8969,32469
16174,32469
7944,32469
11757,32469
1801,32470
8916,32470
9468,32470
10223,32470
15067,32471
18985,32471
21642,32471
23575,32471
13726,32471
10723,32471
6542,32471
3288,32471
1912,32471
2063,32471
652,32471
22045,32471
1304,32471
4642,32471
17601,32472
23478,32473
14062,32473
15495,32473
9143,32474
9389,32474
8476,32474
14776,32475
22297,32475
5152,32475
3882,32476
15810,32476
17227,32476
20548,32476
12185,32476
11072,32476
13988,32476
16202,32476
10439,32476
10360,32476
2127,32476
10908,32476
11866,32477
4472,32477
13709,32478
9172,32478
13802,32478
24770,32479
3408,32479
335,32479
19946,32479
17601,32480
17601,32481
17601,32482
2082,32483
8168,32483
16084,32483
972,32484
18129,32484
5811,32484
9448,32484
9243,32484
1382,32484
3509,32484
2222,32484
2276,32484
18404,32484
16960,32484
13458,32484
13216,32484
12434,32484
19154,32484
17601,32485
14805,32486
10307,32486
20044,32486
528,32486
1610,32486
8107,32486
7052,32486
7004,32486
4634,32486
16225,32486
10510,32486
8100,32487
7035,32487
3738,32487
23580,32487
14692,32487
8892,32487
15291,32487
19358,32487
22384,32487
21796,32487
17601,32488
2742,32489
2664,32489
3487,32489
3626,32489
8752,32489
9720,32489
10185,32489
4328,32489
4880,32489
6358,32489
5422,32489
6400,32489
12632,32489
11500,32489
7879,32489
3051,32489
17601,32490
5691,32491
9847,32491
19369,32491
18597,32491
24314,32491
4571,32491
4646,32491
244,32491
10299,32491
18073,32491
17601,32492
17601,32493
16683,32494
18988,32494
2790,32494
4308,32494
19424,32494
19647,32494
16035,32494
12835,32494
8991,32494
4755,32494
24253,32494
20987,32494
13902,32494
23322,32494
23432,32494
5642,32494
14556,32494
21525,32495
10687,32495
6909,32495
3706,32495
22152,32495
9653,32496
22114,32496
20901,32496
23037,32496
7354,32496
17550,32496
10796,32496
120,32496
8878,32496
4997,32496
16286,32496
13376,32496
17765,32496
7675,32496
8334,32496
6044,32497
6689,32497
20771,32497
5125,32497
17601,32498
17601,32499
11668,32500
10520,32500
9518,32500
9636,32500
9768,32500
1239,32500
804,32500
481,32500
11494,32500
10659,32500
8240,32500
6695,32500
13017,32500
1789,32500
6077,32500
1564,32500
2253,32500
8592,32500
10316,32500
10040,32500
22580,32501
21641,32501
24850,32501
18673,32501
17959,32501
15504,32501
11228,32501
6661,32501
24631,32501
699,32501
11481,32501
14864,32501
18974,32501
21442,32501
286,32501
8375,32501
18,32501
15817,32502
23625,32502
10836,32502
22954,32502
21378,32502
21719,32502
22671,32502
2515,32502
2112,32503
24156,32503
24245,32503
2110,32503
2778,32503
9225,32503
7031,32503
20905,32503
23536,32503
13605,32503
14318,32503
17229,32503
16687,32503
17906,32504
12075,32504
9852,32504
10715,32504
21839,32504
7380,32504
11184,32504
17915,32504
23933,32504
4759,32504
19535,32505
12853,32505
21017,32506
20547,32506
14966,32506
13254,32506
11933,32506
9942,32506
3924,32506
2655,32506
2327,32506
481,32506
22966,32506
18790,32506
8349,32506
5388,32506
23523,32507
8681,32507
17226,32507
16515,32508
15828,32508
20958,32508
13748,32508
18022,32508
11813,32508
9324,32508
139,32508
1292,32508
7121,32508
19525,32509
3463,32509
625,32509
2481,32509
12585,32509
8683,32509
5418,32509
23331,32509
18518,32509
4200,32509
14537,32510
13759,32510
23318,32510
2585,32510
2027,32510
22039,32510
3502,32510
2854,32510
15660,32510
19317,32510
1592,32510
13185,32510
10781,32510
15820,32510
10153,32510
10518,32510
20911,32510
17601,32511
12195,32512
9804,32512
4382,32512
17601,32513
20180,32514
21781,32514
7006,32514
4699,32514
3223,32515
4363,32515
4604,32515
6622,32515
3017,32515
16536,32515
11054,32515
13162,32515
18679,32515
20077,32515
18208,32515
3158,32515
9913,32515
10747,32515
3116,32515
8240,32515
17497,32515
23948,32516
9481,32516
22365,32516
18613,32517
14659,32517
5859,32517
4439,32517
10338,32517
1390,32517
20880,32518
15894,32518
22532,32518
21841,32518
12401,32518
14610,32518
3396,32518
7521,32518
3194,32518
3155,32518
3200,32518
17601,32519
10686,32520
17601,32521
17601,32522
4472,32523
16252,32523
250,32524
12227,32524
11504,32524
10862,32524
5740,32524
15302,32524
15238,32524
1301,32524
1070,32524
17601,32525
6148,32526
1187,32527
266,32527
12877,32527
13035,32527
24215,32527
21078,32527
15070,32527
18444,32527
12214,32527
3300,32527
4896,32528
3448,32528
23718,32528
24153,32528
17684,32528
17675,32528
18433,32528
23665,32528
8011,32528
11861,32528
4472,32529
17601,32530
22191,32531
23330,32531
20142,32531
15710,32531
17773,32531
17822,32531
4043,32531
2309,32531
9058,32531
6459,32531
14533,32531
13178,32531
13145,32531
3959,32532
1713,32533
4150,32533
6038,32533
9711,32533
10416,32533
10546,32533
13860,32533
12204,32533
16689,32533
17731,32533
19180,32533
619,32533
18535,32533
20480,32533
9124,32534
2968,32534
17601,32535
17601,32536
16861,32537
300,32537
19983,32538
14627,32538
17601,32539
17601,32540
17601,32541
22497,32542
9970,32542
5177,32542
10232,32542
20067,32543
11613,32543
13367,32543
16592,32543
16779,32543
21083,32543
9464,32543
20757,32543
18049,32544
1695,32544
8892,32544
1329,32544
20380,32544
18498,32544
18144,32544
15254,32544
14008,32544
509,32544
21694,32545
13307,32545
13533,32545
17601,32546
17601,32547
17601,32548
17601,32549
17601,32550
17601,32551
17601,32552
17601,32553
1784,32554
20643,32555
16249,32555
3938,32555
6582,32556
3038,32556
2066,32556
2886,32556
12962,32556
11650,32556
18628,32556
14405,32556
11329,32556
6867,32556
7367,32556
8400,32556
5915,32556
5838,32556
20296,32556
20156,32556
20530,32556
22274,32556
23431,32556
22313,32556
22498,32557
20296,32557
1739,32558
442,32558
19836,32558
1899,32559
17172,32559
22580,32559
24175,32560
762,32561
17601,32562
13979,32563
2992,32563
943,32563
10347,32563
11437,32563
20916,32563
21232,32563
18795,32563
15994,32563
19578,32563
20362,32563
1469,32564
3772,32564
17615,32564
15705,32564
15505,32564
7818,32564
5474,32564
6299,32564
24431,32564
23863,32564
17601,32565
10025,32566
15525,32566
13868,32566
13563,32566
12625,32566
10380,32566
24665,32566
23692,32566
23030,32566
20114,32566
2239,32566
2307,32566
6690,32566
5126,32566
2705,32566
9618,32566
18429,32566
19908,32566
10382,32567
20410,32567
10042,32568
18532,32568
12555,32568
14524,32568
1677,32568
1608,32568
469,32568
20806,32568
358,32568
9046,32568
3973,32568
11471,32568
17601,32569
4702,32570
17904,32570
17274,32570
18107,32570
13755,32570
17076,32570
15299,32570
11106,32570
13466,32570
22606,32570
4077,32570
15134,32570
5134,32570
7116,32570
8484,32570
170,32570
21345,32570
21662,32570
17532,32571
8202,32571
12940,32571
16176,32571
9935,32571
9334,32571
24712,32571
8922,32571
19113,32571
18809,32571
5123,32571
4266,32572
6986,32572
4547,32572
13753,32573
20296,32573
4268,32573
18910,32574
3632,32574
4235,32574
14362,32575
19084,32575
21128,32575
18051,32575
4885,32575
2476,32575
164,32575
4829,32575
14130,32575
17683,32575
22646,32575
17601,32576
4382,32577
5378,32577
18459,32577
17601,32578
15731,32579
16286,32579
6112,32580
9360,32580
10228,32580
5441,32580
16628,32580
11073,32580
14055,32580
10742,32580
11781,32580
21338,32580
3958,32581
19493,32581
434,32581
17601,32582
3472,32583
14998,32583
6978,32583
5195,32583
2834,32583
20098,32583
17646,32583
2545,32583
2910,32584
24401,32584
24414,32584
24558,32584
5492,32585
10615,32585
13213,32585
5896,32585
4797,32585
16511,32585
22018,32585
23445,32585
22867,32585
23450,32585
24122,32585
5023,32585
2670,32585
12671,32585
11722,32585
3946,32586
4424,32586
10686,32586
23345,32587
5011,32587
15072,32587
16240,32587
19882,32587
23260,32587
13828,32587
9787,32587
1048,32587
3100,32587
8160,32588
14252,32588
2629,32588
803,32588
804,32588
4942,32588
19108,32588
24112,32588
17506,32588
16985,32588
17601,32589
1148,32590
13759,32590
7172,32590
7656,32590
17601,32591
17601,32592
1350,32593
9032,32593
1279,32593
16614,32593
14292,32593
7142,32593
12591,32593
15328,32593
2512,32593
15367,32593
18478,32593
24520,32593
12944,32593
17601,32594
20918,32595
8651,32595
17839,32595
2530,32595
14750,32595
9323,32595
17945,32595
17601,32596
17601,32597
2023,32598
11270,32598
17601,32599
17601,32600
17601,32601
2371,32602
8139,32602
10828,32602
9197,32602
14922,32602
16480,32602
17405,32602
19224,32602
18966,32602
19215,32602
18298,32602
17493,32602
18052,32602
15671,32602
3665,32602
7341,32602
17601,32603
21341,32604
12462,32604
5529,32605
14261,32605
3893,32605
23246,32606
5039,32606
2767,32606
7292,32607
6494,32607
2787,32607
8043,32607
1549,32608
21615,32608
23246,32608
12657,32609
23246,32609
21287,32609
21287,32610
5039,32610
23246,32610
5039,32611
23246,32611
15838,32611
4393,32612
9248,32612
24427,32613
24113,32613
816,32613
17330,32613
2492,32613
7734,32613
9621,32613
83,32613
20047,32613
18551,32613
12212,32614
4418,32614
2336,32614
19725,32614
14123,32614
5345,32615
5353,32615
21414,32615
21175,32615
15750,32615
765,32615
764,32615
1357,32615
3041,32615
14945,32615
21949,32615
5264,32615
3931,32615
8184,32615
9922,32615
1631,32616
19796,32616
15850,32617
14824,32617
8542,32617
5992,32617
13040,32617
2271,32617
10523,32617
10706,32617
2292,32617
8182,32617
24779,32617
17694,32617
22164,32617
16747,32617
17601,32618
9996,32619
21127,32620
14570,32620
8092,32620
16248,32620
7944,32621
22108,32621
17601,32622
17601,32623
10867,32624
4359,32624
9704,32625
4826,32625
10167,32625
15239,32625
7040,32625
16450,32625
6369,32625
21307,32625
22188,32625
22433,32625
8225,32626
11682,32626
12144,32626
21073,32626
16978,32626
20569,32626
23030,32626
22587,32626
16462,32626
13837,32626
8165,32626
6405,32626
3097,32626
633,32626
6041,32626
16619,32627
12432,32627
14698,32627
15551,32627
8874,32627
3779,32627
10799,32627
13110,32627
8215,32627
20088,32627
18461,32627
20587,32627
4725,32628
20433,32628
18051,32628
17601,32629
24730,32630
10364,32630
24622,32630
4934,32630
13744,32630
22250,32630
21411,32630
8183,32630
20293,32630
1810,32630
15544,32630
10168,32630
10049,32630
23967,32630
23908,32630
7739,32630
453,32631
4214,32631
1684,32631
5646,32631
23805,32631
8093,32631
11011,32631
13998,32631
14210,32631
17738,32631
17172,32631
23547,32631
5298,32631
17601,32632
18434,32633
18154,32633
18220,32633
21914,32633
7709,32633
19172,32633
20906,32633
949,32633
2146,32633
9813,32633
12544,32633
7099,32633
8770,32633
17601,32634
14958,32635
22689,32636
5553,32636
18702,32636
13487,32636
9615,32636
15911,32636
16772,32636
17517,32636
11859,32636
8014,32636
6732,32636
3249,32636
3753,32636
5255,32636
19705,32636
2205,32636
24114,32636
17601,32637
17854,32638
7955,32638
7617,32638
19520,32638
8583,32638
1236,32638
11184,32638
9336,32638
13719,32638
4009,32638
2669,32638
6007,32638
11280,32638
14893,32638
16241,32639
6167,32639
17703,32639
2605,32639
20737,32639
23883,32639
17601,32640
17601,32641
17601,32642
5710,32643
16860,32643
4189,32643
19529,32643
6270,32643
1701,32643
10635,32643
16252,32643
13341,32643
20203,32643
6729,32643
6368,32643
8259,32643
11098,32643
18982,32644
19434,32644
20960,32644
10208,32644
10618,32644
8261,32644
3129,32644
843,32644
24234,32644
3504,32644
4758,32644
24040,32644
24106,32644
4816,32644
1221,32644
11815,32645
434,32645
17601,32646
11449,32647
22806,32647
23232,32647
10142,32647
11927,32647
24787,32647
10242,32647
18225,32647
8651,32647
7614,32647
19042,32647
21742,32647
16589,32647
14989,32647
20508,32648
24253,32648
24360,32648
17601,32649
17601,32650
17601,32651
2109,32652
18004,32652
2783,32652
3604,32652
2654,32652
22819,32652
3534,32652
4327,32652
11563,32652
14447,32652
22497,32653
22108,32653
19960,32653
11011,32653
24030,32654
16695,32654
12533,32654
23178,32655
16574,32655
7908,32655
13232,32655
17005,32655
24107,32655
18909,32655
7706,32655
5247,32655
1480,32655
3620,32655
21868,32655
20496,32655
20463,32655
23456,32655
2655,32655
2605,32655
2327,32655
754,32655
5593,32656
5539,32656
4487,32656
9964,32656
19881,32656
19340,32656
13590,32656
17940,32656
4166,32656
14893,32656
20009,32657
12974,32657
12643,32657
18508,32657
11836,32657
15853,32658
139,32658
3911,32658
5810,32658
12304,32658
2108,32658
5184,32658
4988,32658
1289,32658
9577,32658
10025,32658
14894,32658
17678,32658
16955,32658
7703,32658
6368,32658
19436,32658
15922,32658
16426,32658
8719,32658
17601,32659
11866,32660
13241,32660
15284,32660
16035,32660
20495,32660
18592,32660
8281,32660
16683,32660
4306,32660
10451,32660
12580,32660
7172,32660
10382,32660
8252,32660
22241,32660
20181,32661
19488,32661
12374,32661
14074,32662
4073,32662
1035,32662
17601,32663
6277,32664
6035,32664
8078,32664
19494,32664
19333,32664
17345,32664
10075,32664
21974,32664
24062,32664
5522,32664
17165,32665
22171,32665
20133,32665
11194,32665
12961,32665
15072,32665
24360,32665
10378,32665
435,32665
23403,32665
15561,32665
20001,32665
22913,32665
22291,32665
22898,32665
4307,32666
5214,32666
420,32666
14531,32666
13327,32666
13620,32666
17291,32666
16403,32666
24650,32666
17305,32666
22601,32666
20835,32666
13164,32666
24642,32666
12690,32666
4013,32667
10301,32667
3646,32667
9689,32667
11544,32667
23062,32667
23414,32667
17990,32667
18449,32667
7042,32667
9294,32667
6893,32667
17601,32668
17601,32669
461,32670
14996,32670
12081,32670
20457,32670
1282,32670
17734,32670
18490,32670
1466,32670
5103,32670
4814,32670
24223,32670
22108,32670
21553,32670
20623,32670
8170,32670
6076,32670
2710,32670
5408,32671
6567,32671
5101,32671
1632,32671
23754,32671
21835,32671
7678,32671
14135,32671
19189,32671
24262,32671
17601,32672
11612,32673
14202,32673
865,32673
16053,32673
14805,32673
18209,32673
21722,32673
21540,32673
4458,32673
478,32673
8610,32673
20098,32673
24304,32673
2178,32673
3171,32673
13770,32673
13118,32674
24362,32674
12411,32674
12921,32674
18421,32674
4790,32674
3520,32674
21356,32674
20341,32674
23712,32674
21312,32675
14151,32675
19513,32675
17601,32676
14992,32677
16241,32677
13198,32677
13615,32677
9443,32677
23609,32677
20611,32677
1680,32677
20397,32677
14549,32677
22005,32677
17601,32678
17601,32679
19743,32680
11351,32680
11315,32680
11092,32680
19778,32680
10012,32680
4369,32680
5441,32680
10325,32680
5545,32680
17601,32681
11001,32682
23482,32682
21235,32682
21454,32682
11023,32682
11668,32682
16252,32682
19782,32682
22779,32682
8271,32683
8995,32683
11023,32683
145,32683
2348,32683
3021,32683
7336,32683
7876,32683
14385,32683
4252,32683
3070,32683
16252,32683
23482,32683
21454,32683
22779,32683
21235,32683
17991,32683
19782,32683
10407,32684
7525,32684
12564,32684
17601,32685
17601,32686
17601,32687
22639,32688
3420,32688
19553,32688
17601,32689
5596,32690
22784,32690
19506,32690
12726,32690
22965,32690
20994,32690
22814,32690
13666,32690
7279,32690
11805,32690
12367,32690
10173,32690
12419,32690
1952,32690
23275,32690
3222,32690
7012,32690
18027,32690
17601,32691
23842,32692
24779,32692
5501,32692
17078,32692
4879,32692
5416,32692
10443,32692
13872,32692
14874,32692
2821,32692
21533,32693
18631,32693
15353,32693
21351,32693
15696,32693
23515,32693
7383,32693
13729,32693
14567,32693
4026,32693
17601,32694
17601,32695
17601,32696
21239,32697
16985,32697
10453,32697
6180,32697
8213,32697
17601,32698
13019,32699
4057,32699
2291,32699
23152,32699
19755,32699
19521,32699
9082,32699
13236,32699
13924,32699
24730,32699
24229,32699
24419,32699
18895,32699
15693,32699
8290,32699
4412,32699
11539,32699
23824,32700
20516,32700
4781,32700
2240,32700
18054,32700
16075,32700
1828,32700
623,32700
15568,32700
20400,32700
24290,32701
21679,32701
7077,32701
1389,32701
15709,32702
11358,32702
11659,32702
12313,32702
15980,32702
22327,32702
23686,32702
4692,32702
3614,32702
22203,32702
7085,32703
12733,32703
16927,32703
1068,32703
5403,32703
15519,32703
7980,32703
12252,32703
13180,32703
21527,32703
21590,32704
20918,32704
20313,32704
8280,32704
12252,32704
10749,32704
11493,32704
15343,32704
8492,32704
14385,32704
22896,32705
24711,32705
23687,32705
10716,32706
23308,32706
24680,32706
11020,32706
21534,32706
12078,32706
22066,32706
21626,32706
4686,32706
11811,32706
10967,32706
11821,32706
12191,32706
11899,32706
16857,32706
12223,32706
2164,32706
3335,32706
16894,32707
4829,32707
10370,32707
11087,32707
6443,32707
11735,32707
5455,32707
20191,32707
1781,32707
18344,32707
7118,32708
24736,32708
24456,32708
5523,32708
4942,32708
4073,32708
14218,32708
10316,32708
8581,32708
11393,32708
17601,32709
7333,32710
9173,32710
9332,32710
9659,32710
19124,32710
24856,32710
20958,32710
3616,32710
1402,32710
21822,32710
22667,32710
22339,32710
20981,32710
3107,32711
10686,32711
1189,32712
9656,32712
8689,32712
5375,32712
19610,32712
13084,32712
13549,32712
15011,32712
15020,32712
19661,32712
19538,32713
6622,32713
11899,32713
22497,32713
17601,32714
24488,32715
17601,32716
11015,32717
7222,32717
13730,32717
17541,32717
139,32717
24776,32717
5777,32718
3392,32718
2632,32718
20864,32718
655,32718
22606,32718
19747,32718
20508,32718
6226,32718
19154,32718
7702,32718
11543,32718
9985,32718
8581,32718
13339,32718
13922,32718
16956,32718
16458,32718
17601,32719
14761,32720
9514,32720
7777,32720
13890,32720
9713,32720
3818,32720
1458,32720
15966,32720
4712,32720
16138,32720
7044,32721
22217,32721
10745,32722
10587,32722
18305,32722
12363,32722
22881,32722
18945,32722
1538,32722
1555,32722
7194,32722
6884,32722
8153,32722
776,32722
24299,32722
2844,32723
23724,32724
14393,32724
23262,32724
8930,32724
23588,32725
11939,32725
13105,32725
7043,32725
21554,32725
21920,32725
20896,32725
11190,32725
4731,32725
17711,32725
13864,32725
4221,32725
7674,32726
12443,32726
303,32727
6107,32727
19419,32727
23983,32727
23049,32727
19271,32727
23589,32727
15885,32727
22033,32727
14915,32727
4861,32727
22950,32728
11107,32728
22369,32728
5529,32728
18505,32728
16909,32728
2027,32728
15480,32728
5735,32728
12956,32728
13922,32728
22929,32728
18797,32728
19926,32729
11816,32729
20899,32729
12606,32729
395,32729
847,32729
1505,32729
2373,32729
5658,32729
10453,32729
8748,32729
346,32729
19244,32729
19478,32729
6492,32729
23213,32729
10671,32729
17018,32730
23350,32730
23552,32730
17601,32731
1073,32732
23216,32732
16840,32732
8777,32732
10687,32732
17078,32732
11066,32732
21626,32732
7624,32732
2602,32732
17601,32733
17601,32734
17601,32735
23302,32736
6167,32737
24209,32737
17084,32737
3796,32737
12081,32737
17601,32738
17601,32739
17601,32740
22080,32741
19655,32741
18968,32741
23766,32741
21039,32741
21726,32741
10191,32741
18618,32741
2172,32741
10150,32741
10330,32742
9676,32742
16748,32742
19350,32742
24341,32742
3925,32742
15857,32742
4920,32742
9469,32742
9090,32742
2285,32742
3051,32742
15461,32742
455,32742
16782,32743
1546,32743
19819,32743
18314,32743
1820,32743
11905,32743
10223,32743
10107,32743
9970,32743
4868,32743
15742,32743
20987,32743
23328,32743
15990,32743
24736,32743
14057,32743
5960,32743
9306,32743
10774,32743
21495,32744
18559,32744
18051,32744
3321,32744
10232,32744
8954,32744
14125,32744
15299,32744
16504,32744
14473,32744
17479,32744
14546,32744
13053,32744
13589,32744
4415,32744
22100,32744
11792,32744
17987,32744
24808,32744
10453,32745
9970,32745
2652,32745
23328,32745
1546,32745
24736,32745
1820,32745
804,32745
15990,32745
10107,32745
15742,32745
16109,32746
3735,32746
15839,32746
24253,32746
19717,32746
2616,32746
4720,32746
4735,32746
9427,32746
5185,32746
22121,32746
23487,32746
23328,32746
10595,32746
23496,32746
12849,32746
19465,32746
19647,32746
18226,32747
10457,32747
17202,32747
6972,32747
18353,32747
19259,32747
8905,32747
746,32747
22267,32747
3751,32747
1746,32747
21314,32747
4761,32747
20101,32747
8112,32747
18401,32748
17565,32748
22487,32748
22829,32748
23578,32748
13447,32748
1171,32748
4252,32748
4142,32748
2823,32748
5886,32748
8119,32748
13633,32748
13706,32748
12199,32748
12017,32748
12980,32748
17601,32749
16347,32750
14265,32750
15744,32750
12715,32750
6744,32750
4653,32750
830,32750
5323,32750
17816,32750
24793,32750
20987,32750
17413,32750
4420,32750
11841,32750
9810,32751
12514,32751
8272,32751
24139,32751
10223,32751
15908,32751
16416,32751
6844,32751
17289,32752
10382,32753
1915,32753
8981,32753
11250,32753
2773,32753
18971,32754
10690,32754
4428,32754
4239,32754
5499,32754
4840,32754
13916,32754
16554,32754
6504,32754
6383,32754
13027,32754
12768,32754
9224,32754
4166,32754
15898,32754
15094,32754
16562,32754
10264,32755
12949,32755
327,32755
23375,32755
24213,32755
17251,32755
15497,32755
1445,32755
3088,32755
18732,32755
17559,32756
14839,32756
6425,32757
22539,32757
8070,32757
2065,32757
19746,32757
2032,32757
8124,32757
18955,32757
7900,32757
19229,32757
17601,32758
24497,32759
13507,32759
12027,32759
11086,32760
11582,32760
11187,32760
2902,32761
10070,32761
1094,32761
20259,32762
15209,32762
22830,32762
18075,32762
19613,32762
17601,32763
22753,32764
9154,32764
22172,32764
14972,32764
19012,32764
22288,32764
22529,32764
19940,32764
21708,32764
20611,32764
21042,32764
18162,32764
11668,32764
11741,32764
13215,32764
5531,32764
7030,32764
8771,32764
2699,32765
3952,32765
21065,32765
20317,32765
14328,32766
5719,32766
3576,32766
2886,32766
2630,32766
17748,32766
11649,32766
7101,32766
8720,32766
11310,32766
17707,32767
7656,32767
9212,32768
17707,32768
7656,32768
1488,32769
3869,32769
5221,32769
2876,32769
1789,32769
6411,32769
16217,32769
15089,32769
15801,32769
154,32769
13378,32769
6395,32769
2887,32769
11659,32769
12040,32769
8775,32769
13254,32769
9600,32769
9130,32770
15801,32770
11659,32770
154,32770
18559,32770
5221,32770
3869,32770
6395,32770
1488,32771
1789,32771
154,32771
2876,32771
3869,32771
8912,32771
6395,32771
5221,32771
11659,32771
2662,32771
12141,32771
14044,32771
15089,32771
15801,32771
18559,32771
23323,32771
19944,32772
20104,32772
20685,32772
10948,32772
8695,32772
11392,32772
46,32772
17382,32772
15461,32772
13967,32772
18956,32772
12495,32772
11867,32772
951,32772
6172,32772
1795,32772
12102,32772
2057,32773
1682,32773
968,32773
13584,32773
12831,32773
18091,32773
16375,32773
21646,32773
12589,32773
8750,32773
8731,32773
8327,32773
8511,32773
5263,32773
5570,32773
4926,32773
17601,32774
17601,32775
10382,32776
19733,32776
12784,32777
23325,32777
3751,32778
12538,32778
9559,32778
2983,32778
22948,32778
13031,32778
15048,32778
16039,32778
15828,32778
16874,32778
17489,32778
8433,32778
17009,32778
19500,32778
17601,32779
17601,32780
17601,32781
17601,32782
5270,32783
4476,32783
9712,32783
19635,32783
17601,32784
158,32785
20022,32785
21563,32785
17601,32786
17601,32787
10872,32788
13000,32788
21456,32788
16736,32788
17601,32789
17601,32790
17601,32791
17601,32792
16171,32793
20433,32793
11076,32793
11608,32793
3593,32793
5737,32793
12030,32793
24069,32793
21279,32794
23423,32794
1644,32794
5388,32794
21496,32794
5295,32794
17601,32795
17601,32796
17601,32797
17601,32798
17601,32799
17601,32800
17601,32801
21686,32802
20973,32802
20534,32802
20157,32802
24630,32802
8345,32802
10893,32802
1015,32802
11825,32802
5151,32802
18435,32802
19395,32802
513,32802
13277,32802
17601,32803
2430,32804
5706,32804
6686,32804
9183,32804
13459,32804
14105,32804
24438,32804
24283,32804
24284,32804
2429,32804
24285,32804
17601,32805
12849,32806
12242,32806
11393,32806
13801,32806
9659,32806
22303,32806
5636,32806
2777,32806
15132,32806
17705,32806
18718,32806
19844,32806
17214,32806
21274,32806
17601,32807
216,32808
722,32808
19767,32808
10559,32808
9178,32808
8682,32808
885,32808
4862,32808
4024,32808
1328,32808
10382,32808
12558,32808
14898,32808
17317,32808
11150,32808
2160,32809
911,32809
225,32809
4881,32809
10531,32809
9346,32809
5878,32809
22108,32809
20090,32809
16157,32809
13874,32809
12341,32809
24762,32810
16115,32810
9495,32810
17601,32811
7175,32812
64,32812
23805,32812
13910,32813
5935,32813
18937,32813
2739,32813
3449,32813
17398,32813
18924,32813
9805,32813
7801,32813
7534,32813
17601,32814
12634,32815
13937,32815
6893,32815
7042,32815
16520,32815
7025,32815
2844,32815
1251,32815
23924,32815
12133,32815
9606,32815
9214,32815
3603,32815
5027,32816
3591,32816
19917,32816
15777,32816
8750,32816
9133,32816
23106,32816
21595,32816
12368,32816
10650,32816
9954,32816
24297,32816
3457,32817
2687,32817
2265,32817
23758,32817
19231,32817
16566,32817
8138,32817
24523,32817
14139,32817
9837,32817
20839,32818
18173,32818
17365,32818
2378,32818
5887,32818
11167,32818
15297,32818
16354,32818
61,32818
22373,32818
17601,32819
17239,32820
20244,32820
13700,32820
17601,32821
3488,32822
15903,32822
8698,32822
3557,32822
1074,32822
2650,32822
12326,32822
15314,32822
8190,32822
2273,32822
24127,32822
17137,32822
22736,32823
20470,32823
17324,32823
21497,32823
20812,32823
10702,32823
15396,32823
827,32823
105,32823
836,32823
17601,32824
17543,32825
23734,32825
23724,32825
22520,32825
19400,32825
12692,32825
7633,32825
24796,32825
14393,32825
15498,32825
12441,32825
12423,32825
12377,32825
2929,32825
4494,32825
2412,32825
24067,32825
20518,32826
4699,32826
4370,32826
19568,32827
16541,32828
16658,32828
12689,32828
12834,32828
19496,32828
11249,32828
10790,32828
10316,32828
10209,32828
5286,32828
4113,32828
3321,32828
3021,32828
2593,32828
1432,32828
12273,32828
11491,32828
19117,32829
12536,32829
22108,32829
9580,32829
21155,32829
19315,32829
14807,32829
18170,32829
4898,32829
23215,32829
5360,32829
10328,32829
24775,32830
14196,32830
14178,32830
11174,32830
10373,32830
7015,32830
8981,32830
13725,32830
10498,32830
6637,32830
3423,32830
1049,32830
21622,32830
23884,32830
19796,32830
1600,32830
15019,32830
11912,32831
24798,32831
21681,32831
13349,32832
13038,32832
482,32832
17601,32833
16993,32834
18473,32834
20987,32834
14730,32834
4897,32834
17601,32835
15417,32836
19789,32836
13131,32836
14412,32836
17871,32836
12627,32836
1159,32836
16856,32836
261,32836
3294,32836
9810,32836
10667,32836
9494,32837
24568,32837
9519,32837
14457,32837
19300,32837
22432,32838
17187,32838
23249,32839
24205,32839
11320,32839
11898,32839
16843,32839
16917,32839
15461,32839
5294,32839
428,32839
15126,32839
23202,32839
7883,32840
499,32840
3464,32840
9675,32840
7182,32840
14009,32840
14902,32840
17601,32841
22950,32842
20725,32842
20424,32842
24176,32842
23630,32842
19642,32842
401,32842
7580,32842
10936,32842
490,32842
13950,32842
23416,32842
19788,32842
11777,32842
18202,32842
7400,32842
13369,32843
15779,32843
11603,32843
7330,32843
22591,32843
502,32843
1102,32843
17038,32843
22280,32843
22737,32843
17601,32844
17601,32845
18472,32846
23720,32846
19417,32846
8332,32846
8238,32846
8335,32846
4453,32846
11963,32846
9632,32846
11830,32846
6378,32846
14877,32846
23342,32846
24486,32846
6364,32846
17601,32847
17601,32848
9082,32849
9874,32849
3275,32849
3183,32849
1680,32849
6690,32849
10232,32849
19647,32849
14521,32849
22281,32849
11091,32849
18266,32849
11911,32849
14362,32849
17601,32850
17601,32851
17601,32852
17601,32853
17601,32854
18910,32855
16177,32855
9639,32855
9212,32855
4344,32855
21708,32856
20859,32856
23250,32856
23969,32856
11668,32856
24262,32857
23192,32857
17601,32858
17601,32859
17601,32860
17601,32861
10707,32862
20509,32862
5628,32862
6441,32863
4306,32863
17601,32864
11213,32865
13748,32865
14111,32865
828,32865
13,32865
1261,32865
4762,32865
7769,32865
19209,32865
18481,32865
17261,32866
19556,32866
8607,32866
14277,32866
7096,32866
17601,32867
23025,32868
14774,32868
12808,32868
997,32868
970,32868
1688,32868
3268,32868
4023,32868
9823,32868
9543,32868
8482,32868
9833,32868
7627,32868
10480,32869
23869,32869
4780,32869
1430,32869
7867,32869
17601,32870
8626,32871
19413,32871
11381,32871
16905,32872
20363,32872
12376,32872
11447,32872
20628,32872
16650,32872
23811,32872
15284,32872
6827,32872
2999,32872
8008,32872
458,32872
8408,32872
17783,32873
21589,32873
5867,32873
22467,32874
4218,32874
22139,32874
16858,32875
18397,32876
19733,32876
1864,32876
1946,32876
17168,32876
4744,32876
9044,32876
7044,32876
6981,32876
22150,32876
4161,32876
12071,32876
15851,32876
1387,32876
326,32876
19898,32876
20584,32876
11772,32876
11074,32877
18242,32877
16457,32877
24211,32877
5548,32877
24282,32877
24223,32877
16457,32878
24223,32878
23670,32878
14062,32878
17601,32879
17601,32880
17601,32881
11699,32882
10901,32882
11970,32882
13335,32882
14155,32882
12408,32882
6150,32882
3708,32882
4858,32882
9402,32882
1396,32882
7858,32882
6988,32882
6331,32882
15813,32882
9927,32882
50,32882
3976,32883
4280,32883
23322,32883
14819,32884
8945,32884
3244,32884
7314,32884
874,32884
14579,32884
8173,32884
8072,32884
7826,32884
2040,32884
15183,32884
2929,32884
6785,32884
6296,32884
3917,32884
2013,32884
4794,32884
17601,32885
17601,32886
10159,32887
13658,32887
23839,32888
2214,32888
1649,32888
5622,32888
17814,32888
18385,32888
16534,32889
13130,32889
2609,32889
3391,32889
6585,32889
3829,32889
8231,32889
24229,32889
1046,32889
1065,32889
17601,32890
17601,32891
22550,32892
9937,32892
16623,32892
20199,32892
466,32892
5946,32892
5901,32892
2799,32892
11044,32892
17601,32893
6840,32894
7355,32894
12007,32894
9556,32894
724,32894
5405,32894
15656,32894
15257,32894
23832,32894
23051,32894
8304,32895
3996,32895
9772,32895
9559,32895
10265,32895
10963,32895
14513,32895
12400,32895
18596,32895
19677,32895
16225,32895
16714,32895
548,32895
1825,32895
21876,32895
3495,32895
22072,32895
22192,32895
14803,32896
17294,32896
401,32896
2489,32896
5137,32896
11346,32896
23500,32896
23525,32896
17506,32896
23052,32896
17601,32897
17601,32898
20963,32899
18697,32899
726,32900
1769,32900
7598,32900
9032,32900
13415,32900
18390,32900
19166,32900
22620,32900
4714,32900
3270,32900
17601,32901
6143,32902
10672,32902
2880,32902
7156,32902
17601,32903
3381,32904
5185,32904
8955,32904
7343,32904
12206,32904
16237,32904
14275,32904
13617,32904
7205,32904
1036,32904
5356,32904
18657,32904
23402,32904
24380,32904
11373,32905
16532,32905
20737,32905
16752,32906
15730,32906
14562,32906
10024,32906
19245,32906
19040,32906
9138,32906
3001,32906
8975,32906
20851,32906
6445,32907
6569,32907
4446,32907
2834,32907
13751,32907
1817,32907
12187,32907
12211,32907
4928,32907
5540,32907
10687,32907
9587,32907
3424,32907
2541,32907
2327,32907
6047,32907
13739,32907
11887,32907
7558,32907
17601,32908
17601,32909
3456,32910
3679,32910
4778,32910
879,32910
1270,32910
18746,32910
23984,32910
8927,32910
6935,32910
8243,32910
19155,32911
11113,32911
10475,32911
19507,32911
20901,32911
13442,32911
24058,32911
23831,32911
7361,32911
17601,32912
12851,32913
8286,32913
1059,32913
20713,32913
14529,32913
17172,32913
15952,32913
1364,32913
435,32913
13419,32913
13063,32913
585,32914
11160,32914
10631,32914
9695,32914
22325,32914
14274,32914
19232,32914
12641,32914
12186,32914
5955,32914
5245,32914
3826,32914
9205,32914
1926,32914
10656,32915
13824,32915
13032,32915
10715,32915
22899,32915
16177,32915
4363,32915
13349,32915
17601,32916
17601,32917
17535,32918
23973,32918
19214,32918
8841,32918
17601,32919
17601,32920
17601,32921
6384,32922
15423,32922
19906,32922
24343,32923
13792,32923
556,32923
19131,32923
16919,32923
18241,32923
12803,32923
4573,32923
9987,32923
11734,32923
17601,32924
3938,32925
14332,32925
12955,32925
19733,32926
14977,32926
9692,32926
6418,32926
11832,32926
7108,32927
11632,32928
17434,32928
17577,32928
16001,32928
17601,32929
13127,32930
5833,32930
3211,32930
10340,32930
14449,32930
4740,32930
9159,32930
5541,32930
23366,32930
23677,32930
23144,32930
23078,32930
23151,32930
6666,32930
23351,32930
22250,32930
19569,32930
16277,32930
546,32930
20455,32931
21203,32931
20843,32931
24492,32932
13690,32932
9764,32932
9651,32932
24036,32932
6373,32932
557,32932
571,32932
15341,32932
15588,32932
15681,32933
20764,32933
6529,32933
22413,32933
17601,32934
22120,32935
21932,32935
24658,32935
15965,32935
12247,32935
11938,32935
16252,32935
4836,32935
6499,32935
9874,32935
11123,32935
11374,32935
5695,32935
17601,32936
18104,32937
20387,32937
7289,32937
2256,32937
12023,32937
14620,32937
17601,32938
17601,32939
7350,32940
18243,32940
15079,32940
1473,32940
17503,32940
15839,32940
2468,32940
16310,32940
23966,32940
19063,32940
20281,32940
23965,32940
1546,32941
4897,32941
7044,32941
224,32941
16221,32941
24164,32941
18519,32941
18083,32941
13631,32941
7255,32941
17601,32942
590,32943
15002,32943
10612,32943
6473,32944
22584,32944
11359,32944
8390,32944
17601,32945
17601,32946
17601,32947
17601,32948
14235,32949
20171,32949
15801,32949
17601,32950
21918,32951
24708,32951
15923,32951
8729,32951
23967,32951
6227,32951
7492,32951
6830,32951
6767,32951
3382,32951
15775,32952
17751,32952
2255,32952
4936,32952
10073,32952
19000,32952
2027,32952
17601,32953
17601,32954
2400,32955
23702,32955
3193,32955
11753,32955
6180,32955
3786,32955
14713,32955
21959,32955
24003,32955
22007,32955
20087,32956
22258,32956
20166,32956
1542,32956
22669,32957
24587,32957
22624,32957
17601,32958
20492,32959
13819,32959
15882,32959
7137,32959
9084,32959
2976,32960
24093,32960
17367,32960
14145,32960
22415,32960
18857,32960
21419,32960
15144,32960
16139,32960
21340,32961
18292,32961
2884,32961
18088,32962
18906,32962
8735,32962
10378,32962
19869,32962
7876,32962
10386,32962
10879,32962
19628,32962
14660,32962
11386,32962
7580,32962
1979,32962
1190,32962
525,32962
8120,32963
11043,32963
19095,32963
17601,32964
9952,32965
2099,32966
5925,32966
16166,32967
11352,32967
4145,32967
1420,32967
20278,32967
16663,32967
23626,32967
11701,32967
3295,32967
24685,32967
17601,32968
17601,32969
17601,32970
17601,32971
17601,32972
17601,32973
5327,32974
9130,32974
107,32974
3129,32974
3694,32974
4917,32974
18501,32974
16764,32974
24197,32974
22938,32974
22168,32974
16629,32974
12849,32974
10785,32974
19363,32974
21278,32974
10687,32975
24235,32975
24665,32975
2731,32976
16334,32976
9308,32976
7559,32976
8097,32976
704,32976
17143,32976
24351,32976
24110,32976
20981,32976
6848,32977
9195,32977
692,32977
23113,32977
1205,32977
2903,32977
3626,32977
3398,32977
24262,32977
23654,32977
18559,32977
11583,32977
17601,32978
22063,32979
17105,32979
5227,32979
412,32980
15573,32980
13365,32980
13804,32980
9429,32980
24549,32980
4307,32980
24644,32980
22953,32980
22666,32980
9424,32981
10872,32981
15853,32981
18842,32981
8512,32981
4956,32981
9559,32981
21775,32981
8905,32981
21626,32981
18891,32981
23368,32981
17601,32982
1064,32983
20848,32983
22908,32984
331,32984
8189,32984
17601,32985
23367,32986
729,32986
15277,32986
22904,32986
2688,32986
6894,32987
13156,32987
10897,32987
11090,32987
5569,32987
95,32987
11163,32987
13824,32987
13935,32987
12767,32987
14103,32987
13585,32987
11995,32987
12368,32987
10001,32987
5829,32987
18408,32987
15982,32987
13824,32988
12476,32988
13585,32988
22958,32988
18756,32988
10186,32988
23682,32988
12368,32988
5569,32988
1039,32988
16934,32988
8689,32988
16074,32989
17654,32989
17601,32990
7276,32991
11659,32991
23322,32991
17601,32992
8056,32993
17601,32994
13775,32995
8438,32995
13857,32995
16590,32995
16645,32995
5487,32995
12381,32995
8333,32995
23261,32995
22679,32995
24765,32995
5053,32995
21974,32995
6736,32995
5372,32996
8926,32996
14198,32997
12025,32997
4166,32997
3224,32997
21096,32997
20949,32997
6643,32997
16579,32997
15239,32997
17079,32997
13946,32997
5872,32998
5378,32998
24769,32998
6988,32998
425,32998
11801,32998
20354,32998
4852,32998
8848,32998
4408,32998
17601,32999
17601,33000
21399,33001
19812,33001
16290,33001
9167,33001
4732,33001
1837,33001
3142,33001
119,33001
13112,33001
8376,33001
16828,33002
19143,33002
4898,33002
2923,33002
2246,33002
16360,33002
22364,33002
24770,33002
11565,33002
16286,33002
16287,33002
15146,33002
15292,33002
2059,33002
24378,33003
18468,33003
7150,33003
7281,33003
4466,33003
440,33003
16923,33003
15675,33003
12324,33003
4719,33003
6371,33004
564,33004
17537,33004
17601,33005
18786,33006
23842,33006
17601,33007
8911,33008
14779,33008
18051,33008
10408,33008
942,33008
8797,33008
19960,33008
8075,33008
6270,33008
2999,33008
10313,33009
8905,33009
17601,33010
2034,33011
24858,33011
9739,33011
21780,33011
24837,33011
22549,33011
24857,33011
6703,33011
5413,33011
8949,33011
7661,33012
7264,33012
8076,33012
2710,33012
2652,33012
10413,33012
11259,33012
11990,33012
5690,33012
6934,33012
17159,33012
15755,33012
13619,33012
16578,33012
1437,33012
1552,33012
1854,33012
14893,33013
9054,33013
12484,33013
5750,33013
6467,33013
8533,33013
16985,33013
17940,33013
24788,33013
3561,33013
4130,33013
5504,33014
23201,33014
19513,33014
17601,33015
1218,33016
21004,33016
8220,33016
10788,33017
23969,33017
4422,33018
18051,33018
12757,33018
7269,33018
13254,33018
14371,33018
19080,33018
3958,33018
4848,33018
4760,33018
20737,33018
10766,33019
14570,33019
15219,33019
19696,33019
21341,33019
18731,33019
18399,33019
15745,33019
18889,33019
20392,33019
19910,33019
6074,33019
11781,33019
1432,33019
9770,33019
17601,33020
9568,33021
1661,33021
14290,33021
17284,33022
15828,33022
15394,33022
15333,33022
9127,33022
956,33022
1063,33022
18757,33022
19176,33022
24104,33022
21913,33022
4965,33022
6592,33022
8688,33022
3953,33022
3129,33022
3880,33022
8912,33022
20808,33023
17185,33023
13506,33023
24605,33023
8946,33023
17601,33024
1644,33025
151,33025
17160,33025
1359,33025
17464,33025
18996,33025
3586,33025
15352,33025
13161,33025
6586,33025
11339,33025
15490,33025
5135,33025
6106,33025
5492,33025
10287,33025
12636,33026
17017,33026
20493,33026
17374,33026
14797,33026
16387,33026
7515,33026
1015,33026
154,33026
9642,33026
4328,33026
3811,33026
3711,33026
10185,33026
3593,33026
2847,33026
2287,33026
5529,33026
6707,33027
11375,33027
7936,33027
16654,33027
15910,33027
19866,33027
16180,33027
22588,33027
10156,33027
23916,33027
20578,33028
9590,33028
4600,33028
10534,33028
16637,33028
11152,33028
5449,33028
24027,33028
22461,33028
21087,33028
1301,33028
10462,33028
19343,33028
17601,33029
17601,33030
5551,33031
17601,33032
17601,33033
17601,33034
16174,33035
14332,33035
10047,33035
17601,33036
4799,33037
18947,33037
2863,33038
7160,33038
23275,33038
20229,33038
21366,33038
13756,33038
10635,33038
9159,33038
8976,33038
8167,33038
6470,33038
6974,33038
4370,33038
16624,33038
16618,33038
16656,33038
20061,33038
20128,33039
18606,33039
20838,33039
22637,33039
8980,33039
6792,33039
12095,33039
13078,33039
804,33039
16762,33039
15986,33039
12958,33039
5918,33039
999,33039
4305,33039
13100,33039
17601,33040
17601,33041
17601,33042
17601,33043
24013,33044
11199,33044
9835,33044
4691,33044
24292,33044
2834,33044
10382,33044
17601,33045
18453,33046
20860,33046
16942,33046
15999,33046
2651,33046
1492,33046
14112,33046
3784,33046
3680,33046
2661,33046
19356,33047
17834,33047
255,33047
96,33047
22446,33047
13777,33047
15332,33047
2088,33047
6057,33047
13612,33047
17601,33048
16373,33049
19091,33049
15924,33049
7850,33049
2770,33049
18238,33049
19464,33049
21763,33049
15668,33049
23008,33049
16139,33050
15681,33050
7291,33050
18507,33051
19763,33051
4930,33051
11712,33051
11301,33051
9848,33051
7665,33051
6469,33051
22956,33051
20109,33051
17601,33052
17601,33053
17601,33054
17601,33055
17601,33056
10432,33057
16241,33057
21756,33057
11737,33057
1655,33057
11328,33057
9284,33057
384,33057
4207,33057
7866,33057
4110,33057
6320,33058
14426,33058
12282,33058
15488,33058
12302,33058
18960,33058
18799,33058
17882,33058
16940,33058
15739,33058
3763,33058
10793,33058
14597,33058
15078,33058
10207,33058
6765,33058
6083,33058
17601,33059
8954,33060
13874,33060
24360,33060
8981,33060
2955,33060
24032,33061
9098,33061
24365,33061
19409,33061
4258,33061
4677,33061
24750,33061
24740,33061
24500,33061
21899,33061
17601,33062
9589,33063
9619,33063
17601,33064
24012,33065
10364,33065
37,33065
3606,33065
5724,33065
12628,33065
21502,33065
13610,33065
7199,33065
14403,33065
19070,33065
19901,33065
22789,33065
14449,33066
17601,33067
10853,33068
11419,33068
23812,33068
23082,33068
3272,33068
4535,33068
23547,33068
19595,33068
23169,33068
12508,33068
12215,33068
20358,33068
19073,33068
20505,33068
21720,33069
14062,33069
23368,33069
17601,33070
3541,33071
2618,33071
21161,33071
13142,33071
6233,33071
2457,33071
7450,33071
1153,33071
8928,33071
92,33071
1534,33072
14168,33072
7860,33073
6423,33073
19223,33073
3461,33073
3967,33074
15735,33074
16364,33074
1770,33074
4777,33074
12575,33074
8373,33074
10359,33074
14866,33074
758,33074
2343,33074
2698,33074
430,33074
8312,33074
24843,33074
7895,33074
17016,33075
19572,33075
17601,33076
15978,33077
13340,33077
19843,33077
15009,33077
11843,33077
12210,33077
11254,33077
10401,33077
10870,33077
6221,33077
10115,33077
1226,33077
15921,33077
17601,33078
9394,33079
19537,33079
24734,33079
14391,33079
929,33079
9661,33079
24545,33079
17601,33080
17945,33081
15797,33081
14519,33081
11040,33081
11772,33081
11503,33081
11029,33081
23196,33081
2490,33081
10417,33081
6116,33081
7245,33081
9862,33081
7746,33081
7269,33081
10061,33081
18429,33081
18903,33081
19499,33081
17601,33082
19318,33083
9981,33083
23726,33083
18860,33083
12039,33083
15582,33083
17533,33083
1609,33083
14258,33083
12724,33083
13618,33083
12751,33083
9309,33083
6869,33083
6819,33083
894,33083
14277,33083
14477,33083
17601,33084
18166,33085
712,33085
842,33085
22645,33085
152,33085
23064,33085
15370,33085
17601,33086
17601,33087
24409,33088
4472,33088
17902,33088
24415,33089
11272,33089
13807,33089
20225,33090
19988,33090
7828,33090
11714,33090
17601,33091
17601,33092
17601,33093
9187,33094
22612,33094
19775,33094
9689,33094
24172,33094
19512,33094
19160,33094
18991,33094
17190,33094
16770,33094
10124,33094
1888,33094
6516,33094
17601,33095
17601,33096
17601,33097
21461,33098
10777,33098
8938,33098
4070,33098
21999,33098
21070,33099
638,33099
804,33099
9970,33099
23842,33099
23397,33099
12172,33099
11009,33099
13467,33099
12770,33099
10966,33099
23249,33099
15828,33099
17342,33099
9505,33099
5051,33099
1963,33099
2820,33099
4361,33099
5077,33100
21386,33100
18891,33100
16781,33101
20001,33101
11222,33101
11730,33101
15857,33101
3354,33101
17471,33102
6480,33102
22460,33102
12347,33103
24830,33103
8867,33103
462,33103
6308,33103
17682,33103
17601,33104
14999,33105
8055,33105
2699,33105
17601,33106
17601,33107
17601,33108
3952,33109
16929,33109
24841,33109
14285,33110
16828,33110
18259,33110
18259,33111
16828,33111
20471,33112
20297,33112
22148,33112
5386,33112
20794,33113
6935,33113
8069,33113
1272,33113
18464,33113
12693,33113
19222,33113
13694,33114
15081,33114
14824,33114
8675,33114
885,33114
20713,33114
23195,33114
18992,33114
12514,33114
13574,33114
5857,33114
17296,33114
17508,33114
23351,33114
10536,33114
2769,33114
22982,33115
22377,33115
8582,33115
10529,33115
4191,33115
13071,33115
2555,33115
19330,33115
434,33116
1471,33116
6267,33116
17601,33117
5225,33118
5386,33118
18083,33118
17601,33119
9276,33120
13114,33120
136,33120
23737,33120
9107,33120
8813,33120
23590,33120
19211,33120
15456,33120
15550,33120
16000,33120
11944,33120
14134,33120
23935,33120
18083,33121
19103,33121
10928,33121
15060,33121
2120,33121
6106,33121
1773,33121
1495,33121
11615,33121
7852,33121
21131,33121
24258,33121
15076,33121
18333,33121
17601,33122
11330,33123
16701,33123
14943,33123
15820,33123
14529,33123
9284,33123
9602,33123
554,33123
12699,33123
12477,33123
2747,33123
10148,33123
4022,33123
6346,33123
14149,33123
10184,33123
17601,33124
24354,33125
3537,33125
12817,33125
18255,33126
3083,33126
9639,33126
17601,33127
12630,33128
1567,33128
5129,33129
19410,33129
4255,33129
23456,33129
11406,33129
24769,33129
2703,33129
9548,33129
17601,33130
24517,33131
9963,33131
24604,33131
2414,33131
17546,33131
13811,33131
21550,33131
14317,33131
5088,33131
24582,33131
5138,33132
2834,33132
2838,33132
17991,33132
19058,33132
10366,33132
18835,33132
19981,33132
16491,33132
3728,33132
3528,33132
6283,33132
8107,33132
19418,33132
24193,33132
17601,33133
17601,33134
14332,33135
10635,33135
11569,33135
3703,33135
23239,33135
17601,33136
17601,33137
17601,33138
17447,33139
9330,33140
18519,33140
17086,33140
24185,33140
23567,33140
19468,33140
21995,33140
22997,33140
4358,33140
10960,33140
23592,33141
18938,33141
19647,33141
15129,33141
20899,33141
21233,33141
12413,33141
19179,33141
19591,33141
13316,33141
3647,33141
398,33141
12771,33141
1519,33141
2652,33141
2334,33142
2333,33142
2730,33142
6409,33142
19251,33142
23770,33142
16317,33142
16577,33142
16953,33142
15446,33142
21327,33143
9363,33143
20153,33143
2175,33144
13419,33144
14078,33145
8547,33145
24388,33145
17756,33145
16147,33145
18474,33145
18055,33145
9782,33145
15682,33145
5156,33145
17601,33146
21814,33147
11623,33147
10256,33147
10839,33147
10262,33147
11205,33147
13109,33147
14033,33147
17442,33147
18498,33147
2544,33148
4927,33148
24349,33148
3950,33148
531,33148
610,33148
794,33148
5392,33148
14206,33148
8983,33148
7319,33148
15176,33148
23428,33149
2780,33149
4708,33149
2794,33149
15026,33149
7838,33149
16122,33149
15892,33149
19835,33149
22907,33149
17601,33150
17185,33151
12611,33151
11407,33151
8948,33151
21935,33151
22628,33151
3119,33152
24665,33152
6690,33152
17601,33153
17601,33154
11025,33155
15912,33155
6714,33155
20688,33156
11960,33156
15100,33156
23667,33156
7873,33156
2560,33156
2615,33156
9387,33156
18969,33156
17601,33157
15370,33158
16985,33158
2638,33158
17601,33159
17601,33160
16082,33161
16428,33161
20555,33161
2760,33161
18152,33161
1212,33161
878,33161
15553,33161
1215,33161
1230,33161
22656,33162
16104,33162
17601,33163
11983,33164
2857,33164
9628,33164
2610,33164
5230,33164
7543,33164
6125,33164
14283,33164
12604,33164
24773,33164
6710,33164
23509,33164
13274,33164
15452,33164
24682,33165
22009,33165
21312,33165
8296,33166
8454,33166
20859,33166
19731,33166
17415,33166
22374,33166
8011,33166
16751,33166
8638,33166
19955,33166
1873,33166
20987,33166
20737,33166
18261,33166
17127,33166
3841,33166
8205,33166
8976,33167
22912,33167
4396,33167
17776,33167
22331,33168
7328,33168
10317,33168
10405,33168
13072,33168
21108,33168
21472,33168
2691,33168
5736,33168
21861,33168
24292,33169
21058,33169
10210,33169
6268,33169
16336,33169
5832,33170
2099,33170
677,33170
17998,33170
16299,33170
6008,33170
7300,33170
8073,33170
8993,33170
7052,33170
10044,33171
3455,33171
6701,33171
5686,33171
21878,33171
21954,33171
23715,33171
11069,33171
11285,33171
16177,33171
20061,33171
17601,33172
2167,33173
2134,33173
6313,33173
17601,33174
17601,33175
20224,33176
6144,33176
8245,33176
15960,33176
5426,33176
35,33176
17601,33177
22526,33178
23033,33178
18375,33178
743,33178
14020,33178
1709,33178
15254,33178
14011,33178
1759,33178
22913,33179
9389,33179
12646,33179
12991,33179
1177,33179
9964,33179
15192,33179
2777,33179
4592,33179
9656,33179
7267,33179
7529,33179
24159,33179
22403,33179
8659,33179
17601,33180
20905,33181
24262,33181
9988,33181
17430,33181
4578,33182
3905,33182
18593,33182
9744,33182
16436,33182
6003,33182
6054,33182
38,33182
622,33182
4021,33182
6550,33182
2147,33182
1701,33182
670,33182
7986,33182
7100,33182
7244,33182
13806,33182
1082,33183
9450,33183
16214,33183
15984,33183
16199,33183
14449,33183
15526,33183
18837,33183
14101,33183
2688,33183
172,33183
4035,33183
14130,33183
17601,33184
17601,33185
10800,33186
8122,33186
6291,33186
6750,33186
10810,33187
3528,33187
6325,33187
17601,33188
20737,33189
16721,33189
14607,33189
503,33189
4408,33190
24655,33190
7622,33190
18309,33190
13922,33190
22689,33190
24254,33190
18729,33190
7376,33190
11257,33190
17601,33191
12799,33192
20080,33192
22677,33192
20050,33192
12446,33192
231,33192
4548,33192
3757,33192
3666,33192
6240,33192
18501,33193
8059,33193
1706,33193
19851,33194
9121,33194
6947,33194
15065,33194
18410,33194
17989,33194
17660,33194
520,33194
2653,33194
20917,33194
24722,33194
22390,33194
1832,33194
16720,33194
2804,33194
1024,33194
3305,33194
1661,33195
5629,33195
10224,33195
11551,33195
19690,33195
20180,33195
13049,33195
3021,33195
22222,33195
11181,33195
22329,33195
22173,33195
21362,33195
553,33195
434,33195
10030,33195
9180,33195
824,33196
17827,33196
2281,33196
9196,33196
23594,33196
936,33196
13956,33196
8799,33196
6497,33196
23199,33196
21653,33196
22872,33196
20472,33196
8303,33196
14403,33196
18148,33197
13682,33197
15754,33197
17446,33198
10686,33198
6798,33198
21453,33198
15857,33198
6473,33198
4181,33198
17601,33199
1339,33200
13566,33200
4204,33200
12694,33201
23042,33201
5160,33201
7688,33201
18470,33201
6821,33201
17601,33202
17601,33203
7226,33204
7525,33204
525,33204
20506,33204
19517,33204
16030,33204
23434,33204
7135,33204
4667,33204
15275,33204
13938,33204
10312,33204
18719,33204
7301,33204
23316,33205
5997,33205
8921,33205
22346,33205
23211,33205
22756,33205
22219,33205
23079,33205
6777,33205
9907,33205
2616,33205
21325,33205
14549,33205
20229,33205
11569,33205
1394,33205
23311,33205
22333,33206
2898,33206
18632,33207
2820,33207
6391,33207
13418,33207
11393,33207
9031,33207
15742,33207
16299,33207
3787,33207
15171,33207
19041,33207
18950,33207
17331,33207
2552,33207
1809,33207
14840,33207
15046,33207
1547,33207
17601,33208
23640,33209
7416,33209
2067,33209
12905,33209
11147,33209
13012,33209
13398,33209
22548,33209
12510,33209
1277,33209
8347,33210
19893,33210
9127,33210
4106,33210
3177,33210
920,33210
5378,33210
19161,33210
19568,33210
6368,33210
20149,33210
17846,33210
736,33210
18475,33210
50,33210
11565,33210
16241,33210
14449,33210
16467,33211
3883,33211
11608,33211
2798,33211
3657,33211
3710,33211
7946,33211
11566,33211
2797,33211
12231,33211
15322,33211
17353,33211
12371,33211
16236,33211
12749,33211
10112,33211
15322,33212
2797,33212
3657,33212
11608,33212
11566,33212
10112,33212
7946,33212
16467,33212
22838,33212
17353,33212
23172,33213
17601,33214
13177,33215
21010,33215
23063,33216
23900,33216
23904,33216
21153,33216
12207,33216
2616,33216
17695,33216
16748,33216
4954,33216
4175,33216
7001,33216
2821,33216
6742,33216
11370,33217
7851,33217
20129,33217
23473,33217
23082,33217
23105,33217
11803,33217
11999,33217
17084,33217
10278,33217
5529,33217
24320,33217
17601,33218
18287,33219
16846,33219
17785,33219
5402,33219
24838,33219
3699,33219
9566,33219
23436,33219
9726,33219
22709,33219
11188,33219
20203,33219
17835,33219
12990,33219
3143,33219
21562,33219
21316,33219
1617,33219
2127,33220
24790,33221
15265,33221
10591,33221
889,33221
328,33221
1446,33221
5557,33221
563,33221
1444,33221
5963,33221
1644,33222
11077,33222
8261,33223
23447,33223
17383,33223
8562,33224
7917,33224
10382,33224
17601,33225
7370,33226
17667,33226
23783,33226
18576,33226
500,33226
2196,33226
17090,33226
17206,33226
18782,33226
10802,33226
17601,33227
15193,33228
3525,33228
4760,33228
1993,33228
23269,33228
17359,33228
4272,33228
13039,33228
12684,33228
7042,33228
21656,33228
438,33228
18130,33228
17601,33229
23707,33230
19024,33230
11147,33230
2930,33230
2915,33231
5191,33231
5549,33231
6695,33231
7164,33231
10874,33231
11724,33231
19970,33231
967,33231
21515,33231
17162,33232
14444,33232
17053,33233
17687,33233
10488,33233
15159,33233
12426,33233
24835,33233
16013,33233
15871,33233
20377,33233
18383,33233
21710,33234
11587,33234
8341,33234
1764,33234
23309,33234
23070,33234
19192,33234
1059,33234
24629,33234
17601,33235
2047,33236
8296,33236
20769,33236
1873,33236
10890,33236
10928,33236
10524,33236
10318,33236
5897,33236
399,33236
20496,33236
21577,33236
16599,33236
20228,33236
16546,33236
16286,33236
662,33236
14991,33236
11809,33237
12151,33237
11733,33237
11693,33237
22616,33237
5804,33237
13401,33237
14512,33237
5775,33237
11439,33237
5820,33237
8655,33237
2078,33237
23336,33237
8042,33237
5151,33237
24685,33237
17601,33238
22402,33239
23441,33239
10647,33239
21517,33239
21317,33239
19036,33239
17396,33240
20481,33240
21239,33240
3867,33240
23392,33240
24105,33240
12173,33240
13433,33240
9442,33240
5540,33240
5060,33240
23191,33240
23113,33241
24223,33241
16394,33241
15567,33241
6978,33241
10667,33241
8240,33241
912,33241
4073,33241
4151,33241
24235,33241
22163,33241
17998,33241
11938,33241
4417,33241
17601,33242
24838,33243
3896,33244
17947,33244
11608,33244
6202,33244
20332,33244
19138,33244
5363,33244
482,33244
17233,33244
18791,33244
2384,33245
110,33245
19835,33245
9626,33245
22017,33245
16123,33245
7960,33245
803,33246
10332,33246
7893,33246
7336,33246
6464,33246
4306,33246
2889,33246
2790,33246
10776,33246
11800,33246
21479,33246
13184,33246
1190,33246
11751,33246
21456,33246
17601,33247
16001,33248
21361,33248
23710,33248
19518,33249
9646,33249
18965,33249
14320,33249
13698,33249
3176,33249
22627,33249
9910,33249
18300,33249
22701,33249
19923,33250
753,33250
20061,33250
10181,33250
14769,33250
883,33250
5533,33250
14434,33250
13005,33250
19726,33250
12984,33251
12254,33251
20429,33252
5742,33252
1820,33252
3879,33252
3903,33252
4686,33252
5153,33252
22645,33252
18638,33252
14785,33252
14600,33252
14217,33252
10663,33252
8720,33252
6158,33252
3525,33253
199,33253
4420,33253
3607,33254
14362,33254
2166,33254
15483,33254
18266,33254
12182,33254
3789,33254
9870,33254
13402,33254
9355,33254
8448,33254
21571,33254
17601,33255
17449,33256
2936,33256
13257,33256
13344,33256
13801,33256
13842,33256
15298,33256
11516,33256
10584,33256
2478,33256
1621,33256
1360,33256
18900,33256
17961,33256
3947,33256
9888,33256
16267,33256
17601,33257
17601,33258
14053,33259
923,33259
6903,33259
6477,33259
1573,33259
22514,33259
24014,33259
21415,33259
15617,33259
21855,33259
17601,33260
8837,33261
17537,33261
16003,33261
23786,33261
14831,33261
2687,33261
5166,33261
5172,33261
1458,33261
4582,33261
4995,33261
7285,33261
17601,33262
3537,33263
23971,33263
19138,33263
7525,33263
4417,33263
15984,33263
15417,33263
6148,33263
8976,33263
22218,33264
14648,33264
14957,33264
6485,33264
21450,33264
2754,33264
17363,33264
23105,33264
17068,33264
193,33264
10572,33265
885,33265
9323,33265
9504,33265
4475,33265
22579,33265
14911,33265
6988,33265
2027,33265
17601,33266
12286,33267
12079,33267
24241,33267
22148,33267
24302,33267
12005,33267
12351,33267
9879,33267
21981,33267
18624,33267
20557,33267
18387,33267
24850,33267
21433,33267
154,33267
10693,33267
3572,33268
7042,33268
13998,33268
15850,33268
20429,33268
21315,33268
20097,33268
363,33268
1265,33268
20882,33268
2880,33269
7944,33269
6148,33270
14473,33270
14373,33271
16746,33271
19682,33271
11605,33271
5623,33271
8203,33271
2895,33271
656,33271
585,33271
5002,33271
16942,33271
13054,33271
11777,33271
11899,33271
14360,33271
23842,33271
22850,33272
23809,33272
13840,33272
13058,33272
14540,33272
4819,33272
12189,33272
11108,33272
1656,33272
431,33272
7294,33272
809,33273
12357,33273
642,33273
14449,33273
4220,33273
1884,33273
13032,33273
21309,33273
22906,33273
8764,33273
12114,33273
14276,33273
9158,33273
10126,33273
6400,33273
6640,33273
14935,33273
19259,33274
9468,33274
8779,33274
17601,33275
11217,33276
10161,33276
17852,33276
5374,33276
24428,33276
4540,33276
19383,33276
3876,33276
7058,33276
23253,33276
13931,33276
13177,33276
11987,33276
16533,33277
998,33277
16436,33277
2064,33277
4802,33277
7974,33277
2382,33277
2652,33277
17311,33277
16251,33277
11498,33277
13960,33277
14279,33277
5771,33277
5000,33277
6851,33277
2503,33277
7972,33278
6033,33278
16154,33278
5807,33278
15939,33278
21424,33278
24487,33278
21210,33278
19958,33278
13663,33278
6473,33279
10686,33279
2595,33279
10483,33280
13671,33280
24192,33280
17601,33281
5401,33282
151,33282
199,33282
7001,33282
8730,33282
6615,33282
20440,33282
12370,33282
9061,33282
7273,33282
8404,33283
17242,33283
13844,33283
6094,33283
7770,33283
7526,33283
23110,33283
5872,33283
23179,33283
22043,33283
19417,33284
10849,33284
3952,33284
18951,33284
18470,33284
2237,33284
3954,33284
15663,33284
18954,33284
17507,33284
17601,33285
2404,33286
3521,33286
2302,33286
7450,33286
10650,33286
24292,33286
11321,33286
23106,33286
9281,33286
17710,33286
14511,33286
13976,33286
5510,33286
19756,33286
17880,33286
21335,33286
204,33287
20201,33287
15961,33287
17070,33287
19407,33287
19581,33287
19259,33287
10448,33287
9360,33287
5692,33287
23178,33287
20895,33287
8691,33287
7462,33287
17972,33287
17601,33288
17601,33289
4214,33290
62,33290
6548,33290
8073,33290
4459,33290
5540,33290
7336,33290
16394,33290
15219,33290
11761,33290
21915,33290
21197,33290
18429,33290
18336,33290
16859,33290
4944,33290
629,33290
2953,33290
2541,33290
17601,33291
17601,33292
17601,33293
17601,33294
17601,33295
17601,33296
17601,33297
21088,33298
132,33298
1873,33298
2973,33298
1915,33298
9100,33298
4154,33298
9349,33298
4879,33298
10907,33298
15323,33298
17029,33298
16356,33298
23463,33298
23059,33298
847,33298
17601,33299
6978,33300
14449,33300
20643,33300
13046,33301
14207,33301
8686,33301
16754,33301
2029,33301
3090,33301
9018,33301
832,33301
14548,33301
1121,33301
20923,33301
18186,33301
2028,33301
18187,33301
3693,33301
6905,33301
8419,33301
8504,33301
1280,33302
15147,33302
8690,33302
10833,33302
6102,33302
5822,33302
23903,33302
17619,33302
14561,33302
21782,33302
8356,33303
9425,33303
9419,33303
24651,33303
13170,33303
12600,33303
20758,33303
1921,33303
21379,33303
12807,33303
15044,33304
12124,33304
7659,33304
15289,33304
17796,33304
16875,33304
16271,33304
5285,33304
4174,33304
2505,33304
5248,33304
2613,33304
9150,33304
392,33304
20917,33304
20873,33304
19320,33305
15140,33305
23712,33305
23709,33305
1448,33305
8919,33305
12967,33306
11974,33306
7632,33306
6321,33306
1170,33306
4210,33306
20209,33306
18132,33306
10953,33306
9833,33306
11976,33307
11943,33307
10017,33307
22644,33307
4197,33307
6094,33307
21842,33307
21022,33307
2247,33307
3059,33307
14497,33307
15850,33307
18786,33307
21020,33307
9732,33307
7230,33307
15131,33307
14470,33307
14491,33307
17601,33308
7558,33309
7067,33309
18508,33309
19955,33309
17267,33309
17222,33309
21429,33309
23358,33309
10065,33309
9284,33309
17415,33309
17994,33309
16441,33309
4129,33309
15185,33309
13198,33309
16249,33309
17601,33310
13537,33311
1253,33311
131,33311
14916,33311
22974,33311
16286,33311
16016,33311
4306,33311
9159,33311
11601,33311
16604,33311
17673,33311
4181,33311
23366,33312
8361,33312
6947,33312
3898,33312
2250,33312
5529,33312
6110,33312
21890,33312
11699,33312
23125,33312
13206,33312
1961,33312
20235,33312
22847,33312
9870,33312
14473,33313
12462,33313
21305,33313
9139,33314
24099,33314
22308,33314
20135,33314
24140,33314
13436,33314
14174,33314
17972,33314
14291,33314
4420,33314
5642,33314
6286,33314
3424,33315
9284,33315
17117,33315
3472,33315
4049,33315
1979,33315
1536,33315
19598,33315
19235,33315
20424,33315
20914,33315
6880,33315
5523,33315
12955,33316
10867,33316
24120,33316
13530,33316
6019,33316
5151,33316
3613,33316
1556,33316
22788,33316
19259,33316
16791,33317
4462,33317
17601,33318
17601,33319
9014,33320
1453,33320
750,33320
12322,33320
24391,33320
9840,33320
12509,33320
18845,33320
4053,33320
7884,33320
7813,33321
2568,33321
20364,33321
24235,33322
15857,33322
17601,33323
17601,33324
1701,33325
4616,33325
23384,33326
16292,33326
15604,33326
23957,33326
23385,33326
4767,33326
17246,33326
22731,33326
23188,33326
21675,33326
18190,33326
6389,33326
9083,33326
12688,33326
20828,33326
12704,33326
13072,33326
19058,33327
11747,33327
6754,33327
22499,33327
18360,33327
18288,33327
14509,33327
16582,33327
12150,33327
20234,33327
3644,33327
17601,33328
17601,33329
4611,33330
18083,33330
16707,33331
16250,33331
19747,33331
21975,33331
22461,33331
9048,33331
15595,33331
3321,33331
2183,33331
18437,33331
322,33332
3584,33332
15850,33332
3908,33332
17601,33333
17601,33334
5834,33335
931,33335
567,33335
22102,33335
19165,33335
22113,33335
2476,33335
1902,33335
6108,33335
18568,33335
18963,33335
16915,33335
14219,33335
19164,33335
9180,33335
11417,33335
18175,33335
12497,33335
17601,33336
20367,33337
24588,33337
24547,33337
17505,33337
13303,33337
10177,33337
8850,33337
16261,33337
450,33337
20436,33337
19049,33337
14354,33338
16135,33338
16227,33338
10463,33338
12849,33338
13776,33338
14238,33338
22243,33338
21882,33338
19480,33338
18904,33338
18846,33338
22633,33339
3541,33339
7119,33339
18949,33339
835,33339
17601,33340
16493,33341
17601,33342
17601,33343
17601,33344
969,33345
4534,33345
7635,33345
17140,33345
8740,33345
14741,33345
8677,33345
451,33345
22366,33345
24336,33345
6504,33345
15809,33345
17346,33345
22208,33345
8476,33346
7299,33346
18786,33346
17601,33347
17601,33348
10788,33349
22313,33349
13448,33349
17601,33350
17106,33351
19190,33351
23160,33351
17601,33352
815,33353
7362,33353
1867,33353
9912,33353
15724,33353
24802,33353
738,33353
23644,33353
7154,33353
24763,33353
17601,33354
16040,33355
20169,33355
24319,33355
23798,33355
10068,33355
10681,33355
13073,33355
11042,33355
12364,33355
10000,33355
10774,33355
20222,33355
17029,33356
16376,33356
2069,33356
8821,33356
10286,33356
14679,33356
15641,33356
8541,33356
14854,33356
13616,33356
13987,33356
14420,33356
9972,33356
10124,33356
18012,33356
13343,33356
273,33356
23055,33357
796,33357
18451,33357
22268,33357
23554,33357
10130,33357
13184,33357
14738,33357
10216,33357
17911,33357
24638,33357
6792,33357
3094,33357
2251,33357
17601,33358
17601,33359
17601,33360
12514,33361
24360,33361
14044,33361
16726,33362
3378,33362
2297,33362
18839,33362
18481,33362
15848,33362
15927,33362
10097,33362
22833,33362
6943,33362
19126,33362
10543,33362
4932,33362
3532,33362
2129,33362
18925,33362
5829,33362
16230,33363
17783,33363
23715,33363
24787,33364
20429,33364
18626,33364
11866,33364
16156,33364
14573,33364
5531,33364
12683,33364
6222,33364
20533,33364
21878,33364
18351,33364
12768,33364
4408,33365
2595,33365
14238,33365
11181,33365
8855,33365
4472,33366
18559,33366
4200,33366
7755,33367
11312,33367
8905,33368
19693,33368
17780,33369
24407,33369
23452,33369
23452,33370
5884,33371
6848,33371
18529,33371
18768,33371
19678,33371
23631,33371
20228,33371
10011,33371
22648,33371
7912,33371
16782,33371
15281,33371
14495,33371
5916,33371
20987,33371
15196,33371
4513,33372
525,33372
10928,33372
22515,33372
10948,33372
11794,33372
13505,33372
22833,33372
20005,33372
22065,33372
10131,33372
16784,33372
8213,33372
6173,33372
7157,33372
13050,33373
9747,33373
11946,33373
19660,33373
6749,33373
1493,33373
9025,33373
13773,33373
22383,33373
23218,33373
21050,33374
3893,33374
19009,33374
17886,33374
15395,33374
10707,33374
4845,33374
4302,33374
12098,33374
12334,33374
1894,33374
352,33374
14770,33374
1213,33374
3754,33374
444,33375
17601,33376
18371,33377
21446,33377
19509,33377
15586,33377
7754,33377
12288,33377
16031,33377
21048,33377
6756,33377
2727,33377
6843,33377
5408,33377
1998,33378
24477,33378
23225,33378
9659,33378
18362,33378
11560,33379
9659,33379
19276,33379
23844,33379
24477,33379
19691,33379
22870,33379
6482,33379
11427,33380
16278,33380
18893,33380
21119,33380
4144,33380
7240,33381
9616,33381
7254,33381
3610,33381
4198,33381
22540,33381
3585,33381
12060,33381
14322,33381
15842,33381
20033,33381
21344,33381
21117,33381
22364,33381
11504,33381
627,33382
984,33382
585,33382
8976,33382
2605,33382
8779,33382
4370,33382
4353,33382
16784,33382
17009,33382
17601,33383
1730,33384
5002,33384
23900,33384
154,33384
11911,33384
7622,33384
22857,33384
8900,33384
11821,33384
11015,33384
2614,33384
21015,33384
14592,33384
16301,33384
16266,33384
16682,33384
17601,33385
5673,33386
17601,33387
3929,33388
10308,33388
14515,33388
13958,33388
6187,33388
3131,33388
8769,33388
23163,33388
22739,33388
22920,33388
17601,33389
21813,33390
21890,33390
5749,33390
17649,33390
17601,33391
17601,33392
18885,33393
20121,33393
10117,33393
19112,33393
19533,33393
16259,33393
15597,33393
13382,33393
9388,33393
2049,33393
7954,33393
20925,33393
3804,33394
23236,33394
19878,33394
2453,33394
24746,33395
13175,33395
17601,33396
17601,33397
8523,33398
6952,33398
801,33398
23763,33398
23759,33398
15972,33399
18577,33399
14877,33399
897,33399
14755,33399
1460,33399
22057,33399
22862,33399
17601,33400
17601,33401
5631,33402
2762,33402
22224,33402
16797,33402
1645,33402
21,33402
10652,33402
20596,33402
15834,33402
15229,33402
17206,33403
8220,33403
4196,33403
20660,33404
12862,33404
11531,33404
4691,33404
17722,33404
20612,33404
4204,33404
16235,33404
21871,33404
12903,33404
10704,33405
2568,33405
14763,33405
5002,33406
16912,33406
2891,33406
1730,33406
8656,33406
3275,33406
15530,33406
6947,33406
21058,33406
11930,33406
17601,33407
9286,33408
19794,33408
17601,33409
1704,33410
19965,33410
21982,33410
23400,33410
1131,33410
15261,33410
12552,33410
6359,33410
18834,33410
6702,33410
10940,33410
9873,33410
7924,33410
4898,33410
5936,33410
7069,33411
3031,33411
7390,33411
5334,33411
11042,33411
17991,33411
13921,33411
13869,33411
13436,33411
503,33411
9082,33411
8271,33411
9130,33411
19044,33411
23113,33411
18797,33411
18797,33412
11968,33412
8728,33412
13053,33412
13745,33412
200,33412
597,33412
2638,33412
18840,33412
22894,33412
17601,33413
3353,33414
24223,33414
1182,33414
4611,33415
712,33415
9604,33415
17601,33416
17601,33417
13754,33418
23138,33418
17601,33419
1494,33420
21290,33420
12673,33420
17601,33421
12699,33422
10223,33422
11479,33422
20096,33422
5086,33422
3811,33422
967,33422
11668,33422
19753,33422
20656,33422
18704,33422
24656,33422
18104,33422
6609,33422
12977,33423
12310,33423
19138,33423
17601,33424
10137,33425
15933,33425
5416,33426
14932,33426
14880,33426
21918,33427
23591,33427
23167,33427
23982,33427
3934,33427
2367,33427
22014,33427
12827,33427
2432,33427
4379,33427
11160,33428
1390,33428
12672,33428
17601,33429
17601,33430
17601,33431
19647,33432
23004,33432
23212,33432
23962,33432
1820,33432
915,33432
638,33432
2284,33432
3427,33432
252,33432
19138,33432
11695,33432
19028,33432
10327,33433
2442,33433
4154,33433
869,33433
9466,33433
8234,33433
1985,33433
1075,33433
10419,33433
10045,33433
23499,33433
18393,33433
19926,33433
11503,33433
10756,33433
23129,33433
9127,33433
17601,33434
2830,33435
20321,33435
1891,33435
23334,33435
23852,33435
19791,33435
16164,33435
14806,33435
11348,33435
3862,33435
11318,33435
10023,33435
4740,33435
2327,33435
16036,33435
13177,33435
23159,33435
21932,33435
17470,33435
14775,33436
5808,33436
20890,33436
17138,33436
24849,33436
13400,33436
8562,33436
6613,33436
12670,33436
8078,33436
12681,33436
12983,33436
9185,33436
23958,33436
2225,33436
2967,33436
9924,33436
5412,33437
22938,33437
4714,33437
15992,33437
15713,33437
14563,33437
6933,33437
4635,33437
6947,33437
6418,33437
21955,33437
17601,33438
5040,33439
17962,33439
3767,33439
20157,33439
18753,33439
10902,33439
16896,33439
3285,33439
10351,33439
3242,33439
4402,33439
8361,33439
10294,33439
9100,33439
4408,33440
23854,33440
23201,33440
5658,33440
13580,33440
13448,33440
14057,33440
7218,33440
20496,33440
21277,33440
21918,33440
14805,33440
16541,33440
11162,33440
6949,33440
21382,33441
6654,33441
19005,33441
18083,33442
2769,33442
16230,33442
17601,33443
17601,33444
17601,33445
17601,33446
8361,33447
4702,33447
24226,33447
10342,33447
15702,33447
7162,33447
18583,33447
662,33447
941,33447
23242,33447
17601,33448
17601,33449
14908,33450
15443,33450
14190,33450
13866,33450
19230,33450
8061,33450
1841,33450
7365,33450
5269,33450
6951,33450
8317,33450
19975,33450
19918,33450
17601,33451
17601,33452
17236,33453
13141,33453
12074,33453
24456,33453
10217,33453
16288,33453
3984,33453
4121,33453
2199,33453
3670,33453
8338,33453
7702,33453
16212,33453
11762,33453
13373,33453
1250,33453
1496,33453
1748,33453
4414,33454
3156,33454
3950,33454
6680,33454
3412,33454
23475,33454
10604,33454
22438,33454
9049,33454
24276,33454
9746,33455
24860,33455
23081,33455
8843,33455
13115,33455
17601,33456
17601,33457
6148,33458
11843,33458
9812,33459
4242,33459
9838,33459
7052,33459
6988,33459
10678,33459
14044,33459
14026,33459
11736,33459
4942,33459
7937,33459
10307,33460
16055,33460
10378,33460
4327,33460
17601,33461
17601,33462
4634,33463
3328,33463
2570,33463
1265,33463
16325,33463
5444,33463
20429,33463
19877,33463
16344,33463
19426,33463
23654,33463
21974,33463
14543,33463
13577,33463
17601,33464
12013,33465
1377,33465
11194,33465
16229,33466
6350,33466
19438,33466
22815,33466
12075,33466
7770,33467
6720,33467
17601,33468
406,33469
8964,33469
22545,33469
24591,33469
13889,33469
16092,33469
21690,33469
17065,33469
9947,33469
13888,33469
9631,33469
9860,33469
10560,33470
23403,33470
6627,33470
12582,33470
2476,33470
17601,33471
12845,33472
13467,33472
20906,33472
18672,33472
11912,33472
9763,33472
5544,33472
1254,33472
16812,33472
20097,33472
7338,33473
20429,33473
19488,33473
3455,33474
5671,33474
7247,33474
4574,33474
21837,33474
16738,33474
19795,33474
12921,33474
11636,33474
9232,33474
8493,33474
17601,33475
7630,33476
9828,33476
2977,33476
6160,33476
1807,33476
23657,33476
24182,33476
22045,33476
11767,33476
13078,33476
14705,33476
21609,33476
13541,33477
13217,33477
16550,33477
16044,33477
4417,33477
21466,33477
6807,33477
8304,33477
2777,33477
7364,33477
7776,33477
20517,33477
20910,33477
8631,33477
10611,33477
9970,33477
17101,33477
20713,33477
17601,33478
2570,33479
19733,33479
11911,33479
4999,33480
6148,33480
19569,33480
17153,33480
3319,33480
21341,33480
627,33480
3211,33480
7944,33480
9159,33480
5017,33481
279,33481
23371,33481
3107,33482
21343,33482
11199,33482
24436,33483
8832,33483
20483,33483
702,33483
17013,33484
10800,33484
16937,33484
17385,33484
17057,33485
7426,33485
12691,33485
1716,33486
3952,33486
18182,33486
17601,33487
18352,33488
3627,33488
8296,33488
17601,33489
13515,33490
2499,33490
10909,33490
13078,33490
10535,33490
2866,33490
5521,33490
6618,33490
3893,33490
6347,33490
8625,33490
4010,33490
4544,33490
24308,33490
15710,33490
5091,33490
7175,33491
1995,33491
6978,33491
23416,33492
23554,33492
5347,33492
5191,33492
1294,33492
6611,33492
7418,33492
16567,33492
23666,33492
14368,33492
13705,33492
17262,33492
8263,33492
7619,33492
17734,33492
20129,33492
14886,33493
17580,33493
4467,33493
2598,33493
12694,33493
24626,33493
18470,33493
19286,33493
18463,33493
234,33493
17601,33494
20670,33495
21858,33495
18557,33495
13352,33495
11269,33495
7815,33495
1337,33495
6737,33495
2725,33495
3472,33496
1748,33496
1067,33496
401,33496
13582,33496
13436,33496
12548,33496
12512,33496
8276,33496
18081,33496
15224,33496
13762,33496
10983,33496
10185,33496
8690,33496
8365,33496
11763,33497
872,33498
8219,33498
5372,33498
4969,33499
22605,33499
8293,33499
8476,33499
24849,33499
13289,33499
11840,33499
7258,33499
20320,33499
19128,33499
22578,33500
23988,33500
7563,33501
24481,33501
8938,33501
21402,33501
22459,33501
18361,33501
19933,33502
1776,33502
10965,33502
64,33502
6712,33502
6350,33502
20711,33502
21616,33502
2943,33502
5860,33502
4414,33502
14826,33502
1801,33502
18337,33503
5424,33504
4645,33504
9338,33504
2600,33505
22571,33505
18221,33505
15233,33505
17733,33505
3566,33505
5411,33505
13014,33505
7212,33505
12625,33505
21099,33505
3580,33505
4131,33506
24627,33506
19156,33506
12595,33507
11051,33507
13827,33508
20658,33508
10100,33509
24506,33509
15386,33509
17096,33509
9459,33509
11404,33509
8846,33509
11412,33509
4681,33509
9099,33509
16470,33510
17926,33510
2123,33510
24458,33510
1818,33510
16378,33510
12061,33510
12179,33510
6753,33510
4557,33510
7546,33511
10528,33511
9794,33511
20180,33511
22613,33511
9250,33511
23715,33511
23852,33511
16505,33511
14063,33511
4238,33511
6592,33511
4899,33511
4658,33511
12589,33511
20134,33511
18333,33511
618,33512
155,33513
5872,33513
1112,33513
11740,33513
19105,33513
14783,33513
20508,33513
15585,33513
804,33513
22859,33513
11238,33513
7033,33513
9435,33513
12656,33514
23399,33514
21642,33514
11488,33514
6463,33514
17388,33514
21128,33514
13076,33514
20459,33514
3729,33514
2978,33514
2861,33514
17601,33515
9551,33516
21460,33516
7561,33516
19046,33517
20952,33517
6515,33517
7800,33517
2623,33517
858,33517
17601,33518
18207,33519
12010,33519
12887,33519
23701,33519
5198,33519
1146,33519
9784,33519
20466,33519
18589,33519
18348,33519
17601,33520
8484,33521
11572,33521
15124,33521
20129,33521
19468,33521
6073,33521
4420,33521
16316,33521
966,33521
13092,33521
10230,33521
11326,33521
16512,33521
20379,33521
18710,33521
4316,33521
199,33521
5372,33522
10829,33522
20783,33522
18053,33522
2202,33522
1875,33523
20779,33523
20322,33523
5110,33523
24067,33523
9897,33523
8423,33523
3987,33523
5666,33523
332,33523
1356,33523
17601,33524
7470,33525
14341,33525
4491,33525
17601,33526
5372,33527
12572,33527
4513,33528
7003,33528
1752,33528
16336,33528
16665,33528
3820,33528
9157,33528
23643,33528
12005,33528
8655,33528
12881,33528
926,33528
17433,33528
24737,33529
19802,33529
7711,33529
16484,33529
8340,33529
12407,33529
14458,33529
24539,33529
24507,33529
15087,33529
17601,33530
9234,33531
6377,33531
20051,33531
24852,33531
416,33531
13796,33531
2694,33531
17482,33531
22710,33531
21445,33531
12735,33531
24853,33531
19737,33532
15987,33532
20040,33532
9877,33532
10517,33532
21471,33532
22929,33532
3279,33532
16394,33532
13717,33532
24236,33532
589,33532
3066,33532
21532,33532
20306,33532
15976,33533
17153,33533
12438,33533
15946,33533
3573,33533
6645,33533
2163,33533
17601,33534
4110,33535
17431,33535
11998,33535
12165,33535
11925,33535
10186,33535
7566,33535
4420,33535
7552,33535
17230,33535
1701,33535
3267,33535
1552,33535
1628,33535
16422,33535
12169,33535
4871,33535
17601,33536
1026,33537
19549,33537
20191,33538
14041,33538
11393,33538
17893,33538
20055,33538
11239,33538
4313,33538
11333,33538
1741,33538
15914,33538
2662,33539
7172,33539
1801,33539
17601,33540
14215,33541
9283,33541
11076,33541
18334,33541
19237,33541
10844,33542
1620,33542
1155,33542
8296,33542
11002,33542
12514,33542
6476,33542
8077,33542
6264,33542
14716,33542
2588,33542
24370,33542
15625,33542
1810,33542
3321,33542
5976,33542
17601,33543
12776,33544
11769,33544
4217,33544
21493,33544
16715,33544
16398,33544
15258,33544
15760,33544
18256,33544
13963,33544
22431,33545
21404,33545
24563,33545
7564,33545
20809,33545
22457,33545
17185,33545
8946,33545
17601,33546
17601,33547
15579,33548
20901,33548
499,33548
20784,33548
23833,33549
13535,33549
4086,33549
3263,33549
5590,33549
4332,33549
4138,33550
7904,33550
24145,33550
18477,33550
12560,33550
9892,33550
16289,33550
17540,33550
15707,33550
15377,33550
16778,33551
23969,33551
24602,33551
17460,33551
20918,33551
19221,33551
18274,33551
18577,33551
21953,33551
8144,33551
8060,33551
12875,33551
9826,33551
17601,33552
3056,33553
8248,33553
21887,33553
23024,33553
21759,33553
9725,33553
8973,33553
18200,33553
17598,33553
11715,33554
14814,33554
14114,33554
10081,33554
3674,33554
8382,33554
5913,33554
17355,33554
4452,33554
18009,33554
20135,33554
21094,33554
23817,33554
8483,33555
16935,33555
5479,33555
15235,33556
16529,33556
2309,33556
11156,33556
5188,33556
3645,33556
3170,33556
24787,33556
14522,33556
17929,33556
24670,33556
14202,33556
17601,33557
20232,33558
19882,33558
18432,33558
23423,33558
3875,33558
10672,33558
10030,33558
2356,33558
519,33558
23654,33558
14245,33558
19859,33558
10977,33558
17601,33559
17601,33560
23878,33561
22118,33561
19055,33561
18470,33561
721,33561
16676,33561
9905,33561
9071,33561
2246,33561
9095,33561
165,33562
23997,33562
21312,33562
21067,33562
17601,33563
17601,33564
17601,33565
17601,33566
12770,33567
3120,33567
1753,33567
855,33567
6400,33567
11339,33567
24139,33567
3425,33567
23063,33567
13020,33567
14409,33567
18429,33567
21998,33568
13294,33568
5828,33568
3332,33568
23232,33568
2099,33568
15565,33568
18166,33568
23662,33568
19174,33568
15323,33568
17601,33569
17601,33570
5621,33571
6823,33571
905,33571
17327,33571
19352,33571
17326,33571
15312,33571
13136,33571
21478,33571
20842,33571
24751,33571
2421,33571
21481,33571
3521,33572
2922,33572
5237,33572
7153,33572
11171,33572
13155,33572
15867,33572
6302,33572
1386,33572
23092,33572
24718,33572
1829,33572
2191,33572
22569,33572
21101,33572
14331,33573
14608,33573
17601,33574
18288,33575
18360,33575
461,33575
19058,33575
18548,33575
19106,33575
19916,33575
6136,33575
11747,33575
9339,33575
8019,33575
12150,33575
13994,33575
1463,33575
5531,33575
22292,33575
2520,33575
5670,33576
3360,33576
16615,33576
13715,33576
6326,33576
16830,33577
17677,33577
10023,33577
10426,33577
19875,33577
7671,33577
10399,33577
1059,33577
658,33577
12840,33577
17601,33578
23765,33579
17050,33579
8655,33579
16171,33579
1159,33579
3601,33579
13063,33579
9446,33579
8797,33579
3637,33579
24176,33580
13893,33580
16426,33580
22916,33580
13436,33580
8213,33580
11125,33580
8297,33580
139,33580
16729,33580
19796,33580
20402,33580
22770,33580
17601,33581
4327,33582
8343,33582
8207,33582
10072,33582
11199,33582
15742,33582
8562,33582
3370,33582
3938,33582
19647,33582
17707,33582
19782,33582
20508,33582
20524,33582
1159,33582
16065,33582
16599,33582
17601,33583
16774,33584
17601,33585
12276,33586
13657,33586
15082,33586
15705,33586
16315,33586
24376,33586
24406,33586
7825,33586
9104,33586
1209,33586
4997,33587
4208,33587
3957,33587
1710,33587
4919,33587
8859,33587
24841,33587
18750,33587
1450,33587
16130,33587
17601,33588
17997,33589
21343,33589
20916,33589
2357,33590
2702,33590
17601,33591
17601,33592
272,33593
1410,33593
5825,33593
6727,33593
5919,33593
7609,33593
19498,33593
21300,33593
20242,33593
20425,33593
21285,33593
21802,33593
17601,33594
17601,33595
17601,33596
17601,33597
16538,33598
16541,33598
16545,33598
18344,33598
19337,33598
21087,33598
21501,33598
3021,33598
10622,33598
23680,33598
4246,33599
1141,33599
2870,33599
8021,33599
11333,33599
12068,33599
11487,33599
15192,33599
13317,33599
17918,33599
610,33600
20278,33600
19973,33600
11573,33600
11455,33600
3129,33600
2752,33600
2608,33600
2626,33600
746,33600
1390,33600
16118,33600
12000,33600
12236,33600
17293,33600
18225,33600
12388,33600
23805,33600
6650,33601
5757,33601
9096,33602
22881,33602
9617,33602
18647,33602
17878,33602
12359,33602
20330,33602
4559,33603
2827,33603
15565,33603
7859,33603
10412,33603
13798,33603
19699,33603
4700,33603
24522,33603
23694,33603
23333,33603
9458,33603
9214,33603
11440,33603
23158,33604
24665,33604
11668,33604
24235,33604
7393,33604
17601,33605
17601,33606
20859,33607
12924,33608
3676,33608
24116,33609
22576,33609
351,33609
13191,33609
5078,33609
13842,33609
18065,33609
20595,33609
3578,33609
4311,33609
951,33609
4,33609
467,33609
18523,33609
21051,33609
18872,33609
12488,33609
16194,33609
19006,33610
23165,33610
9657,33611
11394,33611
13116,33611
7477,33611
1737,33611
3712,33611
1590,33611
1505,33611
22927,33611
20354,33611
19886,33611
13822,33611
14271,33611
14270,33611
18524,33611
23220,33611
2735,33612
5180,33612
3026,33612
11879,33612
12626,33612
19928,33612
22491,33612
24170,33612
9509,33612
6719,33612
11949,33612
2857,33613
6581,33613
16174,33613
17601,33614
15338,33615
18779,33615
4370,33615
4323,33616
2704,33616
13937,33616
3544,33616
18209,33616
14583,33616
14648,33616
18209,33617
23572,33617
9883,33617
10533,33617
4507,33617
9528,33617
7153,33617
11686,33617
12048,33617
1369,33617
1622,33617
13937,33617
15212,33617
21165,33618
11686,33618
18209,33618
12052,33618
11314,33618
10533,33618
1622,33618
7153,33618
9439,33618
13937,33618
20547,33618
23572,33618
15212,33618
17601,33619
17601,33620
3874,33621
11468,33621
14453,33621
24757,33621
9016,33621
23771,33621
19759,33621
6453,33621
5343,33621
14527,33621
16014,33622
256,33622
2215,33622
20752,33622
17496,33622
21748,33622
23270,33622
14663,33623
16828,33623
20992,33624
21570,33624
10382,33624
8078,33625
20496,33625
12588,33625
18266,33625
18790,33625
6690,33625
2802,33625
23118,33625
23185,33625
24050,33625
19951,33626
22352,33626
23084,33626
3963,33626
21584,33626
299,33626
16755,33626
18141,33626
16748,33626
16806,33626
24261,33626
10460,33626
4622,33626
15231,33626
18199,33626
12515,33626
17601,33627
17601,33628
14046,33629
5077,33629
8865,33629
17945,33629
17179,33629
427,33629
23653,33629
18630,33629
18757,33629
1785,33629
4934,33629
8370,33629
6164,33629
12793,33629
14527,33629
9149,33629
17601,33630
8905,33631
15062,33631
14993,33631
14116,33631
11500,33631
15743,33631
19522,33631
16651,33631
10034,33631
10128,33631
2079,33631
280,33631
3627,33631
4936,33631
8395,33631
3250,33631
22178,33631
23265,33631
10443,33631
1957,33632
11685,33632
19675,33632
13294,33633
16845,33633
402,33633
4327,33633
23275,33633
18623,33633
20114,33633
21971,33633
18789,33633
11121,33633
4903,33633
5369,33633
10555,33633
12045,33633
23350,33634
8598,33635
9058,33635
1872,33635
264,33635
6164,33635
2728,33635
10352,33635
13710,33635
13341,33635
13189,33635
761,33635
9293,33635
4974,33635
5466,33635
885,33635
2519,33635
6418,33635
7177,33635
17601,33636
15073,33637
17685,33637
8162,33638
15270,33638
1779,33638
1462,33638
16297,33638
16584,33638
6093,33638
1869,33638
542,33638
7660,33638
3472,33639
4897,33639
3051,33639
17601,33640
17601,33641
17601,33642
3063,33643
2949,33643
3506,33643
7500,33643
1749,33643
2782,33643
6454,33643
4532,33643
10729,33643
14153,33643
13184,33643
13742,33643
11441,33643
11494,33643
10878,33643
11816,33643
974,33643
13177,33643
12065,33643
24053,33644
11441,33644
7917,33644
15489,33644
3893,33644
16624,33645
154,33645
17601,33646
2561,33647
17146,33647
12609,33647
19260,33647
17186,33647
6376,33647
5419,33647
24483,33647
19714,33647
6481,33647
8388,33647
4615,33647
11696,33647
8918,33647
8946,33647
6148,33648
7525,33648
17601,33649
23682,33650
12182,33650
21681,33650
20541,33650
17601,33651
17601,33652
17601,33653
24311,33654
3761,33654
2938,33654
13101,33654
1763,33654
7045,33654
4361,33654
5612,33654
14044,33654
23222,33654
19882,33654
24164,33654
9277,33654
10049,33654
7198,33654
10168,33654
10641,33654
10894,33654
12242,33654
17601,33655
12338,33656
14869,33656
4554,33656
261,33656
18559,33656
17317,33656
16662,33656
15208,33656
4241,33656
4157,33656
2570,33656
21634,33656
19870,33656
21610,33656
18985,33656
18984,33656
8263,33656
17601,33657
13316,33658
13808,33658
12672,33658
4214,33658
4057,33658
10452,33658
8910,33658
8403,33658
7503,33658
7914,33658
4057,33658
1821,33658
1644,33658
1286,33658
386,33658
16017,33658
10316,33658
13245,33658
12834,33658
7459,33659
14285,33659
24669,33660
961,33660
2559,33660
6741,33660
2230,33660
17084,33660
4174,33660
19721,33660
16302,33660
12750,33660
11627,33660
16416,33660
17144,33660
10860,33660
24013,33660
2133,33660
11339,33660
17601,33661
17601,33662
8954,33663
10867,33663
16174,33663
17601,33664
19822,33665
406,33665
22670,33665
19861,33665
20072,33665
1939,33665
22951,33665
13679,33665
9412,33665
9413,33665
5769,33666
6283,33666
22878,33666
23610,33666
24685,33666
11352,33666
17601,33667
13120,33668
23668,33668
481,33668
17601,33669
11544,33670
10687,33670
2977,33670
8826,33670
6277,33670
19733,33670
2514,33671
9316,33671
9297,33671
15366,33671
17601,33672
17601,33673
17601,33674
13744,33675
20229,33675
2883,33675
22640,33676
24109,33676
24516,33676
18700,33676
2647,33676
14023,33676
9430,33676
13686,33676
14735,33676
24518,33676
21820,33677
13970,33677
15731,33677
7688,33677
19295,33677
2500,33677
3968,33677
445,33677
17601,33678
434,33679
16252,33679
19845,33679
17601,33680
17601,33681
17601,33682
24094,33683
2249,33683
2234,33683
22411,33683
17486,33683
16003,33683
15144,33683
12697,33683
7559,33683
5460,33683
2444,33683
22759,33683
9367,33683
23537,33684
16824,33684
15639,33684
2672,33684
14461,33684
13906,33684
13569,33684
1452,33684
16081,33684
17601,33685
17601,33686
5752,33687
3918,33687
5047,33687
5871,33687
13497,33687
689,33687
305,33687
17114,33687
4697,33687
10941,33687
11589,33687
20403,33687
19829,33687
18705,33687
19420,33687
4064,33687
2096,33687
20769,33687
3015,33687
17870,33688
3237,33688
13080,33688
13323,33688
10772,33688
19388,33688
10732,33688
22891,33688
405,33688
10692,33688
22770,33688
5122,33688
3298,33688
19510,33688
15136,33688
23124,33688
5502,33688
6479,33689
12610,33689
20319,33690
16688,33690
16323,33690
23611,33690
19198,33690
19784,33690
1592,33690
4585,33690
18439,33690
18044,33690
17601,33691
17601,33692
2960,33693
4136,33693
14247,33693
7267,33693
8170,33693
2536,33693
10536,33693
9629,33693
19322,33693
17988,33693
24140,33693
13245,33693
3274,33694
2990,33694
17601,33695
6159,33696
5743,33696
3020,33696
2997,33696
5891,33696
1380,33696
959,33696
8521,33696
825,33696
8286,33696
23797,33696
23586,33696
20978,33696
15199,33696
15205,33696
10361,33696
14969,33696
16595,33696
17601,33697
17601,33698
17601,33699
22250,33700
460,33700
3583,33700
24084,33700
4883,33700
5637,33700
23503,33700
22336,33700
18812,33700
22016,33700
20311,33700
19114,33700
14757,33700
15560,33700
12400,33700
10522,33700
9047,33700
24830,33701
15024,33701
14343,33701
14019,33702
876,33702
21186,33702
20177,33702
18103,33702
16819,33702
16553,33702
13250,33702
11019,33702
9559,33702
8544,33702
5420,33702
5045,33702
2717,33702
16200,33702
16440,33702
15385,33702
17601,33703
17601,33704
17415,33705
8360,33705
8685,33706
2420,33706
17325,33706
6637,33707
7680,33707
8286,33707
12381,33707
2095,33707
5939,33707
16917,33707
16224,33707
22942,33707
19808,33707
18304,33707
7558,33708
262,33708
12965,33708
11329,33709
18753,33710
20061,33710
20055,33710
22447,33710
14061,33710
3606,33710
4373,33710
6027,33710
11369,33710
1390,33710
954,33710
11229,33710
11066,33710
10855,33710
8730,33710
23477,33710
21761,33710
22571,33710
21787,33711
24857,33711
22135,33711
15139,33711
21390,33711
21784,33711
6704,33711
6663,33711
17601,33712
23969,33713
7863,33713
15385,33713
13744,33713
11722,33713
11217,33713
8875,33713
1061,33713
22614,33713
21295,33714
12955,33714
21503,33714
17601,33715
19885,33716
16876,33716
2848,33716
6270,33717
18473,33717
19960,33717
4917,33718
4959,33718
6564,33718
19750,33718
20138,33718
21217,33718
22182,33718
4242,33718
2178,33718
2776,33718
686,33718
1405,33718
3466,33718
13513,33718
2283,33719
6224,33719
8160,33719
3701,33719
11369,33719
1707,33719
22583,33719
16835,33719
14981,33719
20643,33719
9002,33720
11441,33720
3354,33720
15385,33720
12834,33720
7207,33720
3129,33720
1684,33720
20987,33720
22494,33720
20706,33720
16033,33720
15932,33720
22721,33721
17214,33721
11272,33722
17415,33722
2999,33722
4085,33723
892,33723
18853,33723
16538,33723
12212,33723
8537,33723
12186,33723
11735,33723
10234,33723
7057,33723
17601,33724
23219,33725
21109,33725
20275,33725
20279,33725
2132,33725
7048,33725
10577,33725
20249,33725
3426,33725
16300,33725
22425,33726
19590,33726
2452,33726
3192,33726
8511,33726
8981,33726
6147,33726
648,33726
12829,33726
16046,33726
10981,33727
11221,33727
18826,33727
4916,33727
12994,33727
14248,33727
3904,33727
20602,33727
20976,33727
18502,33727
17601,33728
11593,33729
13062,33729
10999,33729
12541,33729
10452,33729
5349,33729
2886,33729
2616,33729
856,33729
14766,33729
21252,33729
10936,33729
23842,33730
1644,33730
8404,33730
21805,33731
766,33731
4984,33731
6532,33731
9759,33731
21414,33731
18043,33731
21413,33731
3044,33731
17601,33732
6602,33733
23158,33733
24428,33733
15089,33733
21479,33733
24341,33733
1629,33733
18246,33733
12827,33733
6947,33733
3600,33733
7594,33733
17778,33733
10846,33734
21435,33734
17601,33735
1654,33736
20258,33736
15128,33736
16589,33736
14521,33736
4434,33736
3777,33736
2478,33736
4666,33736
1369,33736
11676,33736
12590,33736
12797,33736
10103,33736
23535,33736
24637,33736
22803,33736
12400,33737
14752,33737
15259,33737
2122,33737
3650,33737
647,33737
19174,33737
20120,33737
15726,33737
883,33737
976,33737
4309,33737
11246,33737
11260,33737
12217,33737
16049,33737
17601,33738
20737,33739
22765,33739
14102,33740
5440,33740
12779,33740
20622,33741
15083,33741
24443,33741
24749,33741
21226,33741
17285,33741
10070,33741
10093,33741
2908,33741
18067,33741
11293,33741
6659,33741
9939,33741
3672,33741
6195,33741
18771,33742
18894,33742
17415,33742
4403,33742
6848,33742
6875,33742
18014,33742
17156,33742
12410,33742
9072,33742
11583,33742
20599,33742
12540,33742
19999,33742
329,33743
18318,33743
9365,33743
21024,33743
7512,33743
471,33744
11778,33744
17677,33744
5658,33744
2895,33744
23357,33744
23423,33744
24726,33744
19845,33744
19321,33744
19093,33744
10223,33744
2811,33745
16426,33745
322,33745
11992,33745
17756,33746
3515,33746
7291,33747
16139,33747
8086,33748
23533,33748
15242,33748
5875,33748
8438,33748
12185,33748
23369,33748
24308,33748
21778,33748
22235,33748
15963,33748
9053,33749
211,33749
13957,33749
3624,33749
17601,33750
13272,33751
9057,33751
14173,33751
211,33751
20944,33751
9039,33751
7691,33751
21339,33752
1638,33752
4500,33752
13590,33752
21922,33752
23012,33752
5971,33752
23146,33752
4978,33752
6596,33752
17601,33753
18225,33754
2946,33754
2863,33754
15317,33754
13874,33754
10911,33754
5532,33754
18147,33754
13553,33755
21284,33755
24809,33755
2530,33755
11602,33755
24787,33755
7140,33755
7302,33755
10666,33755
10881,33755
17601,33756
1652,33757
10601,33757
11172,33757
15221,33757
18338,33757
5142,33757
17601,33758
5266,33759
11577,33759
12491,33759
22497,33759
14766,33759
16166,33759
21776,33759
21642,33759
4881,33759
1127,33759
238,33759
13760,33759
6742,33759
17601,33760
9558,33761
15005,33761
12096,33761
19834,33761
17601,33762
17444,33763
17006,33764
12374,33764
17738,33764
5429,33764
24262,33764
22095,33764
4585,33764
7417,33764
10993,33764
8077,33764
19536,33764
14753,33764
17707,33764
16445,33764
15595,33764
16216,33764
3674,33764
17601,33765
21647,33766
8331,33766
6776,33766
6804,33766
8465,33766
17601,33767
17601,33768
17601,33769
17601,33770
17601,33771
17601,33772
17601,33773
17601,33774
11668,33775
7420,33776
12218,33776
14535,33776
13311,33776
21280,33776
16166,33776
2857,33776
658,33776
16721,33777
3703,33777
21681,33777
12173,33777
2347,33778
21416,33778
3560,33778
5309,33778
10360,33778
13934,33778
21775,33778
23488,33778
23798,33778
376,33778
2750,33778
9707,33778
3257,33778
6304,33778
5503,33778
17415,33779
10382,33779
1536,33779
13905,33780
10792,33780
12729,33780
8928,33780
9679,33780
8855,33780
17601,33781
17601,33782
22668,33783
1479,33783
11272,33783
16100,33784
20791,33784
12599,33784
23940,33785
17601,33786
17601,33787
20229,33788
4577,33788
19782,33788
17601,33789
3713,33790
6556,33790
11700,33790
5397,33790
22375,33790
19931,33790
18686,33790
17445,33790
20640,33790
22395,33790
15787,33790
17601,33791
6450,33792
7673,33792
17601,33793
14554,33794
2074,33794
2862,33794
1370,33794
1830,33794
23732,33794
10390,33794
23058,33794
4432,33794
4385,33794
423,33795
24560,33795
16098,33795
22601,33795
4048,33795
7436,33795
8931,33795
13201,33795
13813,33795
16091,33795
21394,33795
21208,33795
17369,33795
18234,33795
20070,33795
16104,33795
17209,33796
17211,33796
11622,33796
14695,33796
17601,33797
12436,33798
2861,33798
1096,33798
17981,33798
24370,33798
17601,33799
6767,33800
24709,33800
2372,33800
23437,33800
24294,33800
21089,33800
19021,33800
2336,33800
13667,33800
13975,33800
3094,33801
19383,33801
22809,33801
9853,33801
14829,33801
4637,33801
4513,33801
1491,33801
1383,33801
419,33801
286,33801
18985,33801
17770,33801
15133,33801
22455,33801
6639,33801
8972,33801
8985,33801
15841,33802
17649,33802
19108,33802
14044,33802
19837,33803
11140,33803
17633,33803
16936,33803
19072,33804
5093,33804
11471,33804
18762,33804
18932,33804
1660,33804
729,33804
3089,33804
9613,33804
22227,33804
23716,33804
21366,33804
19129,33804
22645,33804
17601,33805
14688,33806
11750,33806
24003,33806
21778,33806
18592,33806
14747,33806
5313,33806
18690,33806
270,33807
12471,33807
2290,33808
1170,33808
14751,33808
15203,33808
7413,33808
11871,33808
22737,33808
22180,33808
963,33808
13182,33808
729,33808
21642,33809
7618,33809
9850,33809
22933,33809
19713,33809
12258,33809
16493,33810
17370,33811
13701,33811
23621,33811
21735,33811
3150,33811
912,33811
6344,33811
4292,33811
12807,33811
14418,33811
13366,33811
12809,33811
21376,33811
20759,33811
17603,33811
20096,33811
2131,33811
24589,33811
2198,33812
17406,33812
20570,33812
17601,33813
11614,33814
21878,33814
585,33814
16600,33814
21336,33814
11871,33814
12714,33814
12515,33814
24291,33814
15462,33814
16255,33814
17601,33815
17601,33816
10536,33817
18142,33817
18775,33817
21884,33817
22126,33817
20769,33817
16246,33817
16596,33817
17846,33817
14371,33817
711,33817
6268,33817
6844,33817
7708,33817
8912,33817
16207,33817
14377,33817
17001,33818
17601,33819
14012,33820
19088,33820
1392,33821
2793,33821
13855,33821
16486,33822
13405,33822
902,33822
22593,33822
17361,33822
19813,33822
20193,33822
23864,33822
23838,33822
11045,33822
24453,33823
4640,33823
21680,33823
13674,33823
14559,33823
21779,33823
9487,33823
3736,33824
15880,33824
4576,33824
16591,33824
190,33825
1557,33826
8603,33826
8604,33826
9774,33826
18394,33826
23745,33826
24776,33827
23388,33827
5443,33827
154,33827
10937,33827
14968,33827
16464,33827
15184,33827
19533,33827
16331,33828
18821,33828
19042,33828
13227,33828
18807,33828
4452,33828
7478,33828
22693,33828
21553,33828
19996,33828
19239,33828
12172,33828
520,33828
3266,33828
10656,33828
13738,33828
13135,33828
16136,33828
17601,33829
17094,33830
23088,33830
9269,33830
20513,33830
378,33831
10741,33831
9564,33831
9389,33831
4757,33831
24310,33831
2977,33831
1641,33831
11022,33831
21145,33831
20191,33831
16874,33831
15693,33831
16284,33831
12198,33831
9800,33831
22645,33831
12818,33832
21682,33832
11011,33833
6978,33833
16257,33833
20336,33833
23062,33833
4033,33833
3423,33833
3637,33833
1644,33833
4420,33833
6143,33833
17601,33834
21628,33835
20374,33835
15611,33835
819,33835
6850,33835
246,33835
13926,33835
15587,33835
18250,33835
9858,33835
17601,33836
3654,33837
21985,33838
14010,33838
21988,33838
15256,33838
22382,33838
10260,33838
19121,33839
7888,33839
17601,33840
17601,33841
21075,33842
22527,33842
23492,33842
17606,33842
12935,33842
9139,33843
24219,33843
21660,33843
22895,33843
5592,33843
20162,33843
14224,33843
11647,33843
10714,33843
8752,33843
17601,33844
17601,33845
17601,33846
17569,33847
14423,33847
24635,33847
4768,33847
8794,33848
10426,33848
11247,33848
14129,33848
13943,33848
13052,33848
13745,33848
12699,33848
12968,33848
7262,33848
7386,33848
4782,33848
5212,33848
2885,33848
12960,33848
12400,33848
3938,33848
17601,33849
17601,33850
17601,33851
22596,33852
14492,33852
24816,33852
17601,33853
6031,33854
16782,33854
9603,33854
17601,33855
5974,33856
6191,33856
6055,33856
2104,33856
21079,33856
22442,33856
8251,33856
19354,33856
19443,33856
1151,33856
17601,33857
17601,33858
12572,33859
7979,33859
8058,33859
4098,33859
12418,33859
12415,33859
19274,33859
18080,33859
8859,33859
15673,33859
10542,33860
21572,33860
23670,33860
559,33861
6900,33861
561,33861
9686,33861
9649,33861
9685,33861
24035,33861
17127,33861
23822,33861
7646,33861
17601,33862
11160,33863
9870,33863
23524,33863
16538,33863
8261,33864
10068,33864
15034,33864
3867,33864
5422,33864
1300,33864
547,33864
11899,33864
14449,33864
4897,33864
4869,33864
6988,33864
16993,33864
20182,33864
15417,33864
2403,33864
3321,33864
24645,33865
16093,33865
22660,33865
4668,33865
9555,33865
20756,33865
17204,33865
9895,33865
24608,33865
1450,33866
20783,33866
11583,33867
22086,33867
22509,33867
14228,33867
14652,33867
3250,33867
5346,33867
6991,33867
21187,33867
17354,33867
17984,33867
10079,33867
13472,33867
11808,33867
1191,33867
15441,33867
17601,33868
11672,33869
341,33869
3239,33869
6696,33870
12328,33870
2821,33870
3939,33870
3703,33870
2937,33870
13149,33870
5617,33870
14415,33870
21069,33870
17335,33870
10223,33870
23540,33870
12800,33870
24779,33870
13251,33871
12458,33871
23606,33871
14697,33871
4210,33871
8005,33871
10373,33871
4931,33871
17086,33871
18767,33871
3101,33871
2792,33871
3278,33871
2552,33871
5093,33872
19438,33872
14058,33872
13784,33873
4971,33873
4485,33873
3404,33873
15595,33873
22565,33873
24231,33873
14226,33873
17427,33873
18146,33873
7216,33874
5902,33874
4489,33874
4442,33874
4425,33874
3990,33874
2750,33874
8755,33874
18051,33874
22891,33874
22837,33874
19900,33874
12747,33874
15796,33874
12002,33874
11212,33874
17601,33875
18842,33876
10921,33876
1188,33876
13269,33877
12444,33877
11091,33877
1925,33877
8543,33877
8745,33877
7006,33877
7373,33877
22742,33877
22883,33877
20101,33878
19475,33878
13393,33878
15480,33878
16388,33878
16394,33878
18936,33878
19468,33878
12963,33878
10735,33878
10681,33878
8783,33878
22461,33878
23213,33878
4265,33878
7214,33878
1182,33878
1224,33878
17601,33879
7083,33880
10558,33880
14010,33880
14158,33880
16678,33880
19133,33880
21845,33880
4633,33880
1283,33880
23913,33880
17601,33881
11010,33882
8261,33882
11735,33882
17601,33883
12167,33884
13505,33884
6949,33884
11608,33884
22569,33884
21540,33884
717,33884
5470,33884
17277,33884
20731,33884
17601,33885
17601,33886
19102,33887
17602,33887
19972,33887
13538,33887
22232,33887
2465,33887
7932,33887
5952,33887
6832,33888
8418,33888
11854,33888
14549,33888
7865,33888
15970,33888
21395,33888
14768,33888
18613,33888
22938,33888
1587,33889
21605,33889
24511,33889
21551,33889
24350,33890
4566,33890
15596,33891
17914,33891
18270,33891
11915,33891
1167,33891
9465,33891
11791,33891
18413,33891
21835,33891
21312,33891
23409,33891
18920,33891
7591,33891
17601,33892
17601,33893
4190,33894
9102,33894
9299,33894
8990,33894
8989,33894
8870,33894
18382,33894
15293,33894
12337,33894
12705,33894
12698,33894
9790,33894
17601,33895
18275,33896
17138,33896
16230,33896
16972,33896
13334,33896
13316,33896
13294,33896
13293,33896
11800,33896
10995,33896
10921,33896
3336,33896
21947,33896
23467,33897
22324,33897
23406,33897
20168,33897
16325,33897
13000,33897
16250,33897
12618,33897
10297,33897
10023,33897
12672,33897
8364,33897
6019,33897
5833,33897
3393,33897
14979,33898
8240,33898
21229,33898
20297,33898
4956,33898
4415,33898
5531,33898
5925,33898
7658,33898
7539,33898
3394,33899
4415,33899
1149,33899
2710,33899
612,33899
1148,33899
12743,33899
12667,33899
12477,33899
11953,33899
11726,33899
11586,33899
10892,33899
10273,33899
10271,33899
8240,33899
8204,33899
7037,33899
4956,33899
4429,33899
17601,33900
17601,33901
11519,33902
11588,33902
11820,33902
11914,33902
16361,33902
2077,33902
3683,33902
5111,33902
5734,33902
9509,33902
11437,33902
11366,33902
5087,33902
16790,33902
20011,33902
5042,33902
18824,33902
20786,33903
22680,33903
17647,33903
22958,33903
13223,33903
12052,33903
16956,33903
6591,33903
14717,33903
13500,33903
14633,33904
21122,33904
16573,33904
18565,33904
2446,33905
12900,33905
16108,33905
13659,33905
18051,33906
15585,33906
16845,33906
2027,33907
16273,33907
24392,33907
695,33907
12899,33907
5230,33907
4525,33907
20091,33907
22898,33907
11346,33907
2628,33907
3114,33907
15943,33907
15056,33907
13386,33907
14177,33907
13344,33907
10686,33908
10911,33908
9450,33908
2285,33908
619,33908
15115,33908
14188,33908
12190,33908
21264,33908
17913,33908
17601,33909
17601,33910
23768,33911
23151,33911
2861,33911
267,33911
5219,33911
4211,33911
5261,33911
5441,33911
24771,33911
23820,33911
7248,33911
16256,33911
6645,33911
122,33911
21531,33912
21968,33912
10358,33912
17601,33913
17601,33914
9505,33915
18779,33915
9602,33915
17945,33916
10382,33916
11010,33916
22047,33916
16736,33916
12191,33916
7615,33916
20518,33916
18559,33916
18779,33917
9602,33917
1661,33917
3272,33917
9505,33917
8992,33917
17601,33918
16395,33919
13043,33919
15841,33919
17601,33920
17601,33921
7798,33922
19589,33922
7799,33922
2018,33922
24710,33922
2551,33922
2384,33922
20800,33922
7696,33922
7918,33922
17601,33923
17601,33924
4014,33925
1440,33925
20771,33925
10513,33925
1265,33925
24673,33925
12840,33925
17390,33925
24454,33925
1200,33925
16699,33925
12488,33926
10969,33926
10995,33926
3909,33926
24838,33926
7642,33926
2296,33926
12057,33926
9214,33926
7921,33926
22811,33926
17671,33926
2081,33926
14333,33926
16466,33926
23516,33926
12604,33926
14549,33927
9112,33927
11866,33927
7640,33928
10340,33928
527,33928
3618,33928
14630,33929
19537,33929
1123,33929
18540,33929
21715,33929
18357,33929
18369,33929
21717,33929
18589,33929
16487,33929
17601,33930
20014,33931
5679,33931
15066,33931
13460,33931
4536,33931
5043,33931
20505,33931
18708,33931
5249,33931
23688,33931
17601,33932
7288,33933
199,33933
11846,33933
13856,33934
18907,33934
1930,33934
188,33934
6980,33934
8982,33934
12234,33934
11528,33934
5894,33934
8575,33934
4892,33935
8380,33935
12228,33935
2316,33935
6911,33935
1059,33935
14897,33935
13404,33935
17601,33936
17492,33937
9190,33937
22676,33937
17318,33937
9876,33937
17301,33937
3058,33937
15306,33937
16405,33937
2190,33937
5154,33938
24468,33938
23910,33938
18463,33938
18571,33938
12873,33938
17525,33938
1117,33938
9637,33938
4716,33938
4204,33939
8124,33939
7717,33939
15718,33939
11621,33939
8924,33939
17601,33940
16874,33941
13669,33941
17945,33941
7044,33941
17601,33942
17601,33943
20533,33944
7172,33944
17073,33944
15789,33944
17601,33945
17601,33946
17601,33947
19845,33948
6143,33948
17601,33949
18830,33950
19499,33950
15812,33950
9180,33950
16683,33950
24440,33951
24412,33951
24434,33951
8952,33951
6864,33951
18640,33951
24576,33951
13394,33951
14429,33951
23099,33951
16625,33951
24398,33951
17601,33952
16742,33953
6474,33953
7391,33954
5310,33954
17601,33955
4415,33956
15567,33956
4306,33956
4956,33957
1079,33957
8240,33957
10667,33957
2570,33957
20297,33957
6270,33957
1155,33957
10576,33957
9323,33957
5973,33958
11935,33958
12195,33958
23177,33958
13744,33958
17601,33959
7124,33960
14450,33960
7348,33960
5892,33960
23761,33961
20866,33961
23777,33961
6567,33961
15309,33961
7525,33961
19189,33961
5101,33961
1632,33961
2384,33961
22752,33962
9462,33962
24364,33963
19842,33963
14427,33964
9460,33964
23457,33964
5703,33965
17734,33966
11762,33966
17601,33967
17601,33968
1826,33969
22961,33969
22181,33969
21120,33969
2009,33969
19647,33969
6498,33969
19935,33969
1344,33969
134,33969
4526,33969
9282,33969
15146,33969
12076,33969
16242,33969
7656,33969
17226,33969
17601,33970
7269,33971
24360,33971
11160,33971
5293,33972
20508,33972
23917,33972
98,33972
2847,33972
24360,33972
23064,33972
15076,33972
7269,33972
11160,33972
2309,33972
24787,33972
18588,33973
2638,33973
13745,33974
18588,33974
2638,33974
19009,33974
24235,33974
17601,33975
17601,33976
